"R0","K","log10K","r","gamma","dt","nsim","t_max","n_patch","alpha","I_init","ext_prob","n_ext","mean_ext_time_index","mean_T_ext","omega_sq","T_osc","omega_logistic_sq","T_osc_logistic","ratio","log10_T_osc","log10_mean_T_ext","log10_ratio","oscillatory","logistic_oscillatory","positive_extinction_time","within_Tosc_window","finite_valid"
1.1,1000,3,0.05,1,0.1,1000,200,1,0,10,1,1000,218.742,21.7742,0.00424375,96.4506086386733,0.00402892561983471,98.9886140059811,NA,NA,NA,NA,TRUE,TRUE,TRUE,FALSE,FALSE
1.2,1000,3,0.05,1,0.1,1000,200,1,0,10,1,1000,261.398,26.0398,0.00910000000000001,65.8656788383031,0.00789930555555556,70.6944649279752,NA,NA,NA,NA,TRUE,TRUE,TRUE,FALSE,FALSE
1.3,1000,3,0.05,1,0.1,1000,200,1,0,10,1,1000,271.732,27.0732,0.01394375,53.2096098493633,0.0111686390532544,59.4538167925163,NA,NA,NA,NA,TRUE,TRUE,TRUE,FALSE,FALSE
1.4,1000,3,0.05,1,0.1,1000,200,1,0,10,1,1000,255.084,25.4084,0.018775,45.8553376345614,0.0139668367346939,53.1656147690702,0.554099071355426,1.66138989552001,1.40497731782294,-0.256412577697075,TRUE,TRUE,TRUE,TRUE,TRUE
1.5,1000,3,0.05,1,0.1,1000,200,1,0,10,1,1000,234.16,23.316,0.02359375,40.9054694984262,0.0163888888888889,49.0800631579454,0.569997124734067,1.61178138170347,1.36765404664741,-0.244127335056067,TRUE,TRUE,TRUE,TRUE,TRUE
1.6,1000,3,0.05,1,0.1,1000,200,1,0,10,1,1000,205.713,20.4713,0.0284,37.2838453879692,0.018505859375,46.1875833563393,0.549066218545303,1.5715206983346,1.31114542277485,-0.260375275559751,TRUE,TRUE,TRUE,TRUE,TRUE
1.7,1000,3,0.05,1,0.1,1000,200,1,0,10,1,1000,192.483,19.1483,0.03319375,34.4867055469176,0.0203719723183391,44.0213472393328,0.555237147078303,1.53765170897651,1.28213022303615,-0.255521485940363,TRUE,TRUE,TRUE,TRUE,TRUE
1.8,1000,3,0.05,1,0.1,1000,200,1,0,10,1,1000,183.01,18.201,0.037975,32.2426684224624,0.0220293209876543,42.3330259531304,0.564500424143554,1.5084309770907,1.26009524966371,-0.248335727426992,TRUE,TRUE,TRUE,TRUE,TRUE
1.9,1000,3,0.05,1,0.1,1000,200,1,0,10,1,1000,171.563,17.0563,0.04274375,30.3908997408616,0.02351108033241,40.9773223035874,0.561230504704908,1.48274355781956,1.23188482613627,-0.250858731683289,TRUE,TRUE,TRUE,TRUE,TRUE
2,1000,3,0.05,1,0.1,1000,200,1,0,10,1,1000,160.761,15.9761,0.0475,28.8292313658267,0.02484375,39.8631205697577,0.554163230967634,1.45983306354568,1.20347077027228,-0.256362293273404,TRUE,TRUE,TRUE,TRUE,TRUE
2.1,1000,3,0.05,1,0.1,1000,200,1,0,10,1,1000,152.781,15.1781,0.05224375,27.4892377263552,0.0260487528344671,38.9301790266153,0.552146994801825,1.43916269707055,1.18121740982294,-0.257945287247604,TRUE,TRUE,TRUE,TRUE,TRUE
2.2,1000,3,0.05,1,0.1,1000,200,1,0,10,1,1000,146.932,14.5932,0.056975,26.3231404759581,0.0271435950413223,38.1369699543435,0.55438673866929,1.42033770143191,1.16415053452261,-0.256187166909296,TRUE,TRUE,TRUE,TRUE,TRUE
2.3,1000,3,0.05,1,0.1,1000,200,1,0,10,1,1000,140.099,13.9099,0.06169375,25.2964328395438,0.0281427221172023,37.4538802095453,0.549875948448186,1.40305928373208,1.14332400780626,-0.259735275925818,TRUE,TRUE,TRUE,TRUE,TRUE
2.4,1000,3,0.05,1,0.1,1000,200,1,0,10,1,1000,135.823,13.4823,0.0664,24.3834878963887,0.0290581597222222,36.8591923696449,0.552927458831547,1.38709582867411,1.12976398656891,-0.2573318421052,TRUE,TRUE,TRUE,TRUE,TRUE
2.5,1000,3,0.05,1,0.1,1000,200,1,0,10,1,1000,131.128,13.0128,0.07109375,23.5648216426584,0.0299,36.3365988345284,0.552212963769837,1.3722641570215,1.11437075495607,-0.25789340206543,TRUE,TRUE,TRUE,TRUE,TRUE
2.6,1000,3,0.05,1,0.1,1000,200,1,0,10,1,1000,127.238,12.6238,0.075775,22.8253211031591,0.030676775147929,35.8736045826545,0.553061222794925,1.35841689583828,1.10119010535327,-0.257226790485015,TRUE,TRUE,TRUE,TRUE,TRUE
2.7,1000,3,0.05,1,0.1,1000,200,1,0,10,1,1000,124.926,12.3926,0.08044375,22.1530595294466,0.0313957475994513,35.4604672512468,0.559408057542903,1.34543371453185,1.09316243205756,-0.25227128247429,TRUE,TRUE,TRUE,TRUE,TRUE
2.8,1000,3,0.05,1,0.1,1000,200,1,0,10,1,1000,121.956,12.0956,0.0851,21.5384818363827,0.032063137755102,35.0894739851937,0.561580899335634,1.33321508831582,1.08262741632966,-0.250587671986165,TRUE,TRUE,TRUE,TRUE,TRUE
2.9,1000,3,0.05,1,0.1,1000,200,1,0,10,1,1000,119.225,11.8225,0.08974375,20.9738308864373,0.0326843043995244,34.7544359970627,0.563678617607478,1.32167776193364,1.07270932268746,-0.248968439246179,TRUE,TRUE,TRUE,TRUE,TRUE
3,1000,3,0.05,1,0.1,1000,200,1,0,10,1,1000,115.718,11.4718,0.094375,20.4527347492131,0.0332638888888889,34.4503277253137,0.560893207713525,1.31075138603949,1.05963156687554,-0.251119819163948,TRUE,TRUE,TRUE,TRUE,TRUE
3.1,1000,3,0.05,1,0.1,1000,200,1,0,10,1,1000,114.222,11.3222,0.09899375,19.9699041453962,0.0338059313215401,34.1730243422842,0.566963162044531,1.30037598028255,1.05393082217278,-0.246445158109772,TRUE,TRUE,TRUE,TRUE,TRUE
3.2,1000,3,0.05,1,0.1,1000,200,1,0,10,1,1000,112.676,11.1676,0.1036,19.5209069203218,0.03431396484375,33.9191075822737,0.572084076092501,1.29049999065351,1.04795985004056,-0.242540140612945,TRUE,TRUE,TRUE,TRUE,TRUE
3.3,1000,3,0.05,1,0.1,1000,200,1,0,10,1,1000,109.263,10.8263,0.10819375,19.101997394801,0.0347910927456382,33.6857199326501,0.566762719952345,1.2810787814983,1.03448005735133,-0.246598724146972,TRUE,TRUE,TRUE,TRUE,TRUE
3.4,1000,3,0.05,1,0.1,1000,200,1,0,10,1,1000,108.127,10.7127,0.112775,18.7099854804317,0.0352400519031142,33.4704536460971,0.572565917338854,1.27207345047324,1.02989894303726,-0.242174507435982,TRUE,TRUE,TRUE,TRUE,TRUE
3.5,1000,3,0.05,1,0.1,1000,200,1,0,10,1,1000,107.238,10.6238,0.11734375,18.3421350538246,0.0356632653061225,33.2712652113366,0.579201928719024,1.26344988684797,1.02627988622255,-0.237170000625422,TRUE,TRUE,TRUE,TRUE,TRUE
3.6,1000,3,0.05,1,0.1,1000,200,1,0,10,1,1000,105.502,10.4502,0.1219,17.9960841616918,0.0360628858024691,33.0864086982992,0.580692994437383,1.25517801554892,1.01912460222365,-0.236053413325277,TRUE,TRUE,TRUE,TRUE,TRUE
3.7,1000,3,0.05,1,0.1,1000,200,1,0,10,1,1000,104.335,10.3335,0.12644375,17.669781722902,0.0364408327246165,32.9143832756554,0.584811977988764,1.24723118464402,1.01424744380783,-0.232983740836189,TRUE,TRUE,TRUE,TRUE,TRUE
3.8,1000,3,0.05,1,0.1,1000,200,1,0,10,1,1000,103.263,10.2263,0.130975,17.3614368428644,0.0367988227146814,32.7538914948772,0.58902382864717,1.23958566479812,1.00971852909397,-0.229867135704155,TRUE,TRUE,TRUE,TRUE,TRUE
3.9,1000,3,0.05,1,0.1,1000,200,1,0,10,1,1000,101.376,10.0376,0.13549375,17.0694778741834,0.0371383957922419,32.6038058417393,0.588043762907435,1.23222023700056,1.00162988498481,-0.23059035201575,TRUE,TRUE,TRUE,TRUE,TRUE
4,1000,3,0.05,1,0.1,1000,200,1,0,10,1,1000,101.514,10.0514,0.14,16.7925190836271,0.0374609375,32.4631416994809,0.598564155261268,1.225115850519,1.00222655627685,-0.222889294242142,TRUE,TRUE,TRUE,TRUE,TRUE
4.1,1000,3,0.05,1,0.1,1000,200,1,0,10,1,1000,99.975,9.8975,0.14449375,16.5293333098892,0.0377676977989292,32.3310353302746,0.598783980844435,1.21825533719666,0.995525510424242,-0.222729826772415,TRUE,TRUE,TRUE,TRUE,TRUE
4.2,1000,3,0.05,1,0.1,1000,200,1,0,10,1,1000,99.881,9.8881,0.148975,16.2788293800036,0.0380598072562358,32.2067258180896,0.607420826717812,1.2116231713097,0.995112849859282,-0.216510321450421,TRUE,TRUE,TRUE,TRUE,TRUE
4.3,1000,3,0.05,1,0.1,1000,200,1,0,10,1,1000,99.25,9.825,0.15344375,16.0400333357041,0.0383382909680909,32.0895401635769,0.612529899057638,1.20520526653526,0.992332559047464,-0.212872707487795,TRUE,TRUE,TRUE,TRUE,TRUE
4.4,1000,3,0.05,1,0.1,1000,200,1,0,10,1,1000,97.358,9.6358,0.1579,15.8120727327611,0.0386040805785124,31.9788809056498,0.609395122502539,1.19898880335397,0.98388777723355,-0.215101026120418,TRUE,TRUE,TRUE,TRUE,TRUE
4.5,1000,3,0.05,1,0.1,1000,200,1,0,10,1,1000,96.985,9.5985,0.16234375,15.5941634360534,0.038858024691358,31.8742157826087,0.615518750932703,1.19296208157147,0.982203369224772,-0.210758712346697,TRUE,TRUE,TRUE,TRUE,TRUE
4.6,1000,3,0.05,1,0.1,1000,200,1,0,10,1,1000,96.595,9.5595,0.166775,15.3855984547325,0.0391008979206049,31.7750690503403,0.621327797428611,1.1871143936958,0.980435177535547,-0.206679216160258,TRUE,TRUE,TRUE,TRUE,TRUE
4.7,1000,3,0.05,1,0.1,1000,200,1,0,10,1,1000,95.654,9.4654,0.17119375,15.185738455193,0.0393334087822544,31.6810141551214,0.623308509357552,1.18143591572861,0.976138971614356,-0.205296944114253,TRUE,TRUE,TRUE,TRUE,TRUE
4.8,1000,3,0.05,1,0.1,1000,200,1,0,10,1,1000,94.744,9.3744,0.1756,14.9940036618207,0.0395562065972222,31.5916675201684,0.625209931345428,1.17591761257307,0.971943480663442,-0.203974131909631,TRUE,TRUE,TRUE,TRUE,TRUE
4.9,1000,3,0.05,1,0.1,1000,200,1,0,10,1,1000,93.904,9.2904,0.17999375,14.8098669118382,0.0397698875468555,31.5066832529031,0.62731151166347,1.17055115577212,0.968034413030561,-0.202516742741559,TRUE,TRUE,TRUE,TRUE,TRUE
5,1000,3,0.05,1,0.1,1000,200,1,0,10,1,1000,93.672,9.2672,0.184375,14.6328476748199,0.039975,31.4257486172809,0.633314868434458,1.165328851697,0.966948535845015,-0.198380315851981,TRUE,TRUE,TRUE,TRUE,TRUE
1.1,1778.27941003892,3.25,0.05,1,0.1,1000,200,1,0,10,1,1000,300.114,29.9114,0.00424375,96.4506086386733,0.00402892561983471,98.9886140059811,NA,NA,NA,NA,TRUE,TRUE,TRUE,FALSE,FALSE
1.2,1778.27941003892,3.25,0.05,1,0.1,1000,200,1,0,10,1,1000,353.761,35.2761,0.00910000000000001,65.8656788383031,0.00789930555555556,70.6944649279752,NA,NA,NA,NA,TRUE,TRUE,TRUE,FALSE,FALSE
1.3,1778.27941003892,3.25,0.05,1,0.1,1000,200,1,0,10,0.999,999,358.740740740741,35.7740740740741,0.01394375,53.2096098493633,0.0111686390532544,59.4538167925163,NA,NA,NA,NA,TRUE,TRUE,TRUE,FALSE,FALSE
1.4,1778.27941003892,3.25,0.05,1,0.1,1000,200,1,0,10,1,1000,314.365,31.3365,0.018775,45.8553376345614,0.0139668367346939,53.1656147690702,0.683377369276669,1.66138989552001,1.49605048812586,-0.165339407394149,TRUE,TRUE,TRUE,TRUE,TRUE
1.5,1778.27941003892,3.25,0.05,1,0.1,1000,200,1,0,10,1,1000,284.876,28.3876,0.02359375,40.9054694984262,0.0163888888888889,49.0800631579454,0.693980544608887,1.61178138170347,1.45312867710438,-0.158652704599092,TRUE,TRUE,TRUE,TRUE,TRUE
1.6,1778.27941003892,3.25,0.05,1,0.1,1000,200,1,0,10,1,1000,247.837,24.6837,0.0284,37.2838453879692,0.018505859375,46.1875833563393,0.662048126826665,1.5715206983346,1.3924102594594,-0.179110438875196,TRUE,TRUE,TRUE,TRUE,TRUE
1.7,1778.27941003892,3.25,0.05,1,0.1,1000,200,1,0,10,1,1000,224.55,22.355,0.03319375,34.4867055469176,0.0203719723183391,44.0213472393328,0.648220804088899,1.53765170897651,1.34937467420405,-0.188277034772458,TRUE,TRUE,TRUE,TRUE,TRUE
1.8,1778.27941003892,3.25,0.05,1,0.1,1000,200,1,0,10,1,1000,206.241,20.5241,0.037975,32.2426684224624,0.0220293209876543,42.3330259531304,0.63655091232156,1.5084309770907,1.31226412201055,-0.196166855080149,TRUE,TRUE,TRUE,TRUE,TRUE
1.9,1778.27941003892,3.25,0.05,1,0.1,1000,200,1,0,10,1,1000,189.034,18.8034,0.04274375,30.3908997408616,0.02351108033241,40.9773223035874,0.618718108392105,1.48274355781956,1.27423638478135,-0.208507173038217,TRUE,TRUE,TRUE,TRUE,TRUE
2,1778.27941003892,3.25,0.05,1,0.1,1000,200,1,0,10,1,1000,179.804,17.8804,0.0475,28.8292313658267,0.02484375,39.8631205697577,0.620217714898736,1.45983306354568,1.25237723011144,-0.207455833434237,TRUE,TRUE,TRUE,TRUE,TRUE
2.1,1778.27941003892,3.25,0.05,1,0.1,1000,200,1,0,10,1,1000,169.235,16.8235,0.05224375,27.4892377263552,0.0260487528344671,38.9301790266153,0.612003147103294,1.43916269707055,1.22591635249402,-0.21324634457653,TRUE,TRUE,TRUE,TRUE,TRUE
2.2,1778.27941003892,3.25,0.05,1,0.1,1000,200,1,0,10,1,1000,161.403,16.0403,0.056975,26.3231404759581,0.0271435950413223,38.1369699543435,0.609361182213429,1.42033770143191,1.20521248658693,-0.215125214844975,TRUE,TRUE,TRUE,TRUE,TRUE
2.3,1778.27941003892,3.25,0.05,1,0.1,1000,200,1,0,10,1,1000,155.598,15.4598,0.06169375,25.2964328395438,0.0281427221172023,37.4538802095453,0.611145456676128,1.40305928373208,1.18920387124736,-0.213855412484714,TRUE,TRUE,TRUE,TRUE,TRUE
2.4,1778.27941003892,3.25,0.05,1,0.1,1000,200,1,0,10,1,1000,148.979,14.7979,0.0664,24.3834878963887,0.0290581597222222,36.8591923696449,0.606882004038136,1.38709582867411,1.17020008815698,-0.21689574051713,TRUE,TRUE,TRUE,TRUE,TRUE
2.5,1778.27941003892,3.25,0.05,1,0.1,1000,200,1,0,10,1,1000,143.334,14.2334,0.07109375,23.5648216426584,0.0299,36.3365988345284,0.60401051261232,1.3722641570215,1.15330865446679,-0.218955502554713,TRUE,TRUE,TRUE,TRUE,TRUE
2.6,1778.27941003892,3.25,0.05,1,0.1,1000,200,1,0,10,1,1000,140.181,13.9181,0.075775,22.8253211031591,0.030676775147929,35.8736045826545,0.609765791994649,1.35841689583828,1.14357995252774,-0.214836943310545,TRUE,TRUE,TRUE,TRUE,TRUE
2.7,1778.27941003892,3.25,0.05,1,0.1,1000,200,1,0,10,1,1000,135.409,13.4409,0.08044375,22.1530595294466,0.0313957475994513,35.4604672512468,0.606728835000597,1.34543371453185,1.12842834996389,-0.217005364567962,TRUE,TRUE,TRUE,TRUE,TRUE
2.8,1778.27941003892,3.25,0.05,1,0.1,1000,200,1,0,10,1,1000,131.975,13.0975,0.0851,21.5384818363827,0.032063137755102,35.0894739851937,0.608097641212381,1.33321508831582,1.11718840711998,-0.216026681195837,TRUE,TRUE,TRUE,TRUE,TRUE
2.9,1778.27941003892,3.25,0.05,1,0.1,1000,200,1,0,10,1,1000,130.376,12.9376,0.08974375,20.9738308864373,0.0326843043995244,34.7544359970627,0.616844870641447,1.32167776193364,1.11185371965358,-0.209824042280062,TRUE,TRUE,TRUE,TRUE,TRUE
3,1778.27941003892,3.25,0.05,1,0.1,1000,200,1,0,10,1,1000,127.656,12.6656,0.094375,20.4527347492131,0.0332638888888889,34.4503277253137,0.619261930265209,1.31075138603949,1.10262576819028,-0.208125617849209,TRUE,TRUE,TRUE,TRUE,TRUE
3.1,1778.27941003892,3.25,0.05,1,0.1,1000,200,1,0,10,1,1000,124.831,12.3831,0.09899375,19.9699041453962,0.0338059313215401,34.1730243422842,0.620088104071085,1.30037598028255,1.09282938009291,-0.207546600189642,TRUE,TRUE,TRUE,TRUE,TRUE
3.2,1778.27941003892,3.25,0.05,1,0.1,1000,200,1,0,10,1,1000,122.374,12.1374,0.1036,19.5209069203218,0.03431396484375,33.9191075822737,0.621764144951925,1.29049999065351,1.08412566477995,-0.206374325873562,TRUE,TRUE,TRUE,TRUE,TRUE
3.3,1778.27941003892,3.25,0.05,1,0.1,1000,200,1,0,10,1,1000,119.908,11.8908,0.10819375,19.101997394801,0.0347910927456382,33.6857199326501,0.622489876542248,1.2810787814983,1.0752110744587,-0.205867707039599,TRUE,TRUE,TRUE,TRUE,TRUE
3.4,1778.27941003892,3.25,0.05,1,0.1,1000,200,1,0,10,1,1000,118.248,11.7248,0.112775,18.7099854804317,0.0352400519031142,33.4704536460971,0.626660026661308,1.27207345047324,1.06910544331572,-0.202968007157522,TRUE,TRUE,TRUE,TRUE,TRUE
3.5,1778.27941003892,3.25,0.05,1,0.1,1000,200,1,0,10,1,1000,115.156,11.4156,0.11734375,18.3421350538246,0.0356632653061225,33.2712652113366,0.62237029476128,1.26344988684797,1.05749874279438,-0.205951144053598,TRUE,TRUE,TRUE,TRUE,TRUE
3.6,1778.27941003892,3.25,0.05,1,0.1,1000,200,1,0,10,1,1000,114.949,11.3949,0.1219,17.9960841616918,0.0360628858024691,33.0864086982992,0.633187747824399,1.25517801554892,1.05671051822734,-0.198467497321582,TRUE,TRUE,TRUE,TRUE,TRUE
3.7,1778.27941003892,3.25,0.05,1,0.1,1000,200,1,0,10,1,1000,113.507,11.2507,0.12644375,17.669781722902,0.0364408327246165,32.9143832756554,0.636719806528106,1.24723118464402,1.05117954437447,-0.196051640269548,TRUE,TRUE,TRUE,TRUE,TRUE
3.8,1778.27941003892,3.25,0.05,1,0.1,1000,200,1,0,10,1,1000,112.132,11.1132,0.130975,17.3614368428644,0.0367988227146814,32.7538914948772,0.640108310192516,1.23958566479812,1.04583913024938,-0.19374653454874,TRUE,TRUE,TRUE,TRUE,TRUE
3.9,1778.27941003892,3.25,0.05,1,0.1,1000,200,1,0,10,1,1000,109.986,10.8986,0.13549375,17.0694778741834,0.0371383957922419,32.6038058417393,0.638484673071548,1.23222023700056,1.03737071341542,-0.194849523585131,TRUE,TRUE,TRUE,TRUE,TRUE
4,1778.27941003892,3.25,0.05,1,0.1,1000,200,1,0,10,1,1000,109.444,10.8444,0.14,16.7925190836271,0.0374609375,32.4631416994809,0.645787564450255,1.225115850519,1.0352055283283,-0.189910322190694,TRUE,TRUE,TRUE,TRUE,TRUE
4.1,1778.27941003892,3.25,0.05,1,0.1,1000,200,1,0,10,1,1000,107.622,10.6622,0.14449375,16.5293333098892,0.0377676977989292,32.3310353302746,0.6450471897509,1.21825533719666,1.02784682469821,-0.190408512498452,TRUE,TRUE,TRUE,TRUE,TRUE
4.2,1778.27941003892,3.25,0.05,1,0.1,1000,200,1,0,10,1,1000,107.442,10.6442,0.148975,16.2788293800036,0.0380598072562358,32.2067258180896,0.65386765543934,1.2116231713097,1.02711302616499,-0.184510145144711,TRUE,TRUE,TRUE,TRUE,TRUE
4.3,1778.27941003892,3.25,0.05,1,0.1,1000,200,1,0,10,1,1000,106.057,10.5057,0.15344375,16.0400333357041,0.0383382909680909,32.0895401635769,0.654967466720593,1.20520526653526,1.02142499496273,-0.183780271572529,TRUE,TRUE,TRUE,TRUE,TRUE
4.4,1778.27941003892,3.25,0.05,1,0.1,1000,200,1,0,10,1,1000,105.601,10.4601,0.1579,15.8120727327611,0.0386040805785124,31.9788809056498,0.661526175396833,1.19898880335397,1.0195358364663,-0.179452966887665,TRUE,TRUE,TRUE,TRUE,TRUE
4.5,1778.27941003892,3.25,0.05,1,0.1,1000,200,1,0,10,1,1000,104.847,10.3847,0.16234375,15.5941634360534,0.038858024691358,31.8742157826087,0.665935049519283,1.19296208157147,1.01639395486953,-0.176568126701939,TRUE,TRUE,TRUE,TRUE,TRUE
4.6,1778.27941003892,3.25,0.05,1,0.1,1000,200,1,0,10,1,1000,103.665,10.2665,0.166775,15.3855984547325,0.0391008979206049,31.7750690503403,0.66727986111207,1.1871143936958,1.01142241148846,-0.175691982207345,TRUE,TRUE,TRUE,TRUE,TRUE
4.7,1778.27941003892,3.25,0.05,1,0.1,1000,200,1,0,10,1,1000,103.441,10.2441,0.17119375,15.185738455193,0.0393334087822544,31.6810141551214,0.674586884939854,1.18143591572861,1.01047380927669,-0.170962106451914,TRUE,TRUE,TRUE,TRUE,TRUE
4.8,1778.27941003892,3.25,0.05,1,0.1,1000,200,1,0,10,1,1000,103.1,10.21,0.1756,14.9940036618207,0.0395562065972222,31.5916675201684,0.680938875985324,1.17591761257307,1.00902574208691,-0.166891870486163,TRUE,TRUE,TRUE,TRUE,TRUE
4.9,1778.27941003892,3.25,0.05,1,0.1,1000,200,1,0,10,1,1000,102.287,10.1287,0.17999375,14.8098669118382,0.0397698875468555,31.5066832529031,0.683915666514444,1.17055115577212,1.0055537080398,-0.164997447732324,TRUE,TRUE,TRUE,TRUE,TRUE
5,1778.27941003892,3.25,0.05,1,0.1,1000,200,1,0,10,1,1000,101.544,10.0544,0.184375,14.6328476748199,0.039975,31.4257486172809,0.68711164247965,1.165328851697,1.00235615902386,-0.162972692673135,TRUE,TRUE,TRUE,TRUE,TRUE
1.1,3162.27766016838,3.5,0.05,1,0.1,1000,200,1,0,10,0.999,999,435.385385385385,43.4385385385385,0.00424375,96.4506086386733,0.00402892561983471,98.9886140059811,NA,NA,NA,NA,TRUE,TRUE,TRUE,FALSE,FALSE
1.2,3162.27766016838,3.5,0.05,1,0.1,1000,200,1,0,10,0.991,991,509.322906155399,50.8322906155399,0.00910000000000001,65.8656788383031,0.00789930555555556,70.6944649279752,NA,NA,NA,NA,TRUE,TRUE,TRUE,FALSE,FALSE
1.3,3162.27766016838,3.5,0.05,1,0.1,1000,200,1,0,10,0.986,986,481.137931034483,48.0137931034483,0.01394375,53.2096098493633,0.0111686390532544,59.4538167925163,NA,NA,NA,NA,TRUE,TRUE,TRUE,FALSE,FALSE
1.4,3162.27766016838,3.5,0.05,1,0.1,1000,200,1,0,10,0.979,979,421.539325842697,42.0539325842697,0.018775,45.8553376345614,0.0139668367346939,53.1656147690702,0.917100053202387,1.66138989552001,1.62380661415986,-0.0375832813601561,TRUE,TRUE,TRUE,TRUE,TRUE
1.5,3162.27766016838,3.5,0.05,1,0.1,1000,200,1,0,10,0.986,986,343.362068965517,34.2362068965517,0.02359375,40.9054694984262,0.0163888888888889,49.0800631579454,0.836959147917101,1.61178138170347,1.53448564224493,-0.077295739458545,TRUE,TRUE,TRUE,TRUE,TRUE
1.6,3162.27766016838,3.5,0.05,1,0.1,1000,200,1,0,10,0.998,998,298.248496993988,29.7248496993988,0.0284,37.2838453879692,0.018505859375,46.1875833563393,0.797258152695549,1.5715206983346,1.47311966733154,-0.0984010310030513,TRUE,TRUE,TRUE,TRUE,TRUE
1.7,3162.27766016838,3.5,0.05,1,0.1,1000,200,1,0,10,0.999,999,253.972972972973,25.2972972972973,0.03319375,34.4867055469176,0.0203719723183391,44.0213472393328,0.733537660269738,1.53765170897651,1.40307412467111,-0.134577584305398,TRUE,TRUE,TRUE,TRUE,TRUE
1.8,3162.27766016838,3.5,0.05,1,0.1,1000,200,1,0,10,0.998,998,229.759519038076,22.8759519038076,0.037975,32.2426684224624,0.0220293209876543,42.3330259531304,0.709493135123726,1.5084309770907,1.35937917478087,-0.149051802309831,TRUE,TRUE,TRUE,TRUE,TRUE
1.9,3162.27766016838,3.5,0.05,1,0.1,1000,200,1,0,10,0.999,999,213.288288288288,21.2288288288288,0.04274375,30.3908997408616,0.02351108033241,40.9773223035874,0.698525841940966,1.48274355781956,1.3269260352773,-0.155817522542264,TRUE,TRUE,TRUE,TRUE,TRUE
2,3162.27766016838,3.5,0.05,1,0.1,1000,200,1,0,10,1,1000,197.663,19.6663,0.0475,28.8292313658267,0.02484375,39.8631205697577,0.682165256175086,1.45983306354568,1.29372265983124,-0.166110403714446,TRUE,TRUE,TRUE,TRUE,TRUE
2.1,3162.27766016838,3.5,0.05,1,0.1,1000,200,1,0,10,1,1000,186.242,18.5242,0.05224375,27.4892377263552,0.0260487528344671,38.9301790266153,0.673870995783923,1.43916269707055,1.26773946128901,-0.171423235781542,TRUE,TRUE,TRUE,TRUE,TRUE
2.2,3162.27766016838,3.5,0.05,1,0.1,1000,200,1,0,10,1,1000,177.557,17.6557,0.056975,26.3231404759581,0.0271435950413223,38.1369699543435,0.670729239777663,1.42033770143191,1.24688494082354,-0.173452760608366,TRUE,TRUE,TRUE,TRUE,TRUE
2.3,3162.27766016838,3.5,0.05,1,0.1,1000,200,1,0,10,1,1000,170.723,16.9723,0.06169375,25.2964328395438,0.0281427221172023,37.4538802095453,0.670936495578484,1.40305928373208,1.22974069969092,-0.173318584041158,TRUE,TRUE,TRUE,TRUE,TRUE
2.4,3162.27766016838,3.5,0.05,1,0.1,1000,200,1,0,10,1,1000,162.934,16.1934,0.0664,24.3834878963887,0.0290581597222222,36.8591923696449,0.664113356908152,1.38709582867411,1.20933804370164,-0.177757784972463,TRUE,TRUE,TRUE,TRUE,TRUE
2.5,3162.27766016838,3.5,0.05,1,0.1,1000,200,1,0,10,1,1000,157.051,15.6051,0.07109375,23.5648216426584,0.0299,36.3365988345284,0.662220161758014,1.3722641570215,1.19326655603942,-0.178997600982084,TRUE,TRUE,TRUE,TRUE,TRUE
2.6,3162.27766016838,3.5,0.05,1,0.1,1000,200,1,0,10,1,1000,152.484,15.1484,0.075775,22.8253211031591,0.030676775147929,35.8736045826545,0.663666457594912,1.35841689583828,1.18036676433228,-0.178050131506001,TRUE,TRUE,TRUE,TRUE,TRUE
2.7,3162.27766016838,3.5,0.05,1,0.1,1000,200,1,0,10,1,1000,148.416,14.7416,0.08044375,22.1530595294466,0.0313957475994513,35.4604672512468,0.665443072565439,1.34543371453185,1.16854462283513,-0.17688909169672,TRUE,TRUE,TRUE,TRUE,TRUE
2.8,3162.27766016838,3.5,0.05,1,0.1,1000,200,1,0,10,1,1000,142.842,14.1842,0.0851,21.5384818363827,0.032063137755102,35.0894739851937,0.658551522235896,1.33321508831582,1.15180484627335,-0.181410242042474,TRUE,TRUE,TRUE,TRUE,TRUE
2.9,3162.27766016838,3.5,0.05,1,0.1,1000,200,1,0,10,1,1000,139.748,13.8748,0.08974375,20.9738308864373,0.0326843043995244,34.7544359970627,0.661529125276399,1.32167776193364,1.14222673164896,-0.179451030284687,TRUE,TRUE,TRUE,TRUE,TRUE
3,3162.27766016838,3.5,0.05,1,0.1,1000,200,1,0,10,1,1000,137.296,13.6296,0.094375,20.4527347492131,0.0332638888888889,34.4503277253137,0.666394991531604,1.31075138603949,1.13448311039507,-0.176268275644427,TRUE,TRUE,TRUE,TRUE,TRUE
3.1,3162.27766016838,3.5,0.05,1,0.1,1000,200,1,0,10,1,1000,134.523,13.3523,0.09899375,19.9699041453962,0.0338059313215401,34.1730243422842,0.668621136225044,1.30037598028255,1.12555608152626,-0.174819898756289,TRUE,TRUE,TRUE,TRUE,TRUE
3.2,3162.27766016838,3.5,0.05,1,0.1,1000,200,1,0,10,1,1000,131.666,13.0666,0.1036,19.5209069203218,0.03431396484375,33.9191075822737,0.669364392409316,1.29049999065351,1.11616259650697,-0.174337394146539,TRUE,TRUE,TRUE,TRUE,TRUE
3.3,3162.27766016838,3.5,0.05,1,0.1,1000,200,1,0,10,1,1000,128.833,12.7833,0.10819375,19.101997394801,0.0347910927456382,33.6857199326501,0.669212739159898,1.2810787814983,1.1066429811141,-0.174435800384197,TRUE,TRUE,TRUE,TRUE,TRUE
3.4,3162.27766016838,3.5,0.05,1,0.1,1000,200,1,0,10,1,1000,127.963,12.6963,0.112775,18.7099854804317,0.0352400519031142,33.4704536460971,0.678584171712947,1.27207345047324,1.10367717578249,-0.168396274690747,TRUE,TRUE,TRUE,TRUE,TRUE
3.5,3162.27766016838,3.5,0.05,1,0.1,1000,200,1,0,10,1,1000,125.676,12.4676,0.11734375,18.3421350538246,0.0356632653061225,33.2712652113366,0.67972457750497,1.26344988684797,1.09578286028916,-0.167667026558815,TRUE,TRUE,TRUE,TRUE,TRUE
3.6,3162.27766016838,3.5,0.05,1,0.1,1000,200,1,0,10,1,1000,123.789,12.2789,0.1219,17.9960841616918,0.0360628858024691,33.0864086982992,0.682309545214176,1.25517801554892,1.08915946246249,-0.16601855308643,TRUE,TRUE,TRUE,TRUE,TRUE
3.7,3162.27766016838,3.5,0.05,1,0.1,1000,200,1,0,10,1,1000,122.182,12.1182,0.12644375,17.669781722902,0.0364408327246165,32.9143832756554,0.685814923468664,1.24723118464402,1.08343811585977,-0.163793068784249,TRUE,TRUE,TRUE,TRUE,TRUE
3.8,3162.27766016838,3.5,0.05,1,0.1,1000,200,1,0,10,1,1000,120.791,11.9791,0.130975,17.3614368428644,0.0367988227146814,32.7538914948772,0.689983214432132,1.23958566479812,1.07842419036411,-0.161161474434009,TRUE,TRUE,TRUE,TRUE,TRUE
3.9,3162.27766016838,3.5,0.05,1,0.1,1000,200,1,0,10,1,1000,119.628,11.8628,0.13549375,17.0694778741834,0.0371383957922419,32.6038058417393,0.694971462363345,1.23222023700056,1.07418720850781,-0.158033028492741,TRUE,TRUE,TRUE,TRUE,TRUE
4,3162.27766016838,3.5,0.05,1,0.1,1000,200,1,0,10,1,1000,118.038,11.7038,0.14,16.7925190836271,0.0374609375,32.4631416994809,0.696965115341826,1.225115850519,1.06832689175374,-0.156788958765251,TRUE,TRUE,TRUE,TRUE,TRUE
4.1,3162.27766016838,3.5,0.05,1,0.1,1000,200,1,0,10,1,1000,116.695,11.5695,0.14449375,16.5293333098892,0.0377676977989292,32.3310353302746,0.699937485868117,1.21825533719666,1.0633145904182,-0.154940746778453,TRUE,TRUE,TRUE,TRUE,TRUE
4.2,3162.27766016838,3.5,0.05,1,0.1,1000,200,1,0,10,1,1000,116.18,11.518,0.148975,16.2788293800036,0.0380598072562358,32.2067258180896,0.707544733784626,1.2116231713097,1.06137707419389,-0.150246097115815,TRUE,TRUE,TRUE,TRUE,TRUE
4.3,3162.27766016838,3.5,0.05,1,0.1,1000,200,1,0,10,1,1000,115.146,11.4146,0.15344375,16.0400333357041,0.0383382909680909,32.0895401635769,0.711631937484306,1.20520526653526,1.05746069718092,-0.147744569354341,TRUE,TRUE,TRUE,TRUE,TRUE
4.4,3162.27766016838,3.5,0.05,1,0.1,1000,200,1,0,10,1,1000,114.196,11.3196,0.1579,15.8120727327611,0.0386040805785124,31.9788809056498,0.715883375400044,1.19898880335397,1.05383108048635,-0.145157722867621,TRUE,TRUE,TRUE,TRUE,TRUE
4.5,3162.27766016838,3.5,0.05,1,0.1,1000,200,1,0,10,1,1000,112.288,11.1288,0.16234375,15.5941634360534,0.038858024691358,31.8742157826087,0.713651620084374,1.19296208157147,1.04644833760741,-0.146513743964059,TRUE,TRUE,TRUE,TRUE,TRUE
4.6,3162.27766016838,3.5,0.05,1,0.1,1000,200,1,0,10,1,1000,111.679,11.0679,0.166775,15.3855984547325,0.0391008979206049,31.7750690503403,0.719367532732896,1.1871143936958,1.04406522657622,-0.143049167119589,TRUE,TRUE,TRUE,TRUE,TRUE
4.7,3162.27766016838,3.5,0.05,1,0.1,1000,200,1,0,10,1,1000,110.826,10.9826,0.17119375,15.185738455193,0.0393334087822544,31.6810141551214,0.723218039900083,1.18143591572861,1.04070516634214,-0.140730749386473,TRUE,TRUE,TRUE,TRUE,TRUE
4.8,3162.27766016838,3.5,0.05,1,0.1,1000,200,1,0,10,1,1000,111.076,11.0076,0.1756,14.9940036618207,0.0395562065972222,31.5916675201684,0.734133474171994,1.17591761257307,1.04169263955522,-0.134224973017851,TRUE,TRUE,TRUE,TRUE,TRUE
4.9,3162.27766016838,3.5,0.05,1,0.1,1000,200,1,0,10,1,1000,109.998,10.8998,0.17999375,14.8098669118382,0.0397698875468555,31.5066832529031,0.735982305910347,1.17055115577212,1.03741852916143,-0.133132626610695,TRUE,TRUE,TRUE,TRUE,TRUE
5,3162.27766016838,3.5,0.05,1,0.1,1000,200,1,0,10,1,1000,109.548,10.8548,0.184375,14.6328476748199,0.039975,31.4257486172809,0.741810496577429,1.165328851697,1.03562182597592,-0.129707025721072,TRUE,TRUE,TRUE,TRUE,TRUE
1.1,5623.41325190349,3.75,0.05,1,0.1,1000,200,1,0,10,0.961,961,595.983350676379,59.4983350676379,0.00424375,96.4506086386733,0.00402892561983471,98.9886140059811,NA,NA,NA,NA,TRUE,TRUE,TRUE,FALSE,FALSE
1.2,5623.41325190349,3.75,0.05,1,0.1,1000,200,1,0,10,0.872,872,651.783256880734,65.0783256880734,0.00910000000000001,65.8656788383031,0.00789930555555556,70.6944649279752,NA,NA,NA,NA,TRUE,TRUE,TRUE,FALSE,FALSE
1.3,5623.41325190349,3.75,0.05,1,0.1,1000,200,1,0,10,0.851,851,572.480611045828,57.1480611045829,0.01394375,53.2096098493633,0.0111686390532544,59.4538167925163,NA,NA,NA,NA,TRUE,TRUE,TRUE,FALSE,FALSE
1.4,5623.41325190349,3.75,0.05,1,0.1,1000,200,1,0,10,0.862,862,501.180974477958,50.0180974477958,0.018775,45.8553376345614,0.0139668367346939,53.1656147690702,1.09078026742293,1.66138989552001,1.69912716832935,0.0377372728093358,TRUE,TRUE,TRUE,TRUE,TRUE
1.5,5623.41325190349,3.75,0.05,1,0.1,1000,200,1,0,10,0.921,921,400.763300760043,39.9763300760043,0.02359375,40.9054694984262,0.0163888888888889,49.0800631579454,0.977285692260357,1.61178138170347,1.60180292232595,-0.00997845937752146,TRUE,TRUE,TRUE,TRUE,TRUE
1.6,5623.41325190349,3.75,0.05,1,0.1,1000,200,1,0,10,0.961,961,328.941727367326,32.7941727367326,0.0284,37.2838453879692,0.018505859375,46.1875833563393,0.879581287699327,1.5715206983346,1.51579667989719,-0.0557240184374058,TRUE,TRUE,TRUE,TRUE,TRUE
1.7,5623.41325190349,3.75,0.05,1,0.1,1000,200,1,0,10,0.983,983,284.947100712106,28.3947100712106,0.03319375,34.4867055469176,0.0203719723183391,44.0213472393328,0.82335235044649,1.53765170897651,1.45323743860792,-0.0844142703685899,TRUE,TRUE,TRUE,TRUE,TRUE
1.8,5623.41325190349,3.75,0.05,1,0.1,1000,200,1,0,10,0.991,991,255.717457114026,25.4717457114026,0.037975,32.2426684224624,0.0220293209876543,42.3330259531304,0.790001167944813,1.5084309770907,1.40605871044648,-0.102372266644226,TRUE,TRUE,TRUE,TRUE,TRUE
1.9,5623.41325190349,3.75,0.05,1,0.1,1000,200,1,0,10,1,1000,235.473,23.4473,0.04274375,30.3908997408616,0.02351108033241,40.9773223035874,0.771523719268973,1.48274355781956,1.3700928401167,-0.112650717702865,TRUE,TRUE,TRUE,TRUE,TRUE
2,5623.41325190349,3.75,0.05,1,0.1,1000,200,1,0,10,0.998,998,218.896793587174,21.7896793587174,0.0475,28.8292313658267,0.02484375,39.8631205697577,0.755818949253925,1.45983306354568,1.33825083952738,-0.1215822240183,TRUE,TRUE,TRUE,TRUE,TRUE
2.1,5623.41325190349,3.75,0.05,1,0.1,1000,200,1,0,10,0.999,999,201.317317317317,20.0317317317317,0.05224375,27.4892377263552,0.0260487528344671,38.9301790266153,0.728711793725963,1.43916269707055,1.30171849542567,-0.137444201644881,TRUE,TRUE,TRUE,TRUE,TRUE
2.2,5623.41325190349,3.75,0.05,1,0.1,1000,200,1,0,10,1,1000,192.15,19.115,0.056975,26.3231404759581,0.0271435950413223,38.1369699543435,0.72616715385683,1.42033770143191,1.28137430235505,-0.138963399076861,TRUE,TRUE,TRUE,TRUE,TRUE
2.3,5623.41325190349,3.75,0.05,1,0.1,1000,200,1,0,10,1,1000,183.756,18.2756,0.06169375,25.2964328395438,0.0281427221172023,37.4538802095453,0.722457593761255,1.40305928373208,1.2618716440382,-0.141187639693881,TRUE,TRUE,TRUE,TRUE,TRUE
2.4,5623.41325190349,3.75,0.05,1,0.1,1000,200,1,0,10,1,1000,176.87,17.587,0.0664,24.3834878963887,0.0290581597222222,36.8591923696449,0.721266788194182,1.38709582867411,1.24519176358693,-0.141904065087178,TRUE,TRUE,TRUE,TRUE,TRUE
2.5,5623.41325190349,3.75,0.05,1,0.1,1000,200,1,0,10,1,1000,169.203,16.8203,0.07109375,23.5648216426584,0.0299,36.3365988345284,0.713788555460607,1.3722641570215,1.22583373742995,-0.146430419591554,TRUE,TRUE,TRUE,TRUE,TRUE
2.6,5623.41325190349,3.75,0.05,1,0.1,1000,200,1,0,10,1,1000,164.439,16.3439,0.075775,22.8253211031591,0.030676775147929,35.8736045826545,0.716042500612967,1.35841689583828,1.21335569640578,-0.145061199432509,TRUE,TRUE,TRUE,TRUE,TRUE
2.7,5623.41325190349,3.75,0.05,1,0.1,1000,200,1,0,10,1,1000,160.709,15.9709,0.08044375,22.1530595294466,0.0313957475994513,35.4604672512468,0.720934279022315,1.34543371453185,1.20332939040401,-0.142104324127842,TRUE,TRUE,TRUE,TRUE,TRUE
2.8,5623.41325190349,3.75,0.05,1,0.1,1000,200,1,0,10,1,1000,155.642,15.4642,0.0851,21.5384818363827,0.032063137755102,35.0894739851937,0.717980037658828,1.33321508831582,1.18932745782952,-0.143887630486303,TRUE,TRUE,TRUE,TRUE,TRUE
2.9,5623.41325190349,3.75,0.05,1,0.1,1000,200,1,0,10,1,1000,150.889,14.9889,0.08974375,20.9738308864373,0.0326843043995244,34.7544359970627,0.714647699848316,1.32167776193364,1.17576976217055,-0.145907999763094,TRUE,TRUE,TRUE,TRUE,TRUE
3,5623.41325190349,3.75,0.05,1,0.1,1000,200,1,0,10,1,1000,147.621,14.6621,0.094375,20.4527347492131,0.0332638888888889,34.4503277253137,0.716877238168071,1.31075138603949,1.16619617720117,-0.144555208838318,TRUE,TRUE,TRUE,TRUE,TRUE
3.1,5623.41325190349,3.75,0.05,1,0.1,1000,200,1,0,10,1,1000,144.465,14.3465,0.09899375,19.9699041453962,0.0338059313215401,34.1730243422842,0.718406052204683,1.30037598028255,1.15674596266678,-0.143630017615772,TRUE,TRUE,TRUE,TRUE,TRUE
3.2,5623.41325190349,3.75,0.05,1,0.1,1000,200,1,0,10,1,1000,142.122,14.1122,0.1036,19.5209069203218,0.03431396484375,33.9191075822737,0.722927477580912,1.29049999065351,1.14959472271128,-0.140905267942231,TRUE,TRUE,TRUE,TRUE,TRUE
3.3,5623.41325190349,3.75,0.05,1,0.1,1000,200,1,0,10,1,1000,139.663,13.8663,0.10819375,19.101997394801,0.0347910927456382,33.6857199326501,0.725908380857283,1.2810787814983,1.14196059200693,-0.139118189491371,TRUE,TRUE,TRUE,TRUE,TRUE
3.4,5623.41325190349,3.75,0.05,1,0.1,1000,200,1,0,10,1,1000,136.546,13.5546,0.112775,18.7099854804317,0.0352400519031142,33.4704536460971,0.724458071556305,1.27207345047324,1.13208670595516,-0.139986744518077,TRUE,TRUE,TRUE,TRUE,TRUE
3.5,5623.41325190349,3.75,0.05,1,0.1,1000,200,1,0,10,1,1000,134.271,13.3271,0.11734375,18.3421350538246,0.0356632653061225,33.2712652113366,0.726583898815047,1.26344988684797,1.12473565646433,-0.138714230383647,TRUE,TRUE,TRUE,TRUE,TRUE
3.6,5623.41325190349,3.75,0.05,1,0.1,1000,200,1,0,10,1,1000,132.964,13.1964,0.1219,17.9960841616918,0.0360628858024691,33.0864086982992,0.733292858681507,1.25517801554892,1.12045547110186,-0.134722544447069,TRUE,TRUE,TRUE,TRUE,TRUE
3.7,5623.41325190349,3.75,0.05,1,0.1,1000,200,1,0,10,1,1000,131.223,13.0223,0.12644375,17.669781722902,0.0364408327246165,32.9143832756554,0.736981373296858,1.24723118464402,1.11468769614402,-0.132543488499996,TRUE,TRUE,TRUE,TRUE,TRUE
3.8,5623.41325190349,3.75,0.05,1,0.1,1000,200,1,0,10,1,1000,129.57,12.857,0.130975,17.3614368428644,0.0367988227146814,32.7538914948772,0.740549305703594,1.23958566479812,1.10913964390402,-0.130446020894107,TRUE,TRUE,TRUE,TRUE,TRUE
3.9,5623.41325190349,3.75,0.05,1,0.1,1000,200,1,0,10,1,1000,128.588,12.7588,0.13549375,17.0694778741834,0.0371383957922419,32.6038058417393,0.747462816030065,1.23222023700056,1.10580982972327,-0.126410407277282,TRUE,TRUE,TRUE,TRUE,TRUE
4,5623.41325190349,3.75,0.05,1,0.1,1000,200,1,0,10,1,1000,127.039,12.6039,0.14,16.7925190836271,0.0374609375,32.4631416994809,0.750566364536034,1.225115850519,1.10050494880056,-0.124610901718436,TRUE,TRUE,TRUE,TRUE,TRUE
4.1,5623.41325190349,3.75,0.05,1,0.1,1000,200,1,0,10,1,1000,125.913,12.4913,0.14449375,16.5293333098892,0.0377676977989292,32.3310353302746,0.755705010348279,1.21825533719666,1.09660763881022,-0.121647698386437,TRUE,TRUE,TRUE,TRUE,TRUE
4.2,5623.41325190349,3.75,0.05,1,0.1,1000,200,1,0,10,1,1000,124.404,12.3404,0.148975,16.2788293800036,0.0380598072562358,32.2067258180896,0.758064336933131,1.2116231713097,1.09132923708598,-0.12029393422372,TRUE,TRUE,TRUE,TRUE,TRUE
4.3,5623.41325190349,3.75,0.05,1,0.1,1000,200,1,0,10,1,1000,122.707,12.1707,0.15344375,16.0400333357041,0.0383382909680909,32.0895401635769,0.75877024350746,1.20520526653526,1.08531555747367,-0.119889709061588,TRUE,TRUE,TRUE,TRUE,TRUE
4.4,5623.41325190349,3.75,0.05,1,0.1,1000,200,1,0,10,1,1000,121.716,12.0716,0.1579,15.8120727327611,0.0386040805785124,31.9788809056498,0.763441972726878,1.19898880335397,1.08176483638724,-0.117223966966724,TRUE,TRUE,TRUE,TRUE,TRUE
4.5,5623.41325190349,3.75,0.05,1,0.1,1000,200,1,0,10,1,1000,120.441,11.9441,0.16234375,15.5941634360534,0.038858024691358,31.8742157826087,0.765934001460155,1.19296208157147,1.07715343079085,-0.115808650780624,TRUE,TRUE,TRUE,TRUE,TRUE
4.6,5623.41325190349,3.75,0.05,1,0.1,1000,200,1,0,10,1,1000,120.135,11.9135,0.166775,15.3855984547325,0.0391008979206049,31.7750690503403,0.774328020782024,1.1871143936958,1.07603936915567,-0.111075024540133,TRUE,TRUE,TRUE,TRUE,TRUE
4.7,5623.41325190349,3.75,0.05,1,0.1,1000,200,1,0,10,1,1000,119.641,11.8641,0.17119375,15.185738455193,0.0393334087822544,31.6810141551214,0.781265924933857,1.18143591572861,1.07423479861247,-0.107201117116142,TRUE,TRUE,TRUE,TRUE,TRUE
4.8,5623.41325190349,3.75,0.05,1,0.1,1000,200,1,0,10,1,1000,118.239,11.7239,0.1756,14.9940036618207,0.0395562065972222,31.5916675201684,0.781905904815313,1.17591761257307,1.06907210543056,-0.106845507142517,TRUE,TRUE,TRUE,TRUE,TRUE
4.9,5623.41325190349,3.75,0.05,1,0.1,1000,200,1,0,10,1,1000,117.541,11.6541,0.17999375,14.8098669118382,0.0397698875468555,31.5066832529031,0.786914566442483,1.17055115577212,1.06647874030826,-0.104072415463856,TRUE,TRUE,TRUE,TRUE,TRUE
5,5623.41325190349,3.75,0.05,1,0.1,1000,200,1,0,10,1,1000,116.608,11.5608,0.184375,14.6328476748199,0.039975,31.4257486172809,0.790058111511252,1.165328851697,1.06298788802604,-0.102340963670956,TRUE,TRUE,TRUE,TRUE,TRUE
1.1,10000,4,0.05,1,0.1,1000,200,1,0,10,0.752,752,687.327127659574,68.6327127659575,0.00424375,96.4506086386733,0.00402892561983471,98.9886140059811,NA,NA,NA,NA,TRUE,TRUE,TRUE,FALSE,FALSE
1.2,10000,4,0.05,1,0.1,1000,200,1,0,10,0.524,524,673.106870229008,67.2106870229008,0.00910000000000001,65.8656788383031,0.00789930555555556,70.6944649279752,NA,NA,NA,NA,TRUE,TRUE,TRUE,FALSE,FALSE
1.3,10000,4,0.05,1,0.1,1000,200,1,0,10,0.511,511,550.285714285714,54.9285714285714,0.01394375,53.2096098493633,0.0111686390532544,59.4538167925163,NA,NA,NA,NA,TRUE,TRUE,TRUE,FALSE,FALSE
1.4,10000,4,0.05,1,0.1,1000,200,1,0,10,0.62,620,457.990322580645,45.6990322580645,0.018775,45.8553376345614,0.0139668367346939,53.1656147690702,0.996591337354387,1.66138989552001,1.65990700336454,-0.00148289215546856,TRUE,TRUE,TRUE,TRUE,TRUE
1.5,10000,4,0.05,1,0.1,1000,200,1,0,10,0.785,785,397.294267515924,39.6294267515924,0.02359375,40.9054694984262,0.0163888888888889,49.0800631579454,0.968805082487004,1.61178138170347,1.59801779021406,-0.0137635914894157,TRUE,TRUE,TRUE,TRUE,TRUE
1.6,10000,4,0.05,1,0.1,1000,200,1,0,10,0.878,878,356.668564920273,35.5668564920273,0.0284,37.2838453879692,0.018505859375,46.1875833563393,0.953948181093575,1.5715206983346,1.55104548260228,-0.0204752157323192,TRUE,TRUE,TRUE,TRUE,TRUE
1.7,10000,4,0.05,1,0.1,1000,200,1,0,10,0.945,945,314.422222222222,31.3422222222222,0.03319375,34.4867055469176,0.0203719723183391,44.0213472393328,0.908820420077023,1.53765170897651,1.49612978551592,-0.0415219234605868,TRUE,TRUE,TRUE,TRUE,TRUE
1.8,10000,4,0.05,1,0.1,1000,200,1,0,10,0.974,974,278.58932238193,27.758932238193,0.037975,32.2426684224624,0.0220293209876543,42.3330259531304,0.860937806836555,1.5084309770907,1.44340275674033,-0.0650282203503683,TRUE,TRUE,TRUE,TRUE,TRUE
1.9,10000,4,0.05,1,0.1,1000,200,1,0,10,0.996,996,253.543172690763,25.2543172690763,0.04274375,30.3908997408616,0.02351108033241,40.9773223035874,0.83098287594036,1.48274355781956,1.40233563219184,-0.0804079256277238,TRUE,TRUE,TRUE,TRUE,TRUE
2,10000,4,0.05,1,0.1,1000,200,1,0,10,0.996,996,239.520080321285,23.8520080321285,0.0475,28.8292313658267,0.02484375,39.8631205697577,0.827354976255175,1.45983306354568,1.37752494692175,-0.0823081166239295,TRUE,TRUE,TRUE,TRUE,TRUE
2.1,10000,4,0.05,1,0.1,1000,200,1,0,10,0.999,999,222.147147147147,22.1147147147147,0.05224375,27.4892377263552,0.0260487528344671,38.9301790266153,0.804486284227237,1.43916269707055,1.34468134123561,-0.0944813558349376,TRUE,TRUE,TRUE,TRUE,TRUE
2.2,10000,4,0.05,1,0.1,1000,200,1,0,10,1,1000,208.814,20.7814,0.056975,26.3231404759581,0.0271435950413223,38.1369699543435,0.789472670215031,1.42033770143191,1.31767480172905,-0.102662899702861,TRUE,TRUE,TRUE,TRUE,TRUE
2.3,10000,4,0.05,1,0.1,1000,200,1,0,10,1,1000,198.772,19.7772,0.06169375,25.2964328395438,0.0281427221172023,37.4538802095453,0.78181774187086,1.40305928373208,1.29616480542972,-0.106894478302358,TRUE,TRUE,TRUE,TRUE,TRUE
2.4,10000,4,0.05,1,0.1,1000,200,1,0,10,1,1000,190.846,18.9846,0.0664,24.3834878963887,0.0290581597222222,36.8591923696449,0.778584264920184,1.38709582867411,1.2784014511138,-0.108694377560305,TRUE,TRUE,TRUE,TRUE,TRUE
2.5,10000,4,0.05,1,0.1,1000,200,1,0,10,1,1000,182.57,18.157,0.07109375,23.5648216426584,0.0299,36.3365988345284,0.770512939810719,1.3722641570215,1.25904409357523,-0.11322006344627,TRUE,TRUE,TRUE,TRUE,TRUE
2.6,10000,4,0.05,1,0.1,1000,200,1,0,10,1,1000,176.896,17.5896,0.075775,22.8253211031591,0.030676775147929,35.8736045826545,0.77061785551685,1.35841689583828,1.24525596340471,-0.11316093243358,TRUE,TRUE,TRUE,TRUE,TRUE
2.7,10000,4,0.05,1,0.1,1000,200,1,0,10,1,1000,171.443,17.0443,0.08044375,22.1530595294466,0.0313957475994513,35.4604672512468,0.769388082821886,1.34543371453185,1.23157916969633,-0.113854544835516,TRUE,TRUE,TRUE,TRUE,TRUE
2.8,10000,4,0.05,1,0.1,1000,200,1,0,10,1,1000,167.336,16.6336,0.0851,21.5384818363827,0.032063137755102,35.0894739851937,0.772273557920997,1.33321508831582,1.2209862534849,-0.112228834830921,TRUE,TRUE,TRUE,TRUE,TRUE
2.9,10000,4,0.05,1,0.1,1000,200,1,0,10,1,1000,162.855,16.1855,0.08974375,20.9738308864373,0.0326843043995244,34.7544359970627,0.771699747539507,1.32167776193364,1.20912612010479,-0.112551641828855,TRUE,TRUE,TRUE,TRUE,TRUE
3,10000,4,0.05,1,0.1,1000,200,1,0,10,1,1000,159.575,15.8575,0.094375,20.4527347492131,0.0332638888888889,34.4503277253137,0.775324189867085,1.31075138603949,1.2002347200695,-0.110516665969991,TRUE,TRUE,TRUE,TRUE,TRUE
3.1,10000,4,0.05,1,0.1,1000,200,1,0,10,1,1000,155.559,15.4559,0.09899375,19.9699041453962,0.0338059313215401,34.1730243422842,0.773959648853056,1.30037598028255,1.18909429918602,-0.111281681096527,TRUE,TRUE,TRUE,TRUE,TRUE
3.2,10000,4,0.05,1,0.1,1000,200,1,0,10,1,1000,152.403,15.1403,0.1036,19.5209069203218,0.03431396484375,33.9191075822737,0.775594088010252,1.29049999065351,1.18013448064977,-0.110365510003737,TRUE,TRUE,TRUE,TRUE,TRUE
3.3,10000,4,0.05,1,0.1,1000,200,1,0,10,1,1000,148.695,14.7695,0.10819375,19.101997394801,0.0347910927456382,33.6857199326501,0.773191394320881,1.2810787814983,1.16936579315105,-0.111712988347252,TRUE,TRUE,TRUE,TRUE,TRUE
3.4,10000,4,0.05,1,0.1,1000,200,1,0,10,1,1000,146.513,14.5513,0.112775,18.7099854804317,0.0352400519031142,33.4704536460971,0.777729090982933,1.27207345047324,1.16290179453196,-0.109171655941276,TRUE,TRUE,TRUE,TRUE,TRUE
3.5,10000,4,0.05,1,0.1,1000,200,1,0,10,1,1000,144.368,14.3368,0.11734375,18.3421350538246,0.0356632653061225,33.2712652113366,0.781632016007351,1.26344988684797,1.15645222682501,-0.106997660022962,TRUE,TRUE,TRUE,TRUE,TRUE
3.6,10000,4,0.05,1,0.1,1000,200,1,0,10,1,1000,141.322,14.0322,0.1219,17.9960841616918,0.0360628858024691,33.0864086982992,0.779736295625371,1.25517801554892,1.14712576603603,-0.108052249512892,TRUE,TRUE,TRUE,TRUE,TRUE
3.7,10000,4,0.05,1,0.1,1000,200,1,0,10,1,1000,140.113,13.9113,0.12644375,17.669781722902,0.0364408327246165,32.9143832756554,0.787293256824415,1.24723118464402,1.14336771636485,-0.103863468279165,TRUE,TRUE,TRUE,TRUE,TRUE
3.8,10000,4,0.05,1,0.1,1000,200,1,0,10,1,1000,138.609,13.7609,0.130975,17.3614368428644,0.0367988227146814,32.7538914948772,0.792612968877389,1.23958566479812,1.13864683885964,-0.100938825938484,TRUE,TRUE,TRUE,TRUE,TRUE
3.9,10000,4,0.05,1,0.1,1000,200,1,0,10,1,1000,136.629,13.5629,0.13549375,17.0694778741834,0.0371383957922419,32.6038058417393,0.794570290899941,1.23222023700056,1.13235255968891,-0.0998676773116504,TRUE,TRUE,TRUE,TRUE,TRUE
4,10000,4,0.05,1,0.1,1000,200,1,0,10,1,1000,135.447,13.4447,0.14,16.7925190836271,0.0374609375,32.4631416994809,0.800636279348267,1.225115850519,1.12855111598303,-0.0965647345359613,TRUE,TRUE,TRUE,TRUE,TRUE
4.1,10000,4,0.05,1,0.1,1000,200,1,0,10,1,1000,133.3,13.23,0.14449375,16.5293333098892,0.0377676977989292,32.3310353302746,0.800395258052222,1.21825533719666,1.1215598441875,-0.0966954930091567,TRUE,TRUE,TRUE,TRUE,TRUE
4.2,10000,4,0.05,1,0.1,1000,200,1,0,10,1,1000,132.481,13.1481,0.148975,16.2788293800036,0.0380598072562358,32.2067258180896,0.807680926747147,1.2116231713097,1.11886299851904,-0.0927601727906671,TRUE,TRUE,TRUE,TRUE,TRUE
4.3,10000,4,0.05,1,0.1,1000,200,1,0,10,1,1000,131.202,13.0202,0.15344375,16.0400333357041,0.0383382909680909,32.0895401635769,0.81173148007229,1.20520526653526,1.11461765537113,-0.0905876111641252,TRUE,TRUE,TRUE,TRUE,TRUE
4.4,10000,4,0.05,1,0.1,1000,200,1,0,10,1,1000,130.704,12.9704,0.1579,15.8120727327611,0.0386040805785124,31.9788809056498,0.82028461538294,1.19898880335397,1.11295336969349,-0.0860354336604773,TRUE,TRUE,TRUE,TRUE,TRUE
4.5,10000,4,0.05,1,0.1,1000,200,1,0,10,1,1000,129.056,12.8056,0.16234375,15.5941634360534,0.038858024691358,31.8742157826087,0.821179029738378,1.19296208157147,1.10739993193248,-0.0855621496389892,TRUE,TRUE,TRUE,TRUE,TRUE
4.6,10000,4,0.05,1,0.1,1000,200,1,0,10,1,1000,127.331,12.6331,0.166775,15.3855984547325,0.0391008979206049,31.7750690503403,0.821099032135089,1.1871143936958,1.10150993390422,-0.0856044597915849,TRUE,TRUE,TRUE,TRUE,TRUE
4.7,10000,4,0.05,1,0.1,1000,200,1,0,10,1,1000,126.559,12.5559,0.17119375,15.185738455193,0.0393334087822544,31.6810141551214,0.826821826086852,1.18143591572861,1.09884784815407,-0.0825880675745395,TRUE,TRUE,TRUE,TRUE,TRUE
4.8,10000,4,0.05,1,0.1,1000,200,1,0,10,1,1000,126.273,12.5273,0.1756,14.9940036618207,0.0395562065972222,31.5916675201684,0.835487324302738,1.17591761257307,1.09785747790107,-0.0780601346720079,TRUE,TRUE,TRUE,TRUE,TRUE
4.9,10000,4,0.05,1,0.1,1000,200,1,0,10,1,1000,125.009,12.4009,0.17999375,14.8098669118382,0.0397698875468555,31.5066832529031,0.837340407839008,1.17055115577212,1.09345320539206,-0.0770979503800641,TRUE,TRUE,TRUE,TRUE,TRUE
5,10000,4,0.05,1,0.1,1000,200,1,0,10,1,1000,124.682,12.3682,0.184375,14.6328476748199,0.039975,31.4257486172809,0.845235341394495,1.165328851697,1.09230649939072,-0.0730223523062762,TRUE,TRUE,TRUE,TRUE,TRUE
1.1,17782.7941003892,4.25,0.05,1,0.1,1000,200,1,0,10,0.396,396,488.143939393939,48.7143939393939,0.00424375,96.4506086386733,0.00402892561983471,98.9886140059811,NA,NA,NA,NA,TRUE,TRUE,TRUE,FALSE,FALSE
1.2,17782.7941003892,4.25,0.05,1,0.1,1000,200,1,0,10,0.229,229,414.021834061135,41.3021834061135,0.00910000000000001,65.8656788383031,0.00789930555555556,70.6944649279752,NA,NA,NA,NA,TRUE,TRUE,TRUE,FALSE,FALSE
1.3,17782.7941003892,4.25,0.05,1,0.1,1000,200,1,0,10,0.252,252,482.234126984127,48.1234126984127,0.01394375,53.2096098493633,0.0111686390532544,59.4538167925163,NA,NA,NA,NA,TRUE,TRUE,TRUE,FALSE,FALSE
1.4,17782.7941003892,4.25,0.05,1,0.1,1000,200,1,0,10,0.372,372,437.456989247312,43.6456989247312,0.018775,45.8553376345614,0.0139668367346939,53.1656147690702,0.951812835237641,1.66138989552001,1.63994145250229,-0.021448443017723,TRUE,TRUE,TRUE,TRUE,TRUE
1.5,17782.7941003892,4.25,0.05,1,0.1,1000,200,1,0,10,0.6,600,404.456666666667,40.3456666666667,0.02359375,40.9054694984262,0.0163888888888889,49.0800631579454,0.986314719312022,1.61178138170347,1.60579689608866,-0.00598448561481443,TRUE,TRUE,TRUE,TRUE,TRUE
1.6,17782.7941003892,4.25,0.05,1,0.1,1000,200,1,0,10,0.768,768,367.90234375,36.690234375,0.0284,37.2838453879692,0.018505859375,46.1875833563393,0.984078600080217,1.5715206983346,1.56455048601171,-0.00697021232288131,TRUE,TRUE,TRUE,TRUE,TRUE
1.7,17782.7941003892,4.25,0.05,1,0.1,1000,200,1,0,10,0.902,902,330.433481152993,32.9433481152993,0.03319375,34.4867055469176,0.0203719723183391,44.0213472393328,0.955247756863335,1.53765170897651,1.51776773551699,-0.0198839734595163,TRUE,TRUE,TRUE,TRUE,TRUE
1.8,17782.7941003892,4.25,0.05,1,0.1,1000,200,1,0,10,0.94,940,304.515957446808,30.3515957446808,0.037975,32.2426684224624,0.0220293209876543,42.3330259531304,0.941348753986376,1.5084309770907,1.48218152918034,-0.0262494479103608,TRUE,TRUE,TRUE,TRUE,TRUE
1.9,17782.7941003892,4.25,0.05,1,0.1,1000,200,1,0,10,0.981,981,273.106014271152,27.2106014271152,0.04274375,30.3908997408616,0.02351108033241,40.9773223035874,0.895353597923579,1.48274355781956,1.43473814095619,-0.0480054168633696,TRUE,TRUE,TRUE,TRUE,TRUE
2,17782.7941003892,4.25,0.05,1,0.1,1000,200,1,0,10,0.988,988,256.011133603239,25.5011133603239,0.0475,28.8292313658267,0.02484375,39.8631205697577,0.884557518607732,1.45983306354568,1.40655914183355,-0.0532739217121314,TRUE,TRUE,TRUE,TRUE,TRUE
2.1,17782.7941003892,4.25,0.05,1,0.1,1000,200,1,0,10,0.998,998,238.438877755511,23.7438877755511,0.05224375,27.4892377263552,0.0260487528344671,38.9301790266153,0.86375213499597,1.43916269707055,1.37555183092988,-0.0636108661406712,TRUE,TRUE,TRUE,TRUE,TRUE
2.2,17782.7941003892,4.25,0.05,1,0.1,1000,200,1,0,10,1,1000,227.574,22.6574,0.056975,26.3231404759581,0.0271435950413223,38.1369699543435,0.86074076232256,1.42033770143191,1.35521007188051,-0.0651276295513935,TRUE,TRUE,TRUE,TRUE,TRUE
2.3,17782.7941003892,4.25,0.05,1,0.1,1000,200,1,0,10,1,1000,213.782,21.2782,0.06169375,25.2964328395438,0.0281427221172023,37.4538802095453,0.841154171221231,1.40305928373208,1.32793488663376,-0.0751243970983136,TRUE,TRUE,TRUE,TRUE,TRUE
2.4,17782.7941003892,4.25,0.05,1,0.1,1000,200,1,0,10,1,1000,205.177,20.4177,0.0664,24.3834878963887,0.0290581597222222,36.8591923696449,0.837357644925931,1.38709582867411,1.31000681837936,-0.0770890102947482,TRUE,TRUE,TRUE,TRUE,TRUE
2.5,17782.7941003892,4.25,0.05,1,0.1,1000,200,1,0,10,1,1000,197.479,19.6479,0.07109375,23.5648216426584,0.0299,36.3365988345284,0.833780976488794,1.3722641570215,1.29331613908044,-0.0789480179410633,TRUE,TRUE,TRUE,TRUE,TRUE
2.6,17782.7941003892,4.25,0.05,1,0.1,1000,200,1,0,10,1,1000,189.026,18.8026,0.075775,22.8253211031591,0.030676775147929,35.8736045826545,0.823760590925384,1.35841689583828,1.27421790711366,-0.0841989887246295,TRUE,TRUE,TRUE,TRUE,TRUE
2.7,17782.7941003892,4.25,0.05,1,0.1,1000,200,1,0,10,1,1000,184.227,18.3227,0.08044375,22.1530595294466,0.0313957475994513,35.4604672512468,0.827095687421634,1.34543371453185,1.26298947089849,-0.0824442436333595,TRUE,TRUE,TRUE,TRUE,TRUE
2.8,17782.7941003892,4.25,0.05,1,0.1,1000,200,1,0,10,1,1000,179.434,17.8434,0.0851,21.5384818363827,0.032063137755102,35.0894739851937,0.828442790701202,1.33321508831582,1.25147761128163,-0.0817374770341905,TRUE,TRUE,TRUE,TRUE,TRUE
2.9,17782.7941003892,4.25,0.05,1,0.1,1000,200,1,0,10,1,1000,173.314,17.2314,0.08974375,20.9738308864373,0.0326843043995244,34.7544359970627,0.821566650999491,1.32167776193364,1.23632056401648,-0.0853571979171638,TRUE,TRUE,TRUE,TRUE,TRUE
3,17782.7941003892,4.25,0.05,1,0.1,1000,200,1,0,10,1,1000,168.972,16.7972,0.094375,20.4527347492131,0.0332638888888889,34.4503277253137,0.821269145958404,1.31075138603949,1.22523689327967,-0.0855144927598185,TRUE,TRUE,TRUE,TRUE,TRUE
3.1,17782.7941003892,4.25,0.05,1,0.1,1000,200,1,0,10,1,1000,166.07,16.507,0.09899375,19.9699041453962,0.0338059313215401,34.1730243422842,0.826593852419943,1.30037598028255,1.21766815128628,-0.0827078289962705,TRUE,TRUE,TRUE,TRUE,TRUE
3.2,17782.7941003892,4.25,0.05,1,0.1,1000,200,1,0,10,1,1000,162.987,16.1987,0.1036,19.5209069203218,0.03431396484375,33.9191075822737,0.829812880421899,1.29049999065351,1.20948016235246,-0.0810198283010437,TRUE,TRUE,TRUE,TRUE,TRUE
3.3,17782.7941003892,4.25,0.05,1,0.1,1000,200,1,0,10,1,1000,159.56,15.856,0.10819375,19.101997394801,0.0347910927456382,33.6857199326501,0.830070262930491,1.2810787814983,1.2001936371412,-0.0808851443571002,TRUE,TRUE,TRUE,TRUE,TRUE
3.4,17782.7941003892,4.25,0.05,1,0.1,1000,200,1,0,10,1,1000,156.579,15.5579,0.112775,18.7099854804317,0.0352400519031142,33.4704536460971,0.831529239628306,1.27207345047324,1.19195097568958,-0.0801224747836578,TRUE,TRUE,TRUE,TRUE,TRUE
3.5,17782.7941003892,4.25,0.05,1,0.1,1000,200,1,0,10,1,1000,154.336,15.3336,0.11734375,18.3421350538246,0.0356632653061225,33.2712652113366,0.835976834485403,1.26344988684797,1.18564412984375,-0.0778057570042284,TRUE,TRUE,TRUE,TRUE,TRUE
3.6,17782.7941003892,4.25,0.05,1,0.1,1000,200,1,0,10,1,1000,151.044,15.0044,0.1219,17.9960841616918,0.0360628858024691,33.0864086982992,0.833759159225304,1.25517801554892,1.17621863342305,-0.0789593821258785,TRUE,TRUE,TRUE,TRUE,TRUE
3.7,17782.7941003892,4.25,0.05,1,0.1,1000,200,1,0,10,1,1000,148.742,14.7742,0.12644375,17.669781722902,0.0364408327246165,32.9143832756554,0.836128042309149,1.24723118464402,1.1695039738178,-0.0777272108262178,TRUE,TRUE,TRUE,TRUE,TRUE
3.8,17782.7941003892,4.25,0.05,1,0.1,1000,200,1,0,10,1,1000,147.233,14.6233,0.130975,17.3614368428644,0.0367988227146814,32.7538914948772,0.842286276899383,1.23958566479812,1.16504538972637,-0.0745402750717574,TRUE,TRUE,TRUE,TRUE,TRUE
3.9,17782.7941003892,4.25,0.05,1,0.1,1000,200,1,0,10,1,1000,145.44,14.444,0.13549375,17.0694778741834,0.0371383957922419,32.6038058417393,0.846188741475551,1.23222023700056,1.15968747975479,-0.0725327572457665,TRUE,TRUE,TRUE,TRUE,TRUE
4,17782.7941003892,4.25,0.05,1,0.1,1000,200,1,0,10,1,1000,144.223,14.3223,0.14,16.7925190836271,0.0374609375,32.4631416994809,0.852897646188437,1.225115850519,1.15601276637267,-0.0691030841463307,TRUE,TRUE,TRUE,TRUE,TRUE
4.1,17782.7941003892,4.25,0.05,1,0.1,1000,200,1,0,10,1,1000,142.909,14.1909,0.14449375,16.5293333098892,0.0377676977989292,32.3310353302746,0.858528274186945,1.21825533719666,1.15200993968855,-0.0662453975081098,TRUE,TRUE,TRUE,TRUE,TRUE
4.2,17782.7941003892,4.25,0.05,1,0.1,1000,200,1,0,10,1,1000,141.185,14.0185,0.148975,16.2788293800036,0.0380598072562358,32.2067258180896,0.861149144865409,1.2116231713097,1.14670154597199,-0.0649216253377091,TRUE,TRUE,TRUE,TRUE,TRUE
4.3,17782.7941003892,4.25,0.05,1,0.1,1000,200,1,0,10,1,1000,139.791,13.8791,0.15344375,16.0400333357041,0.0383382909680909,32.0895401635769,0.865278750331894,1.20520526653526,1.1423613049008,-0.0628439616344631,TRUE,TRUE,TRUE,TRUE,TRUE
4.4,17782.7941003892,4.25,0.05,1,0.1,1000,200,1,0,10,1,1000,138.131,13.7131,0.1579,15.8120727327611,0.0386040805785124,31.9788809056498,0.867255054524748,1.19898880335397,1.13713564302495,-0.0618531603290161,TRUE,TRUE,TRUE,TRUE,TRUE
4.5,17782.7941003892,4.25,0.05,1,0.1,1000,200,1,0,10,1,1000,136.632,13.5632,0.16234375,15.5941634360534,0.038858024691358,31.8742157826087,0.869761308813923,1.19296208157147,1.13236216581323,-0.060599915758236,TRUE,TRUE,TRUE,TRUE,TRUE
4.6,17782.7941003892,4.25,0.05,1,0.1,1000,200,1,0,10,1,1000,136.562,13.5562,0.166775,15.3855984547325,0.0391008979206049,31.7750690503403,0.881096698310763,1.1871143936958,1.1321379675315,-0.0549764261643053,TRUE,TRUE,TRUE,TRUE,TRUE
4.7,17782.7941003892,4.25,0.05,1,0.1,1000,200,1,0,10,1,1000,134.784,13.3784,0.17119375,15.185738455193,0.0393334087822544,31.6810141551214,0.880984486824547,1.18143591572861,1.12640417675608,-0.0550317389725306,TRUE,TRUE,TRUE,TRUE,TRUE
4.8,17782.7941003892,4.25,0.05,1,0.1,1000,200,1,0,10,1,1000,134.223,13.3223,0.1756,14.9940036618207,0.0395562065972222,31.5916675201684,0.888508519837345,1.17591761257307,1.12457920914951,-0.0513384034235583,TRUE,TRUE,TRUE,TRUE,TRUE
4.9,17782.7941003892,4.25,0.05,1,0.1,1000,200,1,0,10,1,1000,133.297,13.2297,0.17999375,14.8098669118382,0.0397698875468555,31.5066832529031,0.893303098451542,1.17055115577212,1.12154999612841,-0.0490011596437111,TRUE,TRUE,TRUE,TRUE,TRUE
5,17782.7941003892,4.25,0.05,1,0.1,1000,200,1,0,10,1,1000,132.215,13.1215,0.184375,14.6328476748199,0.039975,31.4257486172809,0.896715409850088,1.165328851697,1.11798348477183,-0.0473453669251696,TRUE,TRUE,TRUE,TRUE,TRUE
1.1,31622.7766016838,4.5,0.05,1,0.1,1000,200,1,0,10,0.268,268,147.847014925373,14.6847014925373,0.00424375,96.4506086386733,0.00402892561983471,98.9886140059811,NA,NA,NA,NA,TRUE,TRUE,TRUE,FALSE,FALSE
1.2,31622.7766016838,4.5,0.05,1,0.1,1000,200,1,0,10,0.136,136,95.0808823529412,9.40808823529412,0.00910000000000001,65.8656788383031,0.00789930555555556,70.6944649279752,NA,NA,NA,NA,TRUE,TRUE,TRUE,FALSE,FALSE
1.3,31622.7766016838,4.5,0.05,1,0.1,1000,200,1,0,10,0.103,103,274.349514563107,27.3349514563107,0.01394375,53.2096098493633,0.0111686390532544,59.4538167925163,NA,NA,NA,NA,TRUE,TRUE,TRUE,FALSE,FALSE
1.4,31622.7766016838,4.5,0.05,1,0.1,1000,200,1,0,10,0.173,173,426.71098265896,42.571098265896,0.018775,45.8553376345614,0.0139668367346939,53.1656147690702,0.928378253479697,1.66138989552001,1.6291148544211,-0.0322750410989084,TRUE,TRUE,TRUE,TRUE,TRUE
1.5,31622.7766016838,4.5,0.05,1,0.1,1000,200,1,0,10,0.364,364,426.554945054945,42.5554945054945,0.02359375,40.9054694984262,0.0163888888888889,49.0800631579454,1.0403375154301,1.61178138170347,1.62895564149141,0.0171742597879314,TRUE,TRUE,TRUE,TRUE,TRUE
1.6,31622.7766016838,4.5,0.05,1,0.1,1000,200,1,0,10,0.56,560,400.164285714286,39.9164285714286,0.0284,37.2838453879692,0.018505859375,46.1875833563393,1.07060921844475,1.5715206983346,1.60115167687617,0.0296309785415749,TRUE,TRUE,TRUE,TRUE,TRUE
1.7,31622.7766016838,4.5,0.05,1,0.1,1000,200,1,0,10,0.785,785,358.589808917197,35.7589808917197,0.03319375,34.4867055469176,0.0203719723183391,44.0213472393328,1.0368917623364,1.53765170897651,1.5533851331829,0.0157334242063946,TRUE,TRUE,TRUE,TRUE,TRUE
1.8,31622.7766016838,4.5,0.05,1,0.1,1000,200,1,0,10,0.91,910,326.701098901099,32.5701098901099,0.037975,32.2426684224624,0.0220293209876543,42.3330259531304,1.0101555325185,1.5084309770907,1.51281922385771,0.00438824676701114,TRUE,TRUE,TRUE,TRUE,TRUE
1.9,31622.7766016838,4.5,0.05,1,0.1,1000,200,1,0,10,0.965,965,302.420725388601,30.1420725388601,0.04274375,30.3908997408616,0.02351108033241,40.9773223035874,0.991812443720877,1.48274355781956,1.47917311066093,-0.00357044715863215,TRUE,TRUE,TRUE,TRUE,TRUE
2,31622.7766016838,4.5,0.05,1,0.1,1000,200,1,0,10,0.987,987,276.873353596758,27.5873353596758,0.0475,28.8292313658267,0.02484375,39.8631205697577,0.956922333780184,1.45983306354568,1.44070975432204,-0.0191233092236428,TRUE,TRUE,TRUE,TRUE,TRUE
2.1,31622.7766016838,4.5,0.05,1,0.1,1000,200,1,0,10,0.995,995,258.867336683417,25.7867336683417,0.05224375,27.4892377263552,0.0260487528344671,38.9301790266153,0.938066523525996,1.43916269707055,1.41139633478418,-0.0277663622863634,TRUE,TRUE,TRUE,TRUE,TRUE
2.2,31622.7766016838,4.5,0.05,1,0.1,1000,200,1,0,10,0.999,999,244.389389389389,24.3389389389389,0.056975,26.3231404759581,0.0271435950413223,38.1369699543435,0.924621397707792,1.42033770143191,1.38630164114925,-0.0340360602826549,TRUE,TRUE,TRUE,TRUE,TRUE
2.3,31622.7766016838,4.5,0.05,1,0.1,1000,200,1,0,10,1,1000,230.602,22.9602,0.06169375,25.2964328395438,0.0281427221172023,37.4538802095453,0.90764575960719,1.40305928373208,1.36097566676244,-0.0420836169696393,TRUE,TRUE,TRUE,TRUE,TRUE
2.4,31622.7766016838,4.5,0.05,1,0.1,1000,200,1,0,10,1,1000,220.458,21.9458,0.0664,24.3834878963887,0.0290581597222222,36.8591923696449,0.900027104130999,1.38709582867411,1.3413514169993,-0.0457444116748032,TRUE,TRUE,TRUE,TRUE,TRUE
2.5,31622.7766016838,4.5,0.05,1,0.1,1000,200,1,0,10,1,1000,211.188,21.0188,0.07109375,23.5648216426584,0.0299,36.3365988345284,0.891956676724875,1.3722641570215,1.32260791776954,-0.0496562392519612,TRUE,TRUE,TRUE,TRUE,TRUE
2.6,31622.7766016838,4.5,0.05,1,0.1,1000,200,1,0,10,1,1000,202.956,20.1956,0.075775,22.8253211031591,0.030676775147929,35.8736045826545,0.884789305207401,1.35841689583828,1.30525676034425,-0.0531601354940354,TRUE,TRUE,TRUE,TRUE,TRUE
2.7,31622.7766016838,4.5,0.05,1,0.1,1000,200,1,0,10,1,1000,196.336,19.5336,0.08044375,22.1530595294466,0.0313957475994513,35.4604672512468,0.88175630883108,1.34543371453185,1.29078229019286,-0.0546514243389829,TRUE,TRUE,TRUE,TRUE,TRUE
2.8,31622.7766016838,4.5,0.05,1,0.1,1000,200,1,0,10,1,1000,189.396,18.8396,0.0851,21.5384818363827,0.032063137755102,35.0894739851937,0.874694889970205,1.33321508831582,1.27507167766934,-0.0581434106464851,TRUE,TRUE,TRUE,TRUE,TRUE
2.9,31622.7766016838,4.5,0.05,1,0.1,1000,200,1,0,10,1,1000,184.182,18.3182,0.08974375,20.9738308864373,0.0326843043995244,34.7544359970627,0.873383603557394,1.32167776193364,1.26288279638021,-0.0587949655534329,TRUE,TRUE,TRUE,TRUE,TRUE
3,31622.7766016838,4.5,0.05,1,0.1,1000,200,1,0,10,1,1000,180.53,17.953,0.094375,20.4527347492131,0.0332638888888889,34.4503277253137,0.877779926260998,1.31075138603949,1.25413703088547,-0.0566143551540247,TRUE,TRUE,TRUE,TRUE,TRUE
3.1,31622.7766016838,4.5,0.05,1,0.1,1000,200,1,0,10,1,1000,176.853,17.5853,0.09899375,19.9699041453962,0.0338059313215401,34.1730243422842,0.880590105589169,1.30037598028255,1.24514978165115,-0.0552261986313949,TRUE,TRUE,TRUE,TRUE,TRUE
3.2,31622.7766016838,4.5,0.05,1,0.1,1000,200,1,0,10,1,1000,173.442,17.2442,0.1036,19.5209069203218,0.03431396484375,33.9191075822737,0.883370842880682,1.29049999065351,1.236643051203,-0.0538569394505092,TRUE,TRUE,TRUE,TRUE,TRUE
3.3,31622.7766016838,4.5,0.05,1,0.1,1000,200,1,0,10,1,1000,168.523,16.7523,0.10819375,19.101997394801,0.0347910927456382,33.6857199326501,0.876992057624273,1.2810787814983,1.2240744417451,-0.0570043397531963,TRUE,TRUE,TRUE,TRUE,TRUE
3.4,31622.7766016838,4.5,0.05,1,0.1,1000,200,1,0,10,1,1000,165.186,16.4186,0.112775,18.7099854804317,0.0352400519031142,33.4704536460971,0.877531413221663,1.27207345047324,1.2153361224426,-0.0567373280306393,TRUE,TRUE,TRUE,TRUE,TRUE
3.5,31622.7766016838,4.5,0.05,1,0.1,1000,200,1,0,10,1,1000,163.651,16.2651,0.11734375,18.3421350538246,0.0356632653061225,33.2712652113366,0.886761543968052,1.26344988684797,1.21125673772637,-0.0521931491216061,TRUE,TRUE,TRUE,TRUE,TRUE
3.6,31622.7766016838,4.5,0.05,1,0.1,1000,200,1,0,10,1,1000,159.911,15.8911,0.1219,17.9960841616918,0.0360628858024691,33.0864086982992,0.883030989254168,1.25517801554892,1.20115396060545,-0.0540240549434692,TRUE,TRUE,TRUE,TRUE,TRUE
3.7,31622.7766016838,4.5,0.05,1,0.1,1000,200,1,0,10,1,1000,158.312,15.7312,0.12644375,17.669781722902,0.0364408327246165,32.9143832756554,0.890288303879309,1.24723118464402,1.19676185253432,-0.0504693321096958,TRUE,TRUE,TRUE,TRUE,TRUE
3.8,31622.7766016838,4.5,0.05,1,0.1,1000,200,1,0,10,1,1000,156.239,15.5239,0.130975,17.3614368428644,0.0367988227146814,32.7538914948772,0.89415986363942,1.23958566479812,1.1910008364908,-0.0485848283073211,TRUE,TRUE,TRUE,TRUE,TRUE
3.9,31622.7766016838,4.5,0.05,1,0.1,1000,200,1,0,10,1,1000,154.829,15.3829,0.13549375,17.0694778741834,0.0371383957922419,32.6038058417393,0.901193353035464,1.23222023700056,1.18703821682258,-0.0451820201779728,TRUE,TRUE,TRUE,TRUE,TRUE
4,31622.7766016838,4.5,0.05,1,0.1,1000,200,1,0,10,1,1000,152.346,15.1346,0.14,16.7925190836271,0.0374609375,32.4631416994809,0.901270376685555,1.225115850519,1.1799709472557,-0.0451449032632974,TRUE,TRUE,TRUE,TRUE,TRUE
4.1,31622.7766016838,4.5,0.05,1,0.1,1000,200,1,0,10,1,1000,151.735,15.0735,0.14449375,16.5293333098892,0.0377676977989292,32.3310353302746,0.911924257161767,1.21825533719666,1.17821410528084,-0.0400412319158147,TRUE,TRUE,TRUE,TRUE,TRUE
4.2,31622.7766016838,4.5,0.05,1,0.1,1000,200,1,0,10,1,1000,150.054,14.9054,0.148975,16.2788293800036,0.0380598072562358,32.2067258180896,0.915630949379525,1.2116231713097,1.17334363521345,-0.0382795360962493,TRUE,TRUE,TRUE,TRUE,TRUE
4.3,31622.7766016838,4.5,0.05,1,0.1,1000,200,1,0,10,1,1000,147.564,14.6564,0.15344375,16.0400333357041,0.0383382909680909,32.0895401635769,0.91373874936879,1.20520526653526,1.16602730917736,-0.0391779573578948,TRUE,TRUE,TRUE,TRUE,TRUE
4.4,31622.7766016838,4.5,0.05,1,0.1,1000,200,1,0,10,1,1000,146.449,14.5449,0.1579,15.8120727327611,0.0386040805785124,31.9788809056498,0.919860428535999,1.19898880335397,1.16271073970494,-0.0362780636490256,TRUE,TRUE,TRUE,TRUE,TRUE
4.5,31622.7766016838,4.5,0.05,1,0.1,1000,200,1,0,10,1,1000,145.341,14.4341,0.16234375,15.5941634360534,0.038858024691358,31.8742157826087,0.925609126721647,1.19296208157147,1.15938970978105,-0.0335723717904171,TRUE,TRUE,TRUE,TRUE,TRUE
4.6,31622.7766016838,4.5,0.05,1,0.1,1000,200,1,0,10,1,1000,143.88,14.288,0.166775,15.3855984547325,0.0391008979206049,31.7750690503403,0.928660658994717,1.1871143936958,1.15497144154447,-0.0321429521513333,TRUE,TRUE,TRUE,TRUE,TRUE
4.7,31622.7766016838,4.5,0.05,1,0.1,1000,200,1,0,10,1,1000,142.482,14.1482,0.17119375,15.185738455193,0.0393334087822544,31.6810141551214,0.931676786199475,1.18143591572861,1.15070119040497,-0.0307347253236348,TRUE,TRUE,TRUE,TRUE,TRUE
4.8,31622.7766016838,4.5,0.05,1,0.1,1000,200,1,0,10,1,1000,142.117,14.1117,0.1756,14.9940036618207,0.0395562065972222,31.5916675201684,0.941156232736739,1.17591761257307,1.14957933523889,-0.0263382773341848,TRUE,TRUE,TRUE,TRUE,TRUE
4.9,31622.7766016838,4.5,0.05,1,0.1,1000,200,1,0,10,1,1000,141.366,14.0366,0.17999375,14.8098669118382,0.0397698875468555,31.5066832529031,0.947787045188093,1.17055115577212,1.14726192402897,-0.0232892317431548,TRUE,TRUE,TRUE,TRUE,TRUE
5,31622.7766016838,4.5,0.05,1,0.1,1000,200,1,0,10,1,1000,139.763,13.8763,0.184375,14.6328476748199,0.039975,31.4257486172809,0.948297987402567,1.165328851697,1.14227368054276,-0.0230551711542315,TRUE,TRUE,TRUE,TRUE,TRUE
1.1,56234.1325190349,4.75,0.05,1,0.1,1000,200,1,0,10,0.256,256,84.23046875,8.323046875,0.00424375,96.4506086386733,0.00402892561983471,98.9886140059811,NA,NA,NA,NA,TRUE,TRUE,TRUE,FALSE,FALSE
1.2,56234.1325190349,4.75,0.05,1,0.1,1000,200,1,0,10,0.111,111,56.6126126126126,5.56126126126126,0.00910000000000001,65.8656788383031,0.00789930555555556,70.6944649279752,NA,NA,NA,NA,TRUE,TRUE,TRUE,FALSE,FALSE
1.3,56234.1325190349,4.75,0.05,1,0.1,1000,200,1,0,10,0.056,56,58.8392857142857,5.78392857142857,0.01394375,53.2096098493633,0.0111686390532544,59.4538167925163,NA,NA,NA,NA,TRUE,TRUE,TRUE,FALSE,FALSE
1.4,56234.1325190349,4.75,0.05,1,0.1,1000,200,1,0,10,0.063,63,290.507936507937,28.9507936507937,0.018775,45.8553376345614,0.0139668367346939,53.1656147690702,0.631350572129978,1.66138989552001,1.46166047388162,-0.199729421638397,TRUE,TRUE,TRUE,TRUE,TRUE
1.5,56234.1325190349,4.75,0.05,1,0.1,1000,200,1,0,10,0.131,131,413.320610687023,41.2320610687023,0.02359375,40.9054694984262,0.0163888888888889,49.0800631579454,1.00798405627122,1.61178138170347,1.61523504443977,0.0034536627363005,TRUE,TRUE,TRUE,TRUE,TRUE
1.6,56234.1325190349,4.75,0.05,1,0.1,1000,200,1,0,10,0.398,398,417.683417085427,41.6683417085427,0.0284,37.2838453879692,0.018505859375,46.1875833563393,1.11759774977471,1.5715206983346,1.61980621701212,0.0482855186775205,TRUE,TRUE,TRUE,TRUE,TRUE
1.7,56234.1325190349,4.75,0.05,1,0.1,1000,200,1,0,10,0.638,638,385.782131661442,38.4782131661442,0.03319375,34.4867055469176,0.0203719723183391,44.0213472393328,1.1157404732034,1.53765170897651,1.58521489626335,0.0475631872868389,TRUE,TRUE,TRUE,TRUE,TRUE
1.8,56234.1325190349,4.75,0.05,1,0.1,1000,200,1,0,10,0.831,831,350.432009626955,34.9432009626955,0.037975,32.2426684224624,0.0220293209876543,42.3330259531304,1.08375648395006,1.5084309770907,1.54336268590051,0.0349317088098117,TRUE,TRUE,TRUE,TRUE,TRUE
1.9,56234.1325190349,4.75,0.05,1,0.1,1000,200,1,0,10,0.927,927,326.621359223301,32.5621359223301,0.04274375,30.3908997408616,0.02351108033241,40.9773223035874,1.07144362950693,1.48274355781956,1.51271288481843,0.0299693269988711,TRUE,TRUE,TRUE,TRUE,TRUE
2,56234.1325190349,4.75,0.05,1,0.1,1000,200,1,0,10,0.978,978,299.156441717791,29.8156441717791,0.0475,28.8292313658267,0.02484375,39.8631205697577,1.03421571645235,1.45983306354568,1.47444419678513,0.0146111332394445,TRUE,TRUE,TRUE,TRUE,TRUE
2.1,56234.1325190349,4.75,0.05,1,0.1,1000,200,1,0,10,0.988,988,279.76012145749,27.876012145749,0.05224375,27.4892377263552,0.0260487528344671,38.9301790266153,1.01407003072417,1.43916269707055,1.44523064507266,0.00606794800211558,TRUE,TRUE,TRUE,TRUE,TRUE
2.2,56234.1325190349,4.75,0.05,1,0.1,1000,200,1,0,10,0.997,997,258.485456369107,25.7485456369107,0.056975,26.3231404759581,0.0271435950413223,38.1369699543435,0.978171493649393,1.42033770143191,1.41075270368004,-0.00958499775186609,TRUE,TRUE,TRUE,TRUE,TRUE
2.3,56234.1325190349,4.75,0.05,1,0.1,1000,200,1,0,10,0.998,998,244.803607214429,24.3803607214429,0.06169375,25.2964328395438,0.0281427221172023,37.4538802095453,0.963786509982985,1.40305928373208,1.38704012696625,-0.0160191567658249,TRUE,TRUE,TRUE,TRUE,TRUE
2.4,56234.1325190349,4.75,0.05,1,0.1,1000,200,1,0,10,1,1000,234.933,23.3933,0.0664,24.3834878963887,0.0290581597222222,36.8591923696449,0.959391047720644,1.38709582867411,1.36909149032987,-0.0180043383442351,TRUE,TRUE,TRUE,TRUE,TRUE
2.5,56234.1325190349,4.75,0.05,1,0.1,1000,200,1,0,10,1,1000,224.122,22.3122,0.07109375,23.5648216426584,0.0299,36.3365988345284,0.946843576342168,1.3722641570215,1.34854239416347,-0.0237217628580279,TRUE,TRUE,TRUE,TRUE,TRUE
2.6,56234.1325190349,4.75,0.05,1,0.1,1000,200,1,0,10,1,1000,215.835,21.4835,0.075775,22.8253211031591,0.030676775147929,35.8736045826545,0.941213484047179,1.35841689583828,1.33210503619239,-0.0263118596458934,TRUE,TRUE,TRUE,TRUE,TRUE
2.7,56234.1325190349,4.75,0.05,1,0.1,1000,200,1,0,10,1,1000,208.103,20.7103,0.08044375,22.1530595294466,0.0313957475994513,35.4604672512468,0.934873125424106,1.34543371453185,1.31618638993164,-0.0292473246002047,TRUE,TRUE,TRUE,TRUE,TRUE
2.8,56234.1325190349,4.75,0.05,1,0.1,1000,200,1,0,10,1,1000,202.107,20.1107,0.0851,21.5384818363827,0.032063137755102,35.0894739851937,0.933710191496837,1.33321508831582,1.30342718749612,-0.0297879008197033,TRUE,TRUE,TRUE,TRUE,TRUE
2.9,56234.1325190349,4.75,0.05,1,0.1,1000,200,1,0,10,1,1000,197.024,19.6024,0.08974375,20.9738308864373,0.0326843043995244,34.7544359970627,0.934612284524324,1.32167776193364,1.29230924701704,-0.0293685149166015,TRUE,TRUE,TRUE,TRUE,TRUE
3,56234.1325190349,4.75,0.05,1,0.1,1000,200,1,0,10,1,1000,191.243,19.0243,0.094375,20.4527347492131,0.0332638888888889,34.4503277253137,0.930159229720219,1.31075138603949,1.27930868585101,-0.031442700188484,TRUE,TRUE,TRUE,TRUE,TRUE
3.1,56234.1325190349,4.75,0.05,1,0.1,1000,200,1,0,10,1,1000,186.27,18.527,0.09899375,19.9699041453962,0.0338059313215401,34.1730243422842,0.927746065534881,1.30037598028255,1.26780510151397,-0.032570878768577,TRUE,TRUE,TRUE,TRUE,TRUE
3.2,56234.1325190349,4.75,0.05,1,0.1,1000,200,1,0,10,1,1000,183.277,18.2277,0.1036,19.5209069203218,0.03431396484375,33.9191075822737,0.933752723395473,1.29049999065351,1.26073187214781,-0.0297681185057004,TRUE,TRUE,TRUE,TRUE,TRUE
3.3,56234.1325190349,4.75,0.05,1,0.1,1000,200,1,0,10,1,1000,178.92,17.792,0.10819375,19.101997394801,0.0347910927456382,33.6857199326501,0.931420920664688,1.2810787814983,1.25022476990196,-0.0308540115963369,TRUE,TRUE,TRUE,TRUE,TRUE
3.4,56234.1325190349,4.75,0.05,1,0.1,1000,200,1,0,10,1,1000,174.568,17.3568,0.112775,18.7099854804317,0.0352400519031142,33.4704536460971,0.927675759992067,1.27207345047324,1.23946965917891,-0.0326037912943279,TRUE,TRUE,TRUE,TRUE,TRUE
3.5,56234.1325190349,4.75,0.05,1,0.1,1000,200,1,0,10,1,1000,173.355,17.2355,0.11734375,18.3421350538246,0.0356632653061225,33.2712652113366,0.939667053449494,1.26344988684797,1.23642388676289,-0.0270260000850807,TRUE,TRUE,TRUE,TRUE,TRUE
3.6,56234.1325190349,4.75,0.05,1,0.1,1000,200,1,0,10,1,1000,170.835,16.9835,0.1219,17.9960841616918,0.0360628858024691,33.0864086982992,0.943733083675652,1.25517801554892,1.23002719556931,-0.0251508199796159,TRUE,TRUE,TRUE,TRUE,TRUE
3.7,56234.1325190349,4.75,0.05,1,0.1,1000,200,1,0,10,1,1000,167.636,16.6636,0.12644375,17.669781722902,0.0364408327246165,32.9143832756554,0.943056358098762,1.24723118464402,1.22176883207905,-0.0254623525649711,TRUE,TRUE,TRUE,TRUE,TRUE
3.8,56234.1325190349,4.75,0.05,1,0.1,1000,200,1,0,10,1,1000,165.408,16.4408,0.130975,17.3614368428644,0.0367988227146814,32.7538914948772,0.946972312764381,1.23958566479812,1.21592294624128,-0.0236627185568423,TRUE,TRUE,TRUE,TRUE,TRUE
3.9,56234.1325190349,4.75,0.05,1,0.1,1000,200,1,0,10,1,1000,162.043,16.1043,0.13549375,17.0694778741834,0.0371383957922419,32.6038058417393,0.943455922829182,1.23222023700056,1.20694185223896,-0.0252783847615979,TRUE,TRUE,TRUE,TRUE,TRUE
4,56234.1325190349,4.75,0.05,1,0.1,1000,200,1,0,10,1,1000,162.18,16.118,0.14,16.7925190836271,0.0374609375,32.4631416994809,0.959832168106047,1.225115850519,1.20731115143613,-0.0178046990828617,TRUE,TRUE,TRUE,TRUE,TRUE
4.1,56234.1325190349,4.75,0.05,1,0.1,1000,200,1,0,10,1,1000,159.49,15.849,0.14449375,16.5293333098892,0.0377676977989292,32.3310353302746,0.958840849952356,1.21825533719666,1.2000018654066,-0.0182534717900559,TRUE,TRUE,TRUE,TRUE,TRUE
4.2,56234.1325190349,4.75,0.05,1,0.1,1000,200,1,0,10,1,1000,157.087,15.6087,0.148975,16.2788293800036,0.0380598072562358,32.2067258180896,0.95883430163432,1.2116231713097,1.1933667335341,-0.0182564377756001,TRUE,TRUE,TRUE,TRUE,TRUE
4.3,56234.1325190349,4.75,0.05,1,0.1,1000,200,1,0,10,1,1000,156.69,15.569,0.15344375,16.0400333357041,0.0383382909680909,32.0895401635769,0.970633892969808,1.20520526653526,1.19226071864204,-0.0129445478932155,TRUE,TRUE,TRUE,TRUE,TRUE
4.4,56234.1325190349,4.75,0.05,1,0.1,1000,200,1,0,10,1,1000,153.839,15.2839,0.1579,15.8120727327611,0.0386040805785124,31.9788809056498,0.966596869260109,1.19898880335397,1.18423418750955,-0.0147546158444185,TRUE,TRUE,TRUE,TRUE,TRUE
4.5,56234.1325190349,4.75,0.05,1,0.1,1000,200,1,0,10,1,1000,153.007,15.2007,0.16234375,15.5941634360534,0.038858024691358,31.8742157826087,0.974768544804161,1.19296208157147,1.18186358788802,-0.0110984936834469,TRUE,TRUE,TRUE,TRUE,TRUE
4.6,56234.1325190349,4.75,0.05,1,0.1,1000,200,1,0,10,1,1000,151.719,15.0719,0.166775,15.3855984547325,0.0391008979206049,31.7750690503403,0.979610903296645,1.1871143936958,1.17816800397373,-0.00894638972207303,TRUE,TRUE,TRUE,TRUE,TRUE
4.7,56234.1325190349,4.75,0.05,1,0.1,1000,200,1,0,10,1,1000,150.189,14.9189,0.17119375,15.185738455193,0.0393334087822544,31.6810141551214,0.982428351707733,1.18143591572861,1.1737368029261,-0.00769911280251022,TRUE,TRUE,TRUE,TRUE,TRUE
4.8,56234.1325190349,4.75,0.05,1,0.1,1000,200,1,0,10,1,1000,149.412,14.8412,0.1756,14.9940036618207,0.0395562065972222,31.5916675201684,0.989809015305915,1.17591761257307,1.17146901767539,-0.00444859489768421,TRUE,TRUE,TRUE,TRUE,TRUE
4.9,56234.1325190349,4.75,0.05,1,0.1,1000,200,1,0,10,1,1000,148.264,14.7264,0.17999375,14.8098669118382,0.0397698875468555,31.5066832529031,0.994364101153978,1.17055115577212,1.16809659265253,-0.00245456311958957,TRUE,TRUE,TRUE,TRUE,TRUE
5,56234.1325190349,4.75,0.05,1,0.1,1000,200,1,0,10,1,1000,147.683,14.6683,0.184375,14.6328476748199,0.039975,31.4257486172809,1.00242279055779,1.165328851697,1.16637978368645,0.00105093198945682,TRUE,TRUE,TRUE,TRUE,TRUE
1.1,1e+05,5,0.05,1,0.1,1000,200,1,0,10,0.238,238,86.1344537815126,8.51344537815126,0.00424375,96.4506086386733,0.00402892561983471,98.9886140059811,NA,NA,NA,NA,TRUE,TRUE,TRUE,FALSE,FALSE
1.2,1e+05,5,0.05,1,0.1,1000,200,1,0,10,0.106,106,52.877358490566,5.1877358490566,0.00910000000000001,65.8656788383031,0.00789930555555556,70.6944649279752,NA,NA,NA,NA,TRUE,TRUE,TRUE,FALSE,FALSE
1.3,1e+05,5,0.05,1,0.1,1000,200,1,0,10,0.048,48,48.0625,4.70625,0.01394375,53.2096098493633,0.0111686390532544,59.4538167925163,NA,NA,NA,NA,TRUE,TRUE,TRUE,FALSE,FALSE
1.4,1e+05,5,0.05,1,0.1,1000,200,1,0,10,0.044,44,109.659090909091,10.8659090909091,0.018775,45.8553376345614,0.0139668367346939,53.1656147690702,0.236960616831647,1.66138989552001,1.0360660672096,-0.62532382831041,TRUE,TRUE,TRUE,TRUE,TRUE
1.5,1e+05,5,0.05,1,0.1,1000,200,1,0,10,0.056,56,350.125,34.9125,0.02359375,40.9054694984262,0.0163888888888889,49.0800631579454,0.85349222067585,1.61178138170347,1.54298094870906,-0.0688004329944124,TRUE,TRUE,TRUE,TRUE,TRUE
1.6,1e+05,5,0.05,1,0.1,1000,200,1,0,10,0.183,183,450.267759562842,44.9267759562842,0.0284,37.2838453879692,0.018505859375,46.1875833563393,1.20499308718787,1.5715206983346,1.65250525378924,0.0809845554546423,TRUE,TRUE,TRUE,TRUE,TRUE
1.7,1e+05,5,0.05,1,0.1,1000,200,1,0,10,0.456,456,413.521929824561,41.2521929824561,0.03319375,34.4867055469176,0.0203719723183391,44.0213472393328,1.19617668107887,1.53765170897651,1.61544704076144,0.0777953317849306,TRUE,TRUE,TRUE,TRUE,TRUE
1.8,1e+05,5,0.05,1,0.1,1000,200,1,0,10,0.712,712,378.908707865169,37.7908707865169,0.037975,32.2426684224624,0.0220293209876543,42.3330259531304,1.17207640172205,1.5084309770907,1.57738689915232,0.068955922061615,TRUE,TRUE,TRUE,TRUE,TRUE
1.9,1e+05,5,0.05,1,0.1,1000,200,1,0,10,0.876,876,350.188356164384,34.9188356164384,0.04274375,30.3908997408616,0.02351108033241,40.9773223035874,1.1489898592732,1.48274355781956,1.54305975353907,0.0603161957195053,TRUE,TRUE,TRUE,TRUE,TRUE
2,1e+05,5,0.05,1,0.1,1000,200,1,0,10,0.949,949,325.603793466807,32.4603793466807,0.0475,28.8292313658267,0.02484375,39.8631205697577,1.12595368689428,1.45983306354568,1.51135359088169,0.0515205273360131,TRUE,TRUE,TRUE,TRUE,TRUE
2.1,1e+05,5,0.05,1,0.1,1000,200,1,0,10,0.982,982,298.495926680244,29.7495926680244,0.05224375,27.4892377263552,0.0260487528344671,38.9301790266153,1.08222690509537,1.43916269707055,1.47348102373716,0.0343183266666134,TRUE,TRUE,TRUE,TRUE,TRUE
2.2,1e+05,5,0.05,1,0.1,1000,200,1,0,10,0.996,996,277.752008032129,27.6752008032129,0.056975,26.3231404759581,0.0271435950413223,38.1369699543435,1.05136394452971,1.42033770143191,1.44209078067672,0.0217530792448109,TRUE,TRUE,TRUE,TRUE,TRUE
2.3,1e+05,5,0.05,1,0.1,1000,200,1,0,10,0.999,999,262.733733733734,26.1733733733734,0.06169375,25.2964328395438,0.0281427221172023,37.4538802095453,1.03466656897405,1.40305928373208,1.41785970059274,0.0148004168606592,TRUE,TRUE,TRUE,TRUE,TRUE
2.4,1e+05,5,0.05,1,0.1,1000,200,1,0,10,0.999,999,250.463463463463,24.9463463463463,0.0664,24.3834878963887,0.0290581597222222,36.8591923696449,1.02308359051623,1.38709582867411,1.39700694764222,0.00991111896811517,TRUE,TRUE,TRUE,TRUE,TRUE
2.5,1e+05,5,0.05,1,0.1,1000,200,1,0,10,1,1000,238.703,23.7703,0.07109375,23.5648216426584,0.0299,36.3365988345284,1.0087197077261,1.3722641570215,1.37603466290287,0.00377050588136856,TRUE,TRUE,TRUE,TRUE,TRUE
2.6,1e+05,5,0.05,1,0.1,1000,200,1,0,10,1,1000,230.11,22.911,0.075775,22.8253211031591,0.030676775147929,35.8736045826545,1.00375367761328,1.35841689583828,1.36004404532226,0.0016271494839761,TRUE,TRUE,TRUE,TRUE,TRUE
2.7,1e+05,5,0.05,1,0.1,1000,200,1,0,10,1,1000,222.056,22.1056,0.08044375,22.1530595294466,0.0313957475994513,35.4604672512468,0.997857653504542,1.34543371453185,1.34450230721533,-0.000931407316520343,TRUE,TRUE,TRUE,TRUE,TRUE
2.8,1e+05,5,0.05,1,0.1,1000,200,1,0,10,1,1000,214.8,21.38,0.0851,21.5384818363827,0.032063137755102,35.0894739851937,0.992641921673655,1.33321508831582,1.33000770087276,-0.00320738744306183,TRUE,TRUE,TRUE,TRUE,TRUE
2.9,1e+05,5,0.05,1,0.1,1000,200,1,0,10,1,1000,209.086,20.8086,0.08974375,20.9738308864373,0.0326843043995244,34.7544359970627,0.992122045451212,1.32167776193364,1.31824286191621,-0.00343490001743623,TRUE,TRUE,TRUE,TRUE,TRUE
3,1e+05,5,0.05,1,0.1,1000,200,1,0,10,1,1000,202.382,20.1382,0.094375,20.4527347492131,0.0332638888888889,34.4503277253137,0.984621384227105,1.31075138603949,1.3040206496832,-0.00673073635629404,TRUE,TRUE,TRUE,TRUE,TRUE
3.1,1e+05,5,0.05,1,0.1,1000,200,1,0,10,1,1000,197.616,19.6616,0.09899375,19.9699041453962,0.0338059313215401,34.1730243422842,0.984561561079539,1.30037598028255,1.29361885647155,-0.00675712381099765,TRUE,TRUE,TRUE,TRUE,TRUE
3.2,1e+05,5,0.05,1,0.1,1000,200,1,0,10,1,1000,193.975,19.2975,0.1036,19.5209069203218,0.03431396484375,33.9191075822737,0.988555505067789,1.29049999065351,1.28550104960205,-0.00499894105146132,TRUE,TRUE,TRUE,TRUE,TRUE
3.3,1e+05,5,0.05,1,0.1,1000,200,1,0,10,1,1000,189.681,18.8681,0.10819375,19.101997394801,0.0347910927456382,33.6857199326501,0.987755343592255,1.2810787814983,1.27572816931911,-0.00535061217918858,TRUE,TRUE,TRUE,TRUE,TRUE
3.4,1e+05,5,0.05,1,0.1,1000,200,1,0,10,1,1000,186.202,18.5202,0.112775,18.7099854804317,0.0352400519031142,33.4704536460971,0.989856460304035,1.27207345047324,1.2676456723258,-0.00442777814744509,TRUE,TRUE,TRUE,TRUE,TRUE
3.5,1e+05,5,0.05,1,0.1,1000,200,1,0,10,1,1000,182.361,18.1361,0.11734375,18.3421350538246,0.0356632653061225,33.2712652113366,0.988767117174748,1.26344988684797,1.25854390176604,-0.00490598508193635,TRUE,TRUE,TRUE,TRUE,TRUE
3.6,1e+05,5,0.05,1,0.1,1000,200,1,0,10,1,1000,179.871,17.8871,0.1219,17.9960841616918,0.0360628858024691,33.0864086982992,0.993944006889908,1.25517801554892,1.25253993497272,-0.00263808057620671,TRUE,TRUE,TRUE,TRUE,TRUE
3.7,1e+05,5,0.05,1,0.1,1000,200,1,0,10,1,1000,177.011,17.6011,0.12644375,17.669781722902,0.0364408327246165,32.9143832756554,0.996113040671411,1.24723118464402,1.24553981037107,-0.00169137427294563,TRUE,TRUE,TRUE,TRUE,TRUE
3.8,1e+05,5,0.05,1,0.1,1000,200,1,0,10,1,1000,174.451,17.3451,0.130975,17.3614368428644,0.0367988227146814,32.7538914948772,0.999059015505904,1.23958566479812,1.23917680803066,-0.000408856767464622,TRUE,TRUE,TRUE,TRUE,TRUE
3.9,1e+05,5,0.05,1,0.1,1000,200,1,0,10,1,1000,171.633,17.0633,0.13549375,17.0694778741834,0.0371383957922419,32.6038058417393,0.999638074800593,1.23222023700056,1.23206302643264,-0.00015721056791372,TRUE,TRUE,TRUE,TRUE,TRUE
4,1e+05,5,0.05,1,0.1,1000,200,1,0,10,1,1000,169.668,16.8668,0.14,16.7925190836271,0.0374609375,32.4631416994809,1.00442345284843,1.225115850519,1.22703269526453,0.00191684474553069,TRUE,TRUE,TRUE,TRUE,TRUE
4.1,1e+05,5,0.05,1,0.1,1000,200,1,0,10,1,1000,168.386,16.7386,0.14449375,16.5293333098892,0.0377676977989292,32.3310353302746,1.0126603224817,1.21825533719666,1.22371913121395,0.00546379401729026,TRUE,TRUE,TRUE,TRUE,TRUE
4.2,1e+05,5,0.05,1,0.1,1000,200,1,0,10,1,1000,165.888,16.4888,0.148975,16.2788293800036,0.0380598072562358,32.2067258180896,1.01289838569439,1.2116231713097,1.21718905028723,0.005565878977525,TRUE,TRUE,TRUE,TRUE,TRUE
4.3,1e+05,5,0.05,1,0.1,1000,200,1,0,10,1,1000,164.576,16.3576,0.15344375,16.0400333357041,0.0383382909680909,32.0895401635769,1.01979837932063,1.20520526653526,1.21371958397975,0.00851431744449111,TRUE,TRUE,TRUE,TRUE,TRUE
4.4,1e+05,5,0.05,1,0.1,1000,200,1,0,10,1,1000,162.487,16.1487,0.1579,15.8120727327611,0.0386040805785124,31.9788809056498,1.02128925618597,1.19898880335397,1.20813756657109,0.00914876321712657,TRUE,TRUE,TRUE,TRUE,TRUE
4.5,1e+05,5,0.05,1,0.1,1000,200,1,0,10,1,1000,160.964,15.9964,0.16234375,15.5941634360534,0.038858024691358,31.8742157826087,1.02579404567588,1.19296208157147,1.20402225540277,0.0110601738312984,TRUE,TRUE,TRUE,TRUE,TRUE
4.6,1e+05,5,0.05,1,0.1,1000,200,1,0,10,1,1000,160.253,15.9253,0.166775,15.3855984547325,0.0391008979206049,31.7750690503403,1.03507835895077,1.1871143936958,1.20208762230204,0.0149732286062384,TRUE,TRUE,TRUE,TRUE,TRUE
4.7,1e+05,5,0.05,1,0.1,1000,200,1,0,10,1,1000,159.362,15.8362,0.17119375,15.185738455193,0.0393334087822544,31.6810141551214,1.04283371182286,1.18143591572861,1.19965097794679,0.0182150622181845,TRUE,TRUE,TRUE,TRUE,TRUE
4.8,1e+05,5,0.05,1,0.1,1000,200,1,0,10,1,1000,158.225,15.7225,0.1756,14.9940036618207,0.0395562065972222,31.5916675201684,1.04858584502245,1.17591761257307,1.19652160340059,0.0206039908275123,TRUE,TRUE,TRUE,TRUE,TRUE
4.9,1e+05,5,0.05,1,0.1,1000,200,1,0,10,1,1000,157.036,15.6036,0.17999375,14.8098669118382,0.0397698875468555,31.5066832529031,1.05359488325499,1.17055115577212,1.1932248085957,0.022673652823582,TRUE,TRUE,TRUE,TRUE,TRUE
5,1e+05,5,0.05,1,0.1,1000,200,1,0,10,1,1000,155.323,15.4323,0.184375,14.6328476748199,0.039975,31.4257486172809,1.05463409057116,1.165328851697,1.18843065729253,0.0231018055955311,TRUE,TRUE,TRUE,TRUE,TRUE
1.1,177827.941003892,5.25,0.05,1,0.1,1000,200,1,0,10,0.247,247,84.4372469635628,8.34372469635628,0.00424375,96.4506086386733,0.00402892561983471,98.9886140059811,NA,NA,NA,NA,TRUE,TRUE,TRUE,FALSE,FALSE
1.2,177827.941003892,5.25,0.05,1,0.1,1000,200,1,0,10,0.11,110,52.9,5.19,0.00910000000000001,65.8656788383031,0.00789930555555556,70.6944649279752,NA,NA,NA,NA,TRUE,TRUE,TRUE,FALSE,FALSE
1.3,177827.941003892,5.25,0.05,1,0.1,1000,200,1,0,10,0.052,52,49.6730769230769,4.86730769230769,0.01394375,53.2096098493633,0.0111686390532544,59.4538167925163,NA,NA,NA,NA,TRUE,TRUE,TRUE,FALSE,FALSE
1.4,177827.941003892,5.25,0.05,1,0.1,1000,200,1,0,10,0.027,27,39.5185185185185,3.85185185185185,0.018775,45.8553376345614,0.0139668367346939,53.1656147690702,0.0840000761208809,1.66138989552001,0.585669575139793,-1.07572032038022,TRUE,TRUE,TRUE,TRUE,TRUE
1.5,177827.941003892,5.25,0.05,1,0.1,1000,200,1,0,10,0.021,21,128.52380952381,12.752380952381,0.02359375,40.9054694984262,0.0163888888888889,49.0800631579454,0.311752465104247,1.61178138170347,1.10559127794207,-0.506190103761403,TRUE,TRUE,TRUE,TRUE,TRUE
1.6,177827.941003892,5.25,0.05,1,0.1,1000,200,1,0,10,0.059,59,400.796610169492,39.9796610169492,0.0284,37.2838453879692,0.018505859375,46.1875833563393,1.07230519279671,1.5715206983346,1.60183910746362,0.0303184091290286,TRUE,TRUE,TRUE,TRUE,TRUE
1.7,177827.941003892,5.25,0.05,1,0.1,1000,200,1,0,10,0.246,246,426.235772357724,42.5235772357724,0.03319375,34.4867055469176,0.0203719723183391,44.0213472393328,1.23304260471969,1.53765170897651,1.6286297917969,0.0909780828203872,TRUE,TRUE,TRUE,TRUE,TRUE
1.8,177827.941003892,5.25,0.05,1,0.1,1000,200,1,0,10,0.549,549,410.402550091075,40.9402550091075,0.037975,32.2426684224624,0.0220293209876543,42.3330259531304,1.26975393204694,1.5084309770907,1.61215054347312,0.10371956638242,TRUE,TRUE,TRUE,TRUE,TRUE
1.9,177827.941003892,5.25,0.05,1,0.1,1000,200,1,0,10,0.788,788,377.397208121827,37.6397208121827,0.04274375,30.3908997408616,0.02351108033241,40.9773223035874,1.23851946250788,1.48274355781956,1.57564639344337,0.0929028356238045,TRUE,TRUE,TRUE,TRUE,TRUE
2,177827.941003892,5.25,0.05,1,0.1,1000,200,1,0,10,0.918,918,346.281045751634,34.5281045751634,0.0475,28.8292313658267,0.02484375,39.8631205697577,1.19767690428583,1.45983306354568,1.53817273835116,0.0783396748054792,TRUE,TRUE,TRUE,TRUE,TRUE
2.1,177827.941003892,5.25,0.05,1,0.1,1000,200,1,0,10,0.974,974,318.521560574949,31.7521560574949,0.05224375,27.4892377263552,0.0260487528344671,38.9301790266153,1.15507590183385,1.43916269707055,1.5017732204022,0.0626105233316557,TRUE,TRUE,TRUE,TRUE,TRUE
2.2,177827.941003892,5.25,0.05,1,0.1,1000,200,1,0,10,0.989,989,296.161779575329,29.5161779575329,0.056975,26.3231404759581,0.0271435950413223,38.1369699543435,1.12130154015973,1.42033770143191,1.47006012010839,0.0497224186764826,TRUE,TRUE,TRUE,TRUE,TRUE
2.3,177827.941003892,5.25,0.05,1,0.1,1000,200,1,0,10,0.998,998,279.733466933868,27.8733466933868,0.06169375,25.2964328395438,0.0281427221172023,37.4538802095453,1.1018686654434,1.40305928373208,1.44518911665771,0.0421298329256355,TRUE,TRUE,TRUE,TRUE,TRUE
2.4,177827.941003892,5.25,0.05,1,0.1,1000,200,1,0,10,0.999,999,266.471471471471,26.5471471471472,0.0664,24.3834878963887,0.0290581597222222,36.8591923696449,1.08873460843471,1.38709582867411,1.42401785706262,0.03692202838851,TRUE,TRUE,TRUE,TRUE,TRUE
2.5,177827.941003892,5.25,0.05,1,0.1,1000,200,1,0,10,1,1000,253.199,25.2199,0.07109375,23.5648216426584,0.0299,36.3365988345284,1.07023513194539,1.3722641570215,1.40174336020953,0.029479203188031,TRUE,TRUE,TRUE,TRUE,TRUE
2.6,177827.941003892,5.25,0.05,1,0.1,1000,200,1,0,10,1,1000,243.441,24.2441,0.075775,22.8253211031591,0.030676775147929,35.8736045826545,1.06215811337018,1.35841689583828,1.38460606668258,0.0261891708442933,TRUE,TRUE,TRUE,TRUE,TRUE
2.7,177827.941003892,5.25,0.05,1,0.1,1000,200,1,0,10,1,1000,233.971,23.2971,0.08044375,22.1530595294466,0.0313957475994513,35.4604672512468,1.05164254937485,1.34543371453185,1.36730186384224,0.0218681493103919,TRUE,TRUE,TRUE,TRUE,TRUE
2.8,177827.941003892,5.25,0.05,1,0.1,1000,200,1,0,10,1,1000,226.554,22.5554,0.0851,21.5384818363827,0.032063137755102,35.0894739851937,1.04721401310187,1.33321508831582,1.3532505333292,0.020035445013381,TRUE,TRUE,TRUE,TRUE,TRUE
2.9,177827.941003892,5.25,0.05,1,0.1,1000,200,1,0,10,1,1000,219.131,21.8131,0.08974375,20.9738308864373,0.0326843043995244,34.7544359970627,1.04001506058225,1.32167776193364,1.3387173903482,0.0170396284145567,TRUE,TRUE,TRUE,TRUE,TRUE
3,177827.941003892,5.25,0.05,1,0.1,1000,200,1,0,10,1,1000,214.954,21.3954,0.094375,20.4527347492131,0.0332638888888889,34.4503277253137,1.04608993674175,1.31075138603949,1.33032041029501,0.0195690242555171,TRUE,TRUE,TRUE,TRUE,TRUE
3.1,177827.941003892,5.25,0.05,1,0.1,1000,200,1,0,10,1,1000,208.571,20.7571,0.09899375,19.9699041453962,0.0338059313215401,34.1730243422842,1.03941911032083,1.30037598028255,1.31716667759774,0.0167906973151928,TRUE,TRUE,TRUE,TRUE,TRUE
3.2,177827.941003892,5.25,0.05,1,0.1,1000,200,1,0,10,1,1000,202.413,20.1413,0.1036,19.5209069203218,0.03431396484375,33.9191075822737,1.03178095578297,1.29049999065351,1.30408749822385,0.0135875075703408,TRUE,TRUE,TRUE,TRUE,TRUE
3.3,177827.941003892,5.25,0.05,1,0.1,1000,200,1,0,10,1,1000,198.157,19.7157,0.10819375,19.101997394801,0.0347910927456382,33.6857199326501,1.03212766667878,1.2810787814983,1.29481220117797,0.0137334196796683,TRUE,TRUE,TRUE,TRUE,TRUE
3.4,177827.941003892,5.25,0.05,1,0.1,1000,200,1,0,10,1,1000,195.134,19.4134,0.112775,18.7099854804317,0.0352400519031142,33.4704536460971,1.03759567426196,1.27207345047324,1.28810160297864,0.0160281525054023,TRUE,TRUE,TRUE,TRUE,TRUE
3.5,177827.941003892,5.25,0.05,1,0.1,1000,200,1,0,10,1,1000,191.445,19.0445,0.11734375,18.3421350538246,0.0356632653061225,33.2712652113366,1.03829243128536,1.26344988684797,1.2797695750494,0.0163196882014217,TRUE,TRUE,TRUE,TRUE,TRUE
3.6,177827.941003892,5.25,0.05,1,0.1,1000,200,1,0,10,1,1000,189.511,18.8511,0.1219,17.9960841616918,0.0360628858024691,33.0864086982992,1.04751121580817,1.25517801554892,1.27533669724694,0.0201586816980198,TRUE,TRUE,TRUE,TRUE,TRUE
3.7,177827.941003892,5.25,0.05,1,0.1,1000,200,1,0,10,1,1000,187.087,18.6087,0.12644375,17.669781722902,0.0364408327246165,32.9143832756554,1.05313694825563,1.24723118464402,1.26971603446624,0.0224848498222224,TRUE,TRUE,TRUE,TRUE,TRUE
3.8,177827.941003892,5.25,0.05,1,0.1,1000,200,1,0,10,1,1000,183.281,18.2281,0.130975,17.3614368428644,0.0367988227146814,32.7538914948772,1.0499188612659,1.23958566479812,1.2607414024718,0.0211557376736806,TRUE,TRUE,TRUE,TRUE,TRUE
3.9,177827.941003892,5.25,0.05,1,0.1,1000,200,1,0,10,1,1000,181.198,18.0198,0.13549375,17.0694778741834,0.0371383957922419,32.6038058417393,1.05567376652182,1.23222023700056,1.25574996647776,0.0235297294772057,TRUE,TRUE,TRUE,TRUE,TRUE
4,177827.941003892,5.25,0.05,1,0.1,1000,200,1,0,10,1,1000,178.613,17.7613,0.14,16.7925190836271,0.0374609375,32.4631416994809,1.0576912202123,1.225115850519,1.24947474985273,0.024358899333736,TRUE,TRUE,TRUE,TRUE,TRUE
4.1,177827.941003892,5.25,0.05,1,0.1,1000,200,1,0,10,1,1000,175.53,17.453,0.14449375,16.5293333098892,0.0377676977989292,32.3310353302746,1.05588045644637,1.21825533719666,1.24187008868562,0.0236147514889612,TRUE,TRUE,TRUE,TRUE,TRUE
4.2,177827.941003892,5.25,0.05,1,0.1,1000,200,1,0,10,1,1000,174.504,17.3504,0.148975,16.2788293800036,0.0380598072562358,32.2067258180896,1.06582602440153,1.2116231713097,1.23930949156437,0.0276863202546699,TRUE,TRUE,TRUE,TRUE,TRUE
4.3,177827.941003892,5.25,0.05,1,0.1,1000,200,1,0,10,1,1000,172.447,17.1447,0.15344375,16.0400333357041,0.0383382909680909,32.0895401635769,1.06886934965633,1.20520526653526,1.23412989018094,0.0289246236456855,TRUE,TRUE,TRUE,TRUE,TRUE
4.4,177827.941003892,5.25,0.05,1,0.1,1000,200,1,0,10,1,1000,171.22,17.022,0.1579,15.8120727327611,0.0386040805785124,31.9788809056498,1.07651920704438,1.19898880335397,1.2310105861795,0.0320217828255281,TRUE,TRUE,TRUE,TRUE,TRUE
4.5,177827.941003892,5.25,0.05,1,0.1,1000,200,1,0,10,1,1000,169.12,16.812,0.16234375,15.5941634360534,0.038858024691358,31.8742157826087,1.07809566501855,1.19296208157147,1.2256193813334,0.0326572997619296,TRUE,TRUE,TRUE,TRUE,TRUE
4.6,177827.941003892,5.25,0.05,1,0.1,1000,200,1,0,10,1,1000,167.411,16.6411,0.166775,15.3855984547325,0.0391008979206049,31.7750690503403,1.08160238608601,1.1871143936958,1.22118203037662,0.0340676366808138,TRUE,TRUE,TRUE,TRUE,TRUE
4.7,177827.941003892,5.25,0.05,1,0.1,1000,200,1,0,10,1,1000,167.349,16.6349,0.17119375,15.185738455193,0.0393334087822544,31.6810141551214,1.09542911259027,1.18143591572861,1.22102019446972,0.039584278741112,TRUE,TRUE,TRUE,TRUE,TRUE
4.8,177827.941003892,5.25,0.05,1,0.1,1000,200,1,0,10,1,1000,165.951,16.4951,0.1756,14.9940036618207,0.0395562065972222,31.5916675201684,1.10011311001621,1.17591761257307,1.217354952759,0.041437340185922,TRUE,TRUE,TRUE,TRUE,TRUE
4.9,177827.941003892,5.25,0.05,1,0.1,1000,200,1,0,10,1,1000,164.001,16.3001,0.17999375,14.8098669118382,0.0397698875468555,31.5066832529031,1.10062434031535,1.17055115577212,1.21219026877911,0.0416391130069893,TRUE,TRUE,TRUE,TRUE,TRUE
5,177827.941003892,5.25,0.05,1,0.1,1000,200,1,0,10,1,1000,162.457,16.1457,0.184375,14.6328476748199,0.039975,31.4257486172809,1.10338741704962,1.165328851697,1.20805687868406,0.0427280269870681,TRUE,TRUE,TRUE,TRUE,TRUE
1.1,316227.766016838,5.5,0.05,1,0.1,1000,200,1,0,10,0.244,244,82.9877049180328,8.19877049180328,0.00424375,96.4506086386733,0.00402892561983471,98.9886140059811,NA,NA,NA,NA,TRUE,TRUE,TRUE,FALSE,FALSE
1.2,316227.766016838,5.5,0.05,1,0.1,1000,200,1,0,10,0.102,102,51.2156862745098,5.02156862745098,0.00910000000000001,65.8656788383031,0.00789930555555556,70.6944649279752,NA,NA,NA,NA,TRUE,TRUE,TRUE,FALSE,FALSE
1.3,316227.766016838,5.5,0.05,1,0.1,1000,200,1,0,10,0.066,66,48.1969696969697,4.71969696969697,0.01394375,53.2096098493633,0.0111686390532544,59.4538167925163,NA,NA,NA,NA,TRUE,TRUE,TRUE,FALSE,FALSE
1.4,316227.766016838,5.5,0.05,1,0.1,1000,200,1,0,10,0.034,34,41,4,0.018775,45.8553376345614,0.0139668367346939,53.1656147690702,0.0872308482793763,1.66138989552001,0.602059991327962,-1.05932990419205,TRUE,TRUE,TRUE,TRUE,TRUE
1.5,316227.766016838,5.5,0.05,1,0.1,1000,200,1,0,10,0.021,21,30.2857142857143,2.92857142857143,0.02359375,40.9054694984262,0.0163888888888889,49.0800631579454,0.071593639297652,1.61178138170347,0.466655821041497,-1.14512556066198,TRUE,TRUE,TRUE,TRUE,TRUE
1.6,316227.766016838,5.5,0.05,1,0.1,1000,200,1,0,10,0.016,16,165.0625,16.40625,0.0284,37.2838453879692,0.018505859375,46.1875833563393,0.440036424067298,1.5715206983346,1.21500932508605,-0.356511373248545,TRUE,TRUE,TRUE,TRUE,TRUE
1.7,316227.766016838,5.5,0.05,1,0.1,1000,200,1,0,10,0.099,99,424.888888888889,42.3888888888889,0.03319375,34.4867055469176,0.0203719723183391,44.0213472393328,1.22913708968869,1.53765170897651,1.62725203285157,0.0896003238750657,TRUE,TRUE,TRUE,TRUE,TRUE
1.8,316227.766016838,5.5,0.05,1,0.1,1000,200,1,0,10,0.332,332,430.55421686747,42.955421686747,0.037975,32.2426684224624,0.0220293209876543,42.3330259531304,1.33225392898379,1.5084309770907,1.63301798679439,0.124587009703688,TRUE,TRUE,TRUE,TRUE,TRUE
1.9,316227.766016838,5.5,0.05,1,0.1,1000,200,1,0,10,0.65,650,403.664615384615,40.2664615384615,0.04274375,30.3908997408616,0.02351108033241,40.9773223035874,1.3249512808705,1.48274355781956,1.60494346715797,0.122199909338409,TRUE,TRUE,TRUE,TRUE,TRUE
2,316227.766016838,5.5,0.05,1,0.1,1000,200,1,0,10,0.865,865,371.620809248555,37.0620809248555,0.0475,28.8292313658267,0.02484375,39.8631205697577,1.28557298162266,1.45983306354568,1.56892980000205,0.10909673645637,TRUE,TRUE,TRUE,TRUE,TRUE
2.1,316227.766016838,5.5,0.05,1,0.1,1000,200,1,0,10,0.948,948,342.123417721519,34.1123417721519,0.05224375,27.4892377263552,0.0260487528344671,38.9301790266153,1.24093443811455,1.43916269707055,1.53291153423631,0.093748837165758,TRUE,TRUE,TRUE,TRUE,TRUE
2.2,316227.766016838,5.5,0.05,1,0.1,1000,200,1,0,10,0.977,977,318.264073694985,31.7264073694985,0.056975,26.3231404759581,0.0271435950413223,38.1369699543435,1.20526680311855,1.42033770143191,1.50142089630655,0.0810831948746422,TRUE,TRUE,TRUE,TRUE,TRUE
2.3,316227.766016838,5.5,0.05,1,0.1,1000,200,1,0,10,0.995,995,300.098492462312,29.9098492462312,0.06169375,25.2964328395438,0.0281427221172023,37.4538802095453,1.18237418832728,1.40305928373208,1.47581422407462,0.0727549403425402,TRUE,TRUE,TRUE,TRUE,TRUE
2.4,316227.766016838,5.5,0.05,1,0.1,1000,200,1,0,10,0.996,996,282.383534136546,28.1383534136546,0.0664,24.3834878963887,0.0290581597222222,36.8591923696449,1.15399214145332,1.38709582867411,1.44929868001108,0.0622028513369731,TRUE,TRUE,TRUE,TRUE,TRUE
2.5,316227.766016838,5.5,0.05,1,0.1,1000,200,1,0,10,0.999,999,269.431431431431,26.8431431431431,0.07109375,23.5648216426584,0.0299,36.3365988345284,1.13911930037909,1.3722641570215,1.42883336730176,0.0565692102802554,TRUE,TRUE,TRUE,TRUE,TRUE
2.6,316227.766016838,5.5,0.05,1,0.1,1000,200,1,0,10,1,1000,255.564,25.4564,0.075775,22.8253211031591,0.030676775147929,35.8736045826545,1.11527018108309,1.35841689583828,1.40579698648651,0.0473800906482223,TRUE,TRUE,TRUE,TRUE,TRUE
2.7,316227.766016838,5.5,0.05,1,0.1,1000,200,1,0,10,1,1000,247.637,24.6637,0.08044375,22.1530595294466,0.0313957475994513,35.4604672512468,1.11333154534326,1.34543371453185,1.39205822915533,0.0466245146234777,TRUE,TRUE,TRUE,TRUE,TRUE
2.8,316227.766016838,5.5,0.05,1,0.1,1000,200,1,0,10,1,1000,239.776,23.8776,0.0851,21.5384818363827,0.032063137755102,35.0894739851937,1.10860181239265,1.33321508831582,1.37799067257721,0.0447755842613889,TRUE,TRUE,TRUE,TRUE,TRUE
2.9,316227.766016838,5.5,0.05,1,0.1,1000,200,1,0,10,1,1000,232.751,23.1751,0.08974375,20.9738308864373,0.0326843043995244,34.7544359970627,1.10495312589681,1.32167776193364,1.36502161679084,0.0433438548571958,TRUE,TRUE,TRUE,TRUE,TRUE
3,316227.766016838,5.5,0.05,1,0.1,1000,200,1,0,10,1,1000,224.571,22.3571,0.094375,20.4527347492131,0.0332638888888889,34.4503277253137,1.09311054360885,1.31075138603949,1.34941546935403,0.038664083314536,TRUE,TRUE,TRUE,TRUE,TRUE
3.1,316227.766016838,5.5,0.05,1,0.1,1000,200,1,0,10,1,1000,218.654,21.7654,0.09899375,19.9699041453962,0.0338059313215401,34.1730243422842,1.08991008877816,1.30037598028255,1.33776665294053,0.0373906726579836,TRUE,TRUE,TRUE,TRUE,TRUE
3.2,316227.766016838,5.5,0.05,1,0.1,1000,200,1,0,10,1,1000,214.064,21.3064,0.1036,19.5209069203218,0.03431396484375,33.9191075822737,1.09146568276597,1.29049999065351,1.32851007607689,0.0380100854233821,TRUE,TRUE,TRUE,TRUE,TRUE
3.3,316227.766016838,5.5,0.05,1,0.1,1000,200,1,0,10,1,1000,208.803,20.7803,0.10819375,19.101997394801,0.0347910927456382,33.6857199326501,1.08786005832332,1.2810787814983,1.31765181306736,0.0365730315690612,TRUE,TRUE,TRUE,TRUE,TRUE
3.4,316227.766016838,5.5,0.05,1,0.1,1000,200,1,0,10,1,1000,204.504,20.3504,0.112775,18.7099854804317,0.0352400519031142,33.4704536460971,1.08767588415737,1.27207345047324,1.30857294997822,0.036499499504975,TRUE,TRUE,TRUE,TRUE,TRUE
3.5,316227.766016838,5.5,0.05,1,0.1,1000,200,1,0,10,1,1000,200.835,19.9835,0.11734375,18.3421350538246,0.0356632653061225,33.2712652113366,1.08948603536932,1.26344988684797,1.30067155483923,0.0372216679912578,TRUE,TRUE,TRUE,TRUE,TRUE
3.6,316227.766016838,5.5,0.05,1,0.1,1000,200,1,0,10,1,1000,198.418,19.7418,0.1219,17.9960841616918,0.0360628858024691,33.0864086982992,1.09700531641346,1.25517801554892,1.29538674784873,0.0402087322998106,TRUE,TRUE,TRUE,TRUE,TRUE
3.7,316227.766016838,5.5,0.05,1,0.1,1000,200,1,0,10,1,1000,195.113,19.4113,0.12644375,17.669781722902,0.0364408327246165,32.9143832756554,1.09855912791729,1.24723118464402,1.28805462162848,0.0408234369844594,TRUE,TRUE,TRUE,TRUE,TRUE
3.8,316227.766016838,5.5,0.05,1,0.1,1000,200,1,0,10,1,1000,191.785,19.0785,0.130975,17.3614368428644,0.0367988227146814,32.7538914948772,1.09890098225605,1.23958566479812,1.28054422637797,0.0409585615798494,TRUE,TRUE,TRUE,TRUE,TRUE
3.9,316227.766016838,5.5,0.05,1,0.1,1000,200,1,0,10,1,1000,189.751,18.8751,0.13549375,17.0694778741834,0.0371383957922419,32.6038058417393,1.10578074731551,1.23222023700056,1.27588926119305,0.0436690241924926,TRUE,TRUE,TRUE,TRUE,TRUE
4,316227.766016838,5.5,0.05,1,0.1,1000,200,1,0,10,1,1000,187.83,18.683,0.14,16.7925190836271,0.0374609375,32.4631416994809,1.11257875646639,1.225115850519,1.27144661380176,0.0463307632827686,TRUE,TRUE,TRUE,TRUE,TRUE
4.1,316227.766016838,5.5,0.05,1,0.1,1000,200,1,0,10,1,1000,185.434,18.4434,0.14449375,16.5293333098892,0.0377676977989292,32.3310353302746,1.11579817856087,1.21825533719666,1.26584098532531,0.0475856481286545,TRUE,TRUE,TRUE,TRUE,TRUE
4.2,316227.766016838,5.5,0.05,1,0.1,1000,200,1,0,10,1,1000,182.725,18.1725,0.148975,16.2788293800036,0.0380598072562358,32.2067258180896,1.11632719870647,1.2116231713097,1.25941467752921,0.0477915062195034,TRUE,TRUE,TRUE,TRUE,TRUE
4.3,316227.766016838,5.5,0.05,1,0.1,1000,200,1,0,10,1,1000,181.308,18.0308,0.15344375,16.0400333357041,0.0383382909680909,32.0895401635769,1.12411237699017,1.20520526653526,1.25601499615545,0.0508097296201882,TRUE,TRUE,TRUE,TRUE,TRUE
4.4,316227.766016838,5.5,0.05,1,0.1,1000,200,1,0,10,1,1000,178.437,17.7437,0.1579,15.8120727327611,0.0386040805785124,31.9788809056498,1.12216154705871,1.19898880335397,1.24904418607256,0.0500553827185886,TRUE,TRUE,TRUE,TRUE,TRUE
4.5,316227.766016838,5.5,0.05,1,0.1,1000,200,1,0,10,1,1000,178.555,17.7555,0.16234375,15.5941634360534,0.038858024691358,31.8742157826087,1.13859907091583,1.19296208157147,1.24933290666768,0.05637082509621,TRUE,TRUE,TRUE,TRUE,TRUE
4.6,316227.766016838,5.5,0.05,1,0.1,1000,200,1,0,10,1,1000,176.2,17.52,0.166775,15.3855984547325,0.0391008979206049,31.7750690503403,1.13872723583339,1.1871143936958,1.24353410183206,0.0564197081362574,TRUE,TRUE,TRUE,TRUE,TRUE
4.7,316227.766016838,5.5,0.05,1,0.1,1000,200,1,0,10,1,1000,175.089,17.4089,0.17119375,15.185738455193,0.0393334087822544,31.6810141551214,1.14639798725407,1.18143591572861,1.24077133062207,0.0593354148934595,TRUE,TRUE,TRUE,TRUE,TRUE
4.8,316227.766016838,5.5,0.05,1,0.1,1000,200,1,0,10,1,1000,174.105,17.3105,0.1756,14.9940036618207,0.0395562065972222,31.5916675201684,1.15449484943623,1.17591761257307,1.23830961230664,0.0623919997335662,TRUE,TRUE,TRUE,TRUE,TRUE
4.9,316227.766016838,5.5,0.05,1,0.1,1000,200,1,0,10,1,1000,171.858,17.0858,0.17999375,14.8098669118382,0.0397698875468555,31.5066832529031,1.15367680896191,1.17055115577212,1.23263531836753,0.0620841625954091,TRUE,TRUE,TRUE,TRUE,TRUE
5,316227.766016838,5.5,0.05,1,0.1,1000,200,1,0,10,1,1000,171.222,17.0222,0.184375,14.6328476748199,0.039975,31.4257486172809,1.16328689932936,1.165328851697,1.23101568889281,0.0656868371958187,TRUE,TRUE,TRUE,TRUE,TRUE
1.1,562341.325190349,5.75,0.05,1,0.1,1000,200,1,0,10,0.223,223,83.2242152466368,8.22242152466368,0.00424375,96.4506086386733,0.00402892561983471,98.9886140059811,NA,NA,NA,NA,TRUE,TRUE,TRUE,FALSE,FALSE
1.2,562341.325190349,5.75,0.05,1,0.1,1000,200,1,0,10,0.103,103,62.3203883495146,6.13203883495146,0.00910000000000001,65.8656788383031,0.00789930555555556,70.6944649279752,NA,NA,NA,NA,TRUE,TRUE,TRUE,FALSE,FALSE
1.3,562341.325190349,5.75,0.05,1,0.1,1000,200,1,0,10,0.061,61,43,4.2,0.01394375,53.2096098493633,0.0111686390532544,59.4538167925163,NA,NA,NA,NA,TRUE,TRUE,TRUE,FALSE,FALSE
1.4,562341.325190349,5.75,0.05,1,0.1,1000,200,1,0,10,0.042,42,37.1904761904762,3.61904761904762,0.018775,45.8553376345614,0.0139668367346939,53.1656147690702,0.0789231484432452,1.66138989552001,0.558594297546872,-1.10279559797314,TRUE,TRUE,TRUE,TRUE,TRUE
1.5,562341.325190349,5.75,0.05,1,0.1,1000,200,1,0,10,0.025,25,28.68,2.768,0.02359375,40.9054694984262,0.0163888888888889,49.0800631579454,0.0676682124405515,1.61178138170347,0.44216608578472,-1.16961529591875,TRUE,TRUE,TRUE,TRUE,TRUE
1.6,562341.325190349,5.75,0.05,1,0.1,1000,200,1,0,10,0.015,15,18.8666666666667,1.78666666666667,0.0284,37.2838453879692,0.018505859375,46.1875833563393,0.0479206650514432,1.5715206983346,0.252043534973108,-1.31947716336149,TRUE,TRUE,TRUE,TRUE,TRUE
1.7,562341.325190349,5.75,0.05,1,0.1,1000,200,1,0,10,0.018,18,301.444444444444,30.0444444444444,0.03319375,34.4867055469176,0.0203719723183391,44.0213472393328,0.871189171826528,1.53765170897651,1.47776417783027,-0.0598875311462352,TRUE,TRUE,TRUE,TRUE,TRUE
1.8,562341.325190349,5.75,0.05,1,0.1,1000,200,1,0,10,0.162,162,443.938271604938,44.2938271604938,0.037975,32.2426684224624,0.0220293209876543,42.3330259531304,1.37376431069941,1.5084309770907,1.64634320665358,0.137912229562878,TRUE,TRUE,TRUE,TRUE,TRUE
1.9,562341.325190349,5.75,0.05,1,0.1,1000,200,1,0,10,0.473,473,425.942917547569,42.4942917547569,0.04274375,30.3908997408616,0.02351108033241,40.9773223035874,1.39825711371164,1.48274355781956,1.62833059532305,0.145587037503487,TRUE,TRUE,TRUE,TRUE,TRUE
2,562341.325190349,5.75,0.05,1,0.1,1000,200,1,0,10,0.774,774,398.085271317829,39.7085271317829,0.0475,28.8292313658267,0.02484375,39.8631205697577,1.37737030265927,1.45983306354568,1.59888377851686,0.13905071497118,TRUE,TRUE,TRUE,TRUE,TRUE
2.1,562341.325190349,5.75,0.05,1,0.1,1000,200,1,0,10,0.915,915,367.760655737705,36.6760655737705,0.05224375,27.4892377263552,0.0260487528344671,38.9301790266153,1.33419725708172,1.43916269707055,1.56438274054084,0.125220043470291,TRUE,TRUE,TRUE,TRUE,TRUE
2.2,562341.325190349,5.75,0.05,1,0.1,1000,200,1,0,10,0.966,966,341.389233954451,34.0389233954451,0.056975,26.3231404759581,0.0271435950413223,38.1369699543435,1.29311787195506,1.42033770143191,1.53197581548977,0.11163811405786,TRUE,TRUE,TRUE,TRUE,TRUE
2.3,562341.325190349,5.75,0.05,1,0.1,1000,200,1,0,10,0.992,992,316.733870967742,31.5733870967742,0.06169375,25.2964328395438,0.0281427221172023,37.4538802095453,1.24813594458339,1.40305928373208,1.49932117418027,0.0962618904481932,TRUE,TRUE,TRUE,TRUE,TRUE
2.4,562341.325190349,5.75,0.05,1,0.1,1000,200,1,0,10,0.996,996,298.743975903614,29.7743975903614,0.0664,24.3834878963887,0.0290581597222222,36.8591923696449,1.22108853814844,1.38709582867411,1.47384298339315,0.0867471547190466,TRUE,TRUE,TRUE,TRUE,TRUE
2.5,562341.325190349,5.75,0.05,1,0.1,1000,200,1,0,10,1,1000,284.53,28.353,0.07109375,23.5648216426584,0.0299,36.3365988345284,1.20319179283215,1.3722641570215,1.45259901788554,0.0803348608640346,TRUE,TRUE,TRUE,TRUE,TRUE
2.6,562341.325190349,5.75,0.05,1,0.1,1000,200,1,0,10,1,1000,272.432,27.1432,0.075775,22.8253211031591,0.030676775147929,35.8736045826545,1.18917056532638,1.35841689583828,1.43366104672896,0.0752441508906747,TRUE,TRUE,TRUE,TRUE,TRUE
2.7,562341.325190349,5.75,0.05,1,0.1,1000,200,1,0,10,1,1000,260.635,25.9635,0.08044375,22.1530595294466,0.0313957475994513,35.4604672512468,1.17200515646556,1.34543371453185,1.41436323698151,0.0689295224496609,TRUE,TRUE,TRUE,TRUE,TRUE
2.8,562341.325190349,5.75,0.05,1,0.1,1000,200,1,0,10,1,1000,251.464,25.0464,0.0851,21.5384818363827,0.032063137755102,35.0894739851937,1.16286747553821,1.33321508831582,1.39874531213979,0.0655302238239681,TRUE,TRUE,TRUE,TRUE,TRUE
2.9,562341.325190349,5.75,0.05,1,0.1,1000,200,1,0,10,1,1000,242.811,24.1811,0.08974375,20.9738308864373,0.0326843043995244,34.7544359970627,1.15291765872093,1.32167776193364,1.38347605306173,0.0617982911280864,TRUE,TRUE,TRUE,TRUE,TRUE
3,562341.325190349,5.75,0.05,1,0.1,1000,200,1,0,10,1,1000,236.706,23.5706,0.094375,20.4527347492131,0.0332638888888889,34.4503277253137,1.15244246253704,1.31075138603949,1.37237063782227,0.0616192517827762,TRUE,TRUE,TRUE,TRUE,TRUE
3.1,562341.325190349,5.75,0.05,1,0.1,1000,200,1,0,10,1,1000,230.509,22.9509,0.09899375,19.9699041453962,0.0338059313215401,34.1730243422842,1.1492744197919,1.30037598028255,1.3607997206955,0.0604237404129483,TRUE,TRUE,TRUE,TRUE,TRUE
3.2,562341.325190349,5.75,0.05,1,0.1,1000,200,1,0,10,1,1000,224.238,22.3238,0.1036,19.5209069203218,0.03431396484375,33.9191075822737,1.14358416292433,1.29049999065351,1.34876812299686,0.0582681323433517,TRUE,TRUE,TRUE,TRUE,TRUE
3.3,562341.325190349,5.75,0.05,1,0.1,1000,200,1,0,10,1,1000,219.287,21.8287,0.10819375,19.101997394801,0.0347910927456382,33.6857199326501,1.14274437111698,1.2810787814983,1.33902787223512,0.0579490907368169,TRUE,TRUE,TRUE,TRUE,TRUE
3.4,562341.325190349,5.75,0.05,1,0.1,1000,200,1,0,10,1,1000,214.998,21.3998,0.112775,18.7099854804317,0.0352400519031142,33.4704536460971,1.14376358134439,1.27207345047324,1.33040971450329,0.0583362640300496,TRUE,TRUE,TRUE,TRUE,TRUE
3.5,562341.325190349,5.75,0.05,1,0.1,1000,200,1,0,10,1,1000,212.7,21.17,0.11734375,18.3421350538246,0.0356632653061225,33.2712652113366,1.1541731612965,1.26344988684797,1.32572085801941,0.0622709711714376,TRUE,TRUE,TRUE,TRUE,TRUE
3.6,562341.325190349,5.75,0.05,1,0.1,1000,200,1,0,10,1,1000,207.711,20.6711,0.1219,17.9960841616918,0.0360628858024691,33.0864086982992,1.14864432808124,1.25517801554892,1.31536358795864,0.0601855724097128,TRUE,TRUE,TRUE,TRUE,TRUE
3.7,562341.325190349,5.75,0.05,1,0.1,1000,200,1,0,10,1,1000,204.136,20.3136,0.12644375,17.669781722902,0.0364408327246165,32.9143832756554,1.14962370891494,1.24723118464402,1.30778689640272,0.0605557117586982,TRUE,TRUE,TRUE,TRUE,TRUE
3.8,562341.325190349,5.75,0.05,1,0.1,1000,200,1,0,10,1,1000,200.828,19.9828,0.130975,17.3614368428644,0.0367988227146814,32.7538914948772,1.15098768499757,1.23958566479812,1.30065634171531,0.061070676917184,TRUE,TRUE,TRUE,TRUE,TRUE
3.9,562341.325190349,5.75,0.05,1,0.1,1000,200,1,0,10,1,1000,198.906,19.7906,0.13549375,17.0694778741834,0.0371383957922419,32.6038058417393,1.15941449093368,1.23222023700056,1.29645896109569,0.064238724095133,TRUE,TRUE,TRUE,TRUE,TRUE
4,562341.325190349,5.75,0.05,1,0.1,1000,200,1,0,10,1,1000,195.855,19.4855,0.14,16.7925190836271,0.0374609375,32.4631416994809,1.16036789376042,1.225115850519,1.28971155431423,0.0645957037952363,TRUE,TRUE,TRUE,TRUE,TRUE
4.1,562341.325190349,5.75,0.05,1,0.1,1000,200,1,0,10,1,1000,193.749,19.2749,0.14449375,16.5293333098892,0.0377676977989292,32.3310353302746,1.16610268778766,1.21825533719666,1.28499213356809,0.0667367963714291,TRUE,TRUE,TRUE,TRUE,TRUE
4.2,562341.325190349,5.75,0.05,1,0.1,1000,200,1,0,10,1,1000,191.747,19.0747,0.148975,16.2788293800036,0.0380598072562358,32.2067258180896,1.1717488742422,1.2116231713097,1.2804577162537,0.0688345449439975,TRUE,TRUE,TRUE,TRUE,TRUE
4.3,562341.325190349,5.75,0.05,1,0.1,1000,200,1,0,10,1,1000,189.437,18.8437,0.15344375,16.0400333357041,0.0383382909680909,32.0895401635769,1.174791822786,1.20520526653526,1.27516618146188,0.0699609149266232,TRUE,TRUE,TRUE,TRUE,TRUE
4.4,562341.325190349,5.75,0.05,1,0.1,1000,200,1,0,10,1,1000,187.914,18.6914,0.1579,15.8120727327611,0.0386040805785124,31.9788809056498,1.18209676339733,1.19898880335397,1.27164183158235,0.0726530282283851,TRUE,TRUE,TRUE,TRUE,TRUE
4.5,562341.325190349,5.75,0.05,1,0.1,1000,200,1,0,10,1,1000,186.329,18.5329,0.16234375,15.5941634360534,0.038858024691358,31.8742157826087,1.18845105580671,1.19296208157147,1.2679433823763,0.0749813008048295,TRUE,TRUE,TRUE,TRUE,TRUE
4.6,562341.325190349,5.75,0.05,1,0.1,1000,200,1,0,10,1,1000,183.798,18.2798,0.166775,15.3855984547325,0.0391008979206049,31.7750690503403,1.18811108022758,1.1871143936958,1.26197143979105,0.0748570460952498,TRUE,TRUE,TRUE,TRUE,TRUE
4.7,562341.325190349,5.75,0.05,1,0.1,1000,200,1,0,10,1,1000,182.59,18.159,0.17119375,15.185738455193,0.0393334087822544,31.6810141551214,1.19579301682166,1.18143591572861,1.25909192863221,0.0776560129036056,TRUE,TRUE,TRUE,TRUE,TRUE
4.8,562341.325190349,5.75,0.05,1,0.1,1000,200,1,0,10,1,1000,180.828,17.9828,0.1756,14.9940036618207,0.0395562065972222,31.5916675201684,1.19933277366003,1.17591761257307,1.25485731419778,0.0789397016247078,TRUE,TRUE,TRUE,TRUE,TRUE
4.9,562341.325190349,5.75,0.05,1,0.1,1000,200,1,0,10,1,1000,179.441,17.8441,0.17999375,14.8098669118382,0.0397698875468555,31.5066832529031,1.2048791596997,1.17055115577212,1.25149464840316,0.0809434926310443,TRUE,TRUE,TRUE,TRUE,TRUE
5,562341.325190349,5.75,0.05,1,0.1,1000,200,1,0,10,1,1000,178.154,17.7154,0.184375,14.6328476748199,0.039975,31.4257486172809,1.21065976996976,1.165328851697,1.24835096281266,0.0830221111156683,TRUE,TRUE,TRUE,TRUE,TRUE
1.1,1e+06,6,0.05,1,0.1,1000,200,1,0,10,0.247,247,82.834008097166,8.1834008097166,0.00424375,96.4506086386733,0.00402892561983471,98.9886140059811,NA,NA,NA,NA,TRUE,TRUE,TRUE,FALSE,FALSE
1.2,1e+06,6,0.05,1,0.1,1000,200,1,0,10,0.111,111,58.1531531531532,5.71531531531532,0.00910000000000001,65.8656788383031,0.00789930555555556,70.6944649279752,NA,NA,NA,NA,TRUE,TRUE,TRUE,FALSE,FALSE
1.3,1e+06,6,0.05,1,0.1,1000,200,1,0,10,0.052,52,40.7307692307692,3.97307692307692,0.01394375,53.2096098493633,0.0111686390532544,59.4538167925163,NA,NA,NA,NA,TRUE,TRUE,TRUE,FALSE,FALSE
1.4,1e+06,6,0.05,1,0.1,1000,200,1,0,10,0.035,35,37.4285714285714,3.64285714285714,0.018775,45.8553376345614,0.0139668367346939,53.1656147690702,0.0794423796830034,1.66138989552001,0.561442140419698,-1.09994775510031,TRUE,TRUE,TRUE,TRUE,TRUE
1.5,1e+06,6,0.05,1,0.1,1000,200,1,0,10,0.02,20,27.15,2.615,0.02359375,40.9054694984262,0.0163888888888889,49.0800631579454,0.0639278813338302,1.61178138170347,0.417471693203293,-1.19430968850018,TRUE,TRUE,TRUE,TRUE,TRUE
1.6,1e+06,6,0.05,1,0.1,1000,200,1,0,10,0.012,12,25.75,2.475,0.0284,37.2838453879692,0.018505859375,46.1875833563393,0.0663826376878667,1.5715206983346,0.393575203269588,-1.17794549506501,TRUE,TRUE,TRUE,TRUE,TRUE
1.7,1e+06,6,0.05,1,0.1,1000,200,1,0,10,0.007,7,36.2857142857143,3.52857142857143,0.03319375,34.4867055469176,0.0203719723183391,44.0213472393328,0.102316860152704,1.53765170897651,0.547598913245409,-0.9900527957311,TRUE,TRUE,TRUE,TRUE,TRUE
1.8,1e+06,6,0.05,1,0.1,1000,200,1,0,10,0.041,41,412.975609756098,41.1975609756098,0.037975,32.2426684224624,0.0220293209876543,42.3330259531304,1.27773422583439,1.5084309770907,1.61487150520331,0.106440528112604,TRUE,TRUE,TRUE,TRUE,TRUE
1.9,1e+06,6,0.05,1,0.1,1000,200,1,0,10,0.295,295,446.172881355932,44.5172881355932,0.04274375,30.3908997408616,0.02351108033241,40.9773223035874,1.46482297382391,1.48274355781956,1.648528700505,0.165785142685442,TRUE,TRUE,TRUE,TRUE,TRUE
2,1e+06,6,0.05,1,0.1,1000,200,1,0,10,0.636,636,424.066037735849,42.3066037735849,0.0475,28.8292313658267,0.02484375,39.8631205697577,1.46748982783266,1.45983306354568,1.62640816308615,0.166575099540465,TRUE,TRUE,TRUE,TRUE,TRUE
2.1,1e+06,6,0.05,1,0.1,1000,200,1,0,10,0.851,851,393.430082256169,39.2430082256169,0.05224375,27.4892377263552,0.0260487528344671,38.9301790266153,1.42757717097382,1.43916269707055,1.59376229141205,0.154599594341502,TRUE,TRUE,TRUE,TRUE,TRUE
2.2,1e+06,6,0.05,1,0.1,1000,200,1,0,10,0.93,930,363.00752688172,36.200752688172,0.056975,26.3231404759581,0.0271435950413223,38.1369699543435,1.37524444399921,1.42033770143191,1.55871760050337,0.13837989907146,TRUE,TRUE,TRUE,TRUE,TRUE
2.3,1e+06,6,0.05,1,0.1,1000,200,1,0,10,0.984,984,337.183943089431,33.6183943089431,0.06169375,25.2964328395438,0.0281427221172023,37.4538802095453,1.32897766741207,1.40305928373208,1.52657696670551,0.123517682973436,TRUE,TRUE,TRUE,TRUE,TRUE
2.4,1e+06,6,0.05,1,0.1,1000,200,1,0,10,0.994,994,316.344064386318,31.5344064386318,0.0664,24.3834878963887,0.0290581597222222,36.8591923696449,1.29326889461545,1.38709582867411,1.49878466082948,0.111688832155377,TRUE,TRUE,TRUE,TRUE,TRUE
2.5,1e+06,6,0.05,1,0.1,1000,200,1,0,10,0.997,997,301.04112337011,30.004112337011,0.07109375,23.5648216426584,0.0299,36.3365988345284,1.27325862219538,1.3722641570215,1.47718078281548,0.104916625793981,TRUE,TRUE,TRUE,TRUE,TRUE
2.6,1e+06,6,0.05,1,0.1,1000,200,1,0,10,0.999,999,285.618618618619,28.4618618618619,0.075775,22.8253211031591,0.030676775147929,35.8736045826545,1.24694245190367,1.35841689583828,1.45426330649614,0.0958464106578553,TRUE,TRUE,TRUE,TRUE,TRUE
2.7,1e+06,6,0.05,1,0.1,1000,200,1,0,10,1,1000,272.499,27.1499,0.08044375,22.1530595294466,0.0313957475994513,35.4604672512468,1.22555983582816,1.34543371453185,1.43376823431057,0.088334519778721,TRUE,TRUE,TRUE,TRUE,TRUE
2.8,1e+06,6,0.05,1,0.1,1000,200,1,0,10,1,1000,264.28,26.328,0.0851,21.5384818363827,0.032063137755102,35.0894739851937,1.22237027660542,1.33321508831582,1.42041786928632,0.0872027809704961,TRUE,TRUE,TRUE,TRUE,TRUE
2.9,1e+06,6,0.05,1,0.1,1000,200,1,0,10,1,1000,256.516,25.5516,0.08974375,20.9738308864373,0.0326843043995244,34.7544359970627,1.21826099096293,1.32167776193364,1.40741810014254,0.0857403382088985,TRUE,TRUE,TRUE,TRUE,TRUE
3,1e+06,6,0.05,1,0.1,1000,200,1,0,10,1,1000,247.511,24.6511,0.094375,20.4527347492131,0.0332638888888889,34.4503277253137,1.20527158359341,1.31075138603949,1.39183630346198,0.0810849174224886,TRUE,TRUE,TRUE,TRUE,TRUE
3.1,1e+06,6,0.05,1,0.1,1000,200,1,0,10,1,1000,239.964,23.8964,0.09899375,19.9699041453962,0.0338059313215401,34.1730243422842,1.19662066607911,1.30037598028255,1.37833247927881,0.0779564989962657,TRUE,TRUE,TRUE,TRUE,TRUE
3.2,1e+06,6,0.05,1,0.1,1000,200,1,0,10,1,1000,235.161,23.4161,0.1036,19.5209069203218,0.03431396484375,33.9191075822737,1.19953955497955,1.29049999065351,1.36951456411293,0.0790145734594268,TRUE,TRUE,TRUE,TRUE,TRUE
3.3,1e+06,6,0.05,1,0.1,1000,200,1,0,10,1,1000,230.51,22.951,0.10819375,19.101997394801,0.0347910927456382,33.6857199326501,1.20149738928593,1.2810787814983,1.36080161296785,0.0797228314695516,TRUE,TRUE,TRUE,TRUE,TRUE
3.4,1e+06,6,0.05,1,0.1,1000,200,1,0,10,1,1000,225.426,22.4426,0.112775,18.7099854804317,0.0352400519031142,33.4704536460971,1.19949852571891,1.27207345047324,1.35107316899423,0.0789997185209933,TRUE,TRUE,TRUE,TRUE,TRUE
3.5,1e+06,6,0.05,1,0.1,1000,200,1,0,10,1,1000,221.095,22.0095,0.11734375,18.3421350538246,0.0356632653061225,33.2712652113366,1.19994209700308,1.26344988684797,1.34261017659663,0.0791602897486517,TRUE,TRUE,TRUE,TRUE,TRUE
3.6,1e+06,6,0.05,1,0.1,1000,200,1,0,10,1,1000,217.651,21.6651,0.1219,17.9960841616918,0.0360628858024691,33.0864086982992,1.20387856632269,1.25517801554892,1.33576069795604,0.0805826824071129,TRUE,TRUE,TRUE,TRUE,TRUE
3.7,1e+06,6,0.05,1,0.1,1000,200,1,0,10,1,1000,213.307,21.2307,0.12644375,17.669781722902,0.0364408327246165,32.9143832756554,1.20152587807481,1.24723118464402,1.32696431357841,0.0797331289343953,TRUE,TRUE,TRUE,TRUE,TRUE
3.8,1e+06,6,0.05,1,0.1,1000,200,1,0,10,1,1000,209.812,20.8812,0.130975,17.3614368428644,0.0367988227146814,32.7538914948772,1.2027345541151,1.23958566479812,1.31975545306601,0.0801697882678863,TRUE,TRUE,TRUE,TRUE,TRUE
3.9,1e+06,6,0.05,1,0.1,1000,200,1,0,10,1,1000,207.779,20.6779,0.13549375,17.0694778741834,0.0371383957922419,32.6038058417393,1.21139616292975,1.23222023700056,1.31550643071196,0.0832861937114037,TRUE,TRUE,TRUE,TRUE,TRUE
4,1e+06,6,0.05,1,0.1,1000,200,1,0,10,1,1000,204.526,20.3526,0.14,16.7925190836271,0.0374609375,32.4631416994809,1.2120039821687,1.225115850519,1.30861989727257,0.0835040467535776,TRUE,TRUE,TRUE,TRUE,TRUE
4.1,1e+06,6,0.05,1,0.1,1000,200,1,0,10,1,1000,202.403,20.1403,0.14449375,16.5293333098892,0.0377676977989292,32.3310353302746,1.21845809642851,1.21825533719666,1.30406593530271,0.0858105981060562,TRUE,TRUE,TRUE,TRUE,TRUE
4.2,1e+06,6,0.05,1,0.1,1000,200,1,0,10,1,1000,199.659,19.8659,0.148975,16.2788293800036,0.0380598072562358,32.2067258180896,1.22035187766036,1.2116231713097,1.2981082450108,0.0864850737010975,TRUE,TRUE,TRUE,TRUE,TRUE
4.3,1e+06,6,0.05,1,0.1,1000,200,1,0,10,1,1000,197.676,19.6676,0.15344375,16.0400333357041,0.0383382909680909,32.0895401635769,1.22615705269272,1.20520526653526,1.29375136701901,0.0885461004837552,TRUE,TRUE,TRUE,TRUE,TRUE
4.4,1e+06,6,0.05,1,0.1,1000,200,1,0,10,1,1000,195.963,19.4963,0.1579,15.8120727327611,0.0386040805785124,31.9788809056498,1.23300090566909,1.19898880335397,1.28995219894966,0.0909633955956872,TRUE,TRUE,TRUE,TRUE,TRUE
4.5,1e+06,6,0.05,1,0.1,1000,200,1,0,10,1,1000,194.015,19.3015,0.16234375,15.5941634360534,0.038858024691358,31.8742157826087,1.23773872700188,1.19296208157147,1.28559106115332,0.0926289795818517,TRUE,TRUE,TRUE,TRUE,TRUE
4.6,1e+06,6,0.05,1,0.1,1000,200,1,0,10,1,1000,192.468,19.1468,0.166775,15.3855984547325,0.0391008979206049,31.7750690503403,1.2444624793981,1.1871143936958,1.28209620083888,0.0949818071430787,TRUE,TRUE,TRUE,TRUE,TRUE
4.7,1e+06,6,0.05,1,0.1,1000,200,1,0,10,1,1000,191.027,19.0027,0.17119375,15.185738455193,0.0393334087822544,31.6810141551214,1.25135172425558,1.18143591572861,1.27881531209983,0.0973793963712234,TRUE,TRUE,TRUE,TRUE,TRUE
4.8,1e+06,6,0.05,1,0.1,1000,200,1,0,10,1,1000,189.119,18.8119,0.1756,14.9940036618207,0.0395562065972222,31.5916675201684,1.25462821166977,1.17591761257307,1.27443266146445,0.0985150488913781,TRUE,TRUE,TRUE,TRUE,TRUE
4.9,1e+06,6,0.05,1,0.1,1000,200,1,0,10,1,1000,188.178,18.7178,0.17999375,14.8098669118382,0.0397698875468555,31.5066832529031,1.26387361287076,1.17055115577212,1.27225480252135,0.101703646749231,TRUE,TRUE,TRUE,TRUE,TRUE
5,1e+06,6,0.05,1,0.1,1000,200,1,0,10,1,1000,186.266,18.5266,0.184375,14.6328476748199,0.039975,31.4257486172809,1.26609668956511,1.165328851697,1.26779572494636,0.102466873249368,TRUE,TRUE,TRUE,TRUE,TRUE
1.1,1000,3,0.1,1,0.1,1000,200,1,0,10,1,1000,284.933,28.3933,0.00697500000000001,75.2328929857456,0.00702479338842976,74.9657845885256,NA,NA,NA,NA,TRUE,TRUE,TRUE,FALSE,FALSE
1.2,1000,3,0.1,1,0.1,1000,200,1,0,10,0.999,999,387.528528528529,38.6528528528529,0.0164,49.0634343032726,0.0149305555555556,51.4211617600863,0.787813845519465,1.69075794433427,1.58718155342971,-0.103576390904556,TRUE,TRUE,TRUE,TRUE,TRUE
1.3,1000,3,0.1,1,0.1,1000,200,1,0,10,0.995,995,432.434170854271,43.1434170854271,0.025775,39.1363691107385,0.0215976331360947,42.7540034979868,1.10238680965397,1.59258053138034,1.6349145395281,0.0423340081477604,TRUE,TRUE,TRUE,TRUE,TRUE
1.4,1000,3,0.1,1,0.1,1000,200,1,0,10,0.989,989,463.149646107179,46.2149646107179,0.0351,33.5371621084639,0.0272959183673469,38.0304104839824,1.37802251905669,1.5255263101252,1.66478262481012,0.139256314684922,TRUE,TRUE,TRUE,TRUE,TRUE
1.5,1000,3,0.1,1,0.1,1000,200,1,0,10,0.987,987,432.526849037487,43.1526849037487,0.044375,29.8270763103754,0.0322222222222222,35.0027466133739,1.44676214506274,1.47461068532654,1.63500782212787,0.160397136801329,TRUE,TRUE,TRUE,TRUE,TRUE
1.6,1000,3,0.1,1,0.1,1000,200,1,0,10,0.986,986,377.596348884381,37.6596348884381,0.0536,27.1392269947458,0.0365234375,32.8771411034376,1.38764581967383,1.43359747351173,1.57587610519989,0.142278631688161,TRUE,TRUE,TRUE,TRUE,TRUE
1.7,1000,3,0.1,1,0.1,1000,200,1,0,10,0.993,993,336.111782477341,33.5111782477341,0.062775,25.0776309952485,0.0403114186851211,31.2943421886124,1.33629760538719,1.39928650766563,1.52518969782911,0.125903190163471,TRUE,TRUE,TRUE,TRUE,TRUE
1.8,1000,3,0.1,1,0.1,1000,200,1,0,10,0.991,991,279.931382441978,27.8931382441978,0.0719,23.4323272070016,0.0436728395061729,30.0658961839422,1.19036995334647,1.36981542316667,1.44549737928807,0.0756819561213989,TRUE,TRUE,TRUE,TRUE,TRUE
1.9,1000,3,0.1,1,0.1,1000,200,1,0,10,0.997,997,237.706118355065,23.6706118355065,0.080975,22.0802705249964,0.0466759002770083,29.0826191939345,1.07202544501028,1.34400439001701,1.37420948367265,0.0302050936556396,TRUE,TRUE,TRUE,TRUE,TRUE
2,1000,3,0.1,1,0.1,1000,200,1,0,10,0.999,999,205.834834834835,20.4834834834835,0.09,20.943951023932,0.049375,28.2765430735357,0.978014294441278,1.32105861363845,1.31140381602483,-0.00965479761362439,TRUE,TRUE,TRUE,TRUE,TRUE
2.1,1000,3,0.1,1,0.1,1000,200,1,0,10,0.999,999,188.306306306306,18.7306306306306,0.098975,19.9717956228954,0.0518140589569161,27.6029857290961,0.937854111082437,1.30041711314599,1.2725523996279,-0.0278647135180919,TRUE,TRUE,TRUE,TRUE,TRUE
2.2,1000,3,0.1,1,0.1,1000,200,1,0,10,1,1000,168.618,16.7618,0.1079,19.1279816297138,0.0540289256198347,27.0312856915466,0.876297370233873,1.28166914601666,1.22432065439522,-0.0573484916214421,TRUE,TRUE,TRUE,TRUE,TRUE
2.3,1000,3,0.1,1,0.1,1000,200,1,0,10,0.999,999,155.95995995996,15.495995995996,0.116775,18.3867482751362,0.0560491493383743,26.5396600436888,0.842780668126658,1.2645049303782,1.1902194954939,-0.0742854348843078,TRUE,TRUE,TRUE,TRUE,TRUE
2.4,1000,3,0.1,1,0.1,1000,200,1,0,10,1,1000,149.474,14.8474,0.1256,17.7290330108458,0.0578993055555556,26.1121836148708,0.837462482636082,1.24868504865753,1.17165040890481,-0.0770346397527131,TRUE,TRUE,TRUE,TRUE,TRUE
2.5,1000,3,0.1,1,0.1,1000,200,1,0,10,1,1000,141.225,14.0225,0.134375,17.1403872533621,0.0596,25.7369298308887,0.818097035540984,1.23402062972827,1.14682544868155,-0.0871951810467204,TRUE,TRUE,TRUE,TRUE,TRUE
2.6,1000,3,0.1,1,0.1,1000,200,1,0,10,1,1000,135.724,13.4724,0.1431,16.6096335707324,0.0611686390532544,25.4047812296024,0.811119639854039,1.22036005147823,1.12944496869342,-0.0909150827848062,TRUE,TRUE,TRUE,TRUE,TRUE
2.7,1000,3,0.1,1,0.1,1000,200,1,0,10,1,1000,132.252,13.1252,0.151775,16.1279715099649,0.0626200274348423,25.1086429848917,0.81381592172893,1.20757974758562,1.11810592984825,-0.0894738177373715,TRUE,TRUE,TRUE,TRUE,TRUE
2.8,1000,3,0.1,1,0.1,1000,200,1,0,10,1,1000,126.364,12.5364,0.1604,15.6883650528713,0.0639668367346939,24.8429079981172,0.799089003713971,1.19557768638404,1.09817284075324,-0.0974048456308065,TRUE,TRUE,TRUE,TRUE,TRUE
2.9,1000,3,0.1,1,0.1,1000,200,1,0,10,1,1000,123.25,12.225,0.168975,15.2851125448538,0.0652199762187872,24.6030840516878,0.799797840161532,1.18426864080035,1.08724886779566,-0.0970197730046916,TRUE,TRUE,TRUE,TRUE,TRUE
3,1000,3,0.1,1,0.1,1000,200,1,0,10,1,1000,121.54,12.054,0.1775,14.9135381551877,0.0663888888888889,24.3855282702592,0.808258903726813,1.17358068966256,1.08113118713189,-0.0924495025306658,TRUE,TRUE,TRUE,TRUE,TRUE
3.1,1000,3,0.1,1,0.1,1000,200,1,0,10,1,1000,119.002,11.8002,0.185975,14.5697662649023,0.0674817898022893,24.1872543704912,0.80991004148268,1.16345258466791,1.07188936816717,-0.0915632165007378,TRUE,TRUE,TRUE,TRUE,TRUE
3.2,1000,3,0.1,1,0.1,1000,200,1,0,10,1,1000,114.997,11.3997,0.1944,14.2505536684652,0.068505859375,24.0057903524769,0.799947866252119,1.15383173806299,1.05689342238394,-0.0969383156790514,TRUE,TRUE,TRUE,TRUE,TRUE
3.3,1000,3,0.1,1,0.1,1000,200,1,0,10,1,1000,112.792,11.1792,0.202775,13.9531628605358,0.0694674012855831,23.8390718210552,0.801194690532745,1.14467266332164,1.04841072591027,-0.0962619374113761,TRUE,TRUE,TRUE,TRUE,TRUE
3.4,1000,3,0.1,1,0.1,1000,200,1,0,10,1,1000,110.8,10.98,0.2111,13.6752650263277,0.0703719723183391,23.6853609104517,0.80290948503457,1.13593575170429,1.04060234011407,-0.0953334115902136,TRUE,TRUE,TRUE,TRUE,TRUE
3.5,1000,3,0.1,1,0.1,1000,200,1,0,10,1,1000,109.774,10.8774,0.219375,13.4148648433856,0.0712244897959184,23.5431838949659,0.81084678280328,1.12758630145317,1.03652509935176,-0.0910612021014028,TRUE,TRUE,TRUE,TRUE,TRUE
3.6,1000,3,0.1,1,0.1,1000,200,1,0,10,1,1000,108.697,10.7697,0.2276,13.1702415270967,0.0720293209876543,23.4112826308492,0.817729878213867,1.1195937394966,1.03220360579016,-0.0873901337064351,TRUE,TRUE,TRUE,TRUE,TRUE
3.7,1000,3,0.1,1,0.1,1000,200,1,0,10,1,1000,105.948,10.4948,0.235775,12.9399021301383,0.0727903579254931,23.2885763683847,0.811041682885423,1.11193099159531,1.02097416662266,-0.0909568249726482,TRUE,TRUE,TRUE,TRUE,TRUE
3.8,1000,3,0.1,1,0.1,1000,200,1,0,10,1,1000,105.063,10.4063,0.2439,12.722544195607,0.07351108033241,23.1741314313946,0.817941744984719,1.10457396820125,1.01729634188161,-0.0872776263196355,TRUE,TRUE,TRUE,TRUE,TRUE
3.9,1000,3,0.1,1,0.1,1000,200,1,0,10,1,1000,103.411,10.2411,0.251975,12.5170256277583,0.0741946088099934,23.0671369304796,0.81817360645878,1.097501141421,1.01034660686178,-0.0871545345592215,TRUE,TRUE,TRUE,TRUE,TRUE
4,1000,3,0.1,1,0.1,1000,200,1,0,10,1,1000,101.812,10.0812,0.26,12.3223401880108,0.07484375,22.9668851502091,0.818123817893668,1.09069319437271,1.0035122307563,-0.0871809636164027,TRUE,TRUE,TRUE,TRUE,TRUE
4.1,1000,3,0.1,1,0.1,1000,200,1,0,10,1,1000,101.245,10.0245,0.267975,12.1375974158953,0.0754610350981559,22.8727555906243,0.825904802780163,1.08413272856105,1.00106272017937,-0.0830700083816704,TRUE,TRUE,TRUE,TRUE,TRUE
4.2,1000,3,0.1,1,0.1,1000,200,1,0,10,1,1000,100.24,9.924,0.2759,11.9620060607454,0.0760487528344671,22.7842018905412,0.829626732305939,1.07780401811852,0.996686755600172,-0.0811172625183508,TRUE,TRUE,TRUE,TRUE,TRUE
4.3,1000,3,0.1,1,0.1,1000,200,1,0,10,1,1000,98.73,9.773,0.283775,11.7948603211353,0.0766089778258518,22.7007410417298,0.828581240804324,1.07169280218479,0.990027898770295,-0.0816649034144944,TRUE,TRUE,TRUE,TRUE,TRUE
4.4,1000,3,0.1,1,0.1,1000,200,1,0,10,1,1000,98.738,9.7738,0.2916,11.6355283466289,0.0771435950413223,22.621944437888,0.839996234707446,1.06578610853515,0.9900634478715,-0.0757226606636468,TRUE,TRUE,TRUE,TRUE,TRUE
4.5,1000,3,0.1,1,0.1,1000,200,1,0,10,1,1000,97.197,9.6197,0.299375,11.4834425751046,0.0776543209876543,22.5474304034531,0.837701755121321,1.0600721029788,0.98316152833967,-0.0769105746391258,TRUE,TRUE,TRUE,TRUE,TRUE
4.6,1000,3,0.1,1,0.1,1000,200,1,0,10,1,1000,97.367,9.6367,0.3071,11.3380915691747,0.0781427221172023,22.4768579238231,0.849940216235299,1.05453996013658,0.983928339177667,-0.0706116209589134,TRUE,TRUE,TRUE,TRUE,TRUE
4.7,1000,3,0.1,1,0.1,1000,200,1,0,10,1,1000,96.475,9.5475,0.314775,11.1990130844262,0.0786102308736985,22.4099213569833,0.852530479964983,1.04917975205652,0.979889667045355,-0.0692900850111646,TRUE,TRUE,TRUE,TRUE,TRUE
4.8,1000,3,0.1,1,0.1,1000,200,1,0,10,1,1000,95.476,9.4476,0.3224,11.0657881557218,0.0790581597222222,22.3463459514904,0.853766570175568,1.04398235179159,0.975321497489644,-0.0686608543019441,TRUE,TRUE,TRUE,TRUE,TRUE
4.9,1000,3,0.1,1,0.1,1000,200,1,0,10,1,1000,95.339,9.4339,0.329975,10.9380360294849,0.079487713452728,22.2858840306322,0.86248573094564,1.03893934959089,0.97469126838219,-0.0642480812086964,TRUE,TRUE,TRUE,TRUE,TRUE
5,1000,3,0.1,1,0.1,1000,200,1,0,10,1,1000,94.629,9.3629,0.3375,10.8154098025963,0.0799,22.2283117298056,0.865699975395513,1.03404297977459,0.971410384948585,-0.0626325948260086,TRUE,TRUE,TRUE,TRUE,TRUE
1.1,1778.27941003892,3.25,0.1,1,0.1,1000,200,1,0,10,0.995,995,426.346733668342,42.5346733668342,0.00697500000000001,75.2328929857456,0.00702479338842976,74.9657845885256,NA,NA,NA,NA,TRUE,TRUE,TRUE,FALSE,FALSE
1.2,1778.27941003892,3.25,0.1,1,0.1,1000,200,1,0,10,0.951,951,643.879074658254,64.2879074658255,0.0164,49.0634343032726,0.0149305555555556,51.4211617600863,1.31030182413336,1.69075794433427,1.80812928995755,0.117371345623288,TRUE,TRUE,TRUE,TRUE,TRUE
1.3,1778.27941003892,3.25,0.1,1,0.1,1000,200,1,0,10,0.876,876,692.727168949772,69.1727168949772,0.025775,39.1363691107385,0.0215976331360947,42.7540034979868,1.76747916239366,1.59258053138034,1.83993483378659,0.247354302406253,TRUE,TRUE,TRUE,TRUE,TRUE
1.4,1778.27941003892,3.25,0.1,1,0.1,1000,200,1,0,10,0.784,784,671.40943877551,67.040943877551,0.0351,33.5371621084639,0.0272959183673469,38.0304104839824,1.99900467608831,1.5255263101252,1.82634012014976,0.300813810024558,TRUE,TRUE,TRUE,TRUE,TRUE
1.5,1778.27941003892,3.25,0.1,1,0.1,1000,200,1,0,10,0.769,769,629.544863459038,62.8544863459038,0.044375,29.8270763103754,0.0322222222222222,35.0027466133739,2.1072962596753,1.47461068532654,1.79833628163587,0.323725596309331,TRUE,TRUE,TRUE,TRUE,TRUE
1.6,1778.27941003892,3.25,0.1,1,0.1,1000,200,1,0,10,0.805,805,483.177639751553,48.2177639751553,0.0536,27.1392269947458,0.0365234375,32.8771411034376,1.77668155340203,1.43359747351173,1.68320706676795,0.249609593256217,TRUE,TRUE,TRUE,TRUE,TRUE
1.7,1778.27941003892,3.25,0.1,1,0.1,1000,200,1,0,10,0.855,855,431.498245614035,43.0498245614035,0.062775,25.0776309952485,0.0403114186851211,31.2943421886124,1.71666233423565,1.39928650766563,1.63397138593672,0.234684878271086,TRUE,TRUE,TRUE,TRUE,TRUE
1.8,1778.27941003892,3.25,0.1,1,0.1,1000,200,1,0,10,0.897,897,363.266443701226,36.2266443701226,0.0719,23.4323272070016,0.0436728395061729,30.0658961839422,1.54601137352239,1.36981542316667,1.55902810772948,0.189212684562801,TRUE,TRUE,TRUE,TRUE,TRUE
1.9,1778.27941003892,3.25,0.1,1,0.1,1000,200,1,0,10,0.931,931,299.017185821697,29.8017185821697,0.080975,22.0802705249964,0.0466759002770083,29.0826191939345,1.3496989789338,1.34400439001701,1.4742413093525,0.13023691933549,TRUE,TRUE,TRUE,TRUE,TRUE
2,1778.27941003892,3.25,0.1,1,0.1,1000,200,1,0,10,0.964,964,259.429460580913,25.8429460580913,0.09,20.943951023932,0.049375,28.2765430735357,1.23390978276073,1.32105861363845,1.41234202108162,0.0912834074431674,TRUE,TRUE,TRUE,TRUE,TRUE
2.1,1778.27941003892,3.25,0.1,1,0.1,1000,200,1,0,10,0.974,974,228.377823408624,22.7377823408624,0.098975,19.9717956228954,0.0518140589569161,27.6029857290961,1.13849464365619,1.30041711314599,1.35674810485075,0.0563309917047552,TRUE,TRUE,TRUE,TRUE,TRUE
2.2,1778.27941003892,3.25,0.1,1,0.1,1000,200,1,0,10,0.987,987,202.849037487335,20.1849037487335,0.1079,19.1279816297138,0.0540289256198347,27.0312856915466,1.05525528722685,1.28166914601666,1.30502668282765,0.0233575368109931,TRUE,TRUE,TRUE,TRUE,TRUE
2.3,1778.27941003892,3.25,0.1,1,0.1,1000,200,1,0,10,0.994,994,184.539235412475,18.3539235412475,0.116775,18.3867482751362,0.0560491493383743,26.5396600436888,0.998214761338026,1.2645049303782,1.26372891818866,-0.000776012189542234,TRUE,TRUE,TRUE,TRUE,TRUE
2.4,1778.27941003892,3.25,0.1,1,0.1,1000,200,1,0,10,0.998,998,173.571142284569,17.2571142284569,0.1256,17.7290330108458,0.0578993055555556,26.1121836148708,0.973381583637404,1.24868504865753,1.23696817379872,-0.01171687485881,TRUE,TRUE,TRUE,TRUE,TRUE
2.5,1778.27941003892,3.25,0.1,1,0.1,1000,200,1,0,10,0.999,999,159.315315315315,15.8315315315315,0.134375,17.1403872533621,0.0596,25.7369298308887,0.92363908104971,1.23402062972827,1.19952293024578,-0.0344976994824961,TRUE,TRUE,TRUE,TRUE,TRUE
2.6,1778.27941003892,3.25,0.1,1,0.1,1000,200,1,0,10,1,1000,153.148,15.2148,0.1431,16.6096335707324,0.0611686390532544,25.4047812296024,0.91602261634536,1.22036005147823,1.18226624788924,-0.0380938035889875,TRUE,TRUE,TRUE,TRUE,TRUE
2.7,1778.27941003892,3.25,0.1,1,0.1,1000,200,1,0,10,1,1000,143.533,14.2533,0.151775,16.1279715099649,0.0626200274348423,25.1086429848917,0.883762721876921,1.20757974758562,1.15391542615995,-0.0536643214256759,TRUE,TRUE,TRUE,TRUE,TRUE
2.8,1778.27941003892,3.25,0.1,1,0.1,1000,200,1,0,10,1,1000,138.104,13.7104,0.1604,15.6883650528713,0.0639668367346939,24.8429079981172,0.873921530624424,1.19557768638404,1.13705012548671,-0.0585275608973283,TRUE,TRUE,TRUE,TRUE,TRUE
2.9,1778.27941003892,3.25,0.1,1,0.1,1000,200,1,0,10,1,1000,137.693,13.6693,0.168975,15.2851125448538,0.0652199762187872,24.6030840516878,0.894288475788959,1.18426864080035,1.13574627507102,-0.0485223657293248,TRUE,TRUE,TRUE,TRUE,TRUE
3,1778.27941003892,3.25,0.1,1,0.1,1000,200,1,0,10,1,1000,131.027,13.0027,0.1775,14.9135381551877,0.0663888888888889,24.3855282702592,0.871872245519216,1.17358068966256,1.11403354256441,-0.0595471470981445,TRUE,TRUE,TRUE,TRUE,TRUE
3.1,1778.27941003892,3.25,0.1,1,0.1,1000,200,1,0,10,1,1000,128.508,12.7508,0.185975,14.5697662649023,0.0674817898022893,24.1872543704912,0.875154739490632,1.16345258466791,1.10553743376496,-0.0579151509029478,TRUE,TRUE,TRUE,TRUE,TRUE
3.2,1778.27941003892,3.25,0.1,1,0.1,1000,200,1,0,10,1,1000,127.087,12.6087,0.1944,14.2505536684652,0.068505859375,24.0057903524769,0.884786675194355,1.15383173806299,1.10067031163806,-0.0531614264249318,TRUE,TRUE,TRUE,TRUE,TRUE
3.3,1778.27941003892,3.25,0.1,1,0.1,1000,200,1,0,10,1,1000,123.126,12.2126,0.202775,13.9531628605358,0.0694674012855831,23.8390718210552,0.875256751610151,1.14467266332164,1.08680813285951,-0.0578645304621321,TRUE,TRUE,TRUE,TRUE,TRUE
3.4,1778.27941003892,3.25,0.1,1,0.1,1000,200,1,0,10,1,1000,120.565,11.9565,0.2111,13.6752650263277,0.0703719723183391,23.6853609104517,0.874315779400349,1.13593575170429,1.07760406818562,-0.0583316835186656,TRUE,TRUE,TRUE,TRUE,TRUE
3.5,1778.27941003892,3.25,0.1,1,0.1,1000,200,1,0,10,1,1000,118.978,11.7978,0.219375,13.4148648433856,0.0712244897959184,23.5431838949659,0.879457239244354,1.12758630145317,1.07180102959948,-0.0557852718536868,TRUE,TRUE,TRUE,TRUE,TRUE
3.6,1778.27941003892,3.25,0.1,1,0.1,1000,200,1,0,10,1,1000,117.588,11.6588,0.2276,13.1702415270967,0.0720293209876543,23.4112826308492,0.8852381314354,1.1195937394966,1.06665385229284,-0.0529398872037592,TRUE,TRUE,TRUE,TRUE,TRUE
3.7,1778.27941003892,3.25,0.1,1,0.1,1000,200,1,0,10,1,1000,115.922,11.4922,0.235775,12.9399021301383,0.0727903579254931,23.2885763683847,0.888121091212396,1.11193099159531,1.06040317545953,-0.0515278161357716,TRUE,TRUE,TRUE,TRUE,TRUE
3.8,1778.27941003892,3.25,0.1,1,0.1,1000,200,1,0,10,1,1000,114.044,11.3044,0.2439,12.722544195607,0.07351108033241,23.1741314313946,0.888532971565807,1.10457396820125,1.05324751638467,-0.0513264518165799,TRUE,TRUE,TRUE,TRUE,TRUE
3.9,1778.27941003892,3.25,0.1,1,0.1,1000,200,1,0,10,1,1000,112.78,11.178,0.251975,12.5170256277583,0.0741946088099934,23.0671369304796,0.893023656931017,1.097501141421,1.04836410527989,-0.0491370361411131,TRUE,TRUE,TRUE,TRUE,TRUE
4,1778.27941003892,3.25,0.1,1,0.1,1000,200,1,0,10,1,1000,110.666,10.9666,0.26,12.3223401880108,0.07484375,22.9668851502091,0.889977052465251,1.09069319437271,1.04007200313425,-0.0506211912384547,TRUE,TRUE,TRUE,TRUE,TRUE
4.1,1778.27941003892,3.25,0.1,1,0.1,1000,200,1,0,10,1,1000,110.028,10.9028,0.267975,12.1375974158953,0.0754610350981559,22.8727555906243,0.898266734874713,1.08413272856105,1.03753804549929,-0.0465946830617579,TRUE,TRUE,TRUE,TRUE,TRUE
4.2,1778.27941003892,3.25,0.1,1,0.1,1000,200,1,0,10,1,1000,108.655,10.7655,0.2759,11.9620060607454,0.0760487528344671,22.7842018905412,0.899974464594879,1.07780401811852,1.032034205288,-0.045769812830525,TRUE,TRUE,TRUE,TRUE,TRUE
4.3,1778.27941003892,3.25,0.1,1,0.1,1000,200,1,0,10,1,1000,108.571,10.7571,0.283775,11.7948603211353,0.0766089778258518,22.7007410417298,0.912015887184712,1.07169280218479,1.0316952059261,-0.0399975962586922,TRUE,TRUE,TRUE,TRUE,TRUE
4.4,1778.27941003892,3.25,0.1,1,0.1,1000,200,1,0,10,1,1000,107.46,10.646,0.2916,11.6355283466289,0.0771435950413223,22.621944437888,0.914956303044412,1.06578610853515,1.02718646183674,-0.0385996466984104,TRUE,TRUE,TRUE,TRUE,TRUE
4.5,1778.27941003892,3.25,0.1,1,0.1,1000,200,1,0,10,1,1000,106.621,10.5621,0.299375,11.4834425751046,0.0776543209876543,22.5474304034531,0.919767737847013,1.0600721029788,1.02375027499139,-0.0363218279874068,TRUE,TRUE,TRUE,TRUE,TRUE
4.6,1778.27941003892,3.25,0.1,1,0.1,1000,200,1,0,10,1,1000,105.517,10.4517,0.3071,11.3380915691747,0.0781427221172023,22.4768579238231,0.921821801864381,1.05453996013658,1.01918693547794,-0.0353530246586382,TRUE,TRUE,TRUE,TRUE,TRUE
4.7,1778.27941003892,3.25,0.1,1,0.1,1000,200,1,0,10,1,1000,104.024,10.3024,0.314775,11.1990130844262,0.0786102308736985,22.4099213569833,0.919938205476956,1.04917975205652,1.01293840774805,-0.036241344308471,TRUE,TRUE,TRUE,TRUE,TRUE
4.8,1778.27941003892,3.25,0.1,1,0.1,1000,200,1,0,10,1,1000,104.141,10.3141,0.3224,11.0657881557218,0.0790581597222222,22.3463459514904,0.93207097902619,1.04398235179159,1.01343133777824,-0.0305510140133439,TRUE,TRUE,TRUE,TRUE,TRUE
4.9,1778.27941003892,3.25,0.1,1,0.1,1000,200,1,0,10,1,1000,103.163,10.2163,0.329975,10.9380360294849,0.079487713452728,22.2858840306322,0.934015939649555,1.03893934959089,1.00929363742995,-0.0296457121609384,TRUE,TRUE,TRUE,TRUE,TRUE
5,1778.27941003892,3.25,0.1,1,0.1,1000,200,1,0,10,1,1000,103.007,10.2007,0.3375,10.8154098025963,0.0799,22.2283117298056,0.943163521880721,1.03404297977459,1.00862997526253,-0.0254130045120651,TRUE,TRUE,TRUE,TRUE,TRUE
1.1,3162.27766016838,3.5,0.1,1,0.1,1000,200,1,0,10,0.905,905,647.267403314917,64.6267403314917,0.00697500000000001,75.2328929857456,0.00702479338842976,74.9657845885256,NA,NA,NA,NA,TRUE,TRUE,TRUE,FALSE,FALSE
1.2,3162.27766016838,3.5,0.1,1,0.1,1000,200,1,0,10,0.59,590,822.76779661017,82.176779661017,0.0164,49.0634343032726,0.0149305555555556,51.4211617600863,1.67490883644759,1.69075794433427,1.91474911815178,0.223991173817512,TRUE,TRUE,TRUE,TRUE,TRUE
1.3,3162.27766016838,3.5,0.1,1,0.1,1000,200,1,0,10,0.387,387,703.377260981912,70.2377260981912,0.025775,39.1363691107385,0.0215976331360947,42.7540034979868,1.79469193729878,1.59258053138034,1.84657044311739,0.253989911737052,TRUE,TRUE,TRUE,TRUE,TRUE
1.4,3162.27766016838,3.5,0.1,1,0.1,1000,200,1,0,10,0.323,323,645.092879256966,64.4092879256966,0.0351,33.5371621084639,0.0272959183673469,38.0304104839824,1.92053482991161,1.5255263101252,1.8089484978572,0.283422187731995,TRUE,TRUE,TRUE,TRUE,TRUE
1.5,3162.27766016838,3.5,0.1,1,0.1,1000,200,1,0,10,0.318,318,530.204402515723,52.9204402515723,0.044375,29.8270763103754,0.0322222222222222,35.0027466133739,1.77424162197097,1.47461068532654,1.72362344847905,0.249012763152514,TRUE,TRUE,TRUE,TRUE,TRUE
1.6,3162.27766016838,3.5,0.1,1,0.1,1000,200,1,0,10,0.415,415,424.161445783133,42.3161445783133,0.0536,27.1392269947458,0.0365234375,32.8771411034376,1.55922438713917,1.43359747351173,1.62650609228237,0.192908618770636,TRUE,TRUE,TRUE,TRUE,TRUE
1.7,3162.27766016838,3.5,0.1,1,0.1,1000,200,1,0,10,0.532,532,374.035714285714,37.3035714285714,0.062775,25.0776309952485,0.0403114186851211,31.2943421886124,1.48752373920963,1.39928650766563,1.57175041297411,0.172463905308473,TRUE,TRUE,TRUE,TRUE,TRUE
1.8,3162.27766016838,3.5,0.1,1,0.1,1000,200,1,0,10,0.632,632,327.090189873418,32.6090189873418,0.0719,23.4323272070016,0.0436728395061729,30.0658961839422,1.39162528327951,1.36981542316667,1.51333773364825,0.14352231048158,TRUE,TRUE,TRUE,TRUE,TRUE
1.9,3162.27766016838,3.5,0.1,1,0.1,1000,200,1,0,10,0.732,732,279.633879781421,27.8633879781421,0.080975,22.0802705249964,0.0466759002770083,29.0826191939345,1.26191334234781,1.34400439001701,1.44503392223704,0.101029532220036,TRUE,TRUE,TRUE,TRUE,TRUE
2,3162.27766016838,3.5,0.1,1,0.1,1000,200,1,0,10,0.811,811,272.466091245376,27.1466091245376,0.09,20.943951023932,0.049375,28.2765430735357,1.29615510910611,1.32105861363845,1.4337155897086,0.112656976070143,TRUE,TRUE,TRUE,TRUE,TRUE
2.1,3162.27766016838,3.5,0.1,1,0.1,1000,200,1,0,10,0.887,887,231.494926719278,23.0494926719278,0.098975,19.9717956228954,0.0518140589569161,27.6029857290961,1.15410217023773,1.30041711314599,1.36266137084467,0.062244257698675,TRUE,TRUE,TRUE,TRUE,TRUE
2.2,3162.27766016838,3.5,0.1,1,0.1,1000,200,1,0,10,0.933,933,199.332261521972,19.8332261521972,0.1079,19.1279816297138,0.0540289256198347,27.0312856915466,1.0368697825069,1.28166914601666,1.29739336403569,0.0157242180190297,TRUE,TRUE,TRUE,TRUE,TRUE
2.3,3162.27766016838,3.5,0.1,1,0.1,1000,200,1,0,10,0.958,958,197.884133611691,19.6884133611691,0.116775,18.3867482751362,0.0560491493383743,26.5396600436888,1.07079365348103,1.2645049303782,1.29421071886776,0.0297057884895518,TRUE,TRUE,TRUE,TRUE,TRUE
2.4,3162.27766016838,3.5,0.1,1,0.1,1000,200,1,0,10,0.975,975,190.68,18.968,0.1256,17.7290330108458,0.0578993055555556,26.1121836148708,1.06988350624629,1.24868504865753,1.27802154097013,0.0293364923126054,TRUE,TRUE,TRUE,TRUE,TRUE
2.5,3162.27766016838,3.5,0.1,1,0.1,1000,200,1,0,10,0.992,992,174.220766129032,17.3220766129032,0.134375,17.1403872533621,0.0596,25.7369298308887,1.01060007319878,1.23402062972827,1.23859995508688,0.00457932535860034,TRUE,TRUE,TRUE,TRUE,TRUE
2.6,3162.27766016838,3.5,0.1,1,0.1,1000,200,1,0,10,0.995,995,165.690452261307,16.4690452261307,0.1431,16.6096335707324,0.0611686390532544,25.4047812296024,0.991535734728702,1.22036005147823,1.21666842217873,-0.00369162929949884,TRUE,TRUE,TRUE,TRUE,TRUE
2.7,3162.27766016838,3.5,0.1,1,0.1,1000,200,1,0,10,0.995,995,159.969849246231,15.8969849246231,0.151775,16.1279715099649,0.0626200274348423,25.1086429848917,0.985677889795437,1.20757974758562,1.20131476238546,-0.00626498520016069,TRUE,TRUE,TRUE,TRUE,TRUE
2.8,3162.27766016838,3.5,0.1,1,0.1,1000,200,1,0,10,0.996,996,152.590361445783,15.1590361445783,0.1604,15.6883650528713,0.0639668367346939,24.8429079981172,0.966259778727159,1.19557768638404,1.18067158847291,-0.014906097911129,TRUE,TRUE,TRUE,TRUE,TRUE
2.9,3162.27766016838,3.5,0.1,1,0.1,1000,200,1,0,10,0.999,999,149.833833833834,14.8833833833834,0.168975,15.2851125448538,0.0652199762187872,24.6030840516878,0.97371761834978,1.18426864080035,1.17270166895892,-0.011566971841426,TRUE,TRUE,TRUE,TRUE,TRUE
3,3162.27766016838,3.5,0.1,1,0.1,1000,200,1,0,10,1,1000,144.037,14.3037,0.1775,14.9135381551877,0.0663888888888889,24.3855282702592,0.959108418884786,1.17358068966256,1.15544839283112,-0.0181322968314424,TRUE,TRUE,TRUE,TRUE,TRUE
3.1,3162.27766016838,3.5,0.1,1,0.1,1000,200,1,0,10,1,1000,139.684,13.8684,0.185975,14.5697662649023,0.0674817898022893,24.1872543704912,0.951861529406146,1.16345258466791,1.14202635932468,-0.0214262253432299,TRUE,TRUE,TRUE,TRUE,TRUE
3.2,3162.27766016838,3.5,0.1,1,0.1,1000,200,1,0,10,1,1000,136.966,13.5966,0.1944,14.2505536684652,0.068505859375,24.0057903524769,0.954110297488842,1.15383173806299,1.13343032117578,-0.0204014168872103,TRUE,TRUE,TRUE,TRUE,TRUE
3.3,3162.27766016838,3.5,0.1,1,0.1,1000,200,1,0,10,1,1000,133.56,13.256,0.202775,13.9531628605358,0.0694674012855831,23.8390718210552,0.950035496073249,1.14467266332164,1.12241249541128,-0.0222601679103637,TRUE,TRUE,TRUE,TRUE,TRUE
3.4,3162.27766016838,3.5,0.1,1,0.1,1000,200,1,0,10,1,1000,131.595,13.0595,0.2111,13.6752650263277,0.0703719723183391,23.6853609104517,0.954972351530871,1.13593575170429,1.11592654972636,-0.0200092019779255,TRUE,TRUE,TRUE,TRUE,TRUE
3.5,3162.27766016838,3.5,0.1,1,0.1,1000,200,1,0,10,1,1000,128.765,12.7765,0.219375,13.4148648433856,0.0712244897959184,23.5431838949659,0.952413620946743,1.12758630145317,1.10641189929448,-0.0211744021586861,TRUE,TRUE,TRUE,TRUE,TRUE
3.6,3162.27766016838,3.5,0.1,1,0.1,1000,200,1,0,10,1,1000,127.239,12.6239,0.2276,13.1702415270967,0.0720293209876543,23.4112826308492,0.958516969793405,1.1195937394966,1.10119354562293,-0.0184001938736646,TRUE,TRUE,TRUE,TRUE,TRUE
3.7,3162.27766016838,3.5,0.1,1,0.1,1000,200,1,0,10,1,1000,124.094,12.3094,0.235775,12.9399021301383,0.0727903579254931,23.2885763683847,0.951274582775262,1.11193099159531,1.09023688452842,-0.0216941070668912,TRUE,TRUE,TRUE,TRUE,TRUE
3.8,3162.27766016838,3.5,0.1,1,0.1,1000,200,1,0,10,1,1000,122.917,12.1917,0.2439,12.722544195607,0.07351108033241,23.1741314313946,0.958275311333538,1.10457396820125,1.08606426748408,-0.0185097007171708,TRUE,TRUE,TRUE,TRUE,TRUE
3.9,3162.27766016838,3.5,0.1,1,0.1,1000,200,1,0,10,1,1000,121.802,12.0802,0.251975,12.5170256277583,0.0741946088099934,23.0671369304796,0.96510148331169,1.097501141421,1.08207412453158,-0.0154270168894163,TRUE,TRUE,TRUE,TRUE,TRUE
4,3162.27766016838,3.5,0.1,1,0.1,1000,200,1,0,10,1,1000,120.738,11.9738,0.26,12.3223401880108,0.07484375,22.9668851502091,0.971714773111851,1.09069319437271,1.07823199979081,-0.0124611945818962,TRUE,TRUE,TRUE,TRUE,TRUE
4.1,3162.27766016838,3.5,0.1,1,0.1,1000,200,1,0,10,1,1000,118.171,11.7171,0.267975,12.1375974158953,0.0754610350981559,22.8727555906243,0.965355794768362,1.08413272856105,1.06882013643949,-0.0153125921215541,TRUE,TRUE,TRUE,TRUE,TRUE
4.2,3162.27766016838,3.5,0.1,1,0.1,1000,200,1,0,10,1,1000,116.926,11.5926,0.2759,11.9620060607454,0.0760487528344671,22.7842018905412,0.969118385422191,1.07780401811852,1.06418085089183,-0.0136231672266884,TRUE,TRUE,TRUE,TRUE,TRUE
4.3,3162.27766016838,3.5,0.1,1,0.1,1000,200,1,0,10,1,1000,116.306,11.5306,0.283775,11.7948603211353,0.0766089778258518,22.7007410417298,0.9775952988047,1.07169280218479,1.061851906593,-0.00984089559178915,TRUE,TRUE,TRUE,TRUE,TRUE
4.4,3162.27766016838,3.5,0.1,1,0.1,1000,200,1,0,10,1,1000,115.004,11.4004,0.2916,11.6355283466289,0.0771435950413223,22.621944437888,0.979792207141416,1.06578610853515,1.05692008947201,-0.00886601906313423,TRUE,TRUE,TRUE,TRUE,TRUE
4.5,3162.27766016838,3.5,0.1,1,0.1,1000,200,1,0,10,1,1000,113.976,11.2976,0.299375,11.4834425751046,0.0776543209876543,22.5474304034531,0.983816475426327,1.0600721029788,1.0529861941507,-0.00708590882809166,TRUE,TRUE,TRUE,TRUE,TRUE
4.6,3162.27766016838,3.5,0.1,1,0.1,1000,200,1,0,10,1,1000,112.787,11.1787,0.3071,11.3380915691747,0.0781427221172023,22.4768579238231,0.985941940210813,1.05453996013658,1.04839130125581,-0.00614865888077372,TRUE,TRUE,TRUE,TRUE,TRUE
4.7,3162.27766016838,3.5,0.1,1,0.1,1000,200,1,0,10,1,1000,111.809,11.0809,0.314775,11.1990130844262,0.0786102308736985,22.4099213569833,0.989453259538515,1.04917975205652,1.04457503558736,-0.00460471646915508,TRUE,TRUE,TRUE,TRUE,TRUE
4.8,3162.27766016838,3.5,0.1,1,0.1,1000,200,1,0,10,1,1000,111.968,11.0968,0.3224,11.0657881557218,0.0790581597222222,22.3463459514904,1.0028024975575,1.04398235179159,1.04519775872325,0.00121540693166181,TRUE,TRUE,TRUE,TRUE,TRUE
4.9,3162.27766016838,3.5,0.1,1,0.1,1000,200,1,0,10,1,1000,110.825,10.9825,0.329975,10.9380360294849,0.079487713452728,22.2858840306322,1.00406507808123,1.03893934959089,1.04070121193736,0.00176186234647154,TRUE,TRUE,TRUE,TRUE,TRUE
5,3162.27766016838,3.5,0.1,1,0.1,1000,200,1,0,10,1,1000,110.135,10.9135,0.3375,10.8154098025963,0.0799,22.2283117298056,1.00906948503978,1.03404297977459,1.0379640527809,0.00392107300631119,TRUE,TRUE,TRUE,TRUE,TRUE
1.1,5623.41325190349,3.75,0.1,1,0.1,1000,200,1,0,10,0.564,564,635.193262411348,63.4193262411348,0.00697500000000001,75.2328929857456,0.00702479338842976,74.9657845885256,NA,NA,NA,NA,TRUE,TRUE,TRUE,FALSE,FALSE
1.2,5623.41325190349,3.75,0.1,1,0.1,1000,200,1,0,10,0.174,174,334.17816091954,33.317816091954,0.0164,49.0634343032726,0.0149305555555556,51.4211617600863,0.679076313451862,1.69075794433427,1.52267652663939,-0.168081417694875,TRUE,TRUE,TRUE,TRUE,TRUE
1.3,5623.41325190349,3.75,0.1,1,0.1,1000,200,1,0,10,0.09,90,260.422222222222,25.9422222222222,0.025775,39.1363691107385,0.0215976331360947,42.7540034979868,0.662867374048351,1.59258053138034,1.4140071751988,-0.17857335618154,TRUE,TRUE,TRUE,TRUE,TRUE
1.4,5623.41325190349,3.75,0.1,1,0.1,1000,200,1,0,10,0.087,87,299.609195402299,29.8609195402299,0.0351,33.5371621084639,0.0272959183673469,38.0304104839824,0.890383015821538,1.5255263101252,1.4751031773039,-0.050423132821299,TRUE,TRUE,TRUE,TRUE,TRUE
1.5,5623.41325190349,3.75,0.1,1,0.1,1000,200,1,0,10,0.082,82,259.378048780488,25.8378048780488,0.044375,29.8270763103754,0.0322222222222222,35.0027466133739,0.866253353469347,1.47461068532654,1.41225561420518,-0.0623550711213623,TRUE,TRUE,TRUE,TRUE,TRUE
1.6,5623.41325190349,3.75,0.1,1,0.1,1000,200,1,0,10,0.141,141,333.929078014184,33.2929078014184,0.0536,27.1392269947458,0.0365234375,32.8771411034376,1.226744881417,1.43359747351173,1.52235172807828,0.0887542545665535,TRUE,TRUE,TRUE,TRUE,TRUE
1.7,5623.41325190349,3.75,0.1,1,0.1,1000,200,1,0,10,0.234,234,280.478632478633,27.9478632478633,0.062775,25.0776309952485,0.0403114186851211,31.2943421886124,1.11445388334961,1.39928650766563,1.44634860953423,0.0470621018685927,TRUE,TRUE,TRUE,TRUE,TRUE
1.8,5623.41325190349,3.75,0.1,1,0.1,1000,200,1,0,10,0.377,377,268.432360742706,26.7432360742706,0.0719,23.4323272070016,0.0436728395061729,30.0658961839422,1.14129662999413,1.36981542316667,1.42721395805552,0.0573985348888467,TRUE,TRUE,TRUE,TRUE,TRUE
1.9,5623.41325190349,3.75,0.1,1,0.1,1000,200,1,0,10,0.504,504,262.853174603175,26.1853174603175,0.080975,22.0802705249964,0.0466759002770083,29.0826191939345,1.18591470293237,1.34400439001701,1.41805784348205,0.0740534534650394,TRUE,TRUE,TRUE,TRUE,TRUE
2,5623.41325190349,3.75,0.1,1,0.1,1000,200,1,0,10,0.634,634,247.280757097792,24.6280757097792,0.09,20.943951023932,0.049375,28.2765430735357,1.17590399641584,1.32105861363845,1.39143047999695,0.0703718663584962,TRUE,TRUE,TRUE,TRUE,TRUE
2.1,5623.41325190349,3.75,0.1,1,0.1,1000,200,1,0,10,0.773,773,232.190168175938,23.1190168175938,0.098975,19.9717956228954,0.0518140589569161,27.6029857290961,1.15758328665704,1.30041711314599,1.36396936090018,0.0635522477541884,TRUE,TRUE,TRUE,TRUE,TRUE
2.2,5623.41325190349,3.75,0.1,1,0.1,1000,200,1,0,10,0.86,860,217.154651162791,21.6154651162791,0.1079,19.1279816297138,0.0540289256198347,27.0312856915466,1.13004422184833,1.28166914601666,1.3347645850124,0.0530954389957434,TRUE,TRUE,TRUE,TRUE,TRUE
2.3,5623.41325190349,3.75,0.1,1,0.1,1000,200,1,0,10,0.909,909,210.386138613861,20.9386138613861,0.116775,18.3867482751362,0.0560491493383743,26.5396600436888,1.13878830275284,1.2645049303782,1.32094792795043,0.0564429975722265,TRUE,TRUE,TRUE,TRUE,TRUE
2.4,5623.41325190349,3.75,0.1,1,0.1,1000,200,1,0,10,0.947,947,195.32206969377,19.432206969377,0.1256,17.7290330108458,0.0578993055555556,26.1121836148708,1.09606694045238,1.24868504865753,1.28852212742386,0.0398370787663318,TRUE,TRUE,TRUE,TRUE,TRUE
2.5,5623.41325190349,3.75,0.1,1,0.1,1000,200,1,0,10,0.969,969,186.019607843137,18.5019607843137,0.134375,17.1403872533621,0.0596,25.7369298308887,1.07943656761224,1.23402062972827,1.26721775611562,0.0331971263873468,TRUE,TRUE,TRUE,TRUE,TRUE
2.6,5623.41325190349,3.75,0.1,1,0.1,1000,200,1,0,10,0.982,982,177.199592668024,17.6199592668024,0.1431,16.6096335707324,0.0611686390532544,25.4047812296024,1.06082769326413,1.22036005147823,1.24600490009059,0.0256448486123667,TRUE,TRUE,TRUE,TRUE,TRUE
2.7,5623.41325190349,3.75,0.1,1,0.1,1000,200,1,0,10,0.986,986,173.286004056795,17.2286004056795,0.151775,16.1279715099649,0.0626200274348423,25.1086429848917,1.06824347966107,1.20757974758562,1.23624999823857,0.0286702506529514,TRUE,TRUE,TRUE,TRUE,TRUE
2.8,5623.41325190349,3.75,0.1,1,0.1,1000,200,1,0,10,0.998,998,166.375751503006,16.5375751503006,0.1604,15.6883650528713,0.0639668367346939,24.8429079981172,1.0541299297006,1.19557768638404,1.21847183072763,0.0228941443435908,TRUE,TRUE,TRUE,TRUE,TRUE
2.9,5623.41325190349,3.75,0.1,1,0.1,1000,200,1,0,10,0.999,999,161.271271271271,16.0271271271271,0.168975,15.2851125448538,0.0652199762187872,24.6030840516878,1.04854492108553,1.18426864080035,1.20485568176448,0.0205870409641323,TRUE,TRUE,TRUE,TRUE,TRUE
3,5623.41325190349,3.75,0.1,1,0.1,1000,200,1,0,10,0.999,999,156.039039039039,15.5039039039039,0.1775,14.9135381551877,0.0663888888888889,24.3855282702592,1.03958589454581,1.17358068966256,1.19044106787661,0.0168603782140486,TRUE,TRUE,TRUE,TRUE,TRUE
3.1,5623.41325190349,3.75,0.1,1,0.1,1000,200,1,0,10,0.999,999,151.534534534535,15.0534534534535,0.185975,14.5697662649023,0.0674817898022893,24.1872543704912,1.03319800604601,1.16345258466791,1.17763614403131,0.0141835593634048,TRUE,TRUE,TRUE,TRUE,TRUE
3.2,5623.41325190349,3.75,0.1,1,0.1,1000,200,1,0,10,1,1000,146.808,14.5808,0.1944,14.2505536684652,0.068505859375,24.0057903524769,1.02317428074852,1.15383173806299,1.16378135292942,0.00994961486643307,TRUE,TRUE,TRUE,TRUE,TRUE
3.3,5623.41325190349,3.75,0.1,1,0.1,1000,200,1,0,10,1,1000,145.097,14.4097,0.202775,13.9531628605358,0.0694674012855831,23.8390718210552,1.03271925828053,1.14467266332164,1.158654939197,0.0139822758753558,TRUE,TRUE,TRUE,TRUE,TRUE
3.4,5623.41325190349,3.75,0.1,1,0.1,1000,200,1,0,10,1,1000,141.751,14.0751,0.2111,13.6752650263277,0.0703719723183391,23.6853609104517,1.0292378226603,1.13593575170429,1.14845148908601,0.0125157373817196,TRUE,TRUE,TRUE,TRUE,TRUE
3.5,5623.41325190349,3.75,0.1,1,0.1,1000,200,1,0,10,1,1000,138.784,13.7784,0.219375,13.4148648433856,0.0712244897959184,23.5431838949659,1.02709942745295,1.12758630145317,1.13919878857923,0.01161248712606,TRUE,TRUE,TRUE,TRUE,TRUE
3.6,5623.41325190349,3.75,0.1,1,0.1,1000,200,1,0,10,1,1000,136.241,13.5241,0.2276,13.1702415270967,0.0720293209876543,23.4112826308492,1.02686803215987,1.1195937394966,1.13110837336907,0.0115146338724679,TRUE,TRUE,TRUE,TRUE,TRUE
3.7,5623.41325190349,3.75,0.1,1,0.1,1000,200,1,0,10,1,1000,134.289,13.3289,0.235775,12.9399021301383,0.0727903579254931,23.2885763683847,1.03006188655444,1.11193099159531,1.12479430968076,0.0128633180854533,TRUE,TRUE,TRUE,TRUE,TRUE
3.8,5623.41325190349,3.75,0.1,1,0.1,1000,200,1,0,10,1,1000,132.165,13.1165,0.2439,12.722544195607,0.07351108033241,23.1741314313946,1.03096517475876,1.10457396820125,1.11781796358608,0.0132439953848307,TRUE,TRUE,TRUE,TRUE,TRUE
3.9,5623.41325190349,3.75,0.1,1,0.1,1000,200,1,0,10,1,1000,131.421,13.0421,0.251975,12.5170256277583,0.0741946088099934,23.0671369304796,1.0419488133888,1.097501141421,1.1153475258271,0.0178463844060994,TRUE,TRUE,TRUE,TRUE,TRUE
4,5623.41325190349,3.75,0.1,1,0.1,1000,200,1,0,10,1,1000,128.706,12.7706,0.26,12.3223401880108,0.07484375,22.9668851502091,1.03637781502131,1.09069319437271,1.106211302163,0.0155181077902958,TRUE,TRUE,TRUE,TRUE,TRUE
4.1,5623.41325190349,3.75,0.1,1,0.1,1000,200,1,0,10,1,1000,128.432,12.7432,0.267975,12.1375974158953,0.0754610350981559,22.8727555906243,1.04989476610187,1.08413272856105,1.105278499258,0.0211457706969507,TRUE,TRUE,TRUE,TRUE,TRUE
4.2,5623.41325190349,3.75,0.1,1,0.1,1000,200,1,0,10,1,1000,125.913,12.4913,0.2759,11.9620060607454,0.0760487528344671,22.7842018905412,1.04424792435038,1.07780401811852,1.09660763881022,0.0188036206916982,TRUE,TRUE,TRUE,TRUE,TRUE
4.3,5623.41325190349,3.75,0.1,1,0.1,1000,200,1,0,10,1,1000,123.857,12.2857,0.283775,11.7948603211353,0.0766089778258518,22.7007410417298,1.04161470890716,1.07169280218479,1.08939990623543,0.0177071040506445,TRUE,TRUE,TRUE,TRUE,TRUE
4.4,5623.41325190349,3.75,0.1,1,0.1,1000,200,1,0,10,1,1000,123.01,12.201,0.2916,11.6355283466289,0.0771435950413223,22.621944437888,1.04859870875868,1.06578610853515,1.08639542712425,0.0206093185891035,TRUE,TRUE,TRUE,TRUE,TRUE
4.5,5623.41325190349,3.75,0.1,1,0.1,1000,200,1,0,10,1,1000,122.942,12.1942,0.299375,11.4834425751046,0.0776543209876543,22.5474304034531,1.06189410712397,1.0600721029788,1.08615331371231,0.0260812107335184,TRUE,TRUE,TRUE,TRUE,TRUE
4.6,5623.41325190349,3.75,0.1,1,0.1,1000,200,1,0,10,1,1000,121.239,12.0239,0.3071,11.3380915691747,0.0781427221172023,22.4768579238231,1.06048711343008,1.05453996013658,1.08004535566694,0.0255053955303628,TRUE,TRUE,TRUE,TRUE,TRUE
4.7,5623.41325190349,3.75,0.1,1,0.1,1000,200,1,0,10,1,1000,120.565,11.9565,0.314775,11.1990130844262,0.0786102308736985,22.4099213569833,1.06763872047147,1.04917975205652,1.07760406818562,0.0284243161291011,TRUE,TRUE,TRUE,TRUE,TRUE
4.8,5623.41325190349,3.75,0.1,1,0.1,1000,200,1,0,10,1,1000,120.279,11.9279,0.3224,11.0657881557218,0.0790581597222222,22.3463459514904,1.07790785727562,1.04398235179159,1.07656398946319,0.0325816376716059,TRUE,TRUE,TRUE,TRUE,TRUE
4.9,5623.41325190349,3.75,0.1,1,0.1,1000,200,1,0,10,1,1000,118.872,11.7872,0.329975,10.9380360294849,0.079487713452728,22.2858840306322,1.07763404401175,1.03893934959089,1.07141065251081,0.0324713029199223,TRUE,TRUE,TRUE,TRUE,TRUE
5,5623.41325190349,3.75,0.1,1,0.1,1000,200,1,0,10,1,1000,117.817,11.6817,0.3375,10.8154098025963,0.0799,22.2283117298056,1.08009776912898,1.03404297977459,1.06750604884619,0.0334630690715973,TRUE,TRUE,TRUE,TRUE,TRUE
1.1,10000,4,0.1,1,0.1,1000,200,1,0,10,0.286,286,197.36013986014,19.636013986014,0.00697500000000001,75.2328929857456,0.00702479338842976,74.9657845885256,NA,NA,NA,NA,TRUE,TRUE,TRUE,FALSE,FALSE
1.2,10000,4,0.1,1,0.1,1000,200,1,0,10,0.122,122,78.1885245901639,7.71885245901639,0.0164,49.0634343032726,0.0149305555555556,51.4211617600863,0.157323933161799,1.69075794433427,0.887552739744957,-0.803205204589309,TRUE,TRUE,TRUE,TRUE,TRUE
1.3,10000,4,0.1,1,0.1,1000,200,1,0,10,0.059,59,51.4915254237288,5.04915254237288,0.025775,39.1363691107385,0.0215976331360947,42.7540034979868,0.129014332629734,1.59258053138034,0.7032184915729,-0.889362039807438,TRUE,TRUE,TRUE,TRUE,TRUE
1.4,10000,4,0.1,1,0.1,1000,200,1,0,10,0.038,38,63.4473684210526,6.24473684210526,0.0351,33.5371621084639,0.0272959183673469,38.0304104839824,0.186203496345603,1.5255263101252,0.795514141600529,-0.730012168524674,TRUE,TRUE,TRUE,TRUE,TRUE
1.5,10000,4,0.1,1,0.1,1000,200,1,0,10,0.036,36,100.083333333333,9.90833333333333,0.044375,29.8270763103754,0.0322222222222222,35.0027466133739,0.33219257664509,1.47461068532654,0.996000608571067,-0.478610076755473,TRUE,TRUE,TRUE,TRUE,TRUE
1.6,10000,4,0.1,1,0.1,1000,200,1,0,10,0.038,38,232.526315789474,23.1526315789474,0.0536,27.1392269947458,0.0365234375,32.8771411034376,0.853105786079675,1.43359747351173,1.36460036102403,-0.068997112487696,TRUE,TRUE,TRUE,TRUE,TRUE
1.7,10000,4,0.1,1,0.1,1000,200,1,0,10,0.076,76,274.868421052632,27.3868421052632,0.062775,25.0776309952485,0.0403114186851211,31.2943421886124,1.09208250613673,1.39928650766563,1.43754195794491,0.0382554502792771,TRUE,TRUE,TRUE,TRUE,TRUE
1.8,10000,4,0.1,1,0.1,1000,200,1,0,10,0.16,160,276.45625,27.545625,0.0719,23.4323272070016,0.0436728395061729,30.0658961839422,1.17553944841507,1.36981542316667,1.44005263080162,0.0702372076349446,TRUE,TRUE,TRUE,TRUE,TRUE
1.9,10000,4,0.1,1,0.1,1000,200,1,0,10,0.3,300,266.236666666667,26.5236666666667,0.080975,22.0802705249964,0.0466759002770083,29.0826191939345,1.2012383017065,1.34400439001701,1.42363356132499,0.0796291713079826,TRUE,TRUE,TRUE,TRUE,TRUE
2,10000,4,0.1,1,0.1,1000,200,1,0,10,0.432,432,252.773148148148,25.1773148148148,0.09,20.943951023932,0.049375,28.2765430735357,1.20212823196758,1.32105861363845,1.40100941031145,0.0799507966729975,TRUE,TRUE,TRUE,TRUE,TRUE
2.1,10000,4,0.1,1,0.1,1000,200,1,0,10,0.615,615,245.273170731707,24.4273170731707,0.098975,19.9717956228954,0.0518140589569161,27.6029857290961,1.223090679196,1.30041711314599,1.38787576970358,0.0874586565575855,TRUE,TRUE,TRUE,TRUE,TRUE
2.2,10000,4,0.1,1,0.1,1000,200,1,0,10,0.724,724,232.705801104972,23.1705801104972,0.1079,19.1279816297138,0.0540289256198347,27.0312856915466,1.21134474922872,1.28166914601666,1.36493690714492,0.0832677611282571,TRUE,TRUE,TRUE,TRUE,TRUE
2.3,10000,4,0.1,1,0.1,1000,200,1,0,10,0.833,833,219.803121248499,21.8803121248499,0.116775,18.3867482751362,0.0560491493383743,26.5396600436888,1.19000444219046,1.2645049303782,1.34005351295998,0.075548582581778,TRUE,TRUE,TRUE,TRUE,TRUE
2.4,10000,4,0.1,1,0.1,1000,200,1,0,10,0.902,902,213.409090909091,21.2409090909091,0.1256,17.7290330108458,0.0578993055555556,26.1121836148708,1.19808616058839,1.24868504865753,1.32717310020211,0.0784880515445808,TRUE,TRUE,TRUE,TRUE,TRUE
2.5,10000,4,0.1,1,0.1,1000,200,1,0,10,0.941,941,199.929861849097,19.8929861849097,0.134375,17.1403872533621,0.0596,25.7369298308887,1.16059140851719,1.23402062972827,1.29869998102711,0.0646793512988332,TRUE,TRUE,TRUE,TRUE,TRUE
2.6,10000,4,0.1,1,0.1,1000,200,1,0,10,0.973,973,192.664953751285,19.1664953751285,0.1431,16.6096335707324,0.0611686390532544,25.4047812296024,1.15393848356182,1.22036005147823,1.28254270868463,0.0621826572064063,TRUE,TRUE,TRUE,TRUE,TRUE
2.7,10000,4,0.1,1,0.1,1000,200,1,0,10,0.984,984,186.168699186992,18.5168699186992,0.151775,16.1279715099649,0.0626200274348423,25.1086429848917,1.14812144275294,1.20757974758562,1.26756757565453,0.0599878280689038,TRUE,TRUE,TRUE,TRUE,TRUE
2.8,10000,4,0.1,1,0.1,1000,200,1,0,10,0.986,986,177.877281947262,17.6877281947262,0.1604,15.6883650528713,0.0639668367346939,24.8429079981172,1.12744241577225,1.19557768638404,1.24767205586885,0.0520943694848083,TRUE,TRUE,TRUE,TRUE,TRUE
2.9,10000,4,0.1,1,0.1,1000,200,1,0,10,0.996,996,172.012048192771,17.1012048192771,0.168975,15.2851125448538,0.0652199762187872,24.6030840516878,1.11881445223868,1.18426864080035,1.23302670851679,0.0487580677164448,TRUE,TRUE,TRUE,TRUE,TRUE
3,10000,4,0.1,1,0.1,1000,200,1,0,10,0.999,999,167.583583583584,16.6583583583584,0.1775,14.9135381551877,0.0663888888888889,24.3855282702592,1.11699572462379,1.17358068966256,1.22163220049003,0.0480515108274702,TRUE,TRUE,TRUE,TRUE,TRUE
3.1,10000,4,0.1,1,0.1,1000,200,1,0,10,0.999,999,162.513513513514,16.1513513513514,0.185975,14.5697662649023,0.0674817898022893,24.1872543704912,1.10855253664974,1.16345258466791,1.20820886474035,0.0447562800724422,TRUE,TRUE,TRUE,TRUE,TRUE
3.2,10000,4,0.1,1,0.1,1000,200,1,0,10,1,1000,160.87,15.987,0.1944,14.2505536684652,0.068505859375,24.0057903524769,1.12185114851905,1.15383173806299,1.20376697496057,0.0499352368975871,TRUE,TRUE,TRUE,TRUE,TRUE
3.3,10000,4,0.1,1,0.1,1000,200,1,0,10,1,1000,154.914,15.3914,0.202775,13.9531628605358,0.0694674012855831,23.8390718210552,1.10307606625391,1.14467266332164,1.18727812500506,0.0426054616834189,TRUE,TRUE,TRUE,TRUE,TRUE
3.4,10000,4,0.1,1,0.1,1000,200,1,0,10,1,1000,152.075,15.1075,0.2111,13.6752650263277,0.0703719723183391,23.6853609104517,1.10473178917666,1.13593575170429,1.17919260292049,0.0432568512162073,TRUE,TRUE,TRUE,TRUE,TRUE
3.5,10000,4,0.1,1,0.1,1000,200,1,0,10,1,1000,148.566,14.7566,0.219375,13.4148648433856,0.0712244897959184,23.5431838949659,1.10001853706905,1.12758630145317,1.16898630522863,0.0414000037754671,TRUE,TRUE,TRUE,TRUE,TRUE
3.6,10000,4,0.1,1,0.1,1000,200,1,0,10,1,1000,145.214,14.4214,0.2276,13.1702415270967,0.0720293209876543,23.4112826308492,1.09499890114613,1.1195937394966,1.15900742284953,0.0394136833529296,TRUE,TRUE,TRUE,TRUE,TRUE
3.7,10000,4,0.1,1,0.1,1000,200,1,0,10,1,1000,143.76,14.276,0.235775,12.9399021301383,0.0727903579254931,23.2885763683847,1.10325409392006,1.11193099159531,1.15460653928362,0.0426755476883166,TRUE,TRUE,TRUE,TRUE,TRUE
3.8,10000,4,0.1,1,0.1,1000,200,1,0,10,1,1000,142.131,14.1131,0.2439,12.722544195607,0.07351108033241,23.1741314313946,1.10929856348018,1.10457396820125,1.14962241878776,0.045048450586515,TRUE,TRUE,TRUE,TRUE,TRUE
3.9,10000,4,0.1,1,0.1,1000,200,1,0,10,1,1000,139.252,13.8252,0.251975,12.5170256277583,0.0741946088099934,23.0671369304796,1.10451159973186,1.097501141421,1.14067142267244,0.0431702812514409,TRUE,TRUE,TRUE,TRUE,TRUE
4,10000,4,0.1,1,0.1,1000,200,1,0,10,1,1000,137.878,13.6878,0.26,12.3223401880108,0.07484375,22.9668851502091,1.11081172822332,1.09069319437271,1.13633365086304,0.0456404564903386,TRUE,TRUE,TRUE,TRUE,TRUE
4.1,10000,4,0.1,1,0.1,1000,200,1,0,10,1,1000,136.252,13.5252,0.267975,12.1375974158953,0.0754610350981559,22.8727555906243,1.11432267330662,1.08413272856105,1.13114369583067,0.0470109672696269,TRUE,TRUE,TRUE,TRUE,TRUE
4.2,10000,4,0.1,1,0.1,1000,200,1,0,10,1,1000,135.092,13.4092,0.2759,11.9620060607454,0.0760487528344671,22.7842018905412,1.12098254522741,1.07780401811852,1.12740286838483,0.0495988502663047,TRUE,TRUE,TRUE,TRUE,TRUE
4.3,10000,4,0.1,1,0.1,1000,200,1,0,10,1,1000,133.077,13.2077,0.283775,11.7948603211353,0.0766089778258518,22.7007410417298,1.11978435016589,1.07169280218479,1.12082719579197,0.0491343936071796,TRUE,TRUE,TRUE,TRUE,TRUE
4.4,10000,4,0.1,1,0.1,1000,200,1,0,10,1,1000,131.544,13.0544,0.2916,11.6355283466289,0.0771435950413223,22.621944437888,1.12194303611337,1.06578610853515,1.11575691578537,0.0499708072502204,TRUE,TRUE,TRUE,TRUE,TRUE
4.5,10000,4,0.1,1,0.1,1000,200,1,0,10,1,1000,130.057,12.9057,0.299375,11.4834425751046,0.0776543209876543,22.5474304034531,1.12385287909906,1.0600721029788,1.11078156547753,0.050709462498736,TRUE,TRUE,TRUE,TRUE,TRUE
4.6,10000,4,0.1,1,0.1,1000,200,1,0,10,1,1000,129,12.8,0.3071,11.3380915691747,0.0781427221172023,22.4768579238231,1.12893778656717,1.05453996013658,1.10720996964787,0.0526700095112878,TRUE,TRUE,TRUE,TRUE,TRUE
4.7,10000,4,0.1,1,0.1,1000,200,1,0,10,1,1000,128.5,12.75,0.314775,11.1990130844262,0.0786102308736985,22.4099213569833,1.13849317827217,1.04917975205652,1.10551018476997,0.056330432713454,TRUE,TRUE,TRUE,TRUE,TRUE
4.8,10000,4,0.1,1,0.1,1000,200,1,0,10,1,1000,127.915,12.6915,0.3224,11.0657881557218,0.0790581597222222,22.3463459514904,1.1469133351733,1.04398235179159,1.1035129541061,0.0595306023145115,TRUE,TRUE,TRUE,TRUE,TRUE
4.9,10000,4,0.1,1,0.1,1000,200,1,0,10,1,1000,126.486,12.5486,0.329975,10.9380360294849,0.079487713452728,22.2858840306322,1.1472443468072,1.03893934959089,1.09859527592142,0.0596559263305351,TRUE,TRUE,TRUE,TRUE,TRUE
5,10000,4,0.1,1,0.1,1000,200,1,0,10,1,1000,125.702,12.4702,0.3375,10.8154098025963,0.0799,22.2283117298056,1.15300300475036,1.03404297977459,1.09587341885143,0.061830439076832,TRUE,TRUE,TRUE,TRUE,TRUE
1.1,17782.7941003892,4.25,0.1,1,0.1,1000,200,1,0,10,0.244,244,82.5655737704918,8.15655737704918,0.00697500000000001,75.2328929857456,0.00702479338842976,74.9657845885256,NA,NA,NA,NA,TRUE,TRUE,TRUE,FALSE,FALSE
1.2,17782.7941003892,4.25,0.1,1,0.1,1000,200,1,0,10,0.112,112,66.1785714285714,6.51785714285714,0.0164,49.0634343032726,0.0149305555555556,51.4211617600863,0.132845513882472,1.69075794433427,0.814104837450274,-0.876653106883992,TRUE,TRUE,TRUE,TRUE,TRUE
1.3,17782.7941003892,4.25,0.1,1,0.1,1000,200,1,0,10,0.056,56,42.0535714285714,4.10535714285714,0.025775,39.1363691107385,0.0215976331360947,42.7540034979868,0.104898774110618,1.59258053138034,0.613350944263079,-0.979229587117259,TRUE,TRUE,TRUE,TRUE,TRUE
1.4,17782.7941003892,4.25,0.1,1,0.1,1000,200,1,0,10,0.04,40,38.2,3.72,0.0351,33.5371621084639,0.0272959183673469,38.0304104839824,0.110921728796521,1.5255263101252,0.570542939881898,-0.954983370243305,TRUE,TRUE,TRUE,TRUE,TRUE
1.5,17782.7941003892,4.25,0.1,1,0.1,1000,200,1,0,10,0.023,23,28.6086956521739,2.76086956521739,0.044375,29.8270763103754,0.0322222222222222,35.0027466133739,0.0925625272986283,1.47461068532654,0.441045889274383,-1.03356479605216,TRUE,TRUE,TRUE,TRUE,TRUE
1.6,17782.7941003892,4.25,0.1,1,0.1,1000,200,1,0,10,0.011,11,55.8181818181818,5.48181818181818,0.0536,27.1392269947458,0.0365234375,32.8771411034376,0.201988736926054,1.43359747351173,0.738924626981926,-0.694672846529804,TRUE,TRUE,TRUE,TRUE,TRUE
1.7,17782.7941003892,4.25,0.1,1,0.1,1000,200,1,0,10,0.015,15,124.266666666667,12.3266666666667,0.062775,25.0776309952485,0.0403114186851211,31.2943421886124,0.491540316108894,1.39928650766563,1.09084565210349,-0.308440855562143,TRUE,TRUE,TRUE,TRUE,TRUE
1.8,17782.7941003892,4.25,0.1,1,0.1,1000,200,1,0,10,0.036,36,273.527777777778,27.2527777777778,0.0719,23.4323272070016,0.0436728395061729,30.0658961839422,1.16304187531295,1.36981542316667,1.4354107749458,0.0655953517791286,TRUE,TRUE,TRUE,TRUE,TRUE
1.9,17782.7941003892,4.25,0.1,1,0.1,1000,200,1,0,10,0.112,112,283.357142857143,28.2357142857143,0.080975,22.0802705249964,0.0466759002770083,29.0826191939345,1.27877574025869,1.34400439001701,1.45079877866473,0.106794388647725,TRUE,TRUE,TRUE,TRUE,TRUE
2,17782.7941003892,4.25,0.1,1,0.1,1000,200,1,0,10,0.238,238,279.831932773109,27.8831932773109,0.09,20.943951023932,0.049375,28.2765430735357,1.33132441178122,1.32105861363845,1.44534250914263,0.124283895504179,TRUE,TRUE,TRUE,TRUE,TRUE
2.1,17782.7941003892,4.25,0.1,1,0.1,1000,200,1,0,10,0.386,386,262.647668393782,26.1647668393782,0.098975,19.9717956228954,0.0518140589569161,27.6029857290961,1.31008584973618,1.30041711314599,1.41771686898883,0.117299755842834,TRUE,TRUE,TRUE,TRUE,TRUE
2.2,17782.7941003892,4.25,0.1,1,0.1,1000,200,1,0,10,0.573,573,252.682373472949,25.1682373472949,0.1079,19.1279816297138,0.0540289256198347,27.0312856915466,1.31578113334227,1.28166914601666,1.40085280088214,0.119183654865478,TRUE,TRUE,TRUE,TRUE,TRUE
2.3,17782.7941003892,4.25,0.1,1,0.1,1000,200,1,0,10,0.714,714,239.106442577031,23.8106442577031,0.116775,18.3867482751362,0.0560491493383743,26.5396600436888,1.29498940766494,1.2645049303782,1.37677114650862,0.112266216130414,TRUE,TRUE,TRUE,TRUE,TRUE
2.4,17782.7941003892,4.25,0.1,1,0.1,1000,200,1,0,10,0.827,827,227.519951632406,22.6519951632406,0.1256,17.7290330108458,0.0578993055555556,26.1121836148708,1.27767798443283,1.24868504865753,1.35510646022192,0.106421411564397,TRUE,TRUE,TRUE,TRUE,TRUE
2.5,17782.7941003892,4.25,0.1,1,0.1,1000,200,1,0,10,0.906,906,218.100441501104,21.7100441501104,0.134375,17.1403872533621,0.0596,25.7369298308887,1.26660173012438,1.23402062972827,1.33666070664787,0.102640076919596,TRUE,TRUE,TRUE,TRUE,TRUE
2.6,17782.7941003892,4.25,0.1,1,0.1,1000,200,1,0,10,0.937,937,208.440768409819,20.7440768409819,0.1431,16.6096335707324,0.0611686390532544,25.4047812296024,1.24891839140478,1.22036005147823,1.31689411249407,0.096534061015839,TRUE,TRUE,TRUE,TRUE,TRUE
2.7,17782.7941003892,4.25,0.1,1,0.1,1000,200,1,0,10,0.964,964,199.463692946058,19.8463692946058,0.151775,16.1279715099649,0.0626200274348423,25.1086429848917,1.23055582547027,1.20757974758562,1.29768106830119,0.0901013207155673,TRUE,TRUE,TRUE,TRUE,TRUE
2.8,17782.7941003892,4.25,0.1,1,0.1,1000,200,1,0,10,0.984,984,191.730691056911,19.0730691056911,0.1604,15.6883650528713,0.0639668367346939,24.8429079981172,1.21574613042296,1.19557768638404,1.28042058231817,0.0848428959341234,TRUE,TRUE,TRUE,TRUE,TRUE
2.9,17782.7941003892,4.25,0.1,1,0.1,1000,200,1,0,10,0.99,990,185.533333333333,18.4533333333333,0.168975,15.2851125448538,0.0652199762187872,24.6030840516878,1.20727494018657,1.18426864080035,1.26607482672904,0.0818061859286894,TRUE,TRUE,TRUE,TRUE,TRUE
3,17782.7941003892,4.25,0.1,1,0.1,1000,200,1,0,10,0.995,995,182.240201005025,18.1240201005025,0.1775,14.9135381551877,0.0663888888888889,24.3855282702592,1.21527298967603,1.17358068966256,1.2582545351631,0.0846738455005421,TRUE,TRUE,TRUE,TRUE,TRUE
3.1,17782.7941003892,4.25,0.1,1,0.1,1000,200,1,0,10,0.998,998,174.305611222445,17.3305611222445,0.185975,14.5697662649023,0.0674817898022893,24.1872543704912,1.18948793049568,1.16345258466791,1.23881262436131,0.0753600396934049,TRUE,TRUE,TRUE,TRUE,TRUE
3.2,17782.7941003892,4.25,0.1,1,0.1,1000,200,1,0,10,0.996,996,170.433734939759,16.9433734939759,0.1944,14.2505536684652,0.068505859375,24.0057903524769,1.18896247038244,1.15383173806299,1.22899988438643,0.075168146323445,TRUE,TRUE,TRUE,TRUE,TRUE
3.3,17782.7941003892,4.25,0.1,1,0.1,1000,200,1,0,10,0.998,998,164.219438877756,16.3219438877756,0.202775,13.9531628605358,0.0694674012855831,23.8390718210552,1.1697666006565,1.14467266332164,1.21277188048773,0.0680992171660833,TRUE,TRUE,TRUE,TRUE,TRUE
3.4,17782.7941003892,4.25,0.1,1,0.1,1000,200,1,0,10,1,1000,162.978,16.1978,0.2111,13.6752650263277,0.0703719723183391,23.6853609104517,1.18445967729444,1.13593575170429,1.2094560322746,0.0735202805703102,TRUE,TRUE,TRUE,TRUE,TRUE
3.5,17782.7941003892,4.25,0.1,1,0.1,1000,200,1,0,10,1,1000,158.501,15.7501,0.219375,13.4148648433856,0.0712244897959184,23.5431838949659,1.1740781725256,1.12758630145317,1.19728331554215,0.0696970140889822,TRUE,TRUE,TRUE,TRUE,TRUE
3.6,17782.7941003892,4.25,0.1,1,0.1,1000,200,1,0,10,1,1000,156.515,15.5515,0.2276,13.1702415270967,0.0720293209876543,23.4112826308492,1.18080598355042,1.1195937394966,1.19177228470079,0.0721785452041909,TRUE,TRUE,TRUE,TRUE,TRUE
3.7,17782.7941003892,4.25,0.1,1,0.1,1000,200,1,0,10,1,1000,153.942,15.2942,0.235775,12.9399021301383,0.0727903579254931,23.2885763683847,1.18194093326088,1.11193099159531,1.184526765095,0.0725957734996905,TRUE,TRUE,TRUE,TRUE,TRUE
3.8,17782.7941003892,4.25,0.1,1,0.1,1000,200,1,0,10,1,1000,151.897,15.0897,0.2439,12.722544195607,0.07351108033241,23.1741314313946,1.18605993958428,1.10457396820125,1.17868060560464,0.0741066374033858,TRUE,TRUE,TRUE,TRUE,TRUE
3.9,17782.7941003892,4.25,0.1,1,0.1,1000,200,1,0,10,1,1000,150.038,14.9038,0.251975,12.5170256277583,0.0741946088099934,23.0671369304796,1.19068223100452,1.097501141421,1.17329701395748,0.0757958725364854,TRUE,TRUE,TRUE,TRUE,TRUE
4,17782.7941003892,4.25,0.1,1,0.1,1000,200,1,0,10,1,1000,146.36,14.536,0.26,12.3223401880108,0.07484375,22.9668851502091,1.17964605571781,1.09069319437271,1.16244491429998,0.0717517199272719,TRUE,TRUE,TRUE,TRUE,TRUE
4.1,17782.7941003892,4.25,0.1,1,0.1,1000,200,1,0,10,1,1000,144.254,14.3254,0.267975,12.1375974158953,0.0754610350981559,22.8727555906243,1.18025005354351,1.08413272856105,1.15610675736665,0.0719740288056025,TRUE,TRUE,TRUE,TRUE,TRUE
4.2,17782.7941003892,4.25,0.1,1,0.1,1000,200,1,0,10,1,1000,143.369,14.2369,0.2759,11.9620060607454,0.0760487528344671,22.7842018905412,1.19017662486562,1.07780401811852,1.15341543456354,0.0756114164450217,TRUE,TRUE,TRUE,TRUE,TRUE
4.3,17782.7941003892,4.25,0.1,1,0.1,1000,200,1,0,10,1,1000,141.366,14.0366,0.283775,11.7948603211353,0.0766089778258518,22.7007410417298,1.1900607228767,1.07169280218479,1.14726192402897,0.0755691218441762,TRUE,TRUE,TRUE,TRUE,TRUE
4.4,17782.7941003892,4.25,0.1,1,0.1,1000,200,1,0,10,1,1000,140.127,13.9127,0.2916,11.6355283466289,0.0771435950413223,22.621944437888,1.19570848744749,1.06578610853515,1.14341142052494,0.0776253119897972,TRUE,TRUE,TRUE,TRUE,TRUE
4.5,17782.7941003892,4.25,0.1,1,0.1,1000,200,1,0,10,1,1000,139.076,13.8076,0.299375,11.4834425751046,0.0776543209876543,22.5474304034531,1.20239204486763,1.0600721029788,1.14011819723636,0.0800460942575616,TRUE,TRUE,TRUE,TRUE,TRUE
4.6,17782.7941003892,4.25,0.1,1,0.1,1000,200,1,0,10,1,1000,137.695,13.6695,0.3071,11.3380915691747,0.0781427221172023,22.4768579238231,1.20562617761562,1.05453996013658,1.13575262932918,0.0812126691925961,TRUE,TRUE,TRUE,TRUE,TRUE
4.7,17782.7941003892,4.25,0.1,1,0.1,1000,200,1,0,10,1,1000,136.606,13.5606,0.314775,11.1990130844262,0.0786102308736985,22.4099213569833,1.2108745563355,1.04917975205652,1.13227890567591,0.0830991536193875,TRUE,TRUE,TRUE,TRUE,TRUE
4.8,17782.7941003892,4.25,0.1,1,0.1,1000,200,1,0,10,1,1000,134.957,13.3957,0.3224,11.0657881557218,0.0790581597222222,22.3463459514904,1.21055091706898,1.04398235179159,1.12696541284488,0.0829830610532876,TRUE,TRUE,TRUE,TRUE,TRUE
4.9,17782.7941003892,4.25,0.1,1,0.1,1000,200,1,0,10,1,1000,134.417,13.3417,0.329975,10.9380360294849,0.079487713452728,22.2858840306322,1.21975279328352,1.03893934959089,1.12521117092836,0.0862718213374764,TRUE,TRUE,TRUE,TRUE,TRUE
5,17782.7941003892,4.25,0.1,1,0.1,1000,200,1,0,10,1,1000,133.989,13.2989,0.3375,10.8154098025963,0.0799,22.2283117298056,1.22962515916942,1.03404297977459,1.12381572038914,0.0897727406145466,TRUE,TRUE,TRUE,TRUE,TRUE
1.1,31622.7766016838,4.5,0.1,1,0.1,1000,200,1,0,10,0.263,263,89.638783269962,8.8638783269962,0.00697500000000001,75.2328929857456,0.00702479338842976,74.9657845885256,NA,NA,NA,NA,TRUE,TRUE,TRUE,FALSE,FALSE
1.2,31622.7766016838,4.5,0.1,1,0.1,1000,200,1,0,10,0.114,114,67.219298245614,6.6219298245614,0.0164,49.0634343032726,0.0149305555555556,51.4211617600863,0.134966700121922,1.69075794433427,0.820984574035011,-0.869773370299254,TRUE,TRUE,TRUE,TRUE,TRUE
1.3,31622.7766016838,4.5,0.1,1,0.1,1000,200,1,0,10,0.063,63,54.6507936507937,5.36507936507937,0.025775,39.1363691107385,0.0215976331360947,42.7540034979868,0.137086793869369,1.59258053138034,0.729576150824073,-0.863004380556265,TRUE,TRUE,TRUE,TRUE,TRUE
1.4,31622.7766016838,4.5,0.1,1,0.1,1000,200,1,0,10,0.035,35,42.4857142857143,4.14857142857143,0.0351,33.5371621084639,0.0272959183673469,38.0304104839824,0.123700729809945,1.5255263101252,0.617898572013799,-0.907627738111404,TRUE,TRUE,TRUE,TRUE,TRUE
1.5,31622.7766016838,4.5,0.1,1,0.1,1000,200,1,0,10,0.019,19,36.9473684210526,3.59473684210526,0.044375,29.8270763103754,0.0322222222222222,35.0027466133739,0.120519249178131,1.47461068532654,0.555667102728704,-0.918943582597836,TRUE,TRUE,TRUE,TRUE,TRUE
1.6,31622.7766016838,4.5,0.1,1,0.1,1000,200,1,0,10,0.013,13,26.4615384615385,2.54615384615385,0.0536,27.1392269947458,0.0365234375,32.8771411034376,0.0938182154800055,1.43359747351173,0.405884641468882,-1.02771283204285,TRUE,TRUE,TRUE,TRUE,TRUE
1.7,31622.7766016838,4.5,0.1,1,0.1,1000,200,1,0,10,0.01,10,35.8,3.48,0.062775,25.0776309952485,0.0403114186851211,31.2943421886124,0.138769088701375,1.39928650766563,0.541579243946581,-0.857707263719054,TRUE,TRUE,TRUE,TRUE,TRUE
1.8,31622.7766016838,4.5,0.1,1,0.1,1000,200,1,0,10,0.005,5,138.8,13.78,0.0719,23.4323272070016,0.0436728395061729,30.0658961839422,0.588076458572264,1.36981542316667,1.13924921757161,-0.230566205595067,TRUE,TRUE,TRUE,TRUE,TRUE
1.9,31622.7766016838,4.5,0.1,1,0.1,1000,200,1,0,10,0.018,18,277.777777777778,27.6777777777778,0.080975,22.0802705249964,0.0466759002770083,29.0826191939345,1.25350718626589,1.34400439001701,1.44213121809718,0.0981268280801738,TRUE,TRUE,TRUE,TRUE,TRUE
2,31622.7766016838,4.5,0.1,1,0.1,1000,200,1,0,10,0.077,77,289.922077922078,28.8922077922078,0.09,20.943951023932,0.049375,28.2765430735357,1.37950130609041,1.32105861363845,1.46078072963712,0.13972211599867,TRUE,TRUE,TRUE,TRUE,TRUE
2.1,31622.7766016838,4.5,0.1,1,0.1,1000,200,1,0,10,0.199,199,278.437185929648,27.7437185929648,0.098975,19.9717956228954,0.0518140589569161,27.6029857290961,1.38914492801838,1.30041711314599,1.44316467073043,0.142747557584438,TRUE,TRUE,TRUE,TRUE,TRUE
2.2,31622.7766016838,4.5,0.1,1,0.1,1000,200,1,0,10,0.374,374,268.131016042781,26.7131016042781,0.1079,19.1279816297138,0.0540289256198347,27.0312856915466,1.39654575801042,1.28166914601666,1.42672431600418,0.145055169987518,TRUE,TRUE,TRUE,TRUE,TRUE
2.3,31622.7766016838,4.5,0.1,1,0.1,1000,200,1,0,10,0.544,544,259.246323529412,25.8246323529412,0.116775,18.3867482751362,0.0560491493383743,26.5396600436888,1.40452416960877,1.2645049303782,1.41203414749174,0.147529217113532,TRUE,TRUE,TRUE,TRUE,TRUE
2.4,31622.7766016838,4.5,0.1,1,0.1,1000,200,1,0,10,0.717,717,246.258019525802,24.5258019525802,0.1256,17.7290330108458,0.0578993055555556,26.1121836148708,1.38336941093044,1.24868504865753,1.38962321698516,0.140938168327635,TRUE,TRUE,TRUE,TRUE,TRUE
2.5,31622.7766016838,4.5,0.1,1,0.1,1000,200,1,0,10,0.819,819,236.117216117216,23.5117216117216,0.134375,17.1403872533621,0.0596,25.7369298308887,1.37171472640502,1.23402062972827,1.37128443087296,0.137263801144682,TRUE,TRUE,TRUE,TRUE,TRUE
2.6,31622.7766016838,4.5,0.1,1,0.1,1000,200,1,0,10,0.916,916,225.492358078603,22.4492358078603,0.1431,16.6096335707324,0.0611686390532544,25.4047812296024,1.35157923335634,1.22036005147823,1.35120156181693,0.130841510338703,TRUE,TRUE,TRUE,TRUE,TRUE
2.7,31622.7766016838,4.5,0.1,1,0.1,1000,200,1,0,10,0.933,933,215.390139335477,21.4390139335477,0.151775,16.1279715099649,0.0626200274348423,25.1086429848917,1.32930628754529,1.20757974758562,1.33120480653066,0.123625058945037,TRUE,TRUE,TRUE,TRUE,TRUE
2.8,31622.7766016838,4.5,0.1,1,0.1,1000,200,1,0,10,0.968,968,206.728305785124,20.5728305785124,0.1604,15.6883650528713,0.0639668367346939,24.8429079981172,1.31134318389329,1.19557768638404,1.31329404959729,0.117716363213246,TRUE,TRUE,TRUE,TRUE,TRUE
2.9,31622.7766016838,4.5,0.1,1,0.1,1000,200,1,0,10,0.984,984,199.569105691057,19.8569105691057,0.168975,15.2851125448538,0.0652199762187872,24.6030840516878,1.2991013648631,1.18426864080035,1.29791167985121,0.113643039050858,TRUE,TRUE,TRUE,TRUE,TRUE
3,31622.7766016838,4.5,0.1,1,0.1,1000,200,1,0,10,0.988,988,192.705465587045,19.1705465587045,0.1775,14.9135381551877,0.0663888888888889,24.3855282702592,1.28544590554026,1.17358068966256,1.28263449493574,0.109053805273179,TRUE,TRUE,TRUE,TRUE,TRUE
3.1,31622.7766016838,4.5,0.1,1,0.1,1000,200,1,0,10,0.996,996,186.138554216867,18.5138554216867,0.185975,14.5697662649023,0.0674817898022893,24.1872543704912,1.27070366710587,1.16345258466791,1.26749686791607,0.104044283248164,TRUE,TRUE,TRUE,TRUE,TRUE
3.2,31622.7766016838,4.5,0.1,1,0.1,1000,200,1,0,10,0.998,998,182.618236472946,18.1618236472946,0.1944,14.2505536684652,0.068505859375,24.0057903524769,1.27446442221292,1.15383173806299,1.25915945432785,0.105327716264859,TRUE,TRUE,TRUE,TRUE,TRUE
3.3,31622.7766016838,4.5,0.1,1,0.1,1000,200,1,0,10,1,1000,177.913,17.6913,0.202775,13.9531628605358,0.0694674012855831,23.8390718210552,1.2679060781292,1.14467266332164,1.24775974710319,0.10308708378155,TRUE,TRUE,TRUE,TRUE,TRUE
3.4,31622.7766016838,4.5,0.1,1,0.1,1000,200,1,0,10,0.999,999,173.078078078078,17.2078078078078,0.2111,13.6752650263277,0.0703719723183391,23.6853609104517,1.25831622090536,1.13593575170429,1.23572554681719,0.0997897951129009,TRUE,TRUE,TRUE,TRUE,TRUE
3.5,31622.7766016838,4.5,0.1,1,0.1,1000,200,1,0,10,1,1000,169.947,16.8947,0.219375,13.4148648433856,0.0712244897959184,23.5431838949659,1.25940143245873,1.12758630145317,1.22775048439139,0.100164182938227,TRUE,TRUE,TRUE,TRUE,TRUE
3.6,31622.7766016838,4.5,0.1,1,0.1,1000,200,1,0,10,1,1000,166.291,16.5291,0.2276,13.1702415270967,0.0720293209876543,23.4112826308492,1.25503393130587,1.1195937394966,1.21824920713015,0.0986554676335481,TRUE,TRUE,TRUE,TRUE,TRUE
3.7,31622.7766016838,4.5,0.1,1,0.1,1000,200,1,0,10,1,1000,163.285,16.2285,0.235775,12.9399021301383,0.0727903579254931,23.2885763683847,1.25414395231029,1.11193099159531,1.21027837984913,0.0983473882538275,TRUE,TRUE,TRUE,TRUE,TRUE
3.8,31622.7766016838,4.5,0.1,1,0.1,1000,200,1,0,10,1,1000,160.49,15.949,0.2439,12.722544195607,0.07351108033241,23.1741314313946,1.25360146168775,1.10457396820125,1.20273345804544,0.0981594898441936,TRUE,TRUE,TRUE,TRUE,TRUE
3.9,31622.7766016838,4.5,0.1,1,0.1,1000,200,1,0,10,1,1000,157.562,15.6562,0.251975,12.5170256277583,0.0741946088099934,23.0671369304796,1.25079235799279,1.097501141421,1.19468636057672,0.0971852191557204,TRUE,TRUE,TRUE,TRUE,TRUE
4,31622.7766016838,4.5,0.1,1,0.1,1000,200,1,0,10,1,1000,156.96,15.596,0.26,12.3223401880108,0.07484375,22.9668851502091,1.2656686767319,1.09069319437271,1.19301322651595,0.102320032143242,TRUE,TRUE,TRUE,TRUE,TRUE
4.1,31622.7766016838,4.5,0.1,1,0.1,1000,200,1,0,10,1,1000,153.208,15.2208,0.267975,12.1375974158953,0.0754610350981559,22.8727555906243,1.25402083117924,1.08413272856105,1.18243747940268,0.0983047508416309,TRUE,TRUE,TRUE,TRUE,TRUE
4.2,31622.7766016838,4.5,0.1,1,0.1,1000,200,1,0,10,1,1000,151.18,15.018,0.2759,11.9620060607454,0.0760487528344671,22.7842018905412,1.25547503685717,1.07780401811852,1.17661209999187,0.0988080818733446,TRUE,TRUE,TRUE,TRUE,TRUE
4.3,31622.7766016838,4.5,0.1,1,0.1,1000,200,1,0,10,1,1000,150.244,14.9244,0.283775,11.7948603211353,0.0766089778258518,22.7007410417298,1.26533079609742,1.07169280218479,1.17389688037581,0.102204078191023,TRUE,TRUE,TRUE,TRUE,TRUE
4.4,31622.7766016838,4.5,0.1,1,0.1,1000,200,1,0,10,1,1000,148.424,14.7424,0.2916,11.6355283466289,0.0771435950413223,22.621944437888,1.2670159498405,1.06578610853515,1.16856819057259,0.102782082037439,TRUE,TRUE,TRUE,TRUE,TRUE
4.5,31622.7766016838,4.5,0.1,1,0.1,1000,200,1,0,10,1,1000,147.187,14.6187,0.299375,11.4834425751046,0.0776543209876543,22.5474304034531,1.27302417410024,1.0600721029788,1.16490875374844,0.104836650769646,TRUE,TRUE,TRUE,TRUE,TRUE
4.6,31622.7766016838,4.5,0.1,1,0.1,1000,200,1,0,10,1,1000,145.635,14.4635,0.3071,11.3380915691747,0.0781427221172023,22.4768579238231,1.27565559968861,1.05453996013658,1.16027339992648,0.105733439789904,TRUE,TRUE,TRUE,TRUE,TRUE
4.7,31622.7766016838,4.5,0.1,1,0.1,1000,200,1,0,10,1,1000,144.744,14.3744,0.314775,11.1990130844262,0.0786102308736985,22.4099213569833,1.28354167386317,1.04917975205652,1.15758972590933,0.108409973852806,TRUE,TRUE,TRUE,TRUE,TRUE
4.8,31622.7766016838,4.5,0.1,1,0.1,1000,200,1,0,10,1,1000,144.317,14.3317,0.3224,11.0657881557218,0.0790581597222222,22.3463459514904,1.29513594497917,1.04398235179159,1.15629770866877,0.112315356877185,TRUE,TRUE,TRUE,TRUE,TRUE
4.9,31622.7766016838,4.5,0.1,1,0.1,1000,200,1,0,10,1,1000,142.761,14.1761,0.329975,10.9380360294849,0.079487713452728,22.2858840306322,1.29603705471316,1.03893934959089,1.15155676812191,0.112617418531026,TRUE,TRUE,TRUE,TRUE,TRUE
5,31622.7766016838,4.5,0.1,1,0.1,1000,200,1,0,10,1,1000,141.54,14.054,0.3375,10.8154098025963,0.0799,22.2283117298056,1.29944220852605,1.03404297977459,1.1477999492012,0.113756969426607,TRUE,TRUE,TRUE,TRUE,TRUE
1.1,56234.1325190349,4.75,0.1,1,0.1,1000,200,1,0,10,0.244,244,81.2909836065574,8.02909836065574,0.00697500000000001,75.2328929857456,0.00702479338842976,74.9657845885256,NA,NA,NA,NA,TRUE,TRUE,TRUE,FALSE,FALSE
1.2,56234.1325190349,4.75,0.1,1,0.1,1000,200,1,0,10,0.103,103,57.6601941747573,5.66601941747573,0.0164,49.0634343032726,0.0149305555555556,51.4211617600863,0.11548354692117,1.69075794433427,0.753278058516242,-0.937479885818024,TRUE,TRUE,TRUE,TRUE,TRUE
1.3,56234.1325190349,4.75,0.1,1,0.1,1000,200,1,0,10,0.065,65,46.0153846153846,4.50153846153846,0.025775,39.1363691107385,0.0215976331360947,42.7540034979868,0.115021872591224,1.59258053138034,0.653360965146436,-0.939219566233901,TRUE,TRUE,TRUE,TRUE,TRUE
1.4,56234.1325190349,4.75,0.1,1,0.1,1000,200,1,0,10,0.036,36,38.4722222222222,3.74722222222222,0.0351,33.5371621084639,0.0272959183673469,38.0304104839824,0.111733432009041,1.5255263101252,0.573709448904617,-0.951816861220586,TRUE,TRUE,TRUE,TRUE,TRUE
1.5,56234.1325190349,4.75,0.1,1,0.1,1000,200,1,0,10,0.027,27,29.2592592592593,2.82592592592593,0.044375,29.8270763103754,0.0322222222222222,35.0027466133739,0.094743644885601,1.47461068532654,0.451160773795893,-1.02344991153065,TRUE,TRUE,TRUE,TRUE,TRUE
1.6,56234.1325190349,4.75,0.1,1,0.1,1000,200,1,0,10,0.022,22,29.7272727272727,2.87272727272727,0.0536,27.1392269947458,0.0365234375,32.8771411034376,0.105851477394085,1.43359747351173,0.458294397460179,-0.975303076051551,TRUE,TRUE,TRUE,TRUE,TRUE
1.7,56234.1325190349,4.75,0.1,1,0.1,1000,200,1,0,10,0.003,3,27.6666666666667,2.66666666666667,0.062775,25.0776309952485,0.0403114186851211,31.2943421886124,0.106336466437835,1.39928650766563,0.425968732272281,-0.973317775393354,TRUE,TRUE,TRUE,TRUE,TRUE
1.8,56234.1325190349,4.75,0.1,1,0.1,1000,200,1,0,10,0.01,10,18.5,1.75,0.0719,23.4323272070016,0.0436728395061729,30.0658961839422,0.0746831496735459,1.36981542316667,0.243038048686294,-1.12677737448038,TRUE,TRUE,TRUE,TRUE,TRUE
1.9,56234.1325190349,4.75,0.1,1,0.1,1000,200,1,0,10,0.005,5,65,6.4,0.080975,22.0802705249964,0.0466759002770083,29.0826191939345,0.289851521191951,1.34400439001701,0.806179973983887,-0.537824416033121,TRUE,TRUE,TRUE,TRUE,TRUE
2,56234.1325190349,4.75,0.1,1,0.1,1000,200,1,0,10,0.017,17,232.764705882353,23.1764705882353,0.09,20.943951023932,0.049375,28.2765430735357,1.10659495726247,1.32105861363845,1.3650473004473,0.0439886868088476,TRUE,TRUE,TRUE,TRUE,TRUE
2.1,56234.1325190349,4.75,0.1,1,0.1,1000,200,1,0,10,0.058,58,300.758620689655,29.9758620689655,0.098975,19.9717956228954,0.0518140589569161,27.6029857290961,1.50090971462785,1.30041711314599,1.47677168172622,0.176354568580227,TRUE,TRUE,TRUE,TRUE,TRUE
2.2,56234.1325190349,4.75,0.1,1,0.1,1000,200,1,0,10,0.192,192,287.59375,28.659375,0.1079,19.1279816297138,0.0540289256198347,27.0312856915466,1.4982958241386,1.28166914601666,1.45726671512585,0.175597569109186,TRUE,TRUE,TRUE,TRUE,TRUE
2.3,56234.1325190349,4.75,0.1,1,0.1,1000,200,1,0,10,0.341,341,275.686217008798,27.4686217008798,0.116775,18.3867482751362,0.0560491493383743,26.5396600436888,1.49393581126167,1.2645049303782,1.43883686827678,0.174331937898571,TRUE,TRUE,TRUE,TRUE,TRUE
2.4,56234.1325190349,4.75,0.1,1,0.1,1000,200,1,0,10,0.566,566,264.814487632509,26.3814487632509,0.1256,17.7290330108458,0.0578993055555556,26.1121836148708,1.48803653008666,1.24868504865753,1.42129864157459,0.172613592917067,TRUE,TRUE,TRUE,TRUE,TRUE
2.5,56234.1325190349,4.75,0.1,1,0.1,1000,200,1,0,10,0.705,705,252.669503546099,25.1669503546099,0.134375,17.1403872533621,0.0596,25.7369298308887,1.46828364975671,1.23402062972827,1.40083059240942,0.166809962681143,TRUE,TRUE,TRUE,TRUE,TRUE
2.6,56234.1325190349,4.75,0.1,1,0.1,1000,200,1,0,10,0.826,826,242.780871670702,24.1780871670702,0.1431,16.6096335707324,0.0611686390532544,25.4047812296024,1.45566650005296,1.22036005147823,1.38342193897112,0.163061887492896,TRUE,TRUE,TRUE,TRUE,TRUE
2.7,56234.1325190349,4.75,0.1,1,0.1,1000,200,1,0,10,0.903,903,231.199335548173,23.0199335548173,0.151775,16.1279715099649,0.0626200274348423,25.1086429848917,1.42732975071255,1.20757974758562,1.36210406573957,0.154524318153944,TRUE,TRUE,TRUE,TRUE,TRUE
2.8,56234.1325190349,4.75,0.1,1,0.1,1000,200,1,0,10,0.94,940,224.726595744681,22.3726595744681,0.1604,15.6883650528713,0.0639668367346939,24.8429079981172,1.42606699290016,1.19557768638404,1.34971761439881,0.154139928014766,TRUE,TRUE,TRUE,TRUE,TRUE
2.9,56234.1325190349,4.75,0.1,1,0.1,1000,200,1,0,10,0.965,965,213.518134715026,21.2518134715026,0.168975,15.2851125448538,0.0652199762187872,24.6030840516878,1.39036028744569,1.18426864080035,1.32739599542457,0.14312735462422,TRUE,TRUE,TRUE,TRUE,TRUE
3,56234.1325190349,4.75,0.1,1,0.1,1000,200,1,0,10,0.983,983,207.434384537131,20.6434384537131,0.1775,14.9135381551877,0.0663888888888889,24.3855282702592,1.38420797525718,1.17358068966256,1.31478203680701,0.141201347144449,TRUE,TRUE,TRUE,TRUE,TRUE
3.1,56234.1325190349,4.75,0.1,1,0.1,1000,200,1,0,10,0.988,988,200.368421052632,19.9368421052632,0.185975,14.5697662649023,0.0674817898022893,24.1872543704912,1.36837075782676,1.16345258466791,1.29965636937841,0.136203784710502,TRUE,TRUE,TRUE,TRUE,TRUE
3.2,56234.1325190349,4.75,0.1,1,0.1,1000,200,1,0,10,0.997,997,195.058174523571,19.4058174523571,0.1944,14.2505536684652,0.068505859375,24.0057903524769,1.36175884136347,1.15383173806299,1.28793194172022,0.134100203657233,TRUE,TRUE,TRUE,TRUE,TRUE
3.3,56234.1325190349,4.75,0.1,1,0.1,1000,200,1,0,10,0.997,997,189.225677031093,18.8225677031093,0.202775,13.9531628605358,0.0694674012855831,23.8390718210552,1.34898215488803,1.14467266332164,1.27467886793431,0.130006204612663,TRUE,TRUE,TRUE,TRUE,TRUE
3.4,56234.1325190349,4.75,0.1,1,0.1,1000,200,1,0,10,1,1000,183.625,18.2625,0.2111,13.6752650263277,0.0703719723183391,23.6853609104517,1.33544029785463,1.13593575170429,1.26156022894235,0.125624477238066,TRUE,TRUE,TRUE,TRUE,TRUE
3.5,56234.1325190349,4.75,0.1,1,0.1,1000,200,1,0,10,1,1000,180.053,17.9053,0.219375,13.4148648433856,0.0712244897959184,23.5431838949659,1.33473577326637,1.12758630145317,1.25298160193285,0.125395300479682,TRUE,TRUE,TRUE,TRUE,TRUE
3.6,56234.1325190349,4.75,0.1,1,0.1,1000,200,1,0,10,0.999,999,177.800800800801,17.6800800800801,0.2276,13.1702415270967,0.0720293209876543,23.4112826308492,1.34242641212804,1.1195937394966,1.2474842277731,0.127890488276504,TRUE,TRUE,TRUE,TRUE,TRUE
3.7,56234.1325190349,4.75,0.1,1,0.1,1000,200,1,0,10,1,1000,173.51,17.251,0.235775,12.9399021301383,0.0727903579254931,23.2885763683847,1.33316309710108,1.11193099159531,1.23681427517127,0.124883283575966,TRUE,TRUE,TRUE,TRUE,TRUE
3.8,56234.1325190349,4.75,0.1,1,0.1,1000,200,1,0,10,1,1000,170.87,16.987,0.2439,12.722544195607,0.07351108033241,23.1741314313946,1.33518891652705,1.10457396820125,1.23011668678622,0.12554271858497,TRUE,TRUE,TRUE,TRUE,TRUE
3.9,56234.1325190349,4.75,0.1,1,0.1,1000,200,1,0,10,1,1000,168.108,16.7108,0.251975,12.5170256277583,0.0741946088099934,23.0671369304796,1.33504560084477,1.097501141421,1.22299724147143,0.125496100050427,TRUE,TRUE,TRUE,TRUE,TRUE
4,56234.1325190349,4.75,0.1,1,0.1,1000,200,1,0,10,1,1000,165.865,16.4865,0.26,12.3223401880108,0.07484375,22.9668851502091,1.33793579372535,1.09069319437271,1.21712846692271,0.126435272550004,TRUE,TRUE,TRUE,TRUE,TRUE
4.1,56234.1325190349,4.75,0.1,1,0.1,1000,200,1,0,10,1,1000,161.69,16.069,0.267975,12.1375974158953,0.0754610350981559,22.8727555906243,1.3239028655668,1.08413272856105,1.20598885075245,0.121856122191407,TRUE,TRUE,TRUE,TRUE,TRUE
4.2,56234.1325190349,4.75,0.1,1,0.1,1000,200,1,0,10,1,1000,162.194,16.1194,0.2759,11.9620060607454,0.0760487528344671,22.7842018905412,1.34754989406815,1.07780401811852,1.20734887236121,0.129544854242689,TRUE,TRUE,TRUE,TRUE,TRUE
4.3,56234.1325190349,4.75,0.1,1,0.1,1000,200,1,0,10,1,1000,158.847,15.7847,0.283775,11.7948603211353,0.0766089778258518,22.7007410417298,1.33826934531096,1.07169280218479,1.19823633221603,0.126543530031241,TRUE,TRUE,TRUE,TRUE,TRUE
4.4,56234.1325190349,4.75,0.1,1,0.1,1000,200,1,0,10,1,1000,157.409,15.6409,0.2916,11.6355283466289,0.0771435950413223,22.621944437888,1.34423633667925,1.06578610853515,1.19426173937524,0.128475630840091,TRUE,TRUE,TRUE,TRUE,TRUE
4.5,56234.1325190349,4.75,0.1,1,0.1,1000,200,1,0,10,1,1000,156.434,15.5434,0.299375,11.4834425751046,0.0776543209876543,22.5474304034531,1.35354880719282,1.0600721029788,1.19154602345647,0.131473920477675,TRUE,TRUE,TRUE,TRUE,TRUE
4.6,56234.1325190349,4.75,0.1,1,0.1,1000,200,1,0,10,1,1000,154.403,15.3403,0.3071,11.3380915691747,0.0781427221172023,22.4768579238231,1.35298783806846,1.05453996013658,1.18583385290309,0.131293892766511,TRUE,TRUE,TRUE,TRUE,TRUE
4.7,56234.1325190349,4.75,0.1,1,0.1,1000,200,1,0,10,1,1000,153.969,15.2969,0.314775,11.1990130844262,0.0786102308736985,22.4099213569833,1.36591500382051,1.04917975205652,1.18460342759515,0.135423675538628,TRUE,TRUE,TRUE,TRUE,TRUE
4.8,56234.1325190349,4.75,0.1,1,0.1,1000,200,1,0,10,1,1000,151.596,15.0596,0.3224,11.0657881557218,0.0790581597222222,22.3463459514904,1.36091526315847,1.04398235179159,1.17781343666549,0.133831084873903,TRUE,TRUE,TRUE,TRUE,TRUE
4.9,56234.1325190349,4.75,0.1,1,0.1,1000,200,1,0,10,1,1000,149.909,14.8909,0.329975,10.9380360294849,0.079487713452728,22.2858840306322,1.36138699487364,1.03893934959089,1.17292094712905,0.133981597538161,TRUE,TRUE,TRUE,TRUE,TRUE
5,56234.1325190349,4.75,0.1,1,0.1,1000,200,1,0,10,1,1000,148.406,14.7406,0.3375,10.8154098025963,0.0799,22.2283117298056,1.36292570221994,1.03404297977459,1.16851516136468,0.134472181590083,TRUE,TRUE,TRUE,TRUE,TRUE
1.1,1e+05,5,0.1,1,0.1,1000,200,1,0,10,0.257,257,87.6770428015564,8.66770428015564,0.00697500000000001,75.2328929857456,0.00702479338842976,74.9657845885256,NA,NA,NA,NA,TRUE,TRUE,TRUE,FALSE,FALSE
1.2,1e+05,5,0.1,1,0.1,1000,200,1,0,10,0.11,110,61.9909090909091,6.09909090909091,0.0164,49.0634343032726,0.0149305555555556,51.4211617600863,0.124310313692902,1.69075794433427,0.785265106717644,-0.905492837616622,TRUE,TRUE,TRUE,TRUE,TRUE
1.3,1e+05,5,0.1,1,0.1,1000,200,1,0,10,0.067,67,49.8208955223881,4.88208955223881,0.025775,39.1363691107385,0.0215976331360947,42.7540034979868,0.124745592480096,1.59258053138034,0.688605741424155,-0.903974789956183,TRUE,TRUE,TRUE,TRUE,TRUE
1.4,1e+05,5,0.1,1,0.1,1000,200,1,0,10,0.031,31,40.5483870967742,3.95483870967742,0.0351,33.5371621084639,0.0272959183673469,38.0304104839824,0.117924071717426,1.5255263101252,0.597128776348124,-0.928397533777079,TRUE,TRUE,TRUE,TRUE,TRUE
1.5,1e+05,5,0.1,1,0.1,1000,200,1,0,10,0.015,15,27.9333333333333,2.69333333333333,0.044375,29.8270763103754,0.0322222222222222,35.0027466133739,0.0902982681006671,1.47461068532654,0.430290106054924,-1.04432057927162,TRUE,TRUE,TRUE,TRUE,TRUE
1.6,1e+05,5,0.1,1,0.1,1000,200,1,0,10,0.015,15,31.4666666666667,3.04666666666667,0.0536,27.1392269947458,0.0365234375,32.8771411034376,0.112260628029549,1.43359747351173,0.483824941014169,-0.949772532497561,TRUE,TRUE,TRUE,TRUE,TRUE
1.7,1e+05,5,0.1,1,0.1,1000,200,1,0,10,0.01,10,32.2,3.12,0.062775,25.0776309952485,0.0403114186851211,31.2943421886124,0.124413665732267,1.39928650766563,0.494154594018443,-0.905131913647192,TRUE,TRUE,TRUE,TRUE,TRUE
1.8,1e+05,5,0.1,1,0.1,1000,200,1,0,10,0.01,10,15.2,1.42,0.0719,23.4323272070016,0.0436728395061729,30.0658961839422,0.0606000414493915,1.36981542316667,0.152288344383056,-1.21752707878362,TRUE,TRUE,TRUE,TRUE,TRUE
1.9,1e+05,5,0.1,1,0.1,1000,200,1,0,10,0.005,5,15.6,1.46,0.080975,22.0802705249964,0.0466759002770083,29.0826191939345,0.0661223782719139,1.34400439001701,0.164352855784437,-1.17965153423257,TRUE,TRUE,TRUE,TRUE,TRUE
2,1e+05,5,0.1,1,0.1,1000,200,1,0,10,0.005,5,9,0.8,0.09,20.943951023932,0.049375,28.2765430735357,0.0381971863420549,1.32105861363845,-0.0969100130080564,-1.41796862664651,TRUE,TRUE,TRUE,TRUE,TRUE
2.1,1e+05,5,0.1,1,0.1,1000,200,1,0,10,0.006,6,172.833333333333,17.1833333333333,0.098975,19.9717956228954,0.0518140589569161,27.6029857290961,0.86037999075229,1.30041711314599,1.23510741489987,-0.065309698246121,TRUE,TRUE,TRUE,TRUE,TRUE
2.2,1e+05,5,0.1,1,0.1,1000,200,1,0,10,0.04,40,293.675,29.2675,0.1079,19.1279816297138,0.0540289256198347,27.0312856915466,1.53008825324964,1.28166914601666,1.46638562702639,0.18471648100973,TRUE,TRUE,TRUE,TRUE,TRUE
2.3,1e+05,5,0.1,1,0.1,1000,200,1,0,10,0.175,175,293.645714285714,29.2645714285714,0.116775,18.3867482751362,0.0560491493383743,26.5396600436888,1.59161212143992,1.2645049303782,1.46634216837607,0.201837237997865,TRUE,TRUE,TRUE,TRUE,TRUE
2.4,1e+05,5,0.1,1,0.1,1000,200,1,0,10,0.308,308,279.493506493507,27.8493506493507,0.1256,17.7290330108458,0.0578993055555556,26.1121836148708,1.57083303033582,1.24868504865753,1.44481507338079,0.196130024723261,TRUE,TRUE,TRUE,TRUE,TRUE
2.5,1e+05,5,0.1,1,0.1,1000,200,1,0,10,0.503,503,271.771371769384,27.0771371769384,0.134375,17.1403872533621,0.0596,25.7369298308887,1.57972727084256,1.23402062972827,1.43260274516885,0.198582115440573,TRUE,TRUE,TRUE,TRUE,TRUE
2.6,1e+05,5,0.1,1,0.1,1000,200,1,0,10,0.707,707,261.024045261669,26.0024045261669,0.1431,16.6096335707324,0.0611686390532544,25.4047812296024,1.56550139504495,1.22036005147823,1.41501351043854,0.194653458960313,TRUE,TRUE,TRUE,TRUE,TRUE
2.7,1e+05,5,0.1,1,0.1,1000,200,1,0,10,0.815,815,249.196319018405,24.8196319018405,0.151775,16.1279715099649,0.0626200274348423,25.1086429848917,1.53891838700889,1.20757974758562,1.39479533622053,0.187215588634909,TRUE,TRUE,TRUE,TRUE,TRUE
2.8,1e+05,5,0.1,1,0.1,1000,200,1,0,10,0.911,911,239.896816684962,23.8896816684962,0.1604,15.6883650528713,0.0639668367346939,24.8429079981172,1.52276426434403,1.19557768638404,1.37821036278727,0.182632676403231,TRUE,TRUE,TRUE,TRUE,TRUE
2.9,1e+05,5,0.1,1,0.1,1000,200,1,0,10,0.955,955,229.388481675393,22.8388481675393,0.168975,15.2851125448538,0.0652199762187872,24.6030840516878,1.49418907453375,1.18426864080035,1.35867419733669,0.174405556536345,TRUE,TRUE,TRUE,TRUE,TRUE
3,1e+05,5,0.1,1,0.1,1000,200,1,0,10,0.977,977,221.735926305015,22.0735926305015,0.1775,14.9135381551877,0.0663888888888889,24.3855282702592,1.4801043455153,1.17358068966256,1.34387302335757,0.170292333695014,TRUE,TRUE,TRUE,TRUE,TRUE
3.1,1e+05,5,0.1,1,0.1,1000,200,1,0,10,0.986,986,213.008113590264,21.2008113590264,0.185975,14.5697662649023,0.0674817898022893,24.1872543704912,1.45512364258703,1.16345258466791,1.32635248177806,0.162899897110153,TRUE,TRUE,TRUE,TRUE,TRUE
3.2,1e+05,5,0.1,1,0.1,1000,200,1,0,10,0.995,995,207.063316582915,20.6063316582915,0.1944,14.2505536684652,0.068505859375,24.0057903524769,1.44600217912171,1.15383173806299,1.3140006855027,0.160168947439715,TRUE,TRUE,TRUE,TRUE,TRUE
3.3,1e+05,5,0.1,1,0.1,1000,200,1,0,10,0.994,994,202.200201207243,20.1200201207243,0.202775,13.9531628605358,0.0694674012855831,23.8390718210552,1.44196841403109,1.14467266332164,1.30362841069379,0.158955747372146,TRUE,TRUE,TRUE,TRUE,TRUE
3.4,1e+05,5,0.1,1,0.1,1000,200,1,0,10,0.998,998,196.400801603206,19.5400801603206,0.2111,13.6752650263277,0.0703719723183391,23.6853609104517,1.42886299627115,1.13593575170429,1.29092634101599,0.154990589311708,TRUE,TRUE,TRUE,TRUE,TRUE
3.5,1e+05,5,0.1,1,0.1,1000,200,1,0,10,0.996,996,192.346385542169,19.1346385542169,0.219375,13.4148648433856,0.0712244897959184,23.5431838949659,1.42637579860907,1.12758630145317,1.28182026298635,0.154233961533185,TRUE,TRUE,TRUE,TRUE,TRUE
3.6,1e+05,5,0.1,1,0.1,1000,200,1,0,10,1,1000,187.493,18.6493,0.2276,13.1702415270967,0.0720293209876543,23.4112826308492,1.41601807086306,1.1195937394966,1.27066253524161,0.151068795745015,TRUE,TRUE,TRUE,TRUE,TRUE
3.7,1e+05,5,0.1,1,0.1,1000,200,1,0,10,1,1000,183.553,18.2553,0.235775,12.9399021301383,0.0727903579254931,23.2885763683847,1.41077573975476,1.11193099159531,1.2613889743591,0.14945798276379,TRUE,TRUE,TRUE,TRUE,TRUE
3.8,1e+05,5,0.1,1,0.1,1000,200,1,0,10,1,1000,180.895,17.9895,0.2439,12.722544195607,0.07351108033241,23.1741314313946,1.41398604897059,1.10457396820125,1.2550190927364,0.150445124535151,TRUE,TRUE,TRUE,TRUE,TRUE
3.9,1e+05,5,0.1,1,0.1,1000,200,1,0,10,1,1000,178.29,17.729,0.251975,12.5170256277583,0.0741946088099934,23.0671369304796,1.41639080459206,1.097501141421,1.24868424001548,0.151183098594481,TRUE,TRUE,TRUE,TRUE,TRUE
4,1e+05,5,0.1,1,0.1,1000,200,1,0,10,1,1000,174.975,17.3975,0.26,12.3223401880108,0.07484375,22.9668851502091,1.41186655574784,1.09069319437271,1.24048684516705,0.149793650794347,TRUE,TRUE,TRUE,TRUE,TRUE
4.1,1e+05,5,0.1,1,0.1,1000,200,1,0,10,1,1000,171.747,17.0747,0.267975,12.1375974158953,0.0754610350981559,22.8727555906243,1.40676110888627,1.08413272856105,1.23235308192961,0.148220353368564,TRUE,TRUE,TRUE,TRUE,TRUE
4.2,1e+05,5,0.1,1,0.1,1000,200,1,0,10,1,1000,169.889,16.8889,0.2759,11.9620060607454,0.0760487528344671,22.7842018905412,1.41187856904895,1.07780401811852,1.22760136422541,0.149797346106885,TRUE,TRUE,TRUE,TRUE,TRUE
4.3,1e+05,5,0.1,1,0.1,1000,200,1,0,10,1,1000,168.216,16.7216,0.283775,11.7948603211353,0.0766089778258518,22.7007410417298,1.41770224866812,1.07169280218479,1.22327783039521,0.151585028210418,TRUE,TRUE,TRUE,TRUE,TRUE
4.4,1e+05,5,0.1,1,0.1,1000,200,1,0,10,1,1000,166.584,16.5584,0.2916,11.6355283466289,0.0771435950413223,22.621944437888,1.42308965323413,1.06578610853515,1.21901836960213,0.153232261066984,TRUE,TRUE,TRUE,TRUE,TRUE
4.5,1e+05,5,0.1,1,0.1,1000,200,1,0,10,1,1000,164.276,16.3276,0.299375,11.4834425751046,0.0776543209876543,22.5474304034531,1.42183843331069,1.0600721029788,1.21292235232042,0.152850249341624,TRUE,TRUE,TRUE,TRUE,TRUE
4.6,1e+05,5,0.1,1,0.1,1000,200,1,0,10,1,1000,162.409,16.1409,0.3071,11.3380915691747,0.0781427221172023,22.4768579238231,1.42359936868766,1.05453996013658,1.2079277468753,0.153387786738715,TRUE,TRUE,TRUE,TRUE,TRUE
4.7,1e+05,5,0.1,1,0.1,1000,200,1,0,10,1,1000,161.647,16.0647,0.314775,11.1990130844262,0.0786102308736985,22.4099213569833,1.43447461654815,1.04917975205652,1.20587261973745,0.156692867680933,TRUE,TRUE,TRUE,TRUE,TRUE
4.8,1e+05,5,0.1,1,0.1,1000,200,1,0,10,1,1000,160.49,15.949,0.3224,11.0657881557218,0.0790581597222222,22.3463459514904,1.44128911339707,1.04398235179159,1.20273345804544,0.158751106253855,TRUE,TRUE,TRUE,TRUE,TRUE
4.9,1e+05,5,0.1,1,0.1,1000,200,1,0,10,1,1000,158.208,15.7208,0.329975,10.9380360294849,0.079487713452728,22.2858840306322,1.43725984789432,1.03893934959089,1.19647464264138,0.157535293050494,TRUE,TRUE,TRUE,TRUE,TRUE
5,1e+05,5,0.1,1,0.1,1000,200,1,0,10,1,1000,156.879,15.5879,0.3375,10.8154098025963,0.0799,22.2283117298056,1.44126762503794,1.03404297977459,1.19278761102959,0.158744631254996,TRUE,TRUE,TRUE,TRUE,TRUE
1.1,177827.941003892,5.25,0.1,1,0.1,1000,200,1,0,10,0.233,233,78.6309012875536,7.76309012875536,0.00697500000000001,75.2328929857456,0.00702479338842976,74.9657845885256,NA,NA,NA,NA,TRUE,TRUE,TRUE,FALSE,FALSE
1.2,177827.941003892,5.25,0.1,1,0.1,1000,200,1,0,10,0.099,99,54.3636363636364,5.33636363636364,0.0164,49.0634343032726,0.0149305555555556,51.4211617600863,0.10876457614806,1.69075794433427,0.72724541608939,-0.963512528244876,TRUE,TRUE,TRUE,TRUE,TRUE
1.3,177827.941003892,5.25,0.1,1,0.1,1000,200,1,0,10,0.058,58,48.5,4.75,0.025775,39.1363691107385,0.0215976331360947,42.7540034979868,0.121370482442038,1.59258053138034,0.676693609624867,-0.915886921755471,TRUE,TRUE,TRUE,TRUE,TRUE
1.4,177827.941003892,5.25,0.1,1,0.1,1000,200,1,0,10,0.041,41,36.2926829268293,3.52926829268293,0.0351,33.5371621084639,0.0272959183673469,38.0304104839824,0.105234553873962,1.5255263101252,0.547684674399302,-0.977841635725901,TRUE,TRUE,TRUE,TRUE,TRUE
1.5,177827.941003892,5.25,0.1,1,0.1,1000,200,1,0,10,0.028,28,28.7142857142857,2.77142857142857,0.044375,29.8270763103754,0.0322222222222222,35.0027466133739,0.0929165347146186,1.47461068532654,0.442703689915969,-1.03190699541057,TRUE,TRUE,TRUE,TRUE,TRUE
1.6,177827.941003892,5.25,0.1,1,0.1,1000,200,1,0,10,0.012,12,27.5,2.65,0.0536,27.1392269947458,0.0365234375,32.8771411034376,0.097644638165746,1.43359747351173,0.423245873936808,-1.01035159957492,TRUE,TRUE,TRUE,TRUE,TRUE
1.7,177827.941003892,5.25,0.1,1,0.1,1000,200,1,0,10,0.01,10,28.1,2.71,0.062775,25.0776309952485,0.0403114186851211,31.2943421886124,0.10806443401745,1.39928650766563,0.432969290874406,-0.966317216791229,TRUE,TRUE,TRUE,TRUE,TRUE
1.8,177827.941003892,5.25,0.1,1,0.1,1000,200,1,0,10,0.005,5,27.8,2.68,0.0719,23.4323272070016,0.0436728395061729,30.0658961839422,0.114371909214345,1.36981542316667,0.428134794028789,-0.941680629137885,TRUE,TRUE,TRUE,TRUE,TRUE
1.9,177827.941003892,5.25,0.1,1,0.1,1000,200,1,0,10,0.007,7,19.8571428571429,1.88571428571429,0.080975,22.0802705249964,0.0466759002770083,29.0826191939345,0.0854026803512,1.34400439001701,0.275475891191593,-1.06852849882541,TRUE,TRUE,TRUE,TRUE,TRUE
2,177827.941003892,5.25,0.1,1,0.1,1000,200,1,0,10,0.004,4,17.25,1.625,0.09,20.943951023932,0.049375,28.2765430735357,0.077588034757299,1.32105861363845,0.210853365314893,-1.11020524832356,TRUE,TRUE,TRUE,TRUE,TRUE
2.1,177827.941003892,5.25,0.1,1,0.1,1000,200,1,0,10,0.002,2,169.5,16.85,0.098975,19.9717956228954,0.0518140589569161,27.6029857290961,0.843689787245941,1.30041711314599,1.22659990520736,-0.0738172079386364,TRUE,TRUE,TRUE,TRUE,TRUE
2.2,177827.941003892,5.25,0.1,1,0.1,1000,200,1,0,10,0.002,2,185,18.4,0.1079,19.1279816297138,0.0540289256198347,27.0312856915466,0.961941534459501,1.28166914601666,1.26481782300954,-0.0168513230071231,TRUE,TRUE,TRUE,TRUE,TRUE
2.3,177827.941003892,5.25,0.1,1,0.1,1000,200,1,0,10,0.045,45,313.666666666667,31.2666666666667,0.116775,18.3867482751362,0.0560491493383743,26.5396600436888,1.70050006661306,1.2645049303782,1.4950815836594,0.230576653281197,TRUE,TRUE,TRUE,TRUE,TRUE
2.4,177827.941003892,5.25,0.1,1,0.1,1000,200,1,0,10,0.149,149,298.281879194631,29.7281879194631,0.1256,17.7290330108458,0.0578993055555556,26.1121836148708,1.67680819936861,1.24868504865753,1.47316843760849,0.224483388950959,TRUE,TRUE,TRUE,TRUE,TRUE
2.5,177827.941003892,5.25,0.1,1,0.1,1000,200,1,0,10,0.337,337,288.507418397626,28.7507418397626,0.134375,17.1403872533621,0.0596,25.7369298308887,1.67736827731959,1.23402062972827,1.45864905503465,0.224628425306378,TRUE,TRUE,TRUE,TRUE,TRUE
2.6,177827.941003892,5.25,0.1,1,0.1,1000,200,1,0,10,0.538,538,279.635687732342,27.8635687732342,0.1431,16.6096335707324,0.0611686390532544,25.4047812296024,1.6775546946642,1.22036005147823,1.44503674020219,0.224676688723962,TRUE,TRUE,TRUE,TRUE,TRUE
2.7,177827.941003892,5.25,0.1,1,0.1,1000,200,1,0,10,0.715,715,266.311888111888,26.5311888111888,0.151775,16.1279715099649,0.0626200274348423,25.1086429848917,1.64504189474765,1.20757974758562,1.42375671031298,0.216176962727355,TRUE,TRUE,TRUE,TRUE,TRUE
2.8,177827.941003892,5.25,0.1,1,0.1,1000,200,1,0,10,0.847,847,254.223140495868,25.3223140495868,0.1604,15.6883650528713,0.0639668367346939,24.8429079981172,1.61408240847584,1.19557768638404,1.40350339064412,0.207925704260074,TRUE,TRUE,TRUE,TRUE,TRUE
2.9,177827.941003892,5.25,0.1,1,0.1,1000,200,1,0,10,0.902,902,245.246119733925,24.4246119733925,0.168975,15.2851125448538,0.0652199762187872,24.6030840516878,1.59793471600023,1.18426864080035,1.38782767293726,0.203559032136906,TRUE,TRUE,TRUE,TRUE,TRUE
3,177827.941003892,5.25,0.1,1,0.1,1000,200,1,0,10,0.938,938,236.208955223881,23.5208955223881,0.1775,14.9135381551877,0.0663888888888889,24.3855282702592,1.57715059147157,1.17358068966256,1.37145385282194,0.197873163159386,TRUE,TRUE,TRUE,TRUE,TRUE
3.1,177827.941003892,5.25,0.1,1,0.1,1000,200,1,0,10,0.977,977,227.243602865916,22.6243602865916,0.185975,14.5697662649023,0.0674817898022893,24.1872543704912,1.55282932308203,1.16345258466791,1.35457630818968,0.191123723521777,TRUE,TRUE,TRUE,TRUE,TRUE
3.2,177827.941003892,5.25,0.1,1,0.1,1000,200,1,0,10,0.985,985,220.689340101523,21.9689340101523,0.1944,14.2505536684652,0.068505859375,24.0057903524769,1.54161968168065,1.15383173806299,1.34180898433333,0.187977246270345,TRUE,TRUE,TRUE,TRUE,TRUE
3.3,177827.941003892,5.25,0.1,1,0.1,1000,200,1,0,10,0.99,990,214.733333333333,21.3733333333333,0.202775,13.9531628605358,0.0694674012855831,23.8390718210552,1.53179128968559,1.14467266332164,1.32987225896244,0.185199595640801,TRUE,TRUE,TRUE,TRUE,TRUE
3.4,177827.941003892,5.25,0.1,1,0.1,1000,200,1,0,10,0.998,998,208.084168336673,20.7084168336673,0.2111,13.6752650263277,0.0703719723183391,23.6853609104517,1.51429729469955,1.13593575170429,1.31614689818444,0.180211146480152,TRUE,TRUE,TRUE,TRUE,TRUE
3.5,177827.941003892,5.25,0.1,1,0.1,1000,200,1,0,10,0.999,999,202.530530530531,20.1530530530531,0.219375,13.4148648433856,0.0712244897959184,23.5431838949659,1.50229266476657,1.12758630145317,1.3043408481771,0.176754546723938,TRUE,TRUE,TRUE,TRUE,TRUE
3.6,177827.941003892,5.25,0.1,1,0.1,1000,200,1,0,10,0.999,999,199.001001001001,19.8001001001001,0.2276,13.1702415270967,0.0720293209876543,23.4112826308492,1.50339688602999,1.1195937394966,1.29666738585806,0.177073646361459,TRUE,TRUE,TRUE,TRUE,TRUE
3.7,177827.941003892,5.25,0.1,1,0.1,1000,200,1,0,10,1,1000,193.358,19.2358,0.235775,12.9399021301383,0.0727903579254931,23.2885763683847,1.48654911038299,1.11193099159531,1.28411025294388,0.172179261348576,TRUE,TRUE,TRUE,TRUE,TRUE
3.8,177827.941003892,5.25,0.1,1,0.1,1000,200,1,0,10,1,1000,189.643,18.8643,0.2439,12.722544195607,0.07351108033241,23.1741314313946,1.48274588085249,1.10457396820125,1.27564069441495,0.171066726213705,TRUE,TRUE,TRUE,TRUE,TRUE
3.9,177827.941003892,5.25,0.1,1,0.1,1000,200,1,0,10,1,1000,186.588,18.5588,0.251975,12.5170256277583,0.0741946088099934,23.0671369304796,1.48268450923702,1.097501141421,1.26854989159046,0.17104875016946,TRUE,TRUE,TRUE,TRUE,TRUE
4,177827.941003892,5.25,0.1,1,0.1,1000,200,1,0,10,1,1000,183.905,18.2905,0.26,12.3223401880108,0.07484375,22.9668851502091,1.48433655628141,1.09069319437271,1.26222557777127,0.171532383398566,TRUE,TRUE,TRUE,TRUE,TRUE
4.1,177827.941003892,5.25,0.1,1,0.1,1000,200,1,0,10,1,1000,181.229,18.0229,0.267975,12.1375974158953,0.0754610350981559,22.8727555906243,1.48488200608774,1.08413272856105,1.25582467302845,0.171691944467403,TRUE,TRUE,TRUE,TRUE,TRUE
4.2,177827.941003892,5.25,0.1,1,0.1,1000,200,1,0,10,1,1000,179.504,17.8504,0.2759,11.9620060607454,0.0760487528344671,22.7842018905412,1.49225806351813,1.07780401811852,1.2516479524284,0.173843934309879,TRUE,TRUE,TRUE,TRUE,TRUE
4.3,177827.941003892,5.25,0.1,1,0.1,1000,200,1,0,10,1,1000,176.652,17.5652,0.283775,11.7948603211353,0.0766089778258518,22.7007410417298,1.48922492693913,1.07169280218479,1.24465309909826,0.172960296913473,TRUE,TRUE,TRUE,TRUE,TRUE
4.4,177827.941003892,5.25,0.1,1,0.1,1000,200,1,0,10,1,1000,175,17.4,0.2916,11.6355283466289,0.0771435950413223,22.621944437888,1.49541984529145,1.06578610853515,1.2405492482826,0.174763139747453,TRUE,TRUE,TRUE,TRUE,TRUE
4.5,177827.941003892,5.25,0.1,1,0.1,1000,200,1,0,10,1,1000,172.595,17.1595,0.299375,11.4834425751046,0.0776543209876543,22.5474304034531,1.49428186606696,1.0600721029788,1.23450462906021,0.174432526081409,TRUE,TRUE,TRUE,TRUE,TRUE
4.6,177827.941003892,5.25,0.1,1,0.1,1000,200,1,0,10,1,1000,171.001,17.0001,0.3071,11.3380915691747,0.0781427221172023,22.4768579238231,1.49937931761098,1.05453996013658,1.23045147604418,0.175911515907603,TRUE,TRUE,TRUE,TRUE,TRUE
4.7,177827.941003892,5.25,0.1,1,0.1,1000,200,1,0,10,1,1000,168.502,16.7502,0.314775,11.1990130844262,0.0786102308736985,22.4099213569833,1.49568536742702,1.04917975205652,1.22401999694766,0.17484024489114,TRUE,TRUE,TRUE,TRUE,TRUE
4.8,177827.941003892,5.25,0.1,1,0.1,1000,200,1,0,10,1,1000,167.36,16.636,0.3224,11.0657881557218,0.0790581597222222,22.3463459514904,1.50337235503628,1.04398235179159,1.2210489116929,0.177066559901308,TRUE,TRUE,TRUE,TRUE,TRUE
4.9,177827.941003892,5.25,0.1,1,0.1,1000,200,1,0,10,1,1000,165.946,16.4946,0.329975,10.9380360294849,0.079487713452728,22.2858840306322,1.50800380941667,1.03893934959089,1.21734178821121,0.178402438620327,TRUE,TRUE,TRUE,TRUE,TRUE
5,177827.941003892,5.25,0.1,1,0.1,1000,200,1,0,10,1,1000,165.73,16.473,0.3375,10.8154098025963,0.0799,22.2283117298056,1.52310456105376,1.03404297977459,1.21677269842904,0.182729718654446,TRUE,TRUE,TRUE,TRUE,TRUE
1.1,316227.766016838,5.5,0.1,1,0.1,1000,200,1,0,10,0.244,244,79.6639344262295,7.86639344262295,0.00697500000000001,75.2328929857456,0.00702479338842976,74.9657845885256,NA,NA,NA,NA,TRUE,TRUE,TRUE,FALSE,FALSE
1.2,316227.766016838,5.5,0.1,1,0.1,1000,200,1,0,10,0.104,104,57.3653846153846,5.63653846153846,0.0164,49.0634343032726,0.0149305555555556,51.4211617600863,0.114882672637584,1.69075794433427,0.751012474803636,-0.93974546953063,TRUE,TRUE,TRUE,TRUE,TRUE
1.3,316227.766016838,5.5,0.1,1,0.1,1000,200,1,0,10,0.063,63,49.6984126984127,4.86984126984127,0.025775,39.1363691107385,0.0215976331360947,42.7540034979868,0.124432628281428,1.59258053138034,0.687514805823362,-0.905065725556976,TRUE,TRUE,TRUE,TRUE,TRUE
1.4,316227.766016838,5.5,0.1,1,0.1,1000,200,1,0,10,0.033,33,35.7878787878788,3.47878787878788,0.0351,33.5371621084639,0.0272959183673469,38.0304104839824,0.103729345599875,1.5255263101252,0.541427948184067,-0.984098361941136,TRUE,TRUE,TRUE,TRUE,TRUE
1.5,316227.766016838,5.5,0.1,1,0.1,1000,200,1,0,10,0.018,18,38.4444444444444,3.74444444444444,0.044375,29.8270763103754,0.0322222222222222,35.0027466133739,0.125538433786819,1.47461068532654,0.573387391432014,-0.901223293894526,TRUE,TRUE,TRUE,TRUE,TRUE
1.6,316227.766016838,5.5,0.1,1,0.1,1000,200,1,0,10,0.02,20,22.35,2.135,0.0536,27.1392269947458,0.0365234375,32.8771411034376,0.0786684160316482,1.43359747351173,0.329397879361043,-1.10419959415069,TRUE,TRUE,TRUE,TRUE,TRUE
1.7,316227.766016838,5.5,0.1,1,0.1,1000,200,1,0,10,0.01,10,26.8,2.58,0.062775,25.0776309952485,0.0403114186851211,31.2943421886124,0.102880531278606,1.39928650766563,0.41161970596323,-0.987666801702405,TRUE,TRUE,TRUE,TRUE,TRUE
1.8,316227.766016838,5.5,0.1,1,0.1,1000,200,1,0,10,0.012,12,24.3333333333333,2.33333333333333,0.0719,23.4323272070016,0.0436728395061729,30.0658961839422,0.0995775328980612,1.36981542316667,0.367976785294594,-1.00183863787208,TRUE,TRUE,TRUE,TRUE,TRUE
1.9,316227.766016838,5.5,0.1,1,0.1,1000,200,1,0,10,0.006,6,18.1666666666667,1.71666666666667,0.080975,22.0802705249964,0.0466759002770083,29.0826191939345,0.0777466319863828,1.34400439001701,0.234685974321529,-1.10931841569548,TRUE,TRUE,TRUE,TRUE,TRUE
2,316227.766016838,5.5,0.1,1,0.1,1000,200,1,0,10,0.004,4,17,1.6,0.09,20.943951023932,0.049375,28.2765430735357,0.0763943726841098,1.32105861363845,0.204119982655925,-1.11693863098253,TRUE,TRUE,TRUE,TRUE,TRUE
2.1,316227.766016838,5.5,0.1,1,0.1,1000,200,1,0,10,0.002,2,7,0.6,0.098975,19.9717956228954,0.0518140589569161,27.6029857290961,0.0300423663114282,1.30041711314599,-0.221848749616356,-1.52226586276235,TRUE,TRUE,TRUE,TRUE,TRUE
2.2,316227.766016838,5.5,0.1,1,0.1,1000,200,1,0,10,0.001,1,19,1.8,0.1079,19.1279816297138,0.0540289256198347,27.0312856915466,0.094102976197125,1.28166914601666,0.255272505103306,-1.02639664091335,TRUE,TRUE,TRUE,TRUE,TRUE
2.3,316227.766016838,5.5,0.1,1,0.1,1000,200,1,0,10,0.001,1,314,31.3,0.116775,18.3867482751362,0.0560491493383743,26.5396600436888,1.70231296647085,1.2645049303782,1.49554433754645,0.231039407168244,TRUE,TRUE,TRUE,TRUE,TRUE
2.4,316227.766016838,5.5,0.1,1,0.1,1000,200,1,0,10,0.038,38,311.421052631579,31.0421052631579,0.1256,17.7290330108458,0.0578993055555556,26.1121836148708,1.75091925454523,1.24868504865753,1.49195116726295,0.243266118605424,TRUE,TRUE,TRUE,TRUE,TRUE
2.5,316227.766016838,5.5,0.1,1,0.1,1000,200,1,0,10,0.146,146,307.294520547945,30.6294520547945,0.134375,17.1403872533621,0.0596,25.7369298308887,1.78697549839701,1.23402062972827,1.48613922757028,0.252118597842004,TRUE,TRUE,TRUE,TRUE,TRUE
2.6,316227.766016838,5.5,0.1,1,0.1,1000,200,1,0,10,0.35,350,293.54,29.254,0.1431,16.6096335707324,0.0611686390532544,25.4047812296024,1.76126703069164,1.22036005147823,1.46618525705605,0.24582520557782,TRUE,TRUE,TRUE,TRUE,TRUE
2.7,316227.766016838,5.5,0.1,1,0.1,1000,200,1,0,10,0.533,533,283.992495309568,28.2992495309568,0.151775,16.1279715099649,0.0626200274348423,25.1086429848917,1.75466886914277,1.20757974758562,1.45177491860253,0.244195171016907,TRUE,TRUE,TRUE,TRUE,TRUE
2.8,316227.766016838,5.5,0.1,1,0.1,1000,200,1,0,10,0.715,715,271.897902097902,27.0897902097902,0.1604,15.6883650528713,0.0639668367346939,24.8429079981172,1.72674399903973,1.19557768638404,1.43280564175952,0.237227955375473,TRUE,TRUE,TRUE,TRUE,TRUE
2.9,316227.766016838,5.5,0.1,1,0.1,1000,200,1,0,10,0.848,848,260.470518867925,25.9470518867925,0.168975,15.2851125448538,0.0652199762187872,24.6030840516878,1.69753750982542,1.18426864080035,1.41408802029499,0.22981937949464,TRUE,TRUE,TRUE,TRUE,TRUE
3,316227.766016838,5.5,0.1,1,0.1,1000,200,1,0,10,0.893,893,252.539753639418,25.1539753639418,0.1775,14.9135381551877,0.0663888888888889,24.3855282702592,1.68665377070108,1.17358068966256,1.40060663122848,0.227025941565925,TRUE,TRUE,TRUE,TRUE,TRUE
3.1,316227.766016838,5.5,0.1,1,0.1,1000,200,1,0,10,0.948,948,242.161392405063,24.1161392405063,0.185975,14.5697662649023,0.0674817898022893,24.1872543704912,1.65521799060021,1.16345258466791,1.38230778270737,0.218855198039466,TRUE,TRUE,TRUE,TRUE,TRUE
3.2,316227.766016838,5.5,0.1,1,0.1,1000,200,1,0,10,0.969,969,234.165118679051,23.3165118679051,0.1944,14.2505536684652,0.068505859375,24.0057903524769,1.63618287473994,1.15383173806299,1.36766358082851,0.21383184276552,TRUE,TRUE,TRUE,TRUE,TRUE
3.3,316227.766016838,5.5,0.1,1,0.1,1000,200,1,0,10,0.988,988,228.568825910931,22.7568825910931,0.202775,13.9531628605358,0.0694674012855831,23.8390718210552,1.63094796631788,1.14467266332164,1.35711276887357,0.212440105551928,TRUE,TRUE,TRUE,TRUE,TRUE
3.4,316227.766016838,5.5,0.1,1,0.1,1000,200,1,0,10,0.99,990,220.606060606061,21.9606060606061,0.2111,13.6752650263277,0.0703719723183391,23.6853609104517,1.60586328808454,1.13593575170429,1.34164432144039,0.205708569736104,TRUE,TRUE,TRUE,TRUE,TRUE
3.5,316227.766016838,5.5,0.1,1,0.1,1000,200,1,0,10,0.998,998,215.639278557114,21.4639278557114,0.219375,13.4148648433856,0.0712244897959184,23.5431838949659,1.60001074228449,1.12758630145317,1.3317091999211,0.204122898467935,TRUE,TRUE,TRUE,TRUE,TRUE
3.6,316227.766016838,5.5,0.1,1,0.1,1000,200,1,0,10,0.994,994,210.609657947686,20.9609657947686,0.2276,13.1702415270967,0.0720293209876543,23.4112826308492,1.59153996922859,1.1195937394966,1.32141128926949,0.201817549772891,TRUE,TRUE,TRUE,TRUE,TRUE
3.7,316227.766016838,5.5,0.1,1,0.1,1000,200,1,0,10,0.999,999,204.149149149149,20.3149149149149,0.235775,12.9399021301383,0.0727903579254931,23.2885763683847,1.56994347488916,1.11193099159531,1.30781500770795,0.195884016112641,TRUE,TRUE,TRUE,TRUE,TRUE
3.8,316227.766016838,5.5,0.1,1,0.1,1000,200,1,0,10,1,1000,201.139,20.0139,0.2439,12.722544195607,0.07351108033241,23.1741314313946,1.57310516609647,1.10457396820125,1.30133172548993,0.196757757288681,TRUE,TRUE,TRUE,TRUE,TRUE
3.9,316227.766016838,5.5,0.1,1,0.1,1000,200,1,0,10,1,1000,196.561,19.5561,0.251975,12.5170256277583,0.0741946088099934,23.0671369304796,1.56235998723463,1.097501141421,1.2912822493597,0.193781107938704,TRUE,TRUE,TRUE,TRUE,TRUE
4,316227.766016838,5.5,0.1,1,0.1,1000,200,1,0,10,1,1000,194.446,19.3446,0.26,12.3223401880108,0.07484375,22.9668851502091,1.5698803721408,1.09069319437271,1.2865597539803,0.195866559607598,TRUE,TRUE,TRUE,TRUE,TRUE
4.1,316227.766016838,5.5,0.1,1,0.1,1000,200,1,0,10,1,1000,190.598,18.9598,0.267975,12.1375974158953,0.0754610350981559,22.8727555906243,1.56207191179124,1.08413272856105,1.27783375181246,0.193701023251419,TRUE,TRUE,TRUE,TRUE,TRUE
4.2,316227.766016838,5.5,0.1,1,0.1,1000,200,1,0,10,1,1000,187.659,18.6659,0.2759,11.9620060607454,0.0760487528344671,22.7842018905412,1.56043224733469,1.07780401811852,1.27104893482544,0.193244916706916,TRUE,TRUE,TRUE,TRUE,TRUE
4.3,316227.766016838,5.5,0.1,1,0.1,1000,200,1,0,10,1,1000,186.061,18.5061,0.283775,11.7948603211353,0.0766089778258518,22.7007410417298,1.56899696106097,1.07169280218479,1.26731490460173,0.195622102416938,TRUE,TRUE,TRUE,TRUE,TRUE
4.4,316227.766016838,5.5,0.1,1,0.1,1000,200,1,0,10,1,1000,183.04,18.204,0.2916,11.6355283466289,0.0771435950413223,22.621944437888,1.56451855538423,1.06578610853515,1.26016682683436,0.194380718299209,TRUE,TRUE,TRUE,TRUE,TRUE
4.5,316227.766016838,5.5,0.1,1,0.1,1000,200,1,0,10,1,1000,181.591,18.0591,0.299375,11.4834425751046,0.0776543209876543,22.5474304034531,1.57262074346512,1.0600721029788,1.25669610285605,0.196623999877252,TRUE,TRUE,TRUE,TRUE,TRUE
4.6,316227.766016838,5.5,0.1,1,0.1,1000,200,1,0,10,1,1000,179.136,17.8136,0.3071,11.3380915691747,0.0781427221172023,22.4768579238231,1.5711286058432,1.05453996013658,1.25075169611356,0.196211735976983,TRUE,TRUE,TRUE,TRUE,TRUE
4.7,316227.766016838,5.5,0.1,1,0.1,1000,200,1,0,10,1,1000,178.052,17.7052,0.314775,11.1990130844262,0.0786102308736985,22.4099213569833,1.58096073881917,1.04917975205652,1.24810083696286,0.198921084906336,TRUE,TRUE,TRUE,TRUE,TRUE
4.8,316227.766016838,5.5,0.1,1,0.1,1000,200,1,0,10,1,1000,177.072,17.6072,0.3224,11.0657881557218,0.0790581597222222,22.3463459514904,1.59113835835506,1.04398235179159,1.24569029740772,0.201707945616127,TRUE,TRUE,TRUE,TRUE,TRUE
4.9,316227.766016838,5.5,0.1,1,0.1,1000,200,1,0,10,1,1000,174.931,17.3931,0.329975,10.9380360294849,0.079487713452728,22.2858840306322,1.59014835507167,1.03893934959089,1.24037699390087,0.201437644309987,TRUE,TRUE,TRUE,TRUE,TRUE
5,316227.766016838,5.5,0.1,1,0.1,1000,200,1,0,10,1,1000,173.185,17.2185,0.3375,10.8154098025963,0.0799,22.2283117298056,1.59203398801094,1.03404297977459,1.23599531494009,0.201952335165493,TRUE,TRUE,TRUE,TRUE,TRUE
1.1,562341.325190349,5.75,0.1,1,0.1,1000,200,1,0,10,0.221,221,83.5158371040724,8.25158371040724,0.00697500000000001,75.2328929857456,0.00702479338842976,74.9657845885256,NA,NA,NA,NA,TRUE,TRUE,TRUE,FALSE,FALSE
1.2,562341.325190349,5.75,0.1,1,0.1,1000,200,1,0,10,0.136,136,59.9044117647059,5.89044117647059,0.0164,49.0634343032726,0.0149305555555556,51.4211617600863,0.120057661272963,1.69075794433427,0.770147823366285,-0.920610120967981,TRUE,TRUE,TRUE,TRUE,TRUE
1.3,562341.325190349,5.75,0.1,1,0.1,1000,200,1,0,10,0.06,60,46.15,4.515,0.025775,39.1363691107385,0.0215976331360947,42.7540034979868,0.115365837521221,1.59258053138034,0.654657754649525,-0.937922776730813,TRUE,TRUE,TRUE,TRUE,TRUE
1.4,562341.325190349,5.75,0.1,1,0.1,1000,200,1,0,10,0.045,45,36.1777777777778,3.51777777777778,0.0351,33.5371621084639,0.0272959183673469,38.0304104839824,0.10489193350352,1.5255263101252,0.546268401087012,-0.979257909038191,TRUE,TRUE,TRUE,TRUE,TRUE
1.5,562341.325190349,5.75,0.1,1,0.1,1000,200,1,0,10,0.016,16,35.125,3.4125,0.044375,29.8270763103754,0.0322222222222222,35.0027466133739,0.114409470257497,1.47461068532654,0.533072660048812,-0.941538025277727,TRUE,TRUE,TRUE,TRUE,TRUE
1.6,562341.325190349,5.75,0.1,1,0.1,1000,200,1,0,10,0.006,6,27.5,2.65,0.0536,27.1392269947458,0.0365234375,32.8771411034376,0.097644638165746,1.43359747351173,0.423245873936808,-1.01035159957492,TRUE,TRUE,TRUE,TRUE,TRUE
1.7,562341.325190349,5.75,0.1,1,0.1,1000,200,1,0,10,0.01,10,22.2,2.12,0.062775,25.0776309952485,0.0403114186851211,31.2943421886124,0.0845374908180792,1.39928650766563,0.326335860928751,-1.07295064673688,TRUE,TRUE,TRUE,TRUE,TRUE
1.8,562341.325190349,5.75,0.1,1,0.1,1000,200,1,0,10,0.005,5,25.6,2.46,0.0719,23.4323272070016,0.0436728395061729,30.0658961839422,0.104983170398242,1.36981542316667,0.390935107103379,-0.978880316063295,TRUE,TRUE,TRUE,TRUE,TRUE
1.9,562341.325190349,5.75,0.1,1,0.1,1000,200,1,0,10,0.005,5,11.8,1.08,0.080975,22.0802705249964,0.0466759002770083,29.0826191939345,0.0489124442011418,1.34400439001701,0.0334237554869497,-1.31058063453006,TRUE,TRUE,TRUE,TRUE,TRUE
2,562341.325190349,5.75,0.1,1,0.1,1000,200,1,0,10,0.005,5,22.2,2.12,0.09,20.943951023932,0.049375,28.2765430735357,0.101222543806445,1.32105861363845,0.326335860928751,-0.994722752709701,TRUE,TRUE,TRUE,TRUE,TRUE
2.1,562341.325190349,5.75,0.1,1,0.1,1000,200,1,0,10,0.004,4,17.5,1.65,0.098975,19.9717956228954,0.0518140589569161,27.6029857290961,0.0826165073564275,1.30041711314599,0.217483944213906,-1.08293316893209,TRUE,TRUE,TRUE,TRUE,TRUE
2.2,562341.325190349,5.75,0.1,1,0.1,1000,200,1,0,10,0.003,3,11.6666666666667,1.06666666666667,0.1079,19.1279816297138,0.0540289256198347,27.0312856915466,0.0557647266353334,1.28166914601666,0.0280287236002435,-1.25364042241642,TRUE,TRUE,TRUE,TRUE,TRUE
2.3,562341.325190349,5.75,0.1,1,0.1,1000,200,1,0,10,0.003,3,16,1.5,0.116775,18.3867482751362,0.0560491493383743,26.5396600436888,0.0815804936008395,1.2645049303782,0.176091259055681,-1.08841367132252,TRUE,TRUE,TRUE,TRUE,TRUE
2.4,562341.325190349,5.75,0.1,1,0.1,1000,200,1,0,10,0.005,5,208,20.7,0.1256,17.7290330108458,0.0578993055555556,26.1121836148708,1.16757636963825,1.24868504865753,1.31597034545692,0.0672852967993915,TRUE,TRUE,TRUE,TRUE,TRUE
2.5,562341.325190349,5.75,0.1,1,0.1,1000,200,1,0,10,0.031,31,326.032258064516,32.5032258064516,0.134375,17.1403872533621,0.0596,25.7369298308887,1.89629471761649,1.23402062972827,1.5119264649918,0.277905835263528,TRUE,TRUE,TRUE,TRUE,TRUE
2.6,562341.325190349,5.75,0.1,1,0.1,1000,200,1,0,10,0.145,145,307.496551724138,30.6496551724138,0.1431,16.6096335707324,0.0611686390532544,25.4047812296024,1.84529387971696,1.22036005147823,1.48642559280026,0.266065541322037,TRUE,TRUE,TRUE,TRUE,TRUE
2.7,562341.325190349,5.75,0.1,1,0.1,1000,200,1,0,10,0.356,356,299.460674157303,29.8460674157303,0.151775,16.1279715099649,0.0626200274348423,25.1086429848917,1.85057788558775,1.20757974758562,1.47488711562749,0.267307368041866,TRUE,TRUE,TRUE,TRUE,TRUE
2.8,562341.325190349,5.75,0.1,1,0.1,1000,200,1,0,10,0.551,551,288.392014519056,28.7392014519056,0.1604,15.6883650528713,0.0639668367346939,24.8429079981172,1.83187995403293,1.19557768638404,1.45847469664967,0.262897010265624,TRUE,TRUE,TRUE,TRUE,TRUE
2.9,562341.325190349,5.75,0.1,1,0.1,1000,200,1,0,10,0.755,755,278.398675496689,27.7398675496689,0.168975,15.2851125448538,0.0652199762187872,24.6030840516878,1.81482913313637,1.18426864080035,1.44310438310406,0.258835742303706,TRUE,TRUE,TRUE,TRUE,TRUE
3,562341.325190349,5.75,0.1,1,0.1,1000,200,1,0,10,0.842,842,267.496437054632,26.6496437054632,0.1775,14.9135381551877,0.0663888888888889,24.3855282702592,1.78694307334394,1.17358068966256,1.42569140706669,0.252110717404136,TRUE,TRUE,TRUE,TRUE,TRUE
3.1,562341.325190349,5.75,0.1,1,0.1,1000,200,1,0,10,0.914,914,258.045951859956,25.7045951859956,0.185975,14.5697662649023,0.0674817898022893,24.1872543704912,1.76424211059009,1.16345258466791,1.41001076868262,0.246558184014717,TRUE,TRUE,TRUE,TRUE,TRUE
3.2,562341.325190349,5.75,0.1,1,0.1,1000,200,1,0,10,0.953,953,247.486883525708,24.6486883525708,0.1944,14.2505536684652,0.068505859375,24.0057903524769,1.72966531167947,1.15383173806299,1.39179381382028,0.237962075757289,TRUE,TRUE,TRUE,TRUE,TRUE
3.3,562341.325190349,5.75,0.1,1,0.1,1000,200,1,0,10,0.979,979,239.850868232891,23.8850868232891,0.202775,13.9531628605358,0.0694674012855831,23.8390718210552,1.7118044892061,1.14467266332164,1.37812682430084,0.233454160979194,TRUE,TRUE,TRUE,TRUE,TRUE
3.4,562341.325190349,5.75,0.1,1,0.1,1000,200,1,0,10,0.986,986,233.371196754564,23.2371196754564,0.2111,13.6752650263277,0.0703719723183391,23.6853609104517,1.69920799565641,1.13593575170429,1.36618229469164,0.230246542987349,TRUE,TRUE,TRUE,TRUE,TRUE
3.5,562341.325190349,5.75,0.1,1,0.1,1000,200,1,0,10,0.993,993,227.040281973817,22.6040281973817,0.219375,13.4148648433856,0.0712244897959184,23.5431838949659,1.68499857891054,1.12758630145317,1.35418584038659,0.226599538933429,TRUE,TRUE,TRUE,TRUE,TRUE
3.6,562341.325190349,5.75,0.1,1,0.1,1000,200,1,0,10,0.998,998,220.571142284569,21.9571142284569,0.2276,13.1702415270967,0.0720293209876543,23.4112826308492,1.66717627640176,1.1195937394966,1.34157526123292,0.221981521736326,TRUE,TRUE,TRUE,TRUE,TRUE
3.7,562341.325190349,5.75,0.1,1,0.1,1000,200,1,0,10,0.999,999,215.093093093093,21.4093093093093,0.235775,12.9399021301383,0.0727903579254931,23.2885763683847,1.6545186427218,1.11193099159531,1.33060265664548,0.218671665050173,TRUE,TRUE,TRUE,TRUE,TRUE
3.8,562341.325190349,5.75,0.1,1,0.1,1000,200,1,0,10,0.999,999,211.474474474474,21.0474474474474,0.2439,12.722544195607,0.07351108033241,23.1741314313946,1.65434264749616,1.10457396820125,1.32319943381983,0.218625465618584,TRUE,TRUE,TRUE,TRUE,TRUE
3.9,562341.325190349,5.75,0.1,1,0.1,1000,200,1,0,10,1,1000,206.845,20.5845,0.251975,12.5170256277583,0.0741946088099934,23.0671369304796,1.6445200810607,1.097501141421,1.31354032239602,0.216039180975017,TRUE,TRUE,TRUE,TRUE,TRUE
4,562341.325190349,5.75,0.1,1,0.1,1000,200,1,0,10,1,1000,203.254,20.2254,0.26,12.3223401880108,0.07484375,22.9668851502091,1.64136030099855,1.09069319437271,1.30589711945983,0.215203925087126,TRUE,TRUE,TRUE,TRUE,TRUE
4.1,562341.325190349,5.75,0.1,1,0.1,1000,200,1,0,10,1,1000,200.747,19.9747,0.267975,12.1375974158953,0.0754610350981559,22.8727555906243,1.64568813048959,1.08413272856105,1.30048026536661,0.216347536805561,TRUE,TRUE,TRUE,TRUE,TRUE
4.2,562341.325190349,5.75,0.1,1,0.1,1000,200,1,0,10,1,1000,197.582,19.6582,0.2759,11.9620060607454,0.0760487528344671,22.7842018905412,1.64338656076346,1.07780401811852,1.29354374921047,0.215739731091947,TRUE,TRUE,TRUE,TRUE,TRUE
4.3,562341.325190349,5.75,0.1,1,0.1,1000,200,1,0,10,1,1000,194.136,19.3136,0.283775,11.7948603211353,0.0766089778258518,22.7007410417298,1.63745898418074,1.07169280218479,1.28586323257865,0.214170430393857,TRUE,TRUE,TRUE,TRUE,TRUE
4.4,562341.325190349,5.75,0.1,1,0.1,1000,200,1,0,10,1,1000,192.929,19.1929,0.2916,11.6355283466289,0.0771435950413223,22.621944437888,1.64950824992496,1.06578610853515,1.28314060052195,0.217354491986804,TRUE,TRUE,TRUE,TRUE,TRUE
4.5,562341.325190349,5.75,0.1,1,0.1,1000,200,1,0,10,1,1000,190.448,18.9448,0.299375,11.4834425751046,0.0776543209876543,22.5474304034531,1.64974918245085,1.0600721029788,1.27749002479418,0.217417921815385,TRUE,TRUE,TRUE,TRUE,TRUE
4.6,562341.325190349,5.75,0.1,1,0.1,1000,200,1,0,10,1,1000,188.943,18.7943,0.3071,11.3380915691747,0.0781427221172023,22.4768579238231,1.65762464391245,1.05453996013658,1.27402615490758,0.219486194770997,TRUE,TRUE,TRUE,TRUE,TRUE
4.7,562341.325190349,5.75,0.1,1,0.1,1000,200,1,0,10,1,1000,186.826,18.5826,0.314775,11.1990130844262,0.0786102308736985,22.4099213569833,1.65930692820082,1.04917975205652,1.26910647858417,0.219926726527647,TRUE,TRUE,TRUE,TRUE,TRUE
4.8,562341.325190349,5.75,0.1,1,0.1,1000,200,1,0,10,1,1000,183.863,18.2863,0.3224,11.0657881557218,0.0790581597222222,22.3463459514904,1.65250768789973,1.04398235179159,1.26212584040595,0.218143488614358,TRUE,TRUE,TRUE,TRUE,TRUE
4.9,562341.325190349,5.75,0.1,1,0.1,1000,200,1,0,10,1,1000,182.86,18.186,0.329975,10.9380360294849,0.079487713452728,22.2858840306322,1.66263851672982,1.03893934959089,1.25973718675127,0.220797837160379,TRUE,TRUE,TRUE,TRUE,TRUE
5,562341.325190349,5.75,0.1,1,0.1,1000,200,1,0,10,1,1000,182.276,18.1276,0.3375,10.8154098025963,0.0799,22.2283117298056,1.67608998002539,1.03404297977459,1.25834030956978,0.224297329795184,TRUE,TRUE,TRUE,TRUE,TRUE
1.1,1e+06,6,0.1,1,0.1,1000,200,1,0,10,0.255,255,79.2156862745098,7.82156862745098,0.00697500000000001,75.2328929857456,0.00702479338842976,74.9657845885256,NA,NA,NA,NA,TRUE,TRUE,TRUE,FALSE,FALSE
1.2,1e+06,6,0.1,1,0.1,1000,200,1,0,10,0.109,109,60.0275229357798,5.90275229357798,0.0164,49.0634343032726,0.0149305555555556,51.4211617600863,0.120308583722283,1.69075794433427,0.771054558625327,-0.919703385708939,TRUE,TRUE,TRUE,TRUE,TRUE
1.3,1e+06,6,0.1,1,0.1,1000,200,1,0,10,0.056,56,48.7678571428571,4.77678571428571,0.025775,39.1363691107385,0.0215976331360947,42.7540034979868,0.122054902455809,1.59258053138034,0.679135759351047,-0.913444772029291,TRUE,TRUE,TRUE,TRUE,TRUE
1.4,1e+06,6,0.1,1,0.1,1000,200,1,0,10,0.037,37,41.8378378378378,4.08378378378378,0.0351,33.5371621084639,0.0272959183673469,38.0304104839824,0.121768913260348,1.5255263101252,0.61106274027203,-0.914463569853173,TRUE,TRUE,TRUE,TRUE,TRUE
1.5,1e+06,6,0.1,1,0.1,1000,200,1,0,10,0.029,29,34.2068965517241,3.32068965517241,0.044375,29.8270763103754,0.0322222222222222,35.0027466133739,0.11133138295614,1.47461068532654,0.521228289225578,-0.953382396100961,TRUE,TRUE,TRUE,TRUE,TRUE
1.6,1e+06,6,0.1,1,0.1,1000,200,1,0,10,0.015,15,23.3333333333333,2.23333333333333,0.0536,27.1392269947458,0.0365234375,32.8771411034376,0.0822917076365406,1.43359747351173,0.348953547981164,-1.08464392553057,TRUE,TRUE,TRUE,TRUE,TRUE
1.7,1e+06,6,0.1,1,0.1,1000,200,1,0,10,0.011,11,27.7272727272727,2.67272727272727,0.062775,25.0776309952485,0.0403114186851211,31.2943421886124,0.106578140225194,1.39928650766563,0.426954645253932,-0.972331862411703,TRUE,TRUE,TRUE,TRUE,TRUE
1.8,1e+06,6,0.1,1,0.1,1000,200,1,0,10,0.008,8,26.375,2.5375,0.0719,23.4323272070016,0.0436728395061729,30.0658961839422,0.108290567026642,1.36981542316667,0.404406050921269,-0.965409372245404,TRUE,TRUE,TRUE,TRUE,TRUE
1.9,1e+06,6,0.1,1,0.1,1000,200,1,0,10,0.004,4,16.5,1.55,0.080975,22.0802705249964,0.0466759002770083,29.0826191939345,0.0701984152886757,1.34400439001701,0.190331698170291,-1.15367269184672,TRUE,TRUE,TRUE,TRUE,TRUE
2,1e+06,6,0.1,1,0.1,1000,200,1,0,10,0.001,1,11,1,0.09,20.943951023932,0.049375,28.2765430735357,0.0477464829275686,1.32105861363845,0,-1.32105861363845,TRUE,TRUE,TRUE,TRUE,TRUE
2.1,1e+06,6,0.1,1,0.1,1000,200,1,0,10,0.004,4,11.75,1.075,0.098975,19.9717956228954,0.0518140589569161,27.6029857290961,0.0538259063079755,1.30041711314599,0.0314084642516241,-1.26900864889437,TRUE,TRUE,TRUE,TRUE,TRUE
2.2,1e+06,6,0.1,1,0.1,1000,200,1,0,10,0.002,2,14.5,1.35,0.1079,19.1279816297138,0.0540289256198347,27.0312856915466,0.0705772321478438,1.28166914601666,0.130333768495006,-1.15133537752165,TRUE,TRUE,TRUE,TRUE,TRUE
2.3,1e+06,6,0.1,1,0.1,1000,200,1,0,10,0.004,4,19.5,1.85,0.116775,18.3867482751362,0.0560491493383743,26.5396600436888,0.100615942107702,1.2645049303782,0.267171728403014,-0.997333201975191,TRUE,TRUE,TRUE,TRUE,TRUE
2.4,1e+06,6,0.1,1,0.1,1000,200,1,0,10,0.002,2,3.5,0.25,0.1256,17.7290330108458,0.0578993055555556,26.1121836148708,0.0141011638845199,1.24868504865753,-0.602059991327962,-1.85074503998549,TRUE,TRUE,TRUE,TRUE,TRUE
2.5,1e+06,6,0.1,1,0.1,1000,200,1,0,10,0.003,3,358.666666666667,35.7666666666667,0.134375,17.1403872533621,0.0596,25.7369298308887,2.08668953262132,1.23402062972827,1.55347846724629,0.319457837518014,TRUE,TRUE,TRUE,TRUE,TRUE
2.6,1e+06,6,0.1,1,0.1,1000,200,1,0,10,0.022,22,318.863636363636,31.7863636363636,0.1431,16.6096335707324,0.0611686390532544,25.4047812296024,1.9137305769571,1.22036005147823,1.50224084741803,0.281880795939806,TRUE,TRUE,TRUE,TRUE,TRUE
2.7,1e+06,6,0.1,1,0.1,1000,200,1,0,10,0.158,158,314.53164556962,31.353164556962,0.151775,16.1279715099649,0.0626200274348423,25.1086429848917,1.94402405396054,1.20757974758562,1.49628138185782,0.288701634272201,TRUE,TRUE,TRUE,TRUE,TRUE
2.8,1e+06,6,0.1,1,0.1,1000,200,1,0,10,0.356,356,307.463483146067,30.6463483146067,0.1604,15.6883650528713,0.0639668367346939,24.8429079981172,1.95344436538324,1.19557768638404,1.48637873329825,0.290801046914206,TRUE,TRUE,TRUE,TRUE,TRUE
2.9,1e+06,6,0.1,1,0.1,1000,200,1,0,10,0.598,598,293.826086956522,29.2826086956522,0.168975,15.2851125448538,0.0652199762187872,24.6030840516878,1.91576009726609,1.18426864080035,1.46660976404141,0.282341123241062,TRUE,TRUE,TRUE,TRUE,TRUE
3,1e+06,6,0.1,1,0.1,1000,200,1,0,10,0.75,750,283.253333333333,28.2253333333333,0.1775,14.9135381551877,0.0663888888888889,24.3855282702592,1.89259805685448,1.17358068966256,1.45063907952429,0.277058389861727,TRUE,TRUE,TRUE,TRUE,TRUE
3.1,1e+06,6,0.1,1,0.1,1000,200,1,0,10,0.86,860,272.177906976744,27.1177906976744,0.185975,14.5697662649023,0.0674817898022893,24.1872543704912,1.86123718147761,1.16345258466791,1.43325430440989,0.269801719741987,TRUE,TRUE,TRUE,TRUE,TRUE
3.2,1e+06,6,0.1,1,0.1,1000,200,1,0,10,0.909,909,262.5599559956,26.15599559956,0.1944,14.2505536684652,0.068505859375,24.0057903524769,1.83543714918531,1.15383173806299,1.41757125562577,0.263739517562783,TRUE,TRUE,TRUE,TRUE,TRUE
3.3,1e+06,6,0.1,1,0.1,1000,200,1,0,10,0.964,964,255.381742738589,25.4381742738589,0.202775,13.9531628605358,0.0694674012855831,23.8390718210552,1.82311168644111,1.14467266332164,1.4054859382955,0.260813274973851,TRUE,TRUE,TRUE,TRUE,TRUE
3.4,1e+06,6,0.1,1,0.1,1000,200,1,0,10,0.981,981,246.755351681957,24.5755351681957,0.2111,13.6752650263277,0.0703719723183391,23.6853609104517,1.79707926105146,1.13593575170429,1.39050298400422,0.254567232299932,TRUE,TRUE,TRUE,TRUE,TRUE
3.5,1e+06,6,0.1,1,0.1,1000,200,1,0,10,0.993,993,239.112789526687,23.8112789526687,0.219375,13.4148648433856,0.0712244897959184,23.5431838949659,1.77499208755795,1.12758630145317,1.37678272287944,0.249196421426279,TRUE,TRUE,TRUE,TRUE,TRUE
3.6,1e+06,6,0.1,1,0.1,1000,200,1,0,10,0.991,991,233.2351160444,23.22351160444,0.2276,13.1702415270967,0.0720293209876543,23.4112826308492,1.76333224843747,1.1195937394966,1.36592788961112,0.246334150114522,TRUE,TRUE,TRUE,TRUE,TRUE
3.7,1e+06,6,0.1,1,0.1,1000,200,1,0,10,0.999,999,227.833833833834,22.6833833833834,0.235775,12.9399021301383,0.0727903579254931,23.2885763683847,1.75297951678874,1.11193099159531,1.35570783307553,0.243776841480222,TRUE,TRUE,TRUE,TRUE,TRUE
3.8,1e+06,6,0.1,1,0.1,1000,200,1,0,10,1,1000,223.356,22.2356,0.2439,12.722544195607,0.07351108033241,23.1741314313946,1.74773218769228,1.10457396820125,1.3470488528393,0.242474884638052,TRUE,TRUE,TRUE,TRUE,TRUE
3.9,1e+06,6,0.1,1,0.1,1000,200,1,0,10,1,1000,217.993,21.6993,0.251975,12.5170256277583,0.0741946088099934,23.0671369304796,1.73358277320122,1.097501141421,1.33644572412315,0.238944582702149,TRUE,TRUE,TRUE,TRUE,TRUE
4,1e+06,6,0.1,1,0.1,1000,200,1,0,10,1,1000,214.232,21.3232,0.26,12.3223401880108,0.07484375,22.9668851502091,1.73045052113937,1.09069319437271,1.32885238037595,0.238159186003248,TRUE,TRUE,TRUE,TRUE,TRUE
4.1,1e+06,6,0.1,1,0.1,1000,200,1,0,10,1,1000,209.549,20.8549,0.267975,12.1375974158953,0.0754610350981559,22.8727555906243,1.71820660097761,1.08413272856105,1.31920811172909,0.235075383168045,TRUE,TRUE,TRUE,TRUE,TRUE
4.2,1e+06,6,0.1,1,0.1,1000,200,1,0,10,1,1000,206.281,20.5281,0.2759,11.9620060607454,0.0760487528344671,22.7842018905412,1.71610847676839,1.07780401811852,1.31234875464574,0.234544736527218,TRUE,TRUE,TRUE,TRUE,TRUE
4.3,1e+06,6,0.1,1,0.1,1000,200,1,0,10,1,1000,204.737,20.3737,0.283775,11.7948603211353,0.0766089778258518,22.7007410417298,1.72733711509005,1.07169280218479,1.30906990694141,0.237377104756625,TRUE,TRUE,TRUE,TRUE,TRUE
4.4,1e+06,6,0.1,1,0.1,1000,200,1,0,10,1,1000,201.112,20.0112,0.2916,11.6355283466289,0.0771435950413223,22.621944437888,1.71983595448829,1.06578610853515,1.30127313250188,0.235487023966738,TRUE,TRUE,TRUE,TRUE,TRUE
4.5,1e+06,6,0.1,1,0.1,1000,200,1,0,10,1,1000,198.312,19.7312,0.299375,11.4834425751046,0.0776543209876543,22.5474304034531,1.71823038874911,1.0600721029788,1.2951534987104,0.2350813957316,TRUE,TRUE,TRUE,TRUE,TRUE
4.6,1e+06,6,0.1,1,0.1,1000,200,1,0,10,1,1000,197.271,19.6271,0.3071,11.3380915691747,0.0781427221172023,22.4768579238231,1.73107615865097,1.05453996013658,1.29285613520682,0.238316175070243,TRUE,TRUE,TRUE,TRUE,TRUE
4.7,1e+06,6,0.1,1,0.1,1000,200,1,0,10,1,1000,195.279,19.4279,0.314775,11.1990130844262,0.0786102308736985,22.4099213569833,1.7347867935807,1.04917975205652,1.28842585939025,0.239246107333733,TRUE,TRUE,TRUE,TRUE,TRUE
4.8,1e+06,6,0.1,1,0.1,1000,200,1,0,10,1,1000,193.662,19.2662,0.3224,11.0657881557218,0.0790581597222222,22.3463459514904,1.7410598982087,1.04398235179159,1.28479606432996,0.240813712538374,TRUE,TRUE,TRUE,TRUE,TRUE
4.9,1e+06,6,0.1,1,0.1,1000,200,1,0,10,1,1000,191,19,0.329975,10.9380360294849,0.079487713452728,22.2858840306322,1.73705772670551,1.03893934959089,1.27875360095283,0.239814251361942,TRUE,TRUE,TRUE,TRUE,TRUE
5,1e+06,6,0.1,1,0.1,1000,200,1,0,10,1,1000,188.743,18.7743,0.3375,10.8154098025963,0.0799,22.2283117298056,1.73588429312157,1.03404297977459,1.27356375330312,0.239520773528526,TRUE,TRUE,TRUE,TRUE,TRUE
1.1,1000,3,0.125,1,0.1,1000,200,1,0,10,0.999,999,312.605605605606,31.1605605605606,0.00777343750000001,71.2645115495061,0.00813533057851241,69.6614108211252,NA,NA,NA,NA,TRUE,TRUE,TRUE,FALSE,FALSE
1.2,1000,3,0.125,1,0.1,1000,200,1,0,10,0.992,992,499.471774193548,49.8471774193548,0.019375,45.1397357914473,0.0181206597222222,46.6759177441219,1.10428598097376,1.65455901276894,1.69764057155631,0.0430815587873712,TRUE,TRUE,TRUE,TRUE,TRUE
1.3,1000,3,0.125,1,0.1,1000,200,1,0,10,0.943,943,617.179215270414,61.6179215270414,0.0308984375,35.744696116623,0.0265347633136095,38.5720089881553,1.72383397318592,1.5532116092652,1.78970704476702,0.236495435501816,TRUE,TRUE,TRUE,TRUE,TRUE
1.4,1000,3,0.125,1,0.1,1000,200,1,0,10,0.928,928,617.301724137931,61.6301724137931,0.04234375,30.5341060694568,0.0337213010204082,34.2158794660273,2.01840434671974,1.48478520991286,1.78979338269505,0.305008172782191,TRUE,TRUE,TRUE,TRUE,TRUE
1.5,1000,3,0.125,1,0.1,1000,200,1,0,10,0.916,916,590.298034934498,58.9298034934498,0.0537109375,27.1111850875619,0.0399305555555556,31.4432328657257,2.17363436172644,1.4331485019309,1.77033499290488,0.337186490973978,TRUE,TRUE,TRUE,TRUE,TRUE
1.6,1000,3,0.125,1,0.1,1000,200,1,0,10,0.891,891,516.709315375982,51.5709315375982,0.065,24.6446803760217,0.04534912109375,29.5049872379381,2.09257863160501,1.39172319003669,1.71240497623869,0.320681786201998,TRUE,TRUE,TRUE,TRUE,TRUE
1.7,1000,3,0.125,1,0.1,1000,200,1,0,10,0.915,915,474.153005464481,47.3153005464481,0.0762109375,22.759945423258,0.0501189446366782,28.0658958762741,2.07888462237249,1.35717121631678,1.67500160307133,0.317830386754545,TRUE,TRUE,TRUE,TRUE,TRUE
1.8,1000,3,0.125,1,0.1,1000,200,1,0,10,0.951,951,420.114616193481,41.9114616193481,0.08734375,21.2600338372702,0.0543499228395062,26.9513424563363,1.97137323205359,1.32756395140685,1.62233280667371,0.294768855266865,TRUE,TRUE,TRUE,TRUE,TRUE
1.9,1000,3,0.125,1,0.1,1000,200,1,0,10,0.957,957,350.810867293626,34.9810867293626,0.0983984375,20.0302222098291,0.0581284626038781,26.0606623831857,1.7464153099708,1.30168576726498,1.54383329723055,0.242147529965565,TRUE,TRUE,TRUE,TRUE,TRUE
2,1000,3,0.125,1,0.1,1000,200,1,0,10,0.969,969,294.228070175439,29.3228070175439,0.109375,18.9985665875796,0.0615234375,25.3314221167728,1.54342207252171,1.27872083534293,1.46720554215866,0.188484706815733,TRUE,TRUE,TRUE,TRUE,TRUE
2.1,1000,3,0.125,1,0.1,1000,200,1,0,10,0.976,976,265.089139344262,26.4089139344262,0.1202734375,18.1173638598121,0.0645904195011338,24.7226952667714,1.45765764483024,1.25809500656244,1.42175054123024,0.163655534667797,TRUE,TRUE,TRUE,TRUE,TRUE
2.2,1000,3,0.125,1,0.1,1000,200,1,0,10,0.989,989,223.016177957533,22.2016177957533,0.13109375,17.3535717168658,0.0673747417355372,24.2064616513699,1.27936877537295,1.23938887493571,1.34638462193574,0.106995747000031,TRUE,TRUE,TRUE,TRUE,TRUE
2.3,1000,3,0.125,1,0.1,1000,200,1,0,10,0.994,994,204.380281690141,20.3380281690141,0.1418359375,16.6834831310346,0.069913752362949,23.7628519596109,1.21905168179067,1.22228672655759,1.30830884451454,0.0860221179569514,TRUE,TRUE,TRUE,TRUE,TRUE
2.4,1000,3,0.125,1,0.1,1000,200,1,0,10,0.997,997,180.011033099298,17.9011033099298,0.1525,16.0895888554298,0.0722384982638889,23.3773626389521,1.11258923212874,1.20654494651671,1.25287979894904,0.0463348524323317,TRUE,TRUE,TRUE,TRUE,TRUE
2.5,1000,3,0.125,1,0.1,1000,200,1,0,10,1,1000,163.335,16.2335,0.1630859375,15.5586392480406,0.074375,23.0391461105651,1.04337530687617,1.19197161110423,1.21041216534767,0.0184405542434375,TRUE,TRUE,TRUE,TRUE,TRUE
2.6,1000,3,0.125,1,0.1,1000,200,1,0,10,0.997,997,157.369107321966,15.6369107321966,0.17359375,15.0803987760212,0.0763452292899408,22.7399191615557,1.03690300000954,1.17841282587962,1.19415095687719,0.0157381309975612,TRUE,TRUE,TRUE,TRUE,TRUE
2.7,1000,3,0.125,1,0.1,1000,200,1,0,10,0.999,999,139.318318318318,13.8318318318318,0.1840234375,14.6468184655769,0.0781678669410151,22.4732424862213,0.944357429180921,1.16574329889492,1.14087970012189,-0.0248635987730305,TRUE,TRUE,TRUE,TRUE,TRUE
2.8,1000,3,0.125,1,0.1,1000,200,1,0,10,0.999,999,133.439439439439,13.2439439439439,0.194375,14.2514700733192,0.0798588966836735,22.2340314418974,0.929303705218347,1.15385966517266,1.12201733389766,-0.0318423312750005,TRUE,TRUE,TRUE,TRUE,TRUE
2.9,1000,3,0.125,1,0.1,1000,200,1,0,10,0.999,999,128.439439439439,12.7439439439439,0.2046484375,13.8891494742915,0.0814320749108205,22.0182154960213,0.91754674881516,1.14267565179007,1.10530385249102,-0.0373717992990446,TRUE,TRUE,TRUE,TRUE,TRUE
3,1000,3,0.125,1,0.1,1000,200,1,0,10,0.999,999,125.870870870871,12.4870870870871,0.21484375,13.5555925437809,0.0828993055555556,21.8224959773837,0.92117604204738,1.13211850626692,1.09646114057222,-0.0356573656946971,TRUE,TRUE,TRUE,TRUE,TRUE
3.1,1000,3,0.125,1,0.1,1000,200,1,0,10,1,1000,120.059,11.9059,0.2249609375,13.2472676740729,0.0842709417273673,21.6441704190118,0.898743823475522,1.12212631174909,1.07576223050613,-0.0463640812429587,TRUE,TRUE,TRUE,TRUE,TRUE
3.2,1000,3,0.125,1,0.1,1000,200,1,0,10,1,1000,118.758,11.7758,0.235,12.9612216400122,0.0855560302734375,21.4810029930603,0.908540902012451,1.11264593722225,1.07099042100548,-0.0416555162167632,TRUE,TRUE,TRUE,TRUE,TRUE
3.3,1000,3,0.125,1,0.1,1000,200,1,0,10,1,1000,117.148,11.6148,0.2449609375,12.6949633269277,0.0867625114784206,21.3311274682375,0.914914025420106,1.10363145062636,1.06501173590602,-0.0386197147203478,TRUE,TRUE,TRUE,TRUE,TRUE
3.4,1000,3,0.125,1,0.1,1000,200,1,0,10,1,1000,113.374,11.2374,0.25484375,12.4463747998286,0.0878973832179931,21.1929735150467,0.902865306623637,1.09504287482992,1.0506658400346,-0.0443770347953252,TRUE,TRUE,TRUE,TRUE,TRUE
3.5,1000,3,0.125,1,0.1,1000,200,1,0,10,1,1000,110.917,10.9917,0.2646484375,12.2136424277827,0.0889668367346939,21.0652100360088,0.899952660722805,1.08684520124082,1.04106486653839,-0.0457803347024312,TRUE,TRUE,TRUE,TRUE,TRUE
3.6,1000,3,0.125,1,0.1,1000,200,1,0,10,1,1000,109.749,10.8749,0.274375,11.9952029294565,0.0899763695987654,20.9467010875204,0.90660408698002,1.07900759956502,1.03642527209584,-0.0425823274691802,TRUE,TRUE,TRUE,TRUE,TRUE
3.7,1000,3,0.125,1,0.1,1000,200,1,0,10,1,1000,106.736,10.5736,0.2840234375,11.7897006647649,0.0909308802045289,20.8364712356443,0.89685059024447,1.07150277869211,1.02422287699035,-0.0472799017017546,TRUE,TRUE,TRUE,TRUE,TRUE
3.8,1000,3,0.125,1,0.1,1000,200,1,0,10,1,1000,105.632,10.4632,0.29359375,11.5959535038101,0.0918347472299169,20.733678064226,0.902314759761848,1.0643064652998,1.01966452676886,-0.0446419385309356,TRUE,TRUE,TRUE,TRUE,TRUE
3.9,1000,3,0.125,1,0.1,1000,200,1,0,10,1,1000,104.183,10.3183,0.3030859375,11.4129253092895,0.0926918967784352,20.6375901649254,0.904088979851771,1.05739697508,1.01360815064046,-0.0437888244395369,TRUE,TRUE,TRUE,TRUE,TRUE
4,1000,3,0.125,1,0.1,1000,200,1,0,10,1,1000,103.747,10.2747,0.3125,11.2397035696652,0.093505859375,20.5475693713163,0.914143325606059,1.05075485751807,1.01176915023213,-0.0389857072859346,TRUE,TRUE,TRUE,TRUE,TRUE
4.1,1000,3,0.125,1,0.1,1000,200,1,0,10,1,1000,103.289,10.2289,0.3218359375,11.0754810813609,0.0942798185603807,20.4630563094406,0.923562590632233,1.04436259958519,1.00982893286993,-0.0345336667152642,TRUE,TRUE,TRUE,TRUE,TRUE
4.2,1000,3,0.125,1,0.1,1000,200,1,0,10,1,1000,101.144,10.0144,0.33109375,10.9195408414784,0.0950166524943311,20.3835585624363,0.917108159159935,1.03820437699466,1.00062493420922,-0.0375794427854402,TRUE,TRUE,TRUE,TRUE,TRUE
4.3,1000,3,0.125,1,0.1,1000,200,1,0,10,1,1000,100.498,9.9498,0.3402734375,10.7712435066819,0.0957189697133586,20.30864091226,0.923737356214039,1.03226584414436,0.997814351120666,-0.0344514930236979,TRUE,TRUE,TRUE,TRUE,TRUE
4.4,1000,3,0.125,1,0.1,1000,200,1,0,10,1,1000,98.608,9.7608,0.349375,10.6300169186351,0.0963891399793388,20.2379172442684,0.918229959059491,1.02653395574287,0.989485414116194,-0.0370485416266721,TRUE,TRUE,TRUE,TRUE,TRUE
4.5,1000,3,0.125,1,0.1,1000,200,1,0,10,1,1000,96.908,9.5908,0.3583984375,10.4953473053334,0.0970293209876543,20.1710437924249,0.913814447581572,1.02099681455198,0.981854834604944,-0.0391419799470322,TRUE,TRUE,TRUE,TRUE,TRUE
4.6,1000,3,0.125,1,0.1,1000,200,1,0,10,1,1000,97.778,9.6778,0.36734375,10.36677185047,0.0976414815689981,20.1077134724829,0.933540367203243,1.01564354078759,0.985776642799069,-0.0298668979885197,TRUE,TRUE,TRUE,TRUE,TRUE
4.7,1000,3,0.125,1,0.1,1000,200,1,0,10,1,1000,96.177,9.5177,0.3762109375,10.2438723864257,0.0982274219103667,20.0476511035989,0.929111535263954,1.01046415958394,0.978532011620765,-0.0319321479631767,TRUE,TRUE,TRUE,TRUE,TRUE
4.8,1000,3,0.125,1,0.1,1000,200,1,0,10,1,1000,96.298,9.5298,0.385,10.1262700155043,0.0987887912326389,19.9906093596656,0.941096769630763,1.00544950360386,0.979083786282836,-0.0263657173210282,TRUE,TRUE,TRUE,TRUE,TRUE
4.9,1000,3,0.125,1,0.1,1000,200,1,0,10,1,1000,95.701,9.4701,0.3937109375,10.0136205022067,0.0993271032902957,19.9363653233145,0.945721879305603,1.00059112841294,0.976354564982037,-0.0242365634309059,TRUE,TRUE,TRUE,TRUE,TRUE
5,1000,3,0.125,1,0.1,1000,200,1,0,10,1,1000,95.816,9.4816,0.40234375,9.90561030927321,0.09984375,19.8847175402503,0.95719493337263,0.995881238661454,0.976881629799957,-0.0189996088614966,TRUE,TRUE,TRUE,TRUE,TRUE
1.1,1778.27941003892,3.25,0.125,1,0.1,1000,200,1,0,10,0.972,972,518.577160493827,51.7577160493827,0.00777343750000001,71.2645115495061,0.00813533057851241,69.6614108211252,NA,NA,NA,NA,TRUE,TRUE,TRUE,FALSE,FALSE
1.2,1778.27941003892,3.25,0.125,1,0.1,1000,200,1,0,10,0.79,790,778.217721518987,77.7217721518987,0.019375,45.1397357914473,0.0181206597222222,46.6759177441219,1.72180387831656,1.65455901276894,1.89054269448843,0.235983681719488,TRUE,TRUE,TRUE,TRUE,TRUE
1.3,1778.27941003892,3.25,0.125,1,0.1,1000,200,1,0,10,0.603,603,833.044776119403,83.2044776119403,0.0308984375,35.744696116623,0.0265347633136095,38.5720089881553,2.32774332002913,1.5532116092652,1.92014669828391,0.366935089018706,TRUE,TRUE,TRUE,TRUE,TRUE
1.4,1778.27941003892,3.25,0.125,1,0.1,1000,200,1,0,10,0.469,469,778.560767590618,77.7560767590618,0.04234375,30.5341060694568,0.0337213010204082,34.2158794660273,2.54653195289844,1.48478520991286,1.8907343398185,0.405949129905643,TRUE,TRUE,TRUE,TRUE,TRUE
1.5,1778.27941003892,3.25,0.125,1,0.1,1000,200,1,0,10,0.455,455,722.452747252747,72.1452747252747,0.0537109375,27.1111850875619,0.0399305555555556,31.4432328657257,2.66108893773049,1.4331485019309,1.85820789152179,0.425059389590893,TRUE,TRUE,TRUE,TRUE,TRUE
1.6,1778.27941003892,3.25,0.125,1,0.1,1000,200,1,0,10,0.482,482,548.96887966805,54.796887966805,0.065,24.6446803760217,0.04534912109375,29.5049872379381,2.22347732373597,1.39172319003669,1.73875589466645,0.347032704629766,TRUE,TRUE,TRUE,TRUE,TRUE
1.7,1778.27941003892,3.25,0.125,1,0.1,1000,200,1,0,10,0.558,558,515.521505376344,51.4521505376344,0.0762109375,22.759945423258,0.0501189446366782,28.0658958762741,2.26064472391293,1.35717121631678,1.71140353161758,0.354232315300797,TRUE,TRUE,TRUE,TRUE,TRUE
1.8,1778.27941003892,3.25,0.125,1,0.1,1000,200,1,0,10,0.629,629,416.298887122417,41.5298887122417,0.08734375,21.2600338372702,0.0543499228395062,26.9513424563363,1.95342533460305,1.32756395140685,1.61836076733131,0.290796815924459,TRUE,TRUE,TRUE,TRUE,TRUE
1.9,1778.27941003892,3.25,0.125,1,0.1,1000,200,1,0,10,0.69,690,366.44347826087,36.544347826087,0.0983984375,20.0302222098291,0.0581284626038781,26.0606623831857,1.82446043000732,1.30168576726498,1.56282021582845,0.261134448563464,TRUE,TRUE,TRUE,TRUE,TRUE
2,1778.27941003892,3.25,0.125,1,0.1,1000,200,1,0,10,0.782,782,326.478260869565,32.5478260869565,0.109375,18.9985665875796,0.0615234375,25.3314221167728,1.71317272473781,1.27872083534293,1.51252198676081,0.23380115141788,TRUE,TRUE,TRUE,TRUE,TRUE
2.1,1778.27941003892,3.25,0.125,1,0.1,1000,200,1,0,10,0.834,834,283.007194244604,28.2007194244604,0.1202734375,18.1173638598121,0.0645904195011338,24.7226952667714,1.55655754571532,1.25809500656244,1.45026018768418,0.192165181121741,TRUE,TRUE,TRUE,TRUE,TRUE
2.2,1778.27941003892,3.25,0.125,1,0.1,1000,200,1,0,10,0.886,886,257.118510158014,25.6118510158014,0.13109375,17.3535717168658,0.0673747417355372,24.2064616513699,1.47588354914334,1.23938887493571,1.40844096686744,0.169052091931729,TRUE,TRUE,TRUE,TRUE,TRUE
2.3,1778.27941003892,3.25,0.125,1,0.1,1000,200,1,0,10,0.935,935,217.739037433155,21.6739037433155,0.1418359375,16.6834831310346,0.069913752362949,23.7628519596109,1.29912342483193,1.22228672655759,1.33593714027655,0.113650413718957,TRUE,TRUE,TRUE,TRUE,TRUE
2.4,1778.27941003892,3.25,0.125,1,0.1,1000,200,1,0,10,0.96,960,198.582291666667,19.7582291666667,0.1525,16.0895888554298,0.0722384982638889,23.3773626389521,1.22801330377058,1.20654494651671,1.2957480183079,0.0892030717911876,TRUE,TRUE,TRUE,TRUE,TRUE
2.5,1778.27941003892,3.25,0.125,1,0.1,1000,200,1,0,10,0.976,976,179.838114754098,17.8838114754098,0.1630859375,15.5586392480406,0.074375,23.0391461105651,1.14944573174431,1.19197161110423,1.25246008304677,0.0604884719425389,TRUE,TRUE,TRUE,TRUE,TRUE
2.6,1778.27941003892,3.25,0.125,1,0.1,1000,200,1,0,10,0.987,987,168.049645390071,16.7049645390071,0.17359375,15.0803987760212,0.0763452292899408,22.7399191615557,1.10772697639594,1.17841282587962,1.22284555806275,0.0444327321831282,TRUE,TRUE,TRUE,TRUE,TRUE
2.7,1778.27941003892,3.25,0.125,1,0.1,1000,200,1,0,10,0.986,986,161.594320486815,16.0594320486815,0.1840234375,14.6468184655769,0.0781678669410151,22.4732424862213,1.09644508030359,1.16574329889492,1.20573018213288,0.039986883237954,TRUE,TRUE,TRUE,TRUE,TRUE
2.8,1778.27941003892,3.25,0.125,1,0.1,1000,200,1,0,10,0.989,989,153.592517694641,15.2592517694641,0.194375,14.2514700733192,0.0798588966836735,22.2340314418974,1.07071422744181,1.15385966517266,1.18353323870669,0.0296735735340309,TRUE,TRUE,TRUE,TRUE,TRUE
2.9,1778.27941003892,3.25,0.125,1,0.1,1000,200,1,0,10,0.999,999,144.327327327327,14.3327327327327,0.2046484375,13.8891494742915,0.0814320749108205,22.0182154960213,1.0319373953936,1.14267565179007,1.15632900251167,0.013653350721601,TRUE,TRUE,TRUE,TRUE,TRUE
3,1778.27941003892,3.25,0.125,1,0.1,1000,200,1,0,10,0.999,999,140.019019019019,13.9019019019019,0.21484375,13.5555925437809,0.0828993055555556,21.8224959773837,1.02554734195517,1.13211850626692,1.14307421960643,0.0109557133395165,TRUE,TRUE,TRUE,TRUE,TRUE
3.1,1778.27941003892,3.25,0.125,1,0.1,1000,200,1,0,10,1,1000,133.516,13.2516,0.2249609375,13.2472676740729,0.0842709417273673,21.6441704190118,1.00032703543354,1.12212631174909,1.12226831821395,0.000142006464867285,TRUE,TRUE,TRUE,TRUE,TRUE
3.2,1778.27941003892,3.25,0.125,1,0.1,1000,200,1,0,10,1,1000,131.108,13.0108,0.235,12.9612216400122,0.0855560302734375,21.4810029930603,1.00382513017405,1.11264593722225,1.11430400101231,0.00165806379005827,TRUE,TRUE,TRUE,TRUE,TRUE
3.3,1778.27941003892,3.25,0.125,1,0.1,1000,200,1,0,10,0.999,999,126.783783783784,12.5783783783784,0.2449609375,12.6949633269277,0.0867625114784206,21.3311274682375,0.990816440698022,1.10363145062636,1.09962465488372,-0.00400679574264866,TRUE,TRUE,TRUE,TRUE,TRUE
3.4,1778.27941003892,3.25,0.125,1,0.1,1000,200,1,0,10,1,1000,123.442,12.2442,0.25484375,12.4463747998286,0.0878973832179931,21.1929735150467,0.98375633041105,1.09504287482992,1.08793041486412,-0.00711245996579738,TRUE,TRUE,TRUE,TRUE,TRUE
3.5,1778.27941003892,3.25,0.125,1,0.1,1000,200,1,0,10,1,1000,121.13,12.013,0.2646484375,12.2136424277827,0.0889668367346939,21.0652100360088,0.983572269372622,1.08684520124082,1.07965147707385,-0.00719372416697319,TRUE,TRUE,TRUE,TRUE,TRUE
3.6,1778.27941003892,3.25,0.125,1,0.1,1000,200,1,0,10,1,1000,119.286,11.8286,0.274375,11.9952029294565,0.0899763695987654,20.9467010875204,0.986110870284036,1.07900759956502,1.07293334578984,-0.0060742537751726,TRUE,TRUE,TRUE,TRUE,TRUE
3.7,1778.27941003892,3.25,0.125,1,0.1,1000,200,1,0,10,1,1000,116.622,11.5622,0.2840234375,11.7897006647649,0.0909308802045289,20.8364712356443,0.980703440126789,1.07150277869211,1.06304047741975,-0.00846230127235454,TRUE,TRUE,TRUE,TRUE,TRUE
3.8,1778.27941003892,3.25,0.125,1,0.1,1000,200,1,0,10,1,1000,114.33,11.333,0.29359375,11.5959535038101,0.0918347472299169,20.733678064226,0.97732368418658,1.0643064652998,1.05434488876763,-0.00996157653216521,TRUE,TRUE,TRUE,TRUE,TRUE
3.9,1778.27941003892,3.25,0.125,1,0.1,1000,200,1,0,10,1,1000,113.67,11.267,0.3030859375,11.4129253092895,0.0926918967784352,20.6375901649254,0.987214030992499,1.05739697508,1.05180829431709,-0.00558868076290548,TRUE,TRUE,TRUE,TRUE,TRUE
4,1778.27941003892,3.25,0.125,1,0.1,1000,200,1,0,10,1,1000,112.345,11.1345,0.3125,11.2397035696652,0.093505859375,20.5475693713163,0.99064000495982,1.05075485751807,1.04667071960837,-0.00408413790970193,TRUE,TRUE,TRUE,TRUE,TRUE
4.1,1778.27941003892,3.25,0.125,1,0.1,1000,200,1,0,10,1,1000,111.64,11.064,0.3218359375,11.0754810813609,0.0942798185603807,20.4630563094406,0.998963378540706,1.04436259958519,1.04391216710125,-0.000450432483939866,TRUE,TRUE,TRUE,TRUE,TRUE
4.2,1778.27941003892,3.25,0.125,1,0.1,1000,200,1,0,10,1,1000,110.448,10.9448,0.33109375,10.9195408414784,0.0950166524943311,20.3835585624363,1.00231320701926,1.03820437699466,1.03920782988842,0.00100345289375841,TRUE,TRUE,TRUE,TRUE,TRUE
4.3,1778.27941003892,3.25,0.125,1,0.1,1000,200,1,0,10,1,1000,107.838,10.6838,0.3402734375,10.7712435066819,0.0957189697133586,20.30864091226,0.99188176308263,1.03226584414436,1.02872574946265,-0.00354009468171604,TRUE,TRUE,TRUE,TRUE,TRUE
4.4,1778.27941003892,3.25,0.125,1,0.1,1000,200,1,0,10,1,1000,108.011,10.7011,0.349375,10.6300169186351,0.0963891399793388,20.2379172442684,1.00668701488521,1.02653395574287,1.02942842248669,0.00289446674382735,TRUE,TRUE,TRUE,TRUE,TRUE
4.5,1778.27941003892,3.25,0.125,1,0.1,1000,200,1,0,10,1,1000,107.14,10.614,0.3583984375,10.4953473053334,0.0970293209876543,20.1710437924249,1.01130526615411,1.02099681455198,1.02587908329337,0.00488226874139048,TRUE,TRUE,TRUE,TRUE,TRUE
4.6,1778.27941003892,3.25,0.125,1,0.1,1000,200,1,0,10,1,1000,106.223,10.5223,0.36734375,10.36677185047,0.0976414815689981,20.1077134724829,1.01500256316753,1.01564354078759,1.02211067975417,0.00646713896657896,TRUE,TRUE,TRUE,TRUE,TRUE
4.7,1778.27941003892,3.25,0.125,1,0.1,1000,200,1,0,10,1,1000,104.528,10.3528,0.3762109375,10.2438723864257,0.0982274219103667,20.0476511035989,1.01063344109193,1.01046415958394,1.01505782419802,0.00459366461407493,TRUE,TRUE,TRUE,TRUE,TRUE
4.8,1778.27941003892,3.25,0.125,1,0.1,1000,200,1,0,10,1,1000,104.069,10.3069,0.385,10.1262700155043,0.0987887912326389,19.9906093596656,1.01783776101359,1.00544950360386,1.01312806243789,0.00767855883402077,TRUE,TRUE,TRUE,TRUE,TRUE
4.9,1778.27941003892,3.25,0.125,1,0.1,1000,200,1,0,10,1,1000,102.16,10.116,0.3937109375,10.0136205022067,0.0993271032902957,19.9363653233145,1.01022402414499,1.00059112841294,1.00500882067237,0.00441769225942409,TRUE,TRUE,TRUE,TRUE,TRUE
5,1778.27941003892,3.25,0.125,1,0.1,1000,200,1,0,10,1,1000,102.006,10.1006,0.40234375,9.90561030927321,0.09984375,19.8847175402503,1.01968477303657,0.995881238661454,1.00434717268854,0.00846593402708453,TRUE,TRUE,TRUE,TRUE,TRUE
1.1,3162.27766016838,3.5,0.125,1,0.1,1000,200,1,0,10,0.737,737,709.983717774763,70.8983717774763,0.00777343750000001,71.2645115495061,0.00813533057851241,69.6614108211252,NA,NA,NA,NA,TRUE,TRUE,TRUE,FALSE,FALSE
1.2,3162.27766016838,3.5,0.125,1,0.1,1000,200,1,0,10,0.308,308,613.801948051948,61.2801948051948,0.019375,45.1397357914473,0.0181206597222222,46.6759177441219,1.35756653712638,1.65455901276894,1.78732013721669,0.132761124447752,TRUE,TRUE,TRUE,TRUE,TRUE
1.3,3162.27766016838,3.5,0.125,1,0.1,1000,200,1,0,10,0.14,140,548.421428571429,54.7421428571429,0.0308984375,35.744696116623,0.0265347633136095,38.5720089881553,1.53147596159546,1.5532116092652,1.73832179367363,0.185110184408425,TRUE,TRUE,TRUE,TRUE,TRUE
1.4,3162.27766016838,3.5,0.125,1,0.1,1000,200,1,0,10,0.08,80,492.1875,49.11875,0.04234375,30.5341060694568,0.0337213010204082,34.2158794660273,1.60865197390315,1.48478520991286,1.69124730611744,0.206462096204581,TRUE,TRUE,TRUE,TRUE,TRUE
1.5,3162.27766016838,3.5,0.125,1,0.1,1000,200,1,0,10,0.072,72,418.819444444444,41.7819444444444,0.0537109375,27.1111850875619,0.0399305555555556,31.4432328657257,1.54113308988523,1.4331485019309,1.62098864727288,0.187840145341982,TRUE,TRUE,TRUE,TRUE,TRUE
1.6,3162.27766016838,3.5,0.125,1,0.1,1000,200,1,0,10,0.123,123,291.333333333333,29.0333333333333,0.065,24.6446803760217,0.04534912109375,29.5049872379381,1.17807708967415,1.39172319003669,1.462896900288,0.0711737102513135,TRUE,TRUE,TRUE,TRUE,TRUE
1.7,3162.27766016838,3.5,0.125,1,0.1,1000,200,1,0,10,0.169,169,304.325443786982,30.3325443786982,0.0762109375,22.759945423258,0.0501189446366782,28.0658958762741,1.33271604191555,1.35717121631678,1.48190884167504,0.12473762535826,TRUE,TRUE,TRUE,TRUE,TRUE
1.8,3162.27766016838,3.5,0.125,1,0.1,1000,200,1,0,10,0.248,248,285.717741935484,28.4717741935484,0.08734375,21.2600338372702,0.0543499228395062,26.9513424563363,1.33921584563217,1.32756395140685,1.45441453066856,0.126850579261716,TRUE,TRUE,TRUE,TRUE,TRUE
1.9,3162.27766016838,3.5,0.125,1,0.1,1000,200,1,0,10,0.386,386,267.240932642487,26.6240932642487,0.0983984375,20.0302222098291,0.0581284626038781,26.0606623831857,1.32919610103896,1.30168576726498,1.42527482594768,0.123589058682697,TRUE,TRUE,TRUE,TRUE,TRUE
2,3162.27766016838,3.5,0.125,1,0.1,1000,200,1,0,10,0.476,476,239.155462184874,23.8155462184874,0.109375,18.9985665875796,0.0615234375,25.3314221167728,1.25354437181892,1.27872083534293,1.37686054666871,0.0981397113257838,TRUE,TRUE,TRUE,TRUE,TRUE
2.1,3162.27766016838,3.5,0.125,1,0.1,1000,200,1,0,10,0.647,647,228.174652241113,22.7174652241113,0.1202734375,18.1173638598121,0.0645904195011338,24.7226952667714,1.25390566750736,1.25809500656244,1.35635987190721,0.0982648653447657,TRUE,TRUE,TRUE,TRUE,TRUE
2.2,3162.27766016838,3.5,0.125,1,0.1,1000,200,1,0,10,0.719,719,218.507649513213,21.7507649513213,0.13109375,17.3535717168658,0.0673747417355372,24.2064616513699,1.25338836904577,1.23938887493571,1.33747453523529,0.0980856602995858,TRUE,TRUE,TRUE,TRUE,TRUE
2.3,3162.27766016838,3.5,0.125,1,0.1,1000,200,1,0,10,0.819,819,201.118437118437,20.0118437118437,0.1418359375,16.6834831310346,0.069913752362949,23.7628519596109,1.19950034142557,1.22228672655759,1.30128710247897,0.0790003759213721,TRUE,TRUE,TRUE,TRUE,TRUE
2.4,3162.27766016838,3.5,0.125,1,0.1,1000,200,1,0,10,0.889,889,191.908886389201,19.0908886389201,0.1525,16.0895888554298,0.0722384982638889,23.3773626389521,1.18653676053863,1.20654494651671,1.28082614431809,0.0742811978013731,TRUE,TRUE,TRUE,TRUE,TRUE
2.5,3162.27766016838,3.5,0.125,1,0.1,1000,200,1,0,10,0.924,924,190.3170995671,18.93170995671,0.1630859375,15.5586392480406,0.074375,23.0391461105651,1.21679728251904,1.19197161110423,1.27718984223768,0.0852182311334506,TRUE,TRUE,TRUE,TRUE,TRUE
2.6,3162.27766016838,3.5,0.125,1,0.1,1000,200,1,0,10,0.935,935,172.92513368984,17.192513368984,0.17359375,15.0803987760212,0.0763452292899408,22.7399191615557,1.14005694573018,1.17841282587962,1.23533937072374,0.0569265448441172,TRUE,TRUE,TRUE,TRUE,TRUE
2.7,3162.27766016838,3.5,0.125,1,0.1,1000,200,1,0,10,0.969,969,169.541795665635,16.8541795665635,0.1840234375,14.6468184655769,0.0781678669410151,22.4732424862213,1.1507058414204,1.16574329889492,1.22670761663828,0.0609643177433555,TRUE,TRUE,TRUE,TRUE,TRUE
2.8,3162.27766016838,3.5,0.125,1,0.1,1000,200,1,0,10,0.972,972,162.298353909465,16.1298353909465,0.194375,14.2514700733192,0.0798588966836735,22.2340314418974,1.13180151296419,1.15385966517266,1.20762993532645,0.0537702701537868,TRUE,TRUE,TRUE,TRUE,TRUE
2.9,3162.27766016838,3.5,0.125,1,0.1,1000,200,1,0,10,0.99,990,152.177777777778,15.1177777777778,0.2046484375,13.8891494742915,0.0814320749108205,22.0182154960213,1.08845957815923,1.14267565179007,1.17948795718522,0.0368123053951571,TRUE,TRUE,TRUE,TRUE,TRUE
3,3162.27766016838,3.5,0.125,1,0.1,1000,200,1,0,10,0.993,993,147.888217522659,14.6888217522659,0.21484375,13.5555925437809,0.0828993055555556,21.8224959773837,1.08359864792519,1.13211850626692,1.1669869607316,0.0348684544646803,TRUE,TRUE,TRUE,TRUE,TRUE
3.1,3162.27766016838,3.5,0.125,1,0.1,1000,200,1,0,10,0.998,998,144.544088176353,14.3544088176353,0.2249609375,13.2472676740729,0.0842709417273673,21.6441704190118,1.08357505644195,1.12212631174909,1.15698531090248,0.0348589991533957,TRUE,TRUE,TRUE,TRUE,TRUE
3.2,3162.27766016838,3.5,0.125,1,0.1,1000,200,1,0,10,0.999,999,139.401401401401,13.8401401401401,0.235,12.9612216400122,0.0855560302734375,21.4810029930603,1.06781139344262,1.11264593722225,1.1411404876483,0.0284945504260516,TRUE,TRUE,TRUE,TRUE,TRUE
3.3,3162.27766016838,3.5,0.125,1,0.1,1000,200,1,0,10,0.999,999,135.844844844845,13.4844844844845,0.2449609375,12.6949633269277,0.0867625114784206,21.3311274682375,1.06219168478275,1.10363145062636,1.12983434790991,0.0262028972835484,TRUE,TRUE,TRUE,TRUE,TRUE
3.4,3162.27766016838,3.5,0.125,1,0.1,1000,200,1,0,10,0.998,998,134.477955911824,13.3477955911824,0.25484375,12.4463747998286,0.0878973832179931,21.1929735150467,1.0724243649939,1.09504287482992,1.12540954722599,0.0303666723960702,TRUE,TRUE,TRUE,TRUE,TRUE
3.5,3162.27766016838,3.5,0.125,1,0.1,1000,200,1,0,10,1,1000,131.046,13.0046,0.2646484375,12.2136424277827,0.0889668367346939,21.0652100360088,1.06476017100501,1.08684520124082,1.11409699855693,0.0272517973161122,TRUE,TRUE,TRUE,TRUE,TRUE
3.6,3162.27766016838,3.5,0.125,1,0.1,1000,200,1,0,10,1,1000,129.251,12.8251,0.274375,11.9952029294565,0.0899763695987654,20.9467010875204,1.06918574662088,1.07900759956502,1.1080607600824,0.029053160517385,TRUE,TRUE,TRUE,TRUE,TRUE
3.7,3162.27766016838,3.5,0.125,1,0.1,1000,200,1,0,10,1,1000,127.731,12.6731,0.2840234375,11.7897006647649,0.0909308802045289,20.8364712356443,1.07492975100507,1.07150277869211,1.10288286178304,0.0313800830909332,TRUE,TRUE,TRUE,TRUE,TRUE
3.8,3162.27766016838,3.5,0.125,1,0.1,1000,200,1,0,10,0.999,999,124.347347347347,12.3347347347347,0.29359375,11.5959535038101,0.0918347472299169,20.733678064226,1.06371026157373,1.0643064652998,1.09112981418411,0.0268233488843141,TRUE,TRUE,TRUE,TRUE,TRUE
3.9,3162.27766016838,3.5,0.125,1,0.1,1000,200,1,0,10,1,1000,122.615,12.1615,0.3030859375,11.4129253092895,0.0926918967784352,20.6375901649254,1.06559008058181,1.05739697508,1.08498714414287,0.0275901690628684,TRUE,TRUE,TRUE,TRUE,TRUE
4,3162.27766016838,3.5,0.125,1,0.1,1000,200,1,0,10,1,1000,121.201,12.0201,0.3125,11.2397035696652,0.093505859375,20.5475693713163,1.0694321185161,1.05075485751807,1.07990808075054,0.0291532232324744,TRUE,TRUE,TRUE,TRUE,TRUE
4.1,3162.27766016838,3.5,0.125,1,0.1,1000,200,1,0,10,1,1000,119.73,11.873,0.3218359375,11.0754810813609,0.0942798185603807,20.4630563094406,1.07200760967225,1.04436259958519,1.0745604678029,0.0301978682177014,TRUE,TRUE,TRUE,TRUE,TRUE
4.2,3162.27766016838,3.5,0.125,1,0.1,1000,200,1,0,10,1,1000,118.35,11.735,0.33109375,10.9195408414784,0.0950166524943311,20.3835585624363,1.07467888717665,1.03820437699466,1.06948309393461,0.0312787169399501,TRUE,TRUE,TRUE,TRUE,TRUE
4.3,3162.27766016838,3.5,0.125,1,0.1,1000,200,1,0,10,1,1000,117.595,11.6595,0.3402734375,10.7712435066819,0.0957189697133586,20.30864091226,1.08246554752634,1.03226584414436,1.06667992676117,0.034414082616805,TRUE,TRUE,TRUE,TRUE,TRUE
4.4,3162.27766016838,3.5,0.125,1,0.1,1000,200,1,0,10,1,1000,115.024,11.4024,0.349375,10.6300169186351,0.0963891399793388,20.2379172442684,1.07266056933652,1.02653395574287,1.05699627213081,0.0304623163879457,TRUE,TRUE,TRUE,TRUE,TRUE
4.5,3162.27766016838,3.5,0.125,1,0.1,1000,200,1,0,10,1,1000,114.36,11.336,0.3583984375,10.4953473053334,0.0970293209876543,20.1710437924249,1.08009765377077,1.02099681455198,1.0544598372394,0.0334630226874276,TRUE,TRUE,TRUE,TRUE,TRUE
4.6,3162.27766016838,3.5,0.125,1,0.1,1000,200,1,0,10,1,1000,113.841,11.2841,0.36734375,10.36677185047,0.0976414815689981,20.1077134724829,1.08848734811198,1.01564354078759,1.05246692622985,0.0368233854422617,TRUE,TRUE,TRUE,TRUE,TRUE
4.7,3162.27766016838,3.5,0.125,1,0.1,1000,200,1,0,10,1,1000,112.723,11.1723,0.3762109375,10.2438723864257,0.0982274219103667,20.0476511035989,1.09063248530942,1.01046415958394,1.04814258891541,0.0376784293314649,TRUE,TRUE,TRUE,TRUE,TRUE
4.8,3162.27766016838,3.5,0.125,1,0.1,1000,200,1,0,10,1,1000,111.461,11.0461,0.385,10.1262700155043,0.0987887912326389,19.9906093596656,1.09083601198539,1.00544950360386,1.0432089705599,0.0377594669560377,TRUE,TRUE,TRUE,TRUE,TRUE
4.9,3162.27766016838,3.5,0.125,1,0.1,1000,200,1,0,10,1,1000,111.294,11.0294,0.3937109375,10.0136205022067,0.0993271032902957,19.9363653233145,1.10143978369956,1.00059112841294,1.04255188743777,0.0419607590248263,TRUE,TRUE,TRUE,TRUE,TRUE
5,3162.27766016838,3.5,0.125,1,0.1,1000,200,1,0,10,1,1000,110.533,10.9533,0.40234375,9.90561030927321,0.09984375,19.8847175402503,1.10576730337817,0.995881238661454,1.03954498272648,0.0436637440650274,TRUE,TRUE,TRUE,TRUE,TRUE
1.1,5623.41325190349,3.75,0.125,1,0.1,1000,200,1,0,10,0.408,408,405.019607843137,40.4019607843137,0.00777343750000001,71.2645115495061,0.00813533057851241,69.6614108211252,NA,NA,NA,NA,TRUE,TRUE,TRUE,FALSE,FALSE
1.2,5623.41325190349,3.75,0.125,1,0.1,1000,200,1,0,10,0.139,139,150.431654676259,14.9431654676259,0.019375,45.1397357914473,0.0181206597222222,46.6759177441219,0.331042377754838,1.65455901276894,1.17444260547828,-0.480116407290662,TRUE,TRUE,TRUE,TRUE,TRUE
1.3,5623.41325190349,3.75,0.125,1,0.1,1000,200,1,0,10,0.067,67,71.1194029850746,7.01194029850746,0.0308984375,35.744696116623,0.0265347633136095,38.5720089881553,0.196167293621125,1.5532116092652,0.845838209740761,-0.707373399524441,TRUE,TRUE,TRUE,TRUE,TRUE
1.4,5623.41325190349,3.75,0.125,1,0.1,1000,200,1,0,10,0.038,38,48.9736842105263,4.79736842105263,0.04234375,30.5341060694568,0.0337213010204082,34.2158794660273,0.157115076830477,1.48478520991286,0.681003072038166,-0.80378213787469,TRUE,TRUE,TRUE,TRUE,TRUE
1.5,5623.41325190349,3.75,0.125,1,0.1,1000,200,1,0,10,0.031,31,86.4193548387097,8.54193548387097,0.0537109375,27.1111850875619,0.0399305555555556,31.4432328657257,0.315070531084599,1.4331485019309,0.93155628693339,-0.50159221499751,TRUE,TRUE,TRUE,TRUE,TRUE
1.6,5623.41325190349,3.75,0.125,1,0.1,1000,200,1,0,10,0.026,26,138.076923076923,13.7076923076923,0.065,24.6446803760217,0.04534912109375,29.5049872379381,0.556213028472845,1.39172319003669,1.13696434739402,-0.254758842642668,TRUE,TRUE,TRUE,TRUE,TRUE
1.7,5623.41325190349,3.75,0.125,1,0.1,1000,200,1,0,10,0.047,47,229.297872340426,22.8297872340426,0.0762109375,22.759945423258,0.0501189446366782,28.0658958762741,1.00306862821882,1.35717121631678,1.35850186403023,0.00133064771345289,TRUE,TRUE,TRUE,TRUE,TRUE
1.8,5623.41325190349,3.75,0.125,1,0.1,1000,200,1,0,10,0.085,85,252.541176470588,25.1541176470588,0.08734375,21.2600338372702,0.0543499228395062,26.9513424563363,1.18316451608661,1.32756395140685,1.40060908780232,0.0730451363954765,TRUE,TRUE,TRUE,TRUE,TRUE
1.9,5623.41325190349,3.75,0.125,1,0.1,1000,200,1,0,10,0.13,130,248.792307692308,24.7792307692308,0.0983984375,20.0302222098291,0.0581284626038781,26.0606623831857,1.23709215552643,1.30168576726498,1.39408782028606,0.0924020530210782,TRUE,TRUE,TRUE,TRUE,TRUE
2,5623.41325190349,3.75,0.125,1,0.1,1000,200,1,0,10,0.254,254,233.846456692913,23.2846456692913,0.109375,18.9985665875796,0.0615234375,25.3314221167728,1.22560012945996,1.27872083534293,1.36706963350592,0.0883487981629947,TRUE,TRUE,TRUE,TRUE,TRUE
2.1,5623.41325190349,3.75,0.125,1,0.1,1000,200,1,0,10,0.378,378,228.460317460317,22.7460317460317,0.1202734375,18.1173638598121,0.0645904195011338,24.7226952667714,1.25548241576618,1.25809500656244,1.35690564094376,0.098810634381322,TRUE,TRUE,TRUE,TRUE,TRUE
2.2,5623.41325190349,3.75,0.125,1,0.1,1000,200,1,0,10,0.526,526,219.963878326996,21.8963878326996,0.13109375,17.3535717168658,0.0673747417355372,24.2064616513699,1.26177989119201,1.23938887493571,1.34037247677098,0.10098360183527,TRUE,TRUE,TRUE,TRUE,TRUE
2.3,5623.41325190349,3.75,0.125,1,0.1,1000,200,1,0,10,0.65,650,207.884615384615,20.6884615384615,0.1418359375,16.6834831310346,0.069913752362949,23.7628519596109,1.24005649036063,1.22228672655759,1.31572819631103,0.0934414697534337,TRUE,TRUE,TRUE,TRUE,TRUE
2.4,5623.41325190349,3.75,0.125,1,0.1,1000,200,1,0,10,0.754,754,199.485411140584,19.8485411140584,0.1525,16.0895888554298,0.0722384982638889,23.3773626389521,1.23362637121458,1.20654494651671,1.29772859123021,0.0911836447134947,TRUE,TRUE,TRUE,TRUE,TRUE
2.5,5623.41325190349,3.75,0.125,1,0.1,1000,200,1,0,10,0.823,823,193.973268529769,19.2973268529769,0.1630859375,15.5586392480406,0.074375,23.0391461105651,1.24029656741396,1.19197161110423,1.28549715287273,0.0935255417684981,TRUE,TRUE,TRUE,TRUE,TRUE
2.6,5623.41325190349,3.75,0.125,1,0.1,1000,200,1,0,10,0.898,898,184.741648106904,18.3741648106904,0.17359375,15.0803987760212,0.0763452292899408,22.7399191615557,1.2184137225805,1.17841282587962,1.2642076075466,0.0857947816669771,TRUE,TRUE,TRUE,TRUE,TRUE
2.7,5623.41325190349,3.75,0.125,1,0.1,1000,200,1,0,10,0.947,947,179.567053854277,17.8567053854277,0.1840234375,14.6468184655769,0.0781678669410151,22.4732424862213,1.21915250246289,1.16574329889492,1.25180133333657,0.0860580344416426,TRUE,TRUE,TRUE,TRUE,TRUE
2.8,5623.41325190349,3.75,0.125,1,0.1,1000,200,1,0,10,0.964,964,171.959543568465,17.0959543568465,0.194375,14.2514700733192,0.0798588966836735,22.2340314418974,1.19959234162464,1.15385966517266,1.23289334966864,0.0790336844959787,TRUE,TRUE,TRUE,TRUE,TRUE
2.9,5623.41325190349,3.75,0.125,1,0.1,1000,200,1,0,10,0.973,973,166.396711202467,16.5396711202467,0.2046484375,13.8891494742915,0.0814320749108205,22.0182154960213,1.19083397805324,1.14267565179007,1.21852686966138,0.075851217871315,TRUE,TRUE,TRUE,TRUE,TRUE
3,5623.41325190349,3.75,0.125,1,0.1,1000,200,1,0,10,0.986,986,159.832657200811,15.8832657200811,0.21484375,13.5555925437809,0.0828993055555556,21.8224959773837,1.17171312642973,1.13211850626692,1.2009398015165,0.0688212952495802,TRUE,TRUE,TRUE,TRUE,TRUE
3.1,5623.41325190349,3.75,0.125,1,0.1,1000,200,1,0,10,0.988,988,156.031376518219,15.5031376518219,0.2249609375,13.2472676740729,0.0842709417273673,21.6441704190118,1.17028945388973,1.12212631174909,1.19041960313606,0.0682932913869747,TRUE,TRUE,TRUE,TRUE,TRUE
3.2,5623.41325190349,3.75,0.125,1,0.1,1000,200,1,0,10,0.994,994,152.084507042254,15.1084507042254,0.235,12.9612216400122,0.0855560302734375,21.4810029930603,1.16566563892284,1.11264593722225,1.17921993190333,0.0665739946810862,TRUE,TRUE,TRUE,TRUE,TRUE
3.3,5623.41325190349,3.75,0.125,1,0.1,1000,200,1,0,10,0.996,996,147.722891566265,14.6722891566265,0.2449609375,12.6949633269277,0.0867625114784206,21.3311274682375,1.15575671853299,1.10363145062636,1.16649787734243,0.062866426716065,TRUE,TRUE,TRUE,TRUE,TRUE
3.4,5623.41325190349,3.75,0.125,1,0.1,1000,200,1,0,10,0.997,997,145.225677031093,14.4225677031093,0.25484375,12.4463747998286,0.0878973832179931,21.1929735150467,1.15877658636054,1.09504287482992,1.15904258632096,0.0639997114910394,TRUE,TRUE,TRUE,TRUE,TRUE
3.5,5623.41325190349,3.75,0.125,1,0.1,1000,200,1,0,10,1,1000,141.426,14.0426,0.2646484375,12.2136424277827,0.0889668367346939,21.0652100360088,1.14974710312928,1.08684520124082,1.14744752525201,0.0606023240111934,TRUE,TRUE,TRUE,TRUE,TRUE
3.6,5623.41325190349,3.75,0.125,1,0.1,1000,200,1,0,10,0.999,999,139.251251251251,13.8251251251251,0.274375,11.9952029294565,0.0899763695987654,20.9467010875204,1.15255450086425,1.07900759956502,1.14066907060281,0.0616614710377937,TRUE,TRUE,TRUE,TRUE,TRUE
3.7,5623.41325190349,3.75,0.125,1,0.1,1000,200,1,0,10,1,1000,137.67,13.667,0.2840234375,11.7897006647649,0.0909308802045289,20.8364712356443,1.15923214580381,1.07150277869211,1.13567319441924,0.0641704157271297,TRUE,TRUE,TRUE,TRUE,TRUE
3.8,5623.41325190349,3.75,0.125,1,0.1,1000,200,1,0,10,0.999,999,134.005005005005,13.3005005005005,0.29359375,11.5959535038101,0.0918347472299169,20.733678064226,1.14699498373552,1.0643064652998,1.12386798386301,0.0595615185632125,TRUE,TRUE,TRUE,TRUE,TRUE
3.9,5623.41325190349,3.75,0.125,1,0.1,1000,200,1,0,10,0.999,999,132.557557557558,13.1557557557558,0.3030859375,11.4129253092895,0.0926918967784352,20.6375901649254,1.15270672498379,1.05739697508,1.11911580195624,0.0617188268762442,TRUE,TRUE,TRUE,TRUE,TRUE
4,5623.41325190349,3.75,0.125,1,0.1,1000,200,1,0,10,1,1000,130.606,12.9606,0.3125,11.2397035696652,0.093505859375,20.5475693713163,1.15310870252658,1.05075485751807,1.11262510729518,0.061870249777113,TRUE,TRUE,TRUE,TRUE,TRUE
4.1,5623.41325190349,3.75,0.125,1,0.1,1000,200,1,0,10,1,1000,129.194,12.8194,0.3218359375,11.0754810813609,0.0942798185603807,20.4630563094406,1.15745762245704,1.04436259958519,1.10786769891236,0.0635050993271623,TRUE,TRUE,TRUE,TRUE,TRUE
4.2,5623.41325190349,3.75,0.125,1,0.1,1000,200,1,0,10,1,1000,126.278,12.5278,0.33109375,10.9195408414784,0.0950166524943311,20.3835585624363,1.14728267258386,1.03820437699466,1.09787481147714,0.0596704344824807,TRUE,TRUE,TRUE,TRUE,TRUE
4.3,5623.41325190349,3.75,0.125,1,0.1,1000,200,1,0,10,1,1000,125.473,12.4473,0.3402734375,10.7712435066819,0.0957189697133586,20.30864091226,1.15560473517086,1.03226584414436,1.09507515687204,0.0628093127276815,TRUE,TRUE,TRUE,TRUE,TRUE
4.4,5623.41325190349,3.75,0.125,1,0.1,1000,200,1,0,10,1,1000,125.007,12.4007,0.349375,10.6300169186351,0.0963891399793388,20.2379172442684,1.1665738723577,1.02653395574287,1.09344620109424,0.0669122453513722,TRUE,TRUE,TRUE,TRUE,TRUE
4.5,5623.41325190349,3.75,0.125,1,0.1,1000,200,1,0,10,1,1000,122.933,12.1933,0.3583984375,10.4953473053334,0.0970293209876543,20.1710437924249,1.16178146804191,1.02099681455198,1.0861212591734,0.0651244446214232,TRUE,TRUE,TRUE,TRUE,TRUE
4.6,5623.41325190349,3.75,0.125,1,0.1,1000,200,1,0,10,1,1000,122.064,12.1064,0.36734375,10.36677185047,0.0976414815689981,20.1077134724829,1.16780808670456,1.01564354078759,1.08301501906628,0.0673714782786914,TRUE,TRUE,TRUE,TRUE,TRUE
4.7,5623.41325190349,3.75,0.125,1,0.1,1000,200,1,0,10,1,1000,121.26,12.026,0.3762109375,10.2438723864257,0.0982274219103667,20.0476511035989,1.1739701107499,1.01046415958394,1.08012119950948,0.0696570399255389,TRUE,TRUE,TRUE,TRUE,TRUE
4.8,5623.41325190349,3.75,0.125,1,0.1,1000,200,1,0,10,1,1000,120.157,11.9157,0.385,10.1262700155043,0.0987887912326389,19.9906093596656,1.17671166004421,1.00544950360386,1.07611956050602,0.0706700569021589,TRUE,TRUE,TRUE,TRUE,TRUE
4.9,5623.41325190349,3.75,0.125,1,0.1,1000,200,1,0,10,1,1000,119.239,11.8239,0.3937109375,10.0136205022067,0.0993271032902957,19.9363653233145,1.18078171600316,1.00059112841294,1.072760748044,0.0721696196310551,TRUE,TRUE,TRUE,TRUE,TRUE
5,5623.41325190349,3.75,0.125,1,0.1,1000,200,1,0,10,1,1000,119.18,11.818,0.40234375,9.90561030927321,0.09984375,19.8847175402503,1.19306126841437,0.995881238661454,1.07254398564365,0.076662746982194,TRUE,TRUE,TRUE,TRUE,TRUE
1.1,10000,4,0.125,1,0.1,1000,200,1,0,10,0.262,262,119.996183206107,11.8996183206107,0.00777343750000001,71.2645115495061,0.00813533057851241,69.6614108211252,NA,NA,NA,NA,TRUE,TRUE,TRUE,FALSE,FALSE
1.2,10000,4,0.125,1,0.1,1000,200,1,0,10,0.113,113,56.353982300885,5.5353982300885,0.019375,45.1397357914473,0.0181206597222222,46.6759177441219,0.122628060023721,1.65455901276894,0.743148870546019,-0.911410142222922,TRUE,TRUE,TRUE,TRUE,TRUE
1.3,10000,4,0.125,1,0.1,1000,200,1,0,10,0.069,69,42.8405797101449,4.18405797101449,0.0308984375,35.744696116623,0.0265347633136095,38.5720089881553,0.117053952770036,1.5532116092652,0.621597693143465,-0.931613916121736,TRUE,TRUE,TRUE,TRUE,TRUE
1.4,10000,4,0.125,1,0.1,1000,200,1,0,10,0.044,44,38.1363636363636,3.71363636363636,0.04234375,30.5341060694568,0.0337213010204082,34.2158794660273,0.121622567079215,1.48478520991286,0.569799375710209,-0.914985834202646,TRUE,TRUE,TRUE,TRUE,TRUE
1.5,10000,4,0.125,1,0.1,1000,200,1,0,10,0.021,21,30.2857142857143,2.92857142857143,0.0537109375,27.1111850875619,0.0399305555555556,31.4432328657257,0.10802078253359,1.4331485019309,0.466655821041497,-0.966492680889402,TRUE,TRUE,TRUE,TRUE,TRUE
1.6,10000,4,0.125,1,0.1,1000,200,1,0,10,0.016,16,45.75,4.475,0.065,24.6446803760217,0.04534912109375,29.5049872379381,0.181580768414185,1.39172319003669,0.650793039651931,-0.740930150384756,TRUE,TRUE,TRUE,TRUE,TRUE
1.7,10000,4,0.125,1,0.1,1000,200,1,0,10,0.011,11,122.272727272727,12.1272727272727,0.0762109375,22.759945423258,0.0501189446366782,28.0658958762741,0.532833998577171,1.35717121631678,1.08376314442231,-0.273408071894476,TRUE,TRUE,TRUE,TRUE,TRUE
1.8,10000,4,0.125,1,0.1,1000,200,1,0,10,0.011,11,226.818181818182,22.5818181818182,0.08734375,21.2600338372702,0.0543499228395062,26.9513424563363,1.06217225968055,1.32756395140685,1.35375890634632,0.0261949549394707,TRUE,TRUE,TRUE,TRUE,TRUE
1.9,10000,4,0.125,1,0.1,1000,200,1,0,10,0.041,41,234.268292682927,23.3268292682927,0.0983984375,20.0302222098291,0.0581284626038781,26.0606623831857,1.16458165186235,1.30168576726498,1.367855710724,0.0661699434590184,TRUE,TRUE,TRUE,TRUE,TRUE
2,10000,4,0.125,1,0.1,1000,200,1,0,10,0.095,95,248.178947368421,24.7178947368421,0.109375,18.9985665875796,0.0615234375,25.3314221167728,1.30103998230064,1.27872083534293,1.39301147842698,0.114290643084054,TRUE,TRUE,TRUE,TRUE,TRUE
2.1,10000,4,0.125,1,0.1,1000,200,1,0,10,0.198,198,231.808080808081,23.0808080808081,0.1202734375,18.1173638598121,0.0645904195011338,24.7226952667714,1.2739606191829,1.25809500656244,1.36325100980832,0.105156003245878,TRUE,TRUE,TRUE,TRUE,TRUE
2.2,10000,4,0.125,1,0.1,1000,200,1,0,10,0.302,302,235.543046357616,23.4543046357616,0.13109375,17.3535717168658,0.0673747417355372,24.2064616513699,1.35155488555515,1.23938887493571,1.37022256167762,0.130833686741914,TRUE,TRUE,TRUE,TRUE,TRUE
2.3,10000,4,0.125,1,0.1,1000,200,1,0,10,0.458,458,224.576419213974,22.3576419213974,0.1418359375,16.6834831310346,0.069913752362949,23.7628519596109,1.34010636422844,1.22228672655759,1.34942599623901,0.127139269681413,TRUE,TRUE,TRUE,TRUE,TRUE
2.4,10000,4,0.125,1,0.1,1000,200,1,0,10,0.595,595,213.973109243697,21.2973109243698,0.1525,16.0895888554298,0.0722384982638889,23.3773626389521,1.32367030107065,1.20654494651671,1.32832477130573,0.121779824789017,TRUE,TRUE,TRUE,TRUE,TRUE
2.5,10000,4,0.125,1,0.1,1000,200,1,0,10,0.684,684,207.067251461988,20.6067251461988,0.1630859375,15.5586392480406,0.074375,23.0391461105651,1.3244554885347,1.19197161110423,1.3140089784875,0.122037367383276,TRUE,TRUE,TRUE,TRUE,TRUE
2.6,10000,4,0.125,1,0.1,1000,200,1,0,10,0.816,816,200.415441176471,19.9415441176471,0.17359375,15.0803987760212,0.0763452292899408,22.7399191615557,1.32234859394801,1.17841282587962,1.29975878365516,0.121345957775539,TRUE,TRUE,TRUE,TRUE,TRUE
2.7,10000,4,0.125,1,0.1,1000,200,1,0,10,0.866,866,191.342956120092,19.0342956120092,0.1840234375,14.6468184655769,0.0781678669410151,22.4732424862213,1.29955154812247,1.16574329889492,1.27953680983556,0.113793510940634,TRUE,TRUE,TRUE,TRUE,TRUE
2.8,10000,4,0.125,1,0.1,1000,200,1,0,10,0.931,931,185.746509129968,18.4746509129968,0.194375,14.2514700733192,0.0798588966836735,22.2340314418974,1.29633299708385,1.15385966517266,1.26657624095095,0.112716575778289,TRUE,TRUE,TRUE,TRUE,TRUE
2.9,10000,4,0.125,1,0.1,1000,200,1,0,10,0.953,953,179.239244491081,17.8239244491081,0.2046484375,13.8891494742915,0.0814320749108205,22.0182154960213,1.28329848289845,1.14267565179007,1.25100333263833,0.108327680848261,TRUE,TRUE,TRUE,TRUE,TRUE
3,10000,4,0.125,1,0.1,1000,200,1,0,10,0.969,969,174.176470588235,17.3176470588235,0.21484375,13.5555925437809,0.0828993055555556,21.8224959773837,1.27752785449195,1.13211850626692,1.23848888428719,0.106370378020269,TRUE,TRUE,TRUE,TRUE,TRUE
3.1,10000,4,0.125,1,0.1,1000,200,1,0,10,0.984,984,168.711382113821,16.7711382113821,0.2249609375,13.2472676740729,0.0842709417273673,21.6441704190118,1.26600734762882,1.12212631174909,1.2245625379876,0.102436226238518,TRUE,TRUE,TRUE,TRUE,TRUE
3.2,10000,4,0.125,1,0.1,1000,200,1,0,10,0.989,989,165.216380182002,16.4216380182002,0.235,12.9612216400122,0.0855560302734375,21.4810029930603,1.26698227021328,1.11264593722225,1.21541647475572,0.102770537533471,TRUE,TRUE,TRUE,TRUE,TRUE
3.3,10000,4,0.125,1,0.1,1000,200,1,0,10,0.996,996,159.728915662651,15.8728915662651,0.2449609375,12.6949633269277,0.0867625114784206,21.3311274682375,1.25032984794817,1.10363145062636,1.20065604943174,0.0970245988053715,TRUE,TRUE,TRUE,TRUE,TRUE
3.4,10000,4,0.125,1,0.1,1000,200,1,0,10,0.999,999,155.808808808809,15.4808808808809,0.25484375,12.4463747998286,0.0878973832179931,21.1929735150467,1.24380641992992,1.09504287482992,1.18979566893224,0.0947527941023189,TRUE,TRUE,TRUE,TRUE,TRUE
3.5,10000,4,0.125,1,0.1,1000,200,1,0,10,1,1000,151.827,15.0827,0.2646484375,12.2136424277827,0.0889668367346939,21.0652100360088,1.23490597413356,1.08684520124082,1.1784790928693,0.0916338916284788,TRUE,TRUE,TRUE,TRUE,TRUE
3.6,10000,4,0.125,1,0.1,1000,200,1,0,10,0.999,999,149.418418418418,14.8418418418418,0.274375,11.9952029294565,0.0899763695987654,20.9467010875204,1.23731477734277,1.07900759956502,1.17148779933339,0.0924801997683771,TRUE,TRUE,TRUE,TRUE,TRUE
3.7,10000,4,0.125,1,0.1,1000,200,1,0,10,0.999,999,146.756756756757,14.5756756756757,0.2840234375,11.7897006647649,0.0909308802045289,20.8364712356443,1.23630583083734,1.07150277869211,1.16362869622117,0.0921259175290603,TRUE,TRUE,TRUE,TRUE,TRUE
3.8,10000,4,0.125,1,0.1,1000,200,1,0,10,1,1000,143.67,14.267,0.29359375,11.5959535038101,0.0918347472299169,20.733678064226,1.23034298087796,1.0643064652998,1.15433266124231,0.0900261959425094,TRUE,TRUE,TRUE,TRUE,TRUE
3.9,10000,4,0.125,1,0.1,1000,200,1,0,10,1,1000,143.067,14.2067,0.3030859375,11.4129253092895,0.0926918967784352,20.6375901649254,1.24479041218613,1.05739697508,1.15249320964954,0.0950962345695429,TRUE,TRUE,TRUE,TRUE,TRUE
4,10000,4,0.125,1,0.1,1000,200,1,0,10,1,1000,138.258,13.7258,0.3125,11.2397035696652,0.093505859375,20.5475693713163,1.22118878980444,1.05075485751807,1.13753766645257,0.0867828089345015,TRUE,TRUE,TRUE,TRUE,TRUE
4.1,10000,4,0.125,1,0.1,1000,200,1,0,10,1,1000,138.089,13.7089,0.3218359375,11.0754810813609,0.0942798185603807,20.4630563094406,1.23777016088907,1.04436259958519,1.13700260846597,0.0926400088807717,TRUE,TRUE,TRUE,TRUE,TRUE
4.2,10000,4,0.125,1,0.1,1000,200,1,0,10,1,1000,136.602,13.5602,0.33109375,10.9195408414784,0.0950166524943311,20.3835585624363,1.24182877255158,1.03820437699466,1.13226609500714,0.0940617180124773,TRUE,TRUE,TRUE,TRUE,TRUE
4.3,10000,4,0.125,1,0.1,1000,200,1,0,10,1,1000,134.126,13.3126,0.3402734375,10.7712435066819,0.0957189697133586,20.30864091226,1.23593900664687,1.03226584414436,1.12426288307653,0.0919970389321641,TRUE,TRUE,TRUE,TRUE,TRUE
4.4,10000,4,0.125,1,0.1,1000,200,1,0,10,1,1000,133.337,13.2337,0.349375,10.6300169186351,0.0963891399793388,20.2379172442684,1.24493687087181,1.02653395574287,1.12168128522511,0.0951473294822461,TRUE,TRUE,TRUE,TRUE,TRUE
4.5,10000,4,0.125,1,0.1,1000,200,1,0,10,1,1000,131.962,13.0962,0.3583984375,10.4953473053334,0.0970293209876543,20.1710437924249,1.24781006468885,1.02099681455198,1.11714529882853,0.0961484842765528,TRUE,TRUE,TRUE,TRUE,TRUE
4.6,10000,4,0.125,1,0.1,1000,200,1,0,10,1,1000,131.559,13.0559,0.36734375,10.36677185047,0.0976414815689981,20.1077134724829,1.25939879726475,1.01564354078759,1.11580681499936,0.100163274211772,TRUE,TRUE,TRUE,TRUE,TRUE
4.7,10000,4,0.125,1,0.1,1000,200,1,0,10,1,1000,129.861,12.8861,0.3762109375,10.2438723864257,0.0982274219103667,20.0476511035989,1.25793249992801,1.01046415958394,1.11012149727881,0.0996573376948693,TRUE,TRUE,TRUE,TRUE,TRUE
4.8,10000,4,0.125,1,0.1,1000,200,1,0,10,1,1000,128.939,12.7939,0.385,10.1262700155043,0.0987887912326389,19.9906093596656,1.26343658429128,1.00544950360386,1.10700295185146,0.101553448247593,TRUE,TRUE,TRUE,TRUE,TRUE
4.9,10000,4,0.125,1,0.1,1000,200,1,0,10,1,1000,127.047,12.6047,0.3937109375,10.0136205022067,0.0993271032902957,19.9363653233145,1.25875551177742,1.00059112841294,1.10053251364634,0.0999413852333946,TRUE,TRUE,TRUE,TRUE,TRUE
5,10000,4,0.125,1,0.1,1000,200,1,0,10,1,1000,126.844,12.5844,0.40234375,9.90561030927321,0.09984375,19.8847175402503,1.27043156424385,0.995881238661454,1.09983251405197,0.103951275390513,TRUE,TRUE,TRUE,TRUE,TRUE
1.1,17782.7941003892,4.25,0.125,1,0.1,1000,200,1,0,10,0.235,235,96.2595744680851,9.52595744680851,0.00777343750000001,71.2645115495061,0.00813533057851241,69.6614108211252,NA,NA,NA,NA,TRUE,TRUE,TRUE,FALSE,FALSE
1.2,17782.7941003892,4.25,0.125,1,0.1,1000,200,1,0,10,0.13,130,63.6,6.26,0.019375,45.1397357914473,0.0181206597222222,46.6759177441219,0.138680474979344,1.65455901276894,0.79657433321043,-0.857984679558511,TRUE,TRUE,TRUE,TRUE,TRUE
1.3,17782.7941003892,4.25,0.125,1,0.1,1000,200,1,0,10,0.06,60,42.5,4.15,0.0308984375,35.744696116623,0.0265347633136095,38.5720089881553,0.116101140892622,1.5532116092652,0.618048096712093,-0.935163512553109,TRUE,TRUE,TRUE,TRUE,TRUE
1.4,17782.7941003892,4.25,0.125,1,0.1,1000,200,1,0,10,0.039,39,35.8717948717949,3.48717948717949,0.04234375,30.5341060694568,0.0337213010204082,34.2158794660273,0.114206044848574,1.48478520991286,0.542474301343718,-0.942310908569137,TRUE,TRUE,TRUE,TRUE,TRUE
1.5,17782.7941003892,4.25,0.125,1,0.1,1000,200,1,0,10,0.019,19,35.7368421052632,3.47368421052632,0.0537109375,27.1111850875619,0.0399305555555556,31.4432328657257,0.128127346676556,1.4331485019309,0.54079033458904,-0.892358167341859,TRUE,TRUE,TRUE,TRUE,TRUE
1.6,17782.7941003892,4.25,0.125,1,0.1,1000,200,1,0,10,0.014,14,29.5,2.85,0.065,24.6446803760217,0.04534912109375,29.5049872379381,0.115643617872721,1.39172319003669,0.45484486000851,-0.936878330028177,TRUE,TRUE,TRUE,TRUE,TRUE
1.7,17782.7941003892,4.25,0.125,1,0.1,1000,200,1,0,10,0.011,11,26.3636363636364,2.53636363636364,0.0762109375,22.759945423258,0.0501189446366782,28.0658958762741,0.11143979430512,1.35717121631678,0.404211518115373,-0.952959698201408,TRUE,TRUE,TRUE,TRUE,TRUE
1.8,17782.7941003892,4.25,0.125,1,0.1,1000,200,1,0,10,0.005,5,20.4,1.94,0.08734375,21.2600338372702,0.0543499228395062,26.9513424563363,0.0912510306827008,1.32756395140685,0.287801729930226,-1.03976222147662,TRUE,TRUE,TRUE,TRUE,TRUE
1.9,17782.7941003892,4.25,0.125,1,0.1,1000,200,1,0,10,0.005,5,81.2,8.02,0.0983984375,20.0302222098291,0.0581284626038781,26.0606623831857,0.400394958976766,1.30168576726498,0.904174368284164,-0.39751139898082,TRUE,TRUE,TRUE,TRUE,TRUE
2,17782.7941003892,4.25,0.125,1,0.1,1000,200,1,0,10,0.019,19,209.578947368421,20.8578947368421,0.109375,18.9985665875796,0.0615234375,25.3314221167728,1.09786675961533,1.27872083534293,1.31927047138136,0.0405496360384305,TRUE,TRUE,TRUE,TRUE,TRUE
2.1,17782.7941003892,4.25,0.125,1,0.1,1000,200,1,0,10,0.048,48,257.645833333333,25.6645833333333,0.1202734375,18.1173638598121,0.0645904195011338,24.7226952667714,1.41657382011643,1.25809500656244,1.40933421784661,0.151239211284174,TRUE,TRUE,TRUE,TRUE,TRUE
2.2,17782.7941003892,4.25,0.125,1,0.1,1000,200,1,0,10,0.148,148,250.655405405405,24.9655405405405,0.13109375,17.3535717168658,0.0673747417355372,24.2064616513699,1.43863989199853,1.23938887493571,1.39734097360493,0.157952098669224,TRUE,TRUE,TRUE,TRUE,TRUE
2.3,17782.7941003892,4.25,0.125,1,0.1,1000,200,1,0,10,0.248,248,239.560483870968,23.8560483870968,0.1418359375,16.6834831310346,0.069913752362949,23.7628519596109,1.42992013116972,1.22228672655759,1.37759850698701,0.15531178042942,TRUE,TRUE,TRUE,TRUE,TRUE
2.4,17782.7941003892,4.25,0.125,1,0.1,1000,200,1,0,10,0.386,386,230.422279792746,22.9422279792746,0.1525,16.0895888554298,0.0722384982638889,23.3773626389521,1.42590517293003,1.20654494651671,1.36063559107703,0.154090644560315,TRUE,TRUE,TRUE,TRUE,TRUE
2.5,17782.7941003892,4.25,0.125,1,0.1,1000,200,1,0,10,0.533,533,225.737335834897,22.4737335834897,0.1630859375,15.5586392480406,0.074375,23.0391461105651,1.44445367137874,1.19197161110423,1.35167522818287,0.15970361707864,TRUE,TRUE,TRUE,TRUE,TRUE
2.6,17782.7941003892,4.25,0.125,1,0.1,1000,200,1,0,10,0.688,688,214.031976744186,21.3031976744186,0.17359375,15.0803987760212,0.0763452292899408,22.7399191615557,1.41264153493686,1.17841282587962,1.32844479724734,0.150031971367716,TRUE,TRUE,TRUE,TRUE,TRUE
2.7,17782.7941003892,4.25,0.125,1,0.1,1000,200,1,0,10,0.773,773,207.937904269082,20.6937904269082,0.1840234375,14.6468184655769,0.0781678669410151,22.4732424862213,1.41285225016907,1.16574329889492,1.31584004652458,0.150096747629658,TRUE,TRUE,TRUE,TRUE,TRUE
2.8,17782.7941003892,4.25,0.125,1,0.1,1000,200,1,0,10,0.876,876,198.776255707763,19.7776255707763,0.194375,14.2514700733192,0.0798588966836735,22.2340314418974,1.38776038324655,1.15385966517266,1.29617415058734,0.14231448541468,TRUE,TRUE,TRUE,TRUE,TRUE
2.9,17782.7941003892,4.25,0.125,1,0.1,1000,200,1,0,10,0.926,926,194.356371490281,19.3356371490281,0.2046484375,13.8891494742915,0.0814320749108205,22.0182154960213,1.39213975519652,1.14267565179007,1.28635848754164,0.14368283575157,TRUE,TRUE,TRUE,TRUE,TRUE
3,17782.7941003892,4.25,0.125,1,0.1,1000,200,1,0,10,0.949,949,185.076923076923,18.4076923076923,0.21484375,13.5555925437809,0.0828993055555556,21.8224959773837,1.35794080917086,1.13211850626692,1.2649993463066,0.132880840039683,TRUE,TRUE,TRUE,TRUE,TRUE
3.1,17782.7941003892,4.25,0.125,1,0.1,1000,200,1,0,10,0.971,971,181.421215242019,18.0421215242019,0.2249609375,13.2472676740729,0.0842709417273673,21.6441704190118,1.36195040125242,1.12212631174909,1.25628760372042,0.134161291971331,TRUE,TRUE,TRUE,TRUE,TRUE
3.2,17782.7941003892,4.25,0.125,1,0.1,1000,200,1,0,10,0.978,978,176.444785276074,17.5444785276074,0.235,12.9612216400122,0.0855560302734375,21.4810029930603,1.35361303238935,1.11264593722225,1.24414046426141,0.131494527039166,TRUE,TRUE,TRUE,TRUE,TRUE
3.3,17782.7941003892,4.25,0.125,1,0.1,1000,200,1,0,10,0.995,995,170.437185929648,16.9437185929648,0.2449609375,12.6949633269277,0.0867625114784206,21.3311274682375,1.33468038911345,1.10363145062636,1.229008729913,0.125377279286631,TRUE,TRUE,TRUE,TRUE,TRUE
3.4,17782.7941003892,4.25,0.125,1,0.1,1000,200,1,0,10,0.991,991,165.774974772957,16.4774974772957,0.25484375,12.4463747998286,0.0878973832179931,21.1929735150467,1.32387926141534,1.09504287482992,1.21689125382174,0.121848378991823,TRUE,TRUE,TRUE,TRUE,TRUE
3.5,17782.7941003892,4.25,0.125,1,0.1,1000,200,1,0,10,0.994,994,163.985915492958,16.2985915492958,0.2646484375,12.2136424277827,0.0889668367346939,21.0652100360088,1.33445789375829,1.08684520124082,1.21215007625687,0.125304875016052,TRUE,TRUE,TRUE,TRUE,TRUE
3.6,17782.7941003892,4.25,0.125,1,0.1,1000,200,1,0,10,0.999,999,159.723723723724,15.8723723723724,0.274375,11.9952029294565,0.0899763695987654,20.9467010875204,1.32322666533592,1.07900759956502,1.20064184365647,0.121634244091453,TRUE,TRUE,TRUE,TRUE,TRUE
3.7,17782.7941003892,4.25,0.125,1,0.1,1000,200,1,0,10,1,1000,156.607,15.5607,0.2840234375,11.7897006647649,0.0909308802045289,20.8364712356443,1.31985539263989,1.07150277869211,1.19202912988371,0.120526351191599,TRUE,TRUE,TRUE,TRUE,TRUE
3.8,17782.7941003892,4.25,0.125,1,0.1,1000,200,1,0,10,0.999,999,154.102102102102,15.3102102102102,0.29359375,11.5959535038101,0.0918347472299169,20.733678064226,1.32030627797703,1.0643064652998,1.18498115363148,0.120674688331685,TRUE,TRUE,TRUE,TRUE,TRUE
3.9,17782.7941003892,4.25,0.125,1,0.1,1000,200,1,0,10,1,1000,152.159,15.1159,0.3030859375,11.4129253092895,0.0926918967784352,20.6375901649254,1.32445447511134,1.05739697508,1.1794340101574,0.122037035077401,TRUE,TRUE,TRUE,TRUE,TRUE
4,17782.7941003892,4.25,0.125,1,0.1,1000,200,1,0,10,1,1000,148.401,14.7401,0.3125,11.2397035696652,0.093505859375,20.5475693713163,1.31143138327794,1.05075485751807,1.16850042987994,0.117745572361876,TRUE,TRUE,TRUE,TRUE,TRUE
4.1,17782.7941003892,4.25,0.125,1,0.1,1000,200,1,0,10,1,1000,147.56,14.656,0.3218359375,11.0754810813609,0.0942798185603807,20.4630563094406,1.32328337634604,1.04436259958519,1.16601545632378,0.121652856738581,TRUE,TRUE,TRUE,TRUE,TRUE
4.2,17782.7941003892,4.25,0.125,1,0.1,1000,200,1,0,10,1,1000,145.221,14.4221,0.33109375,10.9195408414784,0.0950166524943311,20.3835585624363,1.32076066286752,1.03820437699466,1.15902850254772,0.120824125553058,TRUE,TRUE,TRUE,TRUE,TRUE
4.3,17782.7941003892,4.25,0.125,1,0.1,1000,200,1,0,10,1,1000,142.294,14.1294,0.3402734375,10.7712435066819,0.0957189697133586,20.30864091226,1.31177054824124,1.03226584414436,1.15012372007774,0.117857875933373,TRUE,TRUE,TRUE,TRUE,TRUE
4.4,17782.7941003892,4.25,0.125,1,0.1,1000,200,1,0,10,1,1000,141.757,14.0757,0.349375,10.6300169186351,0.0963891399793388,20.2379172442684,1.3241465284335,1.02653395574287,1.14847000200139,0.121936046258524,TRUE,TRUE,TRUE,TRUE,TRUE
4.5,17782.7941003892,4.25,0.125,1,0.1,1000,200,1,0,10,1,1000,140.324,13.9324,0.3583984375,10.4953473053334,0.0970293209876543,20.1710437924249,1.32748346430803,1.02099681455198,1.14402593458458,0.123029120032601,TRUE,TRUE,TRUE,TRUE,TRUE
4.6,17782.7941003892,4.25,0.125,1,0.1,1000,200,1,0,10,1,1000,139.247,13.8247,0.36734375,10.36677185047,0.0976414815689981,20.1077134724829,1.3335588165156,1.01564354078759,1.14065571576276,0.125012174975172,TRUE,TRUE,TRUE,TRUE,TRUE
4.7,17782.7941003892,4.25,0.125,1,0.1,1000,200,1,0,10,1,1000,137.587,13.6587,0.3762109375,10.2438723864257,0.0982274219103667,20.0476511035989,1.33335319738064,1.01046415958394,1.13540936627865,0.124945206694706,TRUE,TRUE,TRUE,TRUE,TRUE
4.8,17782.7941003892,4.25,0.125,1,0.1,1000,200,1,0,10,1,1000,136.878,13.5878,0.385,10.1262700155043,0.0987887912326389,19.9906093596656,1.34183662683256,1.00544950360386,1.1331491458271,0.127699642223238,TRUE,TRUE,TRUE,TRUE,TRUE
4.9,17782.7941003892,4.25,0.125,1,0.1,1000,200,1,0,10,1,1000,135.702,13.4702,0.3937109375,10.0136205022067,0.0993271032902957,19.9363653233145,1.34518778667832,1.00059112841294,1.12937404399704,0.1287829155841,TRUE,TRUE,TRUE,TRUE,TRUE
5,17782.7941003892,4.25,0.125,1,0.1,1000,200,1,0,10,1,1000,134.148,13.3148,0.40234375,9.90561030927321,0.09984375,19.8847175402503,1.34416755598948,0.995881238661454,1.12433464733908,0.128453408677628,TRUE,TRUE,TRUE,TRUE,TRUE
1.1,31622.7766016838,4.5,0.125,1,0.1,1000,200,1,0,10,0.238,238,79.327731092437,7.8327731092437,0.00777343750000001,71.2645115495061,0.00813533057851241,69.6614108211252,NA,NA,NA,NA,TRUE,TRUE,TRUE,FALSE,FALSE
1.2,31622.7766016838,4.5,0.125,1,0.1,1000,200,1,0,10,0.107,107,63.9345794392523,6.29345794392523,0.019375,45.1397357914473,0.0181206597222222,46.6759177441219,0.139421683215028,1.65455901276894,0.79888933436686,-0.855669678402081,TRUE,TRUE,TRUE,TRUE,TRUE
1.3,31622.7766016838,4.5,0.125,1,0.1,1000,200,1,0,10,0.07,70,40.1285714285714,3.91285714285714,0.0308984375,35.744696116623,0.0265347633136095,38.5720089881553,0.109466789984472,1.5532116092652,0.592493992239705,-0.960717617025497,TRUE,TRUE,TRUE,TRUE,TRUE
1.4,31622.7766016838,4.5,0.125,1,0.1,1000,200,1,0,10,0.037,37,47,4.6,0.04234375,30.5341060694568,0.0337213010204082,34.2158794660273,0.150651209160545,1.48478520991286,0.662757831681574,-0.822027378231282,TRUE,TRUE,TRUE,TRUE,TRUE
1.5,31622.7766016838,4.5,0.125,1,0.1,1000,200,1,0,10,0.022,22,30.9545454545455,2.99545454545455,0.0537109375,27.1111850875619,0.0399305555555556,31.4432328657257,0.110487776014956,1.4331485019309,0.476462733771804,-0.956685768159095,TRUE,TRUE,TRUE,TRUE,TRUE
1.6,31622.7766016838,4.5,0.125,1,0.1,1000,200,1,0,10,0.014,14,31.2857142857143,3.02857142857143,0.065,24.6446803760217,0.04534912109375,29.5049872379381,0.122889458591563,1.39172319003669,0.481237820914495,-0.910485369122193,TRUE,TRUE,TRUE,TRUE,TRUE
1.7,31622.7766016838,4.5,0.125,1,0.1,1000,200,1,0,10,0.011,11,24.5454545454545,2.35454545454545,0.0762109375,22.759945423258,0.0501189446366782,28.0658958762741,0.103451278584323,1.35717121631678,0.371907078923027,-0.985264137393754,TRUE,TRUE,TRUE,TRUE,TRUE
1.8,31622.7766016838,4.5,0.125,1,0.1,1000,200,1,0,10,0.005,5,27,2.6,0.08734375,21.2600338372702,0.0543499228395062,26.9513424563363,0.122295195760321,1.32756395140685,0.414973347970818,-0.912590603436029,TRUE,TRUE,TRUE,TRUE,TRUE
1.9,31622.7766016838,4.5,0.125,1,0.1,1000,200,1,0,10,0.007,7,18.1428571428571,1.71428571428571,0.0983984375,20.0302222098291,0.0581284626038781,26.0606623831857,0.0855849573872673,1.30168576726498,0.234083206033368,-1.06760256123162,TRUE,TRUE,TRUE,TRUE,TRUE
2,31622.7766016838,4.5,0.125,1,0.1,1000,200,1,0,10,0.007,7,98.2857142857143,9.72857142857143,0.109375,18.9985665875796,0.0615234375,25.3314221167728,0.512068707064012,1.27872083534293,0.988049071898528,-0.290671763444402,TRUE,TRUE,TRUE,TRUE,TRUE
2.1,31622.7766016838,4.5,0.125,1,0.1,1000,200,1,0,10,0.005,5,74.4,7.34,0.1202734375,18.1173638598121,0.0645904195011338,24.7226952667714,0.405136202860152,1.25809500656244,0.865696059916071,-0.39239894664637,TRUE,TRUE,TRUE,TRUE,TRUE
2.2,31622.7766016838,4.5,0.125,1,0.1,1000,200,1,0,10,0.023,23,261.913043478261,26.0913043478261,0.13109375,17.3535717168658,0.0673747417355372,24.2064616513699,1.50351205927643,1.23938887493571,1.4164957907485,0.177106915812795,TRUE,TRUE,TRUE,TRUE,TRUE
2.3,31622.7766016838,4.5,0.125,1,0.1,1000,200,1,0,10,0.082,82,250.670731707317,24.9670731707317,0.1418359375,16.6834831310346,0.069913752362949,23.7628519596109,1.4965144253533,1.22228672655759,1.3973676340493,0.175080907491708,TRUE,TRUE,TRUE,TRUE,TRUE
2.4,31622.7766016838,4.5,0.125,1,0.1,1000,200,1,0,10,0.195,195,247.764102564103,24.6764102564103,0.1525,16.0895888554298,0.0722384982638889,23.3773626389521,1.53368805617943,1.20654494651671,1.3922819819729,0.185737035456187,TRUE,TRUE,TRUE,TRUE,TRUE
2.5,31622.7766016838,4.5,0.125,1,0.1,1000,200,1,0,10,0.346,346,239.864161849711,23.8864161849711,0.1630859375,15.5586392480406,0.074375,23.0391461105651,1.53525098205354,1.19197161110423,1.37815099496355,0.186179383859316,TRUE,TRUE,TRUE,TRUE,TRUE
2.6,31622.7766016838,4.5,0.125,1,0.1,1000,200,1,0,10,0.488,488,230.104508196721,22.9104508196721,0.17359375,15.0803987760212,0.0763452292899408,22.7399191615557,1.51922049011735,1.17841282587962,1.36003363508942,0.1816208092098,TRUE,TRUE,TRUE,TRUE,TRUE
2.7,31622.7766016838,4.5,0.125,1,0.1,1000,200,1,0,10,0.66,660,221.672727272727,22.0672727272727,0.1840234375,14.6468184655769,0.0781678669410151,22.4732424862213,1.50662567294976,1.16574329889492,1.34374866244643,0.17800536355151,TRUE,TRUE,TRUE,TRUE,TRUE
2.8,31622.7766016838,4.5,0.125,1,0.1,1000,200,1,0,10,0.786,786,213.555979643766,21.2555979643766,0.194375,14.2514700733192,0.0798588966836735,22.2340314418974,1.49146704550642,1.15385966517266,1.32747332708607,0.173613661913416,TRUE,TRUE,TRUE,TRUE,TRUE
2.9,31622.7766016838,4.5,0.125,1,0.1,1000,200,1,0,10,0.868,868,208.463133640553,20.7463133640553,0.2046484375,13.8891494742915,0.0814320749108205,22.0182154960213,1.49370653706739,1.14267565179007,1.31694093343866,0.174265281648588,TRUE,TRUE,TRUE,TRUE,TRUE
3,31622.7766016838,4.5,0.125,1,0.1,1000,200,1,0,10,0.903,903,202.153931339978,20.1153931339978,0.21484375,13.5555925437809,0.0828993055555556,21.8224959773837,1.48391839523285,1.13211850626692,1.30352852481469,0.171410018547767,TRUE,TRUE,TRUE,TRUE,TRUE
3.1,31622.7766016838,4.5,0.125,1,0.1,1000,200,1,0,10,0.937,937,194.081109925294,19.3081109925294,0.2249609375,13.2472676740729,0.0842709417273673,21.6441704190118,1.45751648321551,1.12212631174909,1.28573978669236,0.163613474943273,TRUE,TRUE,TRUE,TRUE,TRUE
3.2,31622.7766016838,4.5,0.125,1,0.1,1000,200,1,0,10,0.967,967,189.171664943123,18.8171664943123,0.235,12.9612216400122,0.0855560302734375,21.4810029930603,1.45180500858209,1.11264593722225,1.27455422756464,0.161908290342394,TRUE,TRUE,TRUE,TRUE,TRUE
3.3,31622.7766016838,4.5,0.125,1,0.1,1000,200,1,0,10,0.994,994,185.405432595573,18.4405432595573,0.2449609375,12.6949633269277,0.0867625114784206,21.3311274682375,1.45258735962179,1.10363145062636,1.26577371124866,0.1621422606223,TRUE,TRUE,TRUE,TRUE,TRUE
3.4,31622.7766016838,4.5,0.125,1,0.1,1000,200,1,0,10,0.984,984,179.930894308943,17.8930894308943,0.25484375,12.4463747998286,0.0878973832179931,21.1929735150467,1.43761454388636,1.09504287482992,1.25268533257138,0.157642457741457,TRUE,TRUE,TRUE,TRUE,TRUE
3.5,31622.7766016838,4.5,0.125,1,0.1,1000,200,1,0,10,0.991,991,174.55297679112,17.355297679112,0.2646484375,12.2136424277827,0.0889668367346939,21.0652100360088,1.42097640255403,1.08684520124082,1.23943206711645,0.152586865875631,TRUE,TRUE,TRUE,TRUE,TRUE
3.6,31622.7766016838,4.5,0.125,1,0.1,1000,200,1,0,10,0.998,998,170.140280561122,16.9140280561122,0.274375,11.9952029294565,0.0899763695987654,20.9467010875204,1.41006602019017,1.07900759956502,1.228247046641,0.149239447075982,TRUE,TRUE,TRUE,TRUE,TRUE
3.7,31622.7766016838,4.5,0.125,1,0.1,1000,200,1,0,10,0.999,999,167.481481481481,16.6481481481481,0.2840234375,11.7897006647649,0.0909308802045289,20.8364712356443,1.41209252223879,1.07150277869211,1.22136593191026,0.149863153218153,TRUE,TRUE,TRUE,TRUE,TRUE
3.8,31622.7766016838,4.5,0.125,1,0.1,1000,200,1,0,10,0.998,998,164.040080160321,16.3040080160321,0.29359375,11.5959535038101,0.0918347472299169,20.733678064226,1.40600839859137,1.0643064652998,1.21229438018772,0.147987914887926,TRUE,TRUE,TRUE,TRUE,TRUE
3.9,31622.7766016838,4.5,0.125,1,0.1,1000,200,1,0,10,1,1000,161.144,16.0144,0.3030859375,11.4129253092895,0.0926918967784352,20.6375901649254,1.40318100451995,1.05739697508,1.20451067190583,0.147113696825838,TRUE,TRUE,TRUE,TRUE,TRUE
4,31622.7766016838,4.5,0.125,1,0.1,1000,200,1,0,10,0.999,999,159.322322322322,15.8322322322322,0.3125,11.2397035696652,0.093505859375,20.5475693713163,1.40859873519813,1.05075485751807,1.19954215161504,0.148787294096977,TRUE,TRUE,TRUE,TRUE,TRUE
4.1,31622.7766016838,4.5,0.125,1,0.1,1000,200,1,0,10,1,1000,156.09,15.509,0.3218359375,11.0754810813609,0.0942798185603807,20.4630563094406,1.40030034687164,1.04436259958519,1.19058379597718,0.146221196391985,TRUE,TRUE,TRUE,TRUE,TRUE
4.2,31622.7766016838,4.5,0.125,1,0.1,1000,200,1,0,10,1,1000,153.972,15.2972,0.33109375,10.9195408414784,0.0950166524943311,20.3835585624363,1.40090139522102,1.03820437699466,1.18461194481543,0.146407567820772,TRUE,TRUE,TRUE,TRUE,TRUE
4.3,31622.7766016838,4.5,0.125,1,0.1,1000,200,1,0,10,1,1000,151.934,15.0934,0.3402734375,10.7712435066819,0.0957189697133586,20.30864091226,1.40126810712587,1.03226584414436,1.17878708171816,0.146521237573799,TRUE,TRUE,TRUE,TRUE,TRUE
4.4,31622.7766016838,4.5,0.125,1,0.1,1000,200,1,0,10,1,1000,150.047,14.9047,0.349375,10.6300169186351,0.0963891399793388,20.2379172442684,1.40213323403758,1.02653395574287,1.17332323902978,0.146789283286919,TRUE,TRUE,TRUE,TRUE,TRUE
4.5,31622.7766016838,4.5,0.125,1,0.1,1000,200,1,0,10,1,1000,149.334,14.8334,0.3583984375,10.4953473053334,0.0970293209876543,20.1710437924249,1.41333102835598,1.02099681455198,1.17124070814219,0.150243893590219,TRUE,TRUE,TRUE,TRUE,TRUE
4.6,31622.7766016838,4.5,0.125,1,0.1,1000,200,1,0,10,1,1000,146.896,14.5896,0.36734375,10.36677185047,0.0976414815689981,20.1077134724829,1.40734263379574,1.01564354078759,1.16404338509605,0.148399844308458,TRUE,TRUE,TRUE,TRUE,TRUE
4.7,31622.7766016838,4.5,0.125,1,0.1,1000,200,1,0,10,1,1000,146.348,14.5348,0.3762109375,10.2438723864257,0.0982274219103667,20.0476511035989,1.41887749590285,1.01046415958394,1.16240906022107,0.151944900637127,TRUE,TRUE,TRUE,TRUE,TRUE
4.8,31622.7766016838,4.5,0.125,1,0.1,1000,200,1,0,10,1,1000,144.869,14.3869,0.385,10.1262700155043,0.0987887912326389,19.9906093596656,1.42075018520859,1.00544950360386,1.15796722493514,0.152517721331277,TRUE,TRUE,TRUE,TRUE,TRUE
4.9,31622.7766016838,4.5,0.125,1,0.1,1000,200,1,0,10,1,1000,143.679,14.2679,0.3937109375,10.0136205022067,0.0993271032902957,19.9363653233145,1.4248492837187,1.00059112841294,1.15436005681992,0.153768928406977,TRUE,TRUE,TRUE,TRUE,TRUE
5,31622.7766016838,4.5,0.125,1,0.1,1000,200,1,0,10,1,1000,142.682,14.1682,0.40234375,9.90561030927321,0.09984375,19.8847175402503,1.43032075335493,0.995881238661454,1.15131467877796,0.155433440116508,TRUE,TRUE,TRUE,TRUE,TRUE
1.1,56234.1325190349,4.75,0.125,1,0.1,1000,200,1,0,10,0.248,248,92.0967741935484,9.10967741935484,0.00777343750000001,71.2645115495061,0.00813533057851241,69.6614108211252,NA,NA,NA,NA,TRUE,TRUE,TRUE,FALSE,FALSE
1.2,56234.1325190349,4.75,0.125,1,0.1,1000,200,1,0,10,0.125,125,63.784,6.2784,0.019375,45.1397357914473,0.0181206597222222,46.6759177441219,0.139088098100689,1.65455901276894,0.797848981363836,-0.856710031405105,TRUE,TRUE,TRUE,TRUE,TRUE
1.3,56234.1325190349,4.75,0.125,1,0.1,1000,200,1,0,10,0.053,53,44.7924528301887,4.37924528301887,0.0308984375,35.744696116623,0.0265347633136095,38.5720089881553,0.122514547857138,1.5532116092652,0.641399270855129,-0.911812338410073,TRUE,TRUE,TRUE,TRUE,TRUE
1.4,56234.1325190349,4.75,0.125,1,0.1,1000,200,1,0,10,0.046,46,38.6739130434783,3.76739130434783,0.04234375,30.5341060694568,0.0337213010204082,34.2158794660273,0.123383055517592,1.48478520991286,0.576040731032343,-0.908744478880513,TRUE,TRUE,TRUE,TRUE,TRUE
1.5,56234.1325190349,4.75,0.125,1,0.1,1000,200,1,0,10,0.027,27,34.1481481481481,3.31481481481481,0.0537109375,27.1111850875619,0.0399305555555556,31.4432328657257,0.122267425939104,1.4331485019309,0.520459271156925,-0.912689230773974,TRUE,TRUE,TRUE,TRUE,TRUE
1.6,56234.1325190349,4.75,0.125,1,0.1,1000,200,1,0,10,0.025,25,27.68,2.668,0.065,24.6446803760217,0.04534912109375,29.5049872379381,0.108258657012077,1.39172319003669,0.426185825244511,-0.965537364792176,TRUE,TRUE,TRUE,TRUE,TRUE
1.7,56234.1325190349,4.75,0.125,1,0.1,1000,200,1,0,10,0.012,12,21.75,2.075,0.0762109375,22.759945423258,0.0501189446366782,28.0658958762741,0.0911689356635976,1.35717121631678,0.317018101048112,-1.04015311526867,TRUE,TRUE,TRUE,TRUE,TRUE
1.8,56234.1325190349,4.75,0.125,1,0.1,1000,200,1,0,10,0.005,5,29.8,2.88,0.08734375,21.2600338372702,0.0543499228395062,26.9513424563363,0.135465447611432,1.32756395140685,0.459392487759231,-0.868171463647616,TRUE,TRUE,TRUE,TRUE,TRUE
1.9,56234.1325190349,4.75,0.125,1,0.1,1000,200,1,0,10,0.002,2,14,1.3,0.0983984375,20.0302222098291,0.0581284626038781,26.0606623831857,0.0649019260186777,1.30168576726498,0.113943352306837,-1.18774241495815,TRUE,TRUE,TRUE,TRUE,TRUE
2,56234.1325190349,4.75,0.125,1,0.1,1000,200,1,0,10,0.003,3,8,0.7,0.109375,18.9985665875796,0.0615234375,25.3314221167728,0.0368448849429318,1.27872083534293,-0.154901959985743,-1.43362279532867,TRUE,TRUE,TRUE,TRUE,TRUE
2.1,56234.1325190349,4.75,0.125,1,0.1,1000,200,1,0,10,0.005,5,18.6,1.76,0.1202734375,18.1173638598121,0.0645904195011338,24.7226952667714,0.097144375617693,1.25809500656244,0.24551266781415,-1.01258233874829,TRUE,TRUE,TRUE,TRUE,TRUE
2.2,56234.1325190349,4.75,0.125,1,0.1,1000,200,1,0,10,0.005,5,73.4,7.24,0.13109375,17.3535717168658,0.0673747417355372,24.2064616513699,0.417205179321298,1.23938887493571,0.859738566197147,-0.379650308738561,TRUE,TRUE,TRUE,TRUE,TRUE
2.3,56234.1325190349,4.75,0.125,1,0.1,1000,200,1,0,10,0.017,17,222.235294117647,22.1235294117647,0.1418359375,16.6834831310346,0.069913752362949,23.7628519596109,1.32607377236535,1.22228672655759,1.34485441204413,0.122567685486532,TRUE,TRUE,TRUE,TRUE,TRUE
2.4,56234.1325190349,4.75,0.125,1,0.1,1000,200,1,0,10,0.082,82,247.414634146341,24.6414634146341,0.1525,16.0895888554298,0.0722384982638889,23.3773626389521,1.53151604034421,1.20654494651671,1.39166649626949,0.185121549752776,TRUE,TRUE,TRUE,TRUE,TRUE
2.5,56234.1325190349,4.75,0.125,1,0.1,1000,200,1,0,10,0.158,158,253.689873417722,25.2689873417722,0.1630859375,15.5586392480406,0.074375,23.0391461105651,1.62411294065799,1.19197161110423,1.4025878378561,0.210616226751869,TRUE,TRUE,TRUE,TRUE,TRUE
2.6,56234.1325190349,4.75,0.125,1,0.1,1000,200,1,0,10,0.316,316,248.832278481013,24.7832278481013,0.17359375,15.0803987760212,0.0763452292899408,22.7399191615557,1.64340666425268,1.17841282587962,1.39415786964799,0.215745043768368,TRUE,TRUE,TRUE,TRUE,TRUE
2.7,56234.1325190349,4.75,0.125,1,0.1,1000,200,1,0,10,0.477,477,238.895178197065,23.7895178197065,0.1840234375,14.6468184655769,0.0781678669410151,22.4732424862213,1.62421060079477,1.16574329889492,1.37638563958401,0.210642340689088,TRUE,TRUE,TRUE,TRUE,TRUE
2.8,56234.1325190349,4.75,0.125,1,0.1,1000,200,1,0,10,0.623,623,230.92937399679,22.992937399679,0.194375,14.2514700733192,0.0798588966836735,22.2340314418974,1.61337302617819,1.15385966517266,1.36159445691442,0.207734791741757,TRUE,TRUE,TRUE,TRUE,TRUE
2.9,56234.1325190349,4.75,0.125,1,0.1,1000,200,1,0,10,0.76,760,224.197368421053,22.3197368421053,0.2046484375,13.8891494742915,0.0814320749108205,22.0182154960213,1.60699090202885,1.14267565179007,1.34868906980428,0.206013418014216,TRUE,TRUE,TRUE,TRUE,TRUE
3,56234.1325190349,4.75,0.125,1,0.1,1000,200,1,0,10,0.858,858,213.32634032634,21.232634032634,0.21484375,13.5555925437809,0.0828993055555556,21.8224959773837,1.56633758089573,1.13211850626692,1.32700387428275,0.19488536801583,TRUE,TRUE,TRUE,TRUE,TRUE
3.1,56234.1325190349,4.75,0.125,1,0.1,1000,200,1,0,10,0.908,908,207.761013215859,20.6761013215859,0.2249609375,13.2472676740729,0.0842709417273673,21.6441704190118,1.56078233114081,1.12212631174909,1.31546865172635,0.193342339977261,TRUE,TRUE,TRUE,TRUE,TRUE
3.2,56234.1325190349,4.75,0.125,1,0.1,1000,200,1,0,10,0.937,937,203.553895410886,20.2553895410886,0.235,12.9612216400122,0.0855560302734375,21.4810029930603,1.5627685494212,1.11264593722225,1.30654059972491,0.193894662502667,TRUE,TRUE,TRUE,TRUE,TRUE
3.3,56234.1325190349,4.75,0.125,1,0.1,1000,200,1,0,10,0.968,968,196.691115702479,19.5691115702479,0.2449609375,12.6949633269277,0.0867625114784206,21.3311274682375,1.54148626240923,1.10363145062636,1.29157110931169,0.187939658685329,TRUE,TRUE,TRUE,TRUE,TRUE
3.4,56234.1325190349,4.75,0.125,1,0.1,1000,200,1,0,10,0.989,989,190.564206268959,18.9564206268959,0.25484375,12.4463747998286,0.0878973832179931,21.1929735150467,1.52304754852448,1.09504287482992,1.27775633676049,0.182713461930566,TRUE,TRUE,TRUE,TRUE,TRUE
3.5,56234.1325190349,4.75,0.125,1,0.1,1000,200,1,0,10,0.991,991,187.177598385469,18.6177598385469,0.2646484375,12.2136424277827,0.0889668367346939,21.0652100360088,1.52434132148789,1.08684520124082,1.26992742378355,0.183082222542731,TRUE,TRUE,TRUE,TRUE,TRUE
3.6,56234.1325190349,4.75,0.125,1,0.1,1000,200,1,0,10,0.993,993,182.551863041289,18.1551863041289,0.274375,11.9952029294565,0.0899763695987654,20.9467010875204,1.51353723741891,1.07900759956502,1.25900070989667,0.179993110331649,TRUE,TRUE,TRUE,TRUE,TRUE
3.7,56234.1325190349,4.75,0.125,1,0.1,1000,200,1,0,10,0.998,998,176.983967935872,17.5983967935872,0.2840234375,11.7897006647649,0.0909308802045289,20.8364712356443,1.49269241806812,1.07150277869211,1.24547310557482,0.173970326882716,TRUE,TRUE,TRUE,TRUE,TRUE
3.8,56234.1325190349,4.75,0.125,1,0.1,1000,200,1,0,10,0.999,999,174.183183183183,17.3183183183183,0.29359375,11.5959535038101,0.0918347472299169,20.733678064226,1.49347945493469,1.0643064652998,1.23850571790458,0.174199252604782,TRUE,TRUE,TRUE,TRUE,TRUE
3.9,56234.1325190349,4.75,0.125,1,0.1,1000,200,1,0,10,1,1000,171.575,17.0575,0.3030859375,11.4129253092895,0.0926918967784352,20.6375901649254,1.49457737939598,1.05739697508,1.23191537995194,0.174518404871947,TRUE,TRUE,TRUE,TRUE,TRUE
4,56234.1325190349,4.75,0.125,1,0.1,1000,200,1,0,10,1,1000,169.282,16.8282,0.3125,11.2397035696652,0.093505859375,20.5475693713163,1.49721030414162,1.05075485751807,1.22603766488407,0.175282807366006,TRUE,TRUE,TRUE,TRUE,TRUE
4.1,56234.1325190349,4.75,0.125,1,0.1,1000,200,1,0,10,1,1000,166.607,16.5607,0.3218359375,11.0754810813609,0.0942798185603807,20.4630563094406,1.49525784734265,1.04436259958519,1.21907868991941,0.174716090334215,TRUE,TRUE,TRUE,TRUE,TRUE
4.2,56234.1325190349,4.75,0.125,1,0.1,1000,200,1,0,10,1,1000,163.309,16.2309,0.33109375,10.9195408414784,0.0950166524943311,20.3835585624363,1.48640865358973,1.03820437699466,1.21034260203183,0.172138225037166,TRUE,TRUE,TRUE,TRUE,TRUE
4.3,56234.1325190349,4.75,0.125,1,0.1,1000,200,1,0,10,1,1000,160.74,15.974,0.3402734375,10.7712435066819,0.0957189697133586,20.30864091226,1.4830228274099,1.03226584414436,1.20341368009645,0.171147835952089,TRUE,TRUE,TRUE,TRUE,TRUE
4.4,56234.1325190349,4.75,0.125,1,0.1,1000,200,1,0,10,1,1000,159.36,15.836,0.349375,10.6300169186351,0.0963891399793388,20.2379172442684,1.48974363081572,1.02653395574287,1.19964549308017,0.173111537337301,TRUE,TRUE,TRUE,TRUE,TRUE
4.5,56234.1325190349,4.75,0.125,1,0.1,1000,200,1,0,10,1,1000,157.674,15.6674,0.3583984375,10.4953473053334,0.0970293209876543,20.1710437924249,1.49279481128159,1.02099681455198,1.19499693141817,0.174000116866192,TRUE,TRUE,TRUE,TRUE,TRUE
4.6,56234.1325190349,4.75,0.125,1,0.1,1000,200,1,0,10,1,1000,155.439,15.4439,0.36734375,10.36677185047,0.0976414815689981,20.1077134724829,1.48975015778898,1.01564354078759,1.18875698088332,0.173113440095736,TRUE,TRUE,TRUE,TRUE,TRUE
4.7,56234.1325190349,4.75,0.125,1,0.1,1000,200,1,0,10,1,1000,154.952,15.3952,0.3762109375,10.2438723864257,0.0982274219103667,20.0476511035989,1.50286917088116,1.01046415958394,1.18738533522247,0.176921175638529,TRUE,TRUE,TRUE,TRUE,TRUE
4.8,56234.1325190349,4.75,0.125,1,0.1,1000,200,1,0,10,1,1000,152.802,15.1802,0.385,10.1262700155043,0.0987887912326389,19.9906093596656,1.49909097592278,1.00544950360386,1.1812774934517,0.175827989847836,TRUE,TRUE,TRUE,TRUE,TRUE
4.9,56234.1325190349,4.75,0.125,1,0.1,1000,200,1,0,10,1,1000,151.547,15.0547,0.3937109375,10.0136205022067,0.0993271032902957,19.9363653233145,1.50342226337442,1.00059112841294,1.17767210560483,0.177080977191882,TRUE,TRUE,TRUE,TRUE,TRUE
5,56234.1325190349,4.75,0.125,1,0.1,1000,200,1,0,10,1,1000,149.896,14.8896,0.40234375,9.90561030927321,0.09984375,19.8847175402503,1.5031481690796,0.995881238661454,1.17288303085317,0.17700179219172,TRUE,TRUE,TRUE,TRUE,TRUE
1.1,1e+05,5,0.125,1,0.1,1000,200,1,0,10,0.253,253,82.00395256917,8.100395256917,0.00777343750000001,71.2645115495061,0.00813533057851241,69.6614108211252,NA,NA,NA,NA,TRUE,TRUE,TRUE,FALSE,FALSE
1.2,1e+05,5,0.125,1,0.1,1000,200,1,0,10,0.115,115,65.2347826086957,6.42347826086957,0.019375,45.1397357914473,0.0181206597222222,46.6759177441219,0.142302079271067,1.65455901276894,0.807770258667375,-0.846788754101566,TRUE,TRUE,TRUE,TRUE,TRUE
1.3,1e+05,5,0.125,1,0.1,1000,200,1,0,10,0.06,60,52.7166666666667,5.17166666666667,0.0308984375,35.744696116623,0.0265347633136095,38.5720089881553,0.144683469955745,1.5532116092652,0.713630525200522,-0.839581084064679,TRUE,TRUE,TRUE,TRUE,TRUE
1.4,1e+05,5,0.125,1,0.1,1000,200,1,0,10,0.049,49,38.6326530612245,3.76326530612245,0.04234375,30.5341060694568,0.0337213010204082,34.2158794660273,0.123247927991147,1.48478520991286,0.575564836689097,-0.909220373223759,TRUE,TRUE,TRUE,TRUE,TRUE
1.5,1e+05,5,0.125,1,0.1,1000,200,1,0,10,0.014,14,32.1428571428571,3.11428571428571,0.0537109375,27.1111850875619,0.0399305555555556,31.4432328657257,0.114870880938159,1.4331485019309,0.493358453590348,-0.939790048340551,TRUE,TRUE,TRUE,TRUE,TRUE
1.6,1e+05,5,0.125,1,0.1,1000,200,1,0,10,0.01,10,24.6,2.36,0.065,24.6446803760217,0.04534912109375,29.5049872379381,0.0957610309402182,1.39172319003669,0.372912002970107,-1.01881118706658,TRUE,TRUE,TRUE,TRUE,TRUE
1.7,1e+05,5,0.125,1,0.1,1000,200,1,0,10,0.007,7,24.4285714285714,2.34285714285714,0.0762109375,22.759945423258,0.0501189446366782,28.0658958762741,0.102937731145129,1.35717121631678,0.369745808033441,-0.98742540828334,TRUE,TRUE,TRUE,TRUE,TRUE
1.8,1e+05,5,0.125,1,0.1,1000,200,1,0,10,0.01,10,16,1.5,0.08734375,21.2600338372702,0.0543499228395062,26.9513424563363,0.0705549206309542,1.32756395140685,0.176091259055681,-1.15147269235117,TRUE,TRUE,TRUE,TRUE,TRUE
1.9,1e+05,5,0.125,1,0.1,1000,200,1,0,10,0.004,4,18.75,1.775,0.0983984375,20.0302222098291,0.0581284626038781,26.0606623831857,0.088616091294733,1.30168576726498,0.249198357391113,-1.05248740987387,TRUE,TRUE,TRUE,TRUE,TRUE
2,1e+05,5,0.125,1,0.1,1000,200,1,0,10,0.004,4,12.25,1.125,0.109375,18.9985665875796,0.0615234375,25.3314221167728,0.0592149936582833,1.27872083534293,0.0511525224473813,-1.22756831289555,TRUE,TRUE,TRUE,TRUE,TRUE
2.1,1e+05,5,0.125,1,0.1,1000,200,1,0,10,0.006,6,14.8333333333333,1.38333333333333,0.1202734375,18.1173638598121,0.0645904195011338,24.7226952667714,0.0763540073510277,1.25809500656244,0.14092684199243,-1.11716816457001,TRUE,TRUE,TRUE,TRUE,TRUE
2.2,1e+05,5,0.125,1,0.1,1000,200,1,0,10,0,0,NA,NA,0.13109375,17.3535717168658,0.0673747417355372,24.2064616513699,NA,NA,NA,NA,TRUE,TRUE,FALSE,TRUE,FALSE
2.3,1e+05,5,0.125,1,0.1,1000,200,1,0,10,0.004,4,87.75,8.675,0.1418359375,16.6834831310346,0.069913752362949,23.7628519596109,0.519975351182078,1.22228672655759,0.938269483462911,-0.284017243094682,TRUE,TRUE,TRUE,TRUE,TRUE
2.4,1e+05,5,0.125,1,0.1,1000,200,1,0,10,0.008,8,249.375,24.8375,0.1525,16.0895888554298,0.0722384982638889,23.3773626389521,1.54370010465607,1.20654494651671,1.39510788011787,0.188562933601159,TRUE,TRUE,TRUE,TRUE,TRUE
2.5,1e+05,5,0.125,1,0.1,1000,200,1,0,10,0.027,27,247.925925925926,24.6925925925926,0.1630859375,15.5586392480406,0.074375,23.0391461105651,1.58706633651797,1.19197161110423,1.39256669096658,0.200595079862347,TRUE,TRUE,TRUE,TRUE,TRUE
2.6,1e+05,5,0.125,1,0.1,1000,200,1,0,10,0.111,111,262.540540540541,26.1540540540541,0.17359375,15.0803987760212,0.0763452292899408,22.7399191615557,1.73430785501777,1.17841282587962,1.41753901698308,0.239126191103455,TRUE,TRUE,TRUE,TRUE,TRUE
2.7,1e+05,5,0.125,1,0.1,1000,200,1,0,10,0.252,252,254.956349206349,25.3956349206349,0.1840234375,14.6468184655769,0.0781678669410151,22.4732424862213,1.73386698144174,1.16574329889492,1.40475907517136,0.239015776276436,TRUE,TRUE,TRUE,TRUE,TRUE
2.8,1e+05,5,0.125,1,0.1,1000,200,1,0,10,0.436,436,247.497706422018,24.6497706422018,0.194375,14.2514700733192,0.0798588966836735,22.2340314418974,1.72963003222732,1.15385966517266,1.39181288266844,0.237953217495781,TRUE,TRUE,TRUE,TRUE,TRUE
2.9,1e+05,5,0.125,1,0.1,1000,200,1,0,10,0.595,595,238.005042016807,23.7005042016807,0.2046484375,13.8891494742915,0.0814320749108205,22.0182154960213,1.70640428670955,1.14267565179007,1.37475758523704,0.232081933446977,TRUE,TRUE,TRUE,TRUE,TRUE
3,1e+05,5,0.125,1,0.1,1000,200,1,0,10,0.733,733,229.743519781719,22.8743519781719,0.21484375,13.5555925437809,0.0828993055555556,21.8224959773837,1.68744759067476,1.13211850626692,1.35934879951267,0.227230293245754,TRUE,TRUE,TRUE,TRUE,TRUE
3.1,1e+05,5,0.125,1,0.1,1000,200,1,0,10,0.828,828,223.952898550725,22.2952898550725,0.2249609375,13.2472676740729,0.0842709417273673,21.6441704190118,1.68301044438831,1.12212631174909,1.34821312286819,0.226086811119102,TRUE,TRUE,TRUE,TRUE,TRUE
3.2,1e+05,5,0.125,1,0.1,1000,200,1,0,10,0.902,902,216.854767184035,21.5854767184035,0.235,12.9612216400122,0.0855560302734375,21.4810029930603,1.6653890596059,1.11264593722225,1.33416164455522,0.22151570733297,TRUE,TRUE,TRUE,TRUE,TRUE
3.3,1e+05,5,0.125,1,0.1,1000,200,1,0,10,0.939,939,209.947816826411,20.8947816826411,0.2449609375,12.6949633269277,0.0867625114784206,21.3311274682375,1.64591114952814,1.10363145062636,1.32003783781419,0.216406387187829,TRUE,TRUE,TRUE,TRUE,TRUE
3.4,1e+05,5,0.125,1,0.1,1000,200,1,0,10,0.962,962,203.340956340956,20.2340956340956,0.25484375,12.4463747998286,0.0878973832179931,21.1929735150467,1.62570193807551,1.09504287482992,1.3060837983051,0.211040923475178,TRUE,TRUE,TRUE,TRUE,TRUE
3.5,1e+05,5,0.125,1,0.1,1000,200,1,0,10,0.984,984,198.705284552846,19.7705284552846,0.2646484375,12.2136424277827,0.0889668367346939,21.0652100360088,1.61872500952803,1.08684520124082,1.29601827791998,0.209173076679162,TRUE,TRUE,TRUE,TRUE,TRUE
3.6,1e+05,5,0.125,1,0.1,1000,200,1,0,10,0.984,984,194.053861788618,19.3053861788618,0.274375,11.9952029294565,0.0899763695987654,20.9467010875204,1.60942555890019,1.07900759956502,1.28567849353693,0.206670893971908,TRUE,TRUE,TRUE,TRUE,TRUE
3.7,1e+05,5,0.125,1,0.1,1000,200,1,0,10,0.995,995,188.886432160804,18.7886432160804,0.2840234375,11.7897006647649,0.0909308802045289,20.8364712356443,1.59364887628002,1.07150277869211,1.27389541953403,0.202392640841924,TRUE,TRUE,TRUE,TRUE,TRUE
3.8,1e+05,5,0.125,1,0.1,1000,200,1,0,10,0.998,998,184.537074148297,18.3537074148297,0.29359375,11.5959535038101,0.0918347472299169,20.733678064226,1.58276828281513,1.0643064652998,1.26372380412882,0.199417338829026,TRUE,TRUE,TRUE,TRUE,TRUE
3.9,1e+05,5,0.125,1,0.1,1000,200,1,0,10,0.999,999,181.836836836837,18.0836836836837,0.3030859375,11.4129253092895,0.0926918967784352,20.6375901649254,1.58449154740061,1.05739697508,1.25728690183316,0.199889926753164,TRUE,TRUE,TRUE,TRUE,TRUE
4,1e+05,5,0.125,1,0.1,1000,200,1,0,10,0.998,998,178.483967935872,17.7483967935872,0.3125,11.2397035696652,0.093505859375,20.5475693713163,1.57908050542261,1.05075485751807,1.24915912949567,0.198404271977601,TRUE,TRUE,TRUE,TRUE,TRUE
4.1,1e+05,5,0.125,1,0.1,1000,200,1,0,10,1,1000,175.885,17.4885,0.3218359375,11.0754810813609,0.0942798185603807,20.4630563094406,1.57902847483814,1.04436259958519,1.24275256135636,0.198389961771164,TRUE,TRUE,TRUE,TRUE,TRUE
4.2,1e+05,5,0.125,1,0.1,1000,200,1,0,10,1,1000,173.191,17.2191,0.33109375,10.9195408414784,0.0950166524943311,20.3835585624363,1.57690696431048,1.03820437699466,1.23601044820658,0.197806071211923,TRUE,TRUE,TRUE,TRUE,TRUE
4.3,1e+05,5,0.125,1,0.1,1000,200,1,0,10,1,1000,170.827,16.9827,0.3402734375,10.7712435066819,0.0957189697133586,20.30864091226,1.57667032496896,1.03226584414436,1.23000673784454,0.197740893700172,TRUE,TRUE,TRUE,TRUE,TRUE
4.4,1e+05,5,0.125,1,0.1,1000,200,1,0,10,1,1000,168.044,16.7044,0.349375,10.6300169186351,0.0963891399793388,20.2379172442684,1.57143682158362,1.02653395574287,1.22283088096973,0.196296925226862,TRUE,TRUE,TRUE,TRUE,TRUE
4.5,1e+05,5,0.125,1,0.1,1000,200,1,0,10,1,1000,166.279,16.5279,0.3583984375,10.4953473053334,0.0970293209876543,20.1710437924249,1.57478352256157,1.02099681455198,1.21821767653883,0.197220861986857,TRUE,TRUE,TRUE,TRUE,TRUE
4.6,1e+05,5,0.125,1,0.1,1000,200,1,0,10,1,1000,165.207,16.4207,0.36734375,10.36677185047,0.0976414815689981,20.1077134724829,1.58397428214411,1.01564354078759,1.21539166676987,0.199748125982281,TRUE,TRUE,TRUE,TRUE,TRUE
4.7,1e+05,5,0.125,1,0.1,1000,200,1,0,10,1,1000,162.486,16.1486,0.3762109375,10.2438723864257,0.0982274219103667,20.0476511035989,1.57641557712089,1.01046415958394,1.20813487721637,0.197670717632427,TRUE,TRUE,TRUE,TRUE,TRUE
4.8,1e+05,5,0.125,1,0.1,1000,200,1,0,10,1,1000,159.985,15.8985,0.385,10.1262700155043,0.0987887912326389,19.9906093596656,1.57002528825103,1.00544950360386,1.20135615121019,0.195906647606325,TRUE,TRUE,TRUE,TRUE,TRUE
4.9,1e+05,5,0.125,1,0.1,1000,200,1,0,10,1,1000,159.797,15.8797,0.3937109375,10.0136205022067,0.0993271032902957,19.9363653233145,1.58581004707545,1.00059112841294,1.20084229345787,0.200251165044931,TRUE,TRUE,TRUE,TRUE,TRUE
5,1e+05,5,0.125,1,0.1,1000,200,1,0,10,1,1000,159.078,15.8078,0.40234375,9.90561030927321,0.09984375,19.8847175402503,1.59584311379597,0.995881238661454,1.19887143259237,0.20299019393092,TRUE,TRUE,TRUE,TRUE,TRUE
1.1,177827.941003892,5.25,0.125,1,0.1,1000,200,1,0,10,0.255,255,79.3333333333333,7.83333333333333,0.00777343750000001,71.2645115495061,0.00813533057851241,69.6614108211252,NA,NA,NA,NA,TRUE,TRUE,TRUE,FALSE,FALSE
1.2,177827.941003892,5.25,0.125,1,0.1,1000,200,1,0,10,0.101,101,64.4653465346535,6.34653465346535,0.019375,45.1397357914473,0.0181206597222222,46.6759177441219,0.140597514411412,1.65455901276894,0.802536655736175,-0.852022357032766,TRUE,TRUE,TRUE,TRUE,TRUE
1.3,177827.941003892,5.25,0.125,1,0.1,1000,200,1,0,10,0.064,64,37.515625,3.6515625,0.0308984375,35.744696116623,0.0265347633136095,38.5720089881553,0.102156764407401,1.5532116092652,0.56247873840834,-0.990732870856862,TRUE,TRUE,TRUE,TRUE,TRUE
1.4,177827.941003892,5.25,0.125,1,0.1,1000,200,1,0,10,0.028,28,42.2857142857143,4.12857142857143,0.04234375,30.5341060694568,0.0337213010204082,34.2158794660273,0.135211799526079,1.48478520991286,0.615799802742291,-0.868985407170565,TRUE,TRUE,TRUE,TRUE,TRUE
1.5,177827.941003892,5.25,0.125,1,0.1,1000,200,1,0,10,0.022,22,28,2.7,0.0537109375,27.1111850875619,0.0399305555555556,31.4432328657257,0.099589892189505,1.4331485019309,0.431363764158987,-1.00178473777191,TRUE,TRUE,TRUE,TRUE,TRUE
1.6,177827.941003892,5.25,0.125,1,0.1,1000,200,1,0,10,0.012,12,33.75,3.275,0.065,24.6446803760217,0.04534912109375,29.5049872379381,0.132888718783566,1.39172319003669,0.515211304327802,-0.876511885708885,TRUE,TRUE,TRUE,TRUE,TRUE
1.7,177827.941003892,5.25,0.125,1,0.1,1000,200,1,0,10,0.007,7,18.1428571428571,1.71428571428571,0.0762109375,22.759945423258,0.0501189446366782,28.0658958762741,0.0753202910818018,1.35717121631678,0.234083206033368,-1.12308801028341,TRUE,TRUE,TRUE,TRUE,TRUE
1.8,177827.941003892,5.25,0.125,1,0.1,1000,200,1,0,10,0.007,7,27.1428571428571,2.61428571428571,0.08734375,21.2600338372702,0.0543499228395062,26.9513424563363,0.122967147385377,1.32756395140685,0.417353049716173,-0.910210901690674,TRUE,TRUE,TRUE,TRUE,TRUE
1.9,177827.941003892,5.25,0.125,1,0.1,1000,200,1,0,10,0.009,9,18.4444444444444,1.74444444444444,0.0983984375,20.0302222098291,0.0581284626038781,26.0606623831857,0.0870906186746359,1.30168576726498,0.241657142969909,-1.06002862429507,TRUE,TRUE,TRUE,TRUE,TRUE
2,177827.941003892,5.25,0.125,1,0.1,1000,200,1,0,10,0.006,6,26.3333333333333,2.53333333333333,0.109375,18.9985665875796,0.0615234375,25.3314221167728,0.133343393126801,1.27872083534293,0.403692337561129,-0.875028497781801,TRUE,TRUE,TRUE,TRUE,TRUE
2.1,177827.941003892,5.25,0.125,1,0.1,1000,200,1,0,10,0.003,3,14.3333333333333,1.33333333333333,0.1202734375,18.1173638598121,0.0645904195011338,24.7226952667714,0.0735942239527978,1.25809500656244,0.1249387366083,-1.13315626995414,TRUE,TRUE,TRUE,TRUE,TRUE
2.2,177827.941003892,5.25,0.125,1,0.1,1000,200,1,0,10,0.003,3,15,1.4,0.13109375,17.3535717168658,0.0673747417355372,24.2064616513699,0.0806750346753891,1.23938887493571,0.146128035678238,-1.09326083925747,TRUE,TRUE,TRUE,TRUE,TRUE
2.3,177827.941003892,5.25,0.125,1,0.1,1000,200,1,0,10,0.002,2,11,1,0.1418359375,16.6834831310346,0.069913752362949,23.7628519596109,0.0599395217500954,1.22228672655759,0,-1.22228672655759,TRUE,TRUE,TRUE,TRUE,TRUE
2.4,177827.941003892,5.25,0.125,1,0.1,1000,200,1,0,10,0.002,2,10,0.9,0.1525,16.0895888554298,0.0722384982638889,23.3773626389521,0.0559367929216088,1.20654494651671,-0.0457574905606751,-1.25230243707739,TRUE,TRUE,TRUE,TRUE,TRUE
2.5,177827.941003892,5.25,0.125,1,0.1,1000,200,1,0,10,0.001,1,24,2.3,0.1630859375,15.5586392480406,0.074375,23.0391461105651,0.147827837854756,1.19197161110423,0.361727836017593,-0.830243775086636,TRUE,TRUE,TRUE,TRUE,TRUE
2.6,177827.941003892,5.25,0.125,1,0.1,1000,200,1,0,10,0.031,31,267.483870967742,26.6483870967742,0.17359375,15.0803987760212,0.0763452292899408,22.7399191615557,1.7670876939373,1.17841282587962,1.42567092832812,0.247258102448496,TRUE,TRUE,TRUE,TRUE,TRUE
2.7,177827.941003892,5.25,0.125,1,0.1,1000,200,1,0,10,0.08,80,271.85,27.085,0.1840234375,14.6468184655769,0.0781678669410151,22.4732424862213,1.84920705227934,1.16574329889492,1.43272883992322,0.266985541028299,TRUE,TRUE,TRUE,TRUE,TRUE
2.8,177827.941003892,5.25,0.125,1,0.1,1000,200,1,0,10,0.216,216,265.199074074074,26.4199074074074,0.194375,14.2514700733192,0.0798588966836735,22.2340314418974,1.85383734249769,1.15385966517266,1.42193129122997,0.268071626057307,TRUE,TRUE,TRUE,TRUE,TRUE
2.9,177827.941003892,5.25,0.125,1,0.1,1000,200,1,0,10,0.382,382,253.620418848168,25.2620418848168,0.2046484375,13.8891494742915,0.0814320749108205,22.0182154960213,1.81883289049313,1.14267565179007,1.40246845086972,0.259792799079651,TRUE,TRUE,TRUE,TRUE,TRUE
3,177827.941003892,5.25,0.125,1,0.1,1000,200,1,0,10,0.58,580,247.163793103448,24.6163793103448,0.21484375,13.5555925437809,0.0828993055555556,21.8224959773837,1.81595745304682,1.13211850626692,1.39122417527387,0.259105669006954,TRUE,TRUE,TRUE,TRUE,TRUE
3.1,177827.941003892,5.25,0.125,1,0.1,1000,200,1,0,10,0.738,738,237.994579945799,23.6994579945799,0.2249609375,13.2472676740729,0.0842709417273673,21.6441704190118,1.78900725626339,1.12212631174909,1.37473841383058,0.252612102081492,TRUE,TRUE,TRUE,TRUE,TRUE
3.2,177827.941003892,5.25,0.125,1,0.1,1000,200,1,0,10,0.831,831,230.797833935018,22.9797833935018,0.235,12.9612216400122,0.0855560302734375,21.4810029930603,1.77296431090736,1.11264593722225,1.36134593072954,0.248699993507293,TRUE,TRUE,TRUE,TRUE,TRUE
3.3,177827.941003892,5.25,0.125,1,0.1,1000,200,1,0,10,0.88,880,225.206818181818,22.4206818181818,0.2449609375,12.6949633269277,0.0867625114784206,21.3311274682375,1.76610843535284,1.10363145062636,1.35064881545662,0.247017364830252,TRUE,TRUE,TRUE,TRUE,TRUE
3.4,177827.941003892,5.25,0.125,1,0.1,1000,200,1,0,10,0.929,929,216.139935414424,21.5139935414424,0.25484375,12.4463747998286,0.0878973832179931,21.1929735150467,1.72853492582745,1.09504287482992,1.3327210339128,0.237678159082878,TRUE,TRUE,TRUE,TRUE,TRUE
3.5,177827.941003892,5.25,0.125,1,0.1,1000,200,1,0,10,0.971,971,211.099897013388,21.0099897013388,0.2646484375,12.2136424277827,0.0889668367346939,21.0652100360088,1.72020671356374,1.08684520124082,1.32242583952386,0.23558063828304,TRUE,TRUE,TRUE,TRUE,TRUE
3.6,177827.941003892,5.25,0.125,1,0.1,1000,200,1,0,10,0.979,979,206.055158324821,20.5055158324821,0.274375,11.9952029294565,0.0899763695987654,20.9467010875204,1.70947635926416,1.07900759956502,1.31187069878238,0.232863099217366,TRUE,TRUE,TRUE,TRUE,TRUE
3.7,177827.941003892,5.25,0.125,1,0.1,1000,200,1,0,10,0.991,991,202.264379414733,20.1264379414733,0.2840234375,11.7897006647649,0.0909308802045289,20.8364712356443,1.70712035137787,1.07150277869211,1.30376691849273,0.232264139800625,TRUE,TRUE,TRUE,TRUE,TRUE
3.8,177827.941003892,5.25,0.125,1,0.1,1000,200,1,0,10,0.994,994,196.144869215292,19.5144869215292,0.29359375,11.5959535038101,0.0918347472299169,20.733678064226,1.68287040087882,1.0643064652998,1.29035713721717,0.226050671917372,TRUE,TRUE,TRUE,TRUE,TRUE
3.9,177827.941003892,5.25,0.125,1,0.1,1000,200,1,0,10,0.997,997,192.627883650953,19.1627883650953,0.3030859375,11.4129253092895,0.0926918967784352,20.6375901649254,1.67904265083535,1.05739697508,1.28245870325329,0.225061728173295,TRUE,TRUE,TRUE,TRUE,TRUE
4,177827.941003892,5.25,0.125,1,0.1,1000,200,1,0,10,0.997,997,189.806419257773,18.8806419257773,0.3125,11.2397035696652,0.093505859375,20.5475693713163,1.67981671480503,1.05075485751807,1.27601675585631,0.225261898338241,TRUE,TRUE,TRUE,TRUE,TRUE
4.1,177827.941003892,5.25,0.125,1,0.1,1000,200,1,0,10,0.998,998,186.188376753507,18.5188376753507,0.3218359375,11.0754810813609,0.0942798185603807,20.4630563094406,1.6720571810209,1.04436259958519,1.26761372494729,0.223251125362098,TRUE,TRUE,TRUE,TRUE,TRUE
4.2,177827.941003892,5.25,0.125,1,0.1,1000,200,1,0,10,1,1000,182.946,18.1946,0.33109375,10.9195408414784,0.0950166524943311,20.3835585624363,1.66624222246479,1.03820437699466,1.25994251226068,0.221738135266021,TRUE,TRUE,TRUE,TRUE,TRUE
4.3,177827.941003892,5.25,0.125,1,0.1,1000,200,1,0,10,0.998,998,180.122244488978,17.9122244488978,0.3402734375,10.7712435066819,0.0957189697133586,20.30864091226,1.66296718088176,1.03226584414436,1.25314952252648,0.220883678382119,TRUE,TRUE,TRUE,TRUE,TRUE
4.4,177827.941003892,5.25,0.125,1,0.1,1000,200,1,0,10,1,1000,177.171,17.6171,0.349375,10.6300169186351,0.0963891399793388,20.2379172442684,1.65729745633011,1.02653395574287,1.24593441953273,0.219400463789863,TRUE,TRUE,TRUE,TRUE,TRUE
4.5,177827.941003892,5.25,0.125,1,0.1,1000,200,1,0,10,1,1000,174.865,17.3865,0.3583984375,10.4953473053334,0.0970293209876543,20.1710437924249,1.65659120124255,1.02099681455198,1.2402121648853,0.219215350333327,TRUE,TRUE,TRUE,TRUE,TRUE
4.6,177827.941003892,5.25,0.125,1,0.1,1000,200,1,0,10,1,1000,174.093,17.3093,0.36734375,10.36677185047,0.0976414815689981,20.1077134724829,1.66969045423868,1.01564354078759,1.23827950506289,0.222635964275306,TRUE,TRUE,TRUE,TRUE,TRUE
4.7,177827.941003892,5.25,0.125,1,0.1,1000,200,1,0,10,1,1000,171.82,17.082,0.3762109375,10.2438723864257,0.0982274219103667,20.0476511035989,1.6675334634816,1.01046415958394,1.2325387175306,0.222074557946657,TRUE,TRUE,TRUE,TRUE,TRUE
4.8,177827.941003892,5.25,0.125,1,0.1,1000,200,1,0,10,1,1000,170.598,16.9598,0.385,10.1262700155043,0.0987887912326389,19.9906093596656,1.67483189506431,1.00544950360386,1.22942072649331,0.223971222889441,TRUE,TRUE,TRUE,TRUE,TRUE
4.9,177827.941003892,5.25,0.125,1,0.1,1000,200,1,0,10,1,1000,167.593,16.6593,0.3937109375,10.0136205022067,0.0993271032902957,19.9363653233145,1.66366400607341,1.00059112841294,1.2216567490201,0.221065620607154,TRUE,TRUE,TRUE,TRUE,TRUE
5,177827.941003892,5.25,0.125,1,0.1,1000,200,1,0,10,1,1000,167.356,16.6356,0.40234375,9.90561030927321,0.09984375,19.8847175402503,1.67941191714623,0.995881238661454,1.22103846928599,0.225157230624539,TRUE,TRUE,TRUE,TRUE,TRUE
1.1,316227.766016838,5.5,0.125,1,0.1,1000,200,1,0,10,0.247,247,82.0688259109312,8.10688259109312,0.00777343750000001,71.2645115495061,0.00813533057851241,69.6614108211252,NA,NA,NA,NA,TRUE,TRUE,TRUE,FALSE,FALSE
1.2,316227.766016838,5.5,0.125,1,0.1,1000,200,1,0,10,0.116,116,58.2844827586207,5.72844827586207,0.019375,45.1397357914473,0.0181206597222222,46.6759177441219,0.126904780797309,1.65455901276894,0.758036996051832,-0.896522016717109,TRUE,TRUE,TRUE,TRUE,TRUE
1.3,316227.766016838,5.5,0.125,1,0.1,1000,200,1,0,10,0.069,69,45.8550724637681,4.48550724637681,0.0308984375,35.744696116623,0.0265347633136095,38.5720089881553,0.125487351514812,1.5532116092652,0.651811562618882,-0.90140004664632,TRUE,TRUE,TRUE,TRUE,TRUE
1.4,316227.766016838,5.5,0.125,1,0.1,1000,200,1,0,10,0.04,40,39.7,3.87,0.04234375,30.5341060694568,0.0337213010204082,34.2158794660273,0.126743517272024,1.48478520991286,0.587710965018912,-0.897074244893944,TRUE,TRUE,TRUE,TRUE,TRUE
1.5,316227.766016838,5.5,0.125,1,0.1,1000,200,1,0,10,0.018,18,31.8333333333333,3.08333333333333,0.0537109375,27.1111850875619,0.0399305555555556,31.4432328657257,0.113729197870731,1.4331485019309,0.48902047801937,-0.944128023911529,TRUE,TRUE,TRUE,TRUE,TRUE
1.6,316227.766016838,5.5,0.125,1,0.1,1000,200,1,0,10,0.018,18,29,2.8,0.065,24.6446803760217,0.04534912109375,29.5049872379381,0.113614782471445,1.39172319003669,0.447158031342219,-0.944565158694468,TRUE,TRUE,TRUE,TRUE,TRUE
1.7,316227.766016838,5.5,0.125,1,0.1,1000,200,1,0,10,0.004,4,38.25,3.725,0.0762109375,22.759945423258,0.0501189446366782,28.0658958762741,0.163664715829832,1.35717121631678,0.571126277084312,-0.786044939232469,TRUE,TRUE,TRUE,TRUE,TRUE
1.8,316227.766016838,5.5,0.125,1,0.1,1000,200,1,0,10,0.007,7,31.8571428571429,3.08571428571429,0.08734375,21.2600338372702,0.0543499228395062,26.9513424563363,0.145141551012249,1.32756395140685,0.489355711136674,-0.838208240270173,TRUE,TRUE,TRUE,TRUE,TRUE
1.9,316227.766016838,5.5,0.125,1,0.1,1000,200,1,0,10,0.007,7,14.2857142857143,1.32857142857143,0.0983984375,20.0302222098291,0.0581284626038781,26.0606623831857,0.0663283419751322,1.30168576726498,0.123384908539678,-1.1783008587253,TRUE,TRUE,TRUE,TRUE,TRUE
2,316227.766016838,5.5,0.125,1,0.1,1000,200,1,0,10,0.004,4,14.5,1.35,0.109375,18.9985665875796,0.0615234375,25.3314221167728,0.07105799238994,1.27872083534293,0.130333768495006,-1.14838706684792,TRUE,TRUE,TRUE,TRUE,TRUE
2.1,316227.766016838,5.5,0.125,1,0.1,1000,200,1,0,10,0.006,6,19.3333333333333,1.83333333333333,0.1202734375,18.1173638598121,0.0645904195011338,24.7226952667714,0.101192057935097,1.25809500656244,0.263241434774581,-0.994853571787859,TRUE,TRUE,TRUE,TRUE,TRUE
2.2,316227.766016838,5.5,0.125,1,0.1,1000,200,1,0,10,0.001,1,2,0.1,0.13109375,17.3535717168658,0.0673747417355372,24.2064616513699,0.00576250247681351,1.23938887493571,-1,-2.23938887493571,TRUE,TRUE,TRUE,TRUE,TRUE
2.3,316227.766016838,5.5,0.125,1,0.1,1000,200,1,0,10,0.005,5,10.6,0.96,0.1418359375,16.6834831310346,0.069913752362949,23.7628519596109,0.0575419408800916,1.22228672655759,-0.0177287669604316,-1.24001549351803,TRUE,TRUE,TRUE,TRUE,TRUE
2.4,316227.766016838,5.5,0.125,1,0.1,1000,200,1,0,10,0,0,NA,NA,0.1525,16.0895888554298,0.0722384982638889,23.3773626389521,NA,NA,NA,NA,TRUE,TRUE,FALSE,TRUE,FALSE
2.5,316227.766016838,5.5,0.125,1,0.1,1000,200,1,0,10,0.001,1,8,0.7,0.1630859375,15.5586392480406,0.074375,23.0391461105651,0.0449910810862302,1.19197161110423,-0.154901959985743,-1.34687357108997,TRUE,TRUE,TRUE,TRUE,TRUE
2.6,316227.766016838,5.5,0.125,1,0.1,1000,200,1,0,10,0,0,NA,NA,0.17359375,15.0803987760212,0.0763452292899408,22.7399191615557,NA,NA,NA,NA,TRUE,TRUE,FALSE,TRUE,FALSE
2.7,316227.766016838,5.5,0.125,1,0.1,1000,200,1,0,10,0.021,21,266.761904761905,26.5761904761905,0.1840234375,14.6468184655769,0.0781678669410151,22.4732424862213,1.81446848260256,1.16574329889492,1.42449272778274,0.258749428887818,TRUE,TRUE,TRUE,TRUE,TRUE
2.8,316227.766016838,5.5,0.125,1,0.1,1000,200,1,0,10,0.081,81,272.827160493827,27.1827160493827,0.194375,14.2514700733192,0.0798588966836735,22.2340314418974,1.90736225172115,1.15385966517266,1.4342928485086,0.280433183335939,TRUE,TRUE,TRUE,TRUE,TRUE
2.9,316227.766016838,5.5,0.125,1,0.1,1000,200,1,0,10,0.198,198,269.176767676768,26.8176767676768,0.2046484375,13.8891494742915,0.0814320749108205,22.0182154960213,1.93083650063063,1.14267565179007,1.42842115193912,0.285745500149055,TRUE,TRUE,TRUE,TRUE,TRUE
3,316227.766016838,5.5,0.125,1,0.1,1000,200,1,0,10,0.376,376,262.289893617021,26.1289893617021,0.21484375,13.5555925437809,0.0828993055555556,21.8224959773837,1.92754313596492,1.13211850626692,1.41712261205705,0.285004105790136,TRUE,TRUE,TRUE,TRUE,TRUE
3.1,316227.766016838,5.5,0.125,1,0.1,1000,200,1,0,10,0.547,547,255.566727605119,25.4566727605119,0.2249609375,13.2472676740729,0.0842709417273673,21.6441704190118,1.92165459223978,1.12212631174909,1.40580163984482,0.283675328095734,TRUE,TRUE,TRUE,TRUE,TRUE
3.2,316227.766016838,5.5,0.125,1,0.1,1000,200,1,0,10,0.697,697,245.251076040172,24.4251076040172,0.235,12.9612216400122,0.0855560302734375,21.4810029930603,1.8844757294031,1.11264593722225,1.38783648566524,0.275190548442995,TRUE,TRUE,TRUE,TRUE,TRUE
3.3,316227.766016838,5.5,0.125,1,0.1,1000,200,1,0,10,0.829,829,237.301568154403,23.6301568154403,0.2449609375,12.6949633269277,0.0867625114784206,21.3311274682375,1.86138047089255,1.10363145062636,1.37346660372523,0.26983515309887,TRUE,TRUE,TRUE,TRUE,TRUE
3.4,316227.766016838,5.5,0.125,1,0.1,1000,200,1,0,10,0.89,890,230.765168539326,22.9765168539326,0.25484375,12.4463747998286,0.0878973832179931,21.1929735150467,1.84604089330886,1.09504287482992,1.36128419207327,0.266241317243348,TRUE,TRUE,TRUE,TRUE,TRUE
3.5,316227.766016838,5.5,0.125,1,0.1,1000,200,1,0,10,0.94,940,225.252127659574,22.4252127659574,0.2646484375,12.2136424277827,0.0889668367346939,21.0652100360088,1.83607903199673,1.08684520124082,1.35073657223532,0.263891370994505,TRUE,TRUE,TRUE,TRUE,TRUE
3.6,316227.766016838,5.5,0.125,1,0.1,1000,200,1,0,10,0.958,958,217.965553235908,21.6965553235908,0.274375,11.9952029294565,0.0899763695987654,20.9467010875204,1.80876934314389,1.07900759956502,1.33639078810164,0.257383188536624,TRUE,TRUE,TRUE,TRUE,TRUE
3.7,316227.766016838,5.5,0.125,1,0.1,1000,200,1,0,10,0.979,979,212.226762002043,21.1226762002043,0.2840234375,11.7897006647649,0.0909308802045289,20.8364712356443,1.79162107680412,1.07150277869211,1.32474894157722,0.25324616288511,TRUE,TRUE,TRUE,TRUE,TRUE
3.8,316227.766016838,5.5,0.125,1,0.1,1000,200,1,0,10,0.991,991,208.462159434914,20.7462159434914,0.29359375,11.5959535038101,0.0918347472299169,20.733678064226,1.78909099080768,1.0643064652998,1.3169388940733,0.252632428773507,TRUE,TRUE,TRUE,TRUE,TRUE
3.9,316227.766016838,5.5,0.125,1,0.1,1000,200,1,0,10,0.995,995,204.110552763819,20.3110552763819,0.3030859375,11.4129253092895,0.0926918967784352,20.6375901649254,1.77965374572721,1.05739697508,1.30773248809233,0.250335513012336,TRUE,TRUE,TRUE,TRUE,TRUE
4,316227.766016838,5.5,0.125,1,0.1,1000,200,1,0,10,0.999,999,200.17017017017,19.917017017017,0.3125,11.2397035696652,0.093505859375,20.5475693713163,1.7720233361644,1.05075485751807,1.29922429442615,0.248469436908084,TRUE,TRUE,TRUE,TRUE,TRUE
4.1,316227.766016838,5.5,0.125,1,0.1,1000,200,1,0,10,0.999,999,195.627627627628,19.4627627627628,0.3218359375,11.0754810813609,0.0942798185603807,20.4630563094406,1.75728373510717,1.04436259958519,1.28920448893636,0.244841889351167,TRUE,TRUE,TRUE,TRUE,TRUE
4.2,316227.766016838,5.5,0.125,1,0.1,1000,200,1,0,10,0.998,998,192.970941883768,19.1970941883768,0.33109375,10.9195408414784,0.0950166524943311,20.3835585624363,1.75804957983724,1.03820437699466,1.28323549571086,0.245031118716196,TRUE,TRUE,TRUE,TRUE,TRUE
4.3,316227.766016838,5.5,0.125,1,0.1,1000,200,1,0,10,1,1000,189.06,18.806,0.3402734375,10.7712435066819,0.0957189697133586,20.30864091226,1.74594511658136,1.03226584414436,1.27429643177251,0.242030587628146,TRUE,TRUE,TRUE,TRUE,TRUE
4.4,316227.766016838,5.5,0.125,1,0.1,1000,200,1,0,10,1,1000,186.862,18.5862,0.349375,10.6300169186351,0.0963891399793388,20.2379172442684,1.74846382110805,1.02653395574287,1.26919060613952,0.242656650396656,TRUE,TRUE,TRUE,TRUE,TRUE
4.5,316227.766016838,5.5,0.125,1,0.1,1000,200,1,0,10,1,1000,183.352,18.2352,0.3583984375,10.4953473053334,0.0970293209876543,20.1710437924249,1.73745560480247,1.02099681455198,1.26091053093031,0.239913716378331,TRUE,TRUE,TRUE,TRUE,TRUE
4.6,316227.766016838,5.5,0.125,1,0.1,1000,200,1,0,10,1,1000,182.093,18.1093,0.36734375,10.36677185047,0.0976414815689981,20.1077134724829,1.74686008925517,1.01564354078759,1.25790166334483,0.242258122557236,TRUE,TRUE,TRUE,TRUE,TRUE
4.7,316227.766016838,5.5,0.125,1,0.1,1000,200,1,0,10,1,1000,179.379,17.8379,0.3762109375,10.2438723864257,0.0982274219103667,20.0476511035989,1.74132391805635,1.01046415958394,1.2513437249227,0.240879565338762,TRUE,TRUE,TRUE,TRUE,TRUE
4.8,316227.766016838,5.5,0.125,1,0.1,1000,200,1,0,10,0.999,999,178.97997997998,17.797997997998,0.385,10.1262700155043,0.0987887912326389,19.9906093596656,1.75760649980175,1.00544950360386,1.25037115358301,0.244921649979143,TRUE,TRUE,TRUE,TRUE,TRUE
4.9,316227.766016838,5.5,0.125,1,0.1,1000,200,1,0,10,1,1000,176.508,17.5508,0.3937109375,10.0136205022067,0.0993271032902957,19.9363653233145,1.75269274446065,1.00059112841294,1.24429691725011,0.243705788837162,TRUE,TRUE,TRUE,TRUE,TRUE
5,316227.766016838,5.5,0.125,1,0.1,1000,200,1,0,10,1,1000,175.065,17.4065,0.40234375,9.90561030927321,0.09984375,19.8847175402503,1.75723650098619,0.995881238661454,1.24071145443175,0.244830215770296,TRUE,TRUE,TRUE,TRUE,TRUE
1.1,562341.325190349,5.75,0.125,1,0.1,1000,200,1,0,10,0.231,231,87.2597402597403,8.62597402597403,0.00777343750000001,71.2645115495061,0.00813533057851241,69.6614108211252,NA,NA,NA,NA,TRUE,TRUE,TRUE,FALSE,FALSE
1.2,562341.325190349,5.75,0.125,1,0.1,1000,200,1,0,10,0.092,92,64.4130434782609,6.34130434782609,0.019375,45.1397357914473,0.0181206597222222,46.6759177441219,0.140481645198898,1.65455901276894,0.802178597440159,-0.852380415328782,TRUE,TRUE,TRUE,TRUE,TRUE
1.3,562341.325190349,5.75,0.125,1,0.1,1000,200,1,0,10,0.055,55,46.1818181818182,4.51818181818182,0.0308984375,35.744696116623,0.0265347633136095,38.5720089881553,0.126401461168966,1.5532116092652,0.654963703575107,-0.898247905690094,TRUE,TRUE,TRUE,TRUE,TRUE
1.4,562341.325190349,5.75,0.125,1,0.1,1000,200,1,0,10,0.025,25,39.32,3.832,0.04234375,30.5341060694568,0.0337213010204082,34.2158794660273,0.125499007283306,1.48478520991286,0.583425500406507,-0.901359709506349,TRUE,TRUE,TRUE,TRUE,TRUE
1.5,562341.325190349,5.75,0.125,1,0.1,1000,200,1,0,10,0.017,17,25.1176470588235,2.41176470588235,0.0537109375,27.1111850875619,0.0399305555555556,31.4432328657257,0.0889582914982506,1.4331485019309,0.382334935341462,-1.05081356658944,TRUE,TRUE,TRUE,TRUE,TRUE
1.6,562341.325190349,5.75,0.125,1,0.1,1000,200,1,0,10,0.018,18,27.8888888888889,2.68888888888889,0.065,24.6446803760217,0.04534912109375,29.5049872379381,0.109106259357499,1.39172319003669,0.429572856541106,-0.962150333495581,TRUE,TRUE,TRUE,TRUE,TRUE
1.7,562341.325190349,5.75,0.125,1,0.1,1000,200,1,0,10,0.011,11,16.6363636363636,1.56363636363636,0.0762109375,22.759945423258,0.0501189446366782,28.0658958762741,0.0687012351988556,1.35717121631678,0.194135761749324,-1.16303545456746,TRUE,TRUE,TRUE,TRUE,TRUE
1.8,562341.325190349,5.75,0.125,1,0.1,1000,200,1,0,10,0.005,5,30,2.9,0.08734375,21.2600338372702,0.0543499228395062,26.9513424563363,0.136406179886512,1.32756395140685,0.462397997898956,-0.865165953507891,TRUE,TRUE,TRUE,TRUE,TRUE
1.9,562341.325190349,5.75,0.125,1,0.1,1000,200,1,0,10,0.002,2,15,1.4,0.0983984375,20.0302222098291,0.0581284626038781,26.0606623831857,0.0698943818662683,1.30168576726498,0.146128035678238,-1.15555773158675,TRUE,TRUE,TRUE,TRUE,TRUE
2,562341.325190349,5.75,0.125,1,0.1,1000,200,1,0,10,0.003,3,12,1.1,0.109375,18.9985665875796,0.0615234375,25.3314221167728,0.0578991049103215,1.27872083534293,0.0413926851582251,-1.23732815018471,TRUE,TRUE,TRUE,TRUE,TRUE
2.1,562341.325190349,5.75,0.125,1,0.1,1000,200,1,0,10,0.002,2,10.5,0.95,0.1202734375,18.1173638598121,0.0645904195011338,24.7226952667714,0.0524358845663684,1.25809500656244,-0.0222763947111522,-1.28037140127359,TRUE,TRUE,TRUE,TRUE,TRUE
2.2,562341.325190349,5.75,0.125,1,0.1,1000,200,1,0,10,0.005,5,15.4,1.44,0.13109375,17.3535717168658,0.0673747417355372,24.2064616513699,0.0829800356661145,1.23938887493571,0.15836249209525,-1.08102638284046,TRUE,TRUE,TRUE,TRUE,TRUE
2.3,562341.325190349,5.75,0.125,1,0.1,1000,200,1,0,10,0.005,5,13.6,1.26,0.1418359375,16.6834831310346,0.069913752362949,23.7628519596109,0.0755237974051202,1.22228672655759,0.100370545117563,-1.12191618144003,TRUE,TRUE,TRUE,TRUE,TRUE
2.4,562341.325190349,5.75,0.125,1,0.1,1000,200,1,0,10,0.003,3,11.3333333333333,1.03333333333333,0.1525,16.0895888554298,0.0722384982638889,23.3773626389521,0.0642237252062916,1.20654494651671,0.0142404391146103,-1.1923045074021,TRUE,TRUE,TRUE,TRUE,TRUE
2.5,562341.325190349,5.75,0.125,1,0.1,1000,200,1,0,10,0.003,3,9.66666666666667,0.866666666666667,0.1630859375,15.5586392480406,0.074375,23.0391461105651,0.0557032432496183,1.19197161110423,-0.0621479067488445,-1.25411951785307,TRUE,TRUE,TRUE,TRUE,TRUE
2.6,562341.325190349,5.75,0.125,1,0.1,1000,200,1,0,10,0.002,2,13,1.2,0.17359375,15.0803987760212,0.0763452292899408,22.7399191615557,0.0795734925728936,1.17841282587962,0.0791812460476249,-1.099231579832,TRUE,TRUE,TRUE,TRUE,TRUE
2.7,562341.325190349,5.75,0.125,1,0.1,1000,200,1,0,10,0.003,3,107.333333333333,10.6333333333333,0.1840234375,14.6468184655769,0.0781678669410151,22.4732424862213,0.725982462220305,1.16574329889492,1.02666942833752,-0.139073870557404,TRUE,TRUE,TRUE,TRUE,TRUE
2.8,562341.325190349,5.75,0.125,1,0.1,1000,200,1,0,10,0.014,14,245.285714285714,24.4285714285714,0.194375,14.2514700733192,0.0798588966836735,22.2340314418974,1.71410888160269,1.15385966517266,1.3878980703779,0.234038405205238,TRUE,TRUE,TRUE,TRUE,TRUE
2.9,562341.325190349,5.75,0.125,1,0.1,1000,200,1,0,10,0.064,64,274.078125,27.3078125,0.2046484375,13.8891494742915,0.0814320749108205,22.0182154960213,1.96612561125835,1.14267565179007,1.43628691225145,0.293611260461387,TRUE,TRUE,TRUE,TRUE,TRUE
3,562341.325190349,5.75,0.125,1,0.1,1000,200,1,0,10,0.181,181,273.707182320442,27.2707182320442,0.21484375,13.5555925437809,0.0828993055555556,21.8224959773837,2.01176880641455,1.13211850626692,1.435696576156,0.303578069889083,TRUE,TRUE,TRUE,TRUE,TRUE
3.1,562341.325190349,5.75,0.125,1,0.1,1000,200,1,0,10,0.353,353,265.71954674221,26.471954674221,0.2249609375,13.2472676740729,0.0842709417273673,21.6441704190118,1.99829544669282,1.12212631174909,1.42278601054525,0.300659698796161,TRUE,TRUE,TRUE,TRUE,TRUE
3.2,562341.325190349,5.75,0.125,1,0.1,1000,200,1,0,10,0.536,536,260.470149253731,25.9470149253731,0.235,12.9612216400122,0.0855560302734375,21.4810029930603,2.00189578158843,1.11264593722225,1.41408740164467,0.301441464422426,TRUE,TRUE,TRUE,TRUE,TRUE
3.3,562341.325190349,5.75,0.125,1,0.1,1000,200,1,0,10,0.706,706,252.266288951841,25.1266288951841,0.2449609375,12.6949633269277,0.0867625114784206,21.3311274682375,1.97925966764215,1.10363145062636,1.40013422554335,0.296502774916984,TRUE,TRUE,TRUE,TRUE,TRUE
3.4,562341.325190349,5.75,0.125,1,0.1,1000,200,1,0,10,0.821,821,245.032886723508,24.4032886723508,0.25484375,12.4463747998286,0.0878973832179931,21.1929735150467,1.96067441844084,1.09504287482992,1.38744835732284,0.292405482492919,TRUE,TRUE,TRUE,TRUE,TRUE
3.5,562341.325190349,5.75,0.125,1,0.1,1000,200,1,0,10,0.893,893,239.229563269877,23.8229563269877,0.2646484375,12.2136424277827,0.0889668367346939,21.0652100360088,1.95052020458671,1.08684520124082,1.37699565457874,0.290150453337926,TRUE,TRUE,TRUE,TRUE,TRUE
3.6,562341.325190349,5.75,0.125,1,0.1,1000,200,1,0,10,0.935,935,231.948663101604,23.0948663101604,0.274375,11.9952029294565,0.0899763695987654,20.9467010875204,1.92534185923996,1.07900759956502,1.36351545257834,0.28450785301332,TRUE,TRUE,TRUE,TRUE,TRUE
3.7,562341.325190349,5.75,0.125,1,0.1,1000,200,1,0,10,0.969,969,226.538699690402,22.5538699690402,0.2840234375,11.7897006647649,0.0909308802045289,20.8364712356443,1.91301463967152,1.07150277869211,1.35322107224488,0.281718293552769,TRUE,TRUE,TRUE,TRUE,TRUE
3.8,562341.325190349,5.75,0.125,1,0.1,1000,200,1,0,10,0.984,984,219.468495934959,21.8468495934959,0.29359375,11.5959535038101,0.0918347472299169,20.733678064226,1.88400631188437,1.0643064652998,1.33938881875239,0.27508235345259,TRUE,TRUE,TRUE,TRUE,TRUE
3.9,562341.325190349,5.75,0.125,1,0.1,1000,200,1,0,10,0.994,994,214.41046277666,21.341046277666,0.3030859375,11.4129253092895,0.0926918967784352,20.6375901649254,1.86990151072798,1.05739697508,1.32921570756634,0.271818732486338,TRUE,TRUE,TRUE,TRUE,TRUE
4,562341.325190349,5.75,0.125,1,0.1,1000,200,1,0,10,0.995,995,210.404020100503,20.9404020100503,0.3125,11.2397035696652,0.093505859375,20.5475693713163,1.86307422435644,1.05075485751807,1.32098501492977,0.270230157411699,TRUE,TRUE,TRUE,TRUE,TRUE
4.1,562341.325190349,5.75,0.125,1,0.1,1000,200,1,0,10,0.994,994,207.495975855131,20.6495975855131,0.3218359375,11.0754810813609,0.0942798185603807,20.4630563094406,1.86444249543837,1.04436259958519,1.31491159264646,0.270548993061269,TRUE,TRUE,TRUE,TRUE,TRUE
4.2,562341.325190349,5.75,0.125,1,0.1,1000,200,1,0,10,0.998,998,203.327655310621,20.2327655310621,0.33109375,10.9195408414784,0.0950166524943311,20.3835585624363,1.85289526590779,1.03820437699466,1.30605524870222,0.267850871707558,TRUE,TRUE,TRUE,TRUE,TRUE
4.3,562341.325190349,5.75,0.125,1,0.1,1000,200,1,0,10,0.999,999,199.706706706707,19.8706706706707,0.3402734375,10.7712435066819,0.0957189697133586,20.30864091226,1.84478891952855,1.03226584414436,1.29821252557262,0.265946681428259,TRUE,TRUE,TRUE,TRUE,TRUE
4.4,562341.325190349,5.75,0.125,1,0.1,1000,200,1,0,10,1,1000,196.722,19.5722,0.349375,10.6300169186351,0.0963891399793388,20.2379172442684,1.84122002343088,1.02653395574287,1.29163964498145,0.265105689238587,TRUE,TRUE,TRUE,TRUE,TRUE
4.5,562341.325190349,5.75,0.125,1,0.1,1000,200,1,0,10,1,1000,192.853,19.1853,0.3583984375,10.4953473053334,0.0970293209876543,20.1710437924249,1.8279814323296,1.02099681455198,1.28296859463811,0.261971780086133,TRUE,TRUE,TRUE,TRUE,TRUE
4.6,562341.325190349,5.75,0.125,1,0.1,1000,200,1,0,10,1,1000,191.846,19.0846,0.36734375,10.36677185047,0.0976414815689981,20.1077134724829,1.84093952054465,1.01564354078759,1.28068306186891,0.265039521081325,TRUE,TRUE,TRUE,TRUE,TRUE
4.7,562341.325190349,5.75,0.125,1,0.1,1000,200,1,0,10,1,1000,188.652,18.7652,0.3762109375,10.2438723864257,0.0982274219103667,20.0476511035989,1.83184632647963,1.01046415958394,1.27335319749589,0.262889037911949,TRUE,TRUE,TRUE,TRUE,TRUE
4.8,562341.325190349,5.75,0.125,1,0.1,1000,200,1,0,10,1,1000,187.484,18.6484,0.385,10.1262700155043,0.0987887912326389,19.9906093596656,1.84158628709756,1.00544950360386,1.27064157603856,0.265192072434699,TRUE,TRUE,TRUE,TRUE,TRUE
4.9,562341.325190349,5.75,0.125,1,0.1,1000,200,1,0,10,1,1000,185.288,18.4288,0.3937109375,10.0136205022067,0.0993271032902957,19.9363653233145,1.84037331911459,1.00059112841294,1.26549705684981,0.264905928436869,TRUE,TRUE,TRUE,TRUE,TRUE
5,562341.325190349,5.75,0.125,1,0.1,1000,200,1,0,10,1,1000,182.957,18.1957,0.40234375,9.90561030927321,0.09984375,19.8847175402503,1.83690852273544,0.995881238661454,1.25996876782495,0.264087529163499,TRUE,TRUE,TRUE,TRUE,TRUE
1.1,1e+06,6,0.125,1,0.1,1000,200,1,0,10,0.229,229,86.7379912663755,8.57379912663755,0.00777343750000001,71.2645115495061,0.00813533057851241,69.6614108211252,NA,NA,NA,NA,TRUE,TRUE,TRUE,FALSE,FALSE
1.2,1e+06,6,0.125,1,0.1,1000,200,1,0,10,0.113,113,62.4955752212389,6.14955752212389,0.019375,45.1397357914473,0.0181206597222222,46.6759177441219,0.136233795220597,1.65455901276894,0.788843868196031,-0.86571514457291,TRUE,TRUE,TRUE,TRUE,TRUE
1.3,1e+06,6,0.125,1,0.1,1000,200,1,0,10,0.048,48,44.875,4.3875,0.0308984375,35.744696116623,0.0265347633136095,38.5720089881553,0.122745483293103,1.5532116092652,0.642217129473881,-0.910994479791321,TRUE,TRUE,TRUE,TRUE,TRUE
1.4,1e+06,6,0.125,1,0.1,1000,200,1,0,10,0.029,29,41.6206896551724,4.06206896551724,0.04234375,30.5341060694568,0.0337213010204082,34.2158794660273,0.133033826380151,1.48478520991286,0.608747292552127,-0.876037917360729,TRUE,TRUE,TRUE,TRUE,TRUE
1.5,1e+06,6,0.125,1,0.1,1000,200,1,0,10,0.024,24,25.0416666666667,2.40416666666667,0.0537109375,27.1111850875619,0.0399305555555556,31.4432328657257,0.088678036718124,1.4331485019309,0.380964571444125,-1.05218393048677,TRUE,TRUE,TRUE,TRUE,TRUE
1.6,1e+06,6,0.125,1,0.1,1000,200,1,0,10,0.013,13,27.3076923076923,2.63076923076923,0.065,24.6446803760217,0.04534912109375,29.5049872379381,0.106747954959435,1.39172319003669,0.420082753749298,-0.971640436287389,TRUE,TRUE,TRUE,TRUE,TRUE
1.7,1e+06,6,0.125,1,0.1,1000,200,1,0,10,0.009,9,33.1111111111111,3.21111111111111,0.0762109375,22.759945423258,0.0501189446366782,28.0658958762741,0.141086063757857,1.35717121631678,0.506655333317223,-0.850515882999558,TRUE,TRUE,TRUE,TRUE,TRUE
1.8,1e+06,6,0.125,1,0.1,1000,200,1,0,10,0.011,11,20.7272727272727,1.97272727272727,0.08734375,21.2600338372702,0.0543499228395062,26.9513424563363,0.0927904107691943,1.32756395140685,0.295067048690304,-1.03249690271654,TRUE,TRUE,TRUE,TRUE,TRUE
1.9,1e+06,6,0.125,1,0.1,1000,200,1,0,10,0.003,3,25,2.4,0.0983984375,20.0302222098291,0.0581284626038781,26.0606623831857,0.119818940342174,1.30168576726498,0.380211241711606,-0.921474525553377,TRUE,TRUE,TRUE,TRUE,TRUE
2,1e+06,6,0.125,1,0.1,1000,200,1,0,10,0.002,2,28,2.7,0.109375,18.9985665875796,0.0615234375,25.3314221167728,0.14211598477988,1.27872083534293,0.431363764158987,-0.847357071183943,TRUE,TRUE,TRUE,TRUE,TRUE
2.1,1e+06,6,0.125,1,0.1,1000,200,1,0,10,0.003,3,25.6666666666667,2.46666666666667,0.1202734375,18.1173638598121,0.0645904195011338,24.7226952667714,0.136149314312676,1.25809500656244,0.392110465011314,-0.865984541551127,TRUE,TRUE,TRUE,TRUE,TRUE
2.2,1e+06,6,0.125,1,0.1,1000,200,1,0,10,0.002,2,34,3.3,0.13109375,17.3535717168658,0.0673747417355372,24.2064616513699,0.190162581734846,1.23938887493571,0.518513939877888,-0.720874935057821,TRUE,TRUE,TRUE,TRUE,TRUE
2.3,1e+06,6,0.125,1,0.1,1000,200,1,0,10,0.002,2,23.5,2.25,0.1418359375,16.6834831310346,0.069913752362949,23.7628519596109,0.134863923937715,1.22228672655759,0.352182518111362,-0.870104208446231,TRUE,TRUE,TRUE,TRUE,TRUE
2.4,1e+06,6,0.125,1,0.1,1000,200,1,0,10,0.001,1,11,1,0.1525,16.0895888554298,0.0722384982638889,23.3773626389521,0.0621519921351209,1.20654494651671,0,-1.20654494651671,TRUE,TRUE,TRUE,TRUE,TRUE
2.5,1e+06,6,0.125,1,0.1,1000,200,1,0,10,0.001,1,6,0.5,0.1630859375,15.5586392480406,0.074375,23.0391461105651,0.0321364864901644,1.19197161110423,-0.301029995663981,-1.49300160676821,TRUE,TRUE,TRUE,TRUE,TRUE
2.6,1e+06,6,0.125,1,0.1,1000,200,1,0,10,0.003,3,7.33333333333333,0.633333333333333,0.17359375,15.0803987760212,0.0763452292899408,22.7399191615557,0.0419971210801383,1.17841282587962,-0.198367653766833,-1.37678047964646,TRUE,TRUE,TRUE,TRUE,TRUE
2.7,1e+06,6,0.125,1,0.1,1000,200,1,0,10,0.003,3,8.66666666666667,0.766666666666667,0.1840234375,14.6468184655769,0.0781678669410151,22.4732424862213,0.0523435631067931,1.16574329889492,-0.11539341870207,-1.28113671759699,TRUE,TRUE,TRUE,TRUE,TRUE
2.8,1e+06,6,0.125,1,0.1,1000,200,1,0,10,0.001,1,300,29.9,0.194375,14.2514700733192,0.0798588966836735,22.2340314418974,2.0980291749675,1.15385966517266,1.47567118832443,0.321811523151771,TRUE,TRUE,TRUE,TRUE,TRUE
2.9,1e+06,6,0.125,1,0.1,1000,200,1,0,10,0.005,5,291.4,29.04,0.2046484375,13.8891494742915,0.0814320749108205,22.0182154960213,2.09084077133394,1.14267565179007,1.46299661202806,0.320320960237989,TRUE,TRUE,TRUE,TRUE,TRUE
3,1e+06,6,0.125,1,0.1,1000,200,1,0,10,0.052,52,288.115384615385,28.7115384615385,0.21484375,13.5555925437809,0.0828993055555556,21.8224959773837,2.1180585333181,1.13211850626692,1.45805646409023,0.325937957823308,TRUE,TRUE,TRUE,TRUE,TRUE
3.1,1e+06,6,0.125,1,0.1,1000,200,1,0,10,0.175,175,281.525714285714,28.0525714285714,0.2249609375,13.2472676740729,0.0842709417273673,21.6441704190118,2.11761188184299,1.12212631174909,1.4479726768597,0.325846365110618,TRUE,TRUE,TRUE,TRUE,TRUE
3.2,1e+06,6,0.125,1,0.1,1000,200,1,0,10,0.358,358,275.639664804469,27.4639664804469,0.235,12.9612216400122,0.0855560302734375,21.4810029930603,2.11893348044167,1.11264593722225,1.43876326036505,0.326117323142803,TRUE,TRUE,TRUE,TRUE,TRUE
3.3,1e+06,6,0.125,1,0.1,1000,200,1,0,10,0.541,541,268.475046210721,26.7475046210721,0.2449609375,12.6949633269277,0.0867625114784206,21.3311274682375,2.10693831342838,1.10363145062636,1.42728327122268,0.323651820596313,TRUE,TRUE,TRUE,TRUE,TRUE
3.4,1e+06,6,0.125,1,0.1,1000,200,1,0,10,0.689,689,259.00580551524,25.800580551524,0.25484375,12.4463747998286,0.0878973832179931,21.1929735150467,2.07293938728883,1.09504287482992,1.41162947834643,0.316586603516512,TRUE,TRUE,TRUE,TRUE,TRUE
3.5,1e+06,6,0.125,1,0.1,1000,200,1,0,10,0.836,836,252.811004784689,25.1811004784689,0.2646484375,12.2136424277827,0.0889668367346939,21.0652100360088,2.06171914949702,1.08684520124082,1.40107470596576,0.314229504724946,TRUE,TRUE,TRUE,TRUE,TRUE
3.6,1e+06,6,0.125,1,0.1,1000,200,1,0,10,0.893,893,245.164613661814,24.4164613661814,0.274375,11.9952029294565,0.0899763695987654,20.9467010875204,2.03551882446458,1.07900759956502,1.38768272265149,0.308675123086476,TRUE,TRUE,TRUE,TRUE,TRUE
3.7,1e+06,6,0.125,1,0.1,1000,200,1,0,10,0.941,941,238.678002125399,23.7678002125399,0.2840234375,11.7897006647649,0.0909308802045289,20.8364712356443,2.01597995473907,1.07150277869211,1.37598898821684,0.304486209524732,TRUE,TRUE,TRUE,TRUE,TRUE
3.8,1e+06,6,0.125,1,0.1,1000,200,1,0,10,0.967,967,231.094105480869,23.0094105480869,0.29359375,11.5959535038101,0.0918347472299169,20.733678064226,1.98426205663265,1.0643064652998,1.36190549311487,0.297599027815079,TRUE,TRUE,TRUE,TRUE,TRUE
3.9,1e+06,6,0.125,1,0.1,1000,200,1,0,10,0.978,978,226.993865030675,22.5993865030675,0.3030859375,11.4129253092895,0.0926918967784352,20.6375901649254,1.98015722442982,1.05739697508,1.35409664968064,0.29669967460064,TRUE,TRUE,TRUE,TRUE,TRUE
4,1e+06,6,0.125,1,0.1,1000,200,1,0,10,0.989,989,222.10111223458,22.110111223458,0.3125,11.2397035696652,0.093505859375,20.5475693713163,1.96714362495565,1.05075485751807,1.34459092727399,0.293836069755924,TRUE,TRUE,TRUE,TRUE,TRUE
4.1,1e+06,6,0.125,1,0.1,1000,200,1,0,10,0.989,989,218.497472194135,21.7497472194135,0.3218359375,11.0754810813609,0.0942798185603807,20.4630563094406,1.96377449066447,1.04436259958519,1.3374542138492,0.293091614264001,TRUE,TRUE,TRUE,TRUE,TRUE
4.2,1e+06,6,0.125,1,0.1,1000,200,1,0,10,1,1000,212.213,21.1213,0.33109375,10.9195408414784,0.0950166524943311,20.3835585624363,1.93426631271616,1.03820437699466,1.32472064518049,0.28651626818583,TRUE,TRUE,TRUE,TRUE,TRUE
4.3,1e+06,6,0.125,1,0.1,1000,200,1,0,10,0.997,997,208.596790371113,20.7596790371113,0.3402734375,10.7712435066819,0.0957189697133586,20.30864091226,1.92732427079873,1.03226584414436,1.31722063465383,0.284954790509465,TRUE,TRUE,TRUE,TRUE,TRUE
4.4,1e+06,6,0.125,1,0.1,1000,200,1,0,10,0.996,996,206.345381526104,20.5345381526104,0.349375,10.6300169186351,0.0963891399793388,20.2379172442684,1.93175027940097,1.02653395574287,1.31248493947463,0.285950983731764,TRUE,TRUE,TRUE,TRUE,TRUE
4.5,1e+06,6,0.125,1,0.1,1000,200,1,0,10,1,1000,202.913,20.1913,0.3583984375,10.4953473053334,0.0970293209876543,20.1710437924249,1.92383342947969,1.02099681455198,1.3051642815316,0.284167466979627,TRUE,TRUE,TRUE,TRUE,TRUE
4.6,1e+06,6,0.125,1,0.1,1000,200,1,0,10,0.999,999,200.94994994995,19.994994994995,0.36734375,10.36677185047,0.0976414815689981,20.1077134724829,1.92875808240041,1.01564354078759,1.30092129976005,0.285277758972458,TRUE,TRUE,TRUE,TRUE,TRUE
4.7,1e+06,6,0.125,1,0.1,1000,200,1,0,10,0.999,999,198.451451451451,19.7451451451451,0.3762109375,10.2438723864257,0.0982274219103667,20.0476511035989,1.9275079189106,1.01046415958394,1.29546033055187,0.284996170967929,TRUE,TRUE,TRUE,TRUE,TRUE
4.8,1e+06,6,0.125,1,0.1,1000,200,1,0,10,1,1000,195.67,19.467,0.385,10.1262700155043,0.0987887912326389,19.9906093596656,1.92242552985394,1.00544950360386,1.28929902887842,0.283849525274552,TRUE,TRUE,TRUE,TRUE,TRUE
4.9,1e+06,6,0.125,1,0.1,1000,200,1,0,10,1,1000,193.459,19.2459,0.3937109375,10.0136205022067,0.0993271032902957,19.9363653233145,1.9219721773717,1.00059112841294,1.28433822490811,0.283747096495168,TRUE,TRUE,TRUE,TRUE,TRUE
5,1e+06,6,0.125,1,0.1,1000,200,1,0,10,1,1000,191.901,19.0901,0.40234375,9.90561030927321,0.09984375,19.8847175402503,1.92720078864082,0.995881238661454,1.2808082033719,0.284926964710445,TRUE,TRUE,TRUE,TRUE,TRUE
1.1,1000,3,0.2,1,0.1,1000,200,1,0,10,0.986,986,455.824543610548,45.4824543610548,0.00790000000000001,70.6913576838391,0.00991735537190084,63.0931093050002,NA,NA,NA,NA,TRUE,TRUE,TRUE,FALSE,FALSE
1.2,1000,3,0.2,1,0.1,1000,200,1,0,10,0.786,786,768.600508905852,76.7600508905852,0.0256,39.2699081698724,0.0263888888888889,38.6784726438346,1.95467864499553,1.59405988570219,1.88513525399325,0.291075368291064,TRUE,TRUE,TRUE,TRUE,TRUE
1.3,1000,3,0.2,1,0.1,1000,200,1,0,10,0.492,492,822.353658536585,82.1353658536585,0.0431,30.2650386787526,0.0402366863905326,31.3233904688052,2.71386951543271,1.48094123327775,1.91453019594935,0.433588962671596,TRUE,TRUE,TRUE,TRUE,TRUE
1.4,1000,3,0.2,1,0.1,1000,200,1,0,10,0.286,286,868.846153846154,86.7846153846154,0.0604,25.5659184365163,0.0520408163265306,27.5427828532161,3.39454323145532,1.40766139904755,1.93844274308254,0.530781344034989,TRUE,TRUE,TRUE,TRUE,TRUE
1.5,1000,3,0.2,1,0.1,1000,200,1,0,10,0.263,263,857.730038022814,85.6730038022814,0.0775,22.5698678957237,0.0622222222222222,25.1887786254407,3.79590187227077,1.35352901710496,1.93284399407356,0.579314976968595,TRUE,TRUE,TRUE,TRUE,TRUE
1.6,1000,3,0.2,1,0.1,1000,200,1,0,10,0.226,226,729.079646017699,72.8079646017699,0.0944,20.4500263158106,0.07109375,23.5648216426584,3.56028708606011,1.31069387120908,1.86217889021139,0.551485019002308,TRUE,TRUE,TRUE,TRUE,TRUE
1.7,1000,3,0.2,1,0.1,1000,200,1,0,10,0.251,251,718.601593625498,71.7601593625498,0.1111,18.8504984700266,0.0788927335640139,22.3697621406816,3.80680433871034,1.27532283888768,1.85588339450369,0.580560555616013,TRUE,TRUE,TRUE,TRUE,TRUE
1.8,1000,3,0.2,1,0.1,1000,200,1,0,10,0.272,272,608.654411764706,60.7654411764706,0.1276,17.5895419921885,0.0858024691358025,21.4501323165175,3.45463464616966,1.24525453116554,1.78365665536708,0.538402124201533,TRUE,TRUE,TRUE,TRUE,TRUE
1.9,1000,3,0.2,1,0.1,1000,200,1,0,10,0.331,331,487.012084592145,48.6012084592145,0.1439,16.5633992887844,0.0919667590027701,20.71879185665,2.93425326600222,1.21914947138981,1.68664706804097,0.467497596651155,TRUE,TRUE,TRUE,TRUE,TRUE
2,1000,3,0.2,1,0.1,1000,200,1,0,10,0.394,394,411.906091370558,41.0906091370558,0.16,15.707963267949,0.0975,20.1222972650783,2.61590942352777,1.19611987703015,1.61374257939527,0.417622702365114,TRUE,TRUE,TRUE,TRUE,TRUE
2.1,1000,3,0.2,1,0.1,1000,200,1,0,10,0.469,469,438.059701492537,43.7059701492537,0.1759,14.9812119600793,0.10249433106576,19.6259164509097,2.91738547359973,1.17554694862938,1.64054076479155,0.464993816162161,TRUE,TRUE,TRUE,TRUE,TRUE
2.2,1000,3,0.2,1,0.1,1000,200,1,0,10,0.56,560,352.980357142857,35.1980357142857,0.1916,14.3543032188807,0.10702479338843,19.2060329367657,2.45208946596506,1.15698211598685,1.54651842761876,0.389536311631907,TRUE,TRUE,TRUE,TRUE,TRUE
2.3,1000,3,0.2,1,0.1,1000,200,1,0,10,0.665,665,323.413533834586,32.2413533834587,0.2071,13.8066977924555,0.111153119092628,18.8459936885066,2.33519657401907,1.14008981891139,1.50841326373577,0.368323444824381,TRUE,TRUE,TRUE,TRUE,TRUE
2.4,1000,3,0.2,1,0.1,1000,200,1,0,10,0.702,702,289.260683760684,28.8260683760684,0.2224,13.3233205516939,0.114930555555556,18.5336994202738,2.16357988717786,1.1246124769031,1.45978541245356,0.335172935550452,TRUE,TRUE,TRUE,TRUE,TRUE
2.5,1000,3,0.2,1,0.1,1000,200,1,0,10,0.789,789,296.363751584284,29.5363751584284,0.2375,12.8928242146115,0.1184,18.2601363937371,2.29091583556647,1.11034806137767,1.47035719560396,0.36000913422629,TRUE,TRUE,TRUE,TRUE,TRUE
2.6,1000,3,0.2,1,0.1,1000,200,1,0,10,0.82,820,264.080487804878,26.3080487804878,0.2524,12.5064828837631,0.121597633136095,18.0184449630765,2.10355293530549,1.09713519307207,1.42008863845851,0.32295344538644,TRUE,TRUE,TRUE,TRUE,TRUE
2.7,1000,3,0.2,1,0.1,1000,200,1,0,10,0.87,870,235.552873563218,23.4552873563218,0.2671,12.15746209962,0.124554183813443,17.8033081225223,1.92929142317087,1.08484292434743,1.37024075796109,0.285397833613662,TRUE,TRUE,TRUE,TRUE,TRUE
2.8,1000,3,0.2,1,0.1,1000,200,1,0,10,0.912,912,205.767543859649,20.4767543859649,0.2816,11.8403228137435,0.127295918367347,17.6105382124006,1.72940845516448,1.07336354312308,1.31126112105533,0.237897577932248,TRUE,TRUE,TRUE,TRUE,TRUE
2.9,1000,3,0.2,1,0.1,1000,200,1,0,10,0.925,925,187.608648648649,18.6608648648649,0.2959,11.5506755703577,0.129845422116528,17.4367903981458,1.61556479975543,1.0626073857778,1.27093176788499,0.208324382107188,TRUE,TRUE,TRUE,TRUE,TRUE
3,1000,3,0.2,1,0.1,1000,200,1,0,10,0.966,966,177.550724637681,17.6550724637681,0.31,11.2849339478618,0.132222222222222,17.2793595829238,1.56448168375086,1.05249902144098,1.24686950442815,0.194370482987169,TRUE,TRUE,TRUE,TRUE,TRUE
3.1,1000,3,0.2,1,0.1,1000,200,1,0,10,0.972,972,165.254115226337,16.4254115226337,0.3239,11.0401352624982,0.134443288241415,17.1360336125514,1.48779078626225,1.04297439435303,1.21551625919195,0.172541864838922,TRUE,TRUE,TRUE,TRUE,TRUE
3.2,1000,3,0.2,1,0.1,1000,200,1,0,10,0.976,976,152.661885245902,15.1661885245902,0.3376,10.8138078756376,0.1365234375,17.0049853051366,1.40248363009649,1.03397864938131,1.18087645021841,0.146897800837108,TRUE,TRUE,TRUE,TRUE,TRUE
3.3,1000,3,0.2,1,0.1,1000,200,1,0,10,0.989,989,146.743174924166,14.5743174924166,0.3511,10.6038714366792,0.138475665748393,16.8846917882673,1.37443362826934,1.02546445362544,1.16358822612624,0.138123772500805,TRUE,TRUE,TRUE,TRUE,TRUE
3.4,1000,3,0.2,1,0.1,1000,200,1,0,10,0.988,988,127.953441295547,12.6953441295547,0.3644,10.4085608189369,0.140311418685121,16.7738733839959,1.21970216155699,1.01739068420763,1.10364447768245,0.0862537934748143,TRUE,TRUE,TRUE,TRUE,TRUE
3.5,1000,3,0.2,1,0.1,1000,200,1,0,10,0.988,988,127.736842105263,12.6736842105263,0.3775,10.2263673746065,0.142040816326531,16.6714467108579,1.23931438665081,1.00972139037551,1.10290288163296,0.0931814912574465,TRUE,TRUE,TRUE,TRUE,TRUE
3.6,1000,3,0.2,1,0.1,1000,200,1,0,10,0.998,998,123.377755511022,12.2377755511022,0.3904,10.0559930346436,0.143672839506173,16.5764882759291,1.21696340768557,1.00242496386079,1.08770248368563,0.0852775198248403,TRUE,TRUE,TRUE,TRUE,TRUE
3.7,1000,3,0.2,1,0.1,1000,200,1,0,10,0.999,999,115.041041041041,11.4041041041041,0.4031,9.89631406195228,0.145215485756026,16.4882059092694,1.1523587502087,0.99547346928159,1.05706117317895,0.0615877038973616,TRUE,TRUE,TRUE,TRUE,TRUE
3.8,1000,3,0.2,1,0.1,1000,200,1,0,10,0.999,999,116.72972972973,11.572972972973,0.4156,9.74635214753336,0.146675900277008,16.4059161322751,1.18741584520952,0.988842098915545,1.06344493889142,0.0746028399758794,TRUE,TRUE,TRUE,TRUE,TRUE
3.9,1000,3,0.2,1,0.1,1000,200,1,0,10,1,1000,111.822,11.0822,0.4279,9.6052511545211,0.148060486522025,16.3290260657757,1.15376472949213,0.982508725116149,1.04462598358896,0.0621172584728155,TRUE,TRUE,TRUE,TRUE,TRUE
4,1000,3,0.2,1,0.1,1000,200,1,0,10,1,1000,108.446,10.7446,0.44,9.47225825099483,0.149375,16.2570188468395,1.13432295818915,0.976453530115021,1.03119025221217,0.0547367220971496,TRUE,TRUE,TRUE,TRUE,TRUE
4.1,1000,3,0.2,1,0.1,1000,200,1,0,10,1,1000,107.142,10.6142,0.4519,9.34670848555563,0.150624628197501,16.1894417831041,1.13560832847233,0.970658697692514,1.02588726664347,0.0552285689509607,TRUE,TRUE,TRUE,TRUE,TRUE
4.2,1000,3,0.2,1,0.1,1000,200,1,0,10,1,1000,104.559,10.3559,0.4636,9.22801208736008,0.151814058956916,16.1258966617196,1.12222436446359,0.965108154712336,1.01518784809174,0.0500796933794023,TRUE,TRUE,TRUE,TRUE,TRUE
4.3,1000,3,0.2,1,0.1,1000,200,1,0,10,0.998,998,103.731462925852,10.2731462925852,0.4751,9.11564393982745,0.152947539210384,16.0660317679771,1.12697976801183,0.959787353148512,1.01170347263766,0.0519161194891491,TRUE,TRUE,TRUE,TRUE,TRUE
4.4,1000,3,0.2,1,0.1,1000,200,1,0,10,1,1000,102.393,10.1393,0.4864,9.00913480182085,0.154028925619835,16.0095352709252,1.12544658538695,0.954683085225776,1.00600797308103,0.0513248878552571,TRUE,TRUE,TRUE,TRUE,TRUE
4.5,1000,3,0.2,1,0.1,1000,200,1,0,10,1,1000,100.358,9.9358,0.4975,8.90806394368827,0.155061728395062,15.9561297097612,1.11537142782186,0.949783325817243,0.997202840907125,0.047419515089882,TRUE,TRUE,TRUE,TRUE,TRUE
4.6,1000,3,0.2,1,0.1,1000,200,1,0,10,1,1000,98.552,9.7552,0.5084,8.81205293651011,0.156049149338374,15.905567372553,1.10702920991115,0.94507709741713,0.989236177677845,0.0441590802607152,TRUE,TRUE,TRUE,TRUE,TRUE
4.7,1000,3,0.2,1,0.1,1000,200,1,0,10,1,1000,99.091,9.8091,0.5191,8.72076038717988,0.156994114984156,15.857626402861,1.12479870613348,0.94055435391869,0.991629162021702,0.0510748081030116,TRUE,TRUE,TRUE,TRUE,TRUE
4.8,1000,3,0.2,1,0.1,1000,200,1,0,10,1,1000,97.866,9.6866,0.5296,8.63387745380845,0.157899305555556,15.812107503636,1.1219292898033,0.936205880142293,0.986171366281732,0.0499654861394387,TRUE,TRUE,TRUE,TRUE,TRUE
4.9,1000,3,0.2,1,0.1,1000,200,1,0,10,1,1000,97.104,9.6104,0.5399,8.55112400848007,0.158767180341524,15.7688311339395,1.12387564377145,0.932023204622494,0.982741464065789,0.0507182594432948,TRUE,TRUE,TRUE,TRUE,TRUE
5,1000,3,0.2,1,0.1,1000,200,1,0,10,1,1000,96.28,9.528,0.55,8.47224533986308,0.1596,15.72763511444,1.1246133247782,0.927998523610993,0.979001748474721,0.051003224863728,TRUE,TRUE,TRUE,TRUE,TRUE
1.1,1778.27941003892,3.25,0.2,1,0.1,1000,200,1,0,10,0.752,752,678.235372340426,67.7235372340426,0.00790000000000001,70.6913576838391,0.00991735537190084,63.0931093050002,NA,NA,NA,NA,TRUE,TRUE,TRUE,FALSE,FALSE
1.2,1778.27941003892,3.25,0.2,1,0.1,1000,200,1,0,10,0.266,266,646.041353383459,64.5041353383459,0.0256,39.2699081698724,0.0263888888888889,38.6784726438346,1.64258431823462,1.59405988570219,1.80958755800045,0.215527672298258,TRUE,TRUE,TRUE,TRUE,TRUE
1.3,1778.27941003892,3.25,0.2,1,0.1,1000,200,1,0,10,0.093,93,404.795698924731,40.3795698924731,0.0431,30.2650386787526,0.0402366863905326,31.3233904688052,1.33419852262807,1.48094123327775,1.60616168869577,0.125220455418025,TRUE,TRUE,TRUE,TRUE,TRUE
1.4,1778.27941003892,3.25,0.2,1,0.1,1000,200,1,0,10,0.055,55,348.072727272727,34.7072727272727,0.0604,25.5659184365163,0.0520408163265306,27.5427828532161,1.35756017580419,1.40766139904755,1.54042048846164,0.132759089414094,TRUE,TRUE,TRUE,TRUE,TRUE
1.5,1778.27941003892,3.25,0.2,1,0.1,1000,200,1,0,10,0.042,42,325,32.4,0.0775,22.5698678957237,0.0622222222222222,25.1887786254407,1.43554229691078,1.35352901710496,1.51054501020661,0.157015993101652,TRUE,TRUE,TRUE,TRUE,TRUE
1.6,1778.27941003892,3.25,0.2,1,0.1,1000,200,1,0,10,0.03,30,220.033333333333,21.9033333333333,0.0944,20.4500263158106,0.07109375,23.5648216426584,1.07106626637439,1.31069387120908,1.34051021247085,0.0298163412617725,TRUE,TRUE,TRUE,TRUE,TRUE
1.7,1778.27941003892,3.25,0.2,1,0.1,1000,200,1,0,10,0.026,26,121.5,12.05,0.1111,18.8504984700266,0.0788927335640139,22.3697621406816,0.639240390335578,1.27532283888768,1.08098704691089,-0.194335791976794,TRUE,TRUE,TRUE,TRUE,TRUE
1.8,1778.27941003892,3.25,0.2,1,0.1,1000,200,1,0,10,0.042,42,246.404761904762,24.5404761904762,0.1276,17.5895419921885,0.0858024691358025,21.4501323165175,1.39517425760003,1.24525453116554,1.3898829856481,0.14462845448256,TRUE,TRUE,TRUE,TRUE,TRUE
1.9,1778.27941003892,3.25,0.2,1,0.1,1000,200,1,0,10,0.064,64,243.9375,24.29375,0.1439,16.5633992887844,0.0919667590027701,20.71879185665,1.46671281519187,1.21914947138981,1.38549455797534,0.166345086585529,TRUE,TRUE,TRUE,TRUE,TRUE
2,1778.27941003892,3.25,0.2,1,0.1,1000,200,1,0,10,0.111,111,227.990990990991,22.6990990990991,0.16,15.707963267949,0.0975,20.1222972650783,1.44506953014176,1.19611987703015,1.35600862089118,0.159888743861025,TRUE,TRUE,TRUE,TRUE,TRUE
2.1,1778.27941003892,3.25,0.2,1,0.1,1000,200,1,0,10,0.14,140,208.242857142857,20.7242857142857,0.1759,14.9812119600793,0.10249433106576,19.6259164509097,1.38335174547361,1.17554694862938,1.31647957103461,0.140932622405229,TRUE,TRUE,TRUE,TRUE,TRUE
2.2,1778.27941003892,3.25,0.2,1,0.1,1000,200,1,0,10,0.216,216,217.800925925926,21.6800925925926,0.1916,14.3543032188807,0.10702479338843,19.2060329367657,1.51035492716052,1.15698211598685,1.33606113268029,0.179079016693434,TRUE,TRUE,TRUE,TRUE,TRUE
2.3,1778.27941003892,3.25,0.2,1,0.1,1000,200,1,0,10,0.295,295,183.871186440678,18.2871186440678,0.2071,13.8066977924555,0.111153119092628,18.8459936885066,1.32451067727872,1.14008981891139,1.26214528253712,0.12205546362573,TRUE,TRUE,TRUE,TRUE,TRUE
2.4,1778.27941003892,3.25,0.2,1,0.1,1000,200,1,0,10,0.355,355,203.084507042254,20.2084507042254,0.2224,13.3233205516939,0.114930555555556,18.5336994202738,1.5167728364575,1.1246124769031,1.30553301928485,0.180920542381749,TRUE,TRUE,TRUE,TRUE,TRUE
2.5,1778.27941003892,3.25,0.2,1,0.1,1000,200,1,0,10,0.47,470,192.48085106383,19.148085106383,0.2375,12.8928242146115,0.1184,18.2601363937371,1.48517382907325,1.11034806137767,1.28212534909769,0.171777287720016,TRUE,TRUE,TRUE,TRUE,TRUE
2.6,1778.27941003892,3.25,0.2,1,0.1,1000,200,1,0,10,0.556,556,197.780575539568,19.6780575539568,0.2524,12.5064828837631,0.121597633136095,18.0184449630765,1.57342857595115,1.09713519307207,1.29398222645139,0.19684703337932,TRUE,TRUE,TRUE,TRUE,TRUE
2.7,1778.27941003892,3.25,0.2,1,0.1,1000,200,1,0,10,0.659,659,177.848254931715,17.6848254931715,0.2671,12.15746209962,0.124554183813443,17.8033081225223,1.4546477997019,1.08484292434743,1.24760077872659,0.162757854379163,TRUE,TRUE,TRUE,TRUE,TRUE
2.8,1778.27941003892,3.25,0.2,1,0.1,1000,200,1,0,10,0.742,742,166.141509433962,16.5141509433962,0.2816,11.8403228137435,0.127295918367347,17.6105382124006,1.39473823502748,1.07336354312308,1.21785624983628,0.144492706713204,TRUE,TRUE,TRUE,TRUE,TRUE
2.9,1778.27941003892,3.25,0.2,1,0.1,1000,200,1,0,10,0.798,798,165.649122807018,16.4649122807018,0.2959,11.5506755703577,0.129845422116528,17.4367903981458,1.42545015487712,1.0626073857778,1.21655942128487,0.153952035507075,TRUE,TRUE,TRUE,TRUE,TRUE
3,1778.27941003892,3.25,0.2,1,0.1,1000,200,1,0,10,0.843,843,156.08896797153,15.508896797153,0.31,11.2849339478618,0.132222222222222,17.2793595829238,1.3743010697986,1.05249902144098,1.19058090600516,0.138081884564178,TRUE,TRUE,TRUE,TRUE,TRUE
3.1,1778.27941003892,3.25,0.2,1,0.1,1000,200,1,0,10,0.887,887,151.687711386697,15.0687711386697,0.3239,11.0401352624982,0.134443288241415,17.1360336125514,1.36490819907399,1.04297439435303,1.17807783695595,0.135103442602922,TRUE,TRUE,TRUE,TRUE,TRUE
3.2,1778.27941003892,3.25,0.2,1,0.1,1000,200,1,0,10,0.921,921,164.230184581976,16.3230184581976,0.3376,10.8138078756376,0.1365234375,17.0049853051366,1.50946074185133,1.03397864938131,1.21280047172946,0.178821822348153,TRUE,TRUE,TRUE,TRUE,TRUE
3.3,1778.27941003892,3.25,0.2,1,0.1,1000,200,1,0,10,0.94,940,146.201063829787,14.5201063829787,0.3511,10.6038714366792,0.138475665748393,16.8846917882673,1.36932123985898,1.02546445362544,1.1619697982767,0.136505344651265,TRUE,TRUE,TRUE,TRUE,TRUE
3.4,1778.27941003892,3.25,0.2,1,0.1,1000,200,1,0,10,0.944,944,144.876059322034,14.3876059322034,0.3644,10.4085608189369,0.140311418685121,16.7738733839959,1.38228581092856,1.01739068420763,1.15798853424702,0.14059785003939,TRUE,TRUE,TRUE,TRUE,TRUE
3.5,1778.27941003892,3.25,0.2,1,0.1,1000,200,1,0,10,0.976,976,129.103483606557,12.8103483606557,0.3775,10.2263673746065,0.142040816326531,16.6714467108579,1.25267828656983,1.00972139037551,1.10756093997524,0.0978395495997289,TRUE,TRUE,TRUE,TRUE,TRUE
3.6,1778.27941003892,3.25,0.2,1,0.1,1000,200,1,0,10,0.985,985,136.064974619289,13.5064974619289,0.3904,10.0559930346436,0.143672839506173,16.5764882759291,1.34312915844294,1.00242496386079,1.13054274131131,0.128117777450522,TRUE,TRUE,TRUE,TRUE,TRUE
3.7,1778.27941003892,3.25,0.2,1,0.1,1000,200,1,0,10,0.988,988,125.955465587045,12.4955465587045,0.4031,9.89631406195228,0.145215485756026,16.4882059092694,1.26264652480516,0.99547346928159,1.09675525704014,0.101281787758554,TRUE,TRUE,TRUE,TRUE,TRUE
3.8,1778.27941003892,3.25,0.2,1,0.1,1000,200,1,0,10,0.991,991,129.846619576186,12.8846619576186,0.4156,9.74635214753336,0.146675900277008,16.4059161322751,1.32199840130745,0.988842098915545,1.11007302887321,0.121230929957661,TRUE,TRUE,TRUE,TRUE,TRUE
3.9,1778.27941003892,3.25,0.2,1,0.1,1000,200,1,0,10,0.999,999,123.204204204204,12.2204204204204,0.4279,9.6052511545211,0.148060486522025,16.3290260657757,1.2722645377855,0.982508725116149,1.08708614724269,0.104577422126546,TRUE,TRUE,TRUE,TRUE,TRUE
4,1778.27941003892,3.25,0.2,1,0.1,1000,200,1,0,10,0.997,997,120.562688064193,11.9562688064193,0.44,9.47225825099483,0.149375,16.2570188468395,1.26224058609926,0.976453530115021,1.07759567048838,0.101142140373354,TRUE,TRUE,TRUE,TRUE,TRUE
4.1,1778.27941003892,3.25,0.2,1,0.1,1000,200,1,0,10,0.999,999,119.600600600601,11.8600600600601,0.4519,9.34670848555563,0.150624628197501,16.1894417831041,1.26890231768633,0.970658697692514,1.07408688832728,0.10342819063477,TRUE,TRUE,TRUE,TRUE,TRUE
4.2,1778.27941003892,3.25,0.2,1,0.1,1000,200,1,0,10,0.999,999,117.186186186186,11.6186186186186,0.4636,9.22801208736008,0.151814058956916,16.1258966617196,1.25905975291613,0.965108154712336,1.06515449621493,0.100046341502589,TRUE,TRUE,TRUE,TRUE,TRUE
4.3,1778.27941003892,3.25,0.2,1,0.1,1000,200,1,0,10,0.998,998,113.697394789579,11.2697394789579,0.4751,9.11564393982745,0.152947539210384,16.0660317679771,1.23630755581829,0.959787353148512,1.05191387663539,0.0921265234868808,TRUE,TRUE,TRUE,TRUE,TRUE
4.4,1778.27941003892,3.25,0.2,1,0.1,1000,200,1,0,10,1,1000,110.646,10.9646,0.4864,9.00913480182085,0.154028925619835,16.0095352709252,1.21705360627792,0.954683085225776,1.03999279278861,0.0853097075628298,TRUE,TRUE,TRUE,TRUE,TRUE
4.5,1778.27941003892,3.25,0.2,1,0.1,1000,200,1,0,10,0.999,999,110.622622622623,10.9622622622623,0.4975,8.90806394368827,0.155061728395062,15.9561297097612,1.23059986227754,0.949783325817243,1.03990018796523,0.0901168621479876,TRUE,TRUE,TRUE,TRUE,TRUE
4.6,1778.27941003892,3.25,0.2,1,0.1,1000,200,1,0,10,1,1000,107.994,10.6994,0.5084,8.81205293651011,0.156049149338374,15.905567372553,1.21417790804118,0.94507709741713,1.02935942404079,0.084282326623659,TRUE,TRUE,TRUE,TRUE,TRUE
4.7,1778.27941003892,3.25,0.2,1,0.1,1000,200,1,0,10,1,1000,108.035,10.7035,0.5191,8.72076038717988,0.156994114984156,15.857626402861,1.22735857021538,0.94055435391869,1.02952581339901,0.088971459480324,TRUE,TRUE,TRUE,TRUE,TRUE
4.8,1778.27941003892,3.25,0.2,1,0.1,1000,200,1,0,10,1,1000,106.763,10.5763,0.5296,8.63387745380845,0.157899305555556,15.812107503636,1.22497684922951,0.936205880142293,1.02433376121274,0.0881278810704442,TRUE,TRUE,TRUE,TRUE,TRUE
4.9,1778.27941003892,3.25,0.2,1,0.1,1000,200,1,0,10,0.999,999,104.844844844845,10.3844844844845,0.5399,8.55112400848007,0.158767180341524,15.7688311339395,1.21439994019339,0.932023204622494,1.01638494178582,0.0843617371633289,TRUE,TRUE,TRUE,TRUE,TRUE
5,1778.27941003892,3.25,0.2,1,0.1,1000,200,1,0,10,1,1000,104.81,10.381,0.55,8.47224533986308,0.1596,15.72763511444,1.22529501726726,0.927998523610993,1.01623919104264,0.0882406674316457,TRUE,TRUE,TRUE,TRUE,TRUE
1.1,3162.27766016838,3.5,0.2,1,0.1,1000,200,1,0,10,0.381,381,420.152230971129,41.9152230971129,0.00790000000000001,70.6913576838391,0.00991735537190084,63.0931093050002,NA,NA,NA,NA,TRUE,TRUE,TRUE,FALSE,FALSE
1.2,3162.27766016838,3.5,0.2,1,0.1,1000,200,1,0,10,0.15,150,121.306666666667,12.0306666666667,0.0256,39.2699081698724,0.0263888888888889,38.6784726438346,0.306358410990544,1.59405988570219,1.08028969397596,-0.51377019172623,TRUE,TRUE,TRUE,TRUE,TRUE
1.3,3162.27766016838,3.5,0.2,1,0.1,1000,200,1,0,10,0.057,57,42.6842105263158,4.16842105263158,0.0431,30.2650386787526,0.0402366863905326,31.3233904688052,0.137730570804061,1.48094123327775,0.619971580636664,-0.860969652641085,TRUE,TRUE,TRUE,TRUE,TRUE
1.4,3162.27766016838,3.5,0.2,1,0.1,1000,200,1,0,10,0.036,36,40.1944444444444,3.91944444444444,0.0604,25.5659184365163,0.0520408163265306,27.5427828532161,0.153307398448327,1.40766139904755,0.593224512987061,-0.814436886060489,TRUE,TRUE,TRUE,TRUE,TRUE
1.5,3162.27766016838,3.5,0.2,1,0.1,1000,200,1,0,10,0.024,24,35.0416666666667,3.40416666666667,0.0775,22.5698678957237,0.0622222222222222,25.1887786254407,0.150827939374499,1.35352901710496,0.532010814820809,-0.82151820228415,TRUE,TRUE,TRUE,TRUE,TRUE
1.6,3162.27766016838,3.5,0.2,1,0.1,1000,200,1,0,10,0.017,17,25.7647058823529,2.47647058823529,0.0944,20.4500263158106,0.07109375,23.5648216426584,0.121098650436486,1.31069387120908,0.393833174457394,-0.916860696751686,TRUE,TRUE,TRUE,TRUE,TRUE
1.7,3162.27766016838,3.5,0.2,1,0.1,1000,200,1,0,10,0.013,13,29.4615384615385,2.84615384615385,0.1111,18.8504984700266,0.0788927335640139,22.3697621406816,0.150985601292157,1.27532283888768,0.454258371760158,-0.821064467127523,TRUE,TRUE,TRUE,TRUE,TRUE
1.8,3162.27766016838,3.5,0.2,1,0.1,1000,200,1,0,10,0.005,5,17.4,1.64,0.1276,17.5895419921885,0.0858024691358025,21.4501323165175,0.0932372202032502,1.24525453116554,0.214843848047698,-1.03041068311785,TRUE,TRUE,TRUE,TRUE,TRUE
1.9,3162.27766016838,3.5,0.2,1,0.1,1000,200,1,0,10,0.012,12,110.5,10.95,0.1439,16.5633992887844,0.0919667590027701,20.71879185665,0.661096180143081,1.21914947138981,1.03941411917614,-0.179735352213675,TRUE,TRUE,TRUE,TRUE,TRUE
2,3162.27766016838,3.5,0.2,1,0.1,1000,200,1,0,10,0.015,15,152.933333333333,15.1933333333333,0.16,15.707963267949,0.0975,20.1222972650783,0.967237640817145,1.19611987703015,1.18165306612469,-0.0144668109054583,TRUE,TRUE,TRUE,TRUE,TRUE
2.1,3162.27766016838,3.5,0.2,1,0.1,1000,200,1,0,10,0.025,25,175.8,17.48,0.1759,14.9812119600793,0.10249433106576,19.6259164509097,1.166794785801,1.17554694862938,1.24254142829838,0.0669944796689999,TRUE,TRUE,TRUE,TRUE,TRUE
2.2,3162.27766016838,3.5,0.2,1,0.1,1000,200,1,0,10,0.047,47,178.68085106383,17.768085106383,0.1916,14.3543032188807,0.10702479338843,19.2060329367657,1.23782289083959,1.15698211598685,1.24964062574888,0.092658509762029,TRUE,TRUE,TRUE,TRUE,TRUE
2.3,3162.27766016838,3.5,0.2,1,0.1,1000,200,1,0,10,0.103,103,184.669902912621,18.3669902912621,0.2071,13.8066977924555,0.111153119092628,18.8459936885066,1.33029567006954,1.14008981891139,1.26403799642638,0.123948177514987,TRUE,TRUE,TRUE,TRUE,TRUE
2.4,3162.27766016838,3.5,0.2,1,0.1,1000,200,1,0,10,0.162,162,176.777777777778,17.5777777777778,0.2224,13.3233205516939,0.114930555555556,18.5336994202738,1.31932409113604,1.1246124769031,1.24496396972233,0.120351492819228,TRUE,TRUE,TRUE,TRUE,TRUE
2.5,3162.27766016838,3.5,0.2,1,0.1,1000,200,1,0,10,0.242,242,178.723140495868,17.7723140495868,0.2375,12.8928242146115,0.1184,18.2601363937371,1.37846555213599,1.11034806137767,1.24974397893286,0.13939591755519,TRUE,TRUE,TRUE,TRUE,TRUE
2.6,3162.27766016838,3.5,0.2,1,0.1,1000,200,1,0,10,0.338,338,172.366863905325,17.1366863905325,0.2524,12.5064828837631,0.121597633136095,18.0184449630765,1.37022427086841,1.09713519307207,1.23392684900895,0.136791655936879,TRUE,TRUE,TRUE,TRUE,TRUE
2.7,3162.27766016838,3.5,0.2,1,0.1,1000,200,1,0,10,0.437,437,168.592677345538,16.7592677345538,0.2671,12.15746209962,0.124554183813443,17.8033081225223,1.37851696326305,1.08484292434743,1.22425503900845,0.139412114661023,TRUE,TRUE,TRUE,TRUE,TRUE
2.8,3162.27766016838,3.5,0.2,1,0.1,1000,200,1,0,10,0.526,526,164.142585551331,16.3142585551331,0.2816,11.8403228137435,0.127295918367347,17.6105382124006,1.37785589225629,1.07336354312308,1.21256734090468,0.139203797781605,TRUE,TRUE,TRUE,TRUE,TRUE
2.9,3162.27766016838,3.5,0.2,1,0.1,1000,200,1,0,10,0.669,669,159.355754857997,15.8355754857997,0.2959,11.5506755703577,0.129845422116528,17.4367903981458,1.37096530755641,1.0626073857778,1.19963385083176,0.137026465053957,TRUE,TRUE,TRUE,TRUE,TRUE
3,3162.27766016838,3.5,0.2,1,0.1,1000,200,1,0,10,0.716,716,154.354748603352,15.3354748603352,0.31,11.2849339478618,0.132222222222222,17.2793595829238,1.35893350649525,1.05249902144098,1.18569722838047,0.133198206939494,TRUE,TRUE,TRUE,TRUE,TRUE
3.1,3162.27766016838,3.5,0.2,1,0.1,1000,200,1,0,10,0.787,787,152.350698856417,15.1350698856417,0.3239,11.0401352624982,0.134443288241415,17.1360336125514,1.37091344678117,1.04297439435303,1.1799844306364,0.137010036283369,TRUE,TRUE,TRUE,TRUE,TRUE
3.2,3162.27766016838,3.5,0.2,1,0.1,1000,200,1,0,10,0.842,842,149.751781472684,14.8751781472684,0.3376,10.8138078756376,0.1365234375,17.0049853051366,1.37557263069013,1.03397864938131,1.17246217560478,0.138483526223472,TRUE,TRUE,TRUE,TRUE,TRUE
3.3,3162.27766016838,3.5,0.2,1,0.1,1000,200,1,0,10,0.866,866,148.09584295612,14.709584295612,0.3511,10.6038714366792,0.138475665748393,16.8846917882673,1.38718998843489,1.02546445362544,1.16760039939831,0.142135945772869,TRUE,TRUE,TRUE,TRUE,TRUE
3.4,3162.27766016838,3.5,0.2,1,0.1,1000,200,1,0,10,0.926,926,145.51403887689,14.451403887689,0.3644,10.4085608189369,0.140311418685121,16.7738733839959,1.38841518429683,1.01739068420763,1.15991003886148,0.142519354653843,TRUE,TRUE,TRUE,TRUE,TRUE
3.5,3162.27766016838,3.5,0.2,1,0.1,1000,200,1,0,10,0.915,915,144.549726775956,14.3549726775956,0.3775,10.2263673746065,0.142040816326531,16.6714467108579,1.4037215906443,1.00972139037551,1.15700237022293,0.147280979847418,TRUE,TRUE,TRUE,TRUE,TRUE
3.6,3162.27766016838,3.5,0.2,1,0.1,1000,200,1,0,10,0.947,947,134.812038014784,13.3812038014784,0.3904,10.0559930346436,0.143672839506173,16.5764882759291,1.33066955748469,1.00242496386079,1.12649518524214,0.124070221381357,TRUE,TRUE,TRUE,TRUE,TRUE
3.7,3162.27766016838,3.5,0.2,1,0.1,1000,200,1,0,10,0.972,972,136.847736625514,13.5847736625514,0.4031,9.89631406195228,0.145215485756026,16.4882059092694,1.3727104432528,0.99547346928159,1.13305240698477,0.137578937703176,TRUE,TRUE,TRUE,TRUE,TRUE
3.8,3162.27766016838,3.5,0.2,1,0.1,1000,200,1,0,10,0.981,981,131.532110091743,13.0532110091743,0.4156,9.74635214753336,0.146675900277008,16.4059161322751,1.33929195370576,0.988842098915545,1.11571735857312,0.126875259657574,TRUE,TRUE,TRUE,TRUE,TRUE
3.9,3162.27766016838,3.5,0.2,1,0.1,1000,200,1,0,10,0.992,992,130.004032258065,12.9004032258065,0.4279,9.6052511545211,0.148060486522025,16.3290260657757,1.34305735667665,0.982508725116149,1.11060328518342,0.128094560067274,TRUE,TRUE,TRUE,TRUE,TRUE
4,3162.27766016838,3.5,0.2,1,0.1,1000,200,1,0,10,0.987,987,129.332320162107,12.8332320162107,0.44,9.47225825099483,0.149375,16.2570188468395,1.35482286020474,0.976453530115021,1.10833604608954,0.131882515974522,TRUE,TRUE,TRUE,TRUE,TRUE
4.1,3162.27766016838,3.5,0.2,1,0.1,1000,200,1,0,10,0.991,991,124.713420787084,12.3713420787084,0.4519,9.34670848555563,0.150624628197501,16.1894417831041,1.32360414340802,0.970658697692514,1.09241681569712,0.121758118004607,TRUE,TRUE,TRUE,TRUE,TRUE
4.2,3162.27766016838,3.5,0.2,1,0.1,1000,200,1,0,10,0.997,997,123.93480441324,12.293480441324,0.4636,9.22801208736008,0.151814058956916,16.1258966617196,1.33219162750803,0.965108154712336,1.0896748546093,0.124566699896963,TRUE,TRUE,TRUE,TRUE,TRUE
4.3,3162.27766016838,3.5,0.2,1,0.1,1000,200,1,0,10,0.997,997,120.314944834504,11.9314944834504,0.4751,9.11564393982745,0.152947539210384,16.0660317679771,1.30890308597071,0.959787353148512,1.07669484478232,0.116907491633804,TRUE,TRUE,TRUE,TRUE,TRUE
4.4,3162.27766016838,3.5,0.2,1,0.1,1000,200,1,0,10,0.997,997,118.406218655968,11.7406218655968,0.4864,9.00913480182085,0.154028925619835,16.0095352709252,1.30319083062492,0.954683085225776,1.06969110079955,0.115008015573773,TRUE,TRUE,TRUE,TRUE,TRUE
4.5,3162.27766016838,3.5,0.2,1,0.1,1000,200,1,0,10,0.997,997,117.473420260782,11.6473420260782,0.4975,8.90806394368827,0.155061728395062,15.9561297097612,1.3075054354915,0.949783325817243,1.06622682878604,0.116443502968801,TRUE,TRUE,TRUE,TRUE,TRUE
4.6,3162.27766016838,3.5,0.2,1,0.1,1000,200,1,0,10,1,1000,115.704,11.4704,0.5084,8.81205293651011,0.156049149338374,15.905567372553,1.30167170835706,0.94507709741713,1.05957856304196,0.114501465624831,TRUE,TRUE,TRUE,TRUE,TRUE
4.7,3162.27766016838,3.5,0.2,1,0.1,1000,200,1,0,10,0.998,998,115.488977955912,11.4488977955912,0.5191,8.72076038717988,0.156994114984156,15.857626402861,1.31283251543316,0.94055435391869,1.05876367843716,0.118209324518469,TRUE,TRUE,TRUE,TRUE,TRUE
4.8,3162.27766016838,3.5,0.2,1,0.1,1000,200,1,0,10,1,1000,115.829,11.4829,0.5296,8.63387745380845,0.157899305555556,15.812107503636,1.32998181424672,0.936205880142293,1.06005158274374,0.12384570260145,TRUE,TRUE,TRUE,TRUE,TRUE
4.9,3162.27766016838,3.5,0.2,1,0.1,1000,200,1,0,10,1,1000,114.4,11.34,0.5399,8.55112400848007,0.158767180341524,15.7688311339395,1.32614145096647,0.932023204622494,1.05461305455689,0.122589849934394,TRUE,TRUE,TRUE,TRUE,TRUE
5,3162.27766016838,3.5,0.2,1,0.1,1000,200,1,0,10,0.999,999,112.312312312312,11.1312312312312,0.55,8.47224533986308,0.1596,15.72763511444,1.31384665867232,0.927998523610993,1.04654320452841,0.118544680917419,TRUE,TRUE,TRUE,TRUE,TRUE
1.1,5623.41325190349,3.75,0.2,1,0.1,1000,200,1,0,10,0.27,270,114.014814814815,11.3014814814815,0.00790000000000001,70.6913576838391,0.00991735537190084,63.0931093050002,NA,NA,NA,NA,TRUE,TRUE,TRUE,FALSE,FALSE
1.2,5623.41325190349,3.75,0.2,1,0.1,1000,200,1,0,10,0.124,124,62.7822580645161,6.17822580645161,0.0256,39.2699081698724,0.0263888888888889,38.6784726438346,0.15732722826155,1.59405988570219,0.79086377717744,-0.80319610852475,TRUE,TRUE,TRUE,TRUE,TRUE
1.3,5623.41325190349,3.75,0.2,1,0.1,1000,200,1,0,10,0.054,54,48.3333333333333,4.73333333333333,0.0431,30.2650386787526,0.0402366863905326,31.3233904688052,0.156396077453433,1.48094123327775,0.675167089663394,-0.805774143614355,TRUE,TRUE,TRUE,TRUE,TRUE
1.4,5623.41325190349,3.75,0.2,1,0.1,1000,200,1,0,10,0.047,47,40.5106382978723,3.95106382978723,0.0604,25.5659184365163,0.0520408163265306,27.5427828532161,0.154544177225562,1.40766139904755,0.596714045804063,-0.810947353243486,TRUE,TRUE,TRUE,TRUE,TRUE
1.5,5623.41325190349,3.75,0.2,1,0.1,1000,200,1,0,10,0.023,23,34.3913043478261,3.33913043478261,0.0775,22.5698678957237,0.0622222222222222,25.1887786254407,0.147946388087423,1.35352901710496,0.523633384013919,-0.829895633091041,TRUE,TRUE,TRUE,TRUE,TRUE
1.6,5623.41325190349,3.75,0.2,1,0.1,1000,200,1,0,10,0.006,6,31.5,3.05,0.0944,20.4500263158106,0.07109375,23.5648216426584,0.149144062354675,1.31069387120908,0.484299839346786,-0.826394031862295,TRUE,TRUE,TRUE,TRUE,TRUE
1.7,5623.41325190349,3.75,0.2,1,0.1,1000,200,1,0,10,0.012,12,23.75,2.275,0.1111,18.8504984700266,0.0788927335640139,22.3697621406816,0.120686463735555,1.27532283888768,0.356981400993131,-0.91834143789455,TRUE,TRUE,TRUE,TRUE,TRUE
1.8,5623.41325190349,3.75,0.2,1,0.1,1000,200,1,0,10,0.012,12,14.75,1.375,0.1276,17.5895419921885,0.0858024691358025,21.4501323165175,0.0781714498655299,1.24525453116554,0.138302698166281,-1.10695183299926,TRUE,TRUE,TRUE,TRUE,TRUE
1.9,5623.41325190349,3.75,0.2,1,0.1,1000,200,1,0,10,0.006,6,21.5,2.05,0.1439,16.5633992887844,0.0919667590027701,20.71879185665,0.123766864775645,1.21914947138981,0.311753861055754,-0.907395610334058,TRUE,TRUE,TRUE,TRUE,TRUE
2,5623.41325190349,3.75,0.2,1,0.1,1000,200,1,0,10,0.003,3,8.33333333333333,0.733333333333333,0.16,15.707963267949,0.0975,20.1222972650783,0.0466854499736226,1.19611987703015,-0.134698573897456,-1.33081845092761,TRUE,TRUE,TRUE,TRUE,TRUE
2.1,5623.41325190349,3.75,0.2,1,0.1,1000,200,1,0,10,0.005,5,98,9.7,0.1759,14.9812119600793,0.10249433106576,19.6259164509097,0.64747765573625,1.17554694862938,0.986771734266245,-0.188775214363139,TRUE,TRUE,TRUE,TRUE,TRUE
2.2,5623.41325190349,3.75,0.2,1,0.1,1000,200,1,0,10,0.008,8,153.75,15.275,0.1916,14.3543032188807,0.10702479338843,19.2060329367657,1.0641408201485,1.15698211598685,1.18398121891459,0.0269991029277396,TRUE,TRUE,TRUE,TRUE,TRUE
2.3,5623.41325190349,3.75,0.2,1,0.1,1000,200,1,0,10,0.016,16,183.375,18.2375,0.2071,13.8066977924555,0.111153119092628,18.8459936885066,1.32091686760651,1.14008981891139,1.26096530490151,0.120875485990119,TRUE,TRUE,TRUE,TRUE,TRUE
2.4,5623.41325190349,3.75,0.2,1,0.1,1000,200,1,0,10,0.032,32,189.59375,18.859375,0.2224,13.3233205516939,0.114930555555556,18.5336994202738,1.41551611903552,1.1246124769031,1.27552729611346,0.150914819210357,TRUE,TRUE,TRUE,TRUE,TRUE
2.5,5623.41325190349,3.75,0.2,1,0.1,1000,200,1,0,10,0.088,88,183.454545454545,18.2454545454545,0.2375,12.8928242146115,0.1184,18.2601363937371,1.41516352365813,1.11034806137767,1.26115468732926,0.150806625951588,TRUE,TRUE,TRUE,TRUE,TRUE
2.6,5623.41325190349,3.75,0.2,1,0.1,1000,200,1,0,10,0.133,133,182.067669172932,18.1067669172932,0.2524,12.5064828837631,0.121597633136095,18.0184449630765,1.44779048478936,1.09713519307207,1.25784091109108,0.160705718019011,TRUE,TRUE,TRUE,TRUE,TRUE
2.7,5623.41325190349,3.75,0.2,1,0.1,1000,200,1,0,10,0.249,249,177.751004016064,17.6751004016064,0.2671,12.15746209962,0.124554183813443,17.8033081225223,1.45384787193035,1.08484292434743,1.24736188944149,0.162518965094057,TRUE,TRUE,TRUE,TRUE,TRUE
2.8,5623.41325190349,3.75,0.2,1,0.1,1000,200,1,0,10,0.32,320,177.2125,17.62125,0.2816,11.8403228137435,0.127295918367347,17.6105382124006,1.48824067360278,1.07336354312308,1.24603671275067,0.172673169627593,TRUE,TRUE,TRUE,TRUE,TRUE
2.9,5623.41325190349,3.75,0.2,1,0.1,1000,200,1,0,10,0.441,441,171.140589569161,17.0140589569161,0.2959,11.5506755703577,0.129845422116528,17.4367903981458,1.47299254085008,1.0626073857778,1.2308079333836,0.1682005476058,TRUE,TRUE,TRUE,TRUE,TRUE
3,5623.41325190349,3.75,0.2,1,0.1,1000,200,1,0,10,0.565,565,165.83185840708,16.483185840708,0.31,11.2849339478618,0.132222222222222,17.2793595829238,1.46063644828254,1.05249902144098,1.21704115513548,0.164542133694504,TRUE,TRUE,TRUE,TRUE,TRUE
3.1,5623.41325190349,3.75,0.2,1,0.1,1000,200,1,0,10,0.637,637,166.706436420722,16.5706436420722,0.3239,11.0401352624982,0.134443288241415,17.1360336125514,1.50094570837011,1.04297439435303,1.21933937774773,0.1763649833947,TRUE,TRUE,TRUE,TRUE,TRUE
3.2,5623.41325190349,3.75,0.2,1,0.1,1000,200,1,0,10,0.749,749,159.835781041389,15.8835781041389,0.3376,10.8138078756376,0.1365234375,17.0049853051366,1.46882377482616,1.03397864938131,1.20094834291729,0.166969693535984,TRUE,TRUE,TRUE,TRUE,TRUE
3.3,5623.41325190349,3.75,0.2,1,0.1,1000,200,1,0,10,0.759,759,156.826086956522,15.5826086956522,0.3511,10.6038714366792,0.138475665748393,16.8846917882673,1.46952071125187,1.02546445362544,1.19264016497249,0.167175711347055,TRUE,TRUE,TRUE,TRUE,TRUE
3.4,5623.41325190349,3.75,0.2,1,0.1,1000,200,1,0,10,0.861,861,153.465737514518,15.2465737514518,0.3644,10.4085608189369,0.140311418685121,16.7738733839959,1.46481093944447,1.01739068420763,1.18317225889466,0.165781574687023,TRUE,TRUE,TRUE,TRUE,TRUE
3.5,5623.41325190349,3.75,0.2,1,0.1,1000,200,1,0,10,0.887,887,149.712514092446,14.8712514092446,0.3775,10.2263673746065,0.142040816326531,16.6714467108579,1.45420664684627,1.00972139037551,1.17234751574873,0.162626125373215,TRUE,TRUE,TRUE,TRUE,TRUE
3.6,5623.41325190349,3.75,0.2,1,0.1,1000,200,1,0,10,0.924,924,146.322510822511,14.5322510822511,0.3904,10.0559930346436,0.143672839506173,16.5764882759291,1.44513336795147,1.00242496386079,1.16233289281675,0.159907928955965,TRUE,TRUE,TRUE,TRUE,TRUE
3.7,5623.41325190349,3.75,0.2,1,0.1,1000,200,1,0,10,0.939,939,144.315228966986,14.3315228966986,0.4031,9.89631406195228,0.145215485756026,16.4882059092694,1.44816775286044,0.99547346928159,1.1562923418622,0.160818872580611,TRUE,TRUE,TRUE,TRUE,TRUE
3.8,5623.41325190349,3.75,0.2,1,0.1,1000,200,1,0,10,0.966,966,143.136645962733,14.2136645962733,0.4156,9.74635214753336,0.146675900277008,16.4059161322751,1.45835738141993,0.988842098915545,1.15270606306178,0.163863964146236,TRUE,TRUE,TRUE,TRUE,TRUE
3.9,5623.41325190349,3.75,0.2,1,0.1,1000,200,1,0,10,0.977,977,139.703172978506,13.8703172978506,0.4279,9.6052511545211,0.148060486522025,16.3290260657757,1.44403483831049,0.982508725116149,1.14208639612227,0.159577671006123,TRUE,TRUE,TRUE,TRUE,TRUE
4,5623.41325190349,3.75,0.2,1,0.1,1000,200,1,0,10,0.977,977,136.725690890481,13.5725690890481,0.44,9.47225825099483,0.149375,16.2570188468395,1.43287574403101,0.976453530115021,1.13266206104173,0.156208530926712,TRUE,TRUE,TRUE,TRUE,TRUE
4.1,5623.41325190349,3.75,0.2,1,0.1,1000,200,1,0,10,0.983,983,134.018311291963,13.3018311291963,0.4519,9.34670848555563,0.150624628197501,16.1894417831041,1.42315673477491,0.970658697692514,1.12391143003221,0.153252732339694,TRUE,TRUE,TRUE,TRUE,TRUE
4.2,5623.41325190349,3.75,0.2,1,0.1,1000,200,1,0,10,0.994,994,131.048289738431,13.0048289738431,0.4636,9.22801208736008,0.151814058956916,16.1258966617196,1.40927740999128,0.965108154712336,1.11410464517437,0.14899649046203,TRUE,TRUE,TRUE,TRUE,TRUE
4.3,5623.41325190349,3.75,0.2,1,0.1,1000,200,1,0,10,0.992,992,131.964717741935,13.0964717741935,0.4751,9.11564393982745,0.152947539210384,16.0660317679771,1.43670286604475,0.959787353148512,1.11715431127549,0.15736695812698,TRUE,TRUE,TRUE,TRUE,TRUE
4.4,5623.41325190349,3.75,0.2,1,0.1,1000,200,1,0,10,0.995,995,129.111557788945,12.8111557788945,0.4864,9.00913480182085,0.154028925619835,16.0095352709252,1.42201843581086,0.954683085225776,1.10758831208297,0.152905226857197,TRUE,TRUE,TRUE,TRUE,TRUE
4.5,5623.41325190349,3.75,0.2,1,0.1,1000,200,1,0,10,0.997,997,127.58074222668,12.658074222668,0.4975,8.90806394368827,0.155061728395062,15.9561297097612,1.42096804678156,0.949783325817243,1.10236763790202,0.152584312084774,TRUE,TRUE,TRUE,TRUE,TRUE
4.6,5623.41325190349,3.75,0.2,1,0.1,1000,200,1,0,10,0.998,998,124.538076152305,12.3538076152305,0.5084,8.81205293651011,0.156049149338374,15.905567372553,1.40192162986745,0.94507709741713,1.09180083382421,0.146723736407082,TRUE,TRUE,TRUE,TRUE,TRUE
4.7,5623.41325190349,3.75,0.2,1,0.1,1000,200,1,0,10,0.998,998,125.077154308617,12.4077154308617,0.5191,8.72076038717988,0.156994114984156,15.857626402861,1.42277907888651,0.94055435391869,1.09369182443936,0.153137470520668,TRUE,TRUE,TRUE,TRUE,TRUE
4.8,5623.41325190349,3.75,0.2,1,0.1,1000,200,1,0,10,0.999,999,123.264264264264,12.2264264264264,0.5296,8.63387745380845,0.157899305555556,15.812107503636,1.41609913875177,0.936205880142293,1.08729953879667,0.151093658654372,TRUE,TRUE,TRUE,TRUE,TRUE
4.9,5623.41325190349,3.75,0.2,1,0.1,1000,200,1,0,10,1,1000,122.299,12.1299,0.5399,8.55112400848007,0.158767180341524,15.7688311339395,1.41851527214094,0.932023204622494,1.08385722051808,0.151834015895587,TRUE,TRUE,TRUE,TRUE,TRUE
5,5623.41325190349,3.75,0.2,1,0.1,1000,200,1,0,10,1,1000,120.553,11.9553,0.55,8.47224533986308,0.1596,15.72763511444,1.41111352662896,0.927998523610993,1.07756047854547,0.149561954934474,TRUE,TRUE,TRUE,TRUE,TRUE
1.1,10000,4,0.2,1,0.1,1000,200,1,0,10,0.255,255,86.4627450980392,8.54627450980392,0.00790000000000001,70.6913576838391,0.00991735537190084,63.0931093050002,NA,NA,NA,NA,TRUE,TRUE,TRUE,FALSE,FALSE
1.2,10000,4,0.2,1,0.1,1000,200,1,0,10,0.115,115,63.8,6.28,0.0256,39.2699081698724,0.0263888888888889,38.6784726438346,0.159918886818737,1.59405988570219,0.797959643737196,-0.796100241964994,TRUE,TRUE,TRUE,TRUE,TRUE
1.3,10000,4,0.2,1,0.1,1000,200,1,0,10,0.064,64,51.3125,5.03125,0.0431,30.2650386787526,0.0402366863905326,31.3233904688052,0.166239668595969,1.48094123327775,0.701675897711944,-0.779265335565805,TRUE,TRUE,TRUE,TRUE,TRUE
1.4,10000,4,0.2,1,0.1,1000,200,1,0,10,0.04,40,35.475,3.4475,0.0604,25.5659184365163,0.0520408163265306,27.5427828532161,0.13484749271029,1.40766139904755,0.537504274847887,-0.870157124199662,TRUE,TRUE,TRUE,TRUE,TRUE
1.5,10000,4,0.2,1,0.1,1000,200,1,0,10,0.028,28,29.6428571428571,2.86428571428571,0.0775,22.5698678957237,0.0622222222222222,25.1887786254407,0.126907509052298,1.35352901710496,0.457016336941944,-0.896512680163016,TRUE,TRUE,TRUE,TRUE,TRUE
1.6,10000,4,0.2,1,0.1,1000,200,1,0,10,0.013,13,21.5384615384615,2.05384615384615,0.0944,20.4500263158106,0.07109375,23.5648216426584,0.100432445520046,1.31069387120908,0.312567909057739,-0.998125962151342,TRUE,TRUE,TRUE,TRUE,TRUE
1.7,10000,4,0.2,1,0.1,1000,200,1,0,10,0.008,8,28,2.7,0.1111,18.8504984700266,0.0788927335640139,22.3697621406816,0.143232286631208,1.27532283888768,0.431363764158987,-0.843959074728694,TRUE,TRUE,TRUE,TRUE,TRUE
1.8,10000,4,0.2,1,0.1,1000,200,1,0,10,0.007,7,12.8571428571429,1.18571428571429,0.1276,17.5895419921885,0.0858024691358025,21.4501323165175,0.0674101853385868,1.24525453116554,0.0739800523618171,-1.17127447880373,TRUE,TRUE,TRUE,TRUE,TRUE
1.9,10000,4,0.2,1,0.1,1000,200,1,0,10,0.004,4,15,1.4,0.1439,16.5633992887844,0.0919667590027701,20.71879185665,0.084523712529709,1.21914947138981,0.146128035678238,-1.07302143571157,TRUE,TRUE,TRUE,TRUE,TRUE
2,10000,4,0.2,1,0.1,1000,200,1,0,10,0.002,2,11.5,1.05,0.16,15.707963267949,0.0975,20.1222972650783,0.0668450760985961,1.19611987703015,0.0211892990699381,-1.17493057796021,TRUE,TRUE,TRUE,TRUE,TRUE
2.1,10000,4,0.2,1,0.1,1000,200,1,0,10,0.008,8,15.375,1.4375,0.1759,14.9812119600793,0.10249433106576,19.6259164509097,0.0959535185691608,1.17554694862938,0.157607853361668,-1.01793909526772,TRUE,TRUE,TRUE,TRUE,TRUE
2.2,10000,4,0.2,1,0.1,1000,200,1,0,10,0.002,2,18,1.7,0.1916,14.3543032188807,0.10702479338843,19.2060329367657,0.118431384239113,1.15698211598685,0.230448921378274,-0.926533194608578,TRUE,TRUE,TRUE,TRUE,TRUE
2.3,10000,4,0.2,1,0.1,1000,200,1,0,10,0.002,2,104.5,10.35,0.2071,13.8066977924555,0.111153119092628,18.8459936885066,0.749636166126246,1.14008981891139,1.01494034979294,-0.125149469118452,TRUE,TRUE,TRUE,TRUE,TRUE
2.4,10000,4,0.2,1,0.1,1000,200,1,0,10,0.007,7,150.714285714286,14.9714285714286,0.2224,13.3233205516939,0.114930555555556,18.5336994202738,1.12370099580957,1.1246124769031,1.17526324263345,0.050650765730346,TRUE,TRUE,TRUE,TRUE,TRUE
2.5,10000,4,0.2,1,0.1,1000,200,1,0,10,0.014,14,191.071428571429,19.0071428571429,0.2375,12.8928242146115,0.1184,18.2601363937371,1.47424199234811,1.11034806137767,1.27891683887315,0.168568777495479,TRUE,TRUE,TRUE,TRUE,TRUE
2.6,10000,4,0.2,1,0.1,1000,200,1,0,10,0.039,39,197.666666666667,19.6666666666667,0.2524,12.5064828837631,0.121597633136095,18.0184449630765,1.57251777733606,1.09713519307207,1.29373075692248,0.196595563850415,TRUE,TRUE,TRUE,TRUE,TRUE
2.7,10000,4,0.2,1,0.1,1000,200,1,0,10,0.069,69,182.68115942029,18.168115942029,0.2671,12.15746209962,0.124554183813443,17.8033081225223,1.49440037675271,1.08484292434743,1.25930989272328,0.17446696837585,TRUE,TRUE,TRUE,TRUE,TRUE
2.8,10000,4,0.2,1,0.1,1000,200,1,0,10,0.141,141,185.531914893617,18.4531914893617,0.2816,11.8403228137435,0.127295918367347,17.6105382124006,1.5585040863871,1.07336354312308,1.2660714884546,0.192707945331525,TRUE,TRUE,TRUE,TRUE,TRUE
2.9,10000,4,0.2,1,0.1,1000,200,1,0,10,0.224,224,184.111607142857,18.3111607142857,0.2959,11.5506755703577,0.129845422116528,17.4367903981458,1.5852891549718,1.0626073857778,1.26271587438538,0.200108488607581,TRUE,TRUE,TRUE,TRUE,TRUE
3,10000,4,0.2,1,0.1,1000,200,1,0,10,0.331,331,179.335347432024,17.8335347432024,0.31,11.2849339478618,0.132222222222222,17.2793595829238,1.58029589057376,1.05249902144098,1.25123743220068,0.198738410759697,TRUE,TRUE,TRUE,TRUE,TRUE
3.1,10000,4,0.2,1,0.1,1000,200,1,0,10,0.443,443,176.279909706546,17.5279909706546,0.3239,11.0401352624982,0.134443288241415,17.1360336125514,1.58766088946345,1.04297439435303,1.24373214083084,0.200757746477813,TRUE,TRUE,TRUE,TRUE,TRUE
3.2,10000,4,0.2,1,0.1,1000,200,1,0,10,0.543,543,172.220994475138,17.1220994475138,0.3376,10.8138078756376,0.1365234375,17.0049853051366,1.58335524770032,1.03397864938131,1.23355701516407,0.199578365782759,TRUE,TRUE,TRUE,TRUE,TRUE
3.3,10000,4,0.2,1,0.1,1000,200,1,0,10,0.66,660,167.672727272727,16.6672727272727,0.3511,10.6038714366792,0.138475665748393,16.8846917882673,1.5718101475297,1.02546445362544,1.22186454185584,0.196400088230402,TRUE,TRUE,TRUE,TRUE,TRUE
3.4,10000,4,0.2,1,0.1,1000,200,1,0,10,0.742,742,165.433962264151,16.4433962264151,0.3644,10.4085608189369,0.140311418685121,16.7738733839959,1.57979537348705,1.01739068420763,1.21599152184522,0.198600837637588,TRUE,TRUE,TRUE,TRUE,TRUE
3.5,10000,4,0.2,1,0.1,1000,200,1,0,10,0.815,815,160.996319018405,15.9996319018405,0.3775,10.2263673746065,0.142040816326531,16.6714467108579,1.56454695159591,1.00972139037551,1.20410999110352,0.194388600728012,TRUE,TRUE,TRUE,TRUE,TRUE
3.6,10000,4,0.2,1,0.1,1000,200,1,0,10,0.847,847,157.383707201889,15.6383707201889,0.3904,10.0559930346436,0.143672839506173,16.5764882759291,1.55512943041166,1.00242496386079,1.19419150421679,0.191766540356004,TRUE,TRUE,TRUE,TRUE,TRUE
3.7,10000,4,0.2,1,0.1,1000,200,1,0,10,0.874,874,154.199084668192,15.3199084668192,0.4031,9.89631406195228,0.145215485756026,16.4882059092694,1.54804186396213,0.99547346928159,1.18525617048757,0.189782701205983,TRUE,TRUE,TRUE,TRUE,TRUE
3.8,10000,4,0.2,1,0.1,1000,200,1,0,10,0.928,928,150.566810344828,14.9566810344828,0.4156,9.74635214753336,0.146675900277008,16.4059161322751,1.53459271818616,0.988842098915545,1.17483523200933,0.185993133093783,TRUE,TRUE,TRUE,TRUE,TRUE
3.9,10000,4,0.2,1,0.1,1000,200,1,0,10,0.94,940,149.225531914894,14.8225531914894,0.4279,9.6052511545211,0.148060486522025,16.3290260657757,1.54317184975559,0.982508725116149,1.17092301750773,0.188414292391584,TRUE,TRUE,TRUE,TRUE,TRUE
4,10000,4,0.2,1,0.1,1000,200,1,0,10,0.964,964,147.646265560166,14.6646265560166,0.44,9.47225825099483,0.149375,16.2570188468395,1.5481658298829,0.976453530115021,1.16627100787393,0.189817477758908,TRUE,TRUE,TRUE,TRUE,TRUE
4.1,10000,4,0.2,1,0.1,1000,200,1,0,10,0.971,971,145.19052523172,14.419052523172,0.4519,9.34670848555563,0.150624628197501,16.1894417831041,1.54268773284789,0.970658697692514,1.15893672380386,0.188278026111343,TRUE,TRUE,TRUE,TRUE,TRUE
4.2,10000,4,0.2,1,0.1,1000,200,1,0,10,0.979,979,142.596527068437,14.1596527068437,0.4636,9.22801208736008,0.151814058956916,16.1258966617196,1.53442069351412,0.965108154712336,1.15105260156342,0.185944446851087,TRUE,TRUE,TRUE,TRUE,TRUE
4.3,10000,4,0.2,1,0.1,1000,200,1,0,10,0.994,994,139.409456740443,13.8409456740443,0.4751,9.11564393982745,0.152947539210384,16.0660317679771,1.51837278478719,0.959787353148512,1.14116576403608,0.181378410887569,TRUE,TRUE,TRUE,TRUE,TRUE
4.4,10000,4,0.2,1,0.1,1000,200,1,0,10,0.988,988,138.015182186235,13.7015182186235,0.4864,9.00913480182085,0.154028925619835,16.0095352709252,1.52084728667333,0.954683085225776,1.1367686925169,0.182085607291125,TRUE,TRUE,TRUE,TRUE,TRUE
4.5,10000,4,0.2,1,0.1,1000,200,1,0,10,0.994,994,135.888329979879,13.4888329979879,0.4975,8.90806394368827,0.155061728395062,15.9561297097612,1.51422723088391,0.949783325817243,1.12997437780699,0.180191051989743,TRUE,TRUE,TRUE,TRUE,TRUE
4.6,10000,4,0.2,1,0.1,1000,200,1,0,10,0.995,995,135.647236180905,13.4647236180905,0.5084,8.81205293651011,0.156049149338374,15.905567372553,1.52798941575843,0.94507709741713,1.12919744334945,0.184120345932322,TRUE,TRUE,TRUE,TRUE,TRUE
4.7,10000,4,0.2,1,0.1,1000,200,1,0,10,0.997,997,133.473420260782,13.2473420260782,0.5191,8.72076038717988,0.156994114984156,15.857626402861,1.51905813689741,0.94055435391869,1.12212874927627,0.181574395357575,TRUE,TRUE,TRUE,TRUE,TRUE
4.8,10000,4,0.2,1,0.1,1000,200,1,0,10,0.998,998,132.235470941884,13.1235470941884,0.5296,8.63387745380845,0.157899305555556,15.812107503636,1.52000618081503,0.936205880142293,1.11805123406628,0.181845353923985,TRUE,TRUE,TRUE,TRUE,TRUE
4.9,10000,4,0.2,1,0.1,1000,200,1,0,10,1,1000,131.099,13.0099,0.5399,8.55112400848007,0.158767180341524,15.7688311339395,1.52142571983498,0.932023204622494,1.11427395838979,0.182250753767294,TRUE,TRUE,TRUE,TRUE,TRUE
5,10000,4,0.2,1,0.1,1000,200,1,0,10,1,1000,129.755,12.8755,0.55,8.47224533986308,0.1596,15.72763511444,1.51972700075374,0.927998523610993,1.10976410319087,0.181765579579875,TRUE,TRUE,TRUE,TRUE,TRUE
1.1,17782.7941003892,4.25,0.2,1,0.1,1000,200,1,0,10,0.229,229,79.3624454148472,7.83624454148472,0.00790000000000001,70.6913576838391,0.00991735537190084,63.0931093050002,NA,NA,NA,NA,TRUE,TRUE,TRUE,FALSE,FALSE
1.2,17782.7941003892,4.25,0.2,1,0.1,1000,200,1,0,10,0.098,98,53.7244897959184,5.27244897959184,0.0256,39.2699081698724,0.0263888888888889,38.6784726438346,0.134261810768298,1.59405988570219,0.722012385853167,-0.872047499849023,TRUE,TRUE,TRUE,TRUE,TRUE
1.3,17782.7941003892,4.25,0.2,1,0.1,1000,200,1,0,10,0.057,57,43.7543859649123,4.27543859649123,0.0431,30.2650386787526,0.0402366863905326,31.3233904688052,0.14126658293329,1.48094123327775,0.630980673512233,-0.849960559765516,TRUE,TRUE,TRUE,TRUE,TRUE
1.4,17782.7941003892,4.25,0.2,1,0.1,1000,200,1,0,10,0.039,39,39.7435897435897,3.87435897435897,0.0604,25.5659184365163,0.0520408163265306,27.5427828532161,0.151543899507445,1.40766139904755,0.588199857312526,-0.819461541735023,TRUE,TRUE,TRUE,TRUE,TRUE
1.5,17782.7941003892,4.25,0.2,1,0.1,1000,200,1,0,10,0.023,23,33.6521739130435,3.26521739130435,0.0775,22.5698678957237,0.0622222222222222,25.1887786254407,0.14467153314278,1.35352901710496,0.513912100986575,-0.839616916118384,TRUE,TRUE,TRUE,TRUE,TRUE
1.6,17782.7941003892,4.25,0.2,1,0.1,1000,200,1,0,10,0.015,15,26.6666666666667,2.56666666666667,0.0944,20.4500263158106,0.07109375,23.5648216426584,0.125509210943278,1.31069387120908,0.409369470452819,-0.901324400756261,TRUE,TRUE,TRUE,TRUE,TRUE
1.7,17782.7941003892,4.25,0.2,1,0.1,1000,200,1,0,10,0.009,9,34,3.3,0.1111,18.8504984700266,0.0788927335640139,22.3697621406816,0.175061683660366,1.27532283888768,0.518513939877888,-0.756808899009794,TRUE,TRUE,TRUE,TRUE,TRUE
1.8,17782.7941003892,4.25,0.2,1,0.1,1000,200,1,0,10,0.005,5,31.8,3.08,0.1276,17.5895419921885,0.0858024691358025,21.4501323165175,0.175104047698787,1.24525453116554,0.488550716500444,-0.756703814665099,TRUE,TRUE,TRUE,TRUE,TRUE
1.9,17782.7941003892,4.25,0.2,1,0.1,1000,200,1,0,10,0.008,8,20,1.9,0.1439,16.5633992887844,0.0919667590027701,20.71879185665,0.114710752718891,1.21914947138981,0.278753600952829,-0.940395870436983,TRUE,TRUE,TRUE,TRUE,TRUE
2,17782.7941003892,4.25,0.2,1,0.1,1000,200,1,0,10,0.001,1,10,0.9,0.16,15.707963267949,0.0975,20.1222972650783,0.0572957795130823,1.19611987703015,-0.0457574905606751,-1.24187736759083,TRUE,TRUE,TRUE,TRUE,TRUE
2.1,17782.7941003892,4.25,0.2,1,0.1,1000,200,1,0,10,0.006,6,21.3333333333333,2.03333333333333,0.1759,14.9812119600793,0.10249433106576,19.6259164509097,0.135725556700726,1.17554694862938,0.308208580291105,-0.86733836833828,TRUE,TRUE,TRUE,TRUE,TRUE
2.2,17782.7941003892,4.25,0.2,1,0.1,1000,200,1,0,10,0.004,4,18,1.7,0.1916,14.3543032188807,0.10702479338843,19.2060329367657,0.118431384239113,1.15698211598685,0.230448921378274,-0.926533194608578,TRUE,TRUE,TRUE,TRUE,TRUE
2.3,17782.7941003892,4.25,0.2,1,0.1,1000,200,1,0,10,0.001,1,8,0.7,0.2071,13.8066977924555,0.111153119092628,18.8459936885066,0.050700030559263,1.14008981891139,-0.154901959985743,-1.29499177889713,TRUE,TRUE,TRUE,TRUE,TRUE
2.4,17782.7941003892,4.25,0.2,1,0.1,1000,200,1,0,10,0.001,1,17,1.6,0.2224,13.3233205516939,0.114930555555556,18.5336994202738,0.120090182758275,1.1246124769031,0.204119982655925,-0.92049249424718,TRUE,TRUE,TRUE,TRUE,TRUE
2.5,17782.7941003892,4.25,0.2,1,0.1,1000,200,1,0,10,0.003,3,138.666666666667,13.7666666666667,0.2375,12.8928242146115,0.1184,18.2601363937371,1.06777742700198,1.11034806137767,1.13882879693674,0.0284807355590663,TRUE,TRUE,TRUE,TRUE,TRUE
2.6,17782.7941003892,4.25,0.2,1,0.1,1000,200,1,0,10,0.001,1,10,0.9,0.2524,12.5064828837631,0.121597633136095,18.0184449630765,0.0719626779458875,1.09713519307207,-0.0457574905606751,-1.14289268363274,TRUE,TRUE,TRUE,TRUE,TRUE
2.7,17782.7941003892,4.25,0.2,1,0.1,1000,200,1,0,10,0.012,12,173.916666666667,17.2916666666667,0.2671,12.15746209962,0.124554183813443,17.8033081225223,1.42230890994981,1.08484292434743,1.23783685500049,0.152993930653058,TRUE,TRUE,TRUE,TRUE,TRUE
2.8,17782.7941003892,4.25,0.2,1,0.1,1000,200,1,0,10,0.025,25,193.64,19.264,0.2816,11.8403228137435,0.127295918367347,17.6105382124006,1.62698266787452,1.07336354312308,1.28474646957773,0.211382926454653,TRUE,TRUE,TRUE,TRUE,TRUE
2.9,17782.7941003892,4.25,0.2,1,0.1,1000,200,1,0,10,0.075,75,195.8,19.48,0.2959,11.5506755703577,0.129845422116528,17.4367903981458,1.68648144269511,1.0626073857778,1.2895889525426,0.226981566764798,TRUE,TRUE,TRUE,TRUE,TRUE
3,17782.7941003892,4.25,0.2,1,0.1,1000,200,1,0,10,0.139,139,191.460431654676,19.0460431654676,0.31,11.2849339478618,0.132222222222222,17.2793595829238,1.68774077486526,1.05249902144098,1.27980476426918,0.227305742828204,TRUE,TRUE,TRUE,TRUE,TRUE
3.1,17782.7941003892,4.25,0.2,1,0.1,1000,200,1,0,10,0.224,224,187.026785714286,18.6026785714286,0.3239,11.0401352624982,0.134443288241415,17.1360336125514,1.68500458817921,1.04297439435303,1.26957548212312,0.226601087770089,TRUE,TRUE,TRUE,TRUE,TRUE
3.2,17782.7941003892,4.25,0.2,1,0.1,1000,200,1,0,10,0.344,344,183.404069767442,18.2404069767442,0.3376,10.8138078756376,0.1365234375,17.0049853051366,1.68677002463101,1.03397864938131,1.2610345240024,0.227055874621095,TRUE,TRUE,TRUE,TRUE,TRUE
3.3,17782.7941003892,4.25,0.2,1,0.1,1000,200,1,0,10,0.472,472,180.197033898305,17.9197033898305,0.3511,10.6038714366792,0.138475665748393,16.8846917882673,1.68992084606435,1.02546445362544,1.25333081686484,0.227866363239396,TRUE,TRUE,TRUE,TRUE,TRUE
3.4,17782.7941003892,4.25,0.2,1,0.1,1000,200,1,0,10,0.57,570,176.354385964912,17.5354385964912,0.3644,10.4085608189369,0.140311418685121,16.7738733839959,1.68471308392492,1.01739068420763,1.24391663292946,0.22652594872182,TRUE,TRUE,TRUE,TRUE,TRUE
3.5,17782.7941003892,4.25,0.2,1,0.1,1000,200,1,0,10,0.668,668,173.359281437126,17.2359281437126,0.3775,10.2263673746065,0.142040816326531,16.6714467108579,1.68543995265726,1.00972139037551,1.23643467485389,0.226713284478381,TRUE,TRUE,TRUE,TRUE,TRUE
3.6,17782.7941003892,4.25,0.2,1,0.1,1000,200,1,0,10,0.752,752,170.363031914894,16.9363031914894,0.3904,10.0559930346436,0.143672839506173,16.5764882759291,1.68419997240875,1.00242496386079,1.22881861976408,0.226393655903294,TRUE,TRUE,TRUE,TRUE,TRUE
3.7,17782.7941003892,4.25,0.2,1,0.1,1000,200,1,0,10,0.831,831,165.992779783394,16.4992779783394,0.4031,9.89631406195228,0.145215485756026,16.4882059092694,1.66721446743218,0.99547346928159,1.21746493955427,0.221991470272682,TRUE,TRUE,TRUE,TRUE,TRUE
3.8,17782.7941003892,4.25,0.2,1,0.1,1000,200,1,0,10,0.862,862,162.597447795824,16.1597447795824,0.4156,9.74635214753336,0.146675900277008,16.4059161322751,1.65803005421594,0.988842098915545,1.20843449742283,0.219592398507284,TRUE,TRUE,TRUE,TRUE,TRUE
3.9,17782.7941003892,4.25,0.2,1,0.1,1000,200,1,0,10,0.899,899,161.836484983315,16.0836484983315,0.4279,9.6052511545211,0.148060486522025,16.3290260657757,1.67446412796412,0.982508725116149,1.20638457320337,0.223875848087225,TRUE,TRUE,TRUE,TRUE,TRUE
4,17782.7941003892,4.25,0.2,1,0.1,1000,200,1,0,10,0.938,938,157.776119402985,15.6776119402985,0.44,9.47225825099483,0.149375,16.2570188468395,1.65510816163104,0.976453530115021,1.1952799103806,0.218826380265575,TRUE,TRUE,TRUE,TRUE,TRUE
4.1,17782.7941003892,4.25,0.2,1,0.1,1000,200,1,0,10,0.952,952,154.913865546218,15.3913865546218,0.4519,9.34670848555563,0.150624628197501,16.1894417831041,1.64671729929393,0.970658697692514,1.18727774562073,0.216619047928212,TRUE,TRUE,TRUE,TRUE,TRUE
4.2,17782.7941003892,4.25,0.2,1,0.1,1000,200,1,0,10,0.971,971,152.775489186406,15.1775489186406,0.4636,9.22801208736008,0.151814058956916,16.1258966617196,1.64472573019597,0.965108154712336,1.18120164131843,0.216093486606093,TRUE,TRUE,TRUE,TRUE,TRUE
4.3,17782.7941003892,4.25,0.2,1,0.1,1000,200,1,0,10,0.984,984,151.344512195122,15.0344512195122,0.4751,9.11564393982745,0.152947539210384,16.0660317679771,1.64930215778007,0.959787353148512,1.17708758031234,0.217300227163826,TRUE,TRUE,TRUE,TRUE,TRUE
4.4,17782.7941003892,4.25,0.2,1,0.1,1000,200,1,0,10,0.983,983,147.701932858596,14.6701932858596,0.4864,9.00913480182085,0.154028925619835,16.0095352709252,1.62836871781457,0.954683085225776,1.16643583589027,0.211752750664492,TRUE,TRUE,TRUE,TRUE,TRUE
4.5,17782.7941003892,4.25,0.2,1,0.1,1000,200,1,0,10,0.985,985,146.195939086294,14.5195939086294,0.4975,8.90806394368827,0.155061728395062,15.9561297097612,1.62993822231341,0.949783325817243,1.16195446996548,0.212171144148232,TRUE,TRUE,TRUE,TRUE,TRUE
4.6,17782.7941003892,4.25,0.2,1,0.1,1000,200,1,0,10,0.989,989,144.355915065723,14.3355915065723,0.5084,8.81205293651011,0.156049149338374,15.905567372553,1.62681631736199,0.94507709741713,1.15641561725045,0.211338519833319,TRUE,TRUE,TRUE,TRUE,TRUE
4.7,17782.7941003892,4.25,0.2,1,0.1,1000,200,1,0,10,0.994,994,142.304828973843,14.1304828973843,0.5191,8.72076038717988,0.156994114984156,15.857626402861,1.62032692907801,0.94055435391869,1.1501570037513,0.209602649832614,TRUE,TRUE,TRUE,TRUE,TRUE
4.8,17782.7941003892,4.25,0.2,1,0.1,1000,200,1,0,10,0.999,999,142.148148148148,14.1148148148148,0.5296,8.63387745380845,0.157899305555556,15.812107503636,1.63481759966244,0.936205880142293,1.14967518461318,0.213469304470887,TRUE,TRUE,TRUE,TRUE,TRUE
4.9,17782.7941003892,4.25,0.2,1,0.1,1000,200,1,0,10,0.996,996,138.582329317269,13.7582329317269,0.5399,8.55112400848007,0.158767180341524,15.7688311339395,1.60893853463977,0.932023204622494,1.13856265793429,0.206539453311797,TRUE,TRUE,TRUE,TRUE,TRUE
5,17782.7941003892,4.25,0.2,1,0.1,1000,200,1,0,10,0.996,996,138.396586345382,13.7396586345382,0.55,8.47224533986308,0.1596,15.72763511444,1.62172577438134,0.927998523610993,1.13797594269602,0.209977419085022,TRUE,TRUE,TRUE,TRUE,TRUE
1.1,31622.7766016838,4.5,0.2,1,0.1,1000,200,1,0,10,0.238,238,90.5798319327731,8.95798319327731,0.00790000000000001,70.6913576838391,0.00991735537190084,63.0931093050002,NA,NA,NA,NA,TRUE,TRUE,TRUE,FALSE,FALSE
1.2,31622.7766016838,4.5,0.2,1,0.1,1000,200,1,0,10,0.114,114,59.3070175438597,5.83070175438597,0.0256,39.2699081698724,0.0263888888888889,38.6784726438346,0.148477600944818,1.59405988570219,0.765720827437668,-0.828339058264522,TRUE,TRUE,TRUE,TRUE,TRUE
1.3,31622.7766016838,4.5,0.2,1,0.1,1000,200,1,0,10,0.073,73,42.2602739726027,4.12602739726027,0.0431,30.2650386787526,0.0402366863905326,31.3233904688052,0.136329824027515,1.48094123327775,0.615532107408207,-0.865409125869542,TRUE,TRUE,TRUE,TRUE,TRUE
1.4,31622.7766016838,4.5,0.2,1,0.1,1000,200,1,0,10,0.028,28,34.9285714285714,3.39285714285714,0.0604,25.5659184365163,0.0520408163265306,27.5427828532161,0.132710160649306,1.40766139904755,0.530565573946629,-0.877095825100921,TRUE,TRUE,TRUE,TRUE,TRUE
1.5,31622.7766016838,4.5,0.2,1,0.1,1000,200,1,0,10,0.022,22,26.8636363636364,2.58636363636364,0.0775,22.5698678957237,0.0622222222222222,25.1887786254407,0.114593654172592,1.35352901710496,0.412689585572865,-0.940839431532095,TRUE,TRUE,TRUE,TRUE,TRUE
1.6,31622.7766016838,4.5,0.2,1,0.1,1000,200,1,0,10,0.015,15,23.4666666666667,2.24666666666667,0.0944,20.4500263158106,0.07109375,23.5648216426584,0.109861309319181,1.31069387120908,0.351538641815657,-0.959155229393423,TRUE,TRUE,TRUE,TRUE,TRUE
1.7,31622.7766016838,4.5,0.2,1,0.1,1000,200,1,0,10,0.009,9,27.5555555555556,2.65555555555556,0.1111,18.8504984700266,0.0788927335640139,22.3697621406816,0.140874553517938,1.27532283888768,0.424155391508813,-0.851167447378868,TRUE,TRUE,TRUE,TRUE,TRUE
1.8,31622.7766016838,4.5,0.2,1,0.1,1000,200,1,0,10,0.008,8,17.625,1.6625,0.1276,17.5895419921885,0.0858024691358025,21.4501323165175,0.094516389382868,1.24525453116554,0.220761653975142,-1.0244928771904,TRUE,TRUE,TRUE,TRUE,TRUE
1.9,31622.7766016838,4.5,0.2,1,0.1,1000,200,1,0,10,0.004,4,28.25,2.725,0.1439,16.5633992887844,0.0919667590027701,20.71879185665,0.164519369031041,1.21914947138981,0.435366506612661,-0.783782964777151,TRUE,TRUE,TRUE,TRUE,TRUE
2,31622.7766016838,4.5,0.2,1,0.1,1000,200,1,0,10,0.003,3,23.3333333333333,2.23333333333333,0.16,15.707963267949,0.0975,20.1222972650783,0.14217841582876,1.19611987703015,0.348953547981164,-0.847166329048989,TRUE,TRUE,TRUE,TRUE,TRUE
2.1,31622.7766016838,4.5,0.2,1,0.1,1000,200,1,0,10,0.006,6,14.5,1.35,0.1759,14.9812119600793,0.10249433106576,19.6259164509097,0.0901128696127771,1.17554694862938,0.130333768495006,-1.04521318013438,TRUE,TRUE,TRUE,TRUE,TRUE
2.2,31622.7766016838,4.5,0.2,1,0.1,1000,200,1,0,10,0.001,1,60,5.9,0.1916,14.3543032188807,0.10702479338843,19.2060329367657,0.411026568829863,1.15698211598685,0.770852011642144,-0.386130104344708,TRUE,TRUE,TRUE,TRUE,TRUE
2.3,31622.7766016838,4.5,0.2,1,0.1,1000,200,1,0,10,0,0,NA,NA,0.2071,13.8066977924555,0.111153119092628,18.8459936885066,NA,NA,NA,NA,TRUE,TRUE,FALSE,TRUE,FALSE
2.4,31622.7766016838,4.5,0.2,1,0.1,1000,200,1,0,10,0.004,4,9.75,0.875,0.2224,13.3233205516939,0.114930555555556,18.5336994202738,0.0656743186959314,1.1246124769031,-0.0579919469776868,-1.18260442388079,TRUE,TRUE,TRUE,TRUE,TRUE
2.5,31622.7766016838,4.5,0.2,1,0.1,1000,200,1,0,10,0.005,5,4.8,0.38,0.2375,12.8928242146115,0.1184,18.2601363937371,0.0294737594862531,1.11034806137767,-0.42021640338319,-1.53056446476086,TRUE,TRUE,TRUE,TRUE,TRUE
2.6,31622.7766016838,4.5,0.2,1,0.1,1000,200,1,0,10,0.001,1,13,1.2,0.2524,12.5064828837631,0.121597633136095,18.0184449630765,0.0959502372611834,1.09713519307207,0.0791812460476249,-1.01795394702444,TRUE,TRUE,TRUE,TRUE,TRUE
2.7,31622.7766016838,4.5,0.2,1,0.1,1000,200,1,0,10,0.002,2,8.5,0.75,0.2671,12.15746209962,0.124554183813443,17.8033081225223,0.0616905069375822,1.08484292434743,-0.1249387366083,-1.20978166095573,TRUE,TRUE,TRUE,TRUE,TRUE
2.8,31622.7766016838,4.5,0.2,1,0.1,1000,200,1,0,10,0.002,2,114.5,11.35,0.2816,11.8403228137435,0.127295918367347,17.6105382124006,0.958588729255389,1.07336354312308,1.05499586152914,-0.0183676815939361,TRUE,TRUE,TRUE,TRUE,TRUE
2.9,31622.7766016838,4.5,0.2,1,0.1,1000,200,1,0,10,0.008,8,161.375,16.0375,0.2959,11.5506755703577,0.129845422116528,17.4367903981458,1.38844692696216,1.0626073857778,1.20513666938299,0.142529283605186,TRUE,TRUE,TRUE,TRUE,TRUE
3,31622.7766016838,4.5,0.2,1,0.1,1000,200,1,0,10,0.029,29,200.137931034483,19.9137931034483,0.31,11.2849339478618,0.132222222222222,17.2793595829238,1.76463532666236,1.05249902144098,1.29915399066523,0.246654969224247,TRUE,TRUE,TRUE,TRUE,TRUE
3.1,31622.7766016838,4.5,0.2,1,0.1,1000,200,1,0,10,0.071,71,196.225352112676,19.5225352112676,0.3239,11.0401352624982,0.134443288241415,17.1360336125514,1.76832391515917,1.04297439435303,1.29053621480458,0.247561820451555,TRUE,TRUE,TRUE,TRUE,TRUE
3.2,31622.7766016838,4.5,0.2,1,0.1,1000,200,1,0,10,0.155,155,194.625806451613,19.3625806451613,0.3376,10.8138078756376,0.1365234375,17.0049853051366,1.79054232032208,1.03397864938131,1.28696323960784,0.25298459022653,TRUE,TRUE,TRUE,TRUE,TRUE
3.3,31622.7766016838,4.5,0.2,1,0.1,1000,200,1,0,10,0.253,253,193.249011857708,19.2249011857708,0.3511,10.6038714366792,0.138475665748393,16.8846917882673,1.81300775858816,1.02546445362544,1.28386411624539,0.258399662619952,TRUE,TRUE,TRUE,TRUE,TRUE
3.4,31622.7766016838,4.5,0.2,1,0.1,1000,200,1,0,10,0.387,387,188.808785529716,18.7808785529716,0.3644,10.4085608189369,0.140311418685121,16.7738733839959,1.80436843091722,1.01739068420763,1.27371590431897,0.256325220111338,TRUE,TRUE,TRUE,TRUE,TRUE
3.5,31622.7766016838,4.5,0.2,1,0.1,1000,200,1,0,10,0.518,518,185.951737451737,18.4951737451737,0.3775,10.2263673746065,0.142040816326531,16.6714467108579,1.80857708975914,1.00972139037551,1.26705841546843,0.257337025092922,TRUE,TRUE,TRUE,TRUE,TRUE
3.6,31622.7766016838,4.5,0.2,1,0.1,1000,200,1,0,10,0.612,612,181.093137254902,18.0093137254902,0.3904,10.0559930346436,0.143672839506173,16.5764882759291,1.79090356004095,1.00242496386079,1.25549716362956,0.253072199768776,TRUE,TRUE,TRUE,TRUE,TRUE
3.7,31622.7766016838,4.5,0.2,1,0.1,1000,200,1,0,10,0.692,692,177.654624277457,17.6654624277457,0.4031,9.89631406195228,0.145215485756026,16.4882059092694,1.78505475040075,0.99547346928159,1.24712501042015,0.251651541138561,TRUE,TRUE,TRUE,TRUE,TRUE
3.8,31622.7766016838,4.5,0.2,1,0.1,1000,200,1,0,10,0.793,793,175.363177805801,17.4363177805801,0.4156,9.74635214753336,0.146675900277008,16.4059161322751,1.78900962294831,0.988842098915545,1.24145477552658,0.252612676611034,TRUE,TRUE,TRUE,TRUE,TRUE
3.9,31622.7766016838,4.5,0.2,1,0.1,1000,200,1,0,10,0.84,840,172.925,17.1925,0.4279,9.6052511545211,0.148060486522025,16.3290260657757,1.78990634637468,0.982508725116149,1.23533903301406,0.252830307897912,TRUE,TRUE,TRUE,TRUE,TRUE
4,31622.7766016838,4.5,0.2,1,0.1,1000,200,1,0,10,0.879,879,168.754266211604,16.7754266211604,0.44,9.47225825099483,0.149375,16.2570188468395,1.77100604487832,0.976453530115021,1.22467357366129,0.248220043546268,TRUE,TRUE,TRUE,TRUE,TRUE
4.1,31622.7766016838,4.5,0.2,1,0.1,1000,200,1,0,10,0.917,917,165.776444929117,16.4776444929117,0.4519,9.34670848555563,0.150624628197501,16.1894417831041,1.76293553162337,0.970658697692514,1.216895128669,0.24623643097649,TRUE,TRUE,TRUE,TRUE,TRUE
4.2,31622.7766016838,4.5,0.2,1,0.1,1000,200,1,0,10,0.95,950,163.058947368421,16.2058947368421,0.4636,9.22801208736008,0.151814058956916,16.1258966617196,1.75616314580254,0.965108154712336,1.20967301368025,0.24456485896791,TRUE,TRUE,TRUE,TRUE,TRUE
4.3,31622.7766016838,4.5,0.2,1,0.1,1000,200,1,0,10,0.965,965,160.882901554404,15.9882901554404,0.4751,9.11564393982745,0.152947539210384,16.0660317679771,1.75393973930744,0.959787353148512,1.2038020212345,0.244014668085991,TRUE,TRUE,TRUE,TRUE,TRUE
4.4,31622.7766016838,4.5,0.2,1,0.1,1000,200,1,0,10,0.976,976,158.030737704918,15.7030737704918,0.4864,9.00913480182085,0.154028925619835,16.0095352709252,1.74301685077662,0.954683085225776,1.19598467093814,0.24130158571236,TRUE,TRUE,TRUE,TRUE,TRUE
4.5,31622.7766016838,4.5,0.2,1,0.1,1000,200,1,0,10,0.983,983,154.69481180061,15.369481180061,0.4975,8.90806394368827,0.155061728395062,15.9561297097612,1.72534473003541,0.949783325817243,1.18665920748416,0.236875881666916,TRUE,TRUE,TRUE,TRUE,TRUE
4.6,31622.7766016838,4.5,0.2,1,0.1,1000,200,1,0,10,0.987,987,154.148936170213,15.3148936170213,0.5084,8.81205293651011,0.156049149338374,15.905567372553,1.73794843578034,0.94507709741713,1.18511398438118,0.240036886964045,TRUE,TRUE,TRUE,TRUE,TRUE
4.7,31622.7766016838,4.5,0.2,1,0.1,1000,200,1,0,10,0.991,991,152.416750756811,15.1416750756811,0.5191,8.72076038717988,0.156994114984156,15.857626402861,1.73627922376361,0.94055435391869,1.18017392244836,0.239619568529671,TRUE,TRUE,TRUE,TRUE,TRUE
4.8,31622.7766016838,4.5,0.2,1,0.1,1000,200,1,0,10,0.998,998,149.488977955912,14.8488977955912,0.5296,8.63387745380845,0.157899305555556,15.812107503636,1.71984115769923,0.936205880142293,1.17169421802643,0.235488337884135,TRUE,TRUE,TRUE,TRUE,TRUE
4.9,31622.7766016838,4.5,0.2,1,0.1,1000,200,1,0,10,0.994,994,149.252515090543,14.8252515090543,0.5399,8.55112400848007,0.158767180341524,15.7688311339395,1.73371962497004,0.932023204622494,1.1710020698655,0.238978865243008,TRUE,TRUE,TRUE,TRUE,TRUE
5,31622.7766016838,4.5,0.2,1,0.1,1000,200,1,0,10,0.994,994,146.798792756539,14.5798792756539,0.55,8.47224533986308,0.1596,15.72763511444,1.72089908764251,0.927998523610993,1.16375392795079,0.235755404339797,TRUE,TRUE,TRUE,TRUE,TRUE
1.1,56234.1325190349,4.75,0.2,1,0.1,1000,200,1,0,10,0.244,244,85.7909836065574,8.47909836065574,0.00790000000000001,70.6913576838391,0.00991735537190084,63.0931093050002,NA,NA,NA,NA,TRUE,TRUE,TRUE,FALSE,FALSE
1.2,56234.1325190349,4.75,0.2,1,0.1,1000,200,1,0,10,0.128,128,53.1953125,5.21953125,0.0256,39.2699081698724,0.0263888888888889,38.6784726438346,0.132914271849619,1.59405988570219,0.717631502105832,-0.876428383596358,TRUE,TRUE,TRUE,TRUE,TRUE
1.3,56234.1325190349,4.75,0.2,1,0.1,1000,200,1,0,10,0.054,54,50.9814814814815,4.99814814814815,0.0431,30.2650386787526,0.0402366863905326,31.3233904688052,0.165145936246798,1.48094123327775,0.698809124733548,-0.782132108544201,TRUE,TRUE,TRUE,TRUE,TRUE
1.4,56234.1325190349,4.75,0.2,1,0.1,1000,200,1,0,10,0.03,30,34.8333333333333,3.38333333333333,0.0604,25.5659184365163,0.0520408163265306,27.5427828532161,0.132337640900115,1.40766139904755,0.529344787529569,-0.87831661151798,TRUE,TRUE,TRUE,TRUE,TRUE
1.5,56234.1325190349,4.75,0.2,1,0.1,1000,200,1,0,10,0.018,18,29.6666666666667,2.86666666666667,0.0775,22.5698678957237,0.0622222222222222,25.1887786254407,0.127013001578526,1.35352901710496,0.457377196523905,-0.896151820581054,TRUE,TRUE,TRUE,TRUE,TRUE
1.6,56234.1325190349,4.75,0.2,1,0.1,1000,200,1,0,10,0.012,12,27.5,2.65,0.0944,20.4500263158106,0.07109375,23.5648216426584,0.129584185324554,1.31069387120908,0.423245873936808,-0.887447997272273,TRUE,TRUE,TRUE,TRUE,TRUE
1.7,56234.1325190349,4.75,0.2,1,0.1,1000,200,1,0,10,0.006,6,17.1666666666667,1.61666666666667,0.1111,18.8504984700266,0.0788927335640139,22.3697621406816,0.0857625419952297,1.27532283888768,0.208620483882601,-1.06670235500508,TRUE,TRUE,TRUE,TRUE,TRUE
1.8,56234.1325190349,4.75,0.2,1,0.1,1000,200,1,0,10,0.008,8,32.875,3.1875,0.1276,17.5895419921885,0.0858024691358025,21.4501323165175,0.181215633779183,1.24525453116554,0.503450193442012,-0.741804337723532,TRUE,TRUE,TRUE,TRUE,TRUE
1.9,56234.1325190349,4.75,0.2,1,0.1,1000,200,1,0,10,0.008,8,15.875,1.4875,0.1439,16.5633992887844,0.0919667590027701,20.71879185665,0.0898064445628158,1.21914947138981,0.172456974400587,-1.04669249698923,TRUE,TRUE,TRUE,TRUE,TRUE
2,56234.1325190349,4.75,0.2,1,0.1,1000,200,1,0,10,0.002,2,17,1.6,0.16,15.707963267949,0.0975,20.1222972650783,0.101859163578813,1.19611987703015,0.204119982655925,-0.991999894374228,TRUE,TRUE,TRUE,TRUE,TRUE
2.1,56234.1325190349,4.75,0.2,1,0.1,1000,200,1,0,10,0.003,3,13.6666666666667,1.26666666666667,0.1759,14.9812119600793,0.10249433106576,19.6259164509097,0.0845503467971736,1.17554694862938,0.102662341897148,-1.07288460673224,TRUE,TRUE,TRUE,TRUE,TRUE
2.2,56234.1325190349,4.75,0.2,1,0.1,1000,200,1,0,10,0.002,2,3,0.2,0.1916,14.3543032188807,0.10702479338843,19.2060329367657,0.013933104028131,1.15698211598685,-0.698970004336019,-1.85595212032287,TRUE,TRUE,TRUE,TRUE,TRUE
2.3,56234.1325190349,4.75,0.2,1,0.1,1000,200,1,0,10,0.004,4,10.75,0.975,0.2071,13.8066977924555,0.111153119092628,18.8459936885066,0.0706178997075449,1.14008981891139,-0.0109953843014631,-1.15108520321285,TRUE,TRUE,TRUE,TRUE,TRUE
2.4,56234.1325190349,4.75,0.2,1,0.1,1000,200,1,0,10,0.002,2,12,1.1,0.2224,13.3233205516939,0.114930555555556,18.5336994202738,0.0825620006463138,1.1246124769031,0.0413926851582251,-1.08321979174488,TRUE,TRUE,TRUE,TRUE,TRUE
2.5,56234.1325190349,4.75,0.2,1,0.1,1000,200,1,0,10,0.001,1,10,0.9,0.2375,12.8928242146115,0.1184,18.2601363937371,0.0698062724674415,1.11034806137767,-0.0457574905606751,-1.15610555193835,TRUE,TRUE,TRUE,TRUE,TRUE
2.6,56234.1325190349,4.75,0.2,1,0.1,1000,200,1,0,10,0.001,1,1,0,0.2524,12.5064828837631,0.121597633136095,18.0184449630765,NA,NA,NA,NA,TRUE,TRUE,FALSE,TRUE,FALSE
2.7,56234.1325190349,4.75,0.2,1,0.1,1000,200,1,0,10,0.005,5,12,1.1,0.2671,12.15746209962,0.124554183813443,17.8033081225223,0.0904794101751205,1.08484292434743,0.0413926851582251,-1.0434502391892,TRUE,TRUE,TRUE,TRUE,TRUE
2.8,56234.1325190349,4.75,0.2,1,0.1,1000,200,1,0,10,0.003,3,2.33333333333333,0.133333333333333,0.2816,11.8403228137435,0.127295918367347,17.6105382124006,0.0112609542350119,1.07336354312308,-0.8750612633917,-1.94842480651478,TRUE,TRUE,TRUE,TRUE,TRUE
2.9,56234.1325190349,4.75,0.2,1,0.1,1000,200,1,0,10,0,0,NA,NA,0.2959,11.5506755703577,0.129845422116528,17.4367903981458,NA,NA,NA,NA,TRUE,TRUE,FALSE,TRUE,FALSE
3,56234.1325190349,4.75,0.2,1,0.1,1000,200,1,0,10,0.003,3,209.666666666667,20.8666666666667,0.31,11.2849339478618,0.132222222222222,17.2793595829238,1.84907299972458,1.05249902144098,1.31945307849077,0.266954057049789,TRUE,TRUE,TRUE,TRUE,TRUE
3.1,56234.1325190349,4.75,0.2,1,0.1,1000,200,1,0,10,0.009,9,165.444444444444,16.4444444444444,0.3239,11.0401352624982,0.134443288241415,17.1360336125514,1.48951476168086,1.04297439435303,1.21601920595563,0.173044811602606,TRUE,TRUE,TRUE,TRUE,TRUE
3.2,56234.1325190349,4.75,0.2,1,0.1,1000,200,1,0,10,0.043,43,207.302325581395,20.6302325581395,0.3376,10.8138078756376,0.1365234375,17.0049853051366,1.90776762407786,1.03397864938131,1.31450412366619,0.280525474284887,TRUE,TRUE,TRUE,TRUE,TRUE
3.3,56234.1325190349,4.75,0.2,1,0.1,1000,200,1,0,10,0.086,86,201.03488372093,20.003488372093,0.3511,10.6038714366792,0.138475665748393,16.8846917882673,1.88643256300715,1.02546445362544,1.30110573809627,0.27564128447083,TRUE,TRUE,TRUE,TRUE,TRUE
3.4,56234.1325190349,4.75,0.2,1,0.1,1000,200,1,0,10,0.181,181,198.558011049724,19.7558011049724,0.3644,10.4085608189369,0.140311418685121,16.7738733839959,1.89803388274674,1.01739068420763,1.29569464517488,0.278303960967248,TRUE,TRUE,TRUE,TRUE,TRUE
3.5,56234.1325190349,4.75,0.2,1,0.1,1000,200,1,0,10,0.315,315,197.212698412698,19.6212698412698,0.3775,10.2263673746065,0.142040816326531,16.6714467108579,1.91869401152086,1.00972139037551,1.29272711044508,0.283005720069571,TRUE,TRUE,TRUE,TRUE,TRUE
3.6,56234.1325190349,4.75,0.2,1,0.1,1000,200,1,0,10,0.424,424,194.52358490566,19.352358490566,0.3904,10.0559930346436,0.143672839506173,16.5764882759291,1.92446021232272,1.00242496386079,1.28673390046712,0.284308936606336,TRUE,TRUE,TRUE,TRUE,TRUE
3.7,56234.1325190349,4.75,0.2,1,0.1,1000,200,1,0,10,0.552,552,188.764492753623,18.7764492753623,0.4031,9.89631406195228,0.145215485756026,16.4882059092694,1.89731744140487,0.99547346928159,1.27361346833938,0.278139999057793,TRUE,TRUE,TRUE,TRUE,TRUE
3.8,56234.1325190349,4.75,0.2,1,0.1,1000,200,1,0,10,0.661,661,187.453857791225,18.6453857791225,0.4156,9.74635214753336,0.146675900277008,16.4059161322751,1.91306301033268,0.988842098915545,1.27057137348498,0.28172927456944,TRUE,TRUE,TRUE,TRUE,TRUE
3.9,56234.1325190349,4.75,0.2,1,0.1,1000,200,1,0,10,0.747,747,182.780455153949,18.1780455153949,0.4279,9.6052511545211,0.148060486522025,16.3290260657757,1.89251121318558,0.982508725116149,1.25954718650369,0.277038461387537,TRUE,TRUE,TRUE,TRUE,TRUE
4,56234.1325190349,4.75,0.2,1,0.1,1000,200,1,0,10,0.808,808,179.85396039604,17.885396039604,0.44,9.47225825099483,0.149375,16.2570188468395,1.88818712134728,0.976453530115021,1.25249856125381,0.276045031138785,TRUE,TRUE,TRUE,TRUE,TRUE
4.1,56234.1325190349,4.75,0.2,1,0.1,1000,200,1,0,10,0.887,887,177.114994363021,17.6114994363021,0.4519,9.34670848555563,0.150624628197501,16.1894417831041,1.88424614542316,0.970658697692514,1.24579633320691,0.275137635514392,TRUE,TRUE,TRUE,TRUE,TRUE
4.2,56234.1325190349,4.75,0.2,1,0.1,1000,200,1,0,10,0.895,895,174.015642458101,17.3015642458101,0.4636,9.22801208736008,0.151814058956916,16.1258966617196,1.87489614036252,0.965108154712336,1.23808536975381,0.272977215041476,TRUE,TRUE,TRUE,TRUE,TRUE
4.3,56234.1325190349,4.75,0.2,1,0.1,1000,200,1,0,10,0.932,932,171.657725321888,17.0657725321888,0.4751,9.11564393982745,0.152947539210384,16.0660317679771,1.87214119428538,0.959787353148512,1.23212595267166,0.272338599523148,TRUE,TRUE,TRUE,TRUE,TRUE
4.4,56234.1325190349,4.75,0.2,1,0.1,1000,200,1,0,10,0.953,953,167.958027282267,16.6958027282267,0.4864,9.00913480182085,0.154028925619835,16.0095352709252,1.85320822648277,0.954683085225776,1.22260730461581,0.267924219390034,TRUE,TRUE,TRUE,TRUE,TRUE
4.5,56234.1325190349,4.75,0.2,1,0.1,1000,200,1,0,10,0.957,957,166.331243469174,16.5331243469175,0.4975,8.90806394368827,0.155061728395062,15.9561297097612,1.85597279626982,0.949783325817243,1.21835493212008,0.268571606302838,TRUE,TRUE,TRUE,TRUE,TRUE
4.6,56234.1325190349,4.75,0.2,1,0.1,1000,200,1,0,10,0.974,974,163.092402464066,16.2092402464066,0.5084,8.81205293651011,0.156049149338374,15.905567372553,1.83943972683691,0.94507709741713,1.2097626592331,0.264685561815968,TRUE,TRUE,TRUE,TRUE,TRUE
4.7,56234.1325190349,4.75,0.2,1,0.1,1000,200,1,0,10,0.986,986,161.069979716024,16.0069979716024,0.5191,8.72076038717988,0.156994114984156,15.857626402861,1.83550484830816,0.94055435391869,1.20430988990699,0.263755535988303,TRUE,TRUE,TRUE,TRUE,TRUE
4.8,56234.1325190349,4.75,0.2,1,0.1,1000,200,1,0,10,0.984,984,158.691056910569,15.7691056910569,0.5296,8.63387745380845,0.157899305555556,15.812107503636,1.82642222748958,0.936205880142293,1.19780706400409,0.261601183861796,TRUE,TRUE,TRUE,TRUE,TRUE
4.9,56234.1325190349,4.75,0.2,1,0.1,1000,200,1,0,10,0.992,992,157.979838709677,15.6979838709677,0.5399,8.55112400848007,0.158767180341524,15.7688311339395,1.83578016824457,0.932023204622494,1.19584387852781,0.263820673905314,TRUE,TRUE,TRUE,TRUE,TRUE
5,56234.1325190349,4.75,0.2,1,0.1,1000,200,1,0,10,0.997,997,155.383149448345,15.4383149448345,0.55,8.47224533986308,0.1596,15.72763511444,1.82222236556289,0.927998523610993,1.18859989638208,0.260601372771089,TRUE,TRUE,TRUE,TRUE,TRUE
1.1,1e+05,5,0.2,1,0.1,1000,200,1,0,10,0.257,257,95.0972762645914,9.40972762645914,0.00790000000000001,70.6913576838391,0.00991735537190084,63.0931093050002,NA,NA,NA,NA,TRUE,TRUE,TRUE,FALSE,FALSE
1.2,1e+05,5,0.2,1,0.1,1000,200,1,0,10,0.105,105,68.5142857142857,6.75142857142857,0.0256,39.2699081698724,0.0263888888888889,38.6784726438346,0.171923716811954,1.59405988570219,0.829395677282093,-0.764664208420097,TRUE,TRUE,TRUE,TRUE,TRUE
1.3,1e+05,5,0.2,1,0.1,1000,200,1,0,10,0.054,54,50.2407407407407,4.92407407407407,0.0431,30.2650386787526,0.0402366863905326,31.3233904688052,0.162698423297605,1.48094123327775,0.692324577508599,-0.788616655769151,TRUE,TRUE,TRUE,TRUE,TRUE
1.4,1e+05,5,0.2,1,0.1,1000,200,1,0,10,0.036,36,29.1388888888889,2.81388888888889,0.0604,25.5659184365163,0.0520408163265306,27.5427828532161,0.110064064229735,1.40766139904755,0.449306944592993,-0.958354454454556,TRUE,TRUE,TRUE,TRUE,TRUE
1.5,1e+05,5,0.2,1,0.1,1000,200,1,0,10,0.012,12,28.3333333333333,2.73333333333333,0.0775,22.5698678957237,0.0622222222222222,25.1887786254407,0.121105420109757,1.35352901710496,0.436692597664054,-0.916836419440906,TRUE,TRUE,TRUE,TRUE,TRUE
1.6,1e+05,5,0.2,1,0.1,1000,200,1,0,10,0.019,19,29.3684210526316,2.83684210526316,0.0944,20.4500263158106,0.07109375,23.5648216426584,0.138720706832045,1.31069387120908,0.45283516423391,-0.857858706975171,TRUE,TRUE,TRUE,TRUE,TRUE
1.7,1e+05,5,0.2,1,0.1,1000,200,1,0,10,0.01,10,25.9,2.49,0.1111,18.8504984700266,0.0788927335640139,22.3697621406816,0.132091997671003,1.27532283888768,0.396199347095736,-0.879123491791945,TRUE,TRUE,TRUE,TRUE,TRUE
1.8,1e+05,5,0.2,1,0.1,1000,200,1,0,10,0.009,9,20.7777777777778,1.97777777777778,0.1276,17.5895419921885,0.0858024691358025,21.4501323165175,0.112440550109611,1.24525453116554,0.296177492869569,-0.949077038295974,TRUE,TRUE,TRUE,TRUE,TRUE
1.9,1e+05,5,0.2,1,0.1,1000,200,1,0,10,0.004,4,21,2,0.1439,16.5633992887844,0.0919667590027701,20.71879185665,0.120748160756727,1.21914947138981,0.301029995663981,-0.918119475725831,TRUE,TRUE,TRUE,TRUE,TRUE
2,1e+05,5,0.2,1,0.1,1000,200,1,0,10,0.003,3,18.3333333333333,1.73333333333333,0.16,15.707963267949,0.0975,20.1222972650783,0.110347427210381,1.19611987703015,0.238882088915137,-0.957237788115016,TRUE,TRUE,TRUE,TRUE,TRUE
2.1,1e+05,5,0.2,1,0.1,1000,200,1,0,10,0.003,3,29.3333333333333,2.83333333333333,0.1759,14.9812119600793,0.10249433106576,19.6259164509097,0.18912577573052,1.17554694862938,0.45229767099463,-0.723249277634754,TRUE,TRUE,TRUE,TRUE,TRUE
2.2,1e+05,5,0.2,1,0.1,1000,200,1,0,10,0.001,1,5,0.4,0.1916,14.3543032188807,0.10702479338843,19.2060329367657,0.0278662080562619,1.15698211598685,-0.397940008672038,-1.55492212465889,TRUE,TRUE,TRUE,TRUE,TRUE
2.3,1e+05,5,0.2,1,0.1,1000,200,1,0,10,0.002,2,11.5,1.05,0.2071,13.8066977924555,0.111153119092628,18.8459936885066,0.0760500458388945,1.14008981891139,0.0211892990699381,-1.11890051984145,TRUE,TRUE,TRUE,TRUE,TRUE
2.4,1e+05,5,0.2,1,0.1,1000,200,1,0,10,0.001,1,6,0.5,0.2224,13.3233205516939,0.114930555555556,18.5336994202738,0.0375281821119608,1.1246124769031,-0.301029995663981,-1.42564247256709,TRUE,TRUE,TRUE,TRUE,TRUE
2.5,1e+05,5,0.2,1,0.1,1000,200,1,0,10,0,0,NA,NA,0.2375,12.8928242146115,0.1184,18.2601363937371,NA,NA,NA,NA,TRUE,TRUE,FALSE,TRUE,FALSE
2.6,1e+05,5,0.2,1,0.1,1000,200,1,0,10,0.001,1,22,2.1,0.2524,12.5064828837631,0.121597633136095,18.0184449630765,0.167912915207071,1.09713519307207,0.322219294733919,-0.774915898338147,TRUE,TRUE,TRUE,TRUE,TRUE
2.7,1e+05,5,0.2,1,0.1,1000,200,1,0,10,0.001,1,14,1.3,0.2671,12.15746209962,0.124554183813443,17.8033081225223,0.106930212025142,1.08484292434743,0.113943352306837,-0.970899572040592,TRUE,TRUE,TRUE,TRUE,TRUE
2.8,1e+05,5,0.2,1,0.1,1000,200,1,0,10,0.001,1,15,1.4,0.2816,11.8403228137435,0.127295918367347,17.6105382124006,0.118240019467625,1.07336354312308,0.146128035678238,-0.92723550744484,TRUE,TRUE,TRUE,TRUE,TRUE
2.9,1e+05,5,0.2,1,0.1,1000,200,1,0,10,0,0,NA,NA,0.2959,11.5506755703577,0.129845422116528,17.4367903981458,NA,NA,NA,NA,TRUE,TRUE,FALSE,TRUE,FALSE
3,1e+05,5,0.2,1,0.1,1000,200,1,0,10,0,0,NA,NA,0.31,11.2849339478618,0.132222222222222,17.2793595829238,NA,NA,NA,NA,TRUE,TRUE,FALSE,TRUE,FALSE
3.1,1e+05,5,0.2,1,0.1,1000,200,1,0,10,0,0,NA,NA,0.3239,11.0401352624982,0.134443288241415,17.1360336125514,NA,NA,NA,NA,TRUE,TRUE,FALSE,TRUE,FALSE
3.2,1e+05,5,0.2,1,0.1,1000,200,1,0,10,0.004,4,231,23,0.3376,10.8138078756376,0.1365234375,17.0049853051366,2.12691035983881,1.03397864938131,1.36172783601759,0.327749186636286,TRUE,TRUE,TRUE,TRUE,TRUE
3.3,1e+05,5,0.2,1,0.1,1000,200,1,0,10,0.015,15,211.333333333333,21.0333333333333,0.3511,10.6038714366792,0.138475665748393,16.8846917882673,1.98355227700878,1.02546445362544,1.32290810452447,0.297443650899033,TRUE,TRUE,TRUE,TRUE,TRUE
3.4,1e+05,5,0.2,1,0.1,1000,200,1,0,10,0.044,44,204.068181818182,20.3068181818182,0.3644,10.4085608189369,0.140311418685121,16.7738733839959,1.95097271708043,1.01739068420763,1.30764188035548,0.290251196147841,TRUE,TRUE,TRUE,TRUE,TRUE
3.5,1e+05,5,0.2,1,0.1,1000,200,1,0,10,0.133,133,207.857142857143,20.6857142857143,0.3775,10.2263673746065,0.142040816326531,16.6714467108579,2.02278223810732,1.00972139037551,1.31567052184687,0.30594913147136,TRUE,TRUE,TRUE,TRUE,TRUE
3.6,1e+05,5,0.2,1,0.1,1000,200,1,0,10,0.213,213,203.281690140845,20.2281690140845,0.3904,10.0559930346436,0.143672839506173,16.5764882759291,2.01155360235404,1.00242496386079,1.30595657367208,0.303531609811288,TRUE,TRUE,TRUE,TRUE,TRUE
3.7,1e+05,5,0.2,1,0.1,1000,200,1,0,10,0.345,345,201.663768115942,20.0663768115942,0.4031,9.89631406195228,0.145215485756026,16.4882059092694,2.02766168150848,0.99547346928159,1.30246896328064,0.306995493999046,TRUE,TRUE,TRUE,TRUE,TRUE
3.8,1e+05,5,0.2,1,0.1,1000,200,1,0,10,0.436,436,196.518348623853,19.5518348623853,0.4156,9.74635214753336,0.146675900277008,16.4059161322751,2.00606694344956,0.988842098915545,1.29118752046417,0.302345421548629,TRUE,TRUE,TRUE,TRUE,TRUE
3.9,1e+05,5,0.2,1,0.1,1000,200,1,0,10,0.579,579,196.369602763385,19.5369602763385,0.4279,9.6052511545211,0.148060486522025,16.3290260657757,2.03398744728738,0.982508725116149,1.29085699347148,0.308348268355336,TRUE,TRUE,TRUE,TRUE,TRUE
4,1e+05,5,0.2,1,0.1,1000,200,1,0,10,0.703,703,191.024182076814,19.0024182076814,0.44,9.47225825099483,0.149375,16.2570188468395,2.00611276679303,0.976453530115021,1.27880887186995,0.302355341754926,TRUE,TRUE,TRUE,TRUE,TRUE
4.1,1e+05,5,0.2,1,0.1,1000,200,1,0,10,0.798,798,187.720551378446,18.6720551378446,0.4519,9.34670848555563,0.150624628197501,16.1894417831041,1.99771450737983,0.970658697692514,1.27119212115772,0.300533423465202,TRUE,TRUE,TRUE,TRUE,TRUE
4.2,1e+05,5,0.2,1,0.1,1000,200,1,0,10,0.834,834,185.194244604317,18.4194244604317,0.4636,9.22801208736008,0.151814058956916,16.1258966617196,1.9960338462995,0.965108154712336,1.26527605596052,0.300167901248186,TRUE,TRUE,TRUE,TRUE,TRUE
4.3,1e+05,5,0.2,1,0.1,1000,200,1,0,10,0.886,886,181.47065462754,18.047065462754,0.4751,9.11564393982745,0.152947539210384,16.0660317679771,1.97979052076661,0.959787353148512,1.25640659366864,0.296619240520127,TRUE,TRUE,TRUE,TRUE,TRUE
4.4,1e+05,5,0.2,1,0.1,1000,200,1,0,10,0.904,904,178.801991150442,17.7801991150443,0.4864,9.00913480182085,0.154028925619835,16.0095352709252,1.97357454474437,0.954683085225776,1.24993662019329,0.295253534967518,TRUE,TRUE,TRUE,TRUE,TRUE
4.5,1e+05,5,0.2,1,0.1,1000,200,1,0,10,0.946,946,176.270613107822,17.5270613107822,0.4975,8.90806394368827,0.155061728395062,15.9561297097612,1.96755001104374,0.949783325817243,1.24370910585434,0.293925780037098,TRUE,TRUE,TRUE,TRUE,TRUE
4.6,1e+05,5,0.2,1,0.1,1000,200,1,0,10,0.967,967,173.736297828335,17.2736297828335,0.5084,8.81205293651011,0.156049149338374,15.905567372553,1.96022764584917,0.94507709741713,1.23738360734257,0.29230650992544,TRUE,TRUE,TRUE,TRUE,TRUE
4.7,1e+05,5,0.2,1,0.1,1000,200,1,0,10,0.972,972,171.721193415638,17.0721193415638,0.5191,8.72076038717988,0.156994114984156,15.857626402861,1.95764114407512,0.94055435391869,1.23228743799894,0.291733084080253,TRUE,TRUE,TRUE,TRUE,TRUE
4.8,1e+05,5,0.2,1,0.1,1000,200,1,0,10,0.984,984,169.332317073171,16.8332317073171,0.5296,8.63387745380845,0.157899305555556,15.812107503636,1.94967229930879,0.936205880142293,1.22616750147318,0.289961621330885,TRUE,TRUE,TRUE,TRUE,TRUE
4.9,1e+05,5,0.2,1,0.1,1000,200,1,0,10,0.982,982,167.433808553971,16.6433808553972,0.5399,8.55112400848007,0.158767180341524,15.7688311339395,1.94633838064938,0.932023204622494,1.22124155138395,0.289218346761459,TRUE,TRUE,TRUE,TRUE,TRUE
5,1e+05,5,0.2,1,0.1,1000,200,1,0,10,0.989,989,164.459049544995,16.3459049544995,0.55,8.47224533986308,0.1596,15.72763511444,1.92934745144711,0.927998523610993,1.21340896932545,0.285410445714453,TRUE,TRUE,TRUE,TRUE,TRUE
1.1,177827.941003892,5.25,0.2,1,0.1,1000,200,1,0,10,0.253,253,90.3438735177866,8.93438735177866,0.00790000000000001,70.6913576838391,0.00991735537190084,63.0931093050002,NA,NA,NA,NA,TRUE,TRUE,TRUE,FALSE,FALSE
1.2,177827.941003892,5.25,0.2,1,0.1,1000,200,1,0,10,0.108,108,54.8425925925926,5.38425925925926,0.0256,39.2699081698724,0.0263888888888889,38.6784726438346,0.137109036159907,1.59405988570219,0.731125963577518,-0.862933922124673,TRUE,TRUE,TRUE,TRUE,TRUE
1.3,177827.941003892,5.25,0.2,1,0.1,1000,200,1,0,10,0.064,64,48.84375,4.784375,0.0431,30.2650386787526,0.0402366863905326,31.3233904688052,0.158082566844986,1.48094123327775,0.679825212378355,-0.801116020899394,TRUE,TRUE,TRUE,TRUE,TRUE
1.4,177827.941003892,5.25,0.2,1,0.1,1000,200,1,0,10,0.038,38,33.8947368421053,3.28947368421053,0.0604,25.5659184365163,0.0520408163265306,27.5427828532161,0.128666360740325,1.40766139904755,0.517126416391246,-0.890534982656303,TRUE,TRUE,TRUE,TRUE,TRUE
1.5,177827.941003892,5.25,0.2,1,0.1,1000,200,1,0,10,0.027,27,33.6666666666667,3.26666666666667,0.0775,22.5698678957237,0.0622222222222222,25.1887786254407,0.144735745984832,1.35352901710496,0.514104820972832,-0.839424196132127,TRUE,TRUE,TRUE,TRUE,TRUE
1.6,177827.941003892,5.25,0.2,1,0.1,1000,200,1,0,10,0.014,14,26.3571428571429,2.53571428571429,0.0944,20.4500263158106,0.07109375,23.5648216426584,0.123995649030233,1.31069387120908,0.404100317376856,-0.906593553832224,TRUE,TRUE,TRUE,TRUE,TRUE
1.7,177827.941003892,5.25,0.2,1,0.1,1000,200,1,0,10,0.01,10,37.5,3.65,0.1111,18.8504984700266,0.0788927335640139,22.3697621406816,0.193628831927374,1.27532283888768,0.562292864456475,-0.713029974431207,TRUE,TRUE,TRUE,TRUE,TRUE
1.8,177827.941003892,5.25,0.2,1,0.1,1000,200,1,0,10,0.005,5,15.2,1.42,0.1276,17.5895419921885,0.0858024691358025,21.4501323165175,0.0807297882247654,1.24525453116554,0.152288344383056,-1.09296618678249,TRUE,TRUE,TRUE,TRUE,TRUE
1.9,177827.941003892,5.25,0.2,1,0.1,1000,200,1,0,10,0.008,8,20.125,1.9125,0.1439,16.5633992887844,0.0919667590027701,20.71879185665,0.11546542872362,1.21914947138981,0.281601443825655,-0.937548027564157,TRUE,TRUE,TRUE,TRUE,TRUE
2,177827.941003892,5.25,0.2,1,0.1,1000,200,1,0,10,0.003,3,17.6666666666667,1.66666666666667,0.16,15.707963267949,0.0975,20.1222972650783,0.106103295394597,1.19611987703015,0.221848749616356,-0.974271127413796,TRUE,TRUE,TRUE,TRUE,TRUE
2.1,177827.941003892,5.25,0.2,1,0.1,1000,200,1,0,10,0.007,7,11.5714285714286,1.05714285714286,0.1759,14.9812119600793,0.10249433106576,19.6259164509097,0.0705645751465133,1.17554694862938,0.0241336797167194,-1.15141326891267,TRUE,TRUE,TRUE,TRUE,TRUE
2.2,177827.941003892,5.25,0.2,1,0.1,1000,200,1,0,10,0.002,2,12.5,1.15,0.1916,14.3543032188807,0.10702479338843,19.2060329367657,0.080115348161753,1.15698211598685,0.0606978403536117,-1.09628427563324,TRUE,TRUE,TRUE,TRUE,TRUE
2.3,177827.941003892,5.25,0.2,1,0.1,1000,200,1,0,10,0.001,1,5,0.4,0.2071,13.8066977924555,0.111153119092628,18.8459936885066,0.0289714460338646,1.14008981891139,-0.397940008672038,-1.53802982758343,TRUE,TRUE,TRUE,TRUE,TRUE
2.4,177827.941003892,5.25,0.2,1,0.1,1000,200,1,0,10,0.001,1,5,0.4,0.2224,13.3233205516939,0.114930555555556,18.5336994202738,0.0300225456895686,1.1246124769031,-0.397940008672038,-1.52255248557514,TRUE,TRUE,TRUE,TRUE,TRUE
2.5,177827.941003892,5.25,0.2,1,0.1,1000,200,1,0,10,0.003,3,6.66666666666667,0.566666666666667,0.2375,12.8928242146115,0.1184,18.2601363937371,0.0439520974795002,1.11034806137767,-0.246672333341388,-1.35702039471906,TRUE,TRUE,TRUE,TRUE,TRUE
2.6,177827.941003892,5.25,0.2,1,0.1,1000,200,1,0,10,0.002,2,9.5,0.85,0.2524,12.5064828837631,0.121597633136095,18.0184449630765,0.0679647513933382,1.09713519307207,-0.0705810742857072,-1.16771626735777,TRUE,TRUE,TRUE,TRUE,TRUE
2.7,177827.941003892,5.25,0.2,1,0.1,1000,200,1,0,10,0.001,1,7,0.6,0.2671,12.15746209962,0.124554183813443,17.8033081225223,0.0493524055500657,1.08484292434743,-0.221848749616356,-1.30669167396378,TRUE,TRUE,TRUE,TRUE,TRUE
2.8,177827.941003892,5.25,0.2,1,0.1,1000,200,1,0,10,0,0,NA,NA,0.2816,11.8403228137435,0.127295918367347,17.6105382124006,NA,NA,NA,NA,TRUE,TRUE,FALSE,TRUE,FALSE
2.9,177827.941003892,5.25,0.2,1,0.1,1000,200,1,0,10,0.001,1,1,0,0.2959,11.5506755703577,0.129845422116528,17.4367903981458,NA,NA,NA,NA,TRUE,TRUE,FALSE,TRUE,FALSE
3,177827.941003892,5.25,0.2,1,0.1,1000,200,1,0,10,0,0,NA,NA,0.31,11.2849339478618,0.132222222222222,17.2793595829238,NA,NA,NA,NA,TRUE,TRUE,FALSE,TRUE,FALSE
3.1,177827.941003892,5.25,0.2,1,0.1,1000,200,1,0,10,0.001,1,8,0.7,0.3239,11.0401352624982,0.134443288241415,17.1360336125514,0.0634050202607394,1.04297439435303,-0.154901959985743,-1.19787635433877,TRUE,TRUE,TRUE,TRUE,TRUE
3.2,177827.941003892,5.25,0.2,1,0.1,1000,200,1,0,10,0.001,1,8,0.7,0.3376,10.8138078756376,0.1365234375,17.0049853051366,0.0647320544298767,1.03397864938131,-0.154901959985743,-1.18888060936705,TRUE,TRUE,TRUE,TRUE,TRUE
3.3,177827.941003892,5.25,0.2,1,0.1,1000,200,1,0,10,0.002,2,7.5,0.65,0.3511,10.6038714366792,0.138475665748393,16.8846917882673,0.0612983667221413,1.02546445362544,-0.187086643357144,-1.21255109698258,TRUE,TRUE,TRUE,TRUE,TRUE
3.4,177827.941003892,5.25,0.2,1,0.1,1000,200,1,0,10,0.004,4,222,22.1,0.3644,10.4085608189369,0.140311418685121,16.7738733839959,2.12325223289201,1.01739068420763,1.34439227368511,0.327001589477476,TRUE,TRUE,TRUE,TRUE,TRUE
3.5,177827.941003892,5.25,0.2,1,0.1,1000,200,1,0,10,0.024,24,220.041666666667,21.9041666666667,0.3775,10.2263673746065,0.142040816326531,16.6714467108579,2.14193035163764,1.00972139037551,1.34052673530682,0.330805344931308,TRUE,TRUE,TRUE,TRUE,TRUE
3.6,177827.941003892,5.25,0.2,1,0.1,1000,200,1,0,10,0.068,68,218.205882352941,21.7205882352941,0.3904,10.0559930346436,0.143672839506173,16.5764882759291,2.15996452667232,1.00242496386079,1.33687158260571,0.334446618744925,TRUE,TRUE,TRUE,TRUE,TRUE
3.7,177827.941003892,5.25,0.2,1,0.1,1000,200,1,0,10,0.147,147,215.598639455782,21.4598639455782,0.4031,9.89631406195228,0.145215485756026,16.4882059092694,2.16847038313826,0.99547346928159,1.33162696423422,0.336153494952634,TRUE,TRUE,TRUE,TRUE,TRUE
3.8,177827.941003892,5.25,0.2,1,0.1,1000,200,1,0,10,0.247,247,209.153846153846,20.8153846153846,0.4156,9.74635214753336,0.146675900277008,16.4059161322751,2.13571029450774,0.988842098915545,1.31838443995477,0.329542341039222,TRUE,TRUE,TRUE,TRUE,TRUE
3.9,177827.941003892,5.25,0.2,1,0.1,1000,200,1,0,10,0.392,392,207.441326530612,20.6441326530612,0.4279,9.6052511545211,0.148060486522025,16.3290260657757,2.14925485247143,0.982508725116149,1.31479664105415,0.332287915938005,TRUE,TRUE,TRUE,TRUE,TRUE
4,177827.941003892,5.25,0.2,1,0.1,1000,200,1,0,10,0.529,529,202.92438563327,20.192438563327,0.44,9.47225825099483,0.149375,16.2570188468395,2.13174493645233,0.976453530115021,1.30518877018907,0.328735240074044,TRUE,TRUE,TRUE,TRUE,TRUE
4.1,177827.941003892,5.25,0.2,1,0.1,1000,200,1,0,10,0.631,631,200.185419968304,19.9185419968304,0.4519,9.34670848555563,0.150624628197501,16.1894417831041,2.13107555751979,0.970658697692514,1.29925754563862,0.328598847946107,TRUE,TRUE,TRUE,TRUE,TRUE
4.2,177827.941003892,5.25,0.2,1,0.1,1000,200,1,0,10,0.737,737,196.55223880597,19.555223880597,0.4636,9.22801208736008,0.151814058956916,16.1258966617196,2.11911554682318,0.965108154712336,1.29126279239509,0.326154637682759,TRUE,TRUE,TRUE,TRUE,TRUE
4.3,177827.941003892,5.25,0.2,1,0.1,1000,200,1,0,10,0.794,794,191.913098236776,19.0913098236776,0.4751,9.11564393982745,0.152947539210384,16.0660317679771,2.09434571487211,0.959787353148512,1.28083572565302,0.321048372504509,TRUE,TRUE,TRUE,TRUE,TRUE
4.4,177827.941003892,5.25,0.2,1,0.1,1000,200,1,0,10,0.854,854,189.754098360656,18.8754098360656,0.4864,9.00913480182085,0.154028925619835,16.0095352709252,2.09514123734175,0.954683085225776,1.27589639010835,0.321213304882572,TRUE,TRUE,TRUE,TRUE,TRUE
4.5,177827.941003892,5.25,0.2,1,0.1,1000,200,1,0,10,0.896,896,186.276785714286,18.5276785714286,0.4975,8.90806394368827,0.155061728395062,15.9561297097612,2.07987714149225,0.949783325817243,1.26782100772816,0.318037681910919,TRUE,TRUE,TRUE,TRUE,TRUE
4.6,177827.941003892,5.25,0.2,1,0.1,1000,200,1,0,10,0.93,930,184.60752688172,18.360752688172,0.5084,8.81205293651011,0.156049149338374,15.905567372553,2.08359536880444,0.94507709741713,1.26389048087499,0.318813383457861,TRUE,TRUE,TRUE,TRUE,TRUE
4.7,177827.941003892,5.25,0.2,1,0.1,1000,200,1,0,10,0.952,952,180.405462184874,17.9405462184874,0.5191,8.72076038717988,0.156994114984156,15.857626402861,2.05722269870655,0.94055435391869,1.2538356614541,0.313281307535412,TRUE,TRUE,TRUE,TRUE,TRUE
4.8,177827.941003892,5.25,0.2,1,0.1,1000,200,1,0,10,0.97,970,179.154639175258,17.8154639175258,0.5296,8.63387745380845,0.157899305555556,15.812107503636,2.06343719989531,0.936205880142293,1.25079713593195,0.31459125578966,TRUE,TRUE,TRUE,TRUE,TRUE
4.9,177827.941003892,5.25,0.2,1,0.1,1000,200,1,0,10,0.975,975,176.819487179487,17.5819487179487,0.5399,8.55112400848007,0.158767180341524,15.7688311339395,2.0560979703385,0.932023204622494,1.24506700899423,0.313043804371735,TRUE,TRUE,TRUE,TRUE,TRUE
5,177827.941003892,5.25,0.2,1,0.1,1000,200,1,0,10,0.981,981,175.051987767584,17.4051987767584,0.55,8.47224533986308,0.1596,15.72763511444,2.05437851225395,0.927998523610993,1.24067898752587,0.312680463914879,TRUE,TRUE,TRUE,TRUE,TRUE
1.1,316227.766016838,5.5,0.2,1,0.1,1000,200,1,0,10,0.255,255,75.878431372549,7.4878431372549,0.00790000000000001,70.6913576838391,0.00991735537190084,63.0931093050002,NA,NA,NA,NA,TRUE,TRUE,TRUE,FALSE,FALSE
1.2,316227.766016838,5.5,0.2,1,0.1,1000,200,1,0,10,0.106,106,57.8301886792453,5.68301886792453,0.0256,39.2699081698724,0.0263888888888889,38.6784726438346,0.144716887122351,1.59405988570219,0.754579097927874,-0.839480787774316,TRUE,TRUE,TRUE,TRUE,TRUE
1.3,316227.766016838,5.5,0.2,1,0.1,1000,200,1,0,10,0.055,55,39.9090909090909,3.89090909090909,0.0431,30.2650386787526,0.0402366863905326,31.3233904688052,0.128561180185792,1.48094123327775,0.590051083854947,-0.890890149422802,TRUE,TRUE,TRUE,TRUE,TRUE
1.4,316227.766016838,5.5,0.2,1,0.1,1000,200,1,0,10,0.027,27,36.3333333333333,3.53333333333333,0.0604,25.5659184365163,0.0520408163265306,27.5427828532161,0.138204826949874,1.40766139904755,0.548184610545108,-0.859476788502441,TRUE,TRUE,TRUE,TRUE,TRUE
1.5,316227.766016838,5.5,0.2,1,0.1,1000,200,1,0,10,0.032,32,37.59375,3.659375,0.0775,22.5698678957237,0.0622222222222222,25.1887786254407,0.162135419529564,1.35352901710496,0.563406916752457,-0.790122100352503,TRUE,TRUE,TRUE,TRUE,TRUE
1.6,316227.766016838,5.5,0.2,1,0.1,1000,200,1,0,10,0.015,15,23.1333333333333,2.21333333333333,0.0944,20.4500263158106,0.07109375,23.5648216426584,0.108231319566671,1.31069387120908,0.345046824648355,-0.965647046560725,TRUE,TRUE,TRUE,TRUE,TRUE
1.7,316227.766016838,5.5,0.2,1,0.1,1000,200,1,0,10,0.01,10,16.9,1.59,0.1111,18.8504984700266,0.0788927335640139,22.3697621406816,0.0843479021272672,1.27532283888768,0.201397124320451,-1.07392571456723,TRUE,TRUE,TRUE,TRUE,TRUE
1.8,316227.766016838,5.5,0.2,1,0.1,1000,200,1,0,10,0.009,9,17.2222222222222,1.62222222222222,0.1276,17.5895419921885,0.0858024691358025,21.4501323165175,0.0922265186292313,1.24525453116554,0.210110346345112,-1.03514418482043,TRUE,TRUE,TRUE,TRUE,TRUE
1.9,316227.766016838,5.5,0.2,1,0.1,1000,200,1,0,10,0.006,6,31,3,0.1439,16.5633992887844,0.0919667590027701,20.71879185665,0.181122241135091,1.21914947138981,0.477121254719662,-0.74202821667015,TRUE,TRUE,TRUE,TRUE,TRUE
2,316227.766016838,5.5,0.2,1,0.1,1000,200,1,0,10,0.005,5,10.2,0.92,0.16,15.707963267949,0.0975,20.1222972650783,0.0585690190578175,1.19611987703015,-0.0362121726544448,-1.2323320496846,TRUE,TRUE,TRUE,TRUE,TRUE
2.1,316227.766016838,5.5,0.2,1,0.1,1000,200,1,0,10,0.003,3,9.33333333333333,0.833333333333333,0.1759,14.9812119600793,0.10249433106576,19.6259164509097,0.0556252281560352,1.17554694862938,-0.0791812460476247,-1.25472819467701,TRUE,TRUE,TRUE,TRUE,TRUE
2.2,316227.766016838,5.5,0.2,1,0.1,1000,200,1,0,10,0.002,2,12.5,1.15,0.1916,14.3543032188807,0.10702479338843,19.2060329367657,0.080115348161753,1.15698211598685,0.0606978403536117,-1.09628427563324,TRUE,TRUE,TRUE,TRUE,TRUE
2.3,316227.766016838,5.5,0.2,1,0.1,1000,200,1,0,10,0,0,NA,NA,0.2071,13.8066977924555,0.111153119092628,18.8459936885066,NA,NA,NA,NA,TRUE,TRUE,FALSE,TRUE,FALSE
2.4,316227.766016838,5.5,0.2,1,0.1,1000,200,1,0,10,0.001,1,27,2.6,0.2224,13.3233205516939,0.114930555555556,18.5336994202738,0.195146546982196,1.1246124769031,0.414973347970818,-0.709639128932287,TRUE,TRUE,TRUE,TRUE,TRUE
2.5,316227.766016838,5.5,0.2,1,0.1,1000,200,1,0,10,0.004,4,10,0.9,0.2375,12.8928242146115,0.1184,18.2601363937371,0.0698062724674415,1.11034806137767,-0.0457574905606751,-1.15610555193835,TRUE,TRUE,TRUE,TRUE,TRUE
2.6,316227.766016838,5.5,0.2,1,0.1,1000,200,1,0,10,0,0,NA,NA,0.2524,12.5064828837631,0.121597633136095,18.0184449630765,NA,NA,NA,NA,TRUE,TRUE,FALSE,TRUE,FALSE
2.7,316227.766016838,5.5,0.2,1,0.1,1000,200,1,0,10,0,0,NA,NA,0.2671,12.15746209962,0.124554183813443,17.8033081225223,NA,NA,NA,NA,TRUE,TRUE,FALSE,TRUE,FALSE
2.8,316227.766016838,5.5,0.2,1,0.1,1000,200,1,0,10,0.001,1,7,0.6,0.2816,11.8403228137435,0.127295918367347,17.6105382124006,0.0506742940575536,1.07336354312308,-0.221848749616356,-1.29521229273943,TRUE,TRUE,TRUE,TRUE,TRUE
2.9,316227.766016838,5.5,0.2,1,0.1,1000,200,1,0,10,0.002,2,8.5,0.75,0.2959,11.5506755703577,0.129845422116528,17.4367903981458,0.0649312670442164,1.0626073857778,-0.1249387366083,-1.1875461223861,TRUE,TRUE,TRUE,TRUE,TRUE
3,316227.766016838,5.5,0.2,1,0.1,1000,200,1,0,10,0,0,NA,NA,0.31,11.2849339478618,0.132222222222222,17.2793595829238,NA,NA,NA,NA,TRUE,TRUE,FALSE,TRUE,FALSE
3.1,316227.766016838,5.5,0.2,1,0.1,1000,200,1,0,10,0.001,1,3,0.2,0.3239,11.0401352624982,0.134443288241415,17.1360336125514,0.018115720074497,1.04297439435303,-0.698970004336019,-1.74194439868905,TRUE,TRUE,TRUE,TRUE,TRUE
3.2,316227.766016838,5.5,0.2,1,0.1,1000,200,1,0,10,0,0,NA,NA,0.3376,10.8138078756376,0.1365234375,17.0049853051366,NA,NA,NA,NA,TRUE,TRUE,FALSE,TRUE,FALSE
3.3,316227.766016838,5.5,0.2,1,0.1,1000,200,1,0,10,0.001,1,17,1.6,0.3511,10.6038714366792,0.138475665748393,16.8846917882673,0.15088828731604,1.02546445362544,0.204119982655925,-0.821344470969515,TRUE,TRUE,TRUE,TRUE,TRUE
3.4,316227.766016838,5.5,0.2,1,0.1,1000,200,1,0,10,0,0,NA,NA,0.3644,10.4085608189369,0.140311418685121,16.7738733839959,NA,NA,NA,NA,TRUE,TRUE,FALSE,TRUE,FALSE
3.5,316227.766016838,5.5,0.2,1,0.1,1000,200,1,0,10,0.002,2,231.5,23.05,0.3775,10.2263673746065,0.142040816326531,16.6714467108579,2.25397730744901,1.00972139037551,1.36267092972567,0.352949539350155,TRUE,TRUE,TRUE,TRUE,TRUE
3.6,316227.766016838,5.5,0.2,1,0.1,1000,200,1,0,10,0.011,11,231.181818181818,23.0181818181818,0.3904,10.0559930346436,0.143672839506173,16.5764882759291,2.28900136852547,1.00242496386079,1.36207101618709,0.359646052326305,TRUE,TRUE,TRUE,TRUE,TRUE
3.7,316227.766016838,5.5,0.2,1,0.1,1000,200,1,0,10,0.031,31,219.41935483871,21.841935483871,0.4031,9.89631406195228,0.145215485756026,16.4882059092694,2.20707784202658,0.99547346928159,1.33929111996315,0.343817650681562,TRUE,TRUE,TRUE,TRUE,TRUE
3.8,316227.766016838,5.5,0.2,1,0.1,1000,200,1,0,10,0.095,95,218.957894736842,21.7957894736842,0.4156,9.74635214753336,0.146675900277008,16.4059161322751,2.23630227430274,0.988842098915545,1.33837260438628,0.349530505470738,TRUE,TRUE,TRUE,TRUE,TRUE
3.9,316227.766016838,5.5,0.2,1,0.1,1000,200,1,0,10,0.173,173,215.57225433526,21.457225433526,0.4279,9.6052511545211,0.148060486522025,16.3290260657757,2.23390571348322,0.982508725116149,1.33157356400402,0.349064838887875,TRUE,TRUE,TRUE,TRUE,TRUE
4,316227.766016838,5.5,0.2,1,0.1,1000,200,1,0,10,0.327,327,212.253822629969,21.1253822629969,0.44,9.47225825099483,0.149375,16.2570188468395,2.23023715181944,0.976453530115021,1.32480457623514,0.348351046120114,TRUE,TRUE,TRUE,TRUE,TRUE
4.1,316227.766016838,5.5,0.2,1,0.1,1000,200,1,0,10,0.437,437,211.022883295195,21.0022883295195,0.4519,9.34670848555563,0.150624628197501,16.1894417831041,2.24702507433246,0.970658697692514,1.32226661638822,0.351607918695705,TRUE,TRUE,TRUE,TRUE,TRUE
4.2,316227.766016838,5.5,0.2,1,0.1,1000,200,1,0,10,0.578,578,207.737024221453,20.6737024221453,0.4636,9.22801208736008,0.151814058956916,16.1258966617196,2.24032025819112,0.965108154712336,1.31541826073551,0.350310106023172,TRUE,TRUE,TRUE,TRUE,TRUE
4.3,316227.766016838,5.5,0.2,1,0.1,1000,200,1,0,10,0.678,678,203.362831858407,20.2362831858407,0.4751,9.11564393982745,0.152947539210384,16.0660317679771,2.21995103356612,0.959787353148512,1.30613074828088,0.346343395132366,TRUE,TRUE,TRUE,TRUE,TRUE
4.4,316227.766016838,5.5,0.2,1,0.1,1000,200,1,0,10,0.796,796,200.458542713568,19.9458542713568,0.4864,9.00913480182085,0.154028925619835,16.0095352709252,2.21395891060765,0.954683085225776,1.29985264166823,0.345169556442454,TRUE,TRUE,TRUE,TRUE,TRUE
4.5,316227.766016838,5.5,0.2,1,0.1,1000,200,1,0,10,0.839,839,198.321811680572,19.7321811680572,0.4975,8.90806394368827,0.155061728395062,15.9561297097612,2.215091998979,0.949783325817243,1.29517509421795,0.345391768400711,TRUE,TRUE,TRUE,TRUE,TRUE
4.6,316227.766016838,5.5,0.2,1,0.1,1000,200,1,0,10,0.878,878,195.457858769932,19.4457858769932,0.5084,8.81205293651011,0.156049149338374,15.905567372553,2.20672594877697,0.94507709741713,1.28882549930373,0.343748401886603,TRUE,TRUE,TRUE,TRUE,TRUE
4.7,316227.766016838,5.5,0.2,1,0.1,1000,200,1,0,10,0.933,933,192.186495176849,19.1186495176849,0.5191,8.72076038717988,0.156994114984156,15.857626402861,2.19231450800903,0.94055435391869,1.2814572118035,0.340902857884812,TRUE,TRUE,TRUE,TRUE,TRUE
4.8,316227.766016838,5.5,0.2,1,0.1,1000,200,1,0,10,0.948,948,189.868143459916,18.8868143459916,0.5296,8.63387745380845,0.157899305555556,15.812107503636,2.18752402348038,0.936205880142293,1.27615871130301,0.339952831160716,TRUE,TRUE,TRUE,TRUE,TRUE
4.9,316227.766016838,5.5,0.2,1,0.1,1000,200,1,0,10,0.965,965,186.536787564767,18.5536787564767,0.5399,8.55112400848007,0.158767180341524,15.7688311339395,2.16973566727335,0.932023204622494,1.26843003283183,0.336406828209333,TRUE,TRUE,TRUE,TRUE,TRUE
5,316227.766016838,5.5,0.2,1,0.1,1000,200,1,0,10,0.98,980,183.692857142857,18.2692857142857,0.55,8.47224533986308,0.1596,15.72763511444,2.15636882330664,0.927998523610993,1.2617215678009,0.333723044189909,TRUE,TRUE,TRUE,TRUE,TRUE
1.1,562341.325190349,5.75,0.2,1,0.1,1000,200,1,0,10,0.229,229,85.0960698689956,8.40960698689956,0.00790000000000001,70.6913576838391,0.00991735537190084,63.0931093050002,NA,NA,NA,NA,TRUE,TRUE,TRUE,FALSE,FALSE
1.2,562341.325190349,5.75,0.2,1,0.1,1000,200,1,0,10,0.121,121,54.9834710743802,5.39834710743802,0.0256,39.2699081698724,0.0263888888888889,38.6784726438346,0.137467780267935,1.59405988570219,0.732260805748181,-0.86179907995401,TRUE,TRUE,TRUE,TRUE,TRUE
1.3,562341.325190349,5.75,0.2,1,0.1,1000,200,1,0,10,0.065,65,54.7538461538462,5.37538461538462,0.0431,30.2650386787526,0.0402366863905326,31.3233904688052,0.17761036661613,1.48094123327775,0.730409544004057,-0.750531689273693,TRUE,TRUE,TRUE,TRUE,TRUE
1.4,562341.325190349,5.75,0.2,1,0.1,1000,200,1,0,10,0.041,41,41.1951219512195,4.01951219512195,0.0604,25.5659184365163,0.0520408163265306,27.5427828532161,0.157221505853699,1.40766139904755,0.604173350641361,-0.803488048406188,TRUE,TRUE,TRUE,TRUE,TRUE
1.5,562341.325190349,5.75,0.2,1,0.1,1000,200,1,0,10,0.015,15,19.0666666666667,1.80666666666667,0.0775,22.5698678957237,0.0622222222222222,25.1887786254407,0.080047728901815,1.35352901710496,0.256878031818724,-1.09665098528624,TRUE,TRUE,TRUE,TRUE,TRUE
1.6,562341.325190349,5.75,0.2,1,0.1,1000,200,1,0,10,0.012,12,20,1.9,0.0944,20.4500263158106,0.07109375,23.5648216426584,0.0929094158930763,1.31069387120908,0.278753600952829,-1.03194027025625,TRUE,TRUE,TRUE,TRUE,TRUE
1.7,562341.325190349,5.75,0.2,1,0.1,1000,200,1,0,10,0.009,9,23.1111111111111,2.21111111111111,0.1111,18.8504984700266,0.0788927335640139,22.3697621406816,0.117297222385228,1.27532283888768,0.344610566970382,-0.930712271917299,TRUE,TRUE,TRUE,TRUE,TRUE
1.8,562341.325190349,5.75,0.2,1,0.1,1000,200,1,0,10,0.007,7,20,1.9,0.1276,17.5895419921885,0.0858024691358025,21.4501323165175,0.108018730723278,1.24525453116554,0.278753600952829,-0.966500930212714,TRUE,TRUE,TRUE,TRUE,TRUE
1.9,562341.325190349,5.75,0.2,1,0.1,1000,200,1,0,10,0.008,8,13.75,1.275,0.1439,16.5633992887844,0.0919667590027701,20.71879185665,0.0769769524824135,1.21914947138981,0.105510184769974,-1.11363928661984,TRUE,TRUE,TRUE,TRUE,TRUE
2,562341.325190349,5.75,0.2,1,0.1,1000,200,1,0,10,0.005,5,14.8,1.38,0.16,15.707963267949,0.0975,20.1222972650783,0.0878535285867262,1.19611987703015,0.139879086401237,-1.05624079062892,TRUE,TRUE,TRUE,TRUE,TRUE
2.1,562341.325190349,5.75,0.2,1,0.1,1000,200,1,0,10,0.002,2,20.5,1.95,0.1759,14.9812119600793,0.10249433106576,19.6259164509097,0.130163033885122,1.17554694862938,0.290034611362518,-0.885512337266866,TRUE,TRUE,TRUE,TRUE,TRUE
2.2,562341.325190349,5.75,0.2,1,0.1,1000,200,1,0,10,0,0,NA,NA,0.1916,14.3543032188807,0.10702479338843,19.2060329367657,NA,NA,NA,NA,TRUE,TRUE,FALSE,TRUE,FALSE
2.3,562341.325190349,5.75,0.2,1,0.1,1000,200,1,0,10,0.001,1,7,0.6,0.2071,13.8066977924555,0.111153119092628,18.8459936885066,0.0434571690507968,1.14008981891139,-0.221848749616356,-1.36193856852774,TRUE,TRUE,TRUE,TRUE,TRUE
2.4,562341.325190349,5.75,0.2,1,0.1,1000,200,1,0,10,0.001,1,22,2.1,0.2224,13.3233205516939,0.114930555555556,18.5336994202738,0.157618364870235,1.1246124769031,0.322219294733919,-0.802393182169186,TRUE,TRUE,TRUE,TRUE,TRUE
2.5,562341.325190349,5.75,0.2,1,0.1,1000,200,1,0,10,0,0,NA,NA,0.2375,12.8928242146115,0.1184,18.2601363937371,NA,NA,NA,NA,TRUE,TRUE,FALSE,TRUE,FALSE
2.6,562341.325190349,5.75,0.2,1,0.1,1000,200,1,0,10,0,0,NA,NA,0.2524,12.5064828837631,0.121597633136095,18.0184449630765,NA,NA,NA,NA,TRUE,TRUE,FALSE,TRUE,FALSE
2.7,562341.325190349,5.75,0.2,1,0.1,1000,200,1,0,10,0,0,NA,NA,0.2671,12.15746209962,0.124554183813443,17.8033081225223,NA,NA,NA,NA,TRUE,TRUE,FALSE,TRUE,FALSE
2.8,562341.325190349,5.75,0.2,1,0.1,1000,200,1,0,10,0.001,1,6,0.5,0.2816,11.8403228137435,0.127295918367347,17.6105382124006,0.0422285783812947,1.07336354312308,-0.301029995663981,-1.37439353878706,TRUE,TRUE,TRUE,TRUE,TRUE
2.9,562341.325190349,5.75,0.2,1,0.1,1000,200,1,0,10,0,0,NA,NA,0.2959,11.5506755703577,0.129845422116528,17.4367903981458,NA,NA,NA,NA,TRUE,TRUE,FALSE,TRUE,FALSE
3,562341.325190349,5.75,0.2,1,0.1,1000,200,1,0,10,0.001,1,9,0.8,0.31,11.2849339478618,0.132222222222222,17.2793595829238,0.0708909776252236,1.05249902144098,-0.0969100130080564,-1.14940903444904,TRUE,TRUE,TRUE,TRUE,TRUE
3.1,562341.325190349,5.75,0.2,1,0.1,1000,200,1,0,10,0.001,1,1,0,0.3239,11.0401352624982,0.134443288241415,17.1360336125514,NA,NA,NA,NA,TRUE,TRUE,FALSE,TRUE,FALSE
3.2,562341.325190349,5.75,0.2,1,0.1,1000,200,1,0,10,0.001,1,3,0.2,0.3376,10.8138078756376,0.1365234375,17.0049853051366,0.0184948726942505,1.03397864938131,-0.698970004336019,-1.73294865371733,TRUE,TRUE,TRUE,TRUE,TRUE
3.3,562341.325190349,5.75,0.2,1,0.1,1000,200,1,0,10,0,0,NA,NA,0.3511,10.6038714366792,0.138475665748393,16.8846917882673,NA,NA,NA,NA,TRUE,TRUE,FALSE,TRUE,FALSE
3.4,562341.325190349,5.75,0.2,1,0.1,1000,200,1,0,10,0.001,1,2,0.1,0.3644,10.4085608189369,0.140311418685121,16.7738733839959,0.00960747616693217,1.01739068420763,-1,-2.01739068420763,TRUE,TRUE,TRUE,TRUE,TRUE
3.5,562341.325190349,5.75,0.2,1,0.1,1000,200,1,0,10,0,0,NA,NA,0.3775,10.2263673746065,0.142040816326531,16.6714467108579,NA,NA,NA,NA,TRUE,TRUE,FALSE,TRUE,FALSE
3.6,562341.325190349,5.75,0.2,1,0.1,1000,200,1,0,10,0,0,NA,NA,0.3904,10.0559930346436,0.143672839506173,16.5764882759291,NA,NA,NA,NA,TRUE,TRUE,FALSE,TRUE,FALSE
3.7,562341.325190349,5.75,0.2,1,0.1,1000,200,1,0,10,0.005,5,184.2,18.32,0.4031,9.89631406195228,0.145215485756026,16.4882059092694,1.8511942815592,0.99547346928159,1.26292546933183,0.267452000050242,TRUE,TRUE,TRUE,TRUE,TRUE
3.8,562341.325190349,5.75,0.2,1,0.1,1000,200,1,0,10,0.014,14,225.071428571429,22.4071428571429,0.4156,9.74635214753336,0.146675900277008,16.4059161322751,2.29902865379369,0.988842098915545,1.35038648301951,0.361544384103962,TRUE,TRUE,TRUE,TRUE,TRUE
3.9,562341.325190349,5.75,0.2,1,0.1,1000,200,1,0,10,0.044,44,231.590909090909,23.0590909090909,0.4279,9.6052511545211,0.148060486522025,16.3290260657757,2.40067547824996,0.982508725116149,1.3628421814952,0.380333456379049,TRUE,TRUE,TRUE,TRUE,TRUE
4,562341.325190349,5.75,0.2,1,0.1,1000,200,1,0,10,0.141,141,225.624113475177,22.4624113475177,0.44,9.47225825099483,0.149375,16.2570188468395,2.37138924555384,0.976453530115021,1.35145637608877,0.375002845973747,TRUE,TRUE,TRUE,TRUE,TRUE
4.1,562341.325190349,5.75,0.2,1,0.1,1000,200,1,0,10,0.232,232,222.409482758621,22.1409482758621,0.4519,9.34670848555563,0.150624628197501,16.1894417831041,2.36884977316652,0.970658697692514,1.34519621736271,0.374537519670196,TRUE,TRUE,TRUE,TRUE,TRUE
4.2,562341.325190349,5.75,0.2,1,0.1,1000,200,1,0,10,0.366,366,218.174863387978,21.7174863387978,0.4636,9.22801208736008,0.151814058956916,16.1258966617196,2.35343063416063,0.965108154712336,1.33680955699582,0.371701402283482,TRUE,TRUE,TRUE,TRUE,TRUE
4.3,562341.325190349,5.75,0.2,1,0.1,1000,200,1,0,10,0.504,504,215.708333333333,21.4708333333333,0.4751,9.11564393982745,0.152947539210384,16.0660317679771,2.35538306180701,0.959787353148512,1.33184890074947,0.372061547600956,TRUE,TRUE,TRUE,TRUE,TRUE
4.4,562341.325190349,5.75,0.2,1,0.1,1000,200,1,0,10,0.632,632,211.762658227848,21.0762658227848,0.4864,9.00913480182085,0.154028925619835,16.0095352709252,2.33943284082341,0.954683085225776,1.32379366744111,0.369110582215333,TRUE,TRUE,TRUE,TRUE,TRUE
4.5,562341.325190349,5.75,0.2,1,0.1,1000,200,1,0,10,0.733,733,210.070941336971,20.9070941336971,0.4975,8.90806394368827,0.155061728395062,15.9561297097612,2.34698518846069,0.949783325817243,1.3202936746446,0.370510348827358,TRUE,TRUE,TRUE,TRUE,TRUE
4.6,562341.325190349,5.75,0.2,1,0.1,1000,200,1,0,10,0.827,827,206.247883917775,20.5247883917775,0.5084,8.81205293651011,0.156049149338374,15.905567372553,2.32917216222558,0.94507709741713,1.31227868828809,0.367201590870958,TRUE,TRUE,TRUE,TRUE,TRUE
4.7,562341.325190349,5.75,0.2,1,0.1,1000,200,1,0,10,0.878,878,202.697038724374,20.1697038724374,0.5191,8.72076038717988,0.156994114984156,15.857626402861,2.31283775461693,0.94055435391869,1.30469952203475,0.364145168116064,TRUE,TRUE,TRUE,TRUE,TRUE
4.8,562341.325190349,5.75,0.2,1,0.1,1000,200,1,0,10,0.906,906,200.565121412804,19.9565121412804,0.5296,8.63387745380845,0.157899305555556,15.812107503636,2.31141943443701,0.936205880142293,1.30008464065089,0.363878760508596,TRUE,TRUE,TRUE,TRUE,TRUE
4.9,562341.325190349,5.75,0.2,1,0.1,1000,200,1,0,10,0.925,925,196.247567567568,19.5247567567568,0.5399,8.55112400848007,0.158767180341524,15.7688311339395,2.28329711244911,0.932023204622494,1.29058563205734,0.358562427434842,TRUE,TRUE,TRUE,TRUE,TRUE
5,562341.325190349,5.75,0.2,1,0.1,1000,200,1,0,10,0.962,962,194.358627858628,19.3358627858628,0.55,8.47224533986308,0.1596,15.72763511444,2.28225954398238,0.927998523610993,1.28636355550292,0.358365031891928,TRUE,TRUE,TRUE,TRUE,TRUE
1.1,1e+06,6,0.2,1,0.1,1000,200,1,0,10,0.266,266,84.6127819548872,8.36127819548872,0.00790000000000001,70.6913576838391,0.00991735537190084,63.0931093050002,NA,NA,NA,NA,TRUE,TRUE,TRUE,FALSE,FALSE
1.2,1e+06,6,0.2,1,0.1,1000,200,1,0,10,0.106,106,57.122641509434,5.6122641509434,0.0256,39.2699081698724,0.0263888888888889,38.6784726438346,0.142915133049613,1.59405988570219,0.749138103660195,-0.844921782041995,TRUE,TRUE,TRUE,TRUE,TRUE
1.3,1e+06,6,0.2,1,0.1,1000,200,1,0,10,0.068,68,48.2794117647059,4.72794117647059,0.0431,30.2650386787526,0.0402366863905326,31.3233904688052,0.156217912907867,1.48094123327775,0.674672064554005,-0.806269168723745,TRUE,TRUE,TRUE,TRUE,TRUE
1.4,1e+06,6,0.2,1,0.1,1000,200,1,0,10,0.025,25,43.44,4.244,0.0604,25.5659184365163,0.0520408163265306,27.5427828532161,0.166002250634509,1.40766139904755,0.627775375229303,-0.779886023818246,TRUE,TRUE,TRUE,TRUE,TRUE
1.5,1e+06,6,0.2,1,0.1,1000,200,1,0,10,0.017,17,21.3529411764706,2.03529411764706,0.0775,22.5698678957237,0.0622222222222222,25.1887786254407,0.0901774935967918,1.35352901710496,0.308627177414503,-1.04490183969046,TRUE,TRUE,TRUE,TRUE,TRUE
1.6,1e+06,6,0.2,1,0.1,1000,200,1,0,10,0.015,15,29.1333333333333,2.81333333333333,0.0944,20.4500263158106,0.07109375,23.5648216426584,0.137571135111853,1.31069387120908,0.449221191905993,-0.861472679303088,TRUE,TRUE,TRUE,TRUE,TRUE
1.7,1e+06,6,0.2,1,0.1,1000,200,1,0,10,0.01,10,24.6,2.36,0.1111,18.8504984700266,0.0788927335640139,22.3697621406816,0.125195628314686,1.27532283888768,0.372912002970107,-0.902410835917575,TRUE,TRUE,TRUE,TRUE,TRUE
1.8,1e+06,6,0.2,1,0.1,1000,200,1,0,10,0.008,8,22.875,2.1875,0.1276,17.5895419921885,0.0858024691358025,21.4501323165175,0.124363670240616,1.24525453116554,0.339948061694351,-0.905306469471192,TRUE,TRUE,TRUE,TRUE,TRUE
1.9,1e+06,6,0.2,1,0.1,1000,200,1,0,10,0.01,10,15.6,1.46,0.1439,16.5633992887844,0.0919667590027701,20.71879185665,0.0881461573524108,1.21914947138981,0.164352855784437,-1.05479661560538,TRUE,TRUE,TRUE,TRUE,TRUE
2,1e+06,6,0.2,1,0.1,1000,200,1,0,10,0.001,1,3,0.2,0.16,15.707963267949,0.0975,20.1222972650783,0.0127323954473516,1.19611987703015,-0.698970004336019,-1.89508988136617,TRUE,TRUE,TRUE,TRUE,TRUE
2.1,1e+06,6,0.2,1,0.1,1000,200,1,0,10,0.004,4,17.75,1.675,0.1759,14.9812119600793,0.10249433106576,19.6259164509097,0.111806708593631,1.17554694862938,0.224014811372864,-0.95153213725652,TRUE,TRUE,TRUE,TRUE,TRUE
2.2,1e+06,6,0.2,1,0.1,1000,200,1,0,10,0.001,1,22,2.1,0.1916,14.3543032188807,0.10702479338843,19.2060329367657,0.146297592295375,1.15698211598685,0.322219294733919,-0.834762821252933,TRUE,TRUE,TRUE,TRUE,TRUE
2.3,1e+06,6,0.2,1,0.1,1000,200,1,0,10,0.002,2,18.5,1.75,0.2071,13.8066977924555,0.111153119092628,18.8459936885066,0.126750076398157,1.14008981891139,0.243038048686294,-0.897051770225094,TRUE,TRUE,TRUE,TRUE,TRUE
2.4,1e+06,6,0.2,1,0.1,1000,200,1,0,10,0.002,2,12.5,1.15,0.2224,13.3233205516939,0.114930555555556,18.5336994202738,0.0863148188575099,1.1246124769031,0.0606978403536117,-1.06391463654949,TRUE,TRUE,TRUE,TRUE,TRUE
2.5,1e+06,6,0.2,1,0.1,1000,200,1,0,10,0.002,2,8,0.7,0.2375,12.8928242146115,0.1184,18.2601363937371,0.0542937674746767,1.11034806137767,-0.154901959985743,-1.26525002136342,TRUE,TRUE,TRUE,TRUE,TRUE
2.6,1e+06,6,0.2,1,0.1,1000,200,1,0,10,0,0,NA,NA,0.2524,12.5064828837631,0.121597633136095,18.0184449630765,NA,NA,NA,NA,TRUE,TRUE,FALSE,TRUE,FALSE
2.7,1e+06,6,0.2,1,0.1,1000,200,1,0,10,0,0,NA,NA,0.2671,12.15746209962,0.124554183813443,17.8033081225223,NA,NA,NA,NA,TRUE,TRUE,FALSE,TRUE,FALSE
2.8,1e+06,6,0.2,1,0.1,1000,200,1,0,10,0,0,NA,NA,0.2816,11.8403228137435,0.127295918367347,17.6105382124006,NA,NA,NA,NA,TRUE,TRUE,FALSE,TRUE,FALSE
2.9,1e+06,6,0.2,1,0.1,1000,200,1,0,10,0,0,NA,NA,0.2959,11.5506755703577,0.129845422116528,17.4367903981458,NA,NA,NA,NA,TRUE,TRUE,FALSE,TRUE,FALSE
3,1e+06,6,0.2,1,0.1,1000,200,1,0,10,0,0,NA,NA,0.31,11.2849339478618,0.132222222222222,17.2793595829238,NA,NA,NA,NA,TRUE,TRUE,FALSE,TRUE,FALSE
3.1,1e+06,6,0.2,1,0.1,1000,200,1,0,10,0,0,NA,NA,0.3239,11.0401352624982,0.134443288241415,17.1360336125514,NA,NA,NA,NA,TRUE,TRUE,FALSE,TRUE,FALSE
3.2,1e+06,6,0.2,1,0.1,1000,200,1,0,10,0.002,2,6,0.5,0.3376,10.8138078756376,0.1365234375,17.0049853051366,0.0462371817356262,1.03397864938131,-0.301029995663981,-1.33500864504529,TRUE,TRUE,TRUE,TRUE,TRUE
3.3,1e+06,6,0.2,1,0.1,1000,200,1,0,10,0,0,NA,NA,0.3511,10.6038714366792,0.138475665748393,16.8846917882673,NA,NA,NA,NA,TRUE,TRUE,FALSE,TRUE,FALSE
3.4,1e+06,6,0.2,1,0.1,1000,200,1,0,10,0,0,NA,NA,0.3644,10.4085608189369,0.140311418685121,16.7738733839959,NA,NA,NA,NA,TRUE,TRUE,FALSE,TRUE,FALSE
3.5,1e+06,6,0.2,1,0.1,1000,200,1,0,10,0.002,2,8,0.7,0.3775,10.2263673746065,0.142040816326531,16.6714467108579,0.0684505039138527,1.00972139037551,-0.154901959985743,-1.16462335036125,TRUE,TRUE,TRUE,TRUE,TRUE
3.6,1e+06,6,0.2,1,0.1,1000,200,1,0,10,0.002,2,1.5,0.05,0.3904,10.0559930346436,0.143672839506173,16.5764882759291,0.00497215937080967,1.00242496386079,-1.30102999566398,-2.30345495952477,TRUE,TRUE,TRUE,TRUE,TRUE
3.7,1e+06,6,0.2,1,0.1,1000,200,1,0,10,0,0,NA,NA,0.4031,9.89631406195228,0.145215485756026,16.4882059092694,NA,NA,NA,NA,TRUE,TRUE,FALSE,TRUE,FALSE
3.8,1e+06,6,0.2,1,0.1,1000,200,1,0,10,0,0,NA,NA,0.4156,9.74635214753336,0.146675900277008,16.4059161322751,NA,NA,NA,NA,TRUE,TRUE,FALSE,TRUE,FALSE
3.9,1e+06,6,0.2,1,0.1,1000,200,1,0,10,0.008,8,197.625,19.6625,0.4279,9.6052511545211,0.148060486522025,16.3290260657757,2.04705735265913,0.982508725116149,1.29363873563134,0.311130010515195,TRUE,TRUE,TRUE,TRUE,TRUE
4,1e+06,6,0.2,1,0.1,1000,200,1,0,10,0.029,29,226.103448275862,22.5103448275862,0.44,9.47225825099483,0.149375,16.2570188468395,2.37644965235424,0.976453530115021,1.35238214784685,0.375928617731827,TRUE,TRUE,TRUE,TRUE,TRUE
4.1,1e+06,6,0.2,1,0.1,1000,200,1,0,10,0.084,84,229.75,22.875,0.4519,9.34670848555563,0.150624628197501,16.1894417831041,2.44738562621814,0.970658697692514,1.35936110273849,0.388702405045972,TRUE,TRUE,TRUE,TRUE,TRUE
4.2,1e+06,6,0.2,1,0.1,1000,200,1,0,10,0.181,181,230.149171270718,22.9149171270718,0.4636,9.22801208736008,0.151814058956916,16.1258966617196,2.48319106110179,0.965108154712336,1.36011829093623,0.395010136223892,TRUE,TRUE,TRUE,TRUE,TRUE
4.3,1e+06,6,0.2,1,0.1,1000,200,1,0,10,0.29,290,224.955172413793,22.3955172413793,0.4751,9.11564393982745,0.152947539210384,16.0660317679771,2.4568222924472,0.959787353148512,1.35016109725549,0.390373744106978,TRUE,TRUE,TRUE,TRUE,TRUE
4.4,1e+06,6,0.2,1,0.1,1000,200,1,0,10,0.459,459,223.618736383442,22.2618736383442,0.4864,9.00913480182085,0.154028925619835,16.0095352709252,2.47103347081063,0.954683085225776,1.34756171330285,0.392878628077075,TRUE,TRUE,TRUE,TRUE,TRUE
4.5,1e+06,6,0.2,1,0.1,1000,200,1,0,10,0.561,561,219.852049910873,21.8852049910873,0.4975,8.90806394368827,0.155061728395062,15.9561297097612,2.4567857987362,0.949783325817243,1.34015061885323,0.390367293035986,TRUE,TRUE,TRUE,TRUE,TRUE
4.6,1e+06,6,0.2,1,0.1,1000,200,1,0,10,0.683,683,216.720351390922,21.5720351390922,0.5084,8.81205293651011,0.156049149338374,15.905567372553,2.44801470151353,0.94507709741713,1.33389111904712,0.38881402162999,TRUE,TRUE,TRUE,TRUE,TRUE
4.7,1e+06,6,0.2,1,0.1,1000,200,1,0,10,0.77,770,215.090909090909,21.4090909090909,0.5191,8.72076038717988,0.156994114984156,15.857626402861,2.45495690267603,0.94055435391869,1.33059822630669,0.390043872388,TRUE,TRUE,TRUE,TRUE,TRUE
4.8,1e+06,6,0.2,1,0.1,1000,200,1,0,10,0.833,833,209.986794717887,20.8986794717887,0.5296,8.63387745380845,0.157899305555556,15.812107503636,2.42054390783253,0.936205880142293,1.32011884514293,0.383912965000635,TRUE,TRUE,TRUE,TRUE,TRUE
4.9,1e+06,6,0.2,1,0.1,1000,200,1,0,10,0.891,891,207.264870931538,20.6264870931538,0.5399,8.55112400848007,0.158767180341524,15.7688311339395,2.41213752399084,0.932023204622494,1.31442526937076,0.382402064748269,TRUE,TRUE,TRUE,TRUE,TRUE
5,1e+06,6,0.2,1,0.1,1000,200,1,0,10,0.93,930,204.059139784946,20.3059139784946,0.55,8.47224533986308,0.1596,15.72763511444,2.39675707724758,0.927998523610993,1.30762254205967,0.379624018448676,TRUE,TRUE,TRUE,TRUE,TRUE
1.1,1000,3,0.4,1,0.1,1000,200,1,0,10,0.635,635,591.829921259843,59.0829921259843,-0.00839999999999998,NA,0.00330578512396697,109.280470923757,NA,NA,NA,NA,FALSE,TRUE,TRUE,FALSE,FALSE
1.2,1000,3,0.4,1,0.1,1000,200,1,0,10,0.157,157,235.089171974522,23.4089171974522,0.0224,41.9812977090678,0.0388888888888889,31.8615647736631,0.557603468088982,1.62305585919103,1.36938132544172,-0.253674533749316,TRUE,TRUE,TRUE,TRUE,TRUE
1.3,1000,3,0.4,1,0.1,1000,200,1,0,10,0.065,65,59.3538461538462,5.83538461538462,0.0524,27.4482224581792,0.0686390532544379,23.9824874596681,0.212596084292,1.43851422486625,0.766069486059935,-0.672444738806317,TRUE,TRUE,TRUE,TRUE,TRUE
1.4,1000,3,0.4,1,0.1,1000,200,1,0,10,0.04,40,35.35,3.435,0.0816,21.9955481247525,0.0938775510204082,20.5068517850345,0.156167965468178,1.34233478898118,0.535926741395569,-0.806408047585615,TRUE,TRUE,TRUE,TRUE,TRUE
1.5,1000,3,0.4,1,0.1,1000,200,1,0,10,0.024,24,25.25,2.425,0.11,18.9445165019897,0.115555555555556,18.4835102820163,0.128005378218299,1.277483525779,0.384711742938283,-0.89277178284072,TRUE,TRUE,TRUE,TRUE,TRUE
1.6,1000,3,0.4,1,0.1,1000,200,1,0,10,0.014,14,26.8571428571429,2.58571428571429,0.1376,16.9383324056068,0.134375,17.1403872533621,0.152654595729765,1.22887065140837,0.412580534854928,-0.816290116553441,TRUE,TRUE,TRUE,TRUE,TRUE
1.7,1000,3,0.4,1,0.1,1000,200,1,0,10,0.006,6,20.6666666666667,1.96666666666667,0.1644,15.496333763953,0.150865051903114,16.1765366155095,0.126911739036072,1.1902289617561,0.293730756922482,-0.896498204833617,TRUE,TRUE,TRUE,TRUE,TRUE
1.8,1000,3,0.4,1,0.1,1000,200,1,0,10,0.008,8,16.5,1.55,0.1904,14.3994663191032,0.165432098765432,15.4479188231502,0.107642878260264,1.15834639633389,0.190331698170291,-0.968014698163596,TRUE,TRUE,TRUE,TRUE,TRUE
1.9,1000,3,0.4,1,0.1,1000,200,1,0,10,0.007,7,18.7142857142857,1.77142857142857,0.2156,13.5317975014212,0.178393351800554,14.8761495485521,0.130908592982013,1.13135549010076,0.248323645147978,-0.883031844952786,TRUE,TRUE,TRUE,TRUE,TRUE
2,1000,3,0.4,1,0.1,1000,200,1,0,10,0.007,7,15,1.4,0.24,12.8254983016186,0.19,14.4146156829134,0.109157552172715,1.10807424750231,0.146128035678238,-0.961946211824074,TRUE,TRUE,TRUE,TRUE,TRUE
2.1,1000,3,0.4,1,0.1,1000,200,1,0,10,0.002,2,5,0.4,0.2636,12.2379074755124,0.200453514739229,14.0337272165077,0.0326853263762932,1.08770716539713,-0.397940008672038,-1.48564717406917,TRUE,TRUE,TRUE,TRUE,TRUE
2.2,1000,3,0.4,1,0.1,1000,200,1,0,10,0.002,2,7,0.6,0.2864,11.7406829821234,0.209917355371901,13.7137331738686,0.0511043523544218,1.06969336154021,-0.221848749616356,-1.29154211115656,TRUE,TRUE,TRUE,TRUE,TRUE
2.3,1000,3,0.4,1,0.1,1000,200,1,0,10,0.003,3,17.3333333333333,1.63333333333333,0.3084,11.3141695770287,0.218525519848771,13.4409135360771,0.144361751184065,1.05362268366866,0.213074825308851,-0.840547858359804,TRUE,TRUE,TRUE,TRUE,TRUE
2.4,1000,3,0.4,1,0.1,1000,200,1,0,10,0.002,2,71.5,7.05,0.3296,10.9442565960601,0.226388888888889,13.2054229135608,0.644173493020804,1.03918626684558,0.848189116991399,-0.190997149854177,TRUE,TRUE,TRUE,TRUE,TRUE
2.5,1000,3,0.4,1,0.1,1000,200,1,0,10,0.008,8,111.25,11.025,0.35,10.6205215912211,0.2336,13.0000028985043,1.03808460867998,1.02614584618298,1.04237859813988,0.0162327519568989,TRUE,TRUE,TRUE,TRUE,TRUE
2.6,1000,3,0.4,1,0.1,1000,200,1,0,10,0.014,14,164.357142857143,16.3357142857143,0.3696,10.3350810565128,0.240236686390533,12.8191787652401,1.58060824065043,1.01431388708408,1.21313812892851,0.19882424184443,TRUE,TRUE,TRUE,TRUE,TRUE
2.7,1000,3,0.4,1,0.1,1000,200,1,0,10,0.014,14,132.5,13.15,0.3884,10.0818506063473,0.24636488340192,12.658739604832,1.30432402873744,1.00354025774013,1.11892575282578,0.115385495085645,TRUE,TRUE,TRUE,TRUE,TRUE
2.8,1000,3,0.4,1,0.1,1000,200,1,0,10,0.036,36,128.055555555556,12.7055555555556,0.4064,9.85605273937154,0.252040816326531,12.5153912130492,1.28911196921677,0.993703018720184,1.10399365950344,0.110290640783259,TRUE,TRUE,TRUE,TRUE,TRUE
2.9,1000,3,0.4,1,0.1,1000,200,1,0,10,0.042,42,125.880952380952,12.4880952380952,0.4236,9.65387992234937,0.25731272294887,12.3865179982288,1.29358302967747,0.984701892640391,1.09649620213168,0.111794309491285,TRUE,TRUE,TRUE,TRUE,TRUE
3,1000,3,0.4,1,0.1,1000,200,1,0,10,0.091,91,145.120879120879,14.4120879120879,0.44,9.47225825099483,0.262222222222222,12.2700157894864,1.52150496008428,0.976453530115021,1.15872690260528,0.182273372490257,TRUE,TRUE,TRUE,TRUE,TRUE
3.1,1000,3,0.4,1,0.1,1000,200,1,0,10,0.101,101,156.118811881188,15.5118811881188,0.4556,9.30867806292058,0.266805411030177,12.1641719826124,1.66638926421868,0.968888010654584,1.19066446964324,0.221776458988655,TRUE,TRUE,TRUE,TRUE,TRUE
3.2,1000,3,0.4,1,0.1,1000,200,1,0,10,0.165,165,126.969696969697,12.5969696969697,0.4704,9.16107021544189,0.27109375,12.0675780328131,1.37505437691508,0.961946211824074,1.10026608462833,0.138319872804253,TRUE,TRUE,TRUE,TRUE,TRUE
3.3,1000,3,0.4,1,0.1,1000,200,1,0,10,0.197,197,125.005076142132,12.4005076142132,0.4844,9.02771418802613,0.275114784205693,11.9790645107435,1.37360436495216,0.955577801122608,1.09343946335091,0.137861662228299,TRUE,TRUE,TRUE,TRUE,TRUE
3.4,1000,3,0.4,1,0.1,1000,200,1,0,10,0.258,258,132.213178294574,13.1213178294574,0.4976,8.90716879582451,0.278892733564014,11.8976521901782,1.47311880241995,0.949739682516734,1.11797745526219,0.168237772745461,TRUE,TRUE,TRUE,TRUE,TRUE
3.5,1000,3,0.4,1,0.1,1000,200,1,0,10,0.326,326,122.644171779141,12.1644171779141,0.51,8.79821924990099,0.282448979591837,11.8225147170592,1.38259991395998,0.944394780309147,1.08509130582916,0.140696525520009,TRUE,TRUE,TRUE,TRUE,TRUE
3.6,1000,3,0.4,1,0.1,1000,200,1,0,10,0.403,403,138.853598014888,13.7853598014888,0.5216,8.69983622346435,0.285802469135802,11.7529497716489,1.58455394416602,0.939511076996183,1.13941810578905,0.199907028792867,TRUE,TRUE,TRUE,TRUE,TRUE
3.7,1000,3,0.4,1,0.1,1000,200,1,0,10,0.433,433,138.983833718245,13.7983833718245,0.5324,8.61114386454075,0.288970051132213,11.6883565447328,1.60238681281867,0.935060844956796,1.13982820713869,0.204767362181893,TRUE,TRUE,TRUE,TRUE,TRUE
3.8,1000,3,0.4,1,0.1,1000,200,1,0,10,0.471,471,138.585987261146,13.7585987261147,0.5424,8.53139456498015,0.29196675900277,11.6282179668741,1.61270219321367,0.931020027928612,1.1385742045023,0.207554176573692,TRUE,TRUE,TRUE,TRUE,TRUE
3.9,1000,3,0.4,1,0.1,1000,200,1,0,10,0.592,592,133.1875,13.21875,0.5516,8.45994889602447,0.294806048652203,11.5720865568714,1.56250943858678,0.927367739606209,1.12119038905514,0.193822649448927,TRUE,TRUE,TRUE,TRUE,TRUE
4,1000,3,0.4,1,0.1,1000,200,1,0,10,0.621,621,131.964573268921,13.0964573268921,0.56,8.39625954181357,0.2975,11.5195730552825,1.55979662868584,0.924085854855015,1.11715383218564,0.193067977330623,TRUE,TRUE,TRUE,TRUE,TRUE
4.1,1000,3,0.4,1,0.1,1000,200,1,0,10,0.678,678,141.753687315634,14.0753687315634,0.5676,8.33985836203877,0.300059488399762,11.4703372221197,1.68772275505678,0.921158674965397,1.14845978085807,0.227301105892674,TRUE,TRUE,TRUE,TRUE,TRUE
4.2,1000,3,0.4,1,0.1,1000,200,1,0,10,0.68,680,138.15,13.715,0.5744,8.29034593139407,0.30249433106576,11.424080331506,1.65433386175886,0.918572652740993,1.13719581194055,0.218623159199555,TRUE,TRUE,TRUE,TRUE,TRUE
4.3,1000,3,0.4,1,0.1,1000,200,1,0,10,0.764,764,132.11780104712,13.111780104712,0.5804,8.24738306179292,0.30481341265549,11.3805390081707,1.5898109747629,0.916316166475266,1.11766165714947,0.2013454906742,TRUE,TRUE,TRUE,TRUE,TRUE
4.4,1000,3,0.4,1,0.1,1000,200,1,0,10,0.792,792,129.085858585859,12.8085858585859,0.5856,8.21068393061953,0.30702479338843,11.339480133316,1.55999012589191,0.914379334332947,1.10750118378726,0.193121849454315,TRUE,TRUE,TRUE,TRUE,TRUE
4.5,1000,3,0.4,1,0.1,1000,200,1,0,10,0.816,816,127.268382352941,12.6268382352941,0.59,8.18001052632424,0.309135802469136,11.3006966089689,1.54362126975992,0.912753862537043,1.10129461667825,0.188540754141211,TRUE,TRUE,TRUE,TRUE,TRUE
4.6,1000,3,0.4,1,0.1,1000,200,1,0,10,0.858,858,125.257575757576,12.4257575757576,0.5936,8.1551681896458,0.311153119092628,11.2640038162588,1.52366662302979,0.91143292222263,1.09432287635437,0.182889954131741,TRUE,TRUE,TRUE,TRUE,TRUE
4.7,1000,3,0.4,1,0.1,1000,200,1,0,10,0.886,886,124.537246049661,12.3537246049661,0.5964,8.13600208044758,0.313082842915346,11.2292366382222,1.51840234095497,0.910411050967637,1.09179791561292,0.181386864645285,TRUE,TRUE,TRUE,TRUE,TRUE
4.8,1000,3,0.4,1,0.1,1000,200,1,0,10,0.905,905,121.414364640884,12.0414364640884,0.5984,8.12239444075034,0.314930555555556,11.1962469446502,1.48249836325063,0.909684075929913,1.08067829848452,0.170994222554606,TRUE,TRUE,TRUE,TRUE,TRUE
4.9,1000,3,0.4,1,0.1,1000,200,1,0,10,0.916,916,121.4596069869,12.04596069869,0.5996,8.11426255707561,0.316701374427322,11.1649014572596,1.4845416467558,0.909249056269994,1.08084144190198,0.171592385631982,TRUE,TRUE,TRUE,TRUE,TRUE
5,1000,3,0.4,1,0.1,1000,200,1,0,10,0.921,921,119.229098805646,11.8229098805646,0.6,8.11155735194722,0.3184,11.1350799296103,1.45753883842373,0.909104243166293,1.07272437921373,0.163620136047436,TRUE,TRUE,TRUE,TRUE,TRUE
1.1,1778.27941003892,3.25,0.4,1,0.1,1000,200,1,0,10,0.337,337,257.166172106825,25.6166172106825,-0.00839999999999998,NA,0.00330578512396697,109.280470923757,NA,NA,NA,NA,FALSE,TRUE,TRUE,FALSE,FALSE
1.2,1778.27941003892,3.25,0.4,1,0.1,1000,200,1,0,10,0.114,114,70.0614035087719,6.90614035087719,0.0224,41.9812977090678,0.0388888888888889,31.8615647736631,0.164505166056015,1.62305585919103,0.839235400105547,-0.783820459085486,TRUE,TRUE,TRUE,TRUE,TRUE
1.3,1778.27941003892,3.25,0.4,1,0.1,1000,200,1,0,10,0.076,76,51.7368421052632,5.07368421052632,0.0524,27.4482224581792,0.0686390532544379,23.9824874596681,0.184845638665918,1.43851422486625,0.705323432950002,-0.73319079191625,TRUE,TRUE,TRUE,TRUE,TRUE
1.4,1778.27941003892,3.25,0.4,1,0.1,1000,200,1,0,10,0.027,27,42.2962962962963,4.12962962962963,0.0816,21.9955481247525,0.0938775510204082,20.5068517850345,0.187748430100835,1.34233478898118,0.615911103225192,-0.726423685755992,TRUE,TRUE,TRUE,TRUE,TRUE
1.5,1778.27941003892,3.25,0.4,1,0.1,1000,200,1,0,10,0.018,18,28.8888888888889,2.78888888888889,0.11,18.9445165019897,0.115555555555556,18.4835102820163,0.147213516301458,1.277483525779,0.445431212041713,-0.832052313737289,TRUE,TRUE,TRUE,TRUE,TRUE
1.6,1778.27941003892,3.25,0.4,1,0.1,1000,200,1,0,10,0.015,15,29.4,2.84,0.1376,16.9383324056068,0.134375,17.1403872533621,0.167667036635786,1.22887065140837,0.453318340047038,-0.775552311361331,TRUE,TRUE,TRUE,TRUE,TRUE
1.7,1778.27941003892,3.25,0.4,1,0.1,1000,200,1,0,10,0.008,8,26,2.5,0.1644,15.496333763953,0.150865051903114,16.1765366155095,0.161328481825515,1.1902289617561,0.397940008672038,-0.792288953084062,TRUE,TRUE,TRUE,TRUE,TRUE
1.8,1778.27941003892,3.25,0.4,1,0.1,1000,200,1,0,10,0.006,6,21.3333333333333,2.03333333333333,0.1904,14.3994663191032,0.165432098765432,15.4479188231502,0.141208937072605,1.15834639633389,0.308208580291105,-0.850137816042783,TRUE,TRUE,TRUE,TRUE,TRUE
1.9,1778.27941003892,3.25,0.4,1,0.1,1000,200,1,0,10,0.007,7,26.5714285714286,2.55714285714286,0.2156,13.5317975014212,0.178393351800554,14.8761495485521,0.188972888256294,1.13135549010076,0.407754990965636,-0.723600499135128,TRUE,TRUE,TRUE,TRUE,TRUE
2,1778.27941003892,3.25,0.4,1,0.1,1000,200,1,0,10,0.003,3,25.6666666666667,2.46666666666667,0.24,12.8254983016186,0.19,14.4146156829134,0.192325210970973,1.10807424750231,0.392110465011314,-0.715963782490998,TRUE,TRUE,TRUE,TRUE,TRUE
2.1,1778.27941003892,3.25,0.4,1,0.1,1000,200,1,0,10,0.003,3,16,1.5,0.2636,12.2379074755124,0.200453514739229,14.0337272165077,0.1225699739111,1.08770716539713,0.176091259055681,-0.911615906341448,TRUE,TRUE,TRUE,TRUE,TRUE
2.2,1778.27941003892,3.25,0.4,1,0.1,1000,200,1,0,10,0.005,5,12,1.1,0.2864,11.7406829821234,0.209917355371901,13.7137331738686,0.0936913126497733,1.06969336154021,0.0413926851582251,-1.02830067638198,TRUE,TRUE,TRUE,TRUE,TRUE
2.3,1778.27941003892,3.25,0.4,1,0.1,1000,200,1,0,10,0.002,2,8.5,0.75,0.3084,11.3141695770287,0.218525519848771,13.4409135360771,0.0662885592171729,1.05362268366866,-0.1249387366083,-1.17856142027696,TRUE,TRUE,TRUE,TRUE,TRUE
2.4,1778.27941003892,3.25,0.4,1,0.1,1000,200,1,0,10,0,0,NA,NA,0.3296,10.9442565960601,0.226388888888889,13.2054229135608,NA,NA,NA,NA,TRUE,TRUE,FALSE,TRUE,FALSE
2.5,1778.27941003892,3.25,0.4,1,0.1,1000,200,1,0,10,0.002,2,13.5,1.25,0.35,10.6205215912211,0.2336,13.0000028985043,0.117696667650791,1.02614584618298,0.0969100130080564,-0.929235833174921,TRUE,TRUE,TRUE,TRUE,TRUE
2.6,1778.27941003892,3.25,0.4,1,0.1,1000,200,1,0,10,0,0,NA,NA,0.3696,10.3350810565128,0.240236686390533,12.8191787652401,NA,NA,NA,NA,TRUE,TRUE,FALSE,TRUE,FALSE
2.7,1778.27941003892,3.25,0.4,1,0.1,1000,200,1,0,10,0.003,3,55.3333333333333,5.43333333333333,0.3884,10.0818506063473,0.24636488340192,12.658739604832,0.538922222266676,1.00354025774013,0.735066349684295,-0.268473908055836,TRUE,TRUE,TRUE,TRUE,TRUE
2.8,1778.27941003892,3.25,0.4,1,0.1,1000,200,1,0,10,0.005,5,47,4.6,0.4064,9.85605273937154,0.252040816326531,12.5153912130492,0.466718281815253,0.993703018720184,0.662757831681574,-0.330945187038609,TRUE,TRUE,TRUE,TRUE,TRUE
2.9,1778.27941003892,3.25,0.4,1,0.1,1000,200,1,0,10,0.005,5,111.4,11.04,0.4236,9.65387992234937,0.25731272294887,12.3865179982288,1.14358165719895,0.984701892640391,1.04296907339318,0.0582671807527888,TRUE,TRUE,TRUE,TRUE,TRUE
3,1778.27941003892,3.25,0.4,1,0.1,1000,200,1,0,10,0.006,6,133.333333333333,13.2333333333333,0.44,9.47225825099483,0.262222222222222,12.2700157894864,1.39706213478116,0.976453530115021,1.12166925204345,0.145215721928431,TRUE,TRUE,TRUE,TRUE,TRUE
3.1,1778.27941003892,3.25,0.4,1,0.1,1000,200,1,0,10,0.02,20,130,12.9,0.4556,9.30867806292058,0.266805411030177,12.1641719826124,1.38580364610361,0.968888010654584,1.11058971029925,0.141701699644665,TRUE,TRUE,TRUE,TRUE,TRUE
3.2,1778.27941003892,3.25,0.4,1,0.1,1000,200,1,0,10,0.03,30,129.333333333333,12.8333333333333,0.4704,9.16107021544189,0.27109375,12.0675780328131,1.40085525288317,0.961946211824074,1.10833947478884,0.146393262964764,TRUE,TRUE,TRUE,TRUE,TRUE
3.3,1778.27941003892,3.25,0.4,1,0.1,1000,200,1,0,10,0.05,50,125.46,12.446,0.4844,9.02771418802613,0.275114784205693,11.9790645107435,1.37864355702662,0.955577801122608,1.09502979664845,0.139451995525844,TRUE,TRUE,TRUE,TRUE,TRUE
3.4,1778.27941003892,3.25,0.4,1,0.1,1000,200,1,0,10,0.091,91,123.175824175824,12.2175824175824,0.4976,8.90716879582451,0.278892733564014,11.8976521901782,1.37165722325929,0.949739682516734,1.08698527738145,0.137245594864714,TRUE,TRUE,TRUE,TRUE,TRUE
3.5,1778.27941003892,3.25,0.4,1,0.1,1000,200,1,0,10,0.105,105,122.8,12.18,0.51,8.79821924990099,0.282448979591837,11.8225147170592,1.38437104760001,0.944394780309147,1.08564728829686,0.14125250798771,TRUE,TRUE,TRUE,TRUE,TRUE
3.6,1778.27941003892,3.25,0.4,1,0.1,1000,200,1,0,10,0.127,127,126.448818897638,12.5448818897638,0.5216,8.69983622346435,0.285802469135802,11.7529497716489,1.44196759197937,0.939511076996183,1.09846657678133,0.15895549978515,TRUE,TRUE,TRUE,TRUE,TRUE
3.7,1778.27941003892,3.25,0.4,1,0.1,1000,200,1,0,10,0.199,199,124.050251256281,12.3050251256281,0.5324,8.61114386454075,0.288970051132213,11.6883565447328,1.42896522450382,0.935060844956796,1.09008250482554,0.155021659868739,TRUE,TRUE,TRUE,TRUE,TRUE
3.8,1778.27941003892,3.25,0.4,1,0.1,1000,200,1,0,10,0.244,244,119.155737704918,11.8155737704918,0.5424,8.53139456498015,0.29196675900277,11.6282179668741,1.3849522115637,0.931020027928612,1.07245481604948,0.141434788120867,TRUE,TRUE,TRUE,TRUE,TRUE
3.9,1778.27941003892,3.25,0.4,1,0.1,1000,200,1,0,10,0.319,319,121.332288401254,12.0332288401254,0.5516,8.45994889602447,0.294806048652203,11.5720865568714,1.42237606728098,0.927367739606209,1.08038217591004,0.153014436303833,TRUE,TRUE,TRUE,TRUE,TRUE
4,1778.27941003892,3.25,0.4,1,0.1,1000,200,1,0,10,0.409,409,122.347188264059,12.1347188264059,0.56,8.39625954181357,0.2975,11.5195730552825,1.4452529445969,0.924085854855015,1.08402971774623,0.159943862891216,TRUE,TRUE,TRUE,TRUE,TRUE
4.1,1778.27941003892,3.25,0.4,1,0.1,1000,200,1,0,10,0.444,444,122.074324324324,12.1074324324324,0.5676,8.33985836203877,0.300059488399762,11.4703372221197,1.45175516259879,0.921158674965397,1.08305205407178,0.16189337910638,TRUE,TRUE,TRUE,TRUE,TRUE
4.2,1778.27941003892,3.25,0.4,1,0.1,1000,200,1,0,10,0.507,507,118.228796844181,11.7228796844181,0.5744,8.29034593139407,0.30249433106576,11.424080331506,1.41403987016099,0.918572652740993,1.0690343077088,0.150461654967808,TRUE,TRUE,TRUE,TRUE,TRUE
4.3,1778.27941003892,3.25,0.4,1,0.1,1000,200,1,0,10,0.586,586,117.242320819113,11.6242320819113,0.5804,8.24738306179292,0.30481341265549,11.3805390081707,1.40944491056345,0.916316166475266,1.0653642722197,0.149048105744434,TRUE,TRUE,TRUE,TRUE,TRUE
4.4,1778.27941003892,3.25,0.4,1,0.1,1000,200,1,0,10,0.623,623,120.61316211878,11.961316211878,0.5856,8.21068393061953,0.30702479338843,11.339480133316,1.45679900882209,0.914379334332947,1.07777897163433,0.163399637301387,TRUE,TRUE,TRUE,TRUE,TRUE
4.5,1778.27941003892,3.25,0.4,1,0.1,1000,200,1,0,10,0.668,668,118.782934131737,11.7782934131737,0.59,8.18001052632424,0.309135802469136,11.3006966089689,1.43988731741478,0.912753862537043,1.07108236897966,0.158328506442619,TRUE,TRUE,TRUE,TRUE,TRUE
4.6,1778.27941003892,3.25,0.4,1,0.1,1000,200,1,0,10,0.701,701,117.027104136947,11.6027104136947,0.5936,8.1551681896458,0.311153119092628,11.2640038162588,1.42274324009971,0.91143292222263,1.06455945303831,0.153126530815685,TRUE,TRUE,TRUE,TRUE,TRUE
4.7,1778.27941003892,3.25,0.4,1,0.1,1000,200,1,0,10,0.729,729,115.001371742112,11.4001371742112,0.5964,8.13600208044758,0.313082842915346,11.2292366382222,1.40119644285835,0.910411050967637,1.05691007709477,0.146499026127133,TRUE,TRUE,TRUE,TRUE,TRUE
4.8,1778.27941003892,3.25,0.4,1,0.1,1000,200,1,0,10,0.795,795,114.362264150943,11.3362264150943,0.5984,8.12239444075034,0.314930555555556,11.1962469446502,1.39567543755571,0.909684075929913,1.05446851136115,0.144784435431238,TRUE,TRUE,TRUE,TRUE,TRUE
4.9,1778.27941003892,3.25,0.4,1,0.1,1000,200,1,0,10,0.811,811,115.316892725031,11.4316892725031,0.5996,8.11426255707561,0.316701374427322,11.1649014572596,1.40883896621446,0.909249056269994,1.05811041128053,0.148861355010533,TRUE,TRUE,TRUE,TRUE,TRUE
5,1778.27941003892,3.25,0.4,1,0.1,1000,200,1,0,10,0.855,855,110.616374269006,10.9616374269006,0.6,8.11155735194722,0.3184,11.1350799296103,1.35136040482648,0.909104243166293,1.03987543301254,0.130771189846251,TRUE,TRUE,TRUE,TRUE,TRUE
1.1,3162.27766016838,3.5,0.4,1,0.1,1000,200,1,0,10,0.278,278,96.4712230215827,9.54712230215827,-0.00839999999999998,NA,0.00330578512396697,109.280470923757,NA,NA,NA,NA,FALSE,TRUE,TRUE,FALSE,FALSE
1.2,3162.27766016838,3.5,0.4,1,0.1,1000,200,1,0,10,0.101,101,61.7821782178218,6.07821782178218,0.0224,41.9812977090678,0.0388888888888889,31.8615647736631,0.144783943171659,1.62305585919103,0.783776259597655,-0.839279599593378,TRUE,TRUE,TRUE,TRUE,TRUE
1.3,3162.27766016838,3.5,0.4,1,0.1,1000,200,1,0,10,0.068,68,49.9411764705882,4.89411764705882,0.0524,27.4482224581792,0.0686390532544379,23.9824874596681,0.178303628022384,1.43851422486625,0.68967440491245,-0.748839819953802,TRUE,TRUE,TRUE,TRUE,TRUE
1.4,3162.27766016838,3.5,0.4,1,0.1,1000,200,1,0,10,0.022,22,42.8181818181818,4.18181818181818,0.0816,21.9955481247525,0.0938775510204082,20.5068517850345,0.190121117150621,1.34233478898118,0.621365146523349,-0.720969642457835,TRUE,TRUE,TRUE,TRUE,TRUE
1.5,3162.27766016838,3.5,0.4,1,0.1,1000,200,1,0,10,0.033,33,32.5454545454545,3.15454545454545,0.11,18.9445165019897,0.115555555555556,18.4835102820163,0.166514962480787,1.277483525779,0.498936789632649,-0.778546736146354,TRUE,TRUE,TRUE,TRUE,TRUE
1.6,3162.27766016838,3.5,0.4,1,0.1,1000,200,1,0,10,0.008,8,30.5,2.95,0.1376,16.9383324056068,0.134375,17.1403872533621,0.174161182420975,1.22887065140837,0.469822015978163,-0.759048635430206,TRUE,TRUE,TRUE,TRUE,TRUE
1.7,3162.27766016838,3.5,0.4,1,0.1,1000,200,1,0,10,0.005,5,15.8,1.48,0.1644,15.496333763953,0.150865051903114,16.1765366155095,0.0955064612407049,1.1902289617561,0.170261715394957,-1.01996724636114,TRUE,TRUE,TRUE,TRUE,TRUE
1.8,3162.27766016838,3.5,0.4,1,0.1,1000,200,1,0,10,0.01,10,20.8,1.98,0.1904,14.3994663191032,0.165432098765432,15.4479188231502,0.137505096100209,1.15834639633389,0.296665190261531,-0.861681206072356,TRUE,TRUE,TRUE,TRUE,TRUE
1.9,3162.27766016838,3.5,0.4,1,0.1,1000,200,1,0,10,0.005,5,19.4,1.84,0.2156,13.5317975014212,0.178393351800554,14.8761495485521,0.135976022387769,1.13135549010076,0.264817823009536,-0.866537667091228,TRUE,TRUE,TRUE,TRUE,TRUE
2,3162.27766016838,3.5,0.4,1,0.1,1000,200,1,0,10,0.007,7,16.8571428571429,1.58571428571429,0.24,12.8254983016186,0.19,14.4146156829134,0.123637635624197,1.10807424750231,0.200224938772401,-0.907849308729911,TRUE,TRUE,TRUE,TRUE,TRUE
2.1,3162.27766016838,3.5,0.4,1,0.1,1000,200,1,0,10,0.002,2,11.5,1.05,0.2636,12.2379074755124,0.200453514739229,14.0337272165077,0.0857989817377697,1.08770716539713,0.0211892990699381,-1.06651786632719,TRUE,TRUE,TRUE,TRUE,TRUE
2.2,3162.27766016838,3.5,0.4,1,0.1,1000,200,1,0,10,0.002,2,13,1.2,0.2864,11.7406829821234,0.209917355371901,13.7137331738686,0.102208704708844,1.06969336154021,0.0791812460476249,-0.990512115492581,TRUE,TRUE,TRUE,TRUE,TRUE
2.3,3162.27766016838,3.5,0.4,1,0.1,1000,200,1,0,10,0.002,2,23.5,2.25,0.3084,11.3141695770287,0.218525519848771,13.4409135360771,0.198865677651519,1.05362268366866,0.352182518111362,-0.701440165557293,TRUE,TRUE,TRUE,TRUE,TRUE
2.4,3162.27766016838,3.5,0.4,1,0.1,1000,200,1,0,10,0.003,3,6.33333333333333,0.533333333333333,0.3296,10.9442565960601,0.226388888888889,13.2054229135608,0.0487318008904627,1.03918626684558,-0.273001272063738,-1.31218753890931,TRUE,TRUE,TRUE,TRUE,TRUE
2.5,3162.27766016838,3.5,0.4,1,0.1,1000,200,1,0,10,0.001,1,10,0.9,0.35,10.6205215912211,0.2336,13.0000028985043,0.0847416007085699,1.02614584618298,-0.0457574905606751,-1.07190333674365,TRUE,TRUE,TRUE,TRUE,TRUE
2.6,3162.27766016838,3.5,0.4,1,0.1,1000,200,1,0,10,0,0,NA,NA,0.3696,10.3350810565128,0.240236686390533,12.8191787652401,NA,NA,NA,NA,TRUE,TRUE,FALSE,TRUE,FALSE
2.7,3162.27766016838,3.5,0.4,1,0.1,1000,200,1,0,10,0.002,2,7,0.6,0.3884,10.0818506063473,0.24636488340192,12.658739604832,0.0595128834404918,1.00354025774013,-0.221848749616356,-1.22538900735649,TRUE,TRUE,TRUE,TRUE,TRUE
2.8,3162.27766016838,3.5,0.4,1,0.1,1000,200,1,0,10,0.002,2,22,2.1,0.4064,9.85605273937154,0.252040816326531,12.5153912130492,0.213067041698268,0.993703018720184,0.322219294733919,-0.671483723986264,TRUE,TRUE,TRUE,TRUE,TRUE
2.9,3162.27766016838,3.5,0.4,1,0.1,1000,200,1,0,10,0,0,NA,NA,0.4236,9.65387992234937,0.25731272294887,12.3865179982288,NA,NA,NA,NA,TRUE,TRUE,FALSE,TRUE,FALSE
3,3162.27766016838,3.5,0.4,1,0.1,1000,200,1,0,10,0,0,NA,NA,0.44,9.47225825099483,0.262222222222222,12.2700157894864,NA,NA,NA,NA,TRUE,TRUE,FALSE,TRUE,FALSE
3.1,3162.27766016838,3.5,0.4,1,0.1,1000,200,1,0,10,0.001,1,129,12.8,0.4556,9.30867806292058,0.266805411030177,12.1641719826124,1.37506098218032,0.968888010654584,1.10720996964787,0.138321958993285,TRUE,TRUE,TRUE,TRUE,TRUE
3.2,3162.27766016838,3.5,0.4,1,0.1,1000,200,1,0,10,0.003,3,142,14.1,0.4704,9.16107021544189,0.27109375,12.0675780328131,1.53912148563528,0.961946211824074,1.14921911265538,0.187272900831306,TRUE,TRUE,TRUE,TRUE,TRUE
3.3,3162.27766016838,3.5,0.4,1,0.1,1000,200,1,0,10,0.003,3,128.666666666667,12.7666666666667,0.4844,9.02771418802613,0.275114784205693,11.9790645107435,1.41416380722372,0.955577801122608,1.10607751924896,0.150499718126353,TRUE,TRUE,TRUE,TRUE,TRUE
3.4,3162.27766016838,3.5,0.4,1,0.1,1000,200,1,0,10,0.011,11,137.454545454545,13.6454545454545,0.4976,8.90716879582451,0.278892733564014,11.8976521901782,1.5319631701435,0.949739682516734,1.13498800708505,0.185248324568312,TRUE,TRUE,TRUE,TRUE,TRUE
3.5,3162.27766016838,3.5,0.4,1,0.1,1000,200,1,0,10,0.017,17,131.941176470588,13.0941176470588,0.51,8.79821924990099,0.282448979591837,11.8225147170592,1.48826907754159,0.944394780309147,1.11707623862042,0.172681458311269,TRUE,TRUE,TRUE,TRUE,TRUE
3.6,3162.27766016838,3.5,0.4,1,0.1,1000,200,1,0,10,0.037,37,130.864864864865,12.9864864864865,0.5216,8.69983622346435,0.285802469135802,11.7529497716489,1.4927276965813,0.939511076996183,1.11349166793757,0.173980590941386,TRUE,TRUE,TRUE,TRUE,TRUE
3.7,3162.27766016838,3.5,0.4,1,0.1,1000,200,1,0,10,0.076,76,128.381578947368,12.7381578947368,0.5324,8.61114386454075,0.288970051132213,11.6883565447328,1.47926432250081,0.935060844956796,1.10510662784278,0.17004578288598,TRUE,TRUE,TRUE,TRUE,TRUE
3.8,3162.27766016838,3.5,0.4,1,0.1,1000,200,1,0,10,0.097,97,128.030927835052,12.7030927835052,0.5424,8.53139456498015,0.29196675900277,11.6282179668741,1.4889819814042,0.931020027928612,1.10390947019115,0.172889442262534,TRUE,TRUE,TRUE,TRUE,TRUE
3.9,3162.27766016838,3.5,0.4,1,0.1,1000,200,1,0,10,0.13,130,128.592307692308,12.7592307692308,0.5516,8.45994889602447,0.294806048652203,11.5720865568714,1.50819241653181,0.927367739606209,1.10582449235156,0.178456752745353,TRUE,TRUE,TRUE,TRUE,TRUE
4,3162.27766016838,3.5,0.4,1,0.1,1000,200,1,0,10,0.178,178,125.505617977528,12.4505617977528,0.56,8.39625954181357,0.2975,11.5195730552825,1.48287004894843,0.924085854855015,1.0951889482317,0.171103093376685,TRUE,TRUE,TRUE,TRUE,TRUE
4.1,3162.27766016838,3.5,0.4,1,0.1,1000,200,1,0,10,0.22,220,125.809090909091,12.4809090909091,0.5676,8.33985836203877,0.300059488399762,11.4703372221197,1.49653729705045,0.921158674965397,1.09624621986453,0.175087544899135,TRUE,TRUE,TRUE,TRUE,TRUE
4.2,3162.27766016838,3.5,0.4,1,0.1,1000,200,1,0,10,0.303,303,123.844884488449,12.2844884488449,0.5744,8.29034593139407,0.30249433106576,11.424080331506,1.48178237078452,0.918572652740993,1.0893570762846,0.170784423543606,TRUE,TRUE,TRUE,TRUE,TRUE
4.3,3162.27766016838,3.5,0.4,1,0.1,1000,200,1,0,10,0.337,337,123.949554896142,12.2949554896142,0.5804,8.24738306179292,0.30481341265549,11.3805390081707,1.49077051441593,0.916316166475266,1.08972696083806,0.173410794362796,TRUE,TRUE,TRUE,TRUE,TRUE
4.4,3162.27766016838,3.5,0.4,1,0.1,1000,200,1,0,10,0.423,423,124.014184397163,12.3014184397163,0.5856,8.21068393061953,0.30702479338843,11.339480133316,1.4982209208957,0.914379334332947,1.0899551915227,0.175575857189751,TRUE,TRUE,TRUE,TRUE,TRUE
4.5,3162.27766016838,3.5,0.4,1,0.1,1000,200,1,0,10,0.463,463,122.222462203024,12.1222462203024,0.59,8.18001052632424,0.309135802469136,11.3006966089689,1.4819352837373,0.912753862537043,1.08358310091081,0.170829238373764,TRUE,TRUE,TRUE,TRUE,TRUE
4.6,3162.27766016838,3.5,0.4,1,0.1,1000,200,1,0,10,0.558,558,122.551971326165,12.1551971326165,0.5936,8.1551681896458,0.311153119092628,11.2640038162588,1.49049006102036,0.91143292222263,1.08476200661114,0.173329084388506,TRUE,TRUE,TRUE,TRUE,TRUE
4.7,3162.27766016838,3.5,0.4,1,0.1,1000,200,1,0,10,0.619,619,120.428109854604,11.9428109854604,0.5964,8.13600208044758,0.313082842915346,11.2292366382222,1.46789674675248,0.910411050967637,1.07710655893684,0.166695507969204,TRUE,TRUE,TRUE,TRUE,TRUE
4.8,3162.27766016838,3.5,0.4,1,0.1,1000,200,1,0,10,0.662,662,121.749244712991,12.0749244712991,0.5984,8.12239444075034,0.314930555555556,11.1962469446502,1.48662128629444,0.909684075929913,1.08188442291832,0.17220034698841,TRUE,TRUE,TRUE,TRUE,TRUE
4.9,3162.27766016838,3.5,0.4,1,0.1,1000,200,1,0,10,0.688,688,117.827034883721,11.6827034883721,0.5996,8.11426255707561,0.316701374427322,11.1649014572596,1.43977390504635,0.909249056269994,1.06754335426793,0.158294297997937,TRUE,TRUE,TRUE,TRUE,TRUE
5,3162.27766016838,3.5,0.4,1,0.1,1000,200,1,0,10,0.744,744,118.07123655914,11.707123655914,0.6,8.11155735194722,0.3184,11.1350799296103,1.44326460973658,0.909104243166293,1.06845020559254,0.159345962426247,TRUE,TRUE,TRUE,TRUE,TRUE
1.1,5623.41325190349,3.75,0.4,1,0.1,1000,200,1,0,10,0.253,253,95.8932806324111,9.48932806324111,-0.00839999999999998,NA,0.00330578512396697,109.280470923757,NA,NA,NA,NA,FALSE,TRUE,TRUE,FALSE,FALSE
1.2,5623.41325190349,3.75,0.4,1,0.1,1000,200,1,0,10,0.121,121,68.6363636363636,6.76363636363636,0.0224,41.9812977090678,0.0388888888888889,31.8615647736631,0.161110702449187,1.62305585919103,0.830180250387654,-0.792875608803379,TRUE,TRUE,TRUE,TRUE,TRUE
1.3,5623.41325190349,3.75,0.4,1,0.1,1000,200,1,0,10,0.063,63,52.3968253968254,5.13968253968254,0.0524,27.4482224581792,0.0686390532544379,23.9824874596681,0.18725010508471,1.43851422486625,0.710936294963773,-0.727577929902478,TRUE,TRUE,TRUE,TRUE,TRUE
1.4,5623.41325190349,3.75,0.4,1,0.1,1000,200,1,0,10,0.045,45,41.0444444444444,4.00444444444444,0.0816,21.9955481247525,0.0938775510204082,20.5068517850345,0.182057042713024,1.34233478898118,0.6025422728677,-0.739792516113484,TRUE,TRUE,TRUE,TRUE,TRUE
1.5,5623.41325190349,3.75,0.4,1,0.1,1000,200,1,0,10,0.024,24,34.0833333333333,3.30833333333333,0.11,18.9445165019897,0.115555555555556,18.4835102820163,0.174632766847646,1.277483525779,0.51960926071549,-0.757874265063512,TRUE,TRUE,TRUE,TRUE,TRUE
1.6,5623.41325190349,3.75,0.4,1,0.1,1000,200,1,0,10,0.013,13,30.4615384615385,2.94615384615385,0.1376,16.9383324056068,0.134375,17.1403872533621,0.173934114386528,1.22887065140837,0.469255421661786,-0.759615229746583,TRUE,TRUE,TRUE,TRUE,TRUE
1.7,5623.41325190349,3.75,0.4,1,0.1,1000,200,1,0,10,0.01,10,24.2,2.32,0.1644,15.496333763953,0.150865051903114,16.1765366155095,0.149712831134078,1.1902289617561,0.3654879848909,-0.824740976865199,TRUE,TRUE,TRUE,TRUE,TRUE
1.8,5623.41325190349,3.75,0.4,1,0.1,1000,200,1,0,10,0.006,6,26,2.5,0.1904,14.3994663191032,0.165432098765432,15.4479188231502,0.173617545581072,1.15834639633389,0.397940008672038,-0.76040638766185,TRUE,TRUE,TRUE,TRUE,TRUE
1.9,5623.41325190349,3.75,0.4,1,0.1,1000,200,1,0,10,0.006,6,19.3333333333333,1.83333333333333,0.2156,13.5317975014212,0.178393351800554,14.8761495485521,0.135483355639987,1.13135549010076,0.263241434774581,-0.868114055326183,TRUE,TRUE,TRUE,TRUE,TRUE
2,5623.41325190349,3.75,0.4,1,0.1,1000,200,1,0,10,0.003,3,18.6666666666667,1.76666666666667,0.24,12.8254983016186,0.19,14.4146156829134,0.137746434884616,1.10807424750231,0.247154614881127,-0.860919632621185,TRUE,TRUE,TRUE,TRUE,TRUE
2.1,5623.41325190349,3.75,0.4,1,0.1,1000,200,1,0,10,0.005,5,6.4,0.54,0.2636,12.2379074755124,0.200453514739229,14.0337272165077,0.0441251906079959,1.08770716539713,-0.267606240177031,-1.35531340557416,TRUE,TRUE,TRUE,TRUE,TRUE
2.2,5623.41325190349,3.75,0.4,1,0.1,1000,200,1,0,10,0.004,4,13,1.2,0.2864,11.7406829821234,0.209917355371901,13.7137331738686,0.102208704708844,1.06969336154021,0.0791812460476249,-0.990512115492581,TRUE,TRUE,TRUE,TRUE,TRUE
2.3,5623.41325190349,3.75,0.4,1,0.1,1000,200,1,0,10,0.004,4,14.75,1.375,0.3084,11.3141695770287,0.218525519848771,13.4409135360771,0.121529025231484,1.05362268366866,0.138302698166281,-0.915319985502374,TRUE,TRUE,TRUE,TRUE,TRUE
2.4,5623.41325190349,3.75,0.4,1,0.1,1000,200,1,0,10,0.003,3,6.66666666666667,0.566666666666667,0.3296,10.9442565960601,0.226388888888889,13.2054229135608,0.0517775384461166,1.03918626684558,-0.246672333341388,-1.28585860018696,TRUE,TRUE,TRUE,TRUE,TRUE
2.5,5623.41325190349,3.75,0.4,1,0.1,1000,200,1,0,10,0.002,2,9.5,0.85,0.35,10.6205215912211,0.2336,13.0000028985043,0.0800337340025382,1.02614584618298,-0.0705810742857072,-1.09672692046868,TRUE,TRUE,TRUE,TRUE,TRUE
2.6,5623.41325190349,3.75,0.4,1,0.1,1000,200,1,0,10,0.002,2,10.5,0.95,0.3696,10.3350810565128,0.240236686390533,12.8191787652401,0.0919199370382628,1.01431388708408,-0.0222763947111522,-1.03659028179523,TRUE,TRUE,TRUE,TRUE,TRUE
2.7,5623.41325190349,3.75,0.4,1,0.1,1000,200,1,0,10,0.003,3,16,1.5,0.3884,10.0818506063473,0.24636488340192,12.658739604832,0.148782208601229,1.00354025774013,0.176091259055681,-0.82744899868445,TRUE,TRUE,TRUE,TRUE,TRUE
2.8,5623.41325190349,3.75,0.4,1,0.1,1000,200,1,0,10,0.001,1,13,1.2,0.4064,9.85605273937154,0.252040816326531,12.5153912130492,0.121752595256153,0.993703018720184,0.0791812460476249,-0.914521772672559,TRUE,TRUE,TRUE,TRUE,TRUE
2.9,5623.41325190349,3.75,0.4,1,0.1,1000,200,1,0,10,0.002,2,10,0.9,0.4236,9.65387992234937,0.25731272294887,12.3865179982288,0.0932267655325234,0.984701892640391,-0.0457574905606751,-1.03045938320107,TRUE,TRUE,TRUE,TRUE,TRUE
3,5623.41325190349,3.75,0.4,1,0.1,1000,200,1,0,10,0.001,1,4,0.3,0.44,9.47225825099483,0.262222222222222,12.2700157894864,0.031671433785971,0.976453530115021,-0.522878745280338,-1.49933227539536,TRUE,TRUE,TRUE,TRUE,TRUE
3.1,5623.41325190349,3.75,0.4,1,0.1,1000,200,1,0,10,0.001,1,2,0.1,0.4556,9.30867806292058,0.266805411030177,12.1641719826124,0.0107426639232838,0.968888010654584,-1,-1.96888801065458,TRUE,TRUE,TRUE,TRUE,TRUE
3.2,5623.41325190349,3.75,0.4,1,0.1,1000,200,1,0,10,0,0,NA,NA,0.4704,9.16107021544189,0.27109375,12.0675780328131,NA,NA,NA,NA,TRUE,TRUE,FALSE,TRUE,FALSE
3.3,5623.41325190349,3.75,0.4,1,0.1,1000,200,1,0,10,0.001,1,11,1,0.4844,9.02771418802613,0.275114784205693,11.9790645107435,0.110770011009691,0.955577801122608,0,-0.955577801122608,TRUE,TRUE,TRUE,TRUE,TRUE
3.4,5623.41325190349,3.75,0.4,1,0.1,1000,200,1,0,10,0.001,1,3,0.2,0.4976,8.90716879582451,0.278892733564014,11.8976521901782,0.0224538239461405,0.949739682516734,-0.698970004336019,-1.64870968685275,TRUE,TRUE,TRUE,TRUE,TRUE
3.5,5623.41325190349,3.75,0.4,1,0.1,1000,200,1,0,10,0.001,1,132,13.1,0.51,8.79821924990099,0.282448979591837,11.8225147170592,1.48893766203285,0.944394780309147,1.11727129565576,0.172876515346617,TRUE,TRUE,TRUE,TRUE,TRUE
3.6,5623.41325190349,3.75,0.4,1,0.1,1000,200,1,0,10,0.003,3,104,10.3,0.5216,8.69983622346435,0.285802469135802,11.7529497716489,1.1839303333343,0.939511076996183,1.01283722470517,0.0733261477089891,TRUE,TRUE,TRUE,TRUE,TRUE
3.7,5623.41325190349,3.75,0.4,1,0.1,1000,200,1,0,10,0.009,9,139.333333333333,13.8333333333333,0.5324,8.61114386454075,0.288970051132213,11.6883565447328,1.60644550258842,0.935060844956796,1.14092684199243,0.205865997035634,TRUE,TRUE,TRUE,TRUE,TRUE
3.8,5623.41325190349,3.75,0.4,1,0.1,1000,200,1,0,10,0.028,28,134.892857142857,13.3892857142857,0.5424,8.53139456498015,0.29196675900277,11.6282179668741,1.56941348947174,0.931020027928612,1.12675740907933,0.19573738115072,TRUE,TRUE,TRUE,TRUE,TRUE
3.9,5623.41325190349,3.75,0.4,1,0.1,1000,200,1,0,10,0.03,30,127.933333333333,12.6933333333333,0.5516,8.45994889602447,0.294806048652203,11.5720865568714,1.50040307445571,0.927367739606209,1.10357568499277,0.176207945386565,TRUE,TRUE,TRUE,TRUE,TRUE
4,5623.41325190349,3.75,0.4,1,0.1,1000,200,1,0,10,0.045,45,132.111111111111,13.1111111111111,0.56,8.39625954181357,0.2975,11.5195730552825,1.56154190396539,0.924085854855015,1.1176394978668,0.193553643011786,TRUE,TRUE,TRUE,TRUE,TRUE
4.1,5623.41325190349,3.75,0.4,1,0.1,1000,200,1,0,10,0.09,90,132.877777777778,13.1877777777778,0.5676,8.33985836203877,0.300059488399762,11.4703372221197,1.58129517376526,0.921158674965397,1.12017162040181,0.199012945436414,TRUE,TRUE,TRUE,TRUE,TRUE
4.2,5623.41325190349,3.75,0.4,1,0.1,1000,200,1,0,10,0.123,123,131.918699186992,13.0918699186992,0.5744,8.29034593139407,0.30249433106576,11.424080331506,1.57917052280323,0.918572652740993,1.11700168149147,0.198429028750473,TRUE,TRUE,TRUE,TRUE,TRUE
4.3,5623.41325190349,3.75,0.4,1,0.1,1000,200,1,0,10,0.138,138,130.253623188406,12.9253623188406,0.5804,8.24738306179292,0.30481341265549,11.3805390081707,1.56720770964538,0.916316166475266,1.11144272591435,0.195126559439086,TRUE,TRUE,TRUE,TRUE,TRUE
4.4,5623.41325190349,3.75,0.4,1,0.1,1000,200,1,0,10,0.216,216,129.37962962963,12.837962962963,0.5856,8.21068393061953,0.30702479338843,11.339480133316,1.5635680378692,0.914379334332947,1.10849611842693,0.194116784093983,TRUE,TRUE,TRUE,TRUE,TRUE
4.5,5623.41325190349,3.75,0.4,1,0.1,1000,200,1,0,10,0.264,264,131,13,0.59,8.18001052632424,0.309135802469136,11.3006966089689,1.58924000869736,0.912753862537043,1.11394335230684,0.201189489769794,TRUE,TRUE,TRUE,TRUE,TRUE
4.6,5623.41325190349,3.75,0.4,1,0.1,1000,200,1,0,10,0.365,365,128.904109589041,12.7904109589041,0.5936,8.1551681896458,0.311153119092628,11.2640038162588,1.56838101452566,0.91143292222263,1.1068844986864,0.195451576463769,TRUE,TRUE,TRUE,TRUE,TRUE
4.7,5623.41325190349,3.75,0.4,1,0.1,1000,200,1,0,10,0.416,416,128.516826923077,12.7516826923077,0.5964,8.13600208044758,0.313082842915346,11.2292366382222,1.5673155643547,0.910411050967637,1.10556749737902,0.19515644641138,TRUE,TRUE,TRUE,TRUE,TRUE
4.8,5623.41325190349,3.75,0.4,1,0.1,1000,200,1,0,10,0.495,495,126.913131313131,12.5913131313131,0.5984,8.12239444075034,0.314930555555556,11.1962469446502,1.55019720147326,0.909684075929913,1.10007102446411,0.190386948534194,TRUE,TRUE,TRUE,TRUE,TRUE
4.9,5623.41325190349,3.75,0.4,1,0.1,1000,200,1,0,10,0.522,522,126.722222222222,12.5722222222222,0.5996,8.11426255707561,0.316701374427322,11.1649014572596,1.54939800552292,0.909249056269994,1.09941204885142,0.190162992581428,TRUE,TRUE,TRUE,TRUE,TRUE
5,5623.41325190349,3.75,0.4,1,0.1,1000,200,1,0,10,0.608,608,125.981907894737,12.4981907894737,0.6,8.11155735194722,0.3184,11.1350799296103,1.54078806907202,0.909104243166293,1.0968471500468,0.187742906880506,TRUE,TRUE,TRUE,TRUE,TRUE
1.1,10000,4,0.4,1,0.1,1000,200,1,0,10,0.247,247,91.82995951417,9.082995951417,-0.00839999999999998,NA,0.00330578512396697,109.280470923757,NA,NA,NA,NA,FALSE,TRUE,TRUE,FALSE,FALSE
1.2,10000,4,0.4,1,0.1,1000,200,1,0,10,0.105,105,57.9238095238095,5.69238095238095,0.0224,41.9812977090678,0.0388888888888889,31.8615647736631,0.135593258498806,1.62305585919103,0.755293956763744,-0.86776190242729,TRUE,TRUE,TRUE,TRUE,TRUE
1.3,10000,4,0.4,1,0.1,1000,200,1,0,10,0.048,48,47.375,4.6375,0.0524,27.4482224581792,0.0686390532544379,23.9824874596681,0.168954474449696,1.43851422486625,0.666283922623102,-0.772230302243149,TRUE,TRUE,TRUE,TRUE,TRUE
1.4,10000,4,0.4,1,0.1,1000,200,1,0,10,0.037,37,33.3513513513514,3.23513513513514,0.0816,21.9955481247525,0.0938775510204082,20.5068517850345,0.147081360136441,1.34233478898118,0.509892426339416,-0.832442362641769,TRUE,TRUE,TRUE,TRUE,TRUE
1.5,10000,4,0.4,1,0.1,1000,200,1,0,10,0.02,20,34.25,3.325,0.11,18.9445165019897,0.115555555555556,18.4835102820163,0.175512528897256,1.277483525779,0.521791649639123,-0.755691876139879,TRUE,TRUE,TRUE,TRUE,TRUE
1.6,10000,4,0.4,1,0.1,1000,200,1,0,10,0.01,10,34.7,3.37,0.1376,16.9383324056068,0.134375,17.1403872533621,0.198957011782605,1.22887065140837,0.527629900871339,-0.70124075053703,TRUE,TRUE,TRUE,TRUE,TRUE
1.7,10000,4,0.4,1,0.1,1000,200,1,0,10,0.01,10,21.5,2.05,0.1644,15.496333763953,0.150865051903114,16.1765366155095,0.132289355096922,1.1902289617561,0.311753861055754,-0.878475100700345,TRUE,TRUE,TRUE,TRUE,TRUE
1.8,10000,4,0.4,1,0.1,1000,200,1,0,10,0.008,8,21.875,2.0875,0.1904,14.3994663191032,0.165432098765432,15.4479188231502,0.144970650560195,1.15834639633389,0.31962648415564,-0.838719912178247,TRUE,TRUE,TRUE,TRUE,TRUE
1.9,10000,4,0.4,1,0.1,1000,200,1,0,10,0.004,4,27.5,2.65,0.2156,13.5317975014212,0.178393351800554,14.8761495485521,0.195835032243254,1.13135549010076,0.423245873936808,-0.708109616163957,TRUE,TRUE,TRUE,TRUE,TRUE
2,10000,4,0.4,1,0.1,1000,200,1,0,10,0.003,3,13.6666666666667,1.26666666666667,0.24,12.8254983016186,0.19,14.4146156829134,0.0987615948229323,1.10807424750231,0.102662341897148,-1.00541190560516,TRUE,TRUE,TRUE,TRUE,TRUE
2.1,10000,4,0.4,1,0.1,1000,200,1,0,10,0.005,5,18.6,1.76,0.2636,12.2379074755124,0.200453514739229,14.0337272165077,0.14381543605569,1.08770716539713,0.24551266781415,-0.842194497582979,TRUE,TRUE,TRUE,TRUE,TRUE
2.2,10000,4,0.4,1,0.1,1000,200,1,0,10,0.004,4,12,1.1,0.2864,11.7406829821234,0.209917355371901,13.7137331738686,0.0936913126497733,1.06969336154021,0.0413926851582251,-1.02830067638198,TRUE,TRUE,TRUE,TRUE,TRUE
2.3,10000,4,0.4,1,0.1,1000,200,1,0,10,0.003,3,24.3333333333333,2.33333333333333,0.3084,11.3141695770287,0.218525519848771,13.4409135360771,0.206231073120093,1.05362268366866,0.367976785294594,-0.685645898374061,TRUE,TRUE,TRUE,TRUE,TRUE
2.4,10000,4,0.4,1,0.1,1000,200,1,0,10,0.001,1,10,0.9,0.3296,10.9442565960601,0.226388888888889,13.2054229135608,0.0822349140026558,1.03918626684558,-0.0457574905606751,-1.08494375740625,TRUE,TRUE,TRUE,TRUE,TRUE
2.5,10000,4,0.4,1,0.1,1000,200,1,0,10,0,0,NA,NA,0.35,10.6205215912211,0.2336,13.0000028985043,NA,NA,NA,NA,TRUE,TRUE,FALSE,TRUE,FALSE
2.6,10000,4,0.4,1,0.1,1000,200,1,0,10,0,0,NA,NA,0.3696,10.3350810565128,0.240236686390533,12.8191787652401,NA,NA,NA,NA,TRUE,TRUE,FALSE,TRUE,FALSE
2.7,10000,4,0.4,1,0.1,1000,200,1,0,10,0.002,2,7,0.6,0.3884,10.0818506063473,0.24636488340192,12.658739604832,0.0595128834404918,1.00354025774013,-0.221848749616356,-1.22538900735649,TRUE,TRUE,TRUE,TRUE,TRUE
2.8,10000,4,0.4,1,0.1,1000,200,1,0,10,0,0,NA,NA,0.4064,9.85605273937154,0.252040816326531,12.5153912130492,NA,NA,NA,NA,TRUE,TRUE,FALSE,TRUE,FALSE
2.9,10000,4,0.4,1,0.1,1000,200,1,0,10,0.002,2,8,0.7,0.4236,9.65387992234937,0.25731272294887,12.3865179982288,0.072509706525296,0.984701892640391,-0.154901959985743,-1.13960385262613,TRUE,TRUE,TRUE,TRUE,TRUE
3,10000,4,0.4,1,0.1,1000,200,1,0,10,0,0,NA,NA,0.44,9.47225825099483,0.262222222222222,12.2700157894864,NA,NA,NA,NA,TRUE,TRUE,FALSE,TRUE,FALSE
3.1,10000,4,0.4,1,0.1,1000,200,1,0,10,0,0,NA,NA,0.4556,9.30867806292058,0.266805411030177,12.1641719826124,NA,NA,NA,NA,TRUE,TRUE,FALSE,TRUE,FALSE
3.2,10000,4,0.4,1,0.1,1000,200,1,0,10,0.002,2,4.5,0.35,0.4704,9.16107021544189,0.27109375,12.0675780328131,0.0382051432604501,0.961946211824074,-0.455931955649724,-1.4178781674738,TRUE,TRUE,TRUE,TRUE,TRUE
3.3,10000,4,0.4,1,0.1,1000,200,1,0,10,0,0,NA,NA,0.4844,9.02771418802613,0.275114784205693,11.9790645107435,NA,NA,NA,NA,TRUE,TRUE,FALSE,TRUE,FALSE
3.4,10000,4,0.4,1,0.1,1000,200,1,0,10,0,0,NA,NA,0.4976,8.90716879582451,0.278892733564014,11.8976521901782,NA,NA,NA,NA,TRUE,TRUE,FALSE,TRUE,FALSE
3.5,10000,4,0.4,1,0.1,1000,200,1,0,10,0.001,1,12,1.1,0.51,8.79821924990099,0.282448979591837,11.8225147170592,0.125025299865354,0.944394780309147,0.0413926851582251,-0.903002095150922,TRUE,TRUE,TRUE,TRUE,TRUE
3.6,10000,4,0.4,1,0.1,1000,200,1,0,10,0.001,1,14,1.3,0.5216,8.69983622346435,0.285802469135802,11.7529497716489,0.149428100323747,0.939511076996183,0.113943352306837,-0.825567724689346,TRUE,TRUE,TRUE,TRUE,TRUE
3.7,10000,4,0.4,1,0.1,1000,200,1,0,10,0.002,2,5,0.4,0.5324,8.61114386454075,0.288970051132213,11.6883565447328,0.0464514362194241,0.935060844956796,-0.397940008672038,-1.33300085362883,TRUE,TRUE,TRUE,TRUE,TRUE
3.8,10000,4,0.4,1,0.1,1000,200,1,0,10,0,0,NA,NA,0.5424,8.53139456498015,0.29196675900277,11.6282179668741,NA,NA,NA,NA,TRUE,TRUE,FALSE,TRUE,FALSE
3.9,10000,4,0.4,1,0.1,1000,200,1,0,10,0.003,3,88,8.7,0.5516,8.45994889602447,0.294806048652203,11.5720865568714,1.02837500638903,0.927367739606209,0.939519252618619,0.0121515130124096,TRUE,TRUE,TRUE,TRUE,TRUE
4,10000,4,0.4,1,0.1,1000,200,1,0,10,0.006,6,150.5,14.95,0.56,8.39625954181357,0.2975,11.5195730552825,1.78055477269952,0.924085854855015,1.17464119266045,0.250555337805434,TRUE,TRUE,TRUE,TRUE,TRUE
4.1,10000,4,0.4,1,0.1,1000,200,1,0,10,0.007,7,140.714285714286,13.9714285714286,0.5676,8.33985836203877,0.300059488399762,11.4703372221197,1.67525969445998,0.921158674965397,1.14524081477334,0.224082139807948,TRUE,TRUE,TRUE,TRUE,TRUE
4.2,10000,4,0.4,1,0.1,1000,200,1,0,10,0.023,23,134.04347826087,13.304347826087,0.5744,8.29034593139407,0.30249433106576,11.424080331506,1.60480008146654,0.918572652740993,1.12399359046399,0.205420937722994,TRUE,TRUE,TRUE,TRUE,TRUE
4.3,10000,4,0.4,1,0.1,1000,200,1,0,10,0.045,45,138,13.7,0.5804,8.24738306179292,0.30481341265549,11.3805390081707,1.66113297968019,0.916316166475266,1.13672056715641,0.220404400681141,TRUE,TRUE,TRUE,TRUE,TRUE
4.4,10000,4,0.4,1,0.1,1000,200,1,0,10,0.065,65,138.076923076923,13.7076923076923,0.5856,8.21068393061953,0.30702479338843,11.339480133316,1.66949457846906,0.914379334332947,1.13696434739402,0.222585013061072,TRUE,TRUE,TRUE,TRUE,TRUE
4.5,10000,4,0.4,1,0.1,1000,200,1,0,10,0.087,87,136.770114942529,13.5770114942529,0.59,8.18001052632424,0.309135802469136,11.3006966089689,1.65977922040081,0.912753862537043,1.13280418567442,0.22005032313738,TRUE,TRUE,TRUE,TRUE,TRUE
4.6,10000,4,0.4,1,0.1,1000,200,1,0,10,0.151,151,137.192052980132,13.6192052980132,0.5936,8.1551681896458,0.311153119092628,11.2640038162588,1.67000912566155,0.91143292222263,1.13415176655202,0.222718844329395,TRUE,TRUE,TRUE,TRUE,TRUE
4.7,10000,4,0.4,1,0.1,1000,200,1,0,10,0.218,218,136.091743119266,13.5091743119266,0.5964,8.13600208044758,0.313082842915346,11.2292366382222,1.66041923027427,0.910411050967637,1.13062880551852,0.220217754550879,TRUE,TRUE,TRUE,TRUE,TRUE
4.8,10000,4,0.4,1,0.1,1000,200,1,0,10,0.275,275,135.025454545455,13.4025454545455,0.5984,8.12239444075034,0.314930555555556,11.1962469446502,1.65007320837614,0.909684075929913,1.1271872888035,0.217503212873591,TRUE,TRUE,TRUE,TRUE,TRUE
4.9,10000,4,0.4,1,0.1,1000,200,1,0,10,0.333,333,133.351351351351,13.2351351351351,0.5996,8.11426255707561,0.316701374427322,11.1649014572596,1.6310952525925,0.909249056269994,1.12172837995122,0.212479323681229,TRUE,TRUE,TRUE,TRUE,TRUE
5,10000,4,0.4,1,0.1,1000,200,1,0,10,0.411,411,133.720194647202,13.2720194647202,0.6,8.11155735194722,0.3184,11.1350799296103,1.63618635594485,0.909104243166293,1.12293700995229,0.213832766785995,TRUE,TRUE,TRUE,TRUE,TRUE
1.1,17782.7941003892,4.25,0.4,1,0.1,1000,200,1,0,10,0.251,251,86.5657370517928,8.55657370517928,-0.00839999999999998,NA,0.00330578512396697,109.280470923757,NA,NA,NA,NA,FALSE,TRUE,TRUE,FALSE,FALSE
1.2,17782.7941003892,4.25,0.4,1,0.1,1000,200,1,0,10,0.128,128,58.2109375,5.72109375,0.0224,41.9812977090678,0.0388888888888889,31.8615647736631,0.136277201091958,1.62305585919103,0.757479064488983,-0.86557679470205,TRUE,TRUE,TRUE,TRUE,TRUE
1.3,17782.7941003892,4.25,0.4,1,0.1,1000,200,1,0,10,0.066,66,48.8181818181818,4.78181818181818,0.0524,27.4482224581792,0.0686390532544379,23.9824874596681,0.174212307886381,1.43851422486625,0.679593058995514,-0.758921165870738,TRUE,TRUE,TRUE,TRUE,TRUE
1.4,17782.7941003892,4.25,0.4,1,0.1,1000,200,1,0,10,0.037,37,39.7297297297297,3.87297297297297,0.0816,21.9955481247525,0.0938775510204082,20.5068517850345,0.176079857205948,1.34233478898118,0.588044466330349,-0.754290322650835,TRUE,TRUE,TRUE,TRUE,TRUE
1.5,17782.7941003892,4.25,0.4,1,0.1,1000,200,1,0,10,0.026,26,29.4230769230769,2.84230769230769,0.11,18.9445165019897,0.115555555555556,18.4835102820163,0.150033266460465,1.277483525779,0.453671090424008,-0.823812435354995,TRUE,TRUE,TRUE,TRUE,TRUE
1.6,17782.7941003892,4.25,0.4,1,0.1,1000,200,1,0,10,0.02,20,23.7,2.27,0.1376,16.9383324056068,0.134375,17.1403872533621,0.134015553930716,1.22887065140837,0.356025857193123,-0.872844794215246,TRUE,TRUE,TRUE,TRUE,TRUE
1.7,17782.7941003892,4.25,0.4,1,0.1,1000,200,1,0,10,0.01,10,21.1,2.01,0.1644,15.496333763953,0.150865051903114,16.1765366155095,0.129708099387714,1.1902289617561,0.303196057420489,-0.88703290433561,TRUE,TRUE,TRUE,TRUE,TRUE
1.8,17782.7941003892,4.25,0.4,1,0.1,1000,200,1,0,10,0.006,6,19,1.8,0.1904,14.3994663191032,0.165432098765432,15.4479188231502,0.125004632818372,1.15834639633389,0.255272505103306,-0.903073891230581,TRUE,TRUE,TRUE,TRUE,TRUE
1.9,17782.7941003892,4.25,0.4,1,0.1,1000,200,1,0,10,0.004,4,19.75,1.875,0.2156,13.5317975014212,0.178393351800554,14.8761495485521,0.138562522813623,1.13135549010076,0.273001272063738,-0.858354218037027,TRUE,TRUE,TRUE,TRUE,TRUE
2,17782.7941003892,4.25,0.4,1,0.1,1000,200,1,0,10,0.003,3,29,2.8,0.24,12.8254983016186,0.19,14.4146156829134,0.218315104345429,1.10807424750231,0.447158031342219,-0.660916216160093,TRUE,TRUE,TRUE,TRUE,TRUE
2.1,17782.7941003892,4.25,0.4,1,0.1,1000,200,1,0,10,0.005,5,13.2,1.22,0.2636,12.2379074755124,0.200453514739229,14.0337272165077,0.0996902454476944,1.08770716539713,0.0863598306747482,-1.00134733472238,TRUE,TRUE,TRUE,TRUE,TRUE
2.2,17782.7941003892,4.25,0.4,1,0.1,1000,200,1,0,10,0.004,4,9,0.8,0.2864,11.7406829821234,0.209917355371901,13.7137331738686,0.0681391364725624,1.06969336154021,-0.0969100130080564,-1.16660337454826,TRUE,TRUE,TRUE,TRUE,TRUE
2.3,17782.7941003892,4.25,0.4,1,0.1,1000,200,1,0,10,0.005,5,22.4,2.14,0.3084,11.3141695770287,0.218525519848771,13.4409135360771,0.189143355633,1.05362268366866,0.330413773349191,-0.723208910319464,TRUE,TRUE,TRUE,TRUE,TRUE
2.4,17782.7941003892,4.25,0.4,1,0.1,1000,200,1,0,10,0,0,NA,NA,0.3296,10.9442565960601,0.226388888888889,13.2054229135608,NA,NA,NA,NA,TRUE,TRUE,FALSE,TRUE,FALSE
2.5,17782.7941003892,4.25,0.4,1,0.1,1000,200,1,0,10,0.001,1,6,0.5,0.35,10.6205215912211,0.2336,13.0000028985043,0.0470786670603166,1.02614584618298,-0.301029995663981,-1.32717584184696,TRUE,TRUE,TRUE,TRUE,TRUE
2.6,17782.7941003892,4.25,0.4,1,0.1,1000,200,1,0,10,0,0,NA,NA,0.3696,10.3350810565128,0.240236686390533,12.8191787652401,NA,NA,NA,NA,TRUE,TRUE,FALSE,TRUE,FALSE
2.7,17782.7941003892,4.25,0.4,1,0.1,1000,200,1,0,10,0,0,NA,NA,0.3884,10.0818506063473,0.24636488340192,12.658739604832,NA,NA,NA,NA,TRUE,TRUE,FALSE,TRUE,FALSE
2.8,17782.7941003892,4.25,0.4,1,0.1,1000,200,1,0,10,0.002,2,10.5,0.95,0.4064,9.85605273937154,0.252040816326531,12.5153912130492,0.0963874712444544,0.993703018720184,-0.0222763947111522,-1.01597941343134,TRUE,TRUE,TRUE,TRUE,TRUE
2.9,17782.7941003892,4.25,0.4,1,0.1,1000,200,1,0,10,0.001,1,7,0.6,0.4236,9.65387992234937,0.25731272294887,12.3865179982288,0.0621511770216823,0.984701892640391,-0.221848749616356,-1.20655064225675,TRUE,TRUE,TRUE,TRUE,TRUE
3,17782.7941003892,4.25,0.4,1,0.1,1000,200,1,0,10,0.002,2,2.5,0.15,0.44,9.47225825099483,0.262222222222222,12.2700157894864,0.0158357168929855,0.976453530115021,-0.823908740944319,-1.80036227105934,TRUE,TRUE,TRUE,TRUE,TRUE
3.1,17782.7941003892,4.25,0.4,1,0.1,1000,200,1,0,10,0,0,NA,NA,0.4556,9.30867806292058,0.266805411030177,12.1641719826124,NA,NA,NA,NA,TRUE,TRUE,FALSE,TRUE,FALSE
3.2,17782.7941003892,4.25,0.4,1,0.1,1000,200,1,0,10,0,0,NA,NA,0.4704,9.16107021544189,0.27109375,12.0675780328131,NA,NA,NA,NA,TRUE,TRUE,FALSE,TRUE,FALSE
3.3,17782.7941003892,4.25,0.4,1,0.1,1000,200,1,0,10,0,0,NA,NA,0.4844,9.02771418802613,0.275114784205693,11.9790645107435,NA,NA,NA,NA,TRUE,TRUE,FALSE,TRUE,FALSE
3.4,17782.7941003892,4.25,0.4,1,0.1,1000,200,1,0,10,0,0,NA,NA,0.4976,8.90716879582451,0.278892733564014,11.8976521901782,NA,NA,NA,NA,TRUE,TRUE,FALSE,TRUE,FALSE
3.5,17782.7941003892,4.25,0.4,1,0.1,1000,200,1,0,10,0.001,1,13,1.2,0.51,8.79821924990099,0.282448979591837,11.8225147170592,0.13639123621675,0.944394780309147,0.0791812460476249,-0.865213534261522,TRUE,TRUE,TRUE,TRUE,TRUE
3.6,17782.7941003892,4.25,0.4,1,0.1,1000,200,1,0,10,0,0,NA,NA,0.5216,8.69983622346435,0.285802469135802,11.7529497716489,NA,NA,NA,NA,TRUE,TRUE,FALSE,TRUE,FALSE
3.7,17782.7941003892,4.25,0.4,1,0.1,1000,200,1,0,10,0.001,1,21,2,0.5324,8.61114386454075,0.288970051132213,11.6883565447328,0.232257181097121,0.935060844956796,0.301029995663981,-0.634030849292815,TRUE,TRUE,TRUE,TRUE,TRUE
3.8,17782.7941003892,4.25,0.4,1,0.1,1000,200,1,0,10,0.002,2,5,0.4,0.5424,8.53139456498015,0.29196675900277,11.6282179668741,0.0468856523928607,0.931020027928612,-0.397940008672038,-1.32896003660065,TRUE,TRUE,TRUE,TRUE,TRUE
3.9,17782.7941003892,4.25,0.4,1,0.1,1000,200,1,0,10,0,0,NA,NA,0.5516,8.45994889602447,0.294806048652203,11.5720865568714,NA,NA,NA,NA,TRUE,TRUE,FALSE,TRUE,FALSE
4,17782.7941003892,4.25,0.4,1,0.1,1000,200,1,0,10,0,0,NA,NA,0.56,8.39625954181357,0.2975,11.5195730552825,NA,NA,NA,NA,TRUE,TRUE,FALSE,TRUE,FALSE
4.1,17782.7941003892,4.25,0.4,1,0.1,1000,200,1,0,10,0,0,NA,NA,0.5676,8.33985836203877,0.300059488399762,11.4703372221197,NA,NA,NA,NA,TRUE,TRUE,FALSE,TRUE,FALSE
4.2,17782.7941003892,4.25,0.4,1,0.1,1000,200,1,0,10,0.001,1,141,14,0.5744,8.29034593139407,0.30249433106576,11.424080331506,1.68871119683733,0.918572652740993,1.14612803567824,0.227555382937245,TRUE,TRUE,TRUE,TRUE,TRUE
4.3,17782.7941003892,4.25,0.4,1,0.1,1000,200,1,0,10,0.002,2,140,13.9,0.5804,8.24738306179292,0.30481341265549,11.3805390081707,1.68538309617187,0.916316166475266,1.1430148002541,0.226698633778829,TRUE,TRUE,TRUE,TRUE,TRUE
4.4,17782.7941003892,4.25,0.4,1,0.1,1000,200,1,0,10,0.013,13,139.307692307692,13.8307692307692,0.5856,8.21068393061953,0.30702479338843,11.339480133316,1.68448442878079,0.914379334332947,1.14084633509037,0.226467000757426,TRUE,TRUE,TRUE,TRUE,TRUE
4.5,17782.7941003892,4.25,0.4,1,0.1,1000,200,1,0,10,0.015,15,146.066666666667,14.5066666666667,0.59,8.18001052632424,0.309135802469136,11.3006966089689,1.773428850731,0.912753862537043,1.16156763197046,0.248813769433418,TRUE,TRUE,TRUE,TRUE,TRUE
4.6,17782.7941003892,4.25,0.4,1,0.1,1000,200,1,0,10,0.034,34,143.529411764706,14.2529411764706,0.5936,8.1551681896458,0.311153119092628,11.2640038162588,1.74771885079781,0.91143292222263,1.15390449275923,0.242471570536603,TRUE,TRUE,TRUE,TRUE,TRUE
4.7,17782.7941003892,4.25,0.4,1,0.1,1000,200,1,0,10,0.058,58,141.293103448276,14.0293103448276,0.5964,8.13600208044758,0.313082842915346,11.2292366382222,1.72434940479462,0.910411050967637,1.14703632243268,0.23662527146504,TRUE,TRUE,TRUE,TRUE,TRUE
4.8,17782.7941003892,4.25,0.4,1,0.1,1000,200,1,0,10,0.102,102,143.28431372549,14.228431372549,0.5984,8.12239444075034,0.314930555555556,11.1962469446502,1.75175331318121,0.909684075929913,1.15315702349981,0.243472947569897,TRUE,TRUE,TRUE,TRUE,TRUE
4.9,17782.7941003892,4.25,0.4,1,0.1,1000,200,1,0,10,0.15,150,141.206666666667,14.0206666666667,0.5996,8.11426255707561,0.316701374427322,11.1649014572596,1.72790399226615,0.909249056269994,1.14676866432758,0.237519608057585,TRUE,TRUE,TRUE,TRUE,TRUE
5,17782.7941003892,4.25,0.4,1,0.1,1000,200,1,0,10,0.189,189,139.417989417989,13.8417989417989,0.6,8.11155735194722,0.3184,11.1350799296103,1.70642927630613,0.909104243166293,1.14119253663271,0.232088293466415,TRUE,TRUE,TRUE,TRUE,TRUE
1.1,31622.7766016838,4.5,0.4,1,0.1,1000,200,1,0,10,0.24,240,90.3291666666667,8.93291666666667,-0.00839999999999998,NA,0.00330578512396697,109.280470923757,NA,NA,NA,NA,FALSE,TRUE,TRUE,FALSE,FALSE
1.2,31622.7766016838,4.5,0.4,1,0.1,1000,200,1,0,10,0.122,122,55.8524590163934,5.48524590163934,0.0224,41.9812977090678,0.0388888888888889,31.8615647736631,0.130659274509624,1.62305585919103,0.739196101615609,-0.883859757575425,TRUE,TRUE,TRUE,TRUE,TRUE
1.3,31622.7766016838,4.5,0.4,1,0.1,1000,200,1,0,10,0.061,61,46.9180327868852,4.59180327868853,0.0524,27.4482224581792,0.0686390532544379,23.9824874596681,0.167289640911528,1.43851422486625,0.661983273812801,-0.77653095105345,TRUE,TRUE,TRUE,TRUE,TRUE
1.4,31622.7766016838,4.5,0.4,1,0.1,1000,200,1,0,10,0.037,37,35.8648648648649,3.48648648648649,0.0816,21.9955481247525,0.0938775510204082,20.5068517850345,0.158508733981628,1.34233478898118,0.542387986232254,-0.79994680274893,TRUE,TRUE,TRUE,TRUE,TRUE
1.5,31622.7766016838,4.5,0.4,1,0.1,1000,200,1,0,10,0.023,23,39.1739130434783,3.81739130434783,0.11,18.9445165019897,0.115555555555556,18.4835102820163,0.201503759884656,1.277483525779,0.58176667988851,-0.695716845890493,TRUE,TRUE,TRUE,TRUE,TRUE
1.6,31622.7766016838,4.5,0.4,1,0.1,1000,200,1,0,10,0.019,19,20.8947368421053,1.98947368421053,0.1376,16.9383324056068,0.134375,17.1403872533621,0.117453928555091,1.22887065140837,0.298738198884396,-0.930132452523972,TRUE,TRUE,TRUE,TRUE,TRUE
1.7,31622.7766016838,4.5,0.4,1,0.1,1000,200,1,0,10,0.012,12,23.3333333333333,2.23333333333333,0.1644,15.496333763953,0.150865051903114,16.1765366155095,0.144120110430793,1.1902289617561,0.348953547981164,-0.841275413774935,TRUE,TRUE,TRUE,TRUE,TRUE
1.8,31622.7766016838,4.5,0.4,1,0.1,1000,200,1,0,10,0.009,9,18.6666666666667,1.76666666666667,0.1904,14.3994663191032,0.165432098765432,15.4479188231502,0.122689732210624,1.15834639633389,0.247154614881127,-0.911191781452761,TRUE,TRUE,TRUE,TRUE,TRUE
1.9,31622.7766016838,4.5,0.4,1,0.1,1000,200,1,0,10,0.005,5,17.4,1.64,0.2156,13.5317975014212,0.178393351800554,14.8761495485521,0.121196019954316,1.13135549010076,0.214843848047698,-0.916511642053067,TRUE,TRUE,TRUE,TRUE,TRUE
2,31622.7766016838,4.5,0.4,1,0.1,1000,200,1,0,10,0.003,3,18.3333333333333,1.73333333333333,0.24,12.8254983016186,0.19,14.4146156829134,0.135147445547171,1.10807424750231,0.238882088915137,-0.869192158587175,TRUE,TRUE,TRUE,TRUE,TRUE
2.1,31622.7766016838,4.5,0.4,1,0.1,1000,200,1,0,10,0.003,3,19.3333333333333,1.83333333333333,0.2636,12.2379074755124,0.200453514739229,14.0337272165077,0.149807745891344,1.08770716539713,0.263241434774581,-0.824465730622547,TRUE,TRUE,TRUE,TRUE,TRUE
2.2,31622.7766016838,4.5,0.4,1,0.1,1000,200,1,0,10,0.001,1,2,0.1,0.2864,11.7406829821234,0.209917355371901,13.7137331738686,0.0085173920590703,1.06969336154021,-1,-2.06969336154021,TRUE,TRUE,TRUE,TRUE,TRUE
2.3,31622.7766016838,4.5,0.4,1,0.1,1000,200,1,0,10,0.002,2,15,1.4,0.3084,11.3141695770287,0.218525519848771,13.4409135360771,0.123738643872056,1.05362268366866,0.146128035678238,-0.907494647990417,TRUE,TRUE,TRUE,TRUE,TRUE
2.4,31622.7766016838,4.5,0.4,1,0.1,1000,200,1,0,10,0.002,2,8.5,0.75,0.3296,10.9442565960601,0.226388888888889,13.2054229135608,0.0685290950022132,1.03918626684558,-0.1249387366083,-1.16412500345388,TRUE,TRUE,TRUE,TRUE,TRUE
2.5,31622.7766016838,4.5,0.4,1,0.1,1000,200,1,0,10,0,0,NA,NA,0.35,10.6205215912211,0.2336,13.0000028985043,NA,NA,NA,NA,TRUE,TRUE,FALSE,TRUE,FALSE
2.6,31622.7766016838,4.5,0.4,1,0.1,1000,200,1,0,10,0,0,NA,NA,0.3696,10.3350810565128,0.240236686390533,12.8191787652401,NA,NA,NA,NA,TRUE,TRUE,FALSE,TRUE,FALSE
2.7,31622.7766016838,4.5,0.4,1,0.1,1000,200,1,0,10,0,0,NA,NA,0.3884,10.0818506063473,0.24636488340192,12.658739604832,NA,NA,NA,NA,TRUE,TRUE,FALSE,TRUE,FALSE
2.8,31622.7766016838,4.5,0.4,1,0.1,1000,200,1,0,10,0,0,NA,NA,0.4064,9.85605273937154,0.252040816326531,12.5153912130492,NA,NA,NA,NA,TRUE,TRUE,FALSE,TRUE,FALSE
2.9,31622.7766016838,4.5,0.4,1,0.1,1000,200,1,0,10,0.001,1,9,0.8,0.4236,9.65387992234937,0.25731272294887,12.3865179982288,0.0828682360289097,0.984701892640391,-0.0969100130080564,-1.08161190564845,TRUE,TRUE,TRUE,TRUE,TRUE
3,31622.7766016838,4.5,0.4,1,0.1,1000,200,1,0,10,0,0,NA,NA,0.44,9.47225825099483,0.262222222222222,12.2700157894864,NA,NA,NA,NA,TRUE,TRUE,FALSE,TRUE,FALSE
3.1,31622.7766016838,4.5,0.4,1,0.1,1000,200,1,0,10,0,0,NA,NA,0.4556,9.30867806292058,0.266805411030177,12.1641719826124,NA,NA,NA,NA,TRUE,TRUE,FALSE,TRUE,FALSE
3.2,31622.7766016838,4.5,0.4,1,0.1,1000,200,1,0,10,0,0,NA,NA,0.4704,9.16107021544189,0.27109375,12.0675780328131,NA,NA,NA,NA,TRUE,TRUE,FALSE,TRUE,FALSE
3.3,31622.7766016838,4.5,0.4,1,0.1,1000,200,1,0,10,0.001,1,4,0.3,0.4844,9.02771418802613,0.275114784205693,11.9790645107435,0.0332310033029074,0.955577801122608,-0.522878745280338,-1.47845654640295,TRUE,TRUE,TRUE,TRUE,TRUE
3.4,31622.7766016838,4.5,0.4,1,0.1,1000,200,1,0,10,0.001,1,10,0.9,0.4976,8.90716879582451,0.278892733564014,11.8976521901782,0.101042207757632,0.949739682516734,-0.0457574905606751,-0.995497173077409,TRUE,TRUE,TRUE,TRUE,TRUE
3.5,31622.7766016838,4.5,0.4,1,0.1,1000,200,1,0,10,0.001,1,4,0.3,0.51,8.79821924990099,0.282448979591837,11.8225147170592,0.0340978090541874,0.944394780309147,-0.522878745280338,-1.46727352558948,TRUE,TRUE,TRUE,TRUE,TRUE
3.6,31622.7766016838,4.5,0.4,1,0.1,1000,200,1,0,10,0,0,NA,NA,0.5216,8.69983622346435,0.285802469135802,11.7529497716489,NA,NA,NA,NA,TRUE,TRUE,FALSE,TRUE,FALSE
3.7,31622.7766016838,4.5,0.4,1,0.1,1000,200,1,0,10,0,0,NA,NA,0.5324,8.61114386454075,0.288970051132213,11.6883565447328,NA,NA,NA,NA,TRUE,TRUE,FALSE,TRUE,FALSE
3.8,31622.7766016838,4.5,0.4,1,0.1,1000,200,1,0,10,0,0,NA,NA,0.5424,8.53139456498015,0.29196675900277,11.6282179668741,NA,NA,NA,NA,TRUE,TRUE,FALSE,TRUE,FALSE
3.9,31622.7766016838,4.5,0.4,1,0.1,1000,200,1,0,10,0,0,NA,NA,0.5516,8.45994889602447,0.294806048652203,11.5720865568714,NA,NA,NA,NA,TRUE,TRUE,FALSE,TRUE,FALSE
4,31622.7766016838,4.5,0.4,1,0.1,1000,200,1,0,10,0,0,NA,NA,0.56,8.39625954181357,0.2975,11.5195730552825,NA,NA,NA,NA,TRUE,TRUE,FALSE,TRUE,FALSE
4.1,31622.7766016838,4.5,0.4,1,0.1,1000,200,1,0,10,0,0,NA,NA,0.5676,8.33985836203877,0.300059488399762,11.4703372221197,NA,NA,NA,NA,TRUE,TRUE,FALSE,TRUE,FALSE
4.2,31622.7766016838,4.5,0.4,1,0.1,1000,200,1,0,10,0,0,NA,NA,0.5744,8.29034593139407,0.30249433106576,11.424080331506,NA,NA,NA,NA,TRUE,TRUE,FALSE,TRUE,FALSE
4.3,31622.7766016838,4.5,0.4,1,0.1,1000,200,1,0,10,0,0,NA,NA,0.5804,8.24738306179292,0.30481341265549,11.3805390081707,NA,NA,NA,NA,TRUE,TRUE,FALSE,TRUE,FALSE
4.4,31622.7766016838,4.5,0.4,1,0.1,1000,200,1,0,10,0.001,1,5,0.4,0.5856,8.21068393061953,0.30702479338843,11.339480133316,0.0487170135131262,0.914379334332947,-0.397940008672038,-1.31231934300498,TRUE,TRUE,TRUE,TRUE,TRUE
4.5,31622.7766016838,4.5,0.4,1,0.1,1000,200,1,0,10,0,0,NA,NA,0.59,8.18001052632424,0.309135802469136,11.3006966089689,NA,NA,NA,NA,TRUE,TRUE,FALSE,TRUE,FALSE
4.6,31622.7766016838,4.5,0.4,1,0.1,1000,200,1,0,10,0.008,8,145.75,14.475,0.5936,8.1551681896458,0.311153119092628,11.2640038162588,1.77494806524998,0.91143292222263,1.16061857239947,0.249185650176844,TRUE,TRUE,TRUE,TRUE,TRUE
4.7,31622.7766016838,4.5,0.4,1,0.1,1000,200,1,0,10,0.008,8,149.5,14.85,0.5964,8.13600208044758,0.313082842915346,11.2292366382222,1.82522077221286,0.910411050967637,1.17172645365323,0.261315402685595,TRUE,TRUE,TRUE,TRUE,TRUE
4.8,31622.7766016838,4.5,0.4,1,0.1,1000,200,1,0,10,0.018,18,151.388888888889,15.0388888888889,0.5984,8.12239444075034,0.314930555555556,11.1962469446502,1.85153392864526,0.909684075929913,1.1772157506672,0.267531674737288,TRUE,TRUE,TRUE,TRUE,TRUE
4.9,31622.7766016838,4.5,0.4,1,0.1,1000,200,1,0,10,0.041,41,148.829268292683,14.7829268292683,0.5996,8.11426255707561,0.316701374427322,11.1649014572596,1.82184477335869,0.909249056269994,1.16976042729027,0.26051137102028,TRUE,TRUE,TRUE,TRUE,TRUE
5,31622.7766016838,4.5,0.4,1,0.1,1000,200,1,0,10,0.072,72,150.638888888889,14.9638888888889,0.6,8.11155735194722,0.3184,11.1350799296103,1.84476152231072,0.909104243166293,1.17504447477867,0.265940231612374,TRUE,TRUE,TRUE,TRUE,TRUE
1.1,56234.1325190349,4.75,0.4,1,0.1,1000,200,1,0,10,0.247,247,84.412955465587,8.3412955465587,-0.00839999999999998,NA,0.00330578512396697,109.280470923757,NA,NA,NA,NA,FALSE,TRUE,TRUE,FALSE,FALSE
1.2,56234.1325190349,4.75,0.4,1,0.1,1000,200,1,0,10,0.118,118,53.0084745762712,5.20084745762712,0.0224,41.9812977090678,0.0388888888888889,31.8615647736631,0.12388486639144,1.62305585919103,0.716074115977806,-0.906981743213227,TRUE,TRUE,TRUE,TRUE,TRUE
1.3,56234.1325190349,4.75,0.4,1,0.1,1000,200,1,0,10,0.06,60,45.3666666666667,4.43666666666667,0.0524,27.4482224581792,0.0686390532544379,23.9824874596681,0.16163766791917,1.43851422486625,0.647056800755013,-0.791457424111239,TRUE,TRUE,TRUE,TRUE,TRUE
1.4,56234.1325190349,4.75,0.4,1,0.1,1000,200,1,0,10,0.037,37,39.1891891891892,3.81891891891892,0.0816,21.9955481247525,0.0938775510204082,20.5068517850345,0.173622357454295,1.34233478898118,0.581940437781564,-0.760394351199621,TRUE,TRUE,TRUE,TRUE,TRUE
1.5,56234.1325190349,4.75,0.4,1,0.1,1000,200,1,0,10,0.025,25,30.32,2.932,0.11,18.9445165019897,0.115555555555556,18.4835102820163,0.154767739767445,1.277483525779,0.46716396596909,-0.810319559809912,TRUE,TRUE,TRUE,TRUE,TRUE
1.6,56234.1325190349,4.75,0.4,1,0.1,1000,200,1,0,10,0.019,19,26.2105263157895,2.52105263157895,0.1376,16.9383324056068,0.134375,17.1403872533621,0.148837121105525,1.22887065140837,0.401581912461734,-0.827288738946634,TRUE,TRUE,TRUE,TRUE,TRUE
1.7,56234.1325190349,4.75,0.4,1,0.1,1000,200,1,0,10,0.013,13,19.7692307692308,1.87692307692308,0.1644,15.496333763953,0.150865051903114,16.1765366155095,0.12112046020131,1.1902289617561,0.273446474031893,-0.916782487724206,TRUE,TRUE,TRUE,TRUE,TRUE
1.8,56234.1325190349,4.75,0.4,1,0.1,1000,200,1,0,10,0.002,2,20,1.9,0.1904,14.3994663191032,0.165432098765432,15.4479188231502,0.131949334641614,1.15834639633389,0.278753600952829,-0.879592795381058,TRUE,TRUE,TRUE,TRUE,TRUE
1.9,56234.1325190349,4.75,0.4,1,0.1,1000,200,1,0,10,0.008,8,17.625,1.6625,0.2156,13.5317975014212,0.178393351800554,14.8761495485521,0.122858770228079,1.13135549010076,0.220761653975142,-0.910593836125622,TRUE,TRUE,TRUE,TRUE,TRUE
2,56234.1325190349,4.75,0.4,1,0.1,1000,200,1,0,10,0.004,4,20.5,1.95,0.24,12.8254983016186,0.19,14.4146156829134,0.152040876240567,1.10807424750231,0.290034611362518,-0.818039636139794,TRUE,TRUE,TRUE,TRUE,TRUE
2.1,56234.1325190349,4.75,0.4,1,0.1,1000,200,1,0,10,0.005,5,9.2,0.82,0.2636,12.2379074755124,0.200453514739229,14.0337272165077,0.0670049190714011,1.08770716539713,-0.0861861476162833,-1.17389331301341,TRUE,TRUE,TRUE,TRUE,TRUE
2.2,56234.1325190349,4.75,0.4,1,0.1,1000,200,1,0,10,0.005,5,11.6,1.06,0.2864,11.7406829821234,0.209917355371901,13.7137331738686,0.0902843558261452,1.06969336154021,0.0253058652647703,-1.04438749627544,TRUE,TRUE,TRUE,TRUE,TRUE
2.3,56234.1325190349,4.75,0.4,1,0.1,1000,200,1,0,10,0.003,3,11,1,0.3084,11.3141695770287,0.218525519848771,13.4409135360771,0.0883847456228972,1.05362268366866,0,-1.05362268366866,TRUE,TRUE,TRUE,TRUE,TRUE
2.4,56234.1325190349,4.75,0.4,1,0.1,1000,200,1,0,10,0.002,2,9,0.8,0.3296,10.9442565960601,0.226388888888889,13.2054229135608,0.073097701335694,1.03918626684558,-0.0969100130080564,-1.13609627985363,TRUE,TRUE,TRUE,TRUE,TRUE
2.5,56234.1325190349,4.75,0.4,1,0.1,1000,200,1,0,10,0.001,1,1,0,0.35,10.6205215912211,0.2336,13.0000028985043,NA,NA,NA,NA,TRUE,TRUE,FALSE,TRUE,FALSE
2.6,56234.1325190349,4.75,0.4,1,0.1,1000,200,1,0,10,0,0,NA,NA,0.3696,10.3350810565128,0.240236686390533,12.8191787652401,NA,NA,NA,NA,TRUE,TRUE,FALSE,TRUE,FALSE
2.7,56234.1325190349,4.75,0.4,1,0.1,1000,200,1,0,10,0.001,1,8,0.7,0.3884,10.0818506063473,0.24636488340192,12.658739604832,0.0694316973472404,1.00354025774013,-0.154901959985743,-1.15844221772587,TRUE,TRUE,TRUE,TRUE,TRUE
2.8,56234.1325190349,4.75,0.4,1,0.1,1000,200,1,0,10,0,0,NA,NA,0.4064,9.85605273937154,0.252040816326531,12.5153912130492,NA,NA,NA,NA,TRUE,TRUE,FALSE,TRUE,FALSE
2.9,56234.1325190349,4.75,0.4,1,0.1,1000,200,1,0,10,0.001,1,8,0.7,0.4236,9.65387992234937,0.25731272294887,12.3865179982288,0.072509706525296,0.984701892640391,-0.154901959985743,-1.13960385262613,TRUE,TRUE,TRUE,TRUE,TRUE
3,56234.1325190349,4.75,0.4,1,0.1,1000,200,1,0,10,0.001,1,18,1.7,0.44,9.47225825099483,0.262222222222222,12.2700157894864,0.179471458120502,0.976453530115021,0.230448921378274,-0.746004608736747,TRUE,TRUE,TRUE,TRUE,TRUE
3.1,56234.1325190349,4.75,0.4,1,0.1,1000,200,1,0,10,0,0,NA,NA,0.4556,9.30867806292058,0.266805411030177,12.1641719826124,NA,NA,NA,NA,TRUE,TRUE,FALSE,TRUE,FALSE
3.2,56234.1325190349,4.75,0.4,1,0.1,1000,200,1,0,10,0.002,2,8,0.7,0.4704,9.16107021544189,0.27109375,12.0675780328131,0.0764102865209003,0.961946211824074,-0.154901959985743,-1.11684817180982,TRUE,TRUE,TRUE,TRUE,TRUE
3.3,56234.1325190349,4.75,0.4,1,0.1,1000,200,1,0,10,0.001,1,16,1.5,0.4844,9.02771418802613,0.275114784205693,11.9790645107435,0.166155016514537,0.955577801122608,0.176091259055681,-0.779486542066926,TRUE,TRUE,TRUE,TRUE,TRUE
3.4,56234.1325190349,4.75,0.4,1,0.1,1000,200,1,0,10,0,0,NA,NA,0.4976,8.90716879582451,0.278892733564014,11.8976521901782,NA,NA,NA,NA,TRUE,TRUE,FALSE,TRUE,FALSE
3.5,56234.1325190349,4.75,0.4,1,0.1,1000,200,1,0,10,0,0,NA,NA,0.51,8.79821924990099,0.282448979591837,11.8225147170592,NA,NA,NA,NA,TRUE,TRUE,FALSE,TRUE,FALSE
3.6,56234.1325190349,4.75,0.4,1,0.1,1000,200,1,0,10,0,0,NA,NA,0.5216,8.69983622346435,0.285802469135802,11.7529497716489,NA,NA,NA,NA,TRUE,TRUE,FALSE,TRUE,FALSE
3.7,56234.1325190349,4.75,0.4,1,0.1,1000,200,1,0,10,0.001,1,6,0.5,0.5324,8.61114386454075,0.288970051132213,11.6883565447328,0.0580642952742801,0.935060844956796,-0.301029995663981,-1.23609084062078,TRUE,TRUE,TRUE,TRUE,TRUE
3.8,56234.1325190349,4.75,0.4,1,0.1,1000,200,1,0,10,0.001,1,4,0.3,0.5424,8.53139456498015,0.29196675900277,11.6282179668741,0.0351642392946455,0.931020027928612,-0.522878745280338,-1.45389877320895,TRUE,TRUE,TRUE,TRUE,TRUE
3.9,56234.1325190349,4.75,0.4,1,0.1,1000,200,1,0,10,0,0,NA,NA,0.5516,8.45994889602447,0.294806048652203,11.5720865568714,NA,NA,NA,NA,TRUE,TRUE,FALSE,TRUE,FALSE
4,56234.1325190349,4.75,0.4,1,0.1,1000,200,1,0,10,0,0,NA,NA,0.56,8.39625954181357,0.2975,11.5195730552825,NA,NA,NA,NA,TRUE,TRUE,FALSE,TRUE,FALSE
4.1,56234.1325190349,4.75,0.4,1,0.1,1000,200,1,0,10,0,0,NA,NA,0.5676,8.33985836203877,0.300059488399762,11.4703372221197,NA,NA,NA,NA,TRUE,TRUE,FALSE,TRUE,FALSE
4.2,56234.1325190349,4.75,0.4,1,0.1,1000,200,1,0,10,0,0,NA,NA,0.5744,8.29034593139407,0.30249433106576,11.424080331506,NA,NA,NA,NA,TRUE,TRUE,FALSE,TRUE,FALSE
4.3,56234.1325190349,4.75,0.4,1,0.1,1000,200,1,0,10,0,0,NA,NA,0.5804,8.24738306179292,0.30481341265549,11.3805390081707,NA,NA,NA,NA,TRUE,TRUE,FALSE,TRUE,FALSE
4.4,56234.1325190349,4.75,0.4,1,0.1,1000,200,1,0,10,0.001,1,3,0.2,0.5856,8.21068393061953,0.30702479338843,11.339480133316,0.0243585067565631,0.914379334332947,-0.698970004336019,-1.61334933866897,TRUE,TRUE,TRUE,TRUE,TRUE
4.5,56234.1325190349,4.75,0.4,1,0.1,1000,200,1,0,10,0,0,NA,NA,0.59,8.18001052632424,0.309135802469136,11.3006966089689,NA,NA,NA,NA,TRUE,TRUE,FALSE,TRUE,FALSE
4.6,56234.1325190349,4.75,0.4,1,0.1,1000,200,1,0,10,0,0,NA,NA,0.5936,8.1551681896458,0.311153119092628,11.2640038162588,NA,NA,NA,NA,TRUE,TRUE,FALSE,TRUE,FALSE
4.7,56234.1325190349,4.75,0.4,1,0.1,1000,200,1,0,10,0.002,2,85.5,8.45,0.5964,8.13600208044758,0.313082842915346,11.2292366382222,1.03859363806052,0.910411050967637,0.926856708949692,0.0164456579820558,TRUE,TRUE,TRUE,TRUE,TRUE
4.8,56234.1325190349,4.75,0.4,1,0.1,1000,200,1,0,10,0,0,NA,NA,0.5984,8.12239444075034,0.314930555555556,11.1962469446502,NA,NA,NA,NA,TRUE,TRUE,FALSE,TRUE,FALSE
4.9,56234.1325190349,4.75,0.4,1,0.1,1000,200,1,0,10,0.004,4,156.25,15.525,0.5996,8.11426255707561,0.316701374427322,11.1649014572596,1.91329771384613,0.909249056269994,1.19103160884862,0.281782552578624,TRUE,TRUE,TRUE,TRUE,TRUE
5,56234.1325190349,4.75,0.4,1,0.1,1000,200,1,0,10,0.008,8,156.5,15.55,0.6,8.11155735194722,0.3184,11.1350799296103,1.91701782103126,0.909104243166293,1.19173039336286,0.282626150196563,TRUE,TRUE,TRUE,TRUE,TRUE
1.1,1e+05,5,0.4,1,0.1,1000,200,1,0,10,0.244,244,85.8729508196721,8.48729508196721,-0.00839999999999998,NA,0.00330578512396697,109.280470923757,NA,NA,NA,NA,FALSE,TRUE,TRUE,FALSE,FALSE
1.2,1e+05,5,0.4,1,0.1,1000,200,1,0,10,0.105,105,59.1714285714286,5.81714285714286,0.0224,41.9812977090678,0.0388888888888889,31.8615647736631,0.138565103381413,1.62305585919103,0.764709729314446,-0.858346129876588,TRUE,TRUE,TRUE,TRUE,TRUE
1.3,1e+05,5,0.4,1,0.1,1000,200,1,0,10,0.06,60,41.0166666666667,4.00166666666667,0.0524,27.4482224581792,0.0686390532544379,23.9824874596681,0.145789647135209,1.43851422486625,0.602240909673384,-0.836273315192868,TRUE,TRUE,TRUE,TRUE,TRUE
1.4,1e+05,5,0.4,1,0.1,1000,200,1,0,10,0.037,37,36.4054054054054,3.54054054054054,0.0816,21.9955481247525,0.0938775510204082,20.5068517850345,0.160966233733281,1.34233478898118,0.549069571588769,-0.793265217392415,TRUE,TRUE,TRUE,TRUE,TRUE
1.5,1e+05,5,0.4,1,0.1,1000,200,1,0,10,0.019,19,30.2105263157895,2.92105263157895,0.11,18.9445165019897,0.115555555555556,18.4835102820163,0.154189875010648,1.277483525779,0.465539382169847,-0.811944143609155,TRUE,TRUE,TRUE,TRUE,TRUE
1.6,1e+05,5,0.4,1,0.1,1000,200,1,0,10,0.022,22,25.6363636363636,2.46363636363636,0.1376,16.9383324056068,0.134375,17.1403872533621,0.145447397337702,1.22887065140837,0.391576605716181,-0.837294045692188,TRUE,TRUE,TRUE,TRUE,TRUE
1.7,1e+05,5,0.4,1,0.1,1000,200,1,0,10,0.01,10,17.2,1.62,0.1644,15.496333763953,0.150865051903114,16.1765366155095,0.104540856222934,1.1902289617561,0.209515014542631,-0.980713947213468,TRUE,TRUE,TRUE,TRUE,TRUE
1.8,1e+05,5,0.4,1,0.1,1000,200,1,0,10,0.003,3,14.3333333333333,1.33333333333333,0.1904,14.3994663191032,0.165432098765432,15.4479188231502,0.0925960243099049,1.15834639633389,0.1249387366083,-1.03340765972559,TRUE,TRUE,TRUE,TRUE,TRUE
1.9,1e+05,5,0.4,1,0.1,1000,200,1,0,10,0.003,3,22.3333333333333,2.13333333333333,0.2156,13.5317975014212,0.178393351800554,14.8761495485521,0.157653359290167,1.13135549010076,0.329058719264225,-0.80229677083654,TRUE,TRUE,TRUE,TRUE,TRUE
2,1e+05,5,0.4,1,0.1,1000,200,1,0,10,0.004,4,18,1.7,0.24,12.8254983016186,0.19,14.4146156829134,0.132548456209725,1.10807424750231,0.230448921378274,-0.877625326124038,TRUE,TRUE,TRUE,TRUE,TRUE
2.1,1e+05,5,0.4,1,0.1,1000,200,1,0,10,0.004,4,25.75,2.475,0.2636,12.2379074755124,0.200453514739229,14.0337272165077,0.202240456953314,1.08770716539713,0.393575203269588,-0.694131962127541,TRUE,TRUE,TRUE,TRUE,TRUE
2.2,1e+05,5,0.4,1,0.1,1000,200,1,0,10,0.002,2,20.5,1.95,0.2864,11.7406829821234,0.209917355371901,13.7137331738686,0.166089145151871,1.06969336154021,0.290034611362518,-0.779658750177688,TRUE,TRUE,TRUE,TRUE,TRUE
2.3,1e+05,5,0.4,1,0.1,1000,200,1,0,10,0.003,3,10,0.9,0.3084,11.3141695770287,0.218525519848771,13.4409135360771,0.0795462710606075,1.05362268366866,-0.0457574905606751,-1.09938017422933,TRUE,TRUE,TRUE,TRUE,TRUE
2.4,1e+05,5,0.4,1,0.1,1000,200,1,0,10,0.004,4,5.5,0.45,0.3296,10.9442565960601,0.226388888888889,13.2054229135608,0.0411174570013279,1.03918626684558,-0.346787486224656,-1.38597375307023,TRUE,TRUE,TRUE,TRUE,TRUE
2.5,1e+05,5,0.4,1,0.1,1000,200,1,0,10,0.005,5,7.6,0.66,0.35,10.6205215912211,0.2336,13.0000028985043,0.0621438405196179,1.02614584618298,-0.180456064458131,-1.20660191064111,TRUE,TRUE,TRUE,TRUE,TRUE
2.6,1e+05,5,0.4,1,0.1,1000,200,1,0,10,0.003,3,5.33333333333333,0.433333333333333,0.3696,10.3350810565128,0.240236686390533,12.8191787652401,0.0419283923332427,1.01431388708408,-0.363177902412826,-1.37749178949691,TRUE,TRUE,TRUE,TRUE,TRUE
2.7,1e+05,5,0.4,1,0.1,1000,200,1,0,10,0.001,1,16,1.5,0.3884,10.0818506063473,0.24636488340192,12.658739604832,0.148782208601229,1.00354025774013,0.176091259055681,-0.82744899868445,TRUE,TRUE,TRUE,TRUE,TRUE
2.8,1e+05,5,0.4,1,0.1,1000,200,1,0,10,0.001,1,32,3.1,0.4064,9.85605273937154,0.252040816326531,12.5153912130492,0.314527537745062,0.993703018720184,0.491361693834273,-0.502341324885911,TRUE,TRUE,TRUE,TRUE,TRUE
2.9,1e+05,5,0.4,1,0.1,1000,200,1,0,10,0,0,NA,NA,0.4236,9.65387992234937,0.25731272294887,12.3865179982288,NA,NA,NA,NA,TRUE,TRUE,FALSE,TRUE,FALSE
3,1e+05,5,0.4,1,0.1,1000,200,1,0,10,0.001,1,6,0.5,0.44,9.47225825099483,0.262222222222222,12.2700157894864,0.0527857229766183,0.976453530115021,-0.301029995663981,-1.277483525779,TRUE,TRUE,TRUE,TRUE,TRUE
3.1,1e+05,5,0.4,1,0.1,1000,200,1,0,10,0.002,2,11,1,0.4556,9.30867806292058,0.266805411030177,12.1641719826124,0.107426639232838,0.968888010654584,0,-0.968888010654584,TRUE,TRUE,TRUE,TRUE,TRUE
3.2,1e+05,5,0.4,1,0.1,1000,200,1,0,10,0.002,2,5.5,0.45,0.4704,9.16107021544189,0.27109375,12.0675780328131,0.0491208984777216,0.961946211824074,-0.346787486224656,-1.30873369804873,TRUE,TRUE,TRUE,TRUE,TRUE
3.3,1e+05,5,0.4,1,0.1,1000,200,1,0,10,0.001,1,6,0.5,0.4844,9.02771418802613,0.275114784205693,11.9790645107435,0.0553850055048456,0.955577801122608,-0.301029995663981,-1.25660779678659,TRUE,TRUE,TRUE,TRUE,TRUE
3.4,1e+05,5,0.4,1,0.1,1000,200,1,0,10,0.002,2,2,0.1,0.4976,8.90716879582451,0.278892733564014,11.8976521901782,0.0112269119730703,0.949739682516734,-1,-1.94973968251673,TRUE,TRUE,TRUE,TRUE,TRUE
3.5,1e+05,5,0.4,1,0.1,1000,200,1,0,10,0.001,1,6,0.5,0.51,8.79821924990099,0.282448979591837,11.8225147170592,0.056829681756979,0.944394780309147,-0.301029995663981,-1.24542477597313,TRUE,TRUE,TRUE,TRUE,TRUE
3.6,1e+05,5,0.4,1,0.1,1000,200,1,0,10,0,0,NA,NA,0.5216,8.69983622346435,0.285802469135802,11.7529497716489,NA,NA,NA,NA,TRUE,TRUE,FALSE,TRUE,FALSE
3.7,1e+05,5,0.4,1,0.1,1000,200,1,0,10,0.002,2,3,0.2,0.5324,8.61114386454075,0.288970051132213,11.6883565447328,0.0232257181097121,0.935060844956796,-0.698970004336019,-1.63403084929282,TRUE,TRUE,TRUE,TRUE,TRUE
3.8,1e+05,5,0.4,1,0.1,1000,200,1,0,10,0,0,NA,NA,0.5424,8.53139456498015,0.29196675900277,11.6282179668741,NA,NA,NA,NA,TRUE,TRUE,FALSE,TRUE,FALSE
3.9,1e+05,5,0.4,1,0.1,1000,200,1,0,10,0,0,NA,NA,0.5516,8.45994889602447,0.294806048652203,11.5720865568714,NA,NA,NA,NA,TRUE,TRUE,FALSE,TRUE,FALSE
4,1e+05,5,0.4,1,0.1,1000,200,1,0,10,0,0,NA,NA,0.56,8.39625954181357,0.2975,11.5195730552825,NA,NA,NA,NA,TRUE,TRUE,FALSE,TRUE,FALSE
4.1,1e+05,5,0.4,1,0.1,1000,200,1,0,10,0,0,NA,NA,0.5676,8.33985836203877,0.300059488399762,11.4703372221197,NA,NA,NA,NA,TRUE,TRUE,FALSE,TRUE,FALSE
4.2,1e+05,5,0.4,1,0.1,1000,200,1,0,10,0,0,NA,NA,0.5744,8.29034593139407,0.30249433106576,11.424080331506,NA,NA,NA,NA,TRUE,TRUE,FALSE,TRUE,FALSE
4.3,1e+05,5,0.4,1,0.1,1000,200,1,0,10,0,0,NA,NA,0.5804,8.24738306179292,0.30481341265549,11.3805390081707,NA,NA,NA,NA,TRUE,TRUE,FALSE,TRUE,FALSE
4.4,1e+05,5,0.4,1,0.1,1000,200,1,0,10,0,0,NA,NA,0.5856,8.21068393061953,0.30702479338843,11.339480133316,NA,NA,NA,NA,TRUE,TRUE,FALSE,TRUE,FALSE
4.5,1e+05,5,0.4,1,0.1,1000,200,1,0,10,0.001,1,4,0.3,0.59,8.18001052632424,0.309135802469136,11.3006966089689,0.0366747694314775,0.912753862537043,-0.522878745280338,-1.43563260781738,TRUE,TRUE,TRUE,TRUE,TRUE
4.6,1e+05,5,0.4,1,0.1,1000,200,1,0,10,0.001,1,4,0.3,0.5936,8.1551681896458,0.311153119092628,11.2640038162588,0.0367864883989633,0.91143292222263,-0.522878745280338,-1.43431166750297,TRUE,TRUE,TRUE,TRUE,TRUE
4.7,1e+05,5,0.4,1,0.1,1000,200,1,0,10,0,0,NA,NA,0.5964,8.13600208044758,0.313082842915346,11.2292366382222,NA,NA,NA,NA,TRUE,TRUE,FALSE,TRUE,FALSE
4.8,1e+05,5,0.4,1,0.1,1000,200,1,0,10,0,0,NA,NA,0.5984,8.12239444075034,0.314930555555556,11.1962469446502,NA,NA,NA,NA,TRUE,TRUE,FALSE,TRUE,FALSE
4.9,1e+05,5,0.4,1,0.1,1000,200,1,0,10,0.001,1,1,0,0.5996,8.11426255707561,0.316701374427322,11.1649014572596,NA,NA,NA,NA,TRUE,TRUE,FALSE,TRUE,FALSE
5,1e+05,5,0.4,1,0.1,1000,200,1,0,10,0,0,NA,NA,0.6,8.11155735194722,0.3184,11.1350799296103,NA,NA,NA,NA,TRUE,TRUE,FALSE,TRUE,FALSE
1.1,177827.941003892,5.25,0.4,1,0.1,1000,200,1,0,10,0.254,254,84.5275590551181,8.35275590551181,-0.00839999999999998,NA,0.00330578512396697,109.280470923757,NA,NA,NA,NA,FALSE,TRUE,TRUE,FALSE,FALSE
1.2,177827.941003892,5.25,0.4,1,0.1,1000,200,1,0,10,0.102,102,55.843137254902,5.4843137254902,0.0224,41.9812977090678,0.0388888888888889,31.8615647736631,0.13063706995188,1.62305585919103,0.739122290273591,-0.883933568917442,TRUE,TRUE,TRUE,TRUE,TRUE
1.3,177827.941003892,5.25,0.4,1,0.1,1000,200,1,0,10,0.064,64,47.8125,4.68125,0.0524,27.4482224581792,0.0686390532544379,23.9824874596681,0.170548384586014,1.43851422486625,0.670361835043542,-0.76815238982271,TRUE,TRUE,TRUE,TRUE,TRUE
1.4,177827.941003892,5.25,0.4,1,0.1,1000,200,1,0,10,0.025,25,44.52,4.352,0.0816,21.9955481247525,0.0938775510204082,20.5068517850345,0.197858220005098,1.34233478898118,0.638688886690123,-0.703645902291061,TRUE,TRUE,TRUE,TRUE,TRUE
1.5,177827.941003892,5.25,0.4,1,0.1,1000,200,1,0,10,0.022,22,31.5454545454545,3.05454545454545,0.11,18.9445165019897,0.115555555555556,18.4835102820163,0.161236390183125,1.277483525779,0.484946592231619,-0.792536933547384,TRUE,TRUE,TRUE,TRUE,TRUE
1.6,177827.941003892,5.25,0.4,1,0.1,1000,200,1,0,10,0.015,15,25,2.4,0.1376,16.9383324056068,0.134375,17.1403872533621,0.14169045349503,1.22887065140837,0.380211241711606,-0.848659409696763,TRUE,TRUE,TRUE,TRUE,TRUE
1.7,177827.941003892,5.25,0.4,1,0.1,1000,200,1,0,10,0.013,13,23.4615384615385,2.24615384615385,0.1644,15.496333763953,0.150865051903114,16.1765366155095,0.144947435978617,1.1902289617561,0.351439499141582,-0.838789462614518,TRUE,TRUE,TRUE,TRUE,TRUE
1.8,177827.941003892,5.25,0.4,1,0.1,1000,200,1,0,10,0.007,7,20.5714285714286,1.95714285714286,0.1904,14.3994663191032,0.165432098765432,15.4479188231502,0.135917735683468,1.15834639633389,0.29162252714215,-0.866723869191737,TRUE,TRUE,TRUE,TRUE,TRUE
1.9,177827.941003892,5.25,0.4,1,0.1,1000,200,1,0,10,0.002,2,19.5,1.85,0.2156,13.5317975014212,0.178393351800554,14.8761495485521,0.136715022509441,1.13135549010076,0.267171728403014,-0.864183761697751,TRUE,TRUE,TRUE,TRUE,TRUE
2,177827.941003892,5.25,0.4,1,0.1,1000,200,1,0,10,0.004,4,18.25,1.725,0.24,12.8254983016186,0.19,14.4146156829134,0.134497698212809,1.10807424750231,0.236789099409293,-0.871285148093019,TRUE,TRUE,TRUE,TRUE,TRUE
2.1,177827.941003892,5.25,0.4,1,0.1,1000,200,1,0,10,0.002,2,10,0.9,0.2636,12.2379074755124,0.200453514739229,14.0337272165077,0.0735419843466598,1.08770716539713,-0.0457574905606751,-1.1334646559578,TRUE,TRUE,TRUE,TRUE,TRUE
2.2,177827.941003892,5.25,0.4,1,0.1,1000,200,1,0,10,0.004,4,11.75,1.075,0.2864,11.7406829821234,0.209917355371901,13.7137331738686,0.0915619646350058,1.06969336154021,0.0314084642516241,-1.03828489728858,TRUE,TRUE,TRUE,TRUE,TRUE
2.3,177827.941003892,5.25,0.4,1,0.1,1000,200,1,0,10,0.002,2,17.5,1.65,0.3084,11.3141695770287,0.218525519848771,13.4409135360771,0.14583483027778,1.05362268366866,0.217483944213906,-0.836138739454749,TRUE,TRUE,TRUE,TRUE,TRUE
2.4,177827.941003892,5.25,0.4,1,0.1,1000,200,1,0,10,0.002,2,11.5,1.05,0.3296,10.9442565960601,0.226388888888889,13.2054229135608,0.0959407330030984,1.03918626684558,0.0211892990699381,-1.01799696777564,TRUE,TRUE,TRUE,TRUE,TRUE
2.5,177827.941003892,5.25,0.4,1,0.1,1000,200,1,0,10,0,0,NA,NA,0.35,10.6205215912211,0.2336,13.0000028985043,NA,NA,NA,NA,TRUE,TRUE,FALSE,TRUE,FALSE
2.6,177827.941003892,5.25,0.4,1,0.1,1000,200,1,0,10,0.002,2,17.5,1.65,0.3696,10.3350810565128,0.240236686390533,12.8191787652401,0.159650416961193,1.01431388708408,0.217483944213906,-0.796829942870174,TRUE,TRUE,TRUE,TRUE,TRUE
2.7,177827.941003892,5.25,0.4,1,0.1,1000,200,1,0,10,0.001,1,9,0.8,0.3884,10.0818506063473,0.24636488340192,12.658739604832,0.079350511253989,1.00354025774013,-0.0969100130080564,-1.10045027074819,TRUE,TRUE,TRUE,TRUE,TRUE
2.8,177827.941003892,5.25,0.4,1,0.1,1000,200,1,0,10,0.001,1,12,1.1,0.4064,9.85605273937154,0.252040816326531,12.5153912130492,0.111606545651474,0.993703018720184,0.0413926851582251,-0.952310333561958,TRUE,TRUE,TRUE,TRUE,TRUE
2.9,177827.941003892,5.25,0.4,1,0.1,1000,200,1,0,10,0.001,1,5,0.4,0.4236,9.65387992234937,0.25731272294887,12.3865179982288,0.0414341180144549,0.984701892640391,-0.397940008672038,-1.38264190131243,TRUE,TRUE,TRUE,TRUE,TRUE
3,177827.941003892,5.25,0.4,1,0.1,1000,200,1,0,10,0,0,NA,NA,0.44,9.47225825099483,0.262222222222222,12.2700157894864,NA,NA,NA,NA,TRUE,TRUE,FALSE,TRUE,FALSE
3.1,177827.941003892,5.25,0.4,1,0.1,1000,200,1,0,10,0,0,NA,NA,0.4556,9.30867806292058,0.266805411030177,12.1641719826124,NA,NA,NA,NA,TRUE,TRUE,FALSE,TRUE,FALSE
3.2,177827.941003892,5.25,0.4,1,0.1,1000,200,1,0,10,0.002,2,25,2.4,0.4704,9.16107021544189,0.27109375,12.0675780328131,0.261978125214515,0.961946211824074,0.380211241711606,-0.581734970112468,TRUE,TRUE,TRUE,TRUE,TRUE
3.3,177827.941003892,5.25,0.4,1,0.1,1000,200,1,0,10,0.001,1,9,0.8,0.4844,9.02771418802613,0.275114784205693,11.9790645107435,0.0886160088077529,0.955577801122608,-0.0969100130080564,-1.05248781413066,TRUE,TRUE,TRUE,TRUE,TRUE
3.4,177827.941003892,5.25,0.4,1,0.1,1000,200,1,0,10,0,0,NA,NA,0.4976,8.90716879582451,0.278892733564014,11.8976521901782,NA,NA,NA,NA,TRUE,TRUE,FALSE,TRUE,FALSE
3.5,177827.941003892,5.25,0.4,1,0.1,1000,200,1,0,10,0,0,NA,NA,0.51,8.79821924990099,0.282448979591837,11.8225147170592,NA,NA,NA,NA,TRUE,TRUE,FALSE,TRUE,FALSE
3.6,177827.941003892,5.25,0.4,1,0.1,1000,200,1,0,10,0,0,NA,NA,0.5216,8.69983622346435,0.285802469135802,11.7529497716489,NA,NA,NA,NA,TRUE,TRUE,FALSE,TRUE,FALSE
3.7,177827.941003892,5.25,0.4,1,0.1,1000,200,1,0,10,0,0,NA,NA,0.5324,8.61114386454075,0.288970051132213,11.6883565447328,NA,NA,NA,NA,TRUE,TRUE,FALSE,TRUE,FALSE
3.8,177827.941003892,5.25,0.4,1,0.1,1000,200,1,0,10,0.002,2,5,0.4,0.5424,8.53139456498015,0.29196675900277,11.6282179668741,0.0468856523928607,0.931020027928612,-0.397940008672038,-1.32896003660065,TRUE,TRUE,TRUE,TRUE,TRUE
3.9,177827.941003892,5.25,0.4,1,0.1,1000,200,1,0,10,0,0,NA,NA,0.5516,8.45994889602447,0.294806048652203,11.5720865568714,NA,NA,NA,NA,TRUE,TRUE,FALSE,TRUE,FALSE
4,177827.941003892,5.25,0.4,1,0.1,1000,200,1,0,10,0,0,NA,NA,0.56,8.39625954181357,0.2975,11.5195730552825,NA,NA,NA,NA,TRUE,TRUE,FALSE,TRUE,FALSE
4.1,177827.941003892,5.25,0.4,1,0.1,1000,200,1,0,10,0,0,NA,NA,0.5676,8.33985836203877,0.300059488399762,11.4703372221197,NA,NA,NA,NA,TRUE,TRUE,FALSE,TRUE,FALSE
4.2,177827.941003892,5.25,0.4,1,0.1,1000,200,1,0,10,0,0,NA,NA,0.5744,8.29034593139407,0.30249433106576,11.424080331506,NA,NA,NA,NA,TRUE,TRUE,FALSE,TRUE,FALSE
4.3,177827.941003892,5.25,0.4,1,0.1,1000,200,1,0,10,0.001,1,5,0.4,0.5804,8.24738306179292,0.30481341265549,11.3805390081707,0.0485002329833632,0.916316166475266,-0.397940008672038,-1.3142561751473,TRUE,TRUE,TRUE,TRUE,TRUE
4.4,177827.941003892,5.25,0.4,1,0.1,1000,200,1,0,10,0.001,1,9,0.8,0.5856,8.21068393061953,0.30702479338843,11.339480133316,0.0974340270262524,0.914379334332947,-0.0969100130080564,-1.011289347341,TRUE,TRUE,TRUE,TRUE,TRUE
4.5,177827.941003892,5.25,0.4,1,0.1,1000,200,1,0,10,0,0,NA,NA,0.59,8.18001052632424,0.309135802469136,11.3006966089689,NA,NA,NA,NA,TRUE,TRUE,FALSE,TRUE,FALSE
4.6,177827.941003892,5.25,0.4,1,0.1,1000,200,1,0,10,0,0,NA,NA,0.5936,8.1551681896458,0.311153119092628,11.2640038162588,NA,NA,NA,NA,TRUE,TRUE,FALSE,TRUE,FALSE
4.7,177827.941003892,5.25,0.4,1,0.1,1000,200,1,0,10,0,0,NA,NA,0.5964,8.13600208044758,0.313082842915346,11.2292366382222,NA,NA,NA,NA,TRUE,TRUE,FALSE,TRUE,FALSE
4.8,177827.941003892,5.25,0.4,1,0.1,1000,200,1,0,10,0,0,NA,NA,0.5984,8.12239444075034,0.314930555555556,11.1962469446502,NA,NA,NA,NA,TRUE,TRUE,FALSE,TRUE,FALSE
4.9,177827.941003892,5.25,0.4,1,0.1,1000,200,1,0,10,0,0,NA,NA,0.5996,8.11426255707561,0.316701374427322,11.1649014572596,NA,NA,NA,NA,TRUE,TRUE,FALSE,TRUE,FALSE
5,177827.941003892,5.25,0.4,1,0.1,1000,200,1,0,10,0,0,NA,NA,0.6,8.11155735194722,0.3184,11.1350799296103,NA,NA,NA,NA,TRUE,TRUE,FALSE,TRUE,FALSE
1.1,316227.766016838,5.5,0.4,1,0.1,1000,200,1,0,10,0.241,241,79.4896265560166,7.84896265560166,-0.00839999999999998,NA,0.00330578512396697,109.280470923757,NA,NA,NA,NA,FALSE,TRUE,TRUE,FALSE,FALSE
1.2,316227.766016838,5.5,0.4,1,0.1,1000,200,1,0,10,0.11,110,60,5.9,0.0224,41.9812977090678,0.0388888888888889,31.8615647736631,0.140538771356885,1.62305585919103,0.770852011642144,-0.852203847548889,TRUE,TRUE,TRUE,TRUE,TRUE
1.3,316227.766016838,5.5,0.4,1,0.1,1000,200,1,0,10,0.049,49,34.5102040816327,3.35102040816327,0.0524,27.4482224581792,0.0686390532544379,23.9824874596681,0.122085151898961,1.43851422486625,0.525177072754908,-0.913337152111343,TRUE,TRUE,TRUE,TRUE,TRUE
1.4,316227.766016838,5.5,0.4,1,0.1,1000,200,1,0,10,0.032,32,37.3125,3.63125,0.0816,21.9955481247525,0.0938775510204082,20.5068517850345,0.165090225504024,1.34233478898118,0.560056149734406,-0.782278639246778,TRUE,TRUE,TRUE,TRUE,TRUE
1.5,316227.766016838,5.5,0.4,1,0.1,1000,200,1,0,10,0.017,17,32.2941176470588,3.12941176470588,0.11,18.9445165019897,0.115555555555556,18.4835102820163,0.165188262491535,1.277483525779,0.495462710916774,-0.782020814862228,TRUE,TRUE,TRUE,TRUE,TRUE
1.6,316227.766016838,5.5,0.4,1,0.1,1000,200,1,0,10,0.017,17,23.5294117647059,2.25294117647059,0.1376,16.9383324056068,0.134375,17.1403872533621,0.133008440413227,1.22887065140837,0.352749852590349,-0.87612079881802,TRUE,TRUE,TRUE,TRUE,TRUE
1.7,316227.766016838,5.5,0.4,1,0.1,1000,200,1,0,10,0.007,7,13.1428571428571,1.21428571428571,0.1644,15.496333763953,0.150865051903114,16.1765366155095,0.0783595483152502,1.1902289617561,0.0843208857000359,-1.10590807605606,TRUE,TRUE,TRUE,TRUE,TRUE
1.8,316227.766016838,5.5,0.4,1,0.1,1000,200,1,0,10,0.01,10,33,3.2,0.1904,14.3994663191032,0.165432098765432,15.4479188231502,0.222230458343772,1.15834639633389,0.505149978319906,-0.653196418013981,TRUE,TRUE,TRUE,TRUE,TRUE
1.9,316227.766016838,5.5,0.4,1,0.1,1000,200,1,0,10,0.005,5,10.4,0.94,0.2156,13.5317975014212,0.178393351800554,14.8761495485521,0.0694660114372297,1.13135549010076,-0.0268721464003013,-1.15822763650107,TRUE,TRUE,TRUE,TRUE,TRUE
2,316227.766016838,5.5,0.4,1,0.1,1000,200,1,0,10,0,0,NA,NA,0.24,12.8254983016186,0.19,14.4146156829134,NA,NA,NA,NA,TRUE,TRUE,FALSE,TRUE,FALSE
2.1,316227.766016838,5.5,0.4,1,0.1,1000,200,1,0,10,0.002,2,31.5,3.05,0.2636,12.2379074755124,0.200453514739229,14.0337272165077,0.249225613619236,1.08770716539713,0.484299839346786,-0.603407326050343,TRUE,TRUE,TRUE,TRUE,TRUE
2.2,316227.766016838,5.5,0.4,1,0.1,1000,200,1,0,10,0,0,NA,NA,0.2864,11.7406829821234,0.209917355371901,13.7137331738686,NA,NA,NA,NA,TRUE,TRUE,FALSE,TRUE,FALSE
2.3,316227.766016838,5.5,0.4,1,0.1,1000,200,1,0,10,0.005,5,12,1.1,0.3084,11.3141695770287,0.218525519848771,13.4409135360771,0.0972232201851869,1.05362268366866,0.0413926851582251,-1.01222999851043,TRUE,TRUE,TRUE,TRUE,TRUE
2.4,316227.766016838,5.5,0.4,1,0.1,1000,200,1,0,10,0.002,2,18,1.7,0.3296,10.9442565960601,0.226388888888889,13.2054229135608,0.15533261533835,1.03918626684558,0.230448921378274,-0.808737345467302,TRUE,TRUE,TRUE,TRUE,TRUE
2.5,316227.766016838,5.5,0.4,1,0.1,1000,200,1,0,10,0.001,1,11,1,0.35,10.6205215912211,0.2336,13.0000028985043,0.0941573341206332,1.02614584618298,0,-1.02614584618298,TRUE,TRUE,TRUE,TRUE,TRUE
2.6,316227.766016838,5.5,0.4,1,0.1,1000,200,1,0,10,0,0,NA,NA,0.3696,10.3350810565128,0.240236686390533,12.8191787652401,NA,NA,NA,NA,TRUE,TRUE,FALSE,TRUE,FALSE
2.7,316227.766016838,5.5,0.4,1,0.1,1000,200,1,0,10,0,0,NA,NA,0.3884,10.0818506063473,0.24636488340192,12.658739604832,NA,NA,NA,NA,TRUE,TRUE,FALSE,TRUE,FALSE
2.8,316227.766016838,5.5,0.4,1,0.1,1000,200,1,0,10,0,0,NA,NA,0.4064,9.85605273937154,0.252040816326531,12.5153912130492,NA,NA,NA,NA,TRUE,TRUE,FALSE,TRUE,FALSE
2.9,316227.766016838,5.5,0.4,1,0.1,1000,200,1,0,10,0.002,2,13.5,1.25,0.4236,9.65387992234937,0.25731272294887,12.3865179982288,0.129481618795171,0.984701892640391,0.0969100130080564,-0.887791879632335,TRUE,TRUE,TRUE,TRUE,TRUE
3,316227.766016838,5.5,0.4,1,0.1,1000,200,1,0,10,0,0,NA,NA,0.44,9.47225825099483,0.262222222222222,12.2700157894864,NA,NA,NA,NA,TRUE,TRUE,FALSE,TRUE,FALSE
3.1,316227.766016838,5.5,0.4,1,0.1,1000,200,1,0,10,0,0,NA,NA,0.4556,9.30867806292058,0.266805411030177,12.1641719826124,NA,NA,NA,NA,TRUE,TRUE,FALSE,TRUE,FALSE
3.2,316227.766016838,5.5,0.4,1,0.1,1000,200,1,0,10,0.001,1,6,0.5,0.4704,9.16107021544189,0.27109375,12.0675780328131,0.0545787760863573,0.961946211824074,-0.301029995663981,-1.26297620748806,TRUE,TRUE,TRUE,TRUE,TRUE
3.3,316227.766016838,5.5,0.4,1,0.1,1000,200,1,0,10,0,0,NA,NA,0.4844,9.02771418802613,0.275114784205693,11.9790645107435,NA,NA,NA,NA,TRUE,TRUE,FALSE,TRUE,FALSE
3.4,316227.766016838,5.5,0.4,1,0.1,1000,200,1,0,10,0,0,NA,NA,0.4976,8.90716879582451,0.278892733564014,11.8976521901782,NA,NA,NA,NA,TRUE,TRUE,FALSE,TRUE,FALSE
3.5,316227.766016838,5.5,0.4,1,0.1,1000,200,1,0,10,0,0,NA,NA,0.51,8.79821924990099,0.282448979591837,11.8225147170592,NA,NA,NA,NA,TRUE,TRUE,FALSE,TRUE,FALSE
3.6,316227.766016838,5.5,0.4,1,0.1,1000,200,1,0,10,0.001,1,12,1.1,0.5216,8.69983622346435,0.285802469135802,11.7529497716489,0.126439161812401,0.939511076996183,0.0413926851582251,-0.898118391837958,TRUE,TRUE,TRUE,TRUE,TRUE
3.7,316227.766016838,5.5,0.4,1,0.1,1000,200,1,0,10,0,0,NA,NA,0.5324,8.61114386454075,0.288970051132213,11.6883565447328,NA,NA,NA,NA,TRUE,TRUE,FALSE,TRUE,FALSE
3.8,316227.766016838,5.5,0.4,1,0.1,1000,200,1,0,10,0,0,NA,NA,0.5424,8.53139456498015,0.29196675900277,11.6282179668741,NA,NA,NA,NA,TRUE,TRUE,FALSE,TRUE,FALSE
3.9,316227.766016838,5.5,0.4,1,0.1,1000,200,1,0,10,0,0,NA,NA,0.5516,8.45994889602447,0.294806048652203,11.5720865568714,NA,NA,NA,NA,TRUE,TRUE,FALSE,TRUE,FALSE
4,316227.766016838,5.5,0.4,1,0.1,1000,200,1,0,10,0,0,NA,NA,0.56,8.39625954181357,0.2975,11.5195730552825,NA,NA,NA,NA,TRUE,TRUE,FALSE,TRUE,FALSE
4.1,316227.766016838,5.5,0.4,1,0.1,1000,200,1,0,10,0.001,1,6,0.5,0.5676,8.33985836203877,0.300059488399762,11.4703372221197,0.0599530565502038,0.921158674965397,-0.301029995663981,-1.22218867062938,TRUE,TRUE,TRUE,TRUE,TRUE
4.2,316227.766016838,5.5,0.4,1,0.1,1000,200,1,0,10,0,0,NA,NA,0.5744,8.29034593139407,0.30249433106576,11.424080331506,NA,NA,NA,NA,TRUE,TRUE,FALSE,TRUE,FALSE
4.3,316227.766016838,5.5,0.4,1,0.1,1000,200,1,0,10,0,0,NA,NA,0.5804,8.24738306179292,0.30481341265549,11.3805390081707,NA,NA,NA,NA,TRUE,TRUE,FALSE,TRUE,FALSE
4.4,316227.766016838,5.5,0.4,1,0.1,1000,200,1,0,10,0,0,NA,NA,0.5856,8.21068393061953,0.30702479338843,11.339480133316,NA,NA,NA,NA,TRUE,TRUE,FALSE,TRUE,FALSE
4.5,316227.766016838,5.5,0.4,1,0.1,1000,200,1,0,10,0,0,NA,NA,0.59,8.18001052632424,0.309135802469136,11.3006966089689,NA,NA,NA,NA,TRUE,TRUE,FALSE,TRUE,FALSE
4.6,316227.766016838,5.5,0.4,1,0.1,1000,200,1,0,10,0,0,NA,NA,0.5936,8.1551681896458,0.311153119092628,11.2640038162588,NA,NA,NA,NA,TRUE,TRUE,FALSE,TRUE,FALSE
4.7,316227.766016838,5.5,0.4,1,0.1,1000,200,1,0,10,0,0,NA,NA,0.5964,8.13600208044758,0.313082842915346,11.2292366382222,NA,NA,NA,NA,TRUE,TRUE,FALSE,TRUE,FALSE
4.8,316227.766016838,5.5,0.4,1,0.1,1000,200,1,0,10,0,0,NA,NA,0.5984,8.12239444075034,0.314930555555556,11.1962469446502,NA,NA,NA,NA,TRUE,TRUE,FALSE,TRUE,FALSE
4.9,316227.766016838,5.5,0.4,1,0.1,1000,200,1,0,10,0,0,NA,NA,0.5996,8.11426255707561,0.316701374427322,11.1649014572596,NA,NA,NA,NA,TRUE,TRUE,FALSE,TRUE,FALSE
5,316227.766016838,5.5,0.4,1,0.1,1000,200,1,0,10,0,0,NA,NA,0.6,8.11155735194722,0.3184,11.1350799296103,NA,NA,NA,NA,TRUE,TRUE,FALSE,TRUE,FALSE
1.1,562341.325190349,5.75,0.4,1,0.1,1000,200,1,0,10,0.227,227,91.704845814978,9.0704845814978,-0.00839999999999998,NA,0.00330578512396697,109.280470923757,NA,NA,NA,NA,FALSE,TRUE,TRUE,FALSE,FALSE
1.2,562341.325190349,5.75,0.4,1,0.1,1000,200,1,0,10,0.108,108,53.8611111111111,5.28611111111111,0.0224,41.9812977090678,0.0388888888888889,31.8615647736631,0.125915857764667,1.62305585919103,0.723136287519733,-0.8999195716713,TRUE,TRUE,TRUE,TRUE,TRUE
1.3,562341.325190349,5.75,0.4,1,0.1,1000,200,1,0,10,0.055,55,40.2727272727273,3.92727272727273,0.0524,27.4482224581792,0.0686390532544379,23.9824874596681,0.143079309899081,1.43851422486625,0.594091061656687,-0.844423163209565,TRUE,TRUE,TRUE,TRUE,TRUE
1.4,562341.325190349,5.75,0.4,1,0.1,1000,200,1,0,10,0.038,38,33.8421052631579,3.28421052631579,0.0816,21.9955481247525,0.0938775510204082,20.5068517850345,0.149312511226758,1.34233478898118,0.516430988729595,-0.825903800251589,TRUE,TRUE,TRUE,TRUE,TRUE
1.5,562341.325190349,5.75,0.4,1,0.1,1000,200,1,0,10,0.021,21,33.5714285714286,3.25714285714286,0.11,18.9445165019897,0.115555555555556,18.4835102820163,0.171930640552414,1.277483525779,0.512836806986197,-0.764646718792806,TRUE,TRUE,TRUE,TRUE,TRUE
1.6,562341.325190349,5.75,0.4,1,0.1,1000,200,1,0,10,0.011,11,22.9090909090909,2.19090909090909,0.1376,16.9383324056068,0.134375,17.1403872533621,0.129346209440539,1.22887065140837,0.340624357416643,-0.888246293991725,TRUE,TRUE,TRUE,TRUE,TRUE
1.7,562341.325190349,5.75,0.4,1,0.1,1000,200,1,0,10,0.013,13,24.3846153846154,2.33846153846154,0.1644,15.496333763953,0.150865051903114,16.1765366155095,0.150904179922943,1.1902289617561,0.368930231301917,-0.821298730454182,TRUE,TRUE,TRUE,TRUE,TRUE
1.8,562341.325190349,5.75,0.4,1,0.1,1000,200,1,0,10,0.006,6,19.8333333333333,1.88333333333333,0.1904,14.3994663191032,0.165432098765432,15.4479188231502,0.130791884337741,1.15834639633389,0.274927193099776,-0.883419203234111,TRUE,TRUE,TRUE,TRUE,TRUE
1.9,562341.325190349,5.75,0.4,1,0.1,1000,200,1,0,10,0.003,3,9.33333333333333,0.833333333333333,0.2156,13.5317975014212,0.178393351800554,14.8761495485521,0.0615833434727214,1.13135549010076,-0.0791812460476247,-1.21053673614839,TRUE,TRUE,TRUE,TRUE,TRUE
2,562341.325190349,5.75,0.4,1,0.1,1000,200,1,0,10,0.004,4,14.75,1.375,0.24,12.8254983016186,0.19,14.4146156829134,0.10720831016963,1.10807424750231,0.138302698166281,-0.969771549336031,TRUE,TRUE,TRUE,TRUE,TRUE
2.1,562341.325190349,5.75,0.4,1,0.1,1000,200,1,0,10,0.004,4,10.75,0.975,0.2636,12.2379074755124,0.200453514739229,14.0337272165077,0.0796704830422148,1.08770716539713,-0.0109953843014631,-1.09870254969859,TRUE,TRUE,TRUE,TRUE,TRUE
2.2,562341.325190349,5.75,0.4,1,0.1,1000,200,1,0,10,0.002,2,11.5,1.05,0.2864,11.7406829821234,0.209917355371901,13.7137331738686,0.0894326166202382,1.06969336154021,0.0211892990699381,-1.04850406247027,TRUE,TRUE,TRUE,TRUE,TRUE
2.3,562341.325190349,5.75,0.4,1,0.1,1000,200,1,0,10,0.002,2,12.5,1.15,0.3084,11.3141695770287,0.218525519848771,13.4409135360771,0.101642457466332,1.05362268366866,0.0606978403536117,-0.992924843315044,TRUE,TRUE,TRUE,TRUE,TRUE
2.4,562341.325190349,5.75,0.4,1,0.1,1000,200,1,0,10,0.004,4,8.25,0.725,0.3296,10.9442565960601,0.226388888888889,13.2054229135608,0.0662447918354727,1.03918626684558,-0.139661993429006,-1.17884826027458,TRUE,TRUE,TRUE,TRUE,TRUE
2.5,562341.325190349,5.75,0.4,1,0.1,1000,200,1,0,10,0.002,2,27,2.6,0.35,10.6205215912211,0.2336,13.0000028985043,0.244809068713646,1.02614584618298,0.414973347970818,-0.611172498212159,TRUE,TRUE,TRUE,TRUE,TRUE
2.6,562341.325190349,5.75,0.4,1,0.1,1000,200,1,0,10,0.003,3,9,0.8,0.3696,10.3350810565128,0.240236686390533,12.8191787652401,0.0774062627690634,1.01431388708408,-0.0969100130080564,-1.11122390009214,TRUE,TRUE,TRUE,TRUE,TRUE
2.7,562341.325190349,5.75,0.4,1,0.1,1000,200,1,0,10,0.001,1,6,0.5,0.3884,10.0818506063473,0.24636488340192,12.658739604832,0.0495940695337431,1.00354025774013,-0.301029995663981,-1.30457025340411,TRUE,TRUE,TRUE,TRUE,TRUE
2.8,562341.325190349,5.75,0.4,1,0.1,1000,200,1,0,10,0,0,NA,NA,0.4064,9.85605273937154,0.252040816326531,12.5153912130492,NA,NA,NA,NA,TRUE,TRUE,FALSE,TRUE,FALSE
2.9,562341.325190349,5.75,0.4,1,0.1,1000,200,1,0,10,0,0,NA,NA,0.4236,9.65387992234937,0.25731272294887,12.3865179982288,NA,NA,NA,NA,TRUE,TRUE,FALSE,TRUE,FALSE
3,562341.325190349,5.75,0.4,1,0.1,1000,200,1,0,10,0.001,1,2,0.1,0.44,9.47225825099483,0.262222222222222,12.2700157894864,0.0105571445953237,0.976453530115021,-1,-1.97645353011502,TRUE,TRUE,TRUE,TRUE,TRUE
3.1,562341.325190349,5.75,0.4,1,0.1,1000,200,1,0,10,0.001,1,2,0.1,0.4556,9.30867806292058,0.266805411030177,12.1641719826124,0.0107426639232838,0.968888010654584,-1,-1.96888801065458,TRUE,TRUE,TRUE,TRUE,TRUE
3.2,562341.325190349,5.75,0.4,1,0.1,1000,200,1,0,10,0,0,NA,NA,0.4704,9.16107021544189,0.27109375,12.0675780328131,NA,NA,NA,NA,TRUE,TRUE,FALSE,TRUE,FALSE
3.3,562341.325190349,5.75,0.4,1,0.1,1000,200,1,0,10,0.001,1,11,1,0.4844,9.02771418802613,0.275114784205693,11.9790645107435,0.110770011009691,0.955577801122608,0,-0.955577801122608,TRUE,TRUE,TRUE,TRUE,TRUE
3.4,562341.325190349,5.75,0.4,1,0.1,1000,200,1,0,10,0.001,1,4,0.3,0.4976,8.90716879582451,0.278892733564014,11.8976521901782,0.0336807359192108,0.949739682516734,-0.522878745280338,-1.47261842779707,TRUE,TRUE,TRUE,TRUE,TRUE
3.5,562341.325190349,5.75,0.4,1,0.1,1000,200,1,0,10,0,0,NA,NA,0.51,8.79821924990099,0.282448979591837,11.8225147170592,NA,NA,NA,NA,TRUE,TRUE,FALSE,TRUE,FALSE
3.6,562341.325190349,5.75,0.4,1,0.1,1000,200,1,0,10,0.001,1,5,0.4,0.5216,8.69983622346435,0.285802469135802,11.7529497716489,0.0459778770226914,0.939511076996183,-0.397940008672038,-1.33745108566822,TRUE,TRUE,TRUE,TRUE,TRUE
3.7,562341.325190349,5.75,0.4,1,0.1,1000,200,1,0,10,0.001,1,8,0.7,0.5324,8.61114386454075,0.288970051132213,11.6883565447328,0.0812900133839922,0.935060844956796,-0.154901959985743,-1.08996280494254,TRUE,TRUE,TRUE,TRUE,TRUE
3.8,562341.325190349,5.75,0.4,1,0.1,1000,200,1,0,10,0.001,1,11,1,0.5424,8.53139456498015,0.29196675900277,11.6282179668741,0.117214130982152,0.931020027928612,0,-0.931020027928612,TRUE,TRUE,TRUE,TRUE,TRUE
3.9,562341.325190349,5.75,0.4,1,0.1,1000,200,1,0,10,0,0,NA,NA,0.5516,8.45994889602447,0.294806048652203,11.5720865568714,NA,NA,NA,NA,TRUE,TRUE,FALSE,TRUE,FALSE
4,562341.325190349,5.75,0.4,1,0.1,1000,200,1,0,10,0,0,NA,NA,0.56,8.39625954181357,0.2975,11.5195730552825,NA,NA,NA,NA,TRUE,TRUE,FALSE,TRUE,FALSE
4.1,562341.325190349,5.75,0.4,1,0.1,1000,200,1,0,10,0,0,NA,NA,0.5676,8.33985836203877,0.300059488399762,11.4703372221197,NA,NA,NA,NA,TRUE,TRUE,FALSE,TRUE,FALSE
4.2,562341.325190349,5.75,0.4,1,0.1,1000,200,1,0,10,0,0,NA,NA,0.5744,8.29034593139407,0.30249433106576,11.424080331506,NA,NA,NA,NA,TRUE,TRUE,FALSE,TRUE,FALSE
4.3,562341.325190349,5.75,0.4,1,0.1,1000,200,1,0,10,0,0,NA,NA,0.5804,8.24738306179292,0.30481341265549,11.3805390081707,NA,NA,NA,NA,TRUE,TRUE,FALSE,TRUE,FALSE
4.4,562341.325190349,5.75,0.4,1,0.1,1000,200,1,0,10,0,0,NA,NA,0.5856,8.21068393061953,0.30702479338843,11.339480133316,NA,NA,NA,NA,TRUE,TRUE,FALSE,TRUE,FALSE
4.5,562341.325190349,5.75,0.4,1,0.1,1000,200,1,0,10,0,0,NA,NA,0.59,8.18001052632424,0.309135802469136,11.3006966089689,NA,NA,NA,NA,TRUE,TRUE,FALSE,TRUE,FALSE
4.6,562341.325190349,5.75,0.4,1,0.1,1000,200,1,0,10,0,0,NA,NA,0.5936,8.1551681896458,0.311153119092628,11.2640038162588,NA,NA,NA,NA,TRUE,TRUE,FALSE,TRUE,FALSE
4.7,562341.325190349,5.75,0.4,1,0.1,1000,200,1,0,10,0.002,2,4,0.3,0.5964,8.13600208044758,0.313082842915346,11.2292366382222,0.0368731469133912,0.910411050967637,-0.522878745280338,-1.43328979624797,TRUE,TRUE,TRUE,TRUE,TRUE
4.8,562341.325190349,5.75,0.4,1,0.1,1000,200,1,0,10,0,0,NA,NA,0.5984,8.12239444075034,0.314930555555556,11.1962469446502,NA,NA,NA,NA,TRUE,TRUE,FALSE,TRUE,FALSE
4.9,562341.325190349,5.75,0.4,1,0.1,1000,200,1,0,10,0,0,NA,NA,0.5996,8.11426255707561,0.316701374427322,11.1649014572596,NA,NA,NA,NA,TRUE,TRUE,FALSE,TRUE,FALSE
5,562341.325190349,5.75,0.4,1,0.1,1000,200,1,0,10,0,0,NA,NA,0.6,8.11155735194722,0.3184,11.1350799296103,NA,NA,NA,NA,TRUE,TRUE,FALSE,TRUE,FALSE
1.1,1e+06,6,0.4,1,0.1,1000,200,1,0,10,0.249,249,87.718875502008,8.6718875502008,-0.00839999999999998,NA,0.00330578512396697,109.280470923757,NA,NA,NA,NA,FALSE,TRUE,TRUE,FALSE,FALSE
1.2,1e+06,6,0.4,1,0.1,1000,200,1,0,10,0.112,112,58.7857142857143,5.77857142857143,0.0224,41.9812977090678,0.0388888888888889,31.8615647736631,0.137646326910073,1.62305585919103,0.761820485934034,-0.861235373256999,TRUE,TRUE,TRUE,TRUE,TRUE
1.3,1e+06,6,0.4,1,0.1,1000,200,1,0,10,0.054,54,40.8518518518519,3.98518518518519,0.0524,27.4482224581792,0.0686390532544379,23.9824874596681,0.145189189983327,1.43851422486625,0.600448507171383,-0.838065717694869,TRUE,TRUE,TRUE,TRUE,TRUE
1.4,1e+06,6,0.4,1,0.1,1000,200,1,0,10,0.031,31,31.2903225806452,3.02903225806452,0.0816,21.9955481247525,0.0938775510204082,20.5068517850345,0.137711151405944,1.34233478898118,0.481303898431838,-0.861030890549346,TRUE,TRUE,TRUE,TRUE,TRUE
1.5,1e+06,6,0.4,1,0.1,1000,200,1,0,10,0.02,20,32.8,3.18,0.11,18.9445165019897,0.115555555555556,18.4835102820163,0.167858599065646,1.277483525779,0.502427119984433,-0.77505640579457,TRUE,TRUE,TRUE,TRUE,TRUE
1.6,1e+06,6,0.4,1,0.1,1000,200,1,0,10,0.012,12,29.3333333333333,2.83333333333333,0.1376,16.9383324056068,0.134375,17.1403872533621,0.167273452042744,1.22887065140837,0.45229767099463,-0.776572980413738,TRUE,TRUE,TRUE,TRUE,TRUE
1.7,1e+06,6,0.4,1,0.1,1000,200,1,0,10,0.012,12,15.0833333333333,1.40833333333333,0.1644,15.496333763953,0.150865051903114,16.1765366155095,0.0908817114283735,1.1902289617561,0.148705458566049,-1.04152350319005,TRUE,TRUE,TRUE,TRUE,TRUE
1.8,1e+06,6,0.4,1,0.1,1000,200,1,0,10,0.009,9,27,2.6,0.1904,14.3994663191032,0.165432098765432,15.4479188231502,0.180562247404315,1.15834639633389,0.414973347970818,-0.743373048363069,TRUE,TRUE,TRUE,TRUE,TRUE
1.9,1e+06,6,0.4,1,0.1,1000,200,1,0,10,0.004,4,12.5,1.15,0.2156,13.5317975014212,0.178393351800554,14.8761495485521,0.0849850139923555,1.13135549010076,0.0606978403536117,-1.07065764974715,TRUE,TRUE,TRUE,TRUE,TRUE
2,1e+06,6,0.4,1,0.1,1000,200,1,0,10,0.006,6,11.3333333333333,1.03333333333333,0.24,12.8254983016186,0.19,14.4146156829134,0.0805686694608132,1.10807424750231,0.0142404391146103,-1.0938338083877,TRUE,TRUE,TRUE,TRUE,TRUE
2.1,1e+06,6,0.4,1,0.1,1000,200,1,0,10,0.002,2,14,1.3,0.2636,12.2379074755124,0.200453514739229,14.0337272165077,0.106227310722953,1.08770716539713,0.113943352306837,-0.973763813090292,TRUE,TRUE,TRUE,TRUE,TRUE
2.2,1e+06,6,0.4,1,0.1,1000,200,1,0,10,0.003,3,25.3333333333333,2.43333333333333,0.2864,11.7406829821234,0.209917355371901,13.7137331738686,0.207256540104044,1.06969336154021,0.386201605400794,-0.683491756139412,TRUE,TRUE,TRUE,TRUE,TRUE
2.3,1e+06,6,0.4,1,0.1,1000,200,1,0,10,0.002,2,12,1.1,0.3084,11.3141695770287,0.218525519848771,13.4409135360771,0.0972232201851869,1.05362268366866,0.0413926851582251,-1.01222999851043,TRUE,TRUE,TRUE,TRUE,TRUE
2.4,1e+06,6,0.4,1,0.1,1000,200,1,0,10,0.002,2,18,1.7,0.3296,10.9442565960601,0.226388888888889,13.2054229135608,0.15533261533835,1.03918626684558,0.230448921378274,-0.808737345467302,TRUE,TRUE,TRUE,TRUE,TRUE
2.5,1e+06,6,0.4,1,0.1,1000,200,1,0,10,0,0,NA,NA,0.35,10.6205215912211,0.2336,13.0000028985043,NA,NA,NA,NA,TRUE,TRUE,FALSE,TRUE,FALSE
2.6,1e+06,6,0.4,1,0.1,1000,200,1,0,10,0.003,3,9.33333333333333,0.833333333333333,0.3696,10.3350810565128,0.240236686390533,12.8191787652401,0.0806315237177744,1.01431388708408,-0.0791812460476247,-1.09349513313171,TRUE,TRUE,TRUE,TRUE,TRUE
2.7,1e+06,6,0.4,1,0.1,1000,200,1,0,10,0,0,NA,NA,0.3884,10.0818506063473,0.24636488340192,12.658739604832,NA,NA,NA,NA,TRUE,TRUE,FALSE,TRUE,FALSE
2.8,1e+06,6,0.4,1,0.1,1000,200,1,0,10,0.001,1,5,0.4,0.4064,9.85605273937154,0.252040816326531,12.5153912130492,0.0405841984187176,0.993703018720184,-0.397940008672038,-1.39164302739222,TRUE,TRUE,TRUE,TRUE,TRUE
2.9,1e+06,6,0.4,1,0.1,1000,200,1,0,10,0,0,NA,NA,0.4236,9.65387992234937,0.25731272294887,12.3865179982288,NA,NA,NA,NA,TRUE,TRUE,FALSE,TRUE,FALSE
3,1e+06,6,0.4,1,0.1,1000,200,1,0,10,0,0,NA,NA,0.44,9.47225825099483,0.262222222222222,12.2700157894864,NA,NA,NA,NA,TRUE,TRUE,FALSE,TRUE,FALSE
3.1,1e+06,6,0.4,1,0.1,1000,200,1,0,10,0.001,1,16,1.5,0.4556,9.30867806292058,0.266805411030177,12.1641719826124,0.161139958849257,0.968888010654584,0.176091259055681,-0.792796751598902,TRUE,TRUE,TRUE,TRUE,TRUE
3.2,1e+06,6,0.4,1,0.1,1000,200,1,0,10,0.001,1,12,1.1,0.4704,9.16107021544189,0.27109375,12.0675780328131,0.120073307389986,0.961946211824074,0.0413926851582251,-0.920553526665849,TRUE,TRUE,TRUE,TRUE,TRUE
3.3,1e+06,6,0.4,1,0.1,1000,200,1,0,10,0,0,NA,NA,0.4844,9.02771418802613,0.275114784205693,11.9790645107435,NA,NA,NA,NA,TRUE,TRUE,FALSE,TRUE,FALSE
3.4,1e+06,6,0.4,1,0.1,1000,200,1,0,10,0.001,1,7,0.6,0.4976,8.90716879582451,0.278892733564014,11.8976521901782,0.0673614718384215,0.949739682516734,-0.221848749616356,-1.17158843213309,TRUE,TRUE,TRUE,TRUE,TRUE
3.5,1e+06,6,0.4,1,0.1,1000,200,1,0,10,0,0,NA,NA,0.51,8.79821924990099,0.282448979591837,11.8225147170592,NA,NA,NA,NA,TRUE,TRUE,FALSE,TRUE,FALSE
3.6,1e+06,6,0.4,1,0.1,1000,200,1,0,10,0.001,1,11,1,0.5216,8.69983622346435,0.285802469135802,11.7529497716489,0.114944692556729,0.939511076996183,0,-0.939511076996183,TRUE,TRUE,TRUE,TRUE,TRUE
3.7,1e+06,6,0.4,1,0.1,1000,200,1,0,10,0.001,1,16,1.5,0.5324,8.61114386454075,0.288970051132213,11.6883565447328,0.17419288582284,0.935060844956796,0.176091259055681,-0.758969585901115,TRUE,TRUE,TRUE,TRUE,TRUE
3.8,1e+06,6,0.4,1,0.1,1000,200,1,0,10,0,0,NA,NA,0.5424,8.53139456498015,0.29196675900277,11.6282179668741,NA,NA,NA,NA,TRUE,TRUE,FALSE,TRUE,FALSE
3.9,1e+06,6,0.4,1,0.1,1000,200,1,0,10,0,0,NA,NA,0.5516,8.45994889602447,0.294806048652203,11.5720865568714,NA,NA,NA,NA,TRUE,TRUE,FALSE,TRUE,FALSE
4,1e+06,6,0.4,1,0.1,1000,200,1,0,10,0,0,NA,NA,0.56,8.39625954181357,0.2975,11.5195730552825,NA,NA,NA,NA,TRUE,TRUE,FALSE,TRUE,FALSE
4.1,1e+06,6,0.4,1,0.1,1000,200,1,0,10,0.001,1,4,0.3,0.5676,8.33985836203877,0.300059488399762,11.4703372221197,0.0359718339301223,0.921158674965397,-0.522878745280338,-1.44403742024573,TRUE,TRUE,TRUE,TRUE,TRUE
4.2,1e+06,6,0.4,1,0.1,1000,200,1,0,10,0.001,1,4,0.3,0.5744,8.29034593139407,0.30249433106576,11.424080331506,0.0361866685036572,0.918572652740993,-0.522878745280338,-1.44145139802133,TRUE,TRUE,TRUE,TRUE,TRUE
4.3,1e+06,6,0.4,1,0.1,1000,200,1,0,10,0,0,NA,NA,0.5804,8.24738306179292,0.30481341265549,11.3805390081707,NA,NA,NA,NA,TRUE,TRUE,FALSE,TRUE,FALSE
4.4,1e+06,6,0.4,1,0.1,1000,200,1,0,10,0.001,1,2,0.1,0.5856,8.21068393061953,0.30702479338843,11.339480133316,0.0121792533782815,0.914379334332947,-1,-1.91437933433295,TRUE,TRUE,TRUE,TRUE,TRUE
4.5,1e+06,6,0.4,1,0.1,1000,200,1,0,10,0,0,NA,NA,0.59,8.18001052632424,0.309135802469136,11.3006966089689,NA,NA,NA,NA,TRUE,TRUE,FALSE,TRUE,FALSE
4.6,1e+06,6,0.4,1,0.1,1000,200,1,0,10,0,0,NA,NA,0.5936,8.1551681896458,0.311153119092628,11.2640038162588,NA,NA,NA,NA,TRUE,TRUE,FALSE,TRUE,FALSE
4.7,1e+06,6,0.4,1,0.1,1000,200,1,0,10,0,0,NA,NA,0.5964,8.13600208044758,0.313082842915346,11.2292366382222,NA,NA,NA,NA,TRUE,TRUE,FALSE,TRUE,FALSE
4.8,1e+06,6,0.4,1,0.1,1000,200,1,0,10,0,0,NA,NA,0.5984,8.12239444075034,0.314930555555556,11.1962469446502,NA,NA,NA,NA,TRUE,TRUE,FALSE,TRUE,FALSE
4.9,1e+06,6,0.4,1,0.1,1000,200,1,0,10,0.001,1,1,0,0.5996,8.11426255707561,0.316701374427322,11.1649014572596,NA,NA,NA,NA,TRUE,TRUE,FALSE,TRUE,FALSE
5,1e+06,6,0.4,1,0.1,1000,200,1,0,10,0.001,1,1,0,0.6,8.11155735194722,0.3184,11.1350799296103,NA,NA,NA,NA,TRUE,TRUE,FALSE,TRUE,FALSE
