"step","occupied_patches","global_I","mean_I","mean_N","local_extinctions","recolonizations","beta_t","R0_t","year","day_of_year"
0,200,14545,72.725,1274.595,0,0,0.693369562721056,3.46684781360528,1,0
1,200,15958,79.79,1275.85,0,0,0.69422001037659,3.47110005188295,1,1
2,200,17439,87.195,1276.075,0,0,0.695012906451439,3.47506453225719,1,2
3,200,19064,95.32,1274.835,0,0,0.695748015993383,3.47874007996692,1,3
4,200,20616,103.08,1271.535,0,0,0.6964251211736,3.482125605868,1,4
5,200,22274,111.37,1266.685,0,0,0.697044021351212,3.48522010675606,1,5
6,200,24082,120.41,1260.91,0,0,0.69760453313274,3.4880226656637,1,6
7,200,25956,129.78,1253.21,0,0,0.698106490426445,3.49053245213222,1,7
8,200,27962,139.81,1244.265,0,0,0.698549744491548,3.49274872245774,1,8
9,200,29795,148.975,1232.81,0,0,0.698934163982304,3.49467081991152,1,9
10,200,31848,159.24,1219.05,0,0,0.699259634986922,3.49629817493461,1,10
11,200,33827,169.135,1204.54,0,0,0.699526061061317,3.49763030530659,1,11
12,200,35653,178.265,1187.37,0,0,0.699733363257695,3.49866681628848,1,12
13,200,37399,186.995,1168.8,0,0,0.699881480147941,3.4994074007397,1,13
14,200,39029,195.145,1148.355,0,0,0.699970367841823,3.49985183920912,1,14
15,200,40233,201.165,1125.375,0,0,0.7,3.5,1,15
16,200,41317,206.585,1101.655,0,0,0.699970367841823,3.49985183920912,1,16
17,200,42399,211.995,1077.56,0,0,0.699881480147941,3.4994074007397,1,17
18,200,42983,214.915,1051.845,0,0,0.699733363257695,3.49866681628848,1,18
19,200,43258,216.29,1025.19,0,0,0.699526061061317,3.49763030530659,1,19
20,200,43184,215.92,997.595,0,0,0.699259634986922,3.49629817493461,1,20
21,200,42952,214.76,970.2,0,0,0.698934163982304,3.49467081991152,1,21
22,200,42457,212.285,942.565,0,0,0.698549744491548,3.49274872245774,1,22
23,200,41692,208.46,914.62,0,0,0.698106490426445,3.49053245213222,1,23
24,200,40791,203.955,887.75,0,0,0.69760453313274,3.4880226656637,1,24
25,200,39767,198.835,860.875,0,0,0.697044021351212,3.48522010675606,1,25
26,200,38333,191.665,834.63,0,0,0.6964251211736,3.482125605868,1,26
27,200,37184,185.92,810.71,0,0,0.695748015993383,3.47874007996692,1,27
28,200,35786,178.93,786.875,0,0,0.695012906451439,3.47506453225719,1,28
29,200,34249,171.245,763.525,0,0,0.69422001037659,3.47110005188295,1,29
30,200,32553,162.765,742.05,0,0,0.693369562721056,3.46684781360528,1,30
31,200,31031,155.155,722.85,0,0,0.69246181549083,3.46230907745415,1,31
32,200,29475,147.375,704.225,0,0,0.691497037671008,3.45748518835504,1,32
33,200,27893,139.465,686.615,0,0,0.69047551514608,3.4523775757304,1,33
34,200,26348,131.74,670.42,0,0,0.689397550615215,3.44698775307607,1,34
35,200,24900,124.5,655.64,0,0,0.688263463502569,3.44131731751285,1,35
36,200,23515,117.575,642.34,0,0,0.68707358986263,3.43536794931315,1,36
37,200,22052,110.26,629.77,0,0,0.685828282280635,3.42914141140317,1,37
38,200,20697,103.485,618.505,0,0,0.684527909768098,3.42263954884049,1,38
39,200,19403,97.015,608.71,0,0,0.683172857653457,3.41586428826729,1,39
40,200,18073,90.365,599.59,0,0,0.681763527467901,3.4088176373395,1,40
41,200,16964,84.82,591.79,0,0,0.680300336826377,3.40150168413188,1,41
42,200,15749,78.745,584.63,0,0,0.678783719303851,3.39391859651926,1,42
43,200,14680,73.4,579.215,0,0,0.677214124306828,3.38607062153414,1,43
44,200,13705,68.525,574.3,0,0,0.675592016940178,3.37796008470089,1,44
45,200,12718,63.59,569.3,0,0,0.673917877869322,3.36958938934661,1,45
46,200,11781,58.905,565.94,0,0,0.672192203177799,3.36096101588899,1,46
47,200,10992,54.96,563.545,0,0,0.670415504220262,3.35207752110131,1,47
48,200,10269,51.345,561.9,0,0,0.668588307470957,3.34294153735478,1,48
49,200,9502,47.51,560.705,0,0,0.666711154367714,3.33355577183857,1,49
50,200,8823,44.115,560.27,0,0,0.664784601151511,3.32392300575755,1,50
51,200,8270,41.35,560.61,0,0,0.662809218701644,3.31404609350822,1,51
52,200,7748,38.74,561.685,0,0,0.660785592366564,3.30392796183282,1,52
53,200,7145,35.725,562.785,0,0,0.658714321790429,3.29357160895215,1,53
54,200,6745,33.725,565.305,0,0,0.656596020735413,3.28298010367706,1,54
55,200,6271,31.355,568.075,0,0,0.654431316899833,3.27215658449916,1,55
56,200,5970,29.85,571.76,0,0,0.652220851732155,3.26110425866077,1,56
57,200,5642,28.21,575.38,0,0,0.649965280240914,3.24982640120457,1,57
58,200,5254,26.27,578.785,0,0,0.647665270800621,3.23832635400311,1,58
59,200,4938,24.69,582.875,0,0,0.645321504953713,3.22660752476857,1,59
60,200,4622,23.11,587.545,0,0,0.642934677208592,3.21467338604296,1,60
61,200,4341,21.705,592.295,0,0,0.640505494833831,3.20252747416916,1,61
62,199,4095,20.475,597.22,1,0,0.638034677648594,3.19017338824297,1,62
63,198,3826,19.13,603.005,1,0,0.635522957809338,3.17761478904669,1,63
64,198,3589,17.945,609.085,0,0,0.632971079592857,3.16485539796429,1,64
65,198,3427,17.135,615.145,0,0,0.630379799175742,3.15189899587871,1,65
66,197,3250,16.25,621.705,1,0,0.627749884410305,3.13874942205153,1,66
67,197,3084,15.42,628.39,0,0,0.625082114597049,3.12541057298525,1,67
68,196,2930,14.65,635.76,1,0,0.622377280253745,3.11188640126872,1,68
69,196,2805,14.025,643.225,0,0,0.619636182881183,3.09818091440592,1,69
70,195,2623,13.115,650.3,1,0,0.616859634725674,3.08429817362837,1,70
71,195,2432,12.16,657.87,0,0,0.614048458538357,3.07024229269179,1,71
72,193,2257,11.285,665.42,2,0,0.611203487331409,3.05601743665704,1,72
73,191,2114,10.57,673.535,2,0,0.608325564131196,3.04162782065598,1,73
74,190,2004,10.02,682.085,1,0,0.605415541728474,3.02707770864237,1,74
75,188,1947,9.735,691.155,2,0,0.602474282425685,3.01237141212842,1,75
76,188,1922,9.61,700.49,0,0,0.599502657781436,2.99751328890718,1,76
77,186,1840,9.2,709.195,2,0,0.596501548352244,2.98250774176122,1,77
78,184,1763,8.815,718.28,2,0,0.5934718434316,2.967359217158,1,78
79,182,1679,8.395,727.88,2,0,0.590414440786461,2.9520722039323,1,79
80,180,1603,8.015,737.085,2,0,0.587330246391213,2.93665123195606,1,80
81,179,1592,7.96,746.495,1,0,0.584220174159218,2.92110087079609,1,81
82,176,1511,7.555,756.215,3,0,0.581085145671999,2.90542572836,1,82
83,176,1457,7.285,766.18,0,0,0.577926089906158,2.88963044953079,1,83
84,172,1372,6.86,775.72,4,0,0.574743942958094,2.87371971479047,1,84
85,169,1321,6.605,785.895,3,0,0.571539647766625,2.85769823883313,1,85
86,165,1293,6.465,796.72,4,0,0.568314153833571,2.84157076916786,1,86
87,160,1254,6.27,806.815,5,0,0.565068416942396,2.82534208471198,1,87
88,157,1193,5.965,817.485,4,1,0.56180339887499,2.80901699437495,1,88
89,154,1162,5.81,828.08,3,0,0.55852006712667,2.79260033563335,1,89
90,152,1131,5.655,838.765,2,0,0.555219394619494,2.77609697309747,1,90
91,150,1106,5.53,850.065,2,0,0.55190235941396,2.7595117970698,1,91
92,148,1040,5.2,861.055,2,0,0.548569944419187,2.74284972209594,1,92
93,148,1010,5.05,872.27,0,0,0.545223137101658,2.72611568550829,1,93
94,145,997,4.985,883.585,3,0,0.54186292919261,2.70931464596305,1,94
95,141,972,4.86,895.19,4,0,0.538490316394166,2.69245158197083,1,95
96,139,964,4.82,907.51,2,0,0.535106298084286,2.67553149042143,1,96
97,136,938,4.69,919.33,3,0,0.531711877020627,2.65855938510313,1,97
98,128,910,4.55,931.325,8,0,0.528308059043409,2.64154029521704,1,98
99,127,890,4.45,943.635,1,0,0.524895852777358,2.62447926388679,1,99
100,126,907,4.535,955.855,1,0,0.521476269332833,2.60738134666416,1,100
101,125,876,4.38,967.69,1,0,0.518050322006208,2.59025161003104,1,101
102,122,856,4.28,980.015,3,0,0.514619025979616,2.57309512989808,1,102
103,120,851,4.255,992.32,2,0,0.511183398020121,2.5559169901006,1,103
104,118,820,4.1,1004.695,2,0,0.507744456178435,2.53872228089217,1,104
105,116,800,4,1017.695,2,0,0.504303219487244,2.52151609743622,1,105
106,110,797,3.985,1030.46,6,0,0.500860707659249,2.50430353829624,1,106
107,109,779,3.895,1043.175,1,0,0.497417940784998,2.48708970392499,1,107
108,105,756,3.78,1055.785,4,0,0.493975939030618,2.46987969515309,1,108
109,103,776,3.88,1068.59,2,0,0.490535722335514,2.45267861167757,1,109
110,101,782,3.91,1081.49,2,0,0.487098310110137,2.43549155055068,1,110
111,101,764,3.82,1094.785,0,0,0.483664720933915,2.41832360466958,1,111
112,99,757,3.785,1108.135,2,0,0.480235972253426,2.40117986126713,1,112
113,95,757,3.785,1121.29,4,0,0.4768130800809,2.3840654004045,1,113
114,94,759,3.795,1134.81,1,0,0.473397058693161,2.3669852934658,1,114
115,92,754,3.77,1148.08,2,0,0.469988920331069,2.34994460165535,1,115
116,90,742,3.71,1161.56,2,0,0.466589674899576,2.33294837449788,1,116
117,90,725,3.625,1174.915,0,0,0.463200329668464,2.31600164834232,1,117
118,89,729,3.645,1188.205,1,0,0.459821888973873,2.29910944486936,1,118
119,87,747,3.735,1201.97,2,0,0.456455353920694,2.28227676960347,1,119
120,86,751,3.755,1215.11,1,0,0.453101722085918,2.26550861042959,1,120
121,86,739,3.695,1229.145,0,0,0.449761987223036,2.24880993611518,1,121
122,84,737,3.685,1242.855,2,0,0.446437138967565,2.23218569483783,1,122
123,83,727,3.635,1256.39,1,0,0.443128162543799,2.215640812719,1,123
124,82,732,3.66,1270.425,1,0,0.439836038472867,2.19918019236433,1,124
125,81,719,3.595,1284.03,1,0,0.436561742282179,2.18280871141089,1,125
126,80,754,3.77,1298.025,1,0,0.433306244216363,2.16653122108181,1,126
127,79,740,3.7,1312.19,1,0,0.430070508949754,2.15035254474877,1,127
128,78,751,3.755,1326.67,1,0,0.426855495300546,2.13427747650273,1,128
129,77,764,3.82,1341.35,1,0,0.423662155946668,2.11831077973334,1,129
130,76,778,3.89,1356.17,1,0,0.420491437143489,2.10245718571744,1,130
131,75,785,3.925,1370.07,1,0,0.417344278443419,2.0867213922171,1,131
132,73,769,3.845,1384.065,2,0,0.414221612417503,2.07110806208752,1,132
133,73,771,3.855,1398.085,0,0,0.411124364379077,2.05562182189539,1,133
134,73,738,3.69,1411.65,0,0,0.408053452109579,2.0402672605479,1,134
135,73,752,3.76,1425.55,0,0,0.40500978558659,2.02504892793295,1,135
136,73,755,3.775,1439.525,0,0,0.401994266714188,2.00997133357094,1,136
137,73,751,3.755,1453.85,0,0,0.399007789055696,1.99503894527848,1,137
138,71,756,3.78,1468.015,2,0,0.396051237568897,1.98025618784448,1,138
139,68,740,3.7,1482.235,3,0,0.393125488343804,1.96562744171902,1,139
140,66,764,3.82,1496.785,2,0,0.390231408343056,1.95115704171528,1,140
141,64,778,3.89,1510.925,2,0,0.387369855145016,1.93684927572508,1,141
142,64,787,3.935,1525.25,0,0,0.384541676689655,1.92270838344827,1,142
143,63,803,4.015,1539.56,2,1,0.381747711027284,1.90873855513642,1,143
144,62,837,4.185,1553.88,1,0,0.37898878607023,1.89494393035115,1,144
145,58,824,4.12,1567.91,4,0,0.376265719347499,1.8813285967375,1,145
146,59,862,4.31,1582.205,0,1,0.37357931776253,1.86789658881265,1,146
147,59,854,4.27,1596.525,1,1,0.37093037735409,1.85465188677045,1,147
148,58,891,4.455,1610.465,1,0,0.36831968306039,1.84159841530195,1,148
149,57,910,4.55,1624.5,1,0,0.365748008486494,1.82874004243247,1,149
150,57,898,4.49,1638.3,0,0,0.363216115675078,1.81608057837539,1,150
151,57,943,4.715,1652.13,0,0,0.360724754880626,1.80362377440313,1,151
152,57,937,4.685,1666.305,0,0,0.358274664347108,1.79137332173554,1,152
153,57,967,4.835,1680.21,0,0,0.355866570089228,1.77933285044614,1,153
154,58,981,4.905,1694.14,0,1,0.353501185677284,1.76750592838642,1,154
155,59,1000,5,1708.355,0,1,0.351179212025728,1.75589606012864,1,155
156,59,1011,5.055,1721.89,0,0,0.348901337185464,1.74450668592732,1,156
157,59,1029,5.145,1736.065,0,0,0.346668236139968,1.73334118069984,1,157
158,59,1045,5.225,1749.95,0,0,0.344480570605275,1.72240285302637,1,158
159,59,1055,5.275,1763.54,0,0,0.342338988833895,1.71169494416947,1,159
160,59,1075,5.375,1777.16,0,0,0.340244125422727,1.70122062711363,1,160
161,59,1110,5.55,1790.7,0,0,0.33819660112501,1.69098300562505,1,161
162,59,1137,5.685,1803.785,0,0,0.336197022666384,1.68098511333192,1,162
163,58,1161,5.805,1817.425,1,0,0.334245982565099,1.6712299128255,1,163
164,58,1186,5.93,1830.97,0,0,0.332344058956445,1.66172029478223,1,164
165,58,1205,6.025,1844.245,0,0,0.330491815421434,1.65245907710717,1,165
166,59,1233,6.165,1857.395,0,1,0.328689800819799,1.643449004099,1,166
167,59,1268,6.34,1870.795,0,0,0.326938549127359,1.63469274563679,1,167
168,58,1302,6.51,1883.74,1,0,0.325238579277784,1.62619289638892,1,168
169,59,1333,6.665,1896.97,0,1,0.323590395008829,1.61795197504415,1,169
170,59,1345,6.725,1909.44,1,1,0.321994484713065,1.60997242356532,1,170
171,58,1395,6.975,1922.29,1,0,0.320451321293153,1.60225660646577,1,171
172,58,1411,7.055,1935.195,0,0,0.318961362021721,1.5948068101086,1,172
173,57,1437,7.185,1947.42,1,0,0.317525048405854,1.58762524202927,1,173
174,57,1484,7.42,1960.195,0,0,0.316142806056278,1.58071403028139,1,174
175,57,1517,7.585,1973.075,0,0,0.31481504456123,1.57407522280615,1,175
176,57,1556,7.78,1985.205,0,0,0.313542157365097,1.56771078682549,1,176
177,56,1599,7.995,1997.18,1,0,0.312324521651827,1.56162260825914,1,177
178,56,1620,8.1,2009.06,0,0,0.31116249823316,1.5558124911658,1,178
179,56,1632,8.16,2020.41,0,0,0.310056431441714,1.55028215720857,1,179
180,57,1656,8.28,2032.69,0,1,0.309006649028949,1.54503324514474,1,180
181,57,1625,8.125,2044.25,0,0,0.308013462068051,1.54006731034026,1,181
182,57,1610,8.05,2055.86,0,0,0.307077164861751,1.53538582430876,1,182
183,56,1614,8.07,2067.36,1,0,0.306198034855119,1.53099017427559,1,183
184,56,1623,8.115,2078.44,0,0,0.305376332553348,1.52688166276674,1,184
185,56,1651,8.255,2089.58,0,0,0.304612301444564,1.52306150722282,1,185
186,56,1683,8.415,2100.95,0,0,0.303906167927674,1.51953083963837,1,186
187,56,1705,8.525,2112.145,0,0,0.303258141245278,1.51629070622639,1,187
188,56,1736,8.68,2123.05,0,0,0.302668413421669,1.51334206710834,1,188
189,56,1773,8.865,2133.945,0,0,0.302137159205927,1.51068579602963,1,189
190,56,1815,9.075,2145.25,1,1,0.301664536020142,1.50832268010071,1,190
191,55,1848,9.24,2155.6,1,0,0.301250683912764,1.50625341956382,1,191
192,55,1896,9.48,2165.82,0,0,0.300895725517105,1.50447862758552,1,192
193,55,1915,9.575,2176.18,0,0,0.300599766014997,1.50299883007498,1,193
194,54,1954,9.77,2186.1,1,0,0.300362893105628,1.50181446552814,1,194
195,53,1953,9.765,2195.785,1,0,0.300185176979554,1.50092588489777,1,195
196,53,1975,9.875,2205.425,0,0,0.300066670297898,1.50033335148949,1,196
197,53,1949,9.745,2214.975,0,0,0.300007408176747,1.50003704088373,1,197
198,53,1981,9.905,2225.01,0,0,0.300007408176747,1.50003704088373,1,198
199,53,2027,10.135,2234.325,0,0,0.300066670297898,1.50033335148949,1,199
200,53,2039,10.195,2243.455,0,0,0.300185176979554,1.50092588489777,1,200
201,53,2078,10.39,2253.005,0,0,0.300362893105628,1.50181446552814,1,201
202,53,2111,10.555,2262.105,0,0,0.300599766014997,1.50299883007498,1,202
203,53,2163,10.815,2271.35,0,0,0.300895725517105,1.50447862758552,1,203
204,53,2220,11.1,2280.005,0,0,0.301250683912764,1.50625341956382,1,204
205,53,2261,11.305,2289.155,0,0,0.301664536020142,1.50832268010071,1,205
206,53,2327,11.635,2297.5,0,0,0.302137159205927,1.51068579602963,1,206
207,53,2374,11.87,2306.075,0,0,0.302668413421669,1.51334206710834,1,207
208,53,2419,12.095,2314.96,0,0,0.303258141245278,1.51629070622639,1,208
209,53,2451,12.255,2323.07,0,0,0.303906167927674,1.51953083963837,1,209
210,53,2565,12.825,2331.615,0,0,0.304612301444564,1.52306150722282,1,210
211,52,2638,13.19,2339.43,1,0,0.305376332553348,1.52688166276674,1,211
212,52,2685,13.425,2347.525,0,0,0.306198034855119,1.53099017427559,1,212
213,52,2737,13.685,2355.39,0,0,0.307077164861751,1.53538582430876,1,213
214,52,2805,14.025,2362.835,0,0,0.308013462068051,1.54006731034026,1,214
215,52,2878,14.39,2370.4,0,0,0.309006649028949,1.54503324514474,1,215
216,52,2965,14.825,2378.025,0,0,0.310056431441714,1.55028215720857,1,216
217,52,3130,15.65,2385.335,0,0,0.31116249823316,1.5558124911658,1,217
218,53,3279,16.395,2391.84,0,1,0.312324521651827,1.56162260825914,1,218
219,53,3368,16.84,2398.295,0,0,0.313542157365097,1.56771078682549,1,219
220,53,3537,17.685,2405.025,0,0,0.31481504456123,1.57407522280615,1,220
221,55,3707,18.535,2411.26,0,2,0.316142806056278,1.58071403028139,1,221
222,55,3875,19.375,2417.335,1,1,0.317525048405854,1.58762524202927,1,222
223,56,4031,20.155,2423.335,0,1,0.31896136202172,1.5948068101086,1,223
224,55,4157,20.785,2428.79,1,0,0.320451321293153,1.60225660646577,1,224
225,55,4307,21.535,2434.215,0,0,0.321994484713065,1.60997242356532,1,225
226,55,4438,22.19,2439.12,0,0,0.323590395008829,1.61795197504415,1,226
227,55,4534,22.67,2443.98,0,0,0.325238579277784,1.62619289638892,1,227
228,56,4687,23.435,2448.895,0,1,0.326938549127359,1.63469274563679,1,228
229,57,4857,24.285,2453.235,0,1,0.328689800819799,1.643449004099,1,229
230,58,5027,25.135,2457.42,0,1,0.330491815421434,1.65245907710717,1,230
231,59,5191,25.955,2461.58,0,1,0.332344058956445,1.66172029478223,1,231
232,58,5425,27.125,2465.22,1,0,0.334245982565099,1.6712299128255,1,232
233,57,5582,27.91,2468.76,1,0,0.336197022666384,1.68098511333192,1,233
234,57,5753,28.765,2472.075,0,0,0.338196601125011,1.69098300562505,1,234
235,57,5923,29.615,2475.205,0,0,0.340244125422727,1.70122062711363,1,235
236,56,6087,30.435,2477.85,1,0,0.342338988833895,1.71169494416947,1,236
237,56,6399,31.995,2481.145,0,0,0.344480570605275,1.72240285302637,1,237
238,56,6521,32.605,2483.41,0,0,0.346668236139968,1.73334118069984,1,238
239,57,6740,33.7,2485.705,0,1,0.348901337185464,1.74450668592732,1,239
240,58,6901,34.505,2487.555,0,1,0.351179212025728,1.75589606012864,1,240
241,58,7117,35.585,2489.495,0,0,0.353501185677284,1.76750592838642,1,241
242,57,7413,37.065,2491.685,2,1,0.355866570089228,1.77933285044614,1,242
243,58,7660,38.3,2493.265,0,1,0.358274664347108,1.79137332173554,1,243
244,59,7934,39.67,2494.365,0,1,0.360724754880625,1.80362377440313,1,244
245,60,8224,41.12,2495.17,0,1,0.363216115675078,1.81608057837539,1,245
246,60,8551,42.755,2495.76,0,0,0.365748008486494,1.82874004243247,1,246
247,61,8802,44.01,2495.82,0,1,0.36831968306039,1.84159841530195,1,247
248,61,9027,45.135,2495,0,0,0.37093037735409,1.85465188677045,1,248
249,61,9236,46.18,2494.815,0,0,0.37357931776253,1.86789658881265,1,249
250,60,9584,47.92,2494.245,1,0,0.376265719347499,1.8813285967375,1,250
251,60,9826,49.13,2494.08,0,0,0.37898878607023,1.89494393035115,1,251
252,60,10126,50.63,2492.54,0,0,0.381747711027284,1.90873855513642,1,252
253,60,10502,52.51,2490.865,0,0,0.384541676689654,1.92270838344827,1,253
254,62,10771,53.855,2488.975,0,2,0.387369855145016,1.93684927572508,1,254
255,63,11085,55.425,2486.745,0,1,0.390231408343056,1.95115704171528,1,255
256,64,11393,56.965,2484.16,0,1,0.393125488343804,1.96562744171902,1,256
257,64,11708,58.54,2481.36,1,1,0.396051237568897,1.98025618784448,1,257
258,64,11886,59.43,2477.94,0,0,0.399007789055696,1.99503894527848,1,258
259,64,12088,60.44,2474.14,0,0,0.401994266714188,2.00997133357094,1,259
260,64,12353,61.765,2470.685,1,1,0.40500978558659,2.02504892793295,1,260
261,67,12656,63.28,2466.595,0,3,0.408053452109579,2.0402672605479,1,261
262,67,12833,64.165,2462.77,1,1,0.411124364379077,2.05562182189539,1,262
263,69,12958,64.79,2458.375,0,2,0.414221612417503,2.07110806208752,1,263
264,68,13113,65.565,2453.39,1,0,0.417344278443419,2.0867213922171,1,264
265,69,13307,66.535,2448.36,0,1,0.420491437143489,2.10245718571744,1,265
266,70,13382,66.91,2443.69,0,1,0.423662155946668,2.11831077973334,1,266
267,69,13489,67.445,2438.585,1,0,0.426855495300546,2.13427747650273,1,267
268,70,13532,67.66,2433.24,0,1,0.430070508949754,2.15035254474877,1,268
269,72,13555,67.775,2427.45,0,2,0.433306244216363,2.16653122108181,1,269
270,72,13571,67.855,2421.5,0,0,0.436561742282179,2.18280871141089,1,270
271,72,13603,68.015,2415.74,0,0,0.439836038472866,2.19918019236433,1,271
272,72,13759,68.795,2410.565,0,0,0.443128162543799,2.215640812719,1,272
273,73,13825,69.125,2404.36,0,1,0.446437138967565,2.23218569483782,1,273
274,73,14017,70.085,2398.78,0,0,0.449761987223036,2.24880993611518,1,274
275,72,14123,70.615,2392.52,1,0,0.453101722085918,2.26550861042959,1,275
276,72,14212,71.06,2386.52,0,0,0.456455353920694,2.28227676960347,1,276
277,74,14321,71.605,2380.315,0,2,0.459821888973873,2.29910944486936,1,277
278,75,14375,71.875,2373.575,0,1,0.463200329668464,2.31600164834232,1,278
279,76,14522,72.61,2366.92,0,1,0.466589674899576,2.33294837449788,1,279
280,79,14732,73.66,2360.445,0,3,0.469988920331069,2.34994460165535,1,280
281,76,14885,74.425,2353.27,3,0,0.473397058693161,2.3669852934658,1,281
282,76,15127,75.635,2346.15,0,0,0.4768130800809,2.3840654004045,1,282
283,76,15334,76.67,2338.68,0,0,0.480235972253426,2.40117986126713,1,283
284,75,15448,77.24,2330.675,1,0,0.483664720933915,2.41832360466958,1,284
285,75,15540,77.7,2322.94,0,0,0.487098310110137,2.43549155055068,1,285
286,75,15685,78.425,2315.615,0,0,0.490535722335514,2.45267861167757,1,286
287,76,15751,78.755,2307.41,0,1,0.493975939030618,2.46987969515309,1,287
288,78,15820,79.1,2299.67,0,2,0.497417940784998,2.48708970392499,1,288
289,78,15863,79.315,2291.68,0,0,0.500860707659249,2.50430353829624,1,289
290,80,15902,79.51,2283.88,0,2,0.504303219487244,2.52151609743622,1,290
291,80,15790,78.95,2275.48,0,0,0.507744456178435,2.53872228089217,1,291
292,81,15632,78.16,2267.23,0,1,0.511183398020121,2.5559169901006,1,292
293,81,15471,77.355,2258.985,1,1,0.514619025979616,2.57309512989808,1,293
294,82,15356,76.78,2251.215,1,2,0.518050322006208,2.59025161003104,1,294
295,82,15297,76.485,2243.595,1,1,0.521476269332833,2.60738134666416,1,295
296,81,15030,75.15,2235.17,1,0,0.524895852777358,2.62447926388679,1,296
297,81,14749,73.745,2227.01,0,0,0.528308059043409,2.64154029521704,1,297
298,81,14676,73.38,2219.425,1,1,0.531711877020627,2.65855938510313,1,298
299,81,14570,72.85,2211.39,0,0,0.535106298084286,2.67553149042143,1,299
300,81,14395,71.975,2203.36,0,0,0.538490316394166,2.69245158197083,1,300
301,81,14182,70.91,2196.18,0,0,0.54186292919261,2.70931464596305,1,301
302,82,14082,70.41,2189.475,0,1,0.545223137101658,2.72611568550829,1,302
303,83,13938,69.69,2182.345,0,1,0.548569944419187,2.74284972209594,1,303
304,84,13825,69.125,2175.34,0,1,0.55190235941396,2.7595117970698,1,304
305,84,13577,67.885,2168.335,1,1,0.555219394619494,2.77609697309747,1,305
306,85,13360,66.8,2161.255,0,1,0.55852006712667,2.79260033563335,1,306
307,86,13006,65.03,2154.315,0,1,0.561803398874989,2.80901699437495,1,307
308,88,12842,64.21,2148.355,0,2,0.565068416942396,2.82534208471198,1,308
309,89,12758,63.79,2142.325,0,1,0.568314153833571,2.84157076916786,1,309
310,89,12504,62.52,2136.165,1,1,0.571539647766625,2.85769823883313,1,310
311,88,12074,60.37,2129.84,1,0,0.574743942958094,2.87371971479047,1,311
312,87,11679,58.395,2124.395,1,0,0.577926089906158,2.88963044953079,1,312
313,88,11367,56.835,2119.05,0,1,0.581085145671999,2.90542572836,1,313
314,88,11184,55.92,2113.97,1,1,0.584220174159218,2.92110087079609,1,314
315,88,10902,54.51,2109.215,0,0,0.587330246391213,2.93665123195606,1,315
316,89,10645,53.225,2104.18,0,1,0.590414440786461,2.9520722039323,1,316
317,89,10486,52.43,2099.795,0,0,0.5934718434316,2.967359217158,1,317
318,89,10331,51.655,2095.26,0,0,0.596501548352244,2.98250774176122,1,318
319,90,10181,50.905,2091.225,0,1,0.599502657781436,2.99751328890718,1,319
320,90,10076,50.38,2086.915,0,0,0.602474282425685,3.01237141212842,1,320
321,90,10129,50.645,2083.155,0,0,0.605415541728474,3.02707770864237,1,321
322,90,10240,51.2,2079.335,0,0,0.608325564131196,3.04162782065598,1,322
323,90,10304,51.52,2074.925,0,0,0.611203487331409,3.05601743665704,1,323
324,90,10468,52.34,2070.73,0,0,0.614048458538357,3.07024229269179,1,324
325,90,10668,53.34,2066.555,0,0,0.616859634725674,3.08429817362837,1,325
326,90,10838,54.19,2062.4,0,0,0.619636182881183,3.09818091440592,1,326
327,90,11037,55.185,2057.885,0,0,0.622377280253745,3.11188640126872,1,327
328,91,11368,56.84,2053.035,0,1,0.625082114597049,3.12541057298525,1,328
329,92,11661,58.305,2047.63,0,1,0.627749884410305,3.13874942205153,1,329
330,91,11977,59.885,2042.625,1,0,0.630379799175742,3.15189899587871,1,330
331,91,12262,61.31,2037.065,0,0,0.632971079592857,3.16485539796429,1,331
332,91,12472,62.36,2031.31,0,0,0.635522957809338,3.17761478904669,1,332
333,92,12408,62.04,2024.88,0,1,0.638034677648594,3.19017338824297,1,333
334,92,12439,62.195,2019.105,0,0,0.640505494833831,3.20252747416916,1,334
335,92,12351,61.755,2012.685,0,0,0.642934677208592,3.21467338604296,1,335
336,93,12107,60.535,2006.545,0,1,0.645321504953713,3.22660752476856,1,336
337,94,11652,58.26,2000.815,0,1,0.647665270800621,3.23832635400311,1,337
338,94,11107,55.535,1994.955,0,0,0.649965280240914,3.24982640120457,1,338
339,95,10539,52.695,1989.515,0,1,0.652220851732155,3.26110425866077,1,339
340,95,9977,49.885,1984.92,0,0,0.654431316899833,3.27215658449916,1,340
341,95,9457,47.285,1980.895,0,0,0.656596020735412,3.28298010367706,1,341
342,95,9016,45.08,1977.695,0,0,0.658714321790429,3.29357160895215,1,342
343,96,8475,42.375,1974.445,0,1,0.660785592366564,3.30392796183282,1,343
344,96,8000,40,1971.77,0,0,0.662809218701644,3.31404609350822,1,344
345,96,7526,37.63,1969.41,1,1,0.664784601151511,3.32392300575755,1,345
346,95,7122,35.61,1967.25,1,0,0.666711154367714,3.33355577183857,1,346
347,96,6881,34.405,1965.875,0,1,0.668588307470957,3.34294153735478,1,347
348,96,6669,33.345,1964.64,0,0,0.670415504220262,3.35207752110131,1,348
349,96,6612,33.06,1963.545,0,0,0.672192203177799,3.36096101588899,1,349
350,97,6688,33.44,1962.83,0,1,0.673917877869322,3.36958938934661,1,350
351,96,6894,34.47,1961.55,1,0,0.675592016940178,3.37796008470089,1,351
352,95,7239,36.195,1960.175,1,0,0.677214124306828,3.38607062153414,1,352
353,95,7629,38.145,1958.74,0,0,0.678783719303851,3.39391859651926,1,353
354,91,8153,40.765,1957.045,4,0,0.680300336826377,3.40150168413188,1,354
355,91,8729,43.645,1954.975,0,0,0.681763527467901,3.4088176373395,1,355
356,92,9211,46.055,1952.085,0,1,0.683172857653457,3.41586428826729,1,356
357,91,9584,47.92,1948.685,1,0,0.684527909768098,3.42263954884049,1,357
358,92,9861,49.305,1945.565,0,1,0.685828282280635,3.42914141140317,1,358
359,91,10072,50.36,1941.765,1,0,0.68707358986263,3.43536794931315,1,359
360,90,10104,50.52,1938.2,1,0,0.688263463502569,3.44131731751285,1,360
361,91,9934,49.67,1934.545,0,1,0.689397550615215,3.44698775307607,1,361
362,88,9813,49.065,1930.835,3,0,0.69047551514608,3.4523775757304,1,362
363,85,9682,48.41,1927.085,3,0,0.691497037671008,3.45748518835504,1,363
364,83,9628,48.14,1923.495,2,0,0.69246181549083,3.46230907745415,1,364
365,85,9576,47.88,1919.665,0,2,0.693369562721055,3.46684781360528,2,0
366,87,9538,47.69,1916.065,0,2,0.69422001037659,3.47110005188295,2,1
367,86,9663,48.315,1913.21,1,0,0.695012906451439,3.47506453225719,2,2
368,86,9766,48.83,1909.485,0,0,0.695748015993383,3.47874007996692,2,3
369,87,9824,49.12,1906.23,0,1,0.6964251211736,3.482125605868,2,4
370,85,9817,49.085,1902.585,2,0,0.697044021351212,3.48522010675606,2,5
371,84,9796,48.98,1899.14,1,0,0.69760453313274,3.4880226656637,2,6
372,85,9702,48.51,1895.405,0,1,0.698106490426445,3.49053245213222,2,7
373,83,9594,47.97,1891.81,2,0,0.698549744491548,3.49274872245774,2,8
374,82,9401,47.005,1887.765,2,1,0.698934163982304,3.49467081991152,2,9
375,82,9345,46.725,1884.115,0,0,0.699259634986922,3.49629817493461,2,10
376,81,9246,46.23,1880.81,1,0,0.699526061061317,3.49763030530659,2,11
377,80,9263,46.315,1877.67,1,0,0.699733363257695,3.49866681628848,2,12
378,80,9277,46.385,1874.395,0,0,0.699881480147941,3.4994074007397,2,13
379,80,9328,46.64,1871.28,0,0,0.699970367841823,3.49985183920912,2,14
380,77,9400,47,1867.77,3,0,0.7,3.5,2,15
381,78,9466,47.33,1864.56,0,1,0.699970367841823,3.49985183920912,2,16
382,78,9509,47.545,1860.805,1,1,0.699881480147941,3.4994074007397,2,17
383,79,9676,48.38,1857.185,1,2,0.699733363257695,3.49866681628848,2,18
384,80,9674,48.37,1853.495,0,1,0.699526061061317,3.49763030530659,2,19
385,79,9700,48.5,1850.145,1,0,0.699259634986922,3.49629817493461,2,20
386,79,9807,49.035,1846.85,0,0,0.698934163982304,3.49467081991152,2,21
387,78,9776,48.88,1843.255,1,0,0.698549744491548,3.49274872245774,2,22
388,79,9767,48.835,1839.7,0,1,0.698106490426445,3.49053245213222,2,23
389,78,9806,49.03,1836.38,1,0,0.69760453313274,3.4880226656637,2,24
390,77,9847,49.235,1833.155,1,0,0.697044021351212,3.48522010675606,2,25
391,77,9882,49.41,1829.65,1,1,0.6964251211736,3.482125605868,2,26
392,77,9876,49.38,1826.285,0,0,0.695748015993383,3.47874007996692,2,27
393,77,9783,48.915,1823.055,0,0,0.695012906451439,3.47506453225719,2,28
394,77,9768,48.84,1819.75,1,1,0.69422001037659,3.47110005188295,2,29
395,76,9739,48.695,1815.875,1,0,0.693369562721056,3.46684781360528,2,30
396,77,9743,48.715,1812.525,0,1,0.69246181549083,3.46230907745415,2,31
397,78,9876,49.38,1809.43,0,1,0.691497037671008,3.45748518835504,2,32
398,77,9943,49.715,1805.41,1,0,0.69047551514608,3.4523775757304,2,33
399,75,10131,50.655,1801.56,2,0,0.689397550615215,3.44698775307608,2,34
400,77,10369,51.845,1797.98,0,2,0.688263463502569,3.44131731751285,2,35
401,76,10547,52.735,1794.28,1,0,0.68707358986263,3.43536794931315,2,36
402,75,10599,52.995,1790.005,1,0,0.685828282280635,3.42914141140317,2,37
403,76,10448,52.24,1786.03,0,1,0.684527909768098,3.42263954884049,2,38
404,75,10177,50.885,1782.13,1,0,0.683172857653457,3.41586428826729,2,39
405,74,9900,49.5,1778.87,1,0,0.681763527467901,3.4088176373395,2,40
406,74,9641,48.205,1775.125,0,0,0.680300336826377,3.40150168413188,2,41
407,73,9272,46.36,1771.73,1,0,0.678783719303852,3.39391859651926,2,42
408,72,9022,45.11,1768.785,1,0,0.677214124306828,3.38607062153414,2,43
409,72,8763,43.815,1766.045,0,0,0.675592016940178,3.37796008470089,2,44
410,73,8652,43.26,1763.72,0,1,0.673917877869322,3.36958938934661,2,45
411,75,8438,42.19,1761.27,1,3,0.672192203177799,3.36096101588899,2,46
412,75,8492,42.46,1759.13,1,1,0.670415504220262,3.35207752110131,2,47
413,74,8515,42.575,1757.05,1,0,0.668588307470957,3.34294153735478,2,48
414,75,8566,42.83,1754.97,0,1,0.666711154367714,3.33355577183857,2,49
415,74,8672,43.36,1752.805,1,0,0.664784601151511,3.32392300575755,2,50
416,74,8762,43.81,1750.39,0,0,0.662809218701644,3.31404609350822,2,51
417,74,8843,44.215,1748.285,0,0,0.660785592366564,3.30392796183282,2,52
418,74,8830,44.15,1746.3,0,0,0.65871432179043,3.29357160895215,2,53
419,72,8705,43.525,1744.215,2,0,0.656596020735413,3.28298010367706,2,54
420,72,8365,41.825,1741.765,0,0,0.654431316899833,3.27215658449916,2,55
421,70,7920,39.6,1739.755,2,0,0.652220851732155,3.26110425866077,2,56
422,70,7405,37.025,1738.125,0,0,0.649965280240914,3.24982640120457,2,57
423,70,6914,34.57,1737.68,0,0,0.647665270800621,3.23832635400311,2,58
424,71,6473,32.365,1737.315,0,1,0.645321504953713,3.22660752476857,2,59
425,70,5975,29.875,1736.585,1,0,0.642934677208592,3.21467338604296,2,60
426,70,5580,27.9,1736.425,0,0,0.640505494833831,3.20252747416916,2,61
427,70,5387,26.935,1736.98,0,0,0.638034677648594,3.19017338824297,2,62
428,70,5261,26.305,1737.985,0,0,0.635522957809338,3.17761478904669,2,63
429,70,5166,25.83,1738.835,0,0,0.632971079592857,3.16485539796429,2,64
430,70,5160,25.8,1739.97,0,0,0.630379799175743,3.15189899587871,2,65
431,70,5242,26.21,1741.095,0,0,0.627749884410305,3.13874942205153,2,66
432,70,5332,26.66,1742.335,0,0,0.625082114597049,3.12541057298525,2,67
433,69,5453,27.265,1743.58,1,0,0.622377280253745,3.11188640126872,2,68
434,69,5503,27.515,1744.65,0,0,0.619636182881183,3.09818091440592,2,69
435,70,5467,27.335,1745.395,0,1,0.616859634725674,3.08429817362837,2,70
436,70,5328,26.64,1746.29,0,0,0.614048458538358,3.07024229269179,2,71
437,70,5204,26.02,1747.83,0,0,0.611203487331409,3.05601743665704,2,72
438,70,5000,25,1749.5,0,0,0.608325564131196,3.04162782065598,2,73
439,70,4730,23.65,1750.755,0,0,0.605415541728474,3.02707770864237,2,74
440,70,4455,22.275,1752.425,0,0,0.602474282425685,3.01237141212842,2,75
441,68,4133,20.665,1754.42,2,0,0.599502657781436,2.99751328890718,2,76
442,69,3843,19.215,1756.59,0,1,0.596501548352244,2.98250774176122,2,77
443,69,3542,17.71,1759.125,0,0,0.593471843431601,2.967359217158,2,78
444,69,3292,16.46,1762.165,0,0,0.590414440786461,2.9520722039323,2,79
445,69,3062,15.31,1765.285,0,0,0.587330246391213,2.93665123195606,2,80
446,69,2834,14.17,1768.395,0,0,0.584220174159218,2.92110087079609,2,81
447,68,2653,13.265,1772.07,1,0,0.581085145672,2.90542572836,2,82
448,67,2490,12.45,1775.74,1,0,0.577926089906158,2.88963044953079,2,83
449,68,2330,11.65,1779.565,0,1,0.574743942958094,2.87371971479047,2,84
450,67,2232,11.16,1783.85,1,0,0.571539647766625,2.85769823883313,2,85
451,66,2151,10.755,1788.33,1,0,0.568314153833571,2.84157076916786,2,86
452,65,2073,10.365,1792.745,1,0,0.565068416942396,2.82534208471198,2,87
453,63,2023,10.115,1796.79,2,0,0.561803398874989,2.80901699437495,2,88
454,63,1986,9.93,1800.975,0,0,0.55852006712667,2.79260033563335,2,89
455,63,1975,9.875,1805.36,0,0,0.555219394619494,2.77609697309747,2,90
456,63,2018,10.09,1809.655,0,0,0.55190235941396,2.7595117970698,2,91
457,62,1998,9.99,1814.345,1,0,0.548569944419187,2.74284972209594,2,92
458,61,2088,10.44,1819.26,1,0,0.545223137101658,2.72611568550829,2,93
459,60,2191,10.955,1823.935,1,0,0.54186292919261,2.70931464596305,2,94
460,60,2292,11.46,1828.645,1,1,0.538490316394166,2.69245158197083,2,95
461,60,2435,12.175,1832.89,0,0,0.535106298084286,2.67553149042143,2,96
462,60,2504,12.52,1837.465,0,0,0.531711877020627,2.65855938510314,2,97
463,60,2571,12.855,1841.655,0,0,0.528308059043409,2.64154029521704,2,98
464,60,2616,13.08,1846.095,0,0,0.524895852777358,2.62447926388679,2,99
465,60,2625,13.125,1850.645,0,0,0.521476269332833,2.60738134666416,2,100
466,60,2633,13.165,1854.86,0,0,0.518050322006208,2.59025161003104,2,101
467,59,2547,12.735,1859.075,1,0,0.514619025979616,2.57309512989808,2,102
468,59,2483,12.415,1863.465,0,0,0.511183398020121,2.5559169901006,2,103
469,59,2449,12.245,1868.25,0,0,0.507744456178435,2.53872228089218,2,104
470,59,2379,11.895,1872.94,0,0,0.504303219487245,2.52151609743622,2,105
471,59,2261,11.305,1877.55,0,0,0.500860707659249,2.50430353829625,2,106
472,58,2197,10.985,1882.65,1,0,0.497417940784998,2.48708970392499,2,107
473,57,2108,10.54,1887.53,2,1,0.493975939030619,2.46987969515309,2,108
474,57,2050,10.25,1892.51,0,0,0.490535722335514,2.45267861167757,2,109
475,56,2001,10.005,1897.83,1,0,0.487098310110137,2.43549155055068,2,110
476,54,1894,9.47,1902.595,2,0,0.483664720933916,2.41832360466958,2,111
477,54,1772,8.86,1907.36,0,0,0.480235972253426,2.40117986126713,2,112
478,54,1700,8.5,1912.7,0,0,0.4768130800809,2.3840654004045,2,113
479,54,1669,8.345,1918.49,0,0,0.473397058693161,2.3669852934658,2,114
480,55,1651,8.255,1924.195,0,1,0.46998892033107,2.34994460165535,2,115
481,52,1640,8.2,1929.405,3,0,0.466589674899576,2.33294837449788,2,116
482,52,1663,8.315,1934.69,0,0,0.463200329668464,2.31600164834232,2,117
483,52,1726,8.63,1940.095,0,0,0.459821888973873,2.29910944486936,2,118
484,50,1764,8.82,1945.765,2,0,0.456455353920694,2.28227676960347,2,119
485,50,1810,9.05,1951.37,0,0,0.453101722085918,2.26550861042959,2,120
486,51,1869,9.345,1956.745,0,1,0.449761987223036,2.24880993611518,2,121
487,50,1924,9.62,1962.355,1,0,0.446437138967565,2.23218569483783,2,122
488,50,1982,9.91,1968.065,0,0,0.443128162543799,2.215640812719,2,123
489,50,2012,10.06,1973.465,0,0,0.439836038472867,2.19918019236433,2,124
490,50,2052,10.26,1979.055,0,0,0.436561742282179,2.18280871141089,2,125
491,49,2082,10.41,1984.555,1,0,0.433306244216363,2.16653122108181,2,126
492,49,2090,10.45,1989.565,0,0,0.430070508949754,2.15035254474877,2,127
493,48,2045,10.225,1994.9,1,0,0.426855495300546,2.13427747650273,2,128
494,48,2020,10.1,2000.255,0,0,0.423662155946668,2.11831077973334,2,129
495,48,2005,10.025,2005.415,0,0,0.420491437143489,2.10245718571745,2,130
496,48,2006,10.03,2010.915,0,0,0.417344278443419,2.0867213922171,2,131
497,47,1997,9.985,2016.715,1,0,0.414221612417503,2.07110806208752,2,132
498,46,1963,9.815,2022.415,1,0,0.411124364379078,2.05562182189539,2,133
499,46,2002,10.01,2028.1,0,0,0.408053452109579,2.0402672605479,2,134
500,48,2038,10.19,2033.71,0,2,0.40500978558659,2.02504892793295,2,135
501,47,2024,10.12,2039.36,1,0,0.401994266714188,2.00997133357094,2,136
502,48,2046,10.23,2044.57,0,1,0.399007789055696,1.99503894527848,2,137
503,48,2087,10.435,2050.595,0,0,0.396051237568897,1.98025618784448,2,138
504,48,2075,10.375,2056.15,0,0,0.393125488343804,1.96562744171902,2,139
505,48,2102,10.51,2061.655,0,0,0.390231408343056,1.95115704171528,2,140
506,49,2082,10.41,2067.155,0,1,0.387369855145016,1.93684927572508,2,141
507,49,2090,10.45,2072.665,0,0,0.384541676689655,1.92270838344827,2,142
508,49,2089,10.445,2077.955,0,0,0.381747711027284,1.90873855513642,2,143
509,49,2075,10.375,2083.41,0,0,0.37898878607023,1.89494393035115,2,144
510,47,2060,10.3,2089.15,2,0,0.376265719347499,1.8813285967375,2,145
511,47,2083,10.415,2094.69,0,0,0.37357931776253,1.86789658881265,2,146
512,47,2080,10.4,2100.575,0,0,0.37093037735409,1.85465188677045,2,147
513,47,2084,10.42,2106.165,0,0,0.36831968306039,1.84159841530195,2,148
514,47,2030,10.15,2111.825,0,0,0.365748008486494,1.82874004243247,2,149
515,47,1989,9.945,2117.415,0,0,0.363216115675078,1.81608057837539,2,150
516,47,1955,9.775,2122.875,0,0,0.360724754880626,1.80362377440313,2,151
517,48,1904,9.52,2128.935,0,1,0.358274664347108,1.79137332173554,2,152
518,48,1838,9.19,2134.655,0,0,0.355866570089228,1.77933285044614,2,153
519,47,1754,8.77,2140.375,1,0,0.353501185677284,1.76750592838642,2,154
520,46,1765,8.825,2146.18,1,0,0.351179212025728,1.75589606012864,2,155
521,46,1740,8.7,2152.03,0,0,0.348901337185464,1.74450668592732,2,156
522,46,1713,8.565,2157.705,0,0,0.346668236139968,1.73334118069984,2,157
523,46,1737,8.685,2163.71,0,0,0.344480570605275,1.72240285302637,2,158
524,46,1733,8.665,2169.745,0,0,0.342338988833895,1.71169494416948,2,159
525,46,1720,8.6,2175.51,0,0,0.340244125422727,1.70122062711363,2,160
526,46,1703,8.515,2181.245,0,0,0.338196601125011,1.69098300562505,2,161
527,46,1729,8.645,2187.145,0,0,0.336197022666384,1.68098511333192,2,162
528,45,1737,8.685,2193.02,1,0,0.334245982565099,1.6712299128255,2,163
529,45,1722,8.61,2198.855,0,0,0.332344058956445,1.66172029478223,2,164
530,45,1733,8.665,2204.815,0,0,0.330491815421434,1.65245907710717,2,165
531,43,1761,8.805,2210.685,2,0,0.328689800819799,1.643449004099,2,166
532,43,1778,8.89,2216.115,0,0,0.326938549127359,1.63469274563679,2,167
533,43,1802,9.01,2221.74,0,0,0.325238579277784,1.62619289638892,2,168
534,43,1798,8.99,2227.48,0,0,0.323590395008829,1.61795197504415,2,169
535,42,1872,9.36,2233.495,1,0,0.321994484713065,1.60997242356532,2,170
536,42,1914,9.57,2239.005,0,0,0.320451321293153,1.60225660646577,2,171
537,42,1956,9.78,2244.515,0,0,0.318961362021721,1.5948068101086,2,172
538,41,1987,9.935,2250.07,1,0,0.317525048405854,1.58762524202927,2,173
539,41,1985,9.925,2255.695,0,0,0.316142806056278,1.58071403028139,2,174
540,41,1977,9.885,2260.995,0,0,0.31481504456123,1.57407522280615,2,175
541,41,1929,9.645,2266.385,0,0,0.313542157365097,1.56771078682549,2,176
542,41,1953,9.765,2272.15,0,0,0.312324521651827,1.56162260825914,2,177
543,41,2013,10.065,2277.925,0,0,0.31116249823316,1.5558124911658,2,178
544,41,2042,10.21,2283.235,0,0,0.310056431441714,1.55028215720857,2,179
545,41,2099,10.495,2289.025,0,0,0.309006649028949,1.54503324514474,2,180
546,41,2125,10.625,2294.335,0,0,0.308013462068051,1.54006731034026,2,181
547,41,2095,10.475,2299.985,0,0,0.307077164861751,1.53538582430876,2,182
548,41,2113,10.565,2305.42,0,0,0.306198034855119,1.53099017427559,2,183
549,41,2110,10.55,2310.65,0,0,0.305376332553348,1.52688166276674,2,184
550,40,2100,10.5,2316.305,1,0,0.304612301444564,1.52306150722282,2,185
551,41,2086,10.43,2321.505,0,1,0.303906167927674,1.51953083963837,2,186
552,40,2002,10.01,2326.845,1,0,0.303258141245278,1.51629070622639,2,187
553,40,1991,9.955,2332.3,0,0,0.302668413421669,1.51334206710834,2,188
554,40,1962,9.81,2337.825,0,0,0.302137159205927,1.51068579602963,2,189
555,41,1926,9.63,2343.54,0,1,0.301664536020142,1.50832268010071,2,190
556,39,1901,9.505,2349.085,2,0,0.301250683912764,1.50625341956382,2,191
557,38,1832,9.16,2354.48,1,0,0.300895725517105,1.50447862758552,2,192
558,38,1812,9.06,2360.635,0,0,0.300599766014997,1.50299883007498,2,193
559,38,1774,8.87,2366.18,0,0,0.300362893105628,1.50181446552814,2,194
560,38,1736,8.68,2371.195,0,0,0.300185176979554,1.50092588489777,2,195
561,38,1748,8.74,2376.775,1,1,0.300066670297898,1.50033335148949,2,196
562,38,1762,8.81,2382.05,0,0,0.300007408176747,1.50003704088373,2,197
563,38,1741,8.705,2387.23,0,0,0.300007408176747,1.50003704088373,2,198
564,37,1728,8.64,2392.525,1,0,0.300066670297898,1.50033335148949,2,199
565,36,1714,8.57,2397.92,1,0,0.300185176979554,1.50092588489777,2,200
566,36,1702,8.51,2403.055,0,0,0.300362893105628,1.50181446552814,2,201
567,36,1663,8.315,2408.22,0,0,0.300599766014997,1.50299883007498,2,202
568,36,1682,8.41,2414.07,0,0,0.300895725517105,1.50447862758552,2,203
569,36,1641,8.205,2419.095,0,0,0.301250683912764,1.50625341956382,2,204
570,36,1620,8.1,2424.53,0,0,0.301664536020142,1.50832268010071,2,205
571,36,1642,8.21,2430.065,0,0,0.302137159205927,1.51068579602963,2,206
572,36,1620,8.1,2435.39,0,0,0.302668413421669,1.51334206710834,2,207
573,35,1648,8.24,2440.97,1,0,0.303258141245278,1.51629070622639,2,208
574,36,1670,8.35,2446.32,0,1,0.303906167927674,1.51953083963837,2,209
575,36,1694,8.47,2451.26,0,0,0.304612301444564,1.52306150722282,2,210
576,36,1703,8.515,2456.555,0,0,0.305376332553348,1.52688166276674,2,211
577,36,1750,8.75,2461.5,0,0,0.306198034855119,1.53099017427559,2,212
578,36,1777,8.885,2466.49,0,0,0.307077164861751,1.53538582430876,2,213
579,37,1838,9.19,2471.635,0,1,0.308013462068051,1.54006731034026,2,214
580,37,1897,9.485,2476.445,0,0,0.309006649028949,1.54503324514474,2,215
581,38,1965,9.825,2481.4,0,1,0.310056431441714,1.55028215720857,2,216
582,38,2056,10.28,2486.445,1,1,0.31116249823316,1.5558124911658,2,217
583,38,2074,10.37,2491.115,0,0,0.312324521651827,1.56162260825914,2,218
584,38,2093,10.465,2495.475,0,0,0.313542157365097,1.56771078682549,2,219
585,37,2137,10.685,2500.06,1,0,0.31481504456123,1.57407522280615,2,220
586,38,2226,11.13,2504.81,0,1,0.316142806056278,1.58071403028139,2,221
587,38,2296,11.48,2509.26,0,0,0.317525048405855,1.58762524202927,2,222
588,38,2337,11.685,2513.235,0,0,0.31896136202172,1.5948068101086,2,223
589,40,2372,11.86,2517.675,0,2,0.320451321293153,1.60225660646577,2,224
590,39,2454,12.27,2521.895,1,0,0.321994484713065,1.60997242356532,2,225
591,36,2516,12.58,2526.255,3,0,0.323590395008829,1.61795197504415,2,226
592,36,2518,12.59,2529.825,0,0,0.325238579277784,1.62619289638892,2,227
593,35,2551,12.755,2533.235,1,0,0.326938549127359,1.63469274563679,2,228
594,35,2674,13.37,2536.93,0,0,0.328689800819799,1.643449004099,2,229
595,35,2753,13.765,2540.705,1,1,0.330491815421434,1.65245907710717,2,230
596,34,2776,13.88,2544.545,1,0,0.332344058956445,1.66172029478223,2,231
597,34,2890,14.45,2548.33,0,0,0.334245982565099,1.6712299128255,2,232
598,34,2931,14.655,2551.735,0,0,0.336197022666384,1.68098511333192,2,233
599,35,3003,15.015,2554.855,0,1,0.33819660112501,1.69098300562505,2,234
600,35,3092,15.46,2558,0,0,0.340244125422727,1.70122062711363,2,235
601,35,3134,15.67,2561.07,0,0,0.342338988833895,1.71169494416947,2,236
602,34,3149,15.745,2564.285,1,0,0.344480570605275,1.72240285302637,2,237
603,35,3244,16.22,2567.325,0,1,0.346668236139968,1.73334118069984,2,238
604,36,3340,16.7,2570.515,0,1,0.348901337185464,1.74450668592732,2,239
605,35,3358,16.79,2572.95,1,0,0.351179212025728,1.75589606012864,2,240
606,35,3418,17.09,2575.585,0,0,0.353501185677284,1.76750592838642,2,241
607,34,3483,17.415,2578.085,1,0,0.355866570089228,1.77933285044614,2,242
608,34,3590,17.95,2580.635,0,0,0.358274664347108,1.79137332173554,2,243
609,35,3703,18.515,2583.225,0,1,0.360724754880625,1.80362377440313,2,244
610,35,3821,19.105,2585.81,0,0,0.363216115675078,1.81608057837539,2,245
611,34,3872,19.36,2587.915,1,0,0.365748008486494,1.82874004243247,2,246
612,34,3965,19.825,2590.03,0,0,0.36831968306039,1.84159841530195,2,247
613,34,4102,20.51,2592.15,0,0,0.37093037735409,1.85465188677045,2,248
614,34,4170,20.85,2593.815,0,0,0.37357931776253,1.86789658881265,2,249
615,34,4319,21.595,2596.035,0,0,0.376265719347499,1.8813285967375,2,250
616,33,4402,22.01,2597.66,1,0,0.37898878607023,1.89494393035115,2,251
617,34,4610,23.05,2599.32,0,1,0.381747711027284,1.90873855513642,2,252
618,35,4767,23.835,2600.93,0,1,0.384541676689655,1.92270838344827,2,253
619,35,4945,24.725,2602.01,1,1,0.387369855145016,1.93684927572508,2,254
620,36,5126,25.63,2602.83,0,1,0.390231408343056,1.95115704171528,2,255
621,36,5316,26.58,2603.57,0,0,0.393125488343804,1.96562744171902,2,256
622,36,5485,27.425,2603.945,0,0,0.396051237568897,1.98025618784448,2,257
623,36,5652,28.26,2604.125,0,0,0.399007789055696,1.99503894527848,2,258
624,36,5936,29.68,2604.48,0,0,0.401994266714188,2.00997133357094,2,259
625,36,6127,30.635,2604.68,0,0,0.40500978558659,2.02504892793295,2,260
626,37,6379,31.895,2604.73,0,1,0.408053452109579,2.0402672605479,2,261
627,37,6593,32.965,2604.265,0,0,0.411124364379077,2.05562182189539,2,262
628,37,6864,34.32,2603.95,0,0,0.414221612417503,2.07110806208752,2,263
629,40,7124,35.62,2603,0,3,0.417344278443419,2.0867213922171,2,264
630,40,7312,36.56,2601.835,0,0,0.420491437143489,2.10245718571744,2,265
631,40,7526,37.63,2600.42,1,1,0.423662155946668,2.11831077973334,2,266
632,41,7755,38.775,2598.79,1,2,0.426855495300546,2.13427747650273,2,267
633,41,7909,39.545,2597.08,0,0,0.430070508949754,2.15035254474877,2,268
634,40,8159,40.795,2594.86,1,0,0.433306244216363,2.16653122108181,2,269
635,41,8225,41.125,2592.04,0,1,0.436561742282179,2.18280871141089,2,270
636,41,8228,41.14,2589.595,0,0,0.439836038472866,2.19918019236433,2,271
637,42,8251,41.255,2587.47,0,1,0.443128162543799,2.215640812719,2,272
638,44,8192,40.96,2584.915,0,2,0.446437138967565,2.23218569483783,2,273
639,44,8191,40.955,2582.525,0,0,0.449761987223036,2.24880993611518,2,274
640,44,8176,40.88,2579.87,0,0,0.453101722085918,2.26550861042959,2,275
641,43,8120,40.6,2577.335,1,0,0.456455353920693,2.28227676960347,2,276
642,44,8075,40.375,2574.805,0,1,0.459821888973873,2.29910944486936,2,277
643,44,8038,40.19,2572.37,0,0,0.463200329668464,2.31600164834232,2,278
644,45,7953,39.765,2569.38,0,1,0.466589674899576,2.33294837449788,2,279
645,44,7944,39.72,2566.83,1,0,0.469988920331069,2.34994460165535,2,280
646,45,7856,39.28,2564.175,0,1,0.473397058693161,2.3669852934658,2,281
647,46,7756,38.78,2561.525,0,1,0.4768130800809,2.3840654004045,2,282
648,47,7723,38.615,2559.055,1,2,0.480235972253426,2.40117986126713,2,283
649,47,7651,38.255,2556.59,0,0,0.483664720933915,2.41832360466958,2,284
650,47,7641,38.205,2554.305,1,1,0.487098310110137,2.43549155055068,2,285
651,48,7673,38.365,2551.92,0,1,0.490535722335514,2.45267861167757,2,286
652,48,7719,38.595,2549.21,0,0,0.493975939030618,2.46987969515309,2,287
653,48,7761,38.805,2546.77,0,0,0.497417940784998,2.48708970392499,2,288
654,48,7732,38.66,2544.335,0,0,0.500860707659249,2.50430353829624,2,289
655,50,7624,38.12,2541.165,0,2,0.504303219487244,2.52151609743622,2,290
656,50,7683,38.415,2538.39,0,0,0.507744456178435,2.53872228089217,2,291
657,50,7701,38.505,2535.685,1,1,0.51118339802012,2.5559169901006,2,292
658,52,7765,38.825,2532.715,0,2,0.514619025979616,2.57309512989808,2,293
659,52,7829,39.145,2530.045,1,1,0.518050322006208,2.59025161003104,2,294
660,53,7944,39.72,2527.445,0,1,0.521476269332833,2.60738134666416,2,295
661,54,7988,39.94,2524.445,0,1,0.524895852777358,2.62447926388679,2,296
662,53,8089,40.445,2521.48,1,0,0.528308059043409,2.64154029521704,2,297
663,53,8332,41.66,2518.39,0,0,0.531711877020627,2.65855938510313,2,298
664,53,8544,42.72,2515.05,0,0,0.535106298084286,2.67553149042143,2,299
665,53,8766,43.83,2511.26,0,0,0.538490316394166,2.69245158197083,2,300
666,53,9025,45.125,2507.39,0,0,0.54186292919261,2.70931464596305,2,301
667,54,9396,46.98,2503.615,0,1,0.545223137101657,2.72611568550829,2,302
668,54,9770,48.85,2499.42,0,0,0.548569944419187,2.74284972209594,2,303
669,54,10101,50.505,2494.665,0,0,0.55190235941396,2.7595117970698,2,304
670,55,10484,52.42,2489.1,0,1,0.555219394619494,2.77609697309747,2,305
671,55,10864,54.32,2484.1,1,1,0.558520067126669,2.79260033563335,2,306
672,55,11138,55.69,2478.29,0,0,0.561803398874989,2.80901699437495,2,307
673,57,11560,57.8,2472.36,0,2,0.565068416942396,2.82534208471198,2,308
674,58,11917,59.585,2466.07,0,1,0.568314153833571,2.84157076916785,2,309
675,60,12162,60.81,2459.31,1,3,0.571539647766625,2.85769823883312,2,310
676,60,12452,62.26,2452.665,0,0,0.574743942958094,2.87371971479047,2,311
677,61,12671,63.355,2445.29,0,1,0.577926089906157,2.88963044953079,2,312
678,61,12802,64.01,2438.355,0,0,0.581085145671999,2.90542572836,2,313
679,63,12850,64.25,2430.85,0,2,0.584220174159218,2.92110087079609,2,314
680,63,12799,63.995,2423.27,0,0,0.587330246391213,2.93665123195606,2,315
681,65,12701,63.505,2415.575,0,2,0.590414440786461,2.9520722039323,2,316
682,66,12453,62.265,2407.94,0,1,0.5934718434316,2.967359217158,2,317
683,66,12312,61.56,2400.34,0,0,0.596501548352244,2.98250774176122,2,318
684,66,12190,60.95,2393.285,0,0,0.599502657781436,2.99751328890718,2,319
685,66,11850,59.25,2385.635,0,0,0.602474282425685,3.01237141212842,2,320
686,65,11567,57.835,2378.935,1,0,0.605415541728474,3.02707770864237,2,321
687,66,11402,57.01,2372.37,0,1,0.608325564131196,3.04162782065598,2,322
688,66,11327,56.635,2366.25,0,0,0.611203487331409,3.05601743665704,2,323
689,68,11269,56.345,2359.8,0,2,0.614048458538357,3.07024229269179,2,324
690,68,11393,56.965,2353.485,0,0,0.616859634725674,3.08429817362837,2,325
691,67,11545,57.725,2347.05,1,0,0.619636182881183,3.09818091440592,2,326
692,67,11719,58.595,2340.415,1,1,0.622377280253745,3.11188640126872,2,327
693,68,12057,60.285,2333.425,1,2,0.625082114597049,3.12541057298525,2,328
694,69,12398,61.99,2326.515,0,1,0.627749884410305,3.13874942205153,2,329
695,70,12721,63.605,2319.055,0,1,0.630379799175742,3.15189899587871,2,330
696,70,12996,64.98,2311.755,1,1,0.632971079592857,3.16485539796429,2,331
697,70,13241,66.205,2303.915,1,1,0.635522957809338,3.17761478904669,2,332
698,70,13369,66.845,2295.255,0,0,0.638034677648594,3.19017338824297,2,333
699,71,13539,67.695,2287.275,0,1,0.640505494833831,3.20252747416916,2,334
700,71,13654,68.27,2278.905,0,0,0.642934677208592,3.21467338604296,2,335
701,71,13515,67.575,2270.095,0,0,0.645321504953713,3.22660752476857,2,336
702,71,13575,67.875,2262.145,0,0,0.647665270800621,3.23832635400311,2,337
703,72,13483,67.415,2253.775,0,1,0.649965280240914,3.24982640120457,2,338
704,72,13226,66.13,2245.715,0,0,0.652220851732155,3.26110425866077,2,339
705,72,12950,64.75,2237.37,0,0,0.654431316899833,3.27215658449916,2,340
706,73,12455,62.275,2228.88,1,2,0.656596020735412,3.28298010367706,2,341
707,75,12062,60.31,2221.67,0,2,0.658714321790429,3.29357160895215,2,342
708,75,11568,57.84,2214.32,1,1,0.660785592366564,3.30392796183282,2,343
709,75,11079,55.395,2207.245,1,1,0.662809218701643,3.31404609350822,2,344
710,74,10760,53.8,2200.83,2,1,0.664784601151511,3.32392300575755,2,345
711,73,10513,52.565,2194.795,1,0,0.666711154367714,3.33355577183857,2,346
712,74,10465,52.325,2189.35,0,1,0.668588307470957,3.34294153735478,2,347
713,74,10497,52.485,2183.74,0,0,0.670415504220262,3.35207752110131,2,348
714,73,10606,53.03,2178.17,1,0,0.672192203177799,3.36096101588899,2,349
715,73,10666,53.33,2171.895,0,0,0.673917877869322,3.36958938934661,2,350
716,75,10796,53.98,2166.26,0,2,0.675592016940178,3.37796008470089,2,351
717,76,10944,54.72,2160.345,1,2,0.677214124306828,3.38607062153414,2,352
718,77,11102,55.51,2154.27,1,2,0.678783719303851,3.39391859651926,2,353
719,76,11091,55.455,2148.09,1,0,0.680300336826377,3.40150168413188,2,354
720,75,11120,55.6,2141.93,1,0,0.681763527467901,3.4088176373395,2,355
721,75,11105,55.525,2135.79,0,0,0.683172857653457,3.41586428826729,2,356
722,75,11151,55.755,2130.18,0,0,0.684527909768098,3.42263954884049,2,357
723,77,11190,55.95,2124.16,1,3,0.685828282280635,3.42914141140317,2,358
724,78,11211,56.055,2117.8,0,1,0.68707358986263,3.43536794931315,2,359
725,78,11216,56.08,2111.61,1,1,0.688263463502569,3.44131731751285,2,360
726,79,11160,55.8,2104.98,0,1,0.689397550615215,3.44698775307607,2,361
727,81,11123,55.615,2098.625,0,2,0.69047551514608,3.4523775757304,2,362
728,79,11202,56.01,2092.7,2,0,0.691497037671008,3.45748518835504,2,363
729,79,11189,55.945,2086.585,0,0,0.69246181549083,3.46230907745415,2,364
730,81,11129,55.645,2080.175,1,3,0.693369562721056,3.46684781360528,3,0
731,80,11049,55.245,2074.04,1,0,0.69422001037659,3.47110005188295,3,1
732,80,11064,55.32,2068.08,1,1,0.695012906451439,3.47506453225719,3,2
733,82,11098,55.49,2062.205,0,2,0.695748015993383,3.47874007996691,3,3
734,82,11131,55.655,2055.84,1,1,0.6964251211736,3.482125605868,3,4
735,81,11266,56.33,2049.345,1,0,0.697044021351212,3.48522010675606,3,5
736,82,11511,57.555,2043.11,0,1,0.69760453313274,3.4880226656637,3,6
737,82,11879,59.395,2036.83,0,0,0.698106490426445,3.49053245213222,3,7
738,82,12010,60.05,2029.78,0,0,0.698549744491548,3.49274872245774,3,8
739,84,12409,62.045,2023.075,0,2,0.698934163982304,3.49467081991152,3,9
740,82,12812,64.06,2015.65,2,0,0.699259634986922,3.49629817493461,3,10
741,80,13374,66.87,2008.335,3,1,0.699526061061317,3.49763030530659,3,11
742,80,13894,69.47,2000.395,0,0,0.699733363257695,3.49866681628848,3,12
743,80,14530,72.65,1991.835,0,0,0.699881480147941,3.4994074007397,3,13
744,80,15201,76.005,1982.725,0,0,0.699970367841823,3.49985183920912,3,14
745,81,16012,80.06,1973.18,1,2,0.7,3.5,3,15
746,82,16570,82.85,1962.86,0,1,0.699970367841823,3.49985183920912,3,16
747,82,17135,85.675,1952.4,1,1,0.699881480147941,3.4994074007397,3,17
748,81,17326,86.63,1941.035,3,2,0.699733363257695,3.49866681628848,3,18
749,79,17170,85.85,1929.38,3,1,0.699526061061317,3.49763030530659,3,19
750,80,16853,84.265,1917.69,0,1,0.699259634986922,3.49629817493461,3,20
751,79,16503,82.515,1906.78,1,0,0.698934163982304,3.49467081991152,3,21
752,79,15844,79.22,1895.655,1,1,0.698549744491548,3.49274872245774,3,22
753,83,15018,75.09,1885.29,0,4,0.698106490426445,3.49053245213222,3,23
754,83,14168,70.84,1875.56,1,1,0.69760453313274,3.4880226656637,3,24
755,86,13326,66.63,1866.815,0,3,0.697044021351212,3.48522010675606,3,25
756,83,12382,61.91,1858.51,3,0,0.6964251211736,3.482125605868,3,26
757,83,11614,58.07,1851.505,1,1,0.695748015993383,3.47874007996692,3,27
758,80,10812,54.06,1844.41,3,0,0.695012906451439,3.47506453225719,3,28
759,81,10098,50.49,1838.07,1,2,0.69422001037659,3.47110005188295,3,29
760,82,9603,48.015,1832.55,0,1,0.693369562721056,3.46684781360528,3,30
761,81,9242,46.21,1828.055,1,0,0.69246181549083,3.46230907745415,3,31
762,80,9034,45.17,1823.405,1,0,0.691497037671008,3.45748518835504,3,32
763,80,9044,45.22,1819.31,0,0,0.69047551514608,3.4523775757304,3,33
764,80,9049,45.245,1815.035,0,0,0.689397550615215,3.44698775307607,3,34
765,81,9293,46.465,1811.275,0,1,0.68826346350257,3.44131731751285,3,35
766,78,9757,48.785,1807,3,0,0.68707358986263,3.43536794931315,3,36
767,78,10271,51.355,1802.47,1,1,0.685828282280635,3.42914141140317,3,37
768,78,10908,54.54,1797.555,0,0,0.684527909768098,3.42263954884049,3,38
769,79,11733,58.665,1792.39,2,3,0.683172857653457,3.41586428826729,3,39
770,80,12501,62.505,1786.03,1,2,0.681763527467901,3.4088176373395,3,40
771,80,13181,65.905,1779.3,1,1,0.680300336826377,3.40150168413188,3,41
772,80,13798,68.99,1771.515,2,2,0.678783719303852,3.39391859651926,3,42
773,77,14302,71.51,1763.5,4,1,0.677214124306828,3.38607062153414,3,43
774,78,14467,72.335,1755.14,1,2,0.675592016940178,3.37796008470089,3,44
775,76,14364,71.82,1746.43,2,0,0.673917877869322,3.36958938934661,3,45
776,76,13933,69.665,1737.495,0,0,0.672192203177799,3.36096101588899,3,46
777,77,13325,66.625,1728.96,0,1,0.670415504220262,3.35207752110131,3,47
778,78,12847,64.235,1721.63,1,2,0.668588307470957,3.34294153735478,3,48
779,78,12226,61.13,1714.545,0,0,0.666711154367714,3.33355577183857,3,49
780,79,11537,57.685,1707.825,0,1,0.664784601151511,3.32392300575756,3,50
781,78,10934,54.67,1701.76,1,0,0.662809218701644,3.31404609350822,3,51
782,79,10214,51.07,1696.235,1,2,0.660785592366564,3.30392796183282,3,52
783,80,9658,48.29,1691.67,1,2,0.65871432179043,3.29357160895215,3,53
784,80,9237,46.185,1687.48,0,0,0.656596020735413,3.28298010367706,3,54
785,80,9003,45.015,1683.715,0,0,0.654431316899833,3.27215658449916,3,55
786,79,8828,44.14,1680.36,1,0,0.652220851732155,3.26110425866077,3,56
787,79,9019,45.095,1677.735,1,1,0.649965280240914,3.24982640120457,3,57
788,79,9313,46.565,1674.4,0,0,0.647665270800622,3.23832635400311,3,58
789,78,9740,48.7,1670.865,2,1,0.645321504953713,3.22660752476856,3,59
790,77,10375,51.875,1667.35,2,1,0.642934677208592,3.21467338604296,3,60
791,80,10887,54.435,1662.43,0,3,0.640505494833831,3.20252747416916,3,61
792,80,11626,58.13,1657.975,0,0,0.638034677648595,3.19017338824297,3,62
793,79,12099,60.495,1652.325,1,0,0.635522957809338,3.17761478904669,3,63
794,78,12695,63.475,1646.81,1,0,0.632971079592857,3.16485539796429,3,64
795,74,13072,65.36,1640.4,4,0,0.630379799175743,3.15189899587871,3,65
796,73,13380,66.9,1634.29,1,0,0.627749884410305,3.13874942205153,3,66
797,73,13460,67.3,1626.83,0,0,0.625082114597049,3.12541057298525,3,67
798,70,13563,67.815,1619.91,3,0,0.622377280253745,3.11188640126872,3,68
799,72,13461,67.305,1612.84,0,2,0.619636182881183,3.09818091440592,3,69
800,72,13150,65.75,1605.945,0,0,0.616859634725674,3.08429817362837,3,70
801,72,12620,63.1,1599.04,1,1,0.614048458538357,3.07024229269179,3,71
802,69,12091,60.455,1593.035,3,0,0.611203487331409,3.05601743665704,3,72
803,69,11512,57.56,1586.985,0,0,0.608325564131197,3.04162782065598,3,73
804,69,10905,54.525,1581.78,0,0,0.605415541728474,3.02707770864237,3,74
805,69,10281,51.405,1577.265,0,0,0.602474282425685,3.01237141212842,3,75
806,68,9709,48.545,1573.22,2,1,0.599502657781436,2.99751328890718,3,76
807,68,9137,45.685,1569.57,0,0,0.596501548352244,2.98250774176122,3,77
808,68,8558,42.79,1567.085,1,1,0.593471843431601,2.967359217158,3,78
809,68,8042,40.21,1564.645,0,0,0.590414440786461,2.95207220393231,3,79
810,68,7529,37.645,1562.405,1,1,0.587330246391213,2.93665123195607,3,80
811,67,7024,35.12,1560.645,1,0,0.584220174159218,2.92110087079609,3,81
812,68,6659,33.295,1559.735,1,2,0.581085145672,2.90542572836,3,82
813,65,6234,31.17,1559.03,3,0,0.577926089906158,2.88963044953079,3,83
814,63,5900,29.5,1558.985,3,1,0.574743942958094,2.87371971479047,3,84
815,62,5662,28.31,1559.02,1,0,0.571539647766625,2.85769823883313,3,85
816,61,5440,27.2,1559.655,1,0,0.568314153833571,2.84157076916786,3,86
817,61,5154,25.77,1560.11,0,0,0.565068416942396,2.82534208471198,3,87
818,62,4950,24.75,1561.22,0,1,0.561803398874989,2.80901699437495,3,88
819,62,4679,23.395,1562.26,0,0,0.55852006712667,2.79260033563335,3,89
820,61,4372,21.86,1563.27,1,0,0.555219394619494,2.77609697309747,3,90
821,61,4166,20.83,1564.89,0,0,0.55190235941396,2.7595117970698,3,91
822,60,3931,19.655,1566.87,1,0,0.548569944419187,2.74284972209593,3,92
823,61,3689,18.445,1568.72,0,1,0.545223137101658,2.72611568550829,3,93
824,61,3441,17.205,1571.035,1,1,0.54186292919261,2.70931464596305,3,94
825,59,3197,15.985,1573.805,2,0,0.538490316394166,2.69245158197083,3,95
826,57,2950,14.75,1576.68,2,0,0.535106298084286,2.67553149042143,3,96
827,57,2755,13.775,1579.825,0,0,0.531711877020627,2.65855938510313,3,97
828,56,2579,12.895,1583.31,1,0,0.528308059043409,2.64154029521704,3,98
829,57,2431,12.155,1586.955,1,2,0.524895852777358,2.62447926388679,3,99
830,56,2253,11.265,1590.445,1,0,0.521476269332833,2.60738134666416,3,100
831,54,2085,10.425,1594.145,2,0,0.518050322006208,2.59025161003104,3,101
832,54,1961,9.805,1598.005,0,0,0.514619025979616,2.57309512989808,3,102
833,54,1856,9.28,1602.22,0,0,0.511183398020121,2.5559169901006,3,103
834,54,1768,8.84,1606.375,1,1,0.507744456178435,2.53872228089217,3,104
835,52,1658,8.29,1610.85,2,0,0.504303219487245,2.52151609743622,3,105
836,52,1617,8.085,1615.505,0,0,0.500860707659249,2.50430353829625,3,106
837,52,1555,7.775,1620.125,0,0,0.497417940784998,2.48708970392499,3,107
838,52,1494,7.47,1624.84,0,0,0.493975939030618,2.46987969515309,3,108
839,52,1444,7.22,1629.74,0,0,0.490535722335514,2.45267861167757,3,109
840,51,1420,7.1,1634.615,1,0,0.487098310110137,2.43549155055068,3,110
841,49,1407,7.035,1639.645,2,0,0.483664720933916,2.41832360466958,3,111
842,49,1398,6.99,1645.075,0,0,0.480235972253426,2.40117986126713,3,112
843,48,1384,6.92,1649.865,1,0,0.4768130800809,2.3840654004045,3,113
844,47,1434,7.17,1655.15,1,0,0.473397058693161,2.3669852934658,3,114
845,48,1440,7.2,1660.185,0,1,0.46998892033107,2.34994460165535,3,115
846,48,1459,7.295,1665.5,0,0,0.466589674899576,2.33294837449788,3,116
847,48,1512,7.56,1670.58,0,0,0.463200329668464,2.31600164834232,3,117
848,47,1551,7.755,1675.665,1,0,0.459821888973873,2.29910944486937,3,118
849,44,1620,8.1,1680.785,3,0,0.456455353920694,2.28227676960347,3,119
850,44,1670,8.35,1685.55,0,0,0.453101722085918,2.26550861042959,3,120
851,44,1719,8.595,1691,0,0,0.449761987223036,2.24880993611518,3,121
852,44,1817,9.085,1696.215,0,0,0.446437138967565,2.23218569483783,3,122
853,43,1872,9.36,1701.25,1,0,0.4431281625438,2.215640812719,3,123
854,43,1907,9.535,1706.37,0,0,0.439836038472867,2.19918019236433,3,124
855,42,2028,10.14,1711.585,1,0,0.436561742282179,2.18280871141089,3,125
856,42,2154,10.77,1716.54,0,0,0.433306244216363,2.16653122108181,3,126
857,42,2262,11.31,1721.385,0,0,0.430070508949755,2.15035254474877,3,127
858,41,2375,11.875,1726.55,1,0,0.426855495300546,2.13427747650273,3,128
859,40,2394,11.97,1731.37,2,1,0.423662155946668,2.11831077973334,3,129
860,39,2416,12.08,1736.315,1,0,0.420491437143489,2.10245718571744,3,130
861,39,2427,12.135,1741.2,0,0,0.41734427844342,2.0867213922171,3,131
862,39,2439,12.195,1745.94,0,0,0.414221612417503,2.07110806208752,3,132
863,38,2387,11.935,1750.875,1,0,0.411124364379077,2.05562182189539,3,133
864,37,2342,11.71,1755.695,1,0,0.408053452109579,2.0402672605479,3,134
865,37,2327,11.635,1760.97,0,0,0.40500978558659,2.02504892793295,3,135
866,36,2271,11.355,1766.115,1,0,0.401994266714188,2.00997133357094,3,136
867,36,2153,10.765,1771.165,0,0,0.399007789055696,1.99503894527848,3,137
868,36,2086,10.43,1776.59,0,0,0.396051237568897,1.98025618784448,3,138
869,34,2016,10.08,1781.945,2,0,0.393125488343804,1.96562744171902,3,139
870,34,1979,9.895,1787.12,0,0,0.390231408343056,1.95115704171528,3,140
871,35,1909,9.545,1792.985,0,1,0.387369855145016,1.93684927572508,3,141
872,34,1871,9.355,1798.905,1,0,0.384541676689655,1.92270838344827,3,142
873,34,1791,8.955,1804.795,0,0,0.381747711027284,1.90873855513642,3,143
874,34,1723,8.615,1810.735,0,0,0.37898878607023,1.89494393035115,3,144
875,34,1662,8.31,1816.765,1,1,0.376265719347499,1.8813285967375,3,145
876,32,1595,7.975,1822.65,2,0,0.373579317762531,1.86789658881265,3,146
877,32,1539,7.695,1829.05,0,0,0.37093037735409,1.85465188677045,3,147
878,32,1490,7.45,1835.135,0,0,0.36831968306039,1.84159841530195,3,148
879,32,1472,7.36,1841.425,0,0,0.365748008486494,1.82874004243247,3,149
880,32,1458,7.29,1847.945,0,0,0.363216115675078,1.81608057837539,3,150
881,32,1476,7.38,1854.395,0,0,0.360724754880626,1.80362377440313,3,151
882,32,1449,7.245,1860.865,0,0,0.358274664347108,1.79137332173554,3,152
883,31,1470,7.35,1866.875,1,0,0.355866570089228,1.77933285044614,3,153
884,30,1446,7.23,1873.265,1,0,0.353501185677284,1.76750592838642,3,154
885,30,1464,7.32,1879.99,0,0,0.351179212025728,1.75589606012864,3,155
886,30,1470,7.35,1886.38,0,0,0.348901337185464,1.74450668592732,3,156
887,30,1455,7.275,1893.015,0,0,0.346668236139968,1.73334118069984,3,157
888,29,1437,7.185,1899.575,1,0,0.344480570605274,1.72240285302637,3,158
889,29,1412,7.06,1905.875,0,0,0.342338988833895,1.71169494416948,3,159
890,29,1382,6.91,1912.26,0,0,0.340244125422727,1.70122062711364,3,160
891,28,1335,6.675,1919.055,1,0,0.33819660112501,1.69098300562505,3,161
892,28,1331,6.655,1925.54,0,0,0.336197022666384,1.68098511333192,3,162
893,27,1293,6.465,1931.955,1,0,0.334245982565099,1.6712299128255,3,163
894,27,1252,6.26,1938.575,0,0,0.332344058956445,1.66172029478223,3,164
895,27,1220,6.1,1945.545,0,0,0.330491815421434,1.65245907710717,3,165
896,27,1213,6.065,1952.505,0,0,0.328689800819799,1.643449004099,3,166
897,28,1161,5.805,1959.4,0,1,0.326938549127359,1.63469274563679,3,167
898,28,1125,5.625,1966.485,0,0,0.325238579277784,1.62619289638892,3,168
899,28,1081,5.405,1973.48,0,0,0.323590395008829,1.61795197504415,3,169
900,29,1074,5.37,1980.54,0,1,0.321994484713065,1.60997242356532,3,170
901,29,1035,5.175,1987.42,0,0,0.320451321293153,1.60225660646577,3,171
902,28,984,4.92,1994.66,1,0,0.31896136202172,1.5948068101086,3,172
903,27,949,4.745,2001.905,1,0,0.317525048405854,1.58762524202927,3,173
904,27,905,4.525,2009.255,0,0,0.316142806056278,1.58071403028139,3,174
905,27,883,4.415,2016.495,0,0,0.31481504456123,1.57407522280615,3,175
906,27,851,4.255,2023.68,0,0,0.313542157365097,1.56771078682549,3,176
907,27,816,4.08,2030.635,0,0,0.312324521651827,1.56162260825914,3,177
908,27,798,3.99,2038.44,0,0,0.31116249823316,1.5558124911658,3,178
909,27,754,3.77,2045.22,0,0,0.310056431441714,1.55028215720857,3,179
910,27,737,3.685,2052.605,0,0,0.309006649028949,1.54503324514474,3,180
911,26,722,3.61,2059.935,1,0,0.308013462068051,1.54006731034026,3,181
912,26,705,3.525,2067.175,0,0,0.307077164861751,1.53538582430876,3,182
913,26,711,3.555,2074.875,1,1,0.306198034855119,1.53099017427559,3,183
914,25,703,3.515,2081.93,1,0,0.305376332553348,1.52688166276674,3,184
915,25,692,3.46,2089.435,0,0,0.304612301444564,1.52306150722282,3,185
916,25,689,3.445,2096.925,0,0,0.303906167927674,1.51953083963837,3,186
917,25,683,3.415,2104.505,0,0,0.303258141245278,1.51629070622639,3,187
918,25,708,3.54,2111.975,0,0,0.302668413421669,1.51334206710834,3,188
919,25,694,3.47,2119.645,0,0,0.302137159205927,1.51068579602963,3,189
920,24,685,3.425,2126.985,1,0,0.301664536020142,1.50832268010071,3,190
921,24,663,3.315,2134.49,0,0,0.301250683912764,1.50625341956382,3,191
922,24,660,3.3,2141.985,0,0,0.300895725517105,1.50447862758552,3,192
923,24,626,3.13,2149.44,0,0,0.300599766014997,1.50299883007498,3,193
924,24,636,3.18,2156.77,0,0,0.300362893105628,1.50181446552814,3,194
925,24,634,3.17,2163.925,0,0,0.300185176979554,1.50092588489777,3,195
926,24,616,3.08,2171.275,0,0,0.300066670297898,1.50033335148949,3,196
927,24,608,3.04,2178.23,0,0,0.300007408176747,1.50003704088373,3,197
928,23,613,3.065,2185.855,1,0,0.300007408176747,1.50003704088373,3,198
929,23,616,3.08,2193.44,0,0,0.300066670297898,1.50033335148949,3,199
930,23,650,3.25,2200.6,0,0,0.300185176979554,1.50092588489777,3,200
931,23,653,3.265,2207.815,0,0,0.300362893105628,1.50181446552814,3,201
932,23,676,3.38,2215.275,0,0,0.300599766014997,1.50299883007498,3,202
933,21,644,3.22,2222.8,2,0,0.300895725517105,1.50447862758552,3,203
934,22,647,3.235,2230.02,0,1,0.301250683912764,1.50625341956382,3,204
935,22,636,3.18,2236.855,0,0,0.301664536020142,1.50832268010071,3,205
936,23,664,3.32,2244.53,0,1,0.302137159205927,1.51068579602963,3,206
937,22,702,3.51,2251.485,1,0,0.302668413421669,1.51334206710834,3,207
938,22,732,3.66,2258.41,0,0,0.303258141245278,1.51629070622639,3,208
939,22,730,3.65,2265.59,0,0,0.303906167927674,1.51953083963837,3,209
940,23,736,3.68,2272.815,0,1,0.304612301444564,1.52306150722282,3,210
941,23,748,3.74,2279.925,0,0,0.305376332553348,1.52688166276674,3,211
942,23,776,3.88,2286.7,0,0,0.306198034855119,1.53099017427559,3,212
943,23,807,4.035,2293.815,0,0,0.307077164861751,1.53538582430876,3,213
944,22,832,4.16,2301,1,0,0.308013462068051,1.54006731034026,3,214
945,23,835,4.175,2307.9,0,1,0.309006649028949,1.54503324514474,3,215
946,23,869,4.345,2314.965,0,0,0.310056431441714,1.55028215720857,3,216
947,23,862,4.31,2321.615,0,0,0.31116249823316,1.5558124911658,3,217
948,23,875,4.375,2328.16,0,0,0.312324521651827,1.56162260825914,3,218
949,23,894,4.47,2334.755,0,0,0.313542157365097,1.56771078682549,3,219
950,23,917,4.585,2341.7,0,0,0.31481504456123,1.57407522280615,3,220
951,23,925,4.625,2348.52,0,0,0.316142806056278,1.58071403028139,3,221
952,23,965,4.825,2355.275,0,0,0.317525048405854,1.58762524202927,3,222
953,25,1007,5.035,2362.14,0,2,0.31896136202172,1.5948068101086,3,223
954,25,1006,5.03,2368.79,0,0,0.320451321293153,1.60225660646577,3,224
955,25,1042,5.21,2375.46,0,0,0.321994484713065,1.60997242356532,3,225
956,25,1095,5.475,2381.715,0,0,0.323590395008829,1.61795197504415,3,226
957,25,1114,5.57,2388.135,0,0,0.325238579277784,1.62619289638892,3,227
958,24,1160,5.8,2394.21,1,0,0.326938549127359,1.63469274563679,3,228
959,24,1189,5.945,2400.61,0,0,0.328689800819799,1.643449004099,3,229
960,24,1225,6.125,2406.675,0,0,0.330491815421434,1.65245907710717,3,230
961,24,1272,6.36,2413.075,0,0,0.332344058956445,1.66172029478223,3,231
962,24,1331,6.655,2418.955,0,0,0.334245982565099,1.6712299128255,3,232
963,24,1341,6.705,2424.99,0,0,0.336197022666384,1.68098511333192,3,233
964,24,1417,7.085,2430.9,0,0,0.33819660112501,1.69098300562505,3,234
965,24,1486,7.43,2436.4,0,0,0.340244125422727,1.70122062711363,3,235
966,24,1526,7.63,2442.42,0,0,0.342338988833895,1.71169494416947,3,236
967,24,1605,8.025,2448.59,0,0,0.344480570605274,1.72240285302637,3,237
968,24,1691,8.455,2454.095,0,0,0.346668236139968,1.73334118069984,3,238
969,24,1792,8.96,2459.53,0,0,0.348901337185464,1.74450668592732,3,239
970,23,1881,9.405,2464.99,1,0,0.351179212025728,1.75589606012864,3,240
971,23,1971,9.855,2470.015,1,1,0.353501185677284,1.76750592838642,3,241
972,23,2064,10.32,2474.955,0,0,0.355866570089228,1.77933285044614,3,242
973,23,2118,10.59,2479.82,0,0,0.358274664347108,1.79137332173554,3,243
974,23,2298,11.49,2484.91,0,0,0.360724754880625,1.80362377440313,3,244
975,23,2412,12.06,2489.625,0,0,0.363216115675077,1.81608057837539,3,245
976,24,2601,13.005,2494.255,0,1,0.365748008486494,1.82874004243247,3,246
977,24,2784,13.92,2498.435,0,0,0.36831968306039,1.84159841530195,3,247
978,24,2969,14.845,2502.765,0,0,0.37093037735409,1.85465188677045,3,248
979,25,3106,15.53,2506.735,0,1,0.373579317762531,1.86789658881265,3,249
980,26,3270,16.35,2510.67,0,1,0.3762657193475,1.8813285967375,3,250
981,26,3471,17.355,2514.22,0,0,0.37898878607023,1.89494393035115,3,251
982,26,3687,18.435,2517.435,0,0,0.381747711027284,1.90873855513642,3,252
983,27,3849,19.245,2520.37,0,1,0.384541676689654,1.92270838344827,3,253
984,28,4026,20.13,2523.285,0,1,0.387369855145016,1.93684927572508,3,254
985,27,4272,21.36,2526.19,1,0,0.390231408343056,1.95115704171528,3,255
986,27,4558,22.79,2528.99,0,0,0.393125488343805,1.96562744171902,3,256
987,28,4818,24.09,2531.4,0,1,0.396051237568897,1.98025618784449,3,257
988,28,5034,25.17,2533.315,0,0,0.399007789055696,1.99503894527848,3,258
989,28,5260,26.3,2535.52,0,0,0.401994266714188,2.00997133357094,3,259
990,28,5534,27.67,2537.775,0,0,0.40500978558659,2.02504892793295,3,260
991,28,5708,28.54,2539.03,0,0,0.408053452109579,2.04026726054789,3,261
992,29,5847,29.235,2539.895,0,1,0.411124364379077,2.05562182189539,3,262
993,30,6037,30.185,2540.67,0,1,0.414221612417503,2.07110806208751,3,263
994,31,6178,30.89,2541.36,1,2,0.417344278443419,2.0867213922171,3,264
995,32,6239,31.195,2542.005,1,2,0.420491437143489,2.10245718571744,3,265
996,31,6406,32.03,2542.495,1,0,0.423662155946668,2.11831077973334,3,266
997,31,6542,32.71,2542.98,0,0,0.426855495300546,2.13427747650273,3,267
998,31,6602,33.01,2543.48,0,0,0.430070508949754,2.15035254474877,3,268
999,31,6658,33.29,2543.385,1,1,0.433306244216362,2.16653122108181,3,269
1000,31,6627,33.135,2543.07,1,1,0.436561742282178,2.18280871141089,3,270
1001,31,6651,33.255,2543.295,0,0,0.439836038472867,2.19918019236433,3,271
1002,33,6773,33.865,2543.52,0,2,0.443128162543799,2.215640812719,3,272
1003,34,6842,34.21,2543.45,1,2,0.446437138967565,2.23218569483783,3,273
1004,33,6937,34.685,2543.035,1,0,0.449761987223036,2.24880993611518,3,274
1005,33,7037,35.185,2542.475,0,0,0.453101722085918,2.26550861042959,3,275
1006,32,7167,35.835,2541.595,1,0,0.456455353920693,2.28227676960347,3,276
1007,32,7182,35.91,2540.96,0,0,0.459821888973872,2.29910944486936,3,277
1008,32,7267,36.335,2540.105,0,0,0.463200329668464,2.31600164834232,3,278
1009,32,7445,37.225,2539.29,0,0,0.466589674899576,2.33294837449788,3,279
1010,33,7644,38.22,2538.19,0,1,0.469988920331069,2.34994460165535,3,280
1011,33,7815,39.075,2536.655,0,0,0.473397058693161,2.3669852934658,3,281
1012,33,7986,39.93,2535.275,0,0,0.4768130800809,2.3840654004045,3,282
1013,33,8095,40.475,2533.66,0,0,0.480235972253425,2.40117986126713,3,283
1014,33,8128,40.64,2531.715,0,0,0.483664720933915,2.41832360466957,3,284
1015,35,8204,41.02,2530.025,0,2,0.487098310110136,2.43549155055068,3,285
1016,35,8188,40.94,2527.82,0,0,0.490535722335514,2.45267861167757,3,286
1017,35,8081,40.405,2525.945,0,0,0.493975939030618,2.46987969515309,3,287
1018,36,8034,40.17,2524.31,0,1,0.497417940784998,2.48708970392499,3,288
1019,36,7906,39.53,2522.53,0,0,0.500860707659249,2.50430353829625,3,289
1020,36,7662,38.31,2520.235,0,0,0.504303219487245,2.52151609743622,3,290
1021,36,7476,37.38,2518.3,0,0,0.507744456178435,2.53872228089217,3,291
1022,36,7217,36.085,2516.58,0,0,0.51118339802012,2.5559169901006,3,292
1023,37,7035,35.175,2515.29,0,1,0.514619025979616,2.57309512989808,3,293
1024,37,6958,34.79,2514.45,0,0,0.518050322006208,2.59025161003104,3,294
1025,37,6884,34.42,2513.065,0,0,0.521476269332832,2.60738134666416,3,295
1026,37,6767,33.835,2511.395,0,0,0.524895852777358,2.62447926388679,3,296
1027,39,6708,33.54,2510.1,0,2,0.528308059043409,2.64154029521704,3,297
1028,38,6582,32.91,2508.1,1,0,0.531711877020627,2.65855938510314,3,298
1029,40,6616,33.08,2507.01,0,2,0.535106298084286,2.67553149042143,3,299
1030,40,6658,33.29,2505.9,0,0,0.538490316394166,2.69245158197083,3,300
1031,40,6717,33.585,2504.645,0,0,0.541862929192609,2.70931464596305,3,301
1032,44,6846,34.23,2503.355,0,4,0.545223137101657,2.72611568550829,3,302
1033,43,6927,34.635,2501.735,1,0,0.548569944419187,2.74284972209593,3,303
1034,43,6950,34.75,2499.825,0,0,0.55190235941396,2.7595117970698,3,304
1035,43,7028,35.14,2497.755,0,0,0.555219394619494,2.77609697309747,3,305
1036,45,7245,36.225,2495.695,0,2,0.55852006712667,2.79260033563335,3,306
1037,46,7402,37.01,2494.07,0,1,0.561803398874989,2.80901699437495,3,307
1038,46,7535,37.675,2492.24,0,0,0.565068416942396,2.82534208471198,3,308
1039,47,7631,38.155,2490.02,0,1,0.568314153833571,2.84157076916785,3,309
1040,47,7539,37.695,2487.585,0,0,0.571539647766625,2.85769823883312,3,310
1041,47,7496,37.48,2485,0,0,0.574743942958094,2.87371971479047,3,311
1042,49,7439,37.195,2481.98,0,2,0.577926089906158,2.88963044953079,3,312
1043,49,7343,36.715,2479.55,0,0,0.581085145671999,2.90542572836,3,313
1044,49,7178,35.89,2476.76,1,1,0.584220174159218,2.92110087079609,3,314
1045,49,7093,35.465,2474.71,0,0,0.587330246391213,2.93665123195606,3,315
1046,51,7101,35.505,2472.83,0,2,0.59041444078646,2.9520722039323,3,316
1047,53,7045,35.225,2470.315,0,2,0.5934718434316,2.967359217158,3,317
1048,52,7057,35.285,2467.98,1,0,0.596501548352243,2.98250774176122,3,318
1049,51,7118,35.59,2465.28,1,0,0.599502657781436,2.99751328890718,3,319
1050,51,7283,36.415,2462.79,0,0,0.602474282425685,3.01237141212842,3,320
1051,51,7427,37.135,2459.915,0,0,0.605415541728474,3.02707770864237,3,321
1052,51,7758,38.79,2457.63,0,0,0.608325564131197,3.04162782065598,3,322
1053,52,8125,40.625,2454.945,0,1,0.611203487331409,3.05601743665705,3,323
1054,53,8498,42.49,2451.68,0,1,0.614048458538357,3.07024229269178,3,324
1055,53,8840,44.2,2447.96,0,0,0.616859634725673,3.08429817362837,3,325
1056,53,9197,45.985,2444.06,0,0,0.619636182881183,3.09818091440592,3,326
1057,53,9472,47.36,2439.7,0,0,0.622377280253745,3.11188640126872,3,327
1058,54,9754,48.77,2435.635,0,1,0.625082114597049,3.12541057298525,3,328
1059,54,10012,50.06,2430.73,0,0,0.627749884410305,3.13874942205153,3,329
1060,54,10091,50.455,2425.525,0,0,0.630379799175743,3.15189899587871,3,330
1061,54,10170,50.85,2420.555,0,0,0.632971079592857,3.16485539796429,3,331
1062,54,10170,50.85,2415.095,0,0,0.635522957809338,3.17761478904669,3,332
1063,54,10279,51.395,2409.96,0,0,0.638034677648594,3.19017338824297,3,333
1064,55,10365,51.825,2404.67,0,1,0.640505494833831,3.20252747416916,3,334
1065,58,10427,52.135,2399.575,0,3,0.642934677208592,3.21467338604296,3,335
1066,58,10490,52.45,2394.095,0,0,0.645321504953713,3.22660752476856,3,336
1067,59,10639,53.195,2388.82,0,1,0.647665270800621,3.23832635400311,3,337
1068,61,10779,53.895,2383.645,0,2,0.649965280240914,3.24982640120457,3,338
1069,61,10830,54.15,2377.795,1,1,0.652220851732155,3.26110425866077,3,339
1070,60,10666,53.33,2371.905,1,0,0.654431316899833,3.27215658449916,3,340
1071,61,10519,52.595,2366.42,0,1,0.656596020735412,3.28298010367706,3,341
1072,62,10263,51.315,2360.815,0,1,0.658714321790429,3.29357160895215,3,342
1073,65,9955,49.775,2355.185,0,3,0.660785592366564,3.30392796183282,3,343
1074,65,9731,48.655,2350.005,0,0,0.662809218701644,3.31404609350822,3,344
1075,65,9438,47.19,2344.825,0,0,0.664784601151511,3.32392300575755,3,345
1076,65,9281,46.405,2340.585,1,1,0.666711154367714,3.33355577183857,3,346
1077,65,9130,45.65,2336.205,0,0,0.668588307470956,3.34294153735478,3,347
1078,65,8973,44.865,2331.71,0,0,0.670415504220262,3.35207752110131,3,348
1079,66,8739,43.695,2327.095,0,1,0.672192203177799,3.36096101588899,3,349
1080,66,8572,42.86,2322.58,0,0,0.673917877869322,3.36958938934661,3,350
1081,66,8653,43.265,2318.785,0,0,0.675592016940177,3.37796008470089,3,351
1082,65,8763,43.815,2314.695,1,0,0.677214124306828,3.38607062153414,3,352
1083,66,9044,45.22,2310.715,0,1,0.678783719303851,3.39391859651926,3,353
1084,64,9448,47.24,2306.655,2,0,0.680300336826377,3.40150168413188,3,354
1085,63,9948,49.74,2301.43,1,0,0.681763527467901,3.4088176373395,3,355
1086,62,10602,53.01,2295.925,1,0,0.683172857653457,3.41586428826729,3,356
1087,62,11396,56.98,2290.335,1,1,0.684527909768097,3.42263954884049,3,357
1088,62,12128,60.64,2283.8,0,0,0.685828282280635,3.42914141140317,3,358
1089,63,12910,64.55,2277.03,0,1,0.68707358986263,3.43536794931315,3,359
1090,63,13596,67.98,2269.48,2,2,0.688263463502569,3.44131731751285,3,360
1091,64,14026,70.13,2260.79,0,1,0.689397550615215,3.44698775307607,3,361
1092,65,14198,70.99,2252.235,0,1,0.690475515146079,3.4523775757304,3,362
1093,66,14092,70.46,2243.005,0,1,0.691497037671008,3.45748518835504,3,363
1094,68,13764,68.82,2234.025,0,2,0.69246181549083,3.46230907745415,3,364
1095,70,13303,66.515,2225.215,0,2,0.693369562721056,3.46684781360528,4,0
1096,72,12647,63.235,2216.845,0,2,0.69422001037659,3.47110005188295,4,1
1097,72,12077,60.385,2209.365,0,0,0.695012906451439,3.47506453225719,4,2
1098,72,11566,57.83,2202.71,1,1,0.695748015993383,3.47874007996691,4,3
1099,73,11021,55.105,2196.04,0,1,0.6964251211736,3.482125605868,4,4
1100,73,10427,52.135,2189.45,1,1,0.697044021351212,3.48522010675606,4,5
1101,73,9993,49.965,2183.46,0,0,0.69760453313274,3.4880226656637,4,6
1102,74,9530,47.65,2178.245,0,1,0.698106490426445,3.49053245213222,4,7
1103,74,9107,45.535,2172.945,0,0,0.698549744491548,3.49274872245774,4,8
1104,75,8963,44.815,2168.11,0,1,0.698934163982304,3.49467081991152,4,9
1105,75,9073,45.365,2163.535,0,0,0.699259634986922,3.49629817493461,4,10
1106,75,9396,46.98,2158.48,0,0,0.699526061061317,3.49763030530659,4,11
1107,74,9929,49.645,2153.655,1,0,0.699733363257695,3.49866681628848,4,12
1108,72,10617,53.085,2148.4,2,0,0.699881480147941,3.4994074007397,4,13
1109,73,11444,57.22,2142.375,0,1,0.699970367841823,3.49985183920912,4,14
1110,72,12313,61.565,2135.14,2,1,0.7,3.5,4,15
1111,72,13097,65.485,2127.75,1,1,0.699970367841823,3.49985183920912,4,16
1112,72,13817,69.085,2120.025,2,2,0.699881480147941,3.4994074007397,4,17
1113,71,14389,71.945,2111.49,1,0,0.699733363257695,3.49866681628848,4,18
1114,72,14827,74.135,2102.34,1,2,0.699526061061317,3.49763030530659,4,19
1115,71,15158,75.79,2092.555,1,0,0.699259634986922,3.49629817493461,4,20
1116,72,15423,77.115,2082.835,1,2,0.698934163982304,3.49467081991152,4,21
1117,73,15837,79.185,2073.145,0,1,0.698549744491548,3.49274872245774,4,22
1118,73,15906,79.53,2062.25,0,0,0.698106490426445,3.49053245213222,4,23
1119,74,15897,79.485,2051.58,0,1,0.69760453313274,3.4880226656637,4,24
1120,73,15774,78.87,2040.725,2,1,0.697044021351212,3.48522010675606,4,25
1121,72,15480,77.4,2030.27,1,0,0.6964251211736,3.482125605868,4,26
1122,73,14951,74.755,2019.745,0,1,0.695748015993383,3.47874007996692,4,27
1123,74,14363,71.815,2010.065,0,1,0.695012906451439,3.47506453225719,4,28
1124,73,13564,67.82,2000.31,1,0,0.69422001037659,3.47110005188295,4,29
1125,71,12792,63.96,1991.275,2,0,0.693369562721055,3.46684781360528,4,30
1126,70,12219,61.095,1983.08,2,1,0.69246181549083,3.46230907745415,4,31
1127,69,11779,58.895,1975.86,1,0,0.691497037671008,3.45748518835504,4,32
1128,68,11483,57.415,1968.535,1,0,0.69047551514608,3.4523775757304,4,33
1129,68,11306,56.53,1961.76,1,1,0.689397550615215,3.44698775307607,4,34
1130,69,11211,56.055,1955.16,0,1,0.68826346350257,3.44131731751285,4,35
1131,70,11240,56.2,1949.01,0,1,0.68707358986263,3.43536794931315,4,36
1132,71,11212,56.06,1942.28,1,2,0.685828282280635,3.42914141140317,4,37
1133,68,11330,56.65,1936.105,3,0,0.684527909768097,3.42263954884049,4,38
1134,66,11443,57.215,1929.82,2,0,0.683172857653457,3.41586428826729,4,39
1135,66,11457,57.285,1923.275,1,1,0.681763527467901,3.4088176373395,4,40
1136,67,11429,57.145,1916.515,0,1,0.680300336826377,3.40150168413188,4,41
1137,68,11226,56.13,1909.4,2,3,0.678783719303852,3.39391859651926,4,42
1138,68,11109,55.545,1902.895,0,0,0.677214124306828,3.38607062153414,4,43
1139,69,10898,54.49,1896.28,0,1,0.675592016940178,3.37796008470089,4,44
1140,67,10694,53.47,1890.185,2,0,0.673917877869322,3.36958938934661,4,45
1141,67,10520,52.6,1883.93,1,1,0.672192203177799,3.36096101588899,4,46
1142,66,10423,52.115,1878.6,2,1,0.670415504220262,3.35207752110131,4,47
1143,66,10255,51.275,1872.92,0,0,0.668588307470957,3.34294153735478,4,48
1144,66,10080,50.4,1867.72,2,2,0.666711154367714,3.33355577183857,4,49
1145,65,9875,49.375,1862.115,1,0,0.664784601151511,3.32392300575756,4,50
1146,64,9764,48.82,1856.93,1,0,0.662809218701644,3.31404609350822,4,51
1147,61,9666,48.33,1851.795,3,0,0.660785592366564,3.30392796183282,4,52
1148,61,9708,48.54,1846.92,0,0,0.658714321790429,3.29357160895215,4,53
1149,62,9779,48.895,1841.965,0,1,0.656596020735413,3.28298010367706,4,54
1150,63,9780,48.9,1837.24,1,2,0.654431316899833,3.27215658449916,4,55
1151,62,9788,48.94,1831.855,1,0,0.652220851732155,3.26110425866078,4,56
1152,62,9814,49.07,1826.455,0,0,0.649965280240914,3.24982640120457,4,57
1153,62,9808,49.04,1821.405,0,0,0.647665270800622,3.23832635400311,4,58
1154,62,9709,48.545,1816.15,0,0,0.645321504953714,3.22660752476857,4,59
1155,62,9606,48.03,1811.225,0,0,0.642934677208592,3.21467338604296,4,60
1156,63,9537,47.685,1806.745,1,2,0.640505494833831,3.20252747416916,4,61
1157,63,9393,46.965,1802.06,1,1,0.638034677648595,3.19017338824297,4,62
1158,61,9290,46.45,1797.14,2,0,0.635522957809338,3.17761478904669,4,63
1159,60,9247,46.235,1792.76,1,0,0.632971079592857,3.16485539796429,4,64
1160,59,9038,45.19,1788.305,2,1,0.630379799175743,3.15189899587871,4,65
1161,59,8882,44.41,1784.135,0,0,0.627749884410306,3.13874942205153,4,66
1162,57,8830,44.15,1780.725,2,0,0.625082114597049,3.12541057298525,4,67
1163,58,8618,43.09,1776.88,0,1,0.622377280253745,3.11188640126873,4,68
1164,55,8297,41.485,1773.045,3,0,0.619636182881183,3.09818091440592,4,69
1165,55,8007,40.035,1769.745,1,1,0.616859634725674,3.08429817362837,4,70
1166,53,7525,37.625,1766.505,2,0,0.614048458538357,3.07024229269179,4,71
1167,53,7110,35.55,1763.87,1,1,0.611203487331409,3.05601743665704,4,72
1168,53,6582,32.91,1761.365,1,1,0.608325564131196,3.04162782065598,4,73
1169,51,6128,30.64,1759.545,2,0,0.605415541728475,3.02707770864237,4,74
1170,54,5748,28.74,1758.17,0,3,0.602474282425685,3.01237141212842,4,75
1171,54,5421,27.105,1756.94,0,0,0.599502657781436,2.99751328890718,4,76
1172,54,5097,25.485,1755.89,0,0,0.596501548352244,2.98250774176122,4,77
1173,54,4932,24.66,1755.79,1,1,0.5934718434316,2.967359217158,4,78
1174,53,4863,24.315,1755.93,1,0,0.590414440786461,2.9520722039323,4,79
1175,55,4942,24.71,1755.88,0,2,0.587330246391213,2.93665123195606,4,80
1176,55,5069,25.345,1755.57,0,0,0.584220174159218,2.92110087079609,4,81
1177,54,5195,25.975,1755.24,1,0,0.581085145672,2.90542572836,4,82
1178,51,5330,26.65,1754.885,3,0,0.577926089906158,2.88963044953079,4,83
1179,51,5426,27.13,1754.605,0,0,0.574743942958094,2.87371971479047,4,84
1180,50,5426,27.13,1754.125,1,0,0.571539647766625,2.85769823883312,4,85
1181,49,5393,26.965,1754.13,1,0,0.568314153833571,2.84157076916786,4,86
1182,48,5272,26.36,1753.75,1,0,0.565068416942396,2.82534208471198,4,87
1183,48,5114,25.57,1753.5,0,0,0.56180339887499,2.80901699437495,4,88
1184,48,4822,24.11,1753.185,0,0,0.55852006712667,2.79260033563335,4,89
1185,48,4530,22.65,1753.45,0,0,0.555219394619494,2.77609697309747,4,90
1186,48,4246,21.23,1753.715,0,0,0.55190235941396,2.7595117970698,4,91
1187,47,4029,20.145,1754.14,1,0,0.548569944419188,2.74284972209594,4,92
1188,45,3834,19.17,1755.1,2,0,0.545223137101658,2.72611568550829,4,93
1189,44,3688,18.44,1756.235,1,0,0.54186292919261,2.70931464596305,4,94
1190,45,3573,17.865,1757.765,0,1,0.538490316394166,2.69245158197083,4,95
1191,46,3571,17.855,1759.14,0,1,0.535106298084285,2.67553149042143,4,96
1192,46,3646,18.23,1760.985,0,0,0.531711877020627,2.65855938510314,4,97
1193,45,3759,18.795,1762.59,1,0,0.528308059043409,2.64154029521705,4,98
1194,44,3961,19.805,1764.23,1,0,0.524895852777359,2.62447926388679,4,99
1195,44,4220,21.1,1765.375,0,0,0.521476269332833,2.60738134666416,4,100
1196,45,4461,22.305,1767.015,0,1,0.518050322006208,2.59025161003104,4,101
1197,43,4722,23.61,1768.01,2,0,0.514619025979616,2.57309512989808,4,102
1198,43,4914,24.57,1768.595,0,0,0.511183398020121,2.5559169901006,4,103
1199,44,4992,24.96,1769.375,0,1,0.507744456178435,2.53872228089217,4,104
1200,42,5040,25.2,1770.34,2,0,0.504303219487244,2.52151609743622,4,105
1201,42,5089,25.445,1771.31,0,0,0.500860707659249,2.50430353829624,4,106
1202,42,4965,24.825,1771.895,0,0,0.497417940784998,2.48708970392499,4,107
1203,42,4853,24.265,1773.005,0,0,0.493975939030619,2.46987969515309,4,108
1204,42,4671,23.355,1774.185,0,0,0.490535722335514,2.45267861167757,4,109
1205,42,4512,22.56,1775.405,0,0,0.487098310110137,2.43549155055069,4,110
1206,41,4213,21.065,1776.57,1,0,0.483664720933915,2.41832360466958,4,111
1207,41,3957,19.785,1778.2,0,0,0.480235972253426,2.40117986126713,4,112
1208,41,3631,18.155,1779.94,0,0,0.4768130800809,2.3840654004045,4,113
1209,43,3329,16.645,1781.965,0,2,0.473397058693161,2.3669852934658,4,114
1210,41,3053,15.265,1784.35,2,0,0.46998892033107,2.34994460165535,4,115
1211,41,2823,14.115,1787.25,0,0,0.466589674899576,2.33294837449788,4,116
1212,39,2665,13.325,1790.46,2,0,0.463200329668464,2.31600164834232,4,117
1213,37,2521,12.605,1793.695,2,0,0.459821888973873,2.29910944486936,4,118
1214,37,2411,12.055,1797.03,1,1,0.456455353920694,2.28227676960347,4,119
1215,37,2315,11.575,1800.405,0,0,0.453101722085918,2.26550861042959,4,120
1216,37,2208,11.04,1803.965,0,0,0.449761987223036,2.24880993611518,4,121
1217,36,2054,10.27,1807.505,1,0,0.446437138967565,2.23218569483783,4,122
1218,35,1982,9.91,1811.495,1,0,0.4431281625438,2.215640812719,4,123
1219,36,1896,9.48,1815.54,0,1,0.439836038472867,2.19918019236433,4,124
1220,35,1824,9.12,1819.845,1,0,0.436561742282179,2.1828087114109,4,125
1221,34,1740,8.7,1824.08,1,0,0.433306244216363,2.16653122108181,4,126
1222,33,1632,8.16,1828.55,1,0,0.430070508949754,2.15035254474877,4,127
1223,31,1513,7.565,1832.78,2,0,0.426855495300546,2.13427747650273,4,128
1224,31,1414,7.07,1837.495,0,0,0.423662155946668,2.11831077973334,4,129
1225,30,1330,6.65,1842.17,1,0,0.420491437143489,2.10245718571745,4,130
1226,30,1242,6.21,1847.05,0,0,0.41734427844342,2.0867213922171,4,131
1227,30,1137,5.685,1851.68,0,0,0.414221612417504,2.07110806208752,4,132
1228,30,1087,5.435,1856.68,0,0,0.411124364379077,2.05562182189539,4,133
1229,29,1036,5.18,1861.82,1,0,0.408053452109579,2.0402672605479,4,134
1230,30,962,4.81,1867.145,0,1,0.40500978558659,2.02504892793295,4,135
1231,29,864,4.32,1872.355,1,0,0.401994266714188,2.00997133357094,4,136
1232,28,779,3.895,1877.7,1,0,0.399007789055696,1.99503894527848,4,137
1233,27,734,3.67,1883.495,1,0,0.396051237568897,1.98025618784448,4,138
1234,26,683,3.415,1889.225,1,0,0.393125488343805,1.96562744171902,4,139
1235,25,628,3.14,1895.08,1,0,0.390231408343056,1.95115704171528,4,140
1236,25,597,2.985,1900.95,0,0,0.387369855145016,1.93684927572508,4,141
1237,25,529,2.645,1906.255,0,0,0.384541676689655,1.92270838344827,4,142
1238,25,510,2.55,1912.295,0,0,0.381747711027285,1.90873855513642,4,143
1239,25,494,2.47,1918.16,0,0,0.37898878607023,1.89494393035115,4,144
1240,25,485,2.425,1924.32,0,0,0.376265719347499,1.8813285967375,4,145
1241,25,474,2.37,1930.245,0,0,0.37357931776253,1.86789658881265,4,146
1242,25,473,2.365,1936.53,0,0,0.37093037735409,1.85465188677045,4,147
1243,24,458,2.29,1942.66,1,0,0.36831968306039,1.84159841530195,4,148
1244,22,450,2.25,1949.095,2,0,0.365748008486494,1.82874004243247,4,149
1245,22,445,2.225,1955.15,0,0,0.363216115675078,1.81608057837539,4,150
1246,22,428,2.14,1961.405,0,0,0.360724754880625,1.80362377440313,4,151
1247,21,421,2.105,1967.44,1,0,0.358274664347108,1.79137332173554,4,152
1248,20,411,2.055,1973.585,1,0,0.355866570089228,1.77933285044614,4,153
1249,20,399,1.995,1979.685,0,0,0.353501185677284,1.76750592838642,4,154
1250,19,393,1.965,1986.045,1,0,0.351179212025728,1.75589606012864,4,155
1251,18,393,1.965,1992.68,1,0,0.348901337185464,1.74450668592732,4,156
1252,17,391,1.955,1998.85,1,0,0.346668236139968,1.73334118069984,4,157
1253,17,398,1.99,2005.1,0,0,0.344480570605274,1.72240285302637,4,158
1254,17,396,1.98,2011.185,0,0,0.342338988833895,1.71169494416947,4,159
1255,16,405,2.025,2017.47,1,0,0.340244125422727,1.70122062711364,4,160
1256,16,380,1.9,2023.94,0,0,0.338196601125011,1.69098300562505,4,161
1257,16,375,1.875,2030.6,0,0,0.336197022666384,1.68098511333192,4,162
1258,16,357,1.785,2037.235,0,0,0.334245982565099,1.6712299128255,4,163
1259,15,353,1.765,2043.5,1,0,0.332344058956445,1.66172029478223,4,164
1260,15,365,1.825,2050.165,0,0,0.330491815421434,1.65245907710717,4,165
1261,15,345,1.725,2056.675,0,0,0.328689800819799,1.643449004099,4,166
1262,15,339,1.695,2063.305,0,0,0.326938549127359,1.63469274563679,4,167
1263,14,330,1.65,2070.41,1,0,0.325238579277784,1.62619289638892,4,168
1264,14,329,1.645,2077.185,0,0,0.323590395008829,1.61795197504415,4,169
1265,14,309,1.545,2084.005,0,0,0.321994484713065,1.60997242356532,4,170
1266,15,316,1.58,2090.78,0,1,0.320451321293153,1.60225660646577,4,171
1267,14,318,1.59,2097.5,1,0,0.318961362021721,1.5948068101086,4,172
1268,14,319,1.595,2104.445,0,0,0.317525048405855,1.58762524202927,4,173
1269,14,322,1.61,2111.035,0,0,0.316142806056278,1.58071403028139,4,174
1270,14,317,1.585,2117.735,0,0,0.31481504456123,1.57407522280615,4,175
1271,14,314,1.57,2124.545,0,0,0.313542157365097,1.56771078682549,4,176
1272,13,319,1.595,2131.02,1,0,0.312324521651827,1.56162260825914,4,177
1273,13,328,1.64,2137.6,0,0,0.31116249823316,1.5558124911658,4,178
1274,13,325,1.625,2143.875,0,0,0.310056431441714,1.55028215720857,4,179
1275,13,329,1.645,2150.84,0,0,0.309006649028949,1.54503324514474,4,180
1276,13,323,1.615,2157.53,0,0,0.308013462068051,1.54006731034026,4,181
1277,13,324,1.62,2164.365,0,0,0.307077164861751,1.53538582430876,4,182
1278,13,337,1.685,2170.995,0,0,0.306198034855119,1.53099017427559,4,183
1279,13,361,1.805,2177.75,0,0,0.305376332553348,1.52688166276674,4,184
1280,13,379,1.895,2184.625,0,0,0.304612301444564,1.52306150722282,4,185
1281,13,377,1.885,2191.345,0,0,0.303906167927674,1.51953083963837,4,186
1282,13,369,1.845,2198.33,0,0,0.303258141245278,1.51629070622639,4,187
1283,13,365,1.825,2205.265,0,0,0.302668413421669,1.51334206710834,4,188
1284,13,360,1.8,2211.77,0,0,0.302137159205927,1.51068579602963,4,189
1285,13,370,1.85,2218.76,0,0,0.301664536020142,1.50832268010071,4,190
1286,13,380,1.9,2225.45,0,0,0.301250683912764,1.50625341956382,4,191
1287,13,374,1.87,2232.395,0,0,0.300895725517105,1.50447862758552,4,192
1288,13,380,1.9,2239.285,0,0,0.300599766014997,1.50299883007498,4,193
1289,13,398,1.99,2245.895,0,0,0.300362893105628,1.50181446552814,4,194
1290,13,419,2.095,2252.545,0,0,0.300185176979554,1.50092588489777,4,195
1291,13,411,2.055,2259.265,0,0,0.300066670297898,1.50033335148949,4,196
1292,13,424,2.12,2266.24,0,0,0.300007408176747,1.50003704088373,4,197
1293,13,444,2.22,2273.23,0,0,0.300007408176747,1.50003704088373,4,198
1294,13,451,2.255,2279.99,0,0,0.300066670297898,1.50033335148949,4,199
1295,14,447,2.235,2286.48,0,1,0.300185176979554,1.50092588489777,4,200
1296,14,447,2.235,2293.2,0,0,0.300362893105628,1.50181446552814,4,201
1297,14,466,2.33,2300.24,0,0,0.300599766014997,1.50299883007498,4,202
1298,14,478,2.39,2306.62,0,0,0.300895725517105,1.50447862758552,4,203
1299,14,485,2.425,2313.05,0,0,0.301250683912764,1.50625341956382,4,204
1300,13,477,2.385,2319.39,1,0,0.301664536020142,1.50832268010071,4,205
1301,13,493,2.465,2325.975,0,0,0.302137159205927,1.51068579602963,4,206
1302,13,506,2.53,2332.25,0,0,0.302668413421669,1.51334206710834,4,207
1303,13,540,2.7,2338.69,0,0,0.303258141245278,1.51629070622639,4,208
1304,13,555,2.775,2345.18,0,0,0.303906167927673,1.51953083963837,4,209
1305,13,581,2.905,2351.315,0,0,0.304612301444564,1.52306150722282,4,210
1306,13,597,2.985,2357.5,0,0,0.305376332553348,1.52688166276674,4,211
1307,14,634,3.17,2363.945,0,1,0.306198034855119,1.53099017427559,4,212
1308,13,646,3.23,2370.4,1,0,0.307077164861751,1.53538582430876,4,213
1309,13,659,3.295,2376.455,0,0,0.308013462068051,1.54006731034026,4,214
1310,13,660,3.3,2382.395,0,0,0.309006649028949,1.54503324514474,4,215
1311,13,677,3.385,2388.33,0,0,0.310056431441714,1.55028215720857,4,216
1312,14,692,3.46,2394.825,0,1,0.31116249823316,1.5558124911658,4,217
1313,14,720,3.6,2400.9,0,0,0.312324521651827,1.56162260825914,4,218
1314,14,750,3.75,2406.98,0,0,0.313542157365097,1.56771078682549,4,219
1315,14,779,3.895,2413.245,0,0,0.31481504456123,1.57407522280615,4,220
1316,14,769,3.845,2419.16,0,0,0.316142806056278,1.58071403028139,4,221
1317,14,784,3.92,2425.065,0,0,0.317525048405854,1.58762524202927,4,222
1318,14,819,4.095,2431.04,0,0,0.31896136202172,1.5948068101086,4,223
1319,14,842,4.21,2436.92,0,0,0.320451321293153,1.60225660646577,4,224
1320,14,880,4.4,2442.76,0,0,0.321994484713065,1.60997242356532,4,225
1321,15,899,4.495,2448.63,0,1,0.323590395008829,1.61795197504415,4,226
1322,15,937,4.685,2454.57,0,0,0.325238579277784,1.62619289638892,4,227
1323,15,955,4.775,2460.375,0,0,0.326938549127359,1.63469274563679,4,228
1324,15,983,4.915,2466.205,0,0,0.328689800819799,1.643449004099,4,229
1325,14,1032,5.16,2471.82,1,0,0.330491815421434,1.65245907710717,4,230
1326,14,1064,5.32,2477.58,0,0,0.332344058956445,1.66172029478223,4,231
1327,14,1095,5.475,2482.97,0,0,0.334245982565099,1.67122991282549,4,232
1328,14,1123,5.615,2488.475,0,0,0.336197022666384,1.68098511333192,4,233
1329,14,1171,5.855,2493.965,0,0,0.33819660112501,1.69098300562505,4,234
1330,14,1245,6.225,2499.095,0,0,0.340244125422727,1.70122062711363,4,235
1331,14,1303,6.515,2504.11,0,0,0.342338988833895,1.71169494416947,4,236
1332,15,1379,6.895,2509.25,0,1,0.344480570605275,1.72240285302637,4,237
1333,15,1452,7.26,2514.425,0,0,0.346668236139968,1.73334118069984,4,238
1334,16,1529,7.645,2519.325,0,1,0.348901337185464,1.74450668592732,4,239
1335,15,1588,7.94,2524.235,1,0,0.351179212025727,1.75589606012864,4,240
1336,15,1656,8.28,2529.06,0,0,0.353501185677284,1.76750592838642,4,241
1337,15,1742,8.71,2533.675,0,0,0.355866570089228,1.77933285044614,4,242
1338,15,1843,9.215,2538.145,0,0,0.358274664347108,1.79137332173554,4,243
1339,15,1947,9.735,2542.315,0,0,0.360724754880625,1.80362377440313,4,244
1340,15,2008,10.04,2545.975,0,0,0.363216115675078,1.81608057837539,4,245
1341,15,2124,10.62,2550.11,0,0,0.365748008486493,1.82874004243247,4,246
1342,15,2247,11.235,2554.42,0,0,0.36831968306039,1.84159841530195,4,247
1343,14,2363,11.815,2558.38,1,0,0.37093037735409,1.85465188677045,4,248
1344,15,2420,12.1,2562.115,0,1,0.37357931776253,1.86789658881265,4,249
1345,15,2540,12.7,2565.855,0,0,0.3762657193475,1.8813285967375,4,250
1346,15,2688,13.44,2569.515,0,0,0.37898878607023,1.89494393035115,4,251
1347,15,2815,14.075,2573.16,0,0,0.381747711027284,1.90873855513642,4,252
1348,15,2995,14.975,2576.63,0,0,0.384541676689654,1.92270838344827,4,253
1349,15,3139,15.695,2579.59,0,0,0.387369855145016,1.93684927572508,4,254
1350,16,3261,16.305,2582.32,0,1,0.390231408343056,1.95115704171528,4,255
1351,16,3409,17.045,2585.33,0,0,0.393125488343804,1.96562744171902,4,256
1352,16,3513,17.565,2587.675,0,0,0.396051237568896,1.98025618784448,4,257
1353,16,3592,17.96,2589.885,0,0,0.399007789055696,1.99503894527848,4,258
1354,16,3668,18.34,2592.485,0,0,0.401994266714188,2.00997133357094,4,259
1355,17,3688,18.44,2594.29,0,1,0.40500978558659,2.02504892793295,4,260
1356,19,3799,18.995,2596.995,0,2,0.408053452109579,2.04026726054789,4,261
1357,19,3871,19.355,2599.265,0,0,0.411124364379077,2.05562182189539,4,262
1358,19,3920,19.6,2601.28,0,0,0.414221612417503,2.07110806208751,4,263
1359,18,3931,19.655,2603.415,1,0,0.417344278443419,2.0867213922171,4,264
1360,20,3941,19.705,2605.12,0,2,0.420491437143488,2.10245718571744,4,265
1361,20,3895,19.475,2606.865,0,0,0.423662155946668,2.11831077973334,4,266
1362,21,3914,19.57,2608.63,1,2,0.426855495300546,2.13427747650273,4,267
1363,21,3897,19.485,2610.275,0,0,0.430070508949754,2.15035254474877,4,268
1364,23,3903,19.515,2611.975,0,2,0.433306244216362,2.16653122108181,4,269
1365,23,3923,19.615,2613.465,0,0,0.436561742282179,2.1828087114109,4,270
1366,23,3912,19.56,2615.31,0,0,0.439836038472866,2.19918019236433,4,271
1367,23,3883,19.415,2616.905,1,1,0.443128162543799,2.215640812719,4,272
1368,25,3785,18.925,2618.345,0,2,0.446437138967564,2.23218569483782,4,273
1369,23,3765,18.825,2619.72,2,0,0.449761987223036,2.24880993611518,4,274
1370,24,3737,18.685,2621.19,0,1,0.453101722085918,2.26550861042959,4,275
1371,23,3682,18.41,2622.64,1,0,0.456455353920693,2.28227676960347,4,276
1372,23,3643,18.215,2624.265,0,0,0.459821888973872,2.29910944486936,4,277
1373,23,3665,18.325,2625.725,0,0,0.463200329668464,2.31600164834232,4,278
1374,22,3628,18.14,2627.065,1,0,0.466589674899575,2.33294837449788,4,279
1375,23,3624,18.12,2628.59,0,1,0.469988920331069,2.34994460165535,4,280
1376,23,3707,18.535,2630.205,0,0,0.473397058693161,2.36698529346581,4,281
1377,23,3727,18.635,2631.56,0,0,0.4768130800809,2.3840654004045,4,282
1378,24,3714,18.57,2632.59,0,1,0.480235972253426,2.40117986126713,4,283
1379,24,3788,18.94,2633.54,0,0,0.483664720933915,2.41832360466957,4,284
1380,24,3846,19.23,2634.75,0,0,0.487098310110137,2.43549155055068,4,285
1381,25,3995,19.975,2636.005,0,1,0.490535722335514,2.45267861167757,4,286
1382,26,4114,20.57,2636.735,0,1,0.493975939030617,2.46987969515309,4,287
1383,26,4302,21.51,2637.345,0,0,0.497417940784998,2.48708970392499,4,288
1384,25,4494,22.47,2637.855,1,0,0.500860707659249,2.50430353829625,4,289
1385,25,4693,23.465,2638.11,0,0,0.504303219487244,2.52151609743622,4,290
1386,25,4938,24.69,2638.35,0,0,0.507744456178435,2.53872228089217,4,291
1387,26,5138,25.69,2638.005,0,1,0.511183398020121,2.5559169901006,4,292
1388,26,5353,26.765,2637.74,0,0,0.514619025979615,2.57309512989808,4,293
1389,26,5474,27.37,2637.085,0,0,0.518050322006208,2.59025161003104,4,294
1390,26,5464,27.32,2636.01,0,0,0.521476269332832,2.60738134666416,4,295
1391,27,5536,27.68,2635.145,0,1,0.524895852777357,2.62447926388679,4,296
1392,27,5646,28.23,2634.745,0,0,0.528308059043409,2.64154029521704,4,297
1393,27,5694,28.47,2633.75,0,0,0.531711877020626,2.65855938510313,4,298
1394,27,5816,29.08,2632.95,0,0,0.535106298084286,2.67553149042143,4,299
1395,29,5908,29.54,2631.8,0,2,0.538490316394166,2.69245158197083,4,300
1396,29,5982,29.91,2630.555,0,0,0.541862929192609,2.70931464596305,4,301
1397,29,6049,30.245,2629.19,0,0,0.545223137101657,2.72611568550829,4,302
1398,29,6118,30.59,2628.11,0,0,0.548569944419187,2.74284972209594,4,303
1399,30,6088,30.44,2626.565,0,1,0.551902359413959,2.7595117970698,4,304
1400,31,6077,30.385,2624.7,0,1,0.555219394619494,2.77609697309747,4,305
1401,32,6160,30.8,2623.355,0,1,0.558520067126669,2.79260033563334,4,306
1402,35,6152,30.76,2621.51,0,3,0.561803398874989,2.80901699437495,4,307
1403,37,6172,30.86,2619.75,1,3,0.565068416942396,2.82534208471198,4,308
1404,38,6124,30.62,2617.545,0,1,0.568314153833571,2.84157076916785,4,309
1405,36,6166,30.83,2615.99,2,0,0.571539647766625,2.85769823883312,4,310
1406,35,6114,30.57,2614.29,1,0,0.574743942958094,2.87371971479047,4,311
1407,36,6090,30.45,2612.515,0,1,0.577926089906157,2.88963044953078,4,312
1408,36,6078,30.39,2610.585,0,0,0.581085145671999,2.90542572836,4,313
1409,36,6105,30.525,2608.985,0,0,0.584220174159218,2.92110087079609,4,314
1410,36,6114,30.57,2607.095,0,0,0.587330246391212,2.93665123195606,4,315
1411,36,6099,30.495,2605.03,0,0,0.590414440786461,2.95207220393231,4,316
1412,38,6112,30.56,2603.035,0,2,0.5934718434316,2.967359217158,4,317
1413,39,6093,30.465,2600.78,0,1,0.596501548352243,2.98250774176122,4,318
1414,39,6097,30.485,2598.555,0,0,0.599502657781436,2.99751328890718,4,319
1415,38,6135,30.675,2596.435,1,0,0.602474282425684,3.01237141212842,4,320
1416,39,6160,30.8,2594.325,0,1,0.605415541728474,3.02707770864237,4,321
1417,38,6268,31.34,2592.205,1,0,0.608325564131197,3.04162782065598,4,322
1418,38,6358,31.79,2589.84,0,0,0.611203487331409,3.05601743665704,4,323
1419,38,6528,32.64,2587.36,0,0,0.614048458538358,3.07024229269179,4,324
1420,38,6753,33.765,2584.64,0,0,0.616859634725674,3.08429817362837,4,325
1421,39,7076,35.38,2581.95,0,1,0.619636182881183,3.09818091440592,4,326
1422,41,7402,37.01,2578.955,0,2,0.622377280253745,3.11188640126872,4,327
1423,44,7911,39.555,2576.065,0,3,0.625082114597048,3.12541057298524,4,328
1424,45,8324,41.62,2572.64,0,1,0.627749884410305,3.13874942205153,4,329
1425,46,8714,43.57,2568.245,0,1,0.630379799175743,3.15189899587871,4,330
1426,44,9093,45.465,2563.89,2,0,0.632971079592857,3.16485539796428,4,331
1427,44,9484,47.42,2559.35,0,0,0.635522957809338,3.17761478904669,4,332
1428,46,9729,48.645,2554.255,0,2,0.638034677648594,3.19017338824297,4,333
1429,48,9940,49.7,2548.61,0,2,0.640505494833831,3.20252747416916,4,334
1430,49,10087,50.435,2543.045,0,1,0.642934677208592,3.21467338604296,4,335
1431,49,10230,51.15,2537.23,0,0,0.645321504953713,3.22660752476857,4,336
1432,49,10115,50.575,2531.06,1,1,0.647665270800621,3.2383263540031,4,337
1433,49,9992,49.96,2525.26,0,0,0.649965280240914,3.24982640120457,4,338
1434,49,9727,48.635,2519.23,0,0,0.652220851732155,3.26110425866078,4,339
1435,50,9428,47.14,2513.515,0,1,0.654431316899833,3.27215658449916,4,340
1436,51,9108,45.54,2507.7,0,1,0.656596020735412,3.28298010367706,4,341
1437,51,8846,44.23,2502.69,0,0,0.658714321790429,3.29357160895215,4,342
1438,51,8640,43.2,2497.715,0,0,0.660785592366564,3.30392796183282,4,343
1439,51,8509,42.545,2492.645,0,0,0.662809218701644,3.31404609350822,4,344
1440,50,8584,42.92,2487.845,1,0,0.66478460115151,3.32392300575755,4,345
1441,50,8796,43.98,2482.95,0,0,0.666711154367714,3.33355577183857,4,346
1442,49,9116,45.58,2478.06,1,0,0.668588307470957,3.34294153735478,4,347
1443,50,9599,47.995,2472.955,0,1,0.670415504220262,3.35207752110131,4,348
1444,52,10123,50.615,2466.75,0,2,0.672192203177799,3.360961015889,4,349
1445,52,10684,53.42,2460.5,0,0,0.673917877869322,3.36958938934661,4,350
1446,54,11305,56.525,2453.655,0,2,0.675592016940177,3.37796008470089,4,351
1447,56,12010,60.05,2446.78,0,2,0.677214124306828,3.38607062153414,4,352
1448,56,12682,63.41,2439.46,0,0,0.678783719303851,3.39391859651926,4,353
1449,56,13224,66.12,2430.995,0,0,0.680300336826377,3.40150168413188,4,354
1450,57,13620,68.1,2422.24,1,2,0.681763527467901,3.4088176373395,4,355
1451,58,13867,69.335,2413.095,0,1,0.683172857653457,3.41586428826729,4,356
1452,58,13911,69.555,2403.67,1,1,0.684527909768098,3.42263954884049,4,357
1453,60,13640,68.2,2394.27,0,2,0.685828282280635,3.42914141140317,4,358
1454,59,13243,66.215,2384.94,1,0,0.68707358986263,3.43536794931315,4,359
1455,60,12653,63.265,2375.42,0,1,0.688263463502569,3.44131731751285,4,360
1456,60,12162,60.81,2366.915,1,1,0.689397550615215,3.44698775307608,4,361
1457,59,11855,59.275,2359.19,2,1,0.690475515146079,3.4523775757304,4,362
1458,61,11576,57.88,2351.09,1,3,0.691497037671008,3.45748518835504,4,363
1459,61,11441,57.205,2343.675,0,0,0.69246181549083,3.46230907745415,4,364
1460,60,11576,57.88,2336.315,1,0,0.693369562721056,3.46684781360528,5,0
1461,60,11985,59.925,2328.835,0,0,0.69422001037659,3.47110005188295,5,1
1462,60,12541,62.705,2321.105,1,1,0.695012906451439,3.47506453225719,5,2
1463,61,13153,65.765,2312.49,0,1,0.695748015993383,3.47874007996691,5,3
1464,61,13862,69.31,2303.655,0,0,0.6964251211736,3.482125605868,5,4
1465,62,14510,72.55,2294.485,0,1,0.697044021351212,3.48522010675606,5,5
1466,61,15175,75.875,2284.545,1,0,0.69760453313274,3.4880226656637,5,6
1467,61,15510,77.55,2273.66,0,0,0.698106490426445,3.49053245213222,5,7
1468,62,15649,78.245,2262.57,0,1,0.698549744491548,3.49274872245774,5,8
1469,63,15430,77.15,2251.215,0,1,0.698934163982304,3.49467081991152,5,9
1470,64,15032,75.16,2240.175,0,1,0.699259634986922,3.49629817493461,5,10
1471,64,14396,71.98,2229.62,1,1,0.699526061061317,3.49763030530659,5,11
1472,64,13804,69.02,2219.735,1,1,0.699733363257695,3.49866681628848,5,12
1473,64,13004,65.02,2210.12,2,2,0.699881480147941,3.4994074007397,5,13
1474,64,12237,61.185,2200.845,1,1,0.699970367841823,3.49985183920912,5,14
1475,62,11656,58.28,2192.8,2,0,0.7,3.5,5,15
1476,63,11195,55.975,2185.13,0,1,0.699970367841823,3.49985183920912,5,16
1477,62,10813,54.065,2177.715,1,0,0.699881480147941,3.4994074007397,5,17
1478,61,10539,52.695,2170.775,2,1,0.699733363257695,3.49866681628848,5,18
1479,61,10425,52.125,2163.91,0,0,0.699526061061317,3.49763030530659,5,19
1480,60,10455,52.275,2157.56,2,1,0.699259634986922,3.49629817493461,5,20
1481,60,10515,52.575,2151.33,1,1,0.698934163982304,3.49467081991152,5,21
1482,60,10414,52.07,2144.725,0,0,0.698549744491548,3.49274872245774,5,22
1483,60,10401,52.005,2138.015,0,0,0.698106490426445,3.49053245213222,5,23
1484,58,10476,52.38,2131.135,2,0,0.69760453313274,3.4880226656637,5,24
1485,60,10621,53.105,2124.725,0,2,0.697044021351212,3.48522010675606,5,25
1486,57,10754,53.77,2118.325,3,0,0.6964251211736,3.482125605868,5,26
1487,58,10690,53.45,2111.02,0,1,0.695748015993383,3.47874007996692,5,27
1488,58,10744,53.72,2104.72,1,1,0.695012906451439,3.47506453225719,5,28
1489,56,10729,53.645,2098.205,3,1,0.69422001037659,3.47110005188295,5,29
1490,57,10587,52.935,2091.46,1,2,0.693369562721056,3.46684781360528,5,30
1491,56,10361,51.805,2084.295,2,1,0.69246181549083,3.46230907745415,5,31
1492,56,10162,50.81,2077.405,0,0,0.691497037671008,3.45748518835504,5,32
1493,55,10137,50.685,2070.89,1,0,0.69047551514608,3.4523775757304,5,33
1494,55,10311,51.555,2064.525,1,1,0.689397550615215,3.44698775307608,5,34
1495,56,10610,53.05,2058.44,1,2,0.68826346350257,3.44131731751285,5,35
1496,56,10870,54.35,2051.905,1,1,0.68707358986263,3.43536794931315,5,36
1497,57,10930,54.65,2044.775,0,1,0.685828282280635,3.42914141140317,5,37
1498,58,11040,55.2,2038.01,0,1,0.684527909768098,3.42263954884049,5,38
1499,59,10931,54.655,2031.13,0,1,0.683172857653457,3.41586428826729,5,39
1500,60,10676,53.38,2023.905,0,1,0.681763527467901,3.4088176373395,5,40
1501,60,10414,52.07,2017.34,0,0,0.680300336826377,3.40150168413188,5,41
1502,60,10137,50.685,2011.02,1,1,0.678783719303852,3.39391859651926,5,42
1503,59,9978,49.89,2005.005,2,1,0.677214124306828,3.38607062153414,5,43
1504,57,9813,49.065,1998.595,2,0,0.675592016940178,3.37796008470089,5,44
1505,56,9889,49.445,1993.055,3,2,0.673917877869322,3.36958938934661,5,45
1506,55,10048,50.24,1986.95,1,0,0.672192203177799,3.360961015889,5,46
1507,55,10294,51.47,1981.055,0,0,0.670415504220262,3.35207752110131,5,47
1508,56,10586,52.93,1974.92,0,1,0.668588307470956,3.34294153735478,5,48
1509,56,10885,54.425,1968.325,0,0,0.666711154367714,3.33355577183857,5,49
1510,57,11214,56.07,1961.98,1,2,0.664784601151511,3.32392300575756,5,50
1511,56,11443,57.215,1954.985,2,1,0.662809218701643,3.31404609350822,5,51
1512,57,11827,59.135,1948.16,1,2,0.660785592366565,3.30392796183282,5,52
1513,59,12176,60.88,1940.84,0,2,0.658714321790429,3.29357160895215,5,53
1514,61,12359,61.795,1933.26,1,3,0.656596020735413,3.28298010367707,5,54
1515,57,12752,63.76,1926.05,4,0,0.654431316899833,3.27215658449916,5,55
1516,57,13002,65.01,1918.14,1,1,0.652220851732155,3.26110425866077,5,56
1517,59,13194,65.97,1910.59,0,2,0.649965280240914,3.24982640120457,5,57
1518,61,13285,66.425,1901.89,0,2,0.647665270800622,3.23832635400311,5,58
1519,62,13359,66.795,1893.735,0,1,0.645321504953713,3.22660752476857,5,59
1520,60,13226,66.13,1885.46,2,0,0.642934677208593,3.21467338604296,5,60
1521,59,13070,65.35,1877.32,2,1,0.640505494833832,3.20252747416916,5,61
1522,58,12721,63.605,1869.64,2,1,0.638034677648594,3.19017338824297,5,62
1523,58,12318,61.59,1861.92,0,0,0.635522957809338,3.17761478904669,5,63
1524,61,11838,59.19,1854.085,0,3,0.632971079592857,3.16485539796429,5,64
1525,61,11377,56.885,1846.82,2,2,0.630379799175743,3.15189899587871,5,65
1526,61,11058,55.29,1840.615,0,0,0.627749884410305,3.13874942205153,5,66
1527,59,10806,54.03,1834.6,2,0,0.625082114597049,3.12541057298525,5,67
1528,62,10672,53.36,1828.405,0,3,0.622377280253746,3.11188640126873,5,68
1529,62,10638,53.19,1822.505,0,0,0.619636182881183,3.09818091440592,5,69
1530,63,10622,53.11,1816.83,0,1,0.616859634725673,3.08429817362837,5,70
1531,63,10814,54.07,1811.03,1,1,0.614048458538358,3.07024229269179,5,71
1532,63,11141,55.705,1805.58,1,1,0.611203487331409,3.05601743665704,5,72
1533,62,11429,57.145,1799.62,2,1,0.608325564131196,3.04162782065598,5,73
1534,63,11708,58.54,1793.12,0,1,0.605415541728475,3.02707770864237,5,74
1535,63,12073,60.365,1786.46,0,0,0.602474282425685,3.01237141212842,5,75
1536,63,12290,61.45,1779.635,1,1,0.599502657781436,2.99751328890718,5,76
1537,62,12608,63.04,1773.005,2,1,0.596501548352244,2.98250774176122,5,77
1538,63,12707,63.535,1765.905,1,2,0.5934718434316,2.967359217158,5,78
1539,63,12960,64.8,1759.225,1,1,0.590414440786461,2.95207220393231,5,79
1540,63,13122,65.61,1752.395,2,2,0.587330246391213,2.93665123195606,5,80
1541,62,13185,65.925,1744.855,2,1,0.584220174159218,2.92110087079609,5,81
1542,60,13156,65.78,1737.145,2,0,0.581085145672,2.90542572836,5,82
1543,57,13239,66.195,1729.805,3,0,0.577926089906158,2.88963044953079,5,83
1544,58,13408,67.04,1722.64,1,2,0.574743942958094,2.87371971479047,5,84
1545,58,13520,67.6,1715.025,2,2,0.571539647766626,2.85769823883313,5,85
1546,58,13676,68.38,1707.71,0,0,0.568314153833571,2.84157076916786,5,86
1547,58,13845,69.225,1700.285,2,2,0.565068416942397,2.82534208471198,5,87
1548,59,13995,69.975,1692.46,0,1,0.56180339887499,2.80901699437495,5,88
1549,61,14053,70.265,1684.625,0,2,0.558520067126669,2.79260033563335,5,89
1550,60,14076,70.38,1676.735,1,0,0.555219394619494,2.77609697309747,5,90
1551,61,13893,69.465,1669.175,0,1,0.55190235941396,2.7595117970698,5,91
1552,61,13688,68.44,1661.43,0,0,0.548569944419187,2.74284972209594,5,92
1553,57,13395,66.975,1654.165,4,0,0.545223137101658,2.72611568550829,5,93
1554,58,13033,65.165,1647.52,0,1,0.54186292919261,2.70931464596305,5,94
1555,61,12502,62.51,1640.68,0,3,0.538490316394166,2.69245158197083,5,95
1556,58,11881,59.405,1634.125,3,0,0.535106298084286,2.67553149042143,5,96
1557,58,11259,56.295,1628.555,2,2,0.531711877020627,2.65855938510313,5,97
1558,59,10507,52.535,1623.09,0,1,0.528308059043409,2.64154029521705,5,98
1559,58,9797,48.985,1618.44,1,0,0.524895852777358,2.62447926388679,5,99
1560,56,9178,45.89,1614.675,2,0,0.521476269332833,2.60738134666416,5,100
1561,54,8559,42.795,1611.21,2,0,0.518050322006209,2.59025161003105,5,101
1562,53,7864,39.32,1608.245,1,0,0.514619025979616,2.57309512989808,5,102
1563,53,7315,36.575,1605.965,0,0,0.51118339802012,2.5559169901006,5,103
1564,52,6830,34.15,1604.23,1,0,0.507744456178435,2.53872228089218,5,104
1565,54,6460,32.3,1603.2,0,2,0.504303219487244,2.52151609743622,5,105
1566,53,6174,30.87,1602.95,1,0,0.500860707659249,2.50430353829624,5,106
1567,52,5931,29.655,1602.39,1,0,0.497417940784998,2.48708970392499,5,107
1568,52,5780,28.9,1602.045,0,0,0.493975939030619,2.46987969515309,5,108
1569,51,5685,28.425,1602.44,1,0,0.490535722335514,2.45267861167757,5,109
1570,51,5599,27.995,1602.85,0,0,0.487098310110137,2.43549155055069,5,110
1571,50,5527,27.635,1602.95,1,0,0.483664720933915,2.41832360466958,5,111
1572,50,5555,27.775,1603.405,0,0,0.480235972253426,2.40117986126713,5,112
1573,50,5539,27.695,1603.73,0,0,0.4768130800809,2.3840654004045,5,113
1574,50,5629,28.145,1604.335,1,1,0.473397058693161,2.3669852934658,5,114
1575,51,5705,28.525,1605.125,1,2,0.46998892033107,2.34994460165535,5,115
1576,50,5801,29.005,1605.32,2,1,0.466589674899577,2.33294837449788,5,116
1577,48,5927,29.635,1605.61,2,0,0.463200329668464,2.31600164834232,5,117
1578,47,6024,30.12,1605.795,1,0,0.459821888973874,2.29910944486937,5,118
1579,48,6155,30.775,1606.045,0,1,0.456455353920694,2.28227676960347,5,119
1580,46,6242,31.21,1605.895,2,0,0.453101722085919,2.26550861042959,5,120
1581,47,6307,31.535,1606.04,2,3,0.449761987223036,2.24880993611518,5,121
1582,47,6394,31.97,1606.65,0,0,0.446437138967565,2.23218569483783,5,122
1583,46,6470,32.35,1607.395,1,0,0.4431281625438,2.215640812719,5,123
1584,44,6425,32.125,1607.78,2,0,0.439836038472867,2.19918019236433,5,124
1585,42,6294,31.47,1608.25,2,0,0.436561742282179,2.18280871141089,5,125
1586,42,6173,30.865,1609.035,0,0,0.433306244216363,2.16653122108182,5,126
1587,41,5895,29.475,1609.585,1,0,0.430070508949754,2.15035254474877,5,127
1588,41,5582,27.91,1610.22,0,0,0.426855495300546,2.13427747650273,5,128
1589,42,5322,26.61,1611.355,1,2,0.423662155946669,2.11831077973334,5,129
1590,40,4998,24.99,1612.505,2,0,0.420491437143489,2.10245718571744,5,130
1591,40,4705,23.525,1613.855,0,0,0.41734427844342,2.0867213922171,5,131
1592,40,4483,22.415,1616.2,0,0,0.414221612417504,2.07110806208752,5,132
1593,41,4199,20.995,1618.395,0,1,0.411124364379077,2.05562182189539,5,133
1594,41,3941,19.705,1620.72,0,0,0.40805345210958,2.0402672605479,5,134
1595,41,3687,18.435,1623.19,0,0,0.40500978558659,2.02504892793295,5,135
1596,40,3491,17.455,1626.225,1,0,0.401994266714188,2.00997133357094,5,136
1597,40,3407,17.035,1629.655,0,0,0.399007789055696,1.99503894527848,5,137
1598,37,3226,16.13,1633.08,3,0,0.396051237568897,1.98025618784448,5,138
1599,37,3117,15.585,1636.755,1,1,0.393125488343804,1.96562744171902,5,139
1600,37,3086,15.43,1641.095,0,0,0.390231408343056,1.95115704171528,5,140
1601,37,3026,15.13,1644.885,0,0,0.387369855145016,1.93684927572508,5,141
1602,36,2982,14.91,1649.13,1,0,0.384541676689655,1.92270838344828,5,142
1603,35,2967,14.835,1653.19,1,0,0.381747711027285,1.90873855513642,5,143
1604,35,2940,14.7,1657.15,1,1,0.37898878607023,1.89494393035115,5,144
1605,35,2930,14.65,1661.43,2,2,0.3762657193475,1.8813285967375,5,145
1606,34,2918,14.59,1665.76,1,0,0.37357931776253,1.86789658881265,5,146
1607,32,2890,14.45,1670.065,2,0,0.37093037735409,1.85465188677045,5,147
1608,31,2838,14.19,1674.485,1,0,0.36831968306039,1.84159841530195,5,148
1609,31,2757,13.785,1678.775,1,1,0.365748008486494,1.82874004243247,5,149
1610,31,2731,13.655,1683.52,1,1,0.363216115675078,1.81608057837539,5,150
1611,32,2626,13.13,1687.815,0,1,0.360724754880626,1.80362377440313,5,151
1612,30,2596,12.98,1692.62,2,0,0.358274664347108,1.79137332173554,5,152
1613,31,2526,12.63,1697.785,0,1,0.355866570089228,1.77933285044614,5,153
1614,31,2488,12.44,1703.035,1,1,0.353501185677284,1.76750592838642,5,154
1615,30,2432,12.16,1708.015,1,0,0.351179212025728,1.75589606012864,5,155
1616,29,2343,11.715,1713.165,1,0,0.348901337185464,1.74450668592732,5,156
1617,30,2302,11.51,1718.715,0,1,0.346668236139968,1.73334118069984,5,157
1618,30,2223,11.115,1723.905,0,0,0.344480570605275,1.72240285302637,5,158
1619,29,2149,10.745,1729.58,1,0,0.342338988833895,1.71169494416948,5,159
1620,29,2101,10.505,1735.19,0,0,0.340244125422727,1.70122062711364,5,160
1621,28,2011,10.055,1740.35,1,0,0.33819660112501,1.69098300562505,5,161
1622,27,2008,10.04,1745.965,1,0,0.336197022666384,1.68098511333192,5,162
1623,27,1969,9.845,1751.86,0,0,0.334245982565099,1.6712299128255,5,163
1624,27,1921,9.605,1757.71,0,0,0.332344058956445,1.66172029478223,5,164
1625,25,1820,9.1,1763.35,2,0,0.330491815421434,1.65245907710717,5,165
1626,25,1790,8.95,1769.375,0,0,0.328689800819799,1.643449004099,5,166
1627,25,1805,9.025,1775.55,0,0,0.326938549127359,1.6346927456368,5,167
1628,25,1813,9.065,1781.75,0,0,0.325238579277784,1.62619289638892,5,168
1629,25,1779,8.895,1788.085,0,0,0.323590395008829,1.61795197504415,5,169
1630,25,1714,8.57,1794.395,0,0,0.321994484713065,1.60997242356532,5,170
1631,25,1677,8.385,1800.51,0,0,0.320451321293153,1.60225660646577,5,171
1632,24,1652,8.26,1807.165,1,0,0.31896136202172,1.5948068101086,5,172
1633,24,1620,8.1,1813.81,0,0,0.317525048405855,1.58762524202927,5,173
1634,25,1600,8,1820.365,0,1,0.316142806056278,1.58071403028139,5,174
1635,23,1565,7.825,1827.06,2,0,0.31481504456123,1.57407522280615,5,175
1636,24,1564,7.82,1833.675,0,1,0.313542157365097,1.56771078682549,5,176
1637,24,1541,7.705,1840.38,0,0,0.312324521651827,1.56162260825914,5,177
1638,24,1510,7.55,1847.06,0,0,0.31116249823316,1.5558124911658,5,178
1639,23,1459,7.295,1853.88,1,0,0.310056431441714,1.55028215720857,5,179
1640,23,1451,7.255,1860.665,0,0,0.309006649028949,1.54503324514474,5,180
1641,23,1439,7.195,1867.67,0,0,0.308013462068051,1.54006731034026,5,181
1642,22,1393,6.965,1874.5,1,0,0.307077164861751,1.53538582430876,5,182
1643,21,1379,6.895,1881.52,1,0,0.306198034855119,1.53099017427559,5,183
1644,19,1358,6.79,1888.595,2,0,0.305376332553348,1.52688166276674,5,184
1645,18,1375,6.875,1895.76,1,0,0.304612301444564,1.52306150722282,5,185
1646,18,1358,6.79,1902.885,0,0,0.303906167927674,1.51953083963837,5,186
1647,17,1334,6.67,1909.98,1,0,0.303258141245278,1.51629070622639,5,187
1648,17,1344,6.72,1917.455,0,0,0.302668413421669,1.51334206710834,5,188
1649,17,1356,6.78,1924.665,0,0,0.302137159205927,1.51068579602963,5,189
1650,17,1368,6.84,1932.14,0,0,0.301664536020142,1.50832268010071,5,190
1651,17,1411,7.055,1939.26,0,0,0.301250683912764,1.50625341956382,5,191
1652,16,1411,7.055,1946.65,1,0,0.300895725517105,1.50447862758552,5,192
1653,16,1416,7.08,1953.835,0,0,0.300599766014997,1.50299883007498,5,193
1654,16,1398,6.99,1960.84,0,0,0.300362893105628,1.50181446552814,5,194
1655,15,1369,6.845,1968.16,1,0,0.300185176979554,1.50092588489777,5,195
1656,16,1373,6.865,1975.46,0,1,0.300066670297898,1.50033335148949,5,196
1657,16,1350,6.75,1982.525,0,0,0.300007408176747,1.50003704088373,5,197
1658,16,1330,6.65,1990,0,0,0.300007408176747,1.50003704088373,5,198
1659,17,1305,6.525,1997.215,0,1,0.300066670297898,1.50033335148949,5,199
1660,18,1267,6.335,2004.805,0,1,0.300185176979554,1.50092588489777,5,200
1661,18,1263,6.315,2012.38,0,0,0.300362893105628,1.50181446552814,5,201
1662,17,1234,6.17,2020.065,1,0,0.300599766014997,1.50299883007498,5,202
1663,17,1212,6.06,2027.705,0,0,0.300895725517105,1.50447862758552,5,203
1664,17,1217,6.085,2035.275,0,0,0.301250683912764,1.50625341956382,5,204
1665,16,1229,6.145,2043.16,1,0,0.301664536020142,1.50832268010071,5,205
1666,15,1216,6.08,2051.14,1,0,0.302137159205927,1.51068579602963,5,206
1667,15,1187,5.935,2058.645,0,0,0.302668413421669,1.51334206710834,5,207
1668,15,1170,5.85,2066.575,0,0,0.303258141245278,1.51629070622639,5,208
1669,15,1125,5.625,2074.085,0,0,0.303906167927673,1.51953083963837,5,209
1670,15,1097,5.485,2081.96,0,0,0.304612301444564,1.52306150722282,5,210
1671,15,1097,5.485,2089.83,0,0,0.305376332553348,1.52688166276674,5,211
1672,15,1072,5.36,2097.64,0,0,0.306198034855119,1.53099017427559,5,212
1673,15,1057,5.285,2105.26,0,0,0.307077164861751,1.53538582430876,5,213
1674,14,997,4.985,2113.13,1,0,0.308013462068051,1.54006731034026,5,214
1675,13,968,4.84,2121.04,1,0,0.309006649028949,1.54503324514474,5,215
1676,13,955,4.775,2128.41,0,0,0.310056431441714,1.55028215720857,5,216
1677,13,918,4.59,2135.865,0,0,0.31116249823316,1.5558124911658,5,217
1678,13,901,4.505,2143.575,0,0,0.312324521651827,1.56162260825914,5,218
1679,13,906,4.53,2151.215,0,0,0.313542157365097,1.56771078682549,5,219
1680,13,921,4.605,2158.875,0,0,0.31481504456123,1.57407522280615,5,220
1681,12,896,4.48,2166.74,1,0,0.316142806056278,1.58071403028139,5,221
1682,12,873,4.365,2174.655,0,0,0.317525048405854,1.58762524202927,5,222
1683,12,888,4.44,2182.585,0,0,0.31896136202172,1.5948068101086,5,223
1684,12,872,4.36,2190.415,0,0,0.320451321293153,1.60225660646577,5,224
1685,12,866,4.33,2198.07,0,0,0.321994484713064,1.60997242356532,5,225
1686,12,874,4.37,2206.055,0,0,0.323590395008829,1.61795197504415,5,226
1687,12,884,4.42,2214.145,0,0,0.325238579277784,1.62619289638892,5,227
1688,12,847,4.235,2221.685,0,0,0.326938549127359,1.63469274563679,5,228
1689,12,883,4.415,2229.255,0,0,0.328689800819799,1.643449004099,5,229
1690,12,901,4.505,2236.725,0,0,0.330491815421434,1.65245907710717,5,230
1691,12,891,4.455,2244.04,0,0,0.332344058956445,1.66172029478222,5,231
1692,12,891,4.455,2251.535,0,0,0.334245982565099,1.6712299128255,5,232
1693,12,858,4.29,2258.895,0,0,0.336197022666384,1.68098511333192,5,233
1694,12,868,4.34,2266.8,0,0,0.33819660112501,1.69098300562505,5,234
1695,12,878,4.39,2274.185,0,0,0.340244125422727,1.70122062711364,5,235
1696,12,892,4.46,2281.65,0,0,0.342338988833895,1.71169494416947,5,236
1697,12,902,4.51,2288.97,0,0,0.344480570605275,1.72240285302637,5,237
1698,12,899,4.495,2296.495,0,0,0.346668236139968,1.73334118069984,5,238
1699,12,932,4.66,2304.445,0,0,0.348901337185463,1.74450668592732,5,239
1700,13,938,4.69,2311.595,0,1,0.351179212025728,1.75589606012864,5,240
1701,13,983,4.915,2319.14,0,0,0.353501185677285,1.76750592838642,5,241
1702,13,1017,5.085,2326.195,0,0,0.355866570089228,1.77933285044614,5,242
1703,13,1042,5.21,2333.195,0,0,0.358274664347108,1.79137332173554,5,243
1704,13,1079,5.395,2340.02,0,0,0.360724754880625,1.80362377440313,5,244
1705,13,1169,5.845,2347.04,0,0,0.363216115675078,1.81608057837539,5,245
1706,13,1180,5.9,2353.76,0,0,0.365748008486494,1.82874004243247,5,246
1707,13,1229,6.145,2360.34,0,0,0.36831968306039,1.84159841530195,5,247
1708,13,1288,6.44,2367.11,0,0,0.37093037735409,1.85465188677045,5,248
1709,13,1332,6.66,2373.735,0,0,0.373579317762531,1.86789658881265,5,249
1710,14,1345,6.725,2379.875,0,1,0.376265719347499,1.88132859673749,5,250
1711,14,1372,6.86,2386.18,0,0,0.37898878607023,1.89494393035115,5,251
1712,15,1486,7.43,2392.9,0,1,0.381747711027284,1.90873855513642,5,252
1713,15,1566,7.83,2399.26,0,0,0.384541676689654,1.92270838344827,5,253
1714,15,1613,8.065,2405.615,0,0,0.387369855145016,1.93684927572508,5,254
1715,15,1645,8.225,2411.725,0,0,0.390231408343056,1.95115704171528,5,255
1716,15,1699,8.495,2418.085,0,0,0.393125488343804,1.96562744171902,5,256
1717,14,1709,8.545,2423.885,1,0,0.396051237568897,1.98025618784448,5,257
1718,14,1751,8.755,2429.815,0,0,0.399007789055695,1.99503894527848,5,258
1719,14,1803,9.015,2435.85,0,0,0.401994266714188,2.00997133357094,5,259
1720,14,1881,9.405,2441.815,0,0,0.40500978558659,2.02504892793295,5,260
1721,14,1938,9.69,2447.545,0,0,0.408053452109579,2.04026726054789,5,261
1722,15,1975,9.875,2453.06,0,1,0.411124364379077,2.05562182189538,5,262
1723,15,2067,10.335,2458.915,0,0,0.414221612417503,2.07110806208752,5,263
1724,15,2142,10.71,2464.045,0,0,0.417344278443419,2.08672139221709,5,264
1725,15,2238,11.19,2469.675,0,0,0.420491437143489,2.10245718571744,5,265
1726,15,2344,11.72,2474.695,0,0,0.423662155946667,2.11831077973334,5,266
1727,15,2420,12.1,2479.535,0,0,0.426855495300546,2.13427747650273,5,267
1728,15,2536,12.68,2484.415,0,0,0.430070508949755,2.15035254474877,5,268
1729,15,2639,13.195,2488.91,0,0,0.433306244216362,2.16653122108181,5,269
1730,15,2740,13.7,2493.52,0,0,0.436561742282178,2.18280871141089,5,270
1731,15,2852,14.26,2498.125,0,0,0.439836038472867,2.19918019236433,5,271
1732,15,2913,14.565,2502.65,0,0,0.443128162543799,2.21564081271899,5,272
1733,15,2954,14.77,2506.725,0,0,0.446437138967565,2.23218569483782,5,273
1734,15,2979,14.895,2510.61,0,0,0.449761987223037,2.24880993611518,5,274
1735,15,3033,15.165,2514.605,0,0,0.453101722085918,2.26550861042959,5,275
1736,15,3034,15.17,2518.71,0,0,0.456455353920694,2.28227676960347,5,276
1737,17,3063,15.315,2522.47,0,2,0.459821888973872,2.29910944486936,5,277
1738,17,3049,15.245,2525.915,0,0,0.463200329668464,2.31600164834232,5,278
1739,17,3077,15.385,2529.45,0,0,0.466589674899576,2.33294837449788,5,279
1740,18,3098,15.49,2533.055,0,1,0.469988920331069,2.34994460165534,5,280
1741,18,3149,15.745,2536.785,0,0,0.473397058693161,2.3669852934658,5,281
1742,17,3137,15.685,2540.44,1,0,0.4768130800809,2.3840654004045,5,282
1743,17,3147,15.735,2543.79,0,0,0.480235972253425,2.40117986126713,5,283
1744,18,3103,15.515,2546.905,0,1,0.483664720933916,2.41832360466958,5,284
1745,18,3064,15.32,2550.375,0,0,0.487098310110137,2.43549155055068,5,285
1746,18,3039,15.195,2553.515,0,0,0.490535722335514,2.45267861167757,5,286
1747,19,2994,14.97,2556.645,0,1,0.493975939030618,2.46987969515309,5,287
1748,19,2956,14.78,2560.325,0,0,0.497417940784998,2.48708970392499,5,288
1749,18,2943,14.715,2563.485,1,0,0.500860707659248,2.50430353829624,5,289
1750,19,2878,14.39,2566.495,0,1,0.504303219487245,2.52151609743622,5,290
1751,18,2866,14.33,2570.19,1,0,0.507744456178434,2.53872228089217,5,291
1752,17,2723,13.615,2573.015,1,0,0.511183398020121,2.5559169901006,5,292
1753,18,2657,13.285,2576.185,0,1,0.514619025979615,2.57309512989808,5,293
1754,17,2570,12.85,2579.09,1,0,0.518050322006208,2.59025161003104,5,294
1755,17,2525,12.625,2581.985,0,0,0.521476269332832,2.60738134666416,5,295
1756,17,2451,12.255,2584.825,0,0,0.524895852777358,2.62447926388679,5,296
1757,17,2442,12.21,2588.025,0,0,0.528308059043408,2.64154029521704,5,297
1758,17,2426,12.13,2591.24,0,0,0.531711877020627,2.65855938510313,5,298
1759,17,2460,12.3,2594.635,0,0,0.535106298084285,2.67553149042142,5,299
1760,17,2480,12.4,2597.785,0,0,0.538490316394166,2.69245158197083,5,300
1761,17,2486,12.43,2600.71,0,0,0.54186292919261,2.70931464596305,5,301
1762,17,2496,12.48,2603.535,0,0,0.545223137101657,2.72611568550829,5,302
1763,17,2492,12.46,2606.08,0,0,0.548569944419187,2.74284972209593,5,303
1764,17,2569,12.845,2609.17,0,0,0.55190235941396,2.7595117970698,5,304
1765,17,2685,13.425,2611.82,0,0,0.555219394619493,2.77609697309747,5,305
1766,17,2715,13.575,2614.26,0,0,0.55852006712667,2.79260033563335,5,306
1767,17,2782,13.91,2616.945,0,0,0.56180339887499,2.80901699437495,5,307
1768,17,2943,14.715,2619.205,0,0,0.565068416942396,2.82534208471198,5,308
1769,17,3034,15.17,2621.105,0,0,0.568314153833571,2.84157076916786,5,309
1770,17,3088,15.44,2622.76,0,0,0.571539647766625,2.85769823883312,5,310
1771,17,3114,15.57,2624.335,0,0,0.574743942958093,2.87371971479047,5,311
1772,19,3222,16.11,2626.225,0,2,0.577926089906158,2.88963044953079,5,312
1773,19,3335,16.675,2627.6,0,0,0.581085145671999,2.90542572835999,5,313
1774,19,3409,17.045,2628.95,0,0,0.584220174159218,2.92110087079609,5,314
1775,19,3466,17.33,2630.32,0,0,0.587330246391213,2.93665123195607,5,315
1776,19,3506,17.53,2631.6,0,0,0.59041444078646,2.9520722039323,5,316
1777,20,3479,17.395,2632.59,0,1,0.593471843431601,2.967359217158,5,317
1778,20,3391,16.955,2633.91,0,0,0.596501548352244,2.98250774176122,5,318
1779,19,3253,16.265,2635.155,1,0,0.599502657781436,2.99751328890718,5,319
1780,20,3135,15.675,2636.265,0,1,0.602474282425685,3.01237141212842,5,320
1781,20,3000,15,2637.255,0,0,0.605415541728474,3.02707770864237,5,321
1782,21,2841,14.205,2638.455,0,1,0.608325564131196,3.04162782065598,5,322
1783,21,2701,13.505,2640.005,0,0,0.611203487331409,3.05601743665704,5,323
1784,22,2625,13.125,2641.46,0,1,0.614048458538357,3.07024229269178,5,324
1785,22,2591,12.955,2642.765,0,0,0.616859634725674,3.08429817362837,5,325
1786,23,2618,13.09,2644.115,0,1,0.619636182881183,3.09818091440592,5,326
1787,23,2683,13.415,2645.61,0,0,0.622377280253745,3.11188640126872,5,327
1788,23,2776,13.88,2646.755,0,0,0.625082114597049,3.12541057298524,5,328
1789,23,2908,14.54,2647.89,1,1,0.627749884410306,3.13874942205153,5,329
1790,23,3063,15.315,2648.935,0,0,0.630379799175742,3.15189899587871,5,330
1791,23,3267,16.335,2650.055,0,0,0.632971079592857,3.16485539796429,5,331
1792,23,3416,17.08,2650.615,0,0,0.635522957809337,3.17761478904669,5,332
1793,21,3533,17.665,2651.03,2,0,0.638034677648594,3.19017338824297,5,333
1794,22,3544,17.72,2651.29,0,1,0.640505494833831,3.20252747416916,5,334
1795,22,3511,17.555,2651.47,0,0,0.642934677208592,3.21467338604296,5,335
1796,23,3529,17.645,2651.835,0,1,0.645321504953713,3.22660752476856,5,336
1797,23,3543,17.715,2652.18,0,0,0.647665270800621,3.23832635400311,5,337
1798,23,3634,18.17,2652.6,0,0,0.649965280240913,3.24982640120457,5,338
1799,23,3731,18.655,2652.735,0,0,0.652220851732155,3.26110425866077,5,339
1800,23,3849,19.245,2652.34,0,0,0.654431316899833,3.27215658449917,5,340
1801,23,4025,20.125,2652.495,0,0,0.656596020735412,3.28298010367706,5,341
1802,25,4114,20.57,2652.16,0,2,0.65871432179043,3.29357160895215,5,342
1803,25,4238,21.19,2651.98,0,0,0.660785592366564,3.30392796183282,5,343
1804,25,4360,21.8,2651.185,0,0,0.662809218701643,3.31404609350822,5,344
1805,25,4370,21.85,2650.375,0,0,0.664784601151511,3.32392300575755,5,345
1806,25,4290,21.45,2649.37,0,0,0.666711154367714,3.33355577183857,5,346
1807,24,4228,21.14,2648.765,1,0,0.668588307470956,3.34294153735478,5,347
1808,24,4077,20.385,2648.145,0,0,0.670415504220262,3.35207752110131,5,348
1809,24,3937,19.685,2647.49,0,0,0.672192203177799,3.36096101588899,5,349
1810,24,3843,19.215,2647.015,0,0,0.673917877869322,3.36958938934661,5,350
1811,25,3781,18.905,2646.385,0,1,0.675592016940178,3.37796008470089,5,351
1812,26,3764,18.82,2646.16,0,1,0.677214124306828,3.38607062153414,5,352
1813,26,3766,18.83,2645.69,0,0,0.678783719303851,3.39391859651926,5,353
1814,26,3841,19.205,2645.11,0,0,0.680300336826376,3.40150168413188,5,354
1815,26,4060,20.3,2644.79,0,0,0.6817635274679,3.4088176373395,5,355
1816,27,4259,21.295,2643.88,0,1,0.683172857653457,3.41586428826729,5,356
1817,26,4463,22.315,2642.925,1,0,0.684527909768097,3.42263954884049,5,357
1818,26,4632,23.16,2641.765,0,0,0.685828282280635,3.42914141140317,5,358
1819,26,4820,24.1,2640.51,0,0,0.68707358986263,3.43536794931315,5,359
1820,25,4980,24.9,2638.91,1,0,0.688263463502569,3.44131731751285,5,360
1821,25,5066,25.33,2637.33,0,0,0.689397550615215,3.44698775307607,5,361
1822,25,5100,25.5,2635.495,0,0,0.69047551514608,3.4523775757304,5,362
1823,26,5167,25.835,2633.745,0,1,0.691497037671008,3.45748518835504,5,363
1824,26,5056,25.28,2631.785,0,0,0.69246181549083,3.46230907745415,5,364
1825,26,4899,24.495,2629.845,0,0,0.693369562721055,3.46684781360528,6,0
1826,26,4697,23.485,2627.735,0,0,0.69422001037659,3.47110005188295,6,1
1827,26,4466,22.33,2625.855,1,1,0.695012906451439,3.47506453225719,6,2
1828,26,4317,21.585,2624.455,0,0,0.695748015993383,3.47874007996691,6,3
1829,26,4259,21.295,2623.03,0,0,0.6964251211736,3.482125605868,6,4
1830,25,4207,21.035,2621.7,1,0,0.697044021351212,3.48522010675606,6,5
1831,26,4256,21.28,2620.425,0,1,0.697604533132739,3.4880226656637,6,6
1832,26,4343,21.715,2619.24,0,0,0.698106490426445,3.49053245213222,6,7
1833,25,4319,21.595,2617.71,1,0,0.698549744491548,3.49274872245774,6,8
1834,26,4249,21.245,2616.335,0,1,0.698934163982304,3.49467081991152,6,9
1835,26,4176,20.88,2614.73,1,1,0.699259634986922,3.49629817493461,6,10
1836,25,4111,20.555,2613.525,1,0,0.699526061061317,3.49763030530659,6,11
1837,26,3992,19.96,2612.195,0,1,0.699733363257695,3.49866681628848,6,12
1838,26,3772,18.86,2610.695,0,0,0.699881480147941,3.4994074007397,6,13
1839,26,3637,18.185,2609.445,0,0,0.699970367841823,3.49985183920912,6,14
1840,27,3570,17.85,2608.71,0,1,0.7,3.5,6,15
1841,27,3517,17.585,2607.93,0,0,0.699970367841823,3.49985183920912,6,16
1842,27,3415,17.075,2607.015,0,0,0.699881480147941,3.4994074007397,6,17
1843,27,3420,17.1,2606.47,0,0,0.699733363257695,3.49866681628848,6,18
1844,28,3305,16.525,2605.775,0,1,0.699526061061317,3.49763030530659,6,19
1845,29,3232,16.16,2605.185,0,1,0.699259634986922,3.49629817493461,6,20
1846,28,3195,15.975,2604.495,1,0,0.698934163982304,3.49467081991152,6,21
1847,27,3138,15.69,2603.825,1,0,0.698549744491548,3.49274872245774,6,22
1848,27,3056,15.28,2603.215,0,0,0.698106490426445,3.49053245213222,6,23
1849,26,3005,15.025,2603.1,1,0,0.69760453313274,3.4880226656637,6,24
1850,25,2862,14.31,2602.475,1,0,0.697044021351212,3.48522010675606,6,25
1851,25,2784,13.92,2601.995,0,0,0.6964251211736,3.482125605868,6,26
1852,25,2695,13.475,2601.49,0,0,0.695748015993383,3.47874007996692,6,27
1853,24,2687,13.435,2601.17,1,0,0.695012906451439,3.47506453225719,6,28
1854,24,2796,13.98,2600.89,0,0,0.69422001037659,3.47110005188295,6,29
1855,26,3022,15.11,2600.69,0,2,0.693369562721055,3.46684781360528,6,30
1856,29,3261,16.305,2600.275,0,3,0.69246181549083,3.46230907745415,6,31
1857,29,3581,17.905,2599.435,0,0,0.691497037671008,3.45748518835504,6,32
1858,27,3897,19.485,2598.435,2,0,0.69047551514608,3.4523775757304,6,33
1859,27,4215,21.075,2596.96,0,0,0.689397550615215,3.44698775307608,6,34
1860,27,4472,22.36,2595.21,0,0,0.68826346350257,3.44131731751285,6,35
1861,28,4723,23.615,2593.315,0,1,0.68707358986263,3.43536794931315,6,36
1862,28,4959,24.795,2591.28,0,0,0.685828282280635,3.42914141140318,6,37
1863,28,5024,25.12,2589.16,0,0,0.684527909768098,3.42263954884049,6,38
1864,27,5080,25.4,2586.945,1,0,0.683172857653458,3.41586428826729,6,39
1865,26,5000,25,2584.38,1,0,0.681763527467901,3.4088176373395,6,40
1866,28,4950,24.75,2582.415,1,3,0.680300336826377,3.40150168413188,6,41
1867,28,4772,23.86,2580.165,1,1,0.678783719303852,3.39391859651926,6,42
1868,29,4682,23.41,2578.12,0,1,0.677214124306828,3.38607062153414,6,43
1869,27,4601,23.005,2576.02,2,0,0.675592016940178,3.37796008470089,6,44
1870,27,4569,22.845,2573.885,1,1,0.673917877869322,3.36958938934661,6,45
1871,26,4601,23.005,2572.105,1,0,0.672192203177799,3.36096101588899,6,46
1872,26,4790,23.95,2570.33,0,0,0.670415504220262,3.35207752110131,6,47
1873,26,4961,24.805,2567.93,0,0,0.668588307470957,3.34294153735478,6,48
1874,26,5085,25.425,2565.54,0,0,0.666711154367714,3.33355577183857,6,49
1875,26,5232,26.16,2563.16,0,0,0.664784601151511,3.32392300575756,6,50
1876,26,5401,27.005,2560.53,0,0,0.662809218701643,3.31404609350822,6,51
1877,26,5553,27.765,2557.885,0,0,0.660785592366564,3.30392796183282,6,52
1878,25,5630,28.15,2555.095,1,0,0.65871432179043,3.29357160895215,6,53
1879,25,5570,27.85,2552.38,0,0,0.656596020735412,3.28298010367706,6,54
1880,25,5523,27.615,2549.68,0,0,0.654431316899833,3.27215658449916,6,55
1881,25,5376,26.88,2546.73,0,0,0.652220851732155,3.26110425866077,6,56
1882,25,5231,26.155,2543.815,0,0,0.649965280240914,3.24982640120457,6,57
1883,26,5220,26.1,2541.34,0,1,0.647665270800622,3.23832635400311,6,58
1884,25,5267,26.335,2538.865,1,0,0.645321504953714,3.22660752476857,6,59
1885,25,5413,27.065,2536.34,0,0,0.642934677208592,3.21467338604296,6,60
1886,24,5537,27.685,2533.685,1,0,0.640505494833832,3.20252747416916,6,61
1887,24,5654,28.27,2530.615,0,0,0.638034677648595,3.19017338824297,6,62
1888,24,5748,28.74,2527.745,0,0,0.635522957809338,3.17761478904669,6,63
1889,27,5779,28.895,2525.255,0,3,0.632971079592858,3.16485539796429,6,64
1890,27,5639,28.195,2521.86,0,0,0.630379799175742,3.15189899587871,6,65
1891,27,5423,27.115,2518.85,0,0,0.627749884410306,3.13874942205153,6,66
1892,28,5187,25.935,2515.795,2,3,0.625082114597049,3.12541057298525,6,67
1893,30,4937,24.685,2513.195,0,2,0.622377280253745,3.11188640126872,6,68
1894,33,4652,23.26,2510.84,0,3,0.619636182881184,3.09818091440592,6,69
1895,33,4339,21.695,2508.62,0,0,0.616859634725674,3.08429817362837,6,70
1896,33,4134,20.67,2506.84,0,0,0.614048458538358,3.07024229269179,6,71
1897,34,3881,19.405,2505.15,0,1,0.611203487331409,3.05601743665704,6,72
1898,34,3608,18.04,2503.84,0,0,0.608325564131197,3.04162782065598,6,73
1899,34,3400,17,2502.465,0,0,0.605415541728475,3.02707770864237,6,74
1900,33,3255,16.275,2501.525,1,0,0.602474282425686,3.01237141212843,6,75
1901,33,3117,15.585,2500.77,0,0,0.599502657781436,2.99751328890718,6,76
1902,33,3046,15.23,2499.95,0,0,0.596501548352245,2.98250774176122,6,77
1903,33,3041,15.205,2498.98,0,0,0.593471843431601,2.967359217158,6,78
1904,33,3208,16.04,2498.485,0,0,0.590414440786461,2.9520722039323,6,79
1905,33,3471,17.355,2497.77,0,0,0.587330246391214,2.93665123195607,6,80
1906,34,3870,19.35,2496.955,0,1,0.584220174159218,2.92110087079609,6,81
1907,34,4383,21.915,2495.76,0,0,0.581085145671999,2.90542572836,6,82
1908,33,4932,24.66,2494.03,1,0,0.577926089906158,2.88963044953079,6,83
1909,33,5619,28.095,2492.125,0,0,0.574743942958094,2.87371971479047,6,84
1910,33,6217,31.085,2489.43,0,0,0.571539647766624,2.85769823883312,6,85
1911,34,6852,34.26,2486.335,0,1,0.568314153833571,2.84157076916786,6,86
1912,33,7516,37.58,2482.985,1,0,0.565068416942396,2.82534208471198,6,87
1913,36,7933,39.665,2478.62,0,3,0.56180339887499,2.80901699437495,6,88
1914,36,8255,41.275,2473.91,0,0,0.558520067126671,2.79260033563335,6,89
1915,36,8540,42.7,2469.195,0,0,0.555219394619494,2.77609697309747,6,90
1916,37,8656,43.28,2464.38,0,1,0.551902359413961,2.75951179706981,6,91
1917,36,8645,43.225,2459.31,2,1,0.548569944419188,2.74284972209594,6,92
1918,35,8495,42.475,2454.14,1,0,0.545223137101658,2.72611568550829,6,93
1919,35,8048,40.24,2448.645,0,0,0.541862929192611,2.70931464596305,6,94
1920,36,7670,38.35,2443.82,0,1,0.538490316394166,2.69245158197083,6,95
1921,37,7289,36.445,2439.44,0,1,0.535106298084285,2.67553149042143,6,96
1922,37,6825,34.125,2435.42,0,0,0.531711877020627,2.65855938510314,6,97
1923,39,6346,31.73,2431.785,1,3,0.528308059043408,2.64154029521704,6,98
1924,39,5814,29.07,2428.27,1,1,0.524895852777359,2.62447926388679,6,99
1925,39,5355,26.775,2425.64,0,0,0.521476269332833,2.60738134666416,6,100
1926,38,4963,24.815,2423.345,2,1,0.518050322006208,2.59025161003104,6,101
1927,37,4630,23.15,2421.645,1,0,0.514619025979616,2.57309512989808,6,102
1928,38,4294,21.47,2419.995,0,1,0.51118339802012,2.5559169901006,6,103
1929,38,4021,20.105,2418.51,0,0,0.507744456178435,2.53872228089218,6,104
1930,38,3826,19.13,2417.425,0,0,0.504303219487244,2.52151609743622,6,105
1931,37,3676,18.38,2416.88,1,0,0.50086070765925,2.50430353829625,6,106
1932,37,3518,17.59,2415.855,0,0,0.497417940784998,2.48708970392499,6,107
1933,36,3506,17.53,2415.34,1,0,0.493975939030619,2.4698796951531,6,108
1934,34,3567,17.835,2414.94,2,0,0.490535722335514,2.45267861167757,6,109
1935,34,3766,18.83,2414.285,0,0,0.487098310110138,2.43549155055069,6,110
1936,34,3926,19.63,2413.47,0,0,0.483664720933916,2.41832360466958,6,111
1937,34,4212,21.06,2412.365,0,0,0.480235972253426,2.40117986126713,6,112
1938,34,4496,22.48,2411.315,1,1,0.476813080080901,2.3840654004045,6,113
1939,34,4855,24.275,2410.04,0,0,0.473397058693161,2.36698529346581,6,114
1940,35,5169,25.845,2408.725,0,1,0.469988920331069,2.34994460165535,6,115
1941,35,5505,27.525,2406.995,0,0,0.466589674899577,2.33294837449788,6,116
1942,34,5749,28.745,2404.63,1,0,0.463200329668464,2.31600164834232,6,117
1943,34,6008,30.04,2402.355,0,0,0.459821888973872,2.29910944486936,6,118
1944,34,6271,31.355,2400.1,0,0,0.456455353920694,2.28227676960347,6,119
1945,34,6464,32.32,2397.34,0,0,0.453101722085917,2.26550861042959,6,120
1946,34,6601,33.005,2394.87,0,0,0.449761987223036,2.24880993611518,6,121
1947,36,6729,33.645,2392.03,0,2,0.446437138967566,2.23218569483783,6,122
1948,36,6858,34.29,2388.83,0,0,0.4431281625438,2.215640812719,6,123
1949,37,6937,34.685,2385.67,0,1,0.439836038472868,2.19918019236434,6,124
1950,37,6987,34.935,2382.655,0,0,0.436561742282179,2.1828087114109,6,125
1951,40,7033,35.165,2379.675,1,4,0.433306244216363,2.16653122108181,6,126
1952,39,6987,34.935,2376.645,1,0,0.430070508949755,2.15035254474878,6,127
1953,40,6948,34.74,2373.555,0,1,0.426855495300546,2.13427747650273,6,128
1954,38,6915,34.575,2370.35,2,0,0.423662155946668,2.11831077973334,6,129
1955,38,6859,34.295,2367.6,0,0,0.420491437143489,2.10245718571745,6,130
1956,39,6755,33.775,2364.905,0,1,0.417344278443419,2.0867213922171,6,131
1957,39,6549,32.745,2361.84,0,0,0.414221612417503,2.07110806208751,6,132
1958,39,6281,31.405,2358.95,1,1,0.411124364379077,2.05562182189539,6,133
1959,38,5950,29.75,2356.31,2,1,0.408053452109579,2.04026726054789,6,134
1960,37,5680,28.4,2354.485,1,0,0.40500978558659,2.02504892793295,6,135
1961,37,5319,26.595,2352.64,0,0,0.401994266714188,2.00997133357094,6,136
1962,36,5044,25.22,2351.25,1,0,0.399007789055696,1.99503894527848,6,137
1963,32,4822,24.11,2350.265,4,0,0.396051237568897,1.98025618784448,6,138
1964,32,4587,22.935,2349.415,0,0,0.393125488343805,1.96562744171902,6,139
1965,33,4356,21.78,2348.205,0,1,0.390231408343056,1.95115704171528,6,140
1966,31,4110,20.55,2347.705,2,0,0.387369855145017,1.93684927572509,6,141
1967,31,3890,19.45,2347.175,0,0,0.384541676689655,1.92270838344827,6,142
1968,30,3674,18.37,2347.165,2,1,0.381747711027284,1.90873855513642,6,143
1969,29,3549,17.745,2347.2,1,0,0.378988786070231,1.89494393035115,6,144
1970,29,3457,17.285,2347.485,0,0,0.376265719347499,1.8813285967375,6,145
1971,30,3356,16.78,2347.715,0,1,0.373579317762531,1.86789658881265,6,146
1972,30,3291,16.455,2348.215,0,0,0.37093037735409,1.85465188677045,6,147
1973,29,3236,16.18,2348.685,1,0,0.36831968306039,1.84159841530195,6,148
1974,29,3160,15.8,2349.32,1,1,0.365748008486494,1.82874004243247,6,149
1975,29,3075,15.375,2350.075,0,0,0.363216115675078,1.81608057837539,6,150
1976,29,3006,15.03,2350.99,0,0,0.360724754880625,1.80362377440312,6,151
1977,29,2913,14.565,2351.88,0,0,0.358274664347108,1.79137332173554,6,152
1978,29,2826,14.13,2353.01,0,0,0.355866570089228,1.77933285044614,6,153
1979,29,2735,13.675,2353.985,0,0,0.353501185677284,1.76750592838642,6,154
1980,29,2584,12.92,2354.985,0,0,0.351179212025729,1.75589606012864,6,155
1981,28,2426,12.13,2356.235,1,0,0.348901337185464,1.74450668592732,6,156
1982,27,2341,11.705,2357.815,1,0,0.346668236139969,1.73334118069984,6,157
1983,27,2258,11.29,2359.32,0,0,0.344480570605275,1.72240285302638,6,158
1984,26,2208,11.04,2361.27,1,0,0.342338988833895,1.71169494416947,6,159
1985,26,2140,10.7,2363.15,0,0,0.340244125422728,1.70122062711364,6,160
1986,25,2054,10.27,2364.935,1,0,0.338196601125011,1.69098300562505,6,161
1987,25,1968,9.84,2366.83,0,0,0.336197022666384,1.68098511333192,6,162
1988,25,1888,9.44,2368.63,0,0,0.3342459825651,1.6712299128255,6,163
1989,24,1866,9.33,2370.675,1,0,0.332344058956445,1.66172029478223,6,164
1990,24,1821,9.105,2372.94,0,0,0.330491815421433,1.65245907710717,6,165
1991,24,1754,8.77,2375.225,0,0,0.328689800819799,1.643449004099,6,166
1992,24,1709,8.545,2377.63,0,0,0.326938549127359,1.63469274563679,6,167
1993,23,1673,8.365,2379.945,1,0,0.325238579277784,1.62619289638892,6,168
1994,23,1653,8.265,2382.495,0,0,0.323590395008829,1.61795197504415,6,169
1995,23,1605,8.025,2384.71,0,0,0.321994484713065,1.60997242356532,6,170
1996,23,1594,7.97,2387.13,0,0,0.320451321293153,1.60225660646577,6,171
1997,22,1562,7.81,2389.625,1,0,0.318961362021721,1.5948068101086,6,172
1998,22,1568,7.84,2392.525,1,1,0.317525048405855,1.58762524202927,6,173
1999,22,1544,7.72,2395.05,0,0,0.316142806056278,1.58071403028139,6,174
2000,22,1522,7.61,2397.265,0,0,0.31481504456123,1.57407522280615,6,175
2001,22,1480,7.4,2400.09,0,0,0.313542157365097,1.56771078682549,6,176
2002,22,1466,7.33,2402.49,0,0,0.312324521651827,1.56162260825914,6,177
2003,21,1483,7.415,2405.185,1,0,0.31116249823316,1.5558124911658,6,178
2004,21,1474,7.37,2408.21,0,0,0.310056431441714,1.55028215720857,6,179
2005,20,1467,7.335,2411.03,2,1,0.309006649028949,1.54503324514475,6,180
2006,20,1489,7.445,2413.915,0,0,0.308013462068051,1.54006731034025,6,181
2007,20,1490,7.45,2416.695,0,0,0.307077164861751,1.53538582430876,6,182
2008,20,1479,7.395,2419.3,0,0,0.306198034855119,1.53099017427559,6,183
2009,20,1481,7.405,2422.17,0,0,0.305376332553347,1.52688166276674,6,184
2010,20,1485,7.425,2425.11,0,0,0.304612301444564,1.52306150722282,6,185
2011,20,1468,7.34,2427.915,0,0,0.303906167927674,1.51953083963837,6,186
2012,20,1487,7.435,2430.92,0,0,0.303258141245278,1.51629070622639,6,187
2013,20,1490,7.45,2433.935,0,0,0.302668413421669,1.51334206710834,6,188
2014,20,1440,7.2,2436.855,1,1,0.302137159205927,1.51068579602963,6,189
2015,18,1443,7.215,2439.84,2,0,0.301664536020142,1.50832268010071,6,190
2016,17,1417,7.085,2443.07,1,0,0.301250683912764,1.50625341956382,6,191
2017,17,1355,6.775,2445.9,0,0,0.300895725517105,1.50447862758552,6,192
2018,16,1337,6.685,2449.105,1,0,0.300599766014997,1.50299883007499,6,193
2019,15,1280,6.4,2452.395,1,0,0.300362893105628,1.50181446552814,6,194
2020,15,1268,6.34,2455.725,0,0,0.300185176979554,1.50092588489777,6,195
2021,15,1244,6.22,2459.065,0,0,0.300066670297898,1.50033335148949,6,196
2022,14,1194,5.97,2462.585,1,0,0.300007408176747,1.50003704088373,6,197
2023,13,1193,5.965,2465.99,1,0,0.300007408176747,1.50003704088373,6,198
2024,13,1155,5.775,2469.43,0,0,0.300066670297898,1.50033335148949,6,199
2025,12,1120,5.6,2472.84,1,0,0.300185176979554,1.50092588489777,6,200
2026,12,1034,5.17,2476.39,0,0,0.300362893105628,1.50181446552814,6,201
2027,12,1000,5,2479.945,0,0,0.300599766014997,1.50299883007498,6,202
2028,12,983,4.915,2483.505,0,0,0.300895725517105,1.50447862758552,6,203
2029,13,978,4.89,2487.125,0,1,0.301250683912764,1.50625341956382,6,204
2030,12,952,4.76,2490.635,1,0,0.301664536020142,1.50832268010071,6,205
2031,12,898,4.49,2494.11,0,0,0.302137159205927,1.51068579602963,6,206
2032,12,863,4.315,2498.065,0,0,0.302668413421668,1.51334206710834,6,207
2033,12,816,4.08,2501.675,0,0,0.303258141245278,1.51629070622639,6,208
2034,12,783,3.915,2505.245,0,0,0.303906167927674,1.51953083963837,6,209
2035,12,747,3.735,2509.175,0,0,0.304612301444564,1.52306150722282,6,210
2036,11,704,3.52,2512.95,1,0,0.305376332553348,1.52688166276674,6,211
2037,11,663,3.315,2516.78,0,0,0.306198034855119,1.53099017427559,6,212
2038,11,627,3.135,2520.69,0,0,0.307077164861751,1.53538582430876,6,213
2039,11,594,2.97,2524.6,0,0,0.308013462068051,1.54006731034026,6,214
2040,11,589,2.945,2528.755,0,0,0.309006649028949,1.54503324514474,6,215
2041,12,586,2.93,2532.595,0,1,0.310056431441714,1.55028215720857,6,216
2042,12,577,2.885,2536.775,0,0,0.31116249823316,1.5558124911658,6,217
2043,12,577,2.885,2540.915,0,0,0.312324521651827,1.56162260825914,6,218
2044,12,553,2.765,2544.85,0,0,0.313542157365097,1.56771078682549,6,219
2045,12,546,2.73,2548.875,0,0,0.31481504456123,1.57407522280615,6,220
2046,12,541,2.705,2552.77,0,0,0.316142806056278,1.58071403028139,6,221
2047,12,555,2.775,2556.965,0,0,0.317525048405854,1.58762524202927,6,222
2048,12,556,2.78,2560.905,0,0,0.31896136202172,1.5948068101086,6,223
2049,11,560,2.8,2564.815,1,0,0.320451321293153,1.60225660646576,6,224
2050,11,562,2.81,2568.87,0,0,0.321994484713065,1.60997242356532,6,225
2051,11,547,2.735,2572.85,0,0,0.323590395008829,1.61795197504414,6,226
2052,11,538,2.69,2576.92,0,0,0.325238579277784,1.62619289638892,6,227
2053,11,542,2.71,2581.09,0,0,0.326938549127359,1.63469274563679,6,228
2054,10,552,2.76,2585.115,1,0,0.328689800819799,1.643449004099,6,229
2055,10,570,2.85,2589.21,0,0,0.330491815421434,1.65245907710717,6,230
2056,10,582,2.91,2593.45,0,0,0.332344058956446,1.66172029478223,6,231
2057,10,611,3.055,2597.28,0,0,0.334245982565099,1.6712299128255,6,232
2058,10,595,2.975,2601.06,0,0,0.336197022666384,1.68098511333192,6,233
2059,10,589,2.945,2605.15,0,0,0.33819660112501,1.69098300562505,6,234
2060,10,595,2.975,2608.825,0,0,0.340244125422727,1.70122062711364,6,235
2061,10,606,3.03,2612.74,0,0,0.342338988833895,1.71169494416947,6,236
2062,10,597,2.985,2616.245,0,0,0.344480570605274,1.72240285302637,6,237
2063,10,634,3.17,2620.135,0,0,0.346668236139968,1.73334118069984,6,238
2064,10,643,3.215,2623.835,0,0,0.348901337185464,1.74450668592732,6,239
2065,10,656,3.28,2627.735,0,0,0.351179212025727,1.75589606012864,6,240
2066,9,656,3.28,2631.52,1,0,0.353501185677284,1.76750592838642,6,241
2067,9,699,3.495,2635.225,0,0,0.355866570089228,1.77933285044614,6,242
2068,9,721,3.605,2638.85,0,0,0.358274664347108,1.79137332173554,6,243
2069,9,781,3.905,2642.36,0,0,0.360724754880626,1.80362377440313,6,244
2070,9,788,3.94,2645.685,0,0,0.363216115675077,1.81608057837539,6,245
2071,9,799,3.995,2648.995,0,0,0.365748008486494,1.82874004243247,6,246
2072,9,852,4.26,2652.325,0,0,0.368319683060391,1.84159841530195,6,247
2073,9,894,4.47,2655.83,0,0,0.37093037735409,1.85465188677045,6,248
2074,9,945,4.725,2659.25,0,0,0.37357931776253,1.86789658881265,6,249
2075,9,1017,5.085,2662.39,0,0,0.376265719347499,1.88132859673749,6,250
2076,10,1073,5.365,2665.45,0,1,0.37898878607023,1.89494393035115,6,251
2077,10,1162,5.81,2668.73,0,0,0.381747711027284,1.90873855513642,6,252
2078,11,1240,6.2,2671.71,0,1,0.384541676689654,1.92270838344827,6,253
2079,11,1323,6.615,2674.935,0,0,0.387369855145015,1.93684927572508,6,254
2080,11,1352,6.76,2677.795,0,0,0.390231408343056,1.95115704171528,6,255
2081,10,1420,7.1,2680.42,1,0,0.393125488343803,1.96562744171902,6,256
2082,10,1499,7.495,2683.64,0,0,0.396051237568896,1.98025618784448,6,257
2083,10,1554,7.77,2686.185,0,0,0.399007789055696,1.99503894527848,6,258
2084,10,1590,7.95,2688.725,0,0,0.401994266714187,2.00997133357094,6,259
2085,10,1635,8.175,2691.37,0,0,0.40500978558659,2.02504892793295,6,260
2086,10,1685,8.425,2693.965,0,0,0.408053452109579,2.0402672605479,6,261
2087,10,1662,8.31,2696.39,0,0,0.411124364379077,2.05562182189538,6,262
2088,10,1695,8.475,2698.6,0,0,0.414221612417503,2.07110806208752,6,263
2089,10,1724,8.62,2700.835,0,0,0.41734427844342,2.0867213922171,6,264
2090,10,1700,8.5,2703.105,0,0,0.420491437143489,2.10245718571744,6,265
2091,10,1715,8.575,2705.67,0,0,0.423662155946669,2.11831077973334,6,266
2092,10,1766,8.83,2708.06,0,0,0.426855495300546,2.13427747650273,6,267
2093,10,1741,8.705,2710.145,0,0,0.430070508949753,2.15035254474877,6,268
2094,9,1714,8.57,2712.54,1,0,0.433306244216362,2.16653122108181,6,269
2095,9,1661,8.305,2714.83,0,0,0.436561742282178,2.18280871141089,6,270
2096,9,1632,8.16,2717.09,0,0,0.439836038472866,2.19918019236433,6,271
2097,9,1591,7.955,2719.36,0,0,0.443128162543799,2.215640812719,6,272
2098,9,1549,7.745,2721.67,0,0,0.446437138967564,2.23218569483782,6,273
2099,9,1519,7.595,2724.1,0,0,0.449761987223036,2.24880993611518,6,274
2100,10,1482,7.41,2726.42,0,1,0.453101722085918,2.26550861042959,6,275
2101,10,1430,7.15,2728.79,0,0,0.456455353920693,2.28227676960347,6,276
2102,10,1389,6.945,2730.71,0,0,0.459821888973873,2.29910944486936,6,277
2103,10,1371,6.855,2732.84,0,0,0.463200329668463,2.31600164834232,6,278
2104,11,1370,6.85,2734.985,0,1,0.466589674899576,2.33294837449788,6,279
2105,11,1356,6.78,2737.025,0,0,0.46998892033107,2.34994460165535,6,280
2106,11,1349,6.745,2739.06,0,0,0.473397058693161,2.3669852934658,6,281
2107,11,1337,6.685,2741.415,0,0,0.4768130800809,2.3840654004045,6,282
2108,11,1316,6.58,2743.635,0,0,0.480235972253425,2.40117986126713,6,283
2109,13,1310,6.55,2745.635,0,2,0.483664720933916,2.41832360466958,6,284
2110,13,1304,6.52,2747.85,0,0,0.487098310110136,2.43549155055068,6,285
2111,13,1319,6.595,2749.875,0,0,0.490535722335513,2.45267861167757,6,286
2112,13,1257,6.285,2751.655,0,0,0.493975939030617,2.46987969515309,6,287
2113,13,1305,6.525,2753.75,0,0,0.497417940784998,2.48708970392499,6,288
2114,14,1324,6.62,2755.925,0,1,0.500860707659248,2.50430353829624,6,289
2115,14,1353,6.765,2757.65,1,1,0.504303219487244,2.52151609743622,6,290
2116,14,1360,6.8,2759.61,0,0,0.507744456178435,2.53872228089217,6,291
2117,14,1375,6.875,2761.33,0,0,0.51118339802012,2.5559169901006,6,292
2118,14,1436,7.18,2763.18,0,0,0.514619025979615,2.57309512989808,6,293
2119,14,1534,7.67,2765.015,0,0,0.518050322006209,2.59025161003104,6,294
2120,14,1656,8.28,2766.85,0,0,0.521476269332832,2.60738134666416,6,295
2121,15,1757,8.785,2768.22,0,1,0.524895852777358,2.62447926388679,6,296
2122,15,1893,9.465,2769.655,0,0,0.528308059043409,2.64154029521705,6,297
2123,15,2054,10.27,2770.755,0,0,0.531711877020627,2.65855938510313,6,298
2124,15,2233,11.165,2771.785,0,0,0.535106298084286,2.67553149042143,6,299
2125,15,2389,11.945,2772.755,0,0,0.538490316394166,2.69245158197083,6,300
2126,15,2669,13.345,2773.32,0,0,0.541862929192609,2.70931464596304,6,301
2127,15,3004,15.02,2774.32,0,0,0.545223137101657,2.72611568550829,6,302
2128,15,3363,16.815,2774.65,0,0,0.548569944419186,2.74284972209593,6,303
2129,15,3716,18.58,2774.27,0,0,0.551902359413959,2.7595117970698,6,304
2130,15,4133,20.665,2773.85,0,0,0.555219394619494,2.77609697309747,6,305
2131,15,4406,22.03,2772.91,0,0,0.558520067126669,2.79260033563334,6,306
2132,16,4636,23.18,2771.795,0,1,0.561803398874989,2.80901699437495,6,307
2133,17,4822,24.11,2770.57,0,1,0.565068416942396,2.82534208471198,6,308
2134,17,4927,24.635,2768.97,0,0,0.568314153833571,2.84157076916785,6,309
2135,17,5000,25,2767.29,0,0,0.571539647766625,2.85769823883313,6,310
2136,18,5053,25.265,2765.65,0,1,0.574743942958093,2.87371971479047,6,311
2137,19,5096,25.48,2763.855,0,1,0.577926089906157,2.88963044953079,6,312
2138,19,5151,25.755,2762.09,1,1,0.581085145672,2.90542572836,6,313
2139,18,5123,25.615,2760.11,1,0,0.584220174159218,2.92110087079609,6,314
2140,19,5123,25.615,2758.265,0,1,0.587330246391213,2.93665123195606,6,315
2141,19,5035,25.175,2755.955,0,0,0.59041444078646,2.9520722039323,6,316
2142,19,5026,25.13,2754.19,0,0,0.593471843431601,2.967359217158,6,317
2143,20,4949,24.745,2752.17,0,1,0.596501548352243,2.98250774176121,6,318
2144,22,4786,23.93,2750.01,0,2,0.599502657781436,2.99751328890718,6,319
2145,22,4668,23.34,2747.965,0,0,0.602474282425684,3.01237141212842,6,320
2146,22,4447,22.235,2746.5,0,0,0.605415541728474,3.02707770864237,6,321
2147,24,4262,21.31,2744.845,0,2,0.608325564131195,3.04162782065598,6,322
2148,23,4028,20.14,2743.36,1,0,0.611203487331408,3.05601743665704,6,323
2149,23,3775,18.875,2741.945,0,0,0.614048458538357,3.07024229269179,6,324
2150,23,3571,17.855,2740.6,0,0,0.616859634725673,3.08429817362837,6,325
2151,24,3425,17.125,2739.7,0,1,0.619636182881183,3.09818091440592,6,326
2152,25,3306,16.53,2738.565,0,1,0.622377280253745,3.11188640126873,6,327
2153,25,3298,16.49,2737.97,0,0,0.625082114597049,3.12541057298524,6,328
2154,25,3335,16.675,2737.46,0,0,0.627749884410306,3.13874942205153,6,329
2155,25,3474,17.37,2736.43,0,0,0.630379799175743,3.15189899587872,6,330
2156,26,3750,18.75,2735.455,0,1,0.632971079592857,3.16485539796429,6,331
2157,26,4049,20.245,2734.235,0,0,0.635522957809337,3.17761478904669,6,332
2158,26,4416,22.08,2732.825,0,0,0.638034677648594,3.19017338824297,6,333
2159,28,4915,24.575,2731.37,0,2,0.640505494833831,3.20252747416915,6,334
2160,29,5416,27.08,2729.26,0,1,0.642934677208592,3.21467338604296,6,335
2161,30,5931,29.655,2726.86,0,1,0.645321504953712,3.22660752476856,6,336
2162,29,6397,31.985,2723.74,1,0,0.647665270800621,3.2383263540031,6,337
2163,29,6853,34.265,2720.055,0,0,0.649965280240914,3.24982640120457,6,338
2164,30,7335,36.675,2716.395,0,1,0.652220851732154,3.26110425866077,6,339
2165,30,7822,39.11,2712.305,0,0,0.654431316899833,3.27215658449916,6,340
2166,30,8051,40.255,2707.675,0,0,0.656596020735413,3.28298010367706,6,341
2167,30,8165,40.825,2702.82,0,0,0.658714321790429,3.29357160895215,6,342
2168,31,8074,40.37,2697.705,0,1,0.660785592366564,3.30392796183282,6,343
2169,31,7909,39.545,2692.545,0,0,0.662809218701643,3.31404609350822,6,344
2170,32,7790,38.95,2687.62,0,1,0.664784601151511,3.32392300575755,6,345
2171,34,7717,38.585,2682.635,0,2,0.666711154367714,3.33355577183857,6,346
2172,34,7693,38.465,2677.545,0,0,0.668588307470956,3.34294153735478,6,347
2173,34,7737,38.685,2672.42,0,0,0.670415504220262,3.35207752110131,6,348
2174,35,7831,39.155,2667.715,0,1,0.672192203177799,3.36096101588899,6,349
2175,36,7871,39.355,2662.34,0,1,0.673917877869322,3.36958938934661,6,350
2176,37,8102,40.51,2657.6,0,1,0.675592016940177,3.37796008470089,6,351
2177,40,8329,41.645,2652.57,0,3,0.677214124306827,3.38607062153414,6,352
2178,42,8506,42.53,2647.34,0,2,0.678783719303851,3.39391859651925,6,353
2179,43,8637,43.185,2641.875,0,1,0.680300336826377,3.40150168413188,6,354
2180,43,8650,43.25,2636.125,0,0,0.6817635274679,3.4088176373395,6,355
2181,43,8625,43.125,2630.315,1,1,0.683172857653457,3.41586428826729,6,356
2182,43,8685,43.425,2624.565,0,0,0.684527909768098,3.42263954884049,6,357
2183,44,8668,43.34,2618.47,0,1,0.685828282280635,3.42914141140317,6,358
2184,43,8761,43.805,2612.85,1,0,0.68707358986263,3.43536794931315,6,359
2185,44,8961,44.805,2607.02,0,1,0.68826346350257,3.44131731751285,6,360
2186,42,9190,45.95,2600.93,2,0,0.689397550615215,3.44698775307607,6,361
2187,42,9424,47.12,2594.515,0,0,0.69047551514608,3.4523775757304,6,362
2188,42,9804,49.02,2588.525,0,0,0.691497037671008,3.45748518835504,6,363
2189,42,10141,50.705,2582,0,0,0.69246181549083,3.46230907745415,6,364
2190,42,10442,52.21,2575.085,0,0,0.693369562721055,3.46684781360528,7,0
2191,42,10761,53.805,2567.67,1,1,0.69422001037659,3.47110005188295,7,1
2192,42,11103,55.515,2559.83,0,0,0.695012906451439,3.47506453225719,7,2
2193,40,11542,57.71,2552.135,2,0,0.695748015993383,3.47874007996691,7,3
2194,41,12052,60.26,2543.905,0,1,0.6964251211736,3.482125605868,7,4
2195,41,12756,63.78,2535.34,0,0,0.697044021351212,3.48522010675606,7,5
2196,42,13314,66.57,2525.87,0,1,0.69760453313274,3.4880226656637,7,6
2197,42,13691,68.455,2515.74,0,0,0.698106490426444,3.49053245213222,7,7
2198,42,13961,69.805,2505.865,0,0,0.698549744491548,3.49274872245774,7,8
2199,44,14087,70.435,2495.255,0,2,0.698934163982304,3.49467081991152,7,9
2200,46,14018,70.09,2484.375,1,3,0.699259634986922,3.49629817493461,7,10
2201,46,13667,68.335,2473.775,0,0,0.699526061061317,3.49763030530659,7,11
2202,47,13140,65.7,2463.24,0,1,0.699733363257695,3.49866681628848,7,12
2203,47,12552,62.76,2453.37,0,0,0.699881480147941,3.4994074007397,7,13
2204,45,11872,59.36,2443.91,3,1,0.699970367841823,3.49985183920912,7,14
2205,45,11211,56.055,2435.11,0,0,0.7,3.5,7,15
2206,42,10490,52.45,2426.96,3,0,0.699970367841823,3.49985183920912,7,16
2207,43,9773,48.865,2419.395,0,1,0.699881480147941,3.4994074007397,7,17
2208,42,9046,45.23,2412.125,1,0,0.699733363257695,3.49866681628848,7,18
2209,42,8448,42.24,2405.79,0,0,0.699526061061317,3.49763030530659,7,19
2210,42,7800,39,2399.89,0,0,0.699259634986922,3.49629817493461,7,20
2211,42,7383,36.915,2394.815,0,0,0.698934163982304,3.49467081991152,7,21
2212,43,7016,35.08,2389.94,1,2,0.698549744491548,3.49274872245774,7,22
2213,43,6724,33.62,2385.26,1,1,0.698106490426445,3.49053245213222,7,23
2214,44,6502,32.51,2380.625,0,1,0.69760453313274,3.4880226656637,7,24
2215,44,6523,32.615,2376.7,0,0,0.697044021351212,3.48522010675606,7,25
2216,44,6555,32.775,2372.61,0,0,0.6964251211736,3.482125605868,7,26
2217,44,6662,33.31,2368.555,1,1,0.695748015993383,3.47874007996692,7,27
2218,45,6834,34.17,2364.285,0,1,0.695012906451439,3.47506453225719,7,28
2219,45,7047,35.235,2359.835,2,2,0.69422001037659,3.47110005188295,7,29
2220,45,7153,35.765,2355.29,1,1,0.693369562721055,3.46684781360528,7,30
2221,45,7099,35.495,2350.555,0,0,0.69246181549083,3.46230907745415,7,31
2222,44,7104,35.52,2346.19,1,0,0.691497037671008,3.45748518835504,7,32
2223,44,6953,34.765,2341.615,0,0,0.69047551514608,3.4523775757304,7,33
2224,44,6734,33.67,2337.075,0,0,0.689397550615215,3.44698775307608,7,34
2225,44,6516,32.58,2332.795,0,0,0.68826346350257,3.44131731751285,7,35
2226,46,6279,31.395,2328.73,0,2,0.68707358986263,3.43536794931315,7,36
2227,45,5987,29.935,2324.83,1,0,0.685828282280635,3.42914141140318,7,37
2228,45,5760,28.8,2321.03,0,0,0.684527909768098,3.42263954884049,7,38
2229,43,5660,28.3,2317.74,2,0,0.683172857653457,3.41586428826729,7,39
2230,45,5679,28.395,2314.445,0,2,0.681763527467901,3.4088176373395,7,40
2231,45,5842,29.21,2311.49,1,1,0.680300336826377,3.40150168413188,7,41
2232,44,6154,30.77,2308.475,1,0,0.678783719303851,3.39391859651926,7,42
2233,45,6579,32.895,2305.13,0,1,0.677214124306828,3.38607062153414,7,43
2234,45,7144,35.72,2301.48,1,1,0.675592016940178,3.37796008470089,7,44
2235,46,7649,38.245,2297.055,2,3,0.673917877869322,3.36958938934661,7,45
2236,46,8120,40.6,2292.485,0,0,0.672192203177799,3.36096101588899,7,46
2237,46,8619,43.095,2287.29,0,0,0.670415504220262,3.35207752110131,7,47
2238,46,9093,45.465,2281.705,0,0,0.668588307470957,3.34294153735478,7,48
2239,47,9533,47.665,2276.17,0,1,0.666711154367714,3.33355577183857,7,49
2240,47,9635,48.175,2269.56,1,1,0.664784601151511,3.32392300575756,7,50
2241,48,9756,48.78,2263.28,1,2,0.662809218701644,3.31404609350822,7,51
2242,49,9728,48.64,2256.52,0,1,0.660785592366565,3.30392796183282,7,52
2243,47,9634,48.17,2249.82,4,2,0.65871432179043,3.29357160895215,7,53
2244,46,9530,47.65,2243.59,1,0,0.656596020735413,3.28298010367707,7,54
2245,45,9396,46.98,2237.26,2,1,0.654431316899833,3.27215658449916,7,55
2246,44,9302,46.51,2230.775,1,0,0.652220851732155,3.26110425866077,7,56
2247,44,9411,47.055,2224.61,0,0,0.649965280240914,3.24982640120457,7,57
2248,42,9541,47.705,2218.64,2,0,0.647665270800621,3.23832635400311,7,58
2249,42,9769,48.845,2212.51,1,1,0.645321504953714,3.22660752476857,7,59
2250,39,9932,49.66,2206.26,5,2,0.642934677208592,3.21467338604296,7,60
2251,39,9895,49.475,2199.28,0,0,0.640505494833831,3.20252747416916,7,61
2252,41,9862,49.31,2192.805,0,2,0.638034677648595,3.19017338824297,7,62
2253,43,9737,48.685,2185.93,0,2,0.635522957809338,3.17761478904669,7,63
2254,43,9710,48.55,2179.495,0,0,0.632971079592858,3.16485539796429,7,64
2255,43,9799,48.995,2173.565,0,0,0.630379799175742,3.15189899587871,7,65
2256,43,9752,48.76,2166.875,1,1,0.627749884410306,3.13874942205153,7,66
2257,44,9873,49.365,2160.785,0,1,0.625082114597049,3.12541057298525,7,67
2258,45,10075,50.375,2154.215,1,2,0.622377280253746,3.11188640126873,7,68
2259,48,10093,50.465,2147.81,0,3,0.619636182881184,3.09818091440592,7,69
2260,49,10155,50.775,2141.16,1,2,0.616859634725675,3.08429817362837,7,70
2261,46,10107,50.535,2134.685,3,0,0.614048458538358,3.07024229269179,7,71
2262,47,10002,50.01,2128.03,0,1,0.611203487331409,3.05601743665704,7,72
2263,49,9818,49.09,2121.315,0,2,0.608325564131197,3.04162782065598,7,73
2264,46,9627,48.135,2115.19,3,0,0.605415541728475,3.02707770864237,7,74
2265,47,9377,46.885,2109.435,0,1,0.602474282425684,3.01237141212842,7,75
2266,45,9097,45.485,2103.735,2,0,0.599502657781437,2.99751328890718,7,76
2267,47,8722,43.61,2097.96,0,2,0.596501548352244,2.98250774176122,7,77
2268,45,8418,42.09,2093.075,2,0,0.5934718434316,2.967359217158,7,78
2269,46,8047,40.235,2088.275,0,1,0.590414440786461,2.9520722039323,7,79
2270,46,7750,38.75,2084.08,0,0,0.587330246391212,2.93665123195606,7,80
2271,48,7502,37.51,2080.015,0,2,0.584220174159218,2.92110087079609,7,81
2272,49,7185,35.925,2075.82,0,1,0.581085145672,2.90542572836,7,82
2273,49,7105,35.525,2072.495,1,1,0.577926089906158,2.88963044953079,7,83
2274,48,7040,35.2,2068.9,1,0,0.574743942958095,2.87371971479047,7,84
2275,47,7094,35.47,2065.81,1,0,0.571539647766626,2.85769823883313,7,85
2276,45,7264,36.32,2062.175,2,0,0.568314153833571,2.84157076916786,7,86
2277,44,7510,37.55,2058.505,1,0,0.565068416942397,2.82534208471198,7,87
2278,45,7915,39.575,2054.845,0,1,0.56180339887499,2.80901699437495,7,88
2279,46,8364,41.82,2050.62,0,1,0.558520067126669,2.79260033563335,7,89
2280,46,8919,44.595,2046.555,0,0,0.555219394619494,2.77609697309747,7,90
2281,48,9393,46.965,2041.485,0,2,0.55190235941396,2.7595117970698,7,91
2282,49,9882,49.41,2036.76,0,1,0.548569944419188,2.74284972209594,7,92
2283,48,10295,51.475,2031.285,1,0,0.545223137101658,2.72611568550829,7,93
2284,47,10525,52.625,2025.25,1,0,0.541862929192609,2.70931464596305,7,94
2285,50,10522,52.61,2018.83,0,3,0.538490316394166,2.69245158197083,7,95
2286,47,10465,52.325,2012.85,3,0,0.535106298084285,2.67553149042143,7,96
2287,48,10285,51.425,2006.76,0,1,0.531711877020627,2.65855938510314,7,97
2288,47,10020,50.1,2000.9,1,0,0.528308059043409,2.64154029521704,7,98
2289,48,9783,48.915,1995.36,0,1,0.524895852777359,2.62447926388679,7,99
2290,48,9379,46.895,1989.84,2,2,0.521476269332833,2.60738134666416,7,100
2291,47,9130,45.65,1984.96,2,1,0.518050322006209,2.59025161003105,7,101
2292,47,8839,44.195,1980.42,0,0,0.514619025979616,2.57309512989808,7,102
2293,45,8597,42.985,1975.925,2,0,0.511183398020122,2.55591699010061,7,103
2294,47,8441,42.205,1971.49,0,2,0.507744456178435,2.53872228089218,7,104
2295,44,8279,41.395,1967.36,3,0,0.504303219487244,2.52151609743622,7,105
2296,44,8096,40.48,1963.215,0,0,0.50086070765925,2.50430353829625,7,106
2297,44,7999,39.995,1959.73,1,1,0.497417940784998,2.48708970392499,7,107
2298,44,7918,39.59,1956.495,1,1,0.493975939030618,2.46987969515309,7,108
2299,44,7764,38.82,1953.19,0,0,0.490535722335514,2.45267861167757,7,109
2300,45,7578,37.89,1950.14,1,2,0.487098310110137,2.43549155055068,7,110
2301,43,7413,37.065,1947.365,2,0,0.483664720933915,2.41832360466957,7,111
2302,43,7152,35.76,1944.42,1,1,0.480235972253426,2.40117986126713,7,112
2303,43,6770,33.85,1941.665,0,0,0.476813080080899,2.3840654004045,7,113
2304,44,6452,32.26,1939.615,0,1,0.473397058693161,2.36698529346581,7,114
2305,44,6065,30.325,1937.425,0,0,0.469988920331071,2.34994460165535,7,115
2306,44,5730,28.65,1936,0,0,0.466589674899577,2.33294837449788,7,116
2307,45,5396,26.98,1934.825,1,2,0.463200329668465,2.31600164834233,7,117
2308,44,5171,25.855,1933.96,1,0,0.459821888973874,2.29910944486937,7,118
2309,42,4930,24.65,1933.025,2,0,0.456455353920694,2.28227676960347,7,119
2310,41,4644,23.22,1932.52,3,2,0.453101722085919,2.26550861042959,7,120
2311,39,4354,21.77,1932.195,2,0,0.449761987223036,2.24880993611518,7,121
2312,37,4120,20.6,1932.355,2,0,0.446437138967565,2.23218569483782,7,122
2313,37,3965,19.825,1932.9,0,0,0.4431281625438,2.215640812719,7,123
2314,38,3801,19.005,1933.37,0,1,0.439836038472866,2.19918019236433,7,124
2315,37,3645,18.225,1934.175,1,0,0.436561742282179,2.1828087114109,7,125
2316,38,3522,17.61,1935.1,0,1,0.433306244216363,2.16653122108181,7,126
2317,37,3411,17.055,1936.015,1,0,0.430070508949754,2.15035254474877,7,127
2318,36,3302,16.51,1937.01,1,0,0.426855495300546,2.13427747650273,7,128
2319,36,3265,16.325,1938.26,0,0,0.423662155946668,2.11831077973334,7,129
2320,36,3221,16.105,1939.79,0,0,0.420491437143489,2.10245718571745,7,130
2321,36,3317,16.585,1941.76,0,0,0.417344278443419,2.0867213922171,7,131
2322,37,3361,16.805,1943.4,0,1,0.414221612417504,2.07110806208752,7,132
2323,36,3489,17.445,1945.465,1,0,0.411124364379077,2.05562182189539,7,133
2324,36,3668,18.34,1947.155,0,0,0.40805345210958,2.0402672605479,7,134
2325,36,3771,18.855,1948.735,0,0,0.40500978558659,2.02504892793295,7,135
2326,36,3948,19.74,1950.405,2,2,0.401994266714189,2.00997133357095,7,136
2327,34,4175,20.875,1951.82,2,0,0.399007789055696,1.99503894527848,7,137
2328,34,4437,22.185,1953.355,0,0,0.396051237568897,1.98025618784448,7,138
2329,34,4634,23.17,1954.15,1,1,0.393125488343805,1.96562744171902,7,139
2330,33,4781,23.905,1955.15,1,0,0.390231408343056,1.95115704171528,7,140
2331,33,4827,24.135,1955.84,0,0,0.387369855145016,1.93684927572508,7,141
2332,34,5001,25.005,1956.96,1,2,0.384541676689655,1.92270838344827,7,142
2333,33,5083,25.415,1957.465,2,1,0.381747711027284,1.90873855513642,7,143
2334,32,5103,25.515,1958.14,1,0,0.37898878607023,1.89494393035115,7,144
2335,31,5097,25.485,1958.77,1,0,0.376265719347499,1.8813285967375,7,145
2336,30,5112,25.56,1959.6,1,0,0.373579317762531,1.86789658881265,7,146
2337,31,4985,24.925,1960.255,0,1,0.37093037735409,1.85465188677045,7,147
2338,32,4912,24.56,1960.935,0,1,0.368319683060391,1.84159841530195,7,148
2339,29,4814,24.07,1961.755,3,0,0.365748008486494,1.82874004243247,7,149
2340,30,4712,23.56,1963.16,0,1,0.363216115675079,1.81608057837539,7,150
2341,27,4546,22.73,1964.255,3,0,0.360724754880626,1.80362377440313,7,151
2342,28,4267,21.335,1965.315,0,1,0.358274664347108,1.79137332173554,7,152
2343,27,4107,20.535,1967.075,1,0,0.355866570089228,1.77933285044614,7,153
2344,26,3905,19.525,1968.765,1,0,0.353501185677284,1.76750592838642,7,154
2345,25,3761,18.805,1971.015,1,0,0.351179212025728,1.75589606012864,7,155
2346,25,3573,17.865,1973.035,0,0,0.348901337185464,1.74450668592732,7,156
2347,25,3307,16.535,1975.36,1,1,0.346668236139968,1.73334118069984,7,157
2348,24,3147,15.735,1978.155,1,0,0.344480570605275,1.72240285302638,7,158
2349,23,2943,14.715,1980.905,1,0,0.342338988833895,1.71169494416947,7,159
2350,23,2770,13.85,1983.93,0,0,0.340244125422727,1.70122062711363,7,160
2351,22,2590,12.95,1987.085,1,0,0.338196601125011,1.69098300562505,7,161
2352,23,2446,12.23,1990.53,0,1,0.336197022666384,1.68098511333192,7,162
2353,21,2295,11.475,1994.025,2,0,0.3342459825651,1.6712299128255,7,163
2354,20,2139,10.695,1997.38,1,0,0.332344058956445,1.66172029478223,7,164
2355,21,1981,9.905,2001.425,1,2,0.330491815421434,1.65245907710717,7,165
2356,21,1837,9.185,2005.675,0,0,0.328689800819799,1.643449004099,7,166
2357,21,1736,8.68,2009.955,0,0,0.326938549127359,1.6346927456368,7,167
2358,21,1639,8.195,2014.24,0,0,0.325238579277784,1.62619289638892,7,168
2359,21,1546,7.73,2018.915,0,0,0.32359039500883,1.61795197504415,7,169
2360,22,1443,7.215,2023.62,0,1,0.321994484713065,1.60997242356532,7,170
2361,19,1356,6.78,2028.53,3,0,0.320451321293153,1.60225660646577,7,171
2362,18,1311,6.555,2033.615,1,0,0.318961362021721,1.5948068101086,7,172
2363,18,1233,6.165,2038.545,0,0,0.317525048405855,1.58762524202927,7,173
2364,18,1148,5.74,2043.345,0,0,0.316142806056278,1.58071403028139,7,174
2365,18,1060,5.3,2048.23,0,0,0.31481504456123,1.57407522280615,7,175
2366,18,1011,5.055,2053.3,0,0,0.313542157365097,1.56771078682549,7,176
2367,18,976,4.88,2058.67,0,0,0.312324521651827,1.56162260825913,7,177
2368,18,937,4.685,2063.92,0,0,0.31116249823316,1.5558124911658,7,178
2369,18,882,4.41,2069.3,1,1,0.310056431441714,1.55028215720857,7,179
2370,18,843,4.215,2075.19,0,0,0.309006649028949,1.54503324514475,7,180
2371,18,816,4.08,2081.02,0,0,0.308013462068051,1.54006731034026,7,181
2372,18,779,3.895,2086.85,0,0,0.307077164861751,1.53538582430876,7,182
2373,18,741,3.705,2092.43,0,0,0.306198034855119,1.5309901742756,7,183
2374,18,717,3.585,2098.12,0,0,0.305376332553348,1.52688166276674,7,184
2375,18,702,3.51,2103.77,0,0,0.304612301444564,1.52306150722282,7,185
2376,18,668,3.34,2109.72,0,0,0.303906167927674,1.51953083963837,7,186
2377,16,615,3.075,2115.555,2,0,0.303258141245278,1.51629070622639,7,187
2378,16,580,2.9,2121.505,0,0,0.302668413421669,1.51334206710834,7,188
2379,16,545,2.725,2127.455,0,0,0.302137159205927,1.51068579602963,7,189
2380,16,533,2.665,2133.24,0,0,0.301664536020142,1.50832268010071,7,190
2381,16,513,2.565,2139.36,0,0,0.301250683912764,1.50625341956382,7,191
2382,16,505,2.525,2145.87,0,0,0.300895725517105,1.50447862758552,7,192
2383,16,472,2.36,2151.83,0,0,0.300599766014997,1.50299883007498,7,193
2384,16,455,2.275,2158.11,0,0,0.300362893105628,1.50181446552814,7,194
2385,16,448,2.24,2164.25,0,0,0.300185176979554,1.50092588489777,7,195
2386,15,431,2.155,2170.33,1,0,0.300066670297898,1.50033335148949,7,196
2387,15,417,2.085,2176.83,0,0,0.300007408176747,1.50003704088373,7,197
2388,15,408,2.04,2183.17,0,0,0.300007408176747,1.50003704088373,7,198
2389,15,397,1.985,2189.605,0,0,0.300066670297898,1.50033335148949,7,199
2390,15,369,1.845,2196.08,0,0,0.300185176979554,1.50092588489777,7,200
2391,15,345,1.725,2202.75,0,0,0.300362893105628,1.50181446552814,7,201
2392,15,332,1.66,2209.225,0,0,0.300599766014997,1.50299883007498,7,202
2393,15,315,1.575,2215.625,0,0,0.300895725517105,1.50447862758552,7,203
2394,15,312,1.56,2222.115,0,0,0.301250683912764,1.50625341956382,7,204
2395,15,304,1.52,2228.575,0,0,0.301664536020142,1.50832268010071,7,205
2396,14,307,1.535,2235.25,1,0,0.302137159205927,1.51068579602963,7,206
2397,13,300,1.5,2241.535,1,0,0.302668413421669,1.51334206710834,7,207
2398,13,283,1.415,2248.09,0,0,0.303258141245278,1.51629070622639,7,208
2399,13,284,1.42,2254.605,0,0,0.303906167927674,1.51953083963837,7,209
2400,14,275,1.375,2261.225,0,1,0.304612301444564,1.52306150722282,7,210
2401,15,264,1.32,2268.12,0,1,0.305376332553348,1.52688166276674,7,211
2402,15,264,1.32,2274.53,0,0,0.306198034855119,1.53099017427559,7,212
2403,15,263,1.315,2281.44,0,0,0.307077164861751,1.53538582430876,7,213
2404,14,238,1.19,2288.45,1,0,0.308013462068051,1.54006731034025,7,214
2405,14,242,1.21,2295.08,0,0,0.309006649028949,1.54503324514474,7,215
2406,13,234,1.17,2301.635,1,0,0.310056431441713,1.55028215720857,7,216
2407,13,219,1.095,2308.31,0,0,0.31116249823316,1.5558124911658,7,217
2408,12,201,1.005,2314.835,1,0,0.312324521651827,1.56162260825914,7,218
2409,12,185,0.925,2321.27,0,0,0.313542157365097,1.56771078682549,7,219
2410,12,197,0.985,2327.88,0,0,0.31481504456123,1.57407522280615,7,220
2411,12,186,0.93,2334.7,1,1,0.316142806056278,1.58071403028139,7,221
2412,10,175,0.875,2341.47,2,0,0.317525048405854,1.58762524202927,7,222
2413,10,169,0.845,2347.99,0,0,0.318961362021721,1.5948068101086,7,223
2414,10,172,0.86,2354.505,0,0,0.320451321293153,1.60225660646576,7,224
2415,10,182,0.91,2361.1,0,0,0.321994484713065,1.60997242356532,7,225
2416,10,184,0.92,2367.805,0,0,0.323590395008829,1.61795197504415,7,226
2417,10,182,0.91,2374.455,0,0,0.325238579277784,1.62619289638892,7,227
2418,10,186,0.93,2380.77,0,0,0.326938549127359,1.63469274563679,7,228
2419,10,187,0.935,2387.275,0,0,0.328689800819799,1.643449004099,7,229
2420,10,201,1.005,2393.5,0,0,0.330491815421433,1.65245907710716,7,230
2421,10,202,1.01,2399.855,0,0,0.332344058956445,1.66172029478222,7,231
2422,10,215,1.075,2406.55,0,0,0.334245982565099,1.6712299128255,7,232
2423,10,225,1.125,2413,0,0,0.336197022666384,1.68098511333192,7,233
2424,9,235,1.175,2419.45,1,0,0.33819660112501,1.69098300562505,7,234
2425,9,248,1.24,2426.035,0,0,0.340244125422726,1.70122062711363,7,235
2426,9,253,1.265,2432.36,0,0,0.342338988833895,1.71169494416947,7,236
2427,9,258,1.29,2438.805,0,0,0.344480570605275,1.72240285302637,7,237
2428,9,263,1.315,2445.21,0,0,0.346668236139968,1.73334118069984,7,238
2429,9,285,1.425,2451.59,0,0,0.348901337185464,1.74450668592732,7,239
2430,9,298,1.49,2457.575,0,0,0.351179212025728,1.75589606012864,7,240
2431,9,316,1.58,2463.845,0,0,0.353501185677284,1.76750592838642,7,241
2432,9,335,1.675,2470,0,0,0.355866570089228,1.77933285044614,7,242
2433,9,332,1.66,2476.04,0,0,0.358274664347108,1.79137332173554,7,243
2434,9,368,1.84,2481.935,0,0,0.360724754880626,1.80362377440313,7,244
2435,9,366,1.83,2487.775,0,0,0.363216115675077,1.81608057837539,7,245
2436,9,380,1.9,2493.885,0,0,0.365748008486494,1.82874004243247,7,246
2437,9,412,2.06,2499.94,0,0,0.368319683060389,1.84159841530195,7,247
2438,9,444,2.22,2505.75,0,0,0.37093037735409,1.85465188677045,7,248
2439,9,478,2.39,2511.285,0,0,0.373579317762529,1.86789658881265,7,249
2440,9,500,2.5,2516.86,0,0,0.376265719347499,1.88132859673749,7,250
2441,9,536,2.68,2522.45,0,0,0.37898878607023,1.89494393035115,7,251
2442,9,582,2.91,2528.045,0,0,0.381747711027284,1.90873855513642,7,252
2443,9,592,2.96,2533.3,0,0,0.384541676689654,1.92270838344827,7,253
2444,10,643,3.215,2538.605,0,1,0.387369855145017,1.93684927572508,7,254
2445,10,710,3.55,2543.9,0,0,0.390231408343056,1.95115704171528,7,255
2446,10,763,3.815,2549.395,0,0,0.393125488343804,1.96562744171902,7,256
2447,10,807,4.035,2554.73,0,0,0.396051237568896,1.98025618784448,7,257
2448,10,882,4.41,2560.07,0,0,0.399007789055696,1.99503894527848,7,258
2449,10,926,4.63,2564.91,0,0,0.401994266714189,2.00997133357094,7,259
2450,10,992,4.96,2569.99,0,0,0.40500978558659,2.02504892793295,7,260
2451,10,1113,5.565,2574.785,0,0,0.408053452109579,2.0402672605479,7,261
2452,10,1182,5.91,2579.53,0,0,0.411124364379077,2.05562182189538,7,262
2453,10,1274,6.37,2584.65,0,0,0.414221612417502,2.07110806208751,7,263
2454,10,1407,7.035,2589.515,0,0,0.417344278443419,2.08672139221709,7,264
2455,11,1536,7.68,2594.145,0,1,0.420491437143489,2.10245718571744,7,265
2456,10,1703,8.515,2598.27,1,0,0.423662155946667,2.11831077973334,7,266
2457,8,1789,8.945,2602.55,2,0,0.426855495300546,2.13427747650273,7,267
2458,8,1910,9.55,2606.75,0,0,0.430070508949755,2.15035254474877,7,268
2459,8,2030,10.15,2610.735,0,0,0.433306244216362,2.16653122108181,7,269
2460,9,2077,10.385,2614.29,0,1,0.436561742282179,2.18280871141089,7,270
2461,9,2151,10.755,2617.925,0,0,0.439836038472866,2.19918019236433,7,271
2462,9,2178,10.89,2621.225,0,0,0.443128162543799,2.215640812719,7,272
2463,9,2222,11.11,2624.33,0,0,0.446437138967566,2.23218569483783,7,273
2464,9,2259,11.295,2627.425,0,0,0.449761987223036,2.24880993611518,7,274
2465,9,2233,11.165,2630.56,0,0,0.453101722085918,2.26550861042959,7,275
2466,10,2234,11.17,2633.555,0,1,0.456455353920693,2.28227676960347,7,276
2467,10,2251,11.255,2636.805,0,0,0.459821888973873,2.29910944486936,7,277
2468,11,2272,11.36,2639.91,0,1,0.463200329668463,2.31600164834232,7,278
2469,11,2261,11.305,2642.87,1,1,0.466589674899576,2.33294837449788,7,279
2470,11,2287,11.435,2646.06,0,0,0.469988920331068,2.34994460165534,7,280
2471,11,2266,11.33,2648.975,0,0,0.47339705869316,2.3669852934658,7,281
2472,11,2253,11.265,2651.805,0,0,0.476813080080899,2.38406540040449,7,282
2473,11,2294,11.47,2654.565,0,0,0.480235972253425,2.40117986126713,7,283
2474,11,2318,11.59,2657.37,0,0,0.483664720933915,2.41832360466958,7,284
2475,12,2295,11.475,2659.955,0,1,0.487098310110136,2.43549155055068,7,285
2476,12,2311,11.555,2662.815,0,0,0.490535722335513,2.45267861167757,7,286
2477,12,2340,11.7,2665.155,0,0,0.493975939030619,2.46987969515309,7,287
2478,12,2414,12.07,2667.805,0,0,0.497417940784998,2.48708970392499,7,288
2479,12,2468,12.34,2670.525,0,0,0.500860707659249,2.50430353829624,7,289
2480,12,2518,12.59,2672.58,0,0,0.504303219487245,2.52151609743623,7,290
2481,12,2599,12.995,2674.955,0,0,0.507744456178435,2.53872228089217,7,291
2482,12,2683,13.415,2677.03,0,0,0.511183398020121,2.55591699010061,7,292
2483,13,2782,13.91,2679.265,0,1,0.514619025979615,2.57309512989808,7,293
2484,13,2852,14.26,2681.305,0,0,0.518050322006207,2.59025161003104,7,294
2485,13,2940,14.7,2683.055,0,0,0.521476269332832,2.60738134666416,7,295
2486,13,2941,14.705,2684.405,0,0,0.524895852777357,2.62447926388678,7,296
2487,13,2932,14.66,2686.185,0,0,0.528308059043408,2.64154029521704,7,297
2488,13,2981,14.905,2688,0,0,0.531711877020627,2.65855938510313,7,298
2489,15,2946,14.73,2689.23,0,2,0.535106298084285,2.67553149042142,7,299
2490,15,2886,14.43,2690.56,0,0,0.538490316394166,2.69245158197083,7,300
2491,15,2815,14.075,2691.74,0,0,0.54186292919261,2.70931464596305,7,301
2492,15,2762,13.81,2693.16,0,0,0.545223137101657,2.72611568550829,7,302
2493,15,2752,13.76,2694.64,0,0,0.548569944419187,2.74284972209594,7,303
2494,15,2701,13.505,2696.065,0,0,0.551902359413959,2.7595117970698,7,304
2495,15,2686,13.43,2697.54,0,0,0.555219394619494,2.77609697309747,7,305
2496,15,2671,13.355,2698.565,0,0,0.55852006712667,2.79260033563335,7,306
2497,15,2719,13.595,2699.91,0,0,0.561803398874989,2.80901699437495,7,307
2498,15,2814,14.07,2701.415,0,0,0.565068416942396,2.82534208471198,7,308
2499,15,2894,14.47,2702.39,0,0,0.568314153833571,2.84157076916785,7,309
2500,15,2945,14.725,2703.295,0,0,0.571539647766625,2.85769823883313,7,310
2501,16,3160,15.8,2704.325,0,1,0.574743942958093,2.87371971479046,7,311
2502,16,3412,17.06,2705.18,0,0,0.577926089906157,2.88963044953079,7,312
2503,16,3628,18.14,2705.92,0,0,0.581085145671999,2.90542572835999,7,313
2504,17,3889,19.445,2706.21,0,1,0.584220174159218,2.92110087079609,7,314
2505,17,4159,20.795,2706.105,0,0,0.587330246391212,2.93665123195606,7,315
2506,17,4294,21.47,2705.9,0,0,0.59041444078646,2.9520722039323,7,316
2507,17,4489,22.445,2705.715,0,0,0.5934718434316,2.967359217158,7,317
2508,17,4655,23.275,2705.2,0,0,0.596501548352243,2.98250774176121,7,318
2509,17,4695,23.475,2704.18,0,0,0.599502657781436,2.99751328890718,7,319
2510,17,4661,23.305,2703.285,0,0,0.602474282425685,3.01237141212843,7,320
2511,17,4650,23.25,2702.865,0,0,0.605415541728474,3.02707770864237,7,321
2512,18,4510,22.55,2701.85,0,1,0.608325564131196,3.04162782065598,7,322
2513,19,4385,21.925,2701.34,0,1,0.61120348733141,3.05601743665705,7,323
2514,19,4187,20.935,2700.5,0,0,0.614048458538357,3.07024229269179,7,324
2515,20,4055,20.275,2699.925,0,1,0.616859634725673,3.08429817362836,7,325
2516,20,3843,19.215,2698.92,0,0,0.619636182881183,3.09818091440592,7,326
2517,21,3683,18.415,2698.18,0,1,0.622377280253744,3.11188640126872,7,327
2518,21,3635,18.175,2697.82,0,0,0.625082114597049,3.12541057298524,7,328
2519,21,3596,17.98,2697.225,0,0,0.627749884410304,3.13874942205152,7,329
2520,22,3669,18.345,2697.075,0,1,0.630379799175742,3.15189899587871,7,330
2521,22,3669,18.345,2696.655,0,0,0.632971079592857,3.16485539796429,7,331
2522,23,3802,19.01,2696.86,0,1,0.635522957809337,3.17761478904669,7,332
2523,23,3899,19.495,2696.4,0,0,0.638034677648594,3.19017338824297,7,333
2524,23,3901,19.505,2695.63,0,0,0.640505494833832,3.20252747416916,7,334
2525,23,3890,19.45,2694.77,0,0,0.642934677208592,3.21467338604296,7,335
2526,23,3820,19.1,2693.975,0,0,0.645321504953713,3.22660752476857,7,336
2527,24,3783,18.915,2693.4,0,1,0.647665270800621,3.2383263540031,7,337
2528,24,3747,18.735,2693.075,0,0,0.649965280240914,3.24982640120457,7,338
2529,24,3795,18.975,2692.385,0,0,0.652220851732155,3.26110425866078,7,339
2530,25,3790,18.95,2691.715,0,1,0.654431316899833,3.27215658449916,7,340
2531,26,3810,19.05,2690.825,0,1,0.656596020735413,3.28298010367706,7,341
2532,29,3922,19.61,2689.865,0,3,0.658714321790429,3.29357160895215,7,342
2533,29,4189,20.945,2689.175,0,0,0.660785592366564,3.30392796183282,7,343
2534,29,4511,22.555,2688.17,0,0,0.662809218701643,3.31404609350822,7,344
2535,29,4820,24.1,2686.6,0,0,0.664784601151511,3.32392300575755,7,345
2536,29,5230,26.15,2685,0,0,0.666711154367713,3.33355577183857,7,346
2537,30,5581,27.905,2682.845,0,1,0.668588307470956,3.34294153735478,7,347
2538,30,5901,29.505,2680.31,1,1,0.670415504220261,3.35207752110131,7,348
2539,31,6193,30.965,2677.64,0,1,0.672192203177799,3.36096101588899,7,349
2540,32,6323,31.615,2674.385,0,1,0.673917877869322,3.36958938934661,7,350
2541,32,6427,32.135,2671.3,0,0,0.675592016940177,3.37796008470089,7,351
2542,33,6445,32.225,2667.78,0,1,0.677214124306827,3.38607062153414,7,352
2543,34,6373,31.865,2664.45,0,1,0.678783719303852,3.39391859651926,7,353
2544,34,6430,32.15,2661.43,0,0,0.680300336826377,3.40150168413188,7,354
2545,34,6455,32.275,2657.91,0,0,0.681763527467901,3.4088176373395,7,355
2546,33,6531,32.655,2654.36,1,0,0.683172857653458,3.41586428826729,7,356
2547,31,6772,33.86,2650.95,2,0,0.684527909768098,3.42263954884049,7,357
2548,31,7024,35.12,2646.975,0,0,0.685828282280635,3.42914141140317,7,358
2549,31,7552,37.76,2643.365,0,0,0.68707358986263,3.43536794931315,7,359
2550,31,8033,40.165,2639.215,0,0,0.688263463502569,3.44131731751285,7,360
2551,31,8379,41.895,2634.305,0,0,0.689397550615215,3.44698775307607,7,361
2552,32,8714,43.57,2629.15,0,1,0.690475515146079,3.4523775757304,7,362
2553,32,8964,44.82,2623.445,0,0,0.691497037671008,3.45748518835504,7,363
2554,33,9178,45.89,2617.915,0,1,0.69246181549083,3.46230907745415,7,364
2555,34,9239,46.195,2611.61,0,1,0.693369562721055,3.46684781360528,8,0
2556,34,9221,46.105,2605.53,0,0,0.69422001037659,3.47110005188295,8,1
2557,34,9225,46.125,2599.235,0,0,0.695012906451439,3.47506453225719,8,2
2558,34,9175,45.875,2592.815,1,1,0.695748015993383,3.47874007996691,8,3
2559,34,9099,45.495,2586.805,0,0,0.6964251211736,3.482125605868,8,4
2560,34,9016,45.08,2581.06,0,0,0.697044021351212,3.48522010675606,8,5
2561,34,8899,44.495,2575.105,0,0,0.69760453313274,3.4880226656637,8,6
2562,34,8738,43.69,2569.335,2,2,0.698106490426445,3.49053245213222,8,7
2563,33,8522,42.61,2563.56,1,0,0.698549744491548,3.49274872245774,8,8
2564,34,8276,41.38,2558.095,0,1,0.698934163982304,3.49467081991152,8,9
2565,34,8014,40.07,2552.855,1,1,0.699259634986922,3.49629817493461,8,10
2566,33,7730,38.65,2547.785,1,0,0.699526061061317,3.49763030530659,8,11
2567,32,7434,37.17,2542.7,1,0,0.699733363257695,3.49866681628848,8,12
2568,33,7288,36.44,2538.295,0,1,0.699881480147941,3.4994074007397,8,13
2569,33,7312,36.56,2533.875,0,0,0.699970367841823,3.49985183920912,8,14
2570,33,7195,35.975,2529.3,0,0,0.7,3.5,8,15
2571,33,7122,35.61,2524.955,0,0,0.699970367841823,3.49985183920912,8,16
2572,33,6896,34.48,2520.265,0,0,0.699881480147941,3.4994074007397,8,17
2573,32,6626,33.13,2516.2,1,0,0.699733363257695,3.49866681628848,8,18
2574,33,6307,31.535,2512.43,0,1,0.699526061061317,3.49763030530659,8,19
2575,33,5959,29.795,2508.76,0,0,0.699259634986922,3.49629817493461,8,20
2576,34,5592,27.96,2505.165,0,1,0.698934163982304,3.49467081991152,8,21
2577,35,5367,26.835,2501.98,0,1,0.698549744491548,3.49274872245774,8,22
2578,33,5231,26.155,2499.205,2,0,0.698106490426445,3.49053245213222,8,23
2579,33,5198,25.99,2496.645,0,0,0.69760453313274,3.4880226656637,8,24
2580,34,5231,26.155,2493.865,0,1,0.697044021351212,3.48522010675606,8,25
2581,33,5356,26.78,2491.085,1,0,0.6964251211736,3.482125605868,8,26
2582,33,5547,27.735,2488.425,0,0,0.695748015993383,3.47874007996692,8,27
2583,33,5737,28.685,2485.56,0,0,0.695012906451439,3.4750645322572,8,28
2584,32,5803,29.015,2482.305,1,0,0.69422001037659,3.47110005188295,8,29
2585,33,5768,28.84,2479.015,0,1,0.693369562721056,3.46684781360528,8,30
2586,33,5694,28.47,2475.735,0,0,0.69246181549083,3.46230907745415,8,31
2587,33,5533,27.665,2472.555,0,0,0.691497037671008,3.45748518835504,8,32
2588,32,5389,26.945,2469.69,2,1,0.69047551514608,3.4523775757304,8,33
2589,33,5210,26.05,2466.795,0,1,0.689397550615215,3.44698775307608,8,34
2590,32,4964,24.82,2464.27,1,0,0.688263463502569,3.44131731751285,8,35
2591,33,4783,23.915,2461.65,0,1,0.68707358986263,3.43536794931315,8,36
2592,33,4725,23.625,2459.325,1,1,0.685828282280635,3.42914141140317,8,37
2593,32,4736,23.68,2457.04,1,0,0.684527909768098,3.42263954884049,8,38
2594,32,4800,24,2454.61,0,0,0.683172857653457,3.41586428826729,8,39
2595,33,4920,24.6,2452.215,0,1,0.6817635274679,3.4088176373395,8,40
2596,33,4989,24.945,2449.695,0,0,0.680300336826377,3.40150168413188,8,41
2597,32,5155,25.775,2447.475,2,1,0.678783719303851,3.39391859651926,8,42
2598,31,5183,25.915,2444.795,1,0,0.677214124306828,3.38607062153414,8,43
2599,32,5283,26.415,2442.315,0,1,0.675592016940178,3.37796008470089,8,44
2600,32,5235,26.175,2439.765,0,0,0.673917877869323,3.36958938934661,8,45
2601,31,5184,25.92,2437.265,2,1,0.672192203177799,3.36096101588899,8,46
2602,31,5081,25.405,2434.555,0,0,0.670415504220262,3.35207752110131,8,47
2603,31,4940,24.7,2431.865,0,0,0.668588307470957,3.34294153735478,8,48
2604,31,4896,24.48,2429.28,0,0,0.666711154367715,3.33355577183857,8,49
2605,32,4885,24.425,2426.965,0,1,0.664784601151511,3.32392300575756,8,50
2606,32,4914,24.57,2424.64,1,1,0.662809218701644,3.31404609350822,8,51
2607,31,4980,24.9,2421.875,1,0,0.660785592366565,3.30392796183282,8,52
2608,31,5092,25.46,2419.205,0,0,0.65871432179043,3.29357160895215,8,53
2609,29,5213,26.065,2416.49,2,0,0.656596020735412,3.28298010367706,8,54
2610,28,5391,26.955,2413.92,1,0,0.654431316899833,3.27215658449917,8,55
2611,27,5619,28.095,2411.04,1,0,0.652220851732155,3.26110425866077,8,56
2612,29,5846,29.23,2408.09,0,2,0.649965280240914,3.24982640120457,8,57
2613,29,6065,30.325,2404.75,0,0,0.647665270800621,3.23832635400311,8,58
2614,28,6274,31.37,2401.145,2,1,0.645321504953714,3.22660752476857,8,59
2615,28,6450,32.25,2397.295,1,1,0.642934677208592,3.21467338604296,8,60
2616,27,6584,32.92,2393.555,1,0,0.640505494833832,3.20252747416916,8,61
2617,27,6642,33.21,2389.805,0,0,0.638034677648595,3.19017338824297,8,62
2618,27,6669,33.345,2386.06,1,1,0.635522957809339,3.17761478904669,8,63
2619,28,6483,32.415,2381.925,0,1,0.632971079592858,3.16485539796429,8,64
2620,27,6171,30.855,2377.76,1,0,0.630379799175742,3.15189899587871,8,65
2621,26,5985,29.925,2374.625,1,0,0.627749884410306,3.13874942205153,8,66
2622,26,5605,28.025,2371.17,0,0,0.625082114597049,3.12541057298525,8,67
2623,27,5265,26.325,2368.27,0,1,0.622377280253746,3.11188640126873,8,68
2624,26,4874,24.37,2365.39,1,0,0.619636182881184,3.09818091440592,8,69
2625,26,4527,22.635,2363.035,0,0,0.616859634725674,3.08429817362837,8,70
2626,26,4307,21.535,2361.19,0,0,0.614048458538357,3.07024229269178,8,71
2627,27,4067,20.335,2359.54,0,1,0.611203487331409,3.05601743665704,8,72
2628,26,3861,19.305,2358.02,1,0,0.608325564131197,3.04162782065598,8,73
2629,25,3722,18.61,2356.605,1,0,0.605415541728475,3.02707770864237,8,74
2630,24,3607,18.035,2355.45,2,1,0.602474282425684,3.01237141212842,8,75
2631,23,3614,18.07,2354.255,1,0,0.599502657781437,2.99751328890718,8,76
2632,22,3586,17.93,2353.145,1,0,0.596501548352244,2.98250774176122,8,77
2633,22,3637,18.185,2352.2,1,1,0.593471843431601,2.96735921715801,8,78
2634,22,3622,18.11,2351.16,0,0,0.590414440786462,2.95207220393231,8,79
2635,22,3657,18.285,2350.025,0,0,0.587330246391214,2.93665123195607,8,80
2636,22,3660,18.3,2348.84,0,0,0.584220174159218,2.92110087079609,8,81
2637,22,3636,18.18,2347.585,0,0,0.581085145671999,2.90542572836,8,82
2638,21,3642,18.21,2346.645,1,0,0.577926089906157,2.88963044953078,8,83
2639,21,3548,17.74,2345.54,0,0,0.574743942958095,2.87371971479048,8,84
2640,21,3461,17.305,2344.36,0,0,0.571539647766626,2.85769823883313,8,85
2641,22,3357,16.785,2343.47,0,1,0.568314153833571,2.84157076916786,8,86
2642,22,3306,16.53,2343.04,0,0,0.565068416942396,2.82534208471198,8,87
2643,22,3300,16.5,2342.425,0,0,0.56180339887499,2.80901699437495,8,88
2644,25,3302,16.51,2341.86,0,3,0.558520067126671,2.79260033563335,8,89
2645,25,3309,16.545,2341.27,0,0,0.555219394619494,2.77609697309747,8,90
2646,25,3330,16.65,2340.725,0,0,0.55190235941396,2.7595117970698,8,91
2647,25,3307,16.535,2340.145,0,0,0.548569944419188,2.74284972209594,8,92
2648,25,3319,16.595,2339.52,0,0,0.545223137101658,2.72611568550829,8,93
2649,26,3273,16.365,2338.8,0,1,0.541862929192609,2.70931464596305,8,94
2650,26,3281,16.405,2338.555,0,0,0.538490316394168,2.69245158197084,8,95
2651,26,3266,16.33,2338.285,0,0,0.535106298084287,2.67553149042143,8,96
2652,26,3254,16.27,2337.55,0,0,0.531711877020627,2.65855938510314,8,97
2653,26,3242,16.21,2337.19,1,1,0.528308059043409,2.64154029521704,8,98
2654,27,3177,15.885,2336.775,1,2,0.524895852777357,2.62447926388679,8,99
2655,26,3197,15.985,2336.825,1,0,0.521476269332834,2.60738134666417,8,100
2656,25,3149,15.745,2336.38,1,0,0.518050322006209,2.59025161003105,8,101
2657,25,3090,15.45,2336.175,0,0,0.514619025979616,2.57309512989808,8,102
2658,25,3101,15.505,2335.865,0,0,0.51118339802012,2.5559169901006,8,103
2659,23,3091,15.455,2335.415,2,0,0.507744456178434,2.53872228089217,8,104
2660,23,3100,15.5,2335.07,0,0,0.504303219487244,2.52151609743622,8,105
2661,23,3170,15.85,2334.965,1,1,0.50086070765925,2.50430353829625,8,106
2662,23,3294,16.47,2334.79,1,1,0.497417940784998,2.48708970392499,8,107
2663,24,3426,17.13,2334.515,0,1,0.493975939030619,2.4698796951531,8,108
2664,23,3556,17.78,2334.14,1,0,0.490535722335514,2.45267861167757,8,109
2665,23,3801,19.005,2333.905,0,0,0.487098310110137,2.43549155055068,8,110
2666,24,3947,19.735,2333.65,0,1,0.483664720933916,2.41832360466958,8,111
2667,24,4091,20.455,2333.06,1,1,0.480235972253427,2.40117986126714,8,112
2668,24,4074,20.37,2331.815,0,0,0.476813080080901,2.3840654004045,8,113
2669,24,4096,20.48,2331.055,1,1,0.473397058693161,2.36698529346581,8,114
2670,24,4124,20.62,2330.115,0,0,0.469988920331069,2.34994460165535,8,115
2671,24,4089,20.445,2329.325,0,0,0.466589674899575,2.33294837449788,8,116
2672,24,4084,20.42,2328.565,0,0,0.463200329668465,2.31600164834233,8,117
2673,24,4025,20.125,2328.02,0,0,0.459821888973874,2.29910944486937,8,118
2674,24,3904,19.52,2327.195,0,0,0.456455353920694,2.28227676960347,8,119
2675,24,3818,19.09,2326.59,0,0,0.453101722085918,2.26550861042959,8,120
2676,23,3639,18.195,2326.31,1,0,0.449761987223036,2.24880993611518,8,121
2677,22,3430,17.15,2326,1,0,0.446437138967566,2.23218569483783,8,122
2678,23,3245,16.225,2325.81,0,1,0.4431281625438,2.215640812719,8,123
2679,22,3068,15.34,2325.84,1,0,0.439836038472866,2.19918019236433,8,124
2680,22,2905,14.525,2326.58,0,0,0.43656174228218,2.1828087114109,8,125
2681,22,2744,13.72,2327.08,0,0,0.433306244216363,2.16653122108181,8,126
2682,22,2599,12.995,2327.79,0,0,0.430070508949754,2.15035254474877,8,127
2683,22,2507,12.535,2328.585,0,0,0.426855495300548,2.13427747650274,8,128
2684,21,2371,11.855,2329.44,1,0,0.423662155946669,2.11831077973335,8,129
2685,23,2289,11.445,2330.67,0,2,0.420491437143489,2.10245718571745,8,130
2686,23,2245,11.225,2331.735,0,0,0.417344278443419,2.0867213922171,8,131
2687,24,2164,10.82,2333.08,0,1,0.414221612417503,2.07110806208751,8,132
2688,24,2092,10.46,2334.23,0,0,0.411124364379079,2.05562182189539,8,133
2689,24,2085,10.425,2335.81,1,1,0.40805345210958,2.0402672605479,8,134
2690,24,2061,10.305,2337.51,0,0,0.40500978558659,2.02504892793295,8,135
2691,25,2046,10.23,2339.06,0,1,0.401994266714188,2.00997133357094,8,136
2692,26,2024,10.12,2340.575,0,1,0.399007789055695,1.99503894527848,8,137
2693,26,2071,10.355,2342.275,0,0,0.396051237568897,1.98025618784448,8,138
2694,25,2104,10.52,2344.06,1,0,0.393125488343805,1.96562744171902,8,139
2695,25,2129,10.645,2345.7,0,0,0.390231408343056,1.95115704171528,8,140
2696,24,2199,10.995,2347.27,1,0,0.387369855145017,1.93684927572509,8,141
2697,26,2250,11.25,2348.705,0,2,0.384541676689655,1.92270838344827,8,142
2698,26,2232,11.16,2350,0,0,0.381747711027284,1.90873855513642,8,143
2699,25,2266,11.33,2351.57,1,0,0.378988786070231,1.89494393035115,8,144
2700,26,2331,11.655,2353.055,0,1,0.3762657193475,1.8813285967375,8,145
2701,25,2351,11.755,2354.465,1,0,0.373579317762531,1.86789658881265,8,146
2702,25,2411,12.055,2356.185,0,0,0.37093037735409,1.85465188677045,8,147
2703,24,2487,12.435,2357.58,1,0,0.36831968306039,1.84159841530195,8,148
2704,22,2576,12.88,2359.07,2,0,0.365748008486493,1.82874004243247,8,149
2705,22,2617,13.085,2360.715,0,0,0.363216115675079,1.81608057837539,8,150
2706,22,2699,13.495,2362.425,0,0,0.360724754880626,1.80362377440313,8,151
2707,22,2787,13.935,2364.265,0,0,0.358274664347108,1.79137332173554,8,152
2708,22,2838,14.19,2365.435,0,0,0.355866570089227,1.77933285044614,8,153
2709,22,2840,14.2,2366.705,0,0,0.353501185677284,1.76750592838642,8,154
2710,22,2894,14.47,2368.39,0,0,0.351179212025729,1.75589606012864,8,155
2711,22,2923,14.615,2369.805,1,1,0.348901337185464,1.74450668592732,8,156
2712,21,2910,14.55,2370.955,1,0,0.346668236139968,1.73334118069984,8,157
2713,21,2991,14.955,2372.395,0,0,0.344480570605275,1.72240285302638,8,158
2714,21,3020,15.1,2373.685,0,0,0.342338988833895,1.71169494416948,8,159
2715,21,3051,15.255,2375.32,0,0,0.340244125422727,1.70122062711363,8,160
2716,21,3070,15.35,2376.96,1,1,0.338196601125012,1.69098300562506,8,161
2717,20,3005,15.025,2378.365,1,0,0.336197022666385,1.68098511333192,8,162
2718,19,3027,15.135,2379.85,1,0,0.3342459825651,1.6712299128255,8,163
2719,19,3063,15.315,2381.42,0,0,0.332344058956445,1.66172029478223,8,164
2720,19,3008,15.04,2382.795,0,0,0.330491815421433,1.65245907710717,8,165
2721,19,2984,14.92,2384.555,0,0,0.3286898008198,1.643449004099,8,166
2722,20,2979,14.895,2386.275,0,1,0.326938549127359,1.6346927456368,8,167
2723,20,2947,14.735,2388.15,0,0,0.325238579277784,1.62619289638892,8,168
2724,20,2905,14.525,2389.845,0,0,0.323590395008829,1.61795197504415,8,169
2725,20,2824,14.12,2391.55,0,0,0.321994484713064,1.60997242356532,8,170
2726,20,2810,14.05,2393.28,0,0,0.320451321293153,1.60225660646577,8,171
2727,20,2761,13.805,2395.43,0,0,0.318961362021721,1.5948068101086,8,172
2728,19,2692,13.46,2397.195,1,0,0.317525048405855,1.58762524202927,8,173
2729,19,2617,13.085,2399.42,0,0,0.316142806056278,1.58071403028139,8,174
2730,18,2575,12.875,2401.44,1,0,0.31481504456123,1.57407522280615,8,175
2731,18,2451,12.255,2403.65,0,0,0.313542157365097,1.56771078682549,8,176
2732,18,2351,11.755,2405.9,0,0,0.312324521651827,1.56162260825914,8,177
2733,17,2267,11.335,2407.935,1,0,0.311162498233161,1.5558124911658,8,178
2734,17,2137,10.685,2410.28,0,0,0.310056431441714,1.55028215720857,8,179
2735,17,2098,10.49,2412.91,0,0,0.309006649028949,1.54503324514475,8,180
2736,17,2053,10.265,2415.535,0,0,0.308013462068051,1.54006731034026,8,181
2737,16,1934,9.67,2418.02,1,0,0.307077164861751,1.53538582430876,8,182
2738,16,1839,9.195,2420.885,0,0,0.306198034855119,1.5309901742756,8,183
2739,15,1747,8.735,2423.515,1,0,0.305376332553348,1.52688166276674,8,184
2740,14,1676,8.38,2426.675,1,0,0.304612301444564,1.52306150722282,8,185
2741,15,1651,8.255,2429.745,0,1,0.303906167927673,1.51953083963837,8,186
2742,15,1610,8.05,2432.63,0,0,0.303258141245278,1.51629070622639,8,187
2743,14,1550,7.75,2435.835,1,0,0.302668413421669,1.51334206710834,8,188
2744,14,1483,7.415,2438.905,0,0,0.302137159205927,1.51068579602963,8,189
2745,15,1427,7.135,2442.075,0,1,0.301664536020142,1.50832268010071,8,190
2746,15,1375,6.875,2445.46,0,0,0.301250683912764,1.50625341956382,8,191
2747,15,1299,6.495,2448.835,0,0,0.300895725517105,1.50447862758552,8,192
2748,15,1224,6.12,2452.37,0,0,0.300599766014997,1.50299883007498,8,193
2749,15,1180,5.9,2456.005,0,0,0.300362893105628,1.50181446552814,8,194
2750,16,1102,5.51,2459.115,0,1,0.300185176979554,1.50092588489777,8,195
2751,16,1046,5.23,2462.795,0,0,0.300066670297898,1.50033335148949,8,196
2752,16,989,4.945,2466.5,0,0,0.300007408176747,1.50003704088373,8,197
2753,16,970,4.85,2470.335,0,0,0.300007408176747,1.50003704088373,8,198
2754,15,928,4.64,2474.295,1,0,0.300066670297898,1.50033335148949,8,199
2755,15,898,4.49,2477.83,0,0,0.300185176979554,1.50092588489777,8,200
2756,15,853,4.265,2481.74,0,0,0.300362893105628,1.50181446552814,8,201
2757,15,808,4.04,2485.57,0,0,0.300599766014997,1.50299883007498,8,202
2758,15,772,3.86,2489.675,0,0,0.300895725517105,1.50447862758553,8,203
2759,15,766,3.83,2493.715,0,0,0.301250683912764,1.50625341956382,8,204
2760,15,759,3.795,2497.62,1,1,0.301664536020142,1.50832268010071,8,205
2761,15,730,3.65,2501.68,0,0,0.302137159205927,1.51068579602963,8,206
2762,15,704,3.52,2505.795,0,0,0.302668413421668,1.51334206710834,8,207
2763,15,682,3.41,2509.83,0,0,0.303258141245278,1.51629070622639,8,208
2764,14,673,3.365,2514.115,1,0,0.303906167927674,1.51953083963837,8,209
2765,14,652,3.26,2518.175,0,0,0.304612301444564,1.52306150722282,8,210
2766,14,635,3.175,2522.365,0,0,0.305376332553347,1.52688166276674,8,211
2767,13,629,3.145,2526.645,1,0,0.306198034855119,1.53099017427559,8,212
2768,13,599,2.995,2530.87,0,0,0.307077164861751,1.53538582430876,8,213
2769,13,589,2.945,2534.95,0,0,0.308013462068051,1.54006731034026,8,214
2770,13,582,2.91,2539.085,0,0,0.309006649028949,1.54503324514475,8,215
2771,13,571,2.855,2543.13,0,0,0.310056431441713,1.55028215720857,8,216
2772,13,548,2.74,2547.28,0,0,0.31116249823316,1.5558124911658,8,217
2773,13,531,2.655,2551.525,0,0,0.312324521651827,1.56162260825914,8,218
2774,13,526,2.63,2555.76,0,0,0.313542157365097,1.56771078682549,8,219
2775,13,525,2.625,2559.675,0,0,0.31481504456123,1.57407522280615,8,220
2776,13,568,2.84,2563.76,0,0,0.316142806056277,1.58071403028139,8,221
2777,13,574,2.87,2567.855,0,0,0.317525048405854,1.58762524202927,8,222
2778,13,574,2.87,2571.725,0,0,0.31896136202172,1.5948068101086,8,223
2779,13,598,2.99,2575.385,0,0,0.320451321293153,1.60225660646576,8,224
2780,13,612,3.06,2579.37,0,0,0.321994484713065,1.60997242356532,8,225
2781,13,616,3.08,2583.095,0,0,0.323590395008829,1.61795197504415,8,226
2782,13,643,3.215,2587.095,0,0,0.325238579277783,1.62619289638891,8,227
2783,13,660,3.3,2591.16,0,0,0.326938549127358,1.63469274563679,8,228
2784,13,691,3.455,2595,0,0,0.328689800819799,1.64344900409899,8,229
2785,14,742,3.71,2599.29,0,1,0.330491815421434,1.65245907710717,8,230
2786,13,775,3.875,2603.185,1,0,0.332344058956445,1.66172029478223,8,231
2787,13,813,4.065,2607.065,0,0,0.334245982565098,1.67122991282549,8,232
2788,13,840,4.2,2611.075,0,0,0.336197022666383,1.68098511333192,8,233
2789,13,860,4.3,2614.76,0,0,0.33819660112501,1.69098300562505,8,234
2790,13,874,4.37,2618.335,0,0,0.340244125422727,1.70122062711364,8,235
2791,12,855,4.275,2621.875,1,0,0.342338988833895,1.71169494416947,8,236
2792,12,843,4.215,2625.645,0,0,0.344480570605275,1.72240285302637,8,237
2793,12,828,4.14,2629.245,0,0,0.346668236139968,1.73334118069984,8,238
2794,12,834,4.17,2632.965,0,0,0.348901337185464,1.74450668592732,8,239
2795,12,850,4.25,2636.8,0,0,0.351179212025727,1.75589606012864,8,240
2796,13,844,4.22,2640.44,0,1,0.353501185677284,1.76750592838642,8,241
2797,13,822,4.11,2644.16,0,0,0.355866570089228,1.77933285044614,8,242
2798,13,819,4.095,2647.76,0,0,0.358274664347107,1.79137332173553,8,243
2799,13,824,4.12,2651.435,0,0,0.360724754880624,1.80362377440312,8,244
2800,13,783,3.915,2655.125,0,0,0.363216115675077,1.81608057837539,8,245
2801,13,777,3.885,2658.59,0,0,0.365748008486493,1.82874004243247,8,246
2802,12,765,3.825,2661.885,1,0,0.36831968306039,1.84159841530195,8,247
2803,12,774,3.87,2665.45,0,0,0.370930377354091,1.85465188677045,8,248
2804,11,765,3.825,2668.845,1,0,0.373579317762529,1.86789658881265,8,249
2805,11,763,3.815,2672.125,0,0,0.376265719347499,1.88132859673749,8,250
2806,11,763,3.815,2675.495,0,0,0.37898878607023,1.89494393035115,8,251
2807,11,759,3.795,2678.89,0,0,0.381747711027285,1.90873855513642,8,252
2808,11,754,3.77,2682.43,0,0,0.384541676689654,1.92270838344827,8,253
2809,11,770,3.85,2685.915,0,0,0.387369855145015,1.93684927572508,8,254
2810,11,762,3.81,2689.155,0,0,0.390231408343056,1.95115704171528,8,255
2811,11,763,3.815,2692.445,0,0,0.393125488343803,1.96562744171902,8,256
2812,10,767,3.835,2695.605,1,0,0.396051237568896,1.98025618784448,8,257
2813,10,751,3.755,2698.845,0,0,0.399007789055696,1.99503894527848,8,258
2814,10,774,3.87,2702.03,0,0,0.401994266714189,2.00997133357094,8,259
2815,10,805,4.025,2705.135,0,0,0.405009785586588,2.02504892793294,8,260
2816,10,829,4.145,2708.595,0,0,0.408053452109578,2.04026726054789,8,261
2817,10,862,4.31,2712.055,0,0,0.411124364379077,2.05562182189538,8,262
2818,10,847,4.235,2715.01,0,0,0.414221612417503,2.07110806208752,8,263
2819,10,828,4.14,2717.865,0,0,0.41734427844342,2.0867213922171,8,264
2820,12,814,4.07,2720.905,0,2,0.420491437143487,2.10245718571744,8,265
2821,12,832,4.16,2723.86,0,0,0.423662155946667,2.11831077973334,8,266
2822,12,823,4.115,2726.63,0,0,0.426855495300546,2.13427747650273,8,267
2823,12,818,4.09,2729.43,0,0,0.430070508949755,2.15035254474877,8,268
2824,12,851,4.255,2732.155,0,0,0.433306244216362,2.16653122108181,8,269
2825,12,874,4.37,2735.245,0,0,0.436561742282179,2.18280871141089,8,270
2826,13,932,4.66,2738.435,0,1,0.439836038472866,2.19918019236433,8,271
2827,13,967,4.835,2740.99,0,0,0.443128162543799,2.215640812719,8,272
2828,13,1007,5.035,2743.885,0,0,0.446437138967564,2.23218569483782,8,273
2829,14,1041,5.205,2746.455,0,1,0.449761987223036,2.24880993611518,8,274
2830,15,1049,5.245,2748.945,0,1,0.453101722085918,2.26550861042959,8,275
2831,14,1076,5.38,2751.535,1,0,0.456455353920692,2.28227676960346,8,276
2832,14,1086,5.43,2753.9,0,0,0.459821888973872,2.29910944486936,8,277
2833,14,1106,5.53,2756.35,0,0,0.463200329668463,2.31600164834232,8,278
2834,14,1156,5.78,2758.775,0,0,0.466589674899576,2.33294837449788,8,279
2835,14,1219,6.095,2761.07,0,0,0.46998892033107,2.34994460165535,8,280
2836,14,1298,6.49,2763.375,0,0,0.473397058693162,2.36698529346581,8,281
2837,14,1355,6.775,2765.385,0,0,0.476813080080899,2.38406540040449,8,282
2838,14,1471,7.355,2767.24,0,0,0.480235972253425,2.40117986126713,8,283
2839,14,1554,7.77,2769.255,0,0,0.483664720933915,2.41832360466958,8,284
2840,14,1656,8.28,2771.195,0,0,0.487098310110137,2.43549155055069,8,285
2841,14,1778,8.89,2773.225,0,0,0.490535722335513,2.45267861167757,8,286
2842,14,1919,9.595,2774.8,0,0,0.493975939030619,2.46987969515309,8,287
2843,14,2078,10.39,2776.34,0,0,0.497417940784998,2.48708970392499,8,288
2844,14,2241,11.205,2777.91,0,0,0.500860707659248,2.50430353829624,8,289
2845,14,2451,12.255,2778.71,0,0,0.504303219487244,2.52151609743622,8,290
2846,14,2692,13.46,2779.61,0,0,0.507744456178435,2.53872228089217,8,291
2847,14,2925,14.625,2780.32,0,0,0.511183398020121,2.55591699010061,8,292
2848,14,3145,15.725,2780.635,0,0,0.514619025979614,2.57309512989807,8,293
2849,14,3400,17,2780.835,0,0,0.518050322006207,2.59025161003103,8,294
2850,16,3726,18.63,2780.615,0,2,0.521476269332832,2.60738134666416,8,295
2851,16,4017,20.085,2780.305,0,0,0.524895852777358,2.62447926388679,8,296
2852,16,4356,21.78,2779.945,0,0,0.528308059043409,2.64154029521705,8,297
2853,16,4632,23.16,2778.88,0,0,0.531711877020628,2.65855938510314,8,298
2854,17,4883,24.415,2777.675,0,1,0.535106298084285,2.67553149042142,8,299
2855,19,5104,25.52,2776.325,0,2,0.538490316394166,2.69245158197083,8,300
2856,19,5198,25.99,2774.495,0,0,0.54186292919261,2.70931464596305,8,301
2857,20,5244,26.22,2772.61,0,1,0.545223137101657,2.72611568550829,8,302
2858,20,5289,26.445,2770.755,0,0,0.548569944419187,2.74284972209594,8,303
2859,20,5320,26.6,2768.925,0,0,0.551902359413959,2.7595117970698,8,304
2860,20,5323,26.615,2767.195,0,0,0.555219394619494,2.77609697309747,8,305
2861,20,5191,25.955,2764.74,0,0,0.558520067126669,2.79260033563334,8,306
2862,21,5153,25.765,2763.03,0,1,0.561803398874989,2.80901699437495,8,307
2863,21,5072,25.36,2760.8,0,0,0.565068416942396,2.82534208471198,8,308
2864,21,4915,24.575,2758.605,0,0,0.568314153833572,2.84157076916786,8,309
2865,21,4859,24.295,2756.79,0,0,0.571539647766624,2.85769823883312,8,310
2866,22,4672,23.36,2754.62,0,1,0.574743942958093,2.87371971479046,8,311
2867,23,4585,22.925,2752.795,0,1,0.577926089906157,2.88963044953079,8,312
2868,22,4479,22.395,2751.035,1,0,0.581085145672,2.90542572836,8,313
2869,23,4447,22.235,2749.365,0,1,0.584220174159219,2.92110087079609,8,314
2870,23,4483,22.415,2748.065,0,0,0.587330246391212,2.93665123195606,8,315
2871,23,4510,22.55,2746.61,0,0,0.59041444078646,2.9520722039323,8,316
2872,23,4541,22.705,2745.01,0,0,0.5934718434316,2.967359217158,8,317
2873,24,4665,23.325,2743.445,0,1,0.596501548352244,2.98250774176122,8,318
2874,24,4699,23.495,2741.45,0,0,0.599502657781436,2.99751328890718,8,319
2875,24,4784,23.92,2739.405,0,0,0.602474282425685,3.01237141212843,8,320
2876,26,4902,24.51,2737.56,0,2,0.605415541728474,3.02707770864237,8,321
2877,28,5089,25.445,2735.805,0,2,0.608325564131195,3.04162782065598,8,322
2878,28,5251,26.255,2733.27,0,0,0.611203487331408,3.05601743665704,8,323
2879,27,5454,27.27,2731.105,1,0,0.614048458538357,3.07024229269179,8,324
2880,27,5620,28.1,2728.235,0,0,0.616859634725674,3.08429817362837,8,325
2881,29,5806,29.03,2725.59,0,2,0.619636182881182,3.09818091440591,8,326
2882,28,6052,30.26,2722.845,1,0,0.622377280253744,3.11188640126872,8,327
2883,28,6216,31.08,2719.675,0,0,0.625082114597049,3.12541057298524,8,328
2884,29,6287,31.435,2716.48,0,1,0.627749884410306,3.13874942205153,8,329
2885,29,6432,32.16,2712.895,0,0,0.630379799175743,3.15189899587872,8,330
2886,29,6598,32.99,2709.58,0,0,0.632971079592857,3.16485539796429,8,331
2887,29,6769,33.845,2706.11,0,0,0.635522957809337,3.17761478904669,8,332
2888,29,6930,34.65,2702.475,0,0,0.638034677648594,3.19017338824297,8,333
2889,29,7157,35.785,2698.44,0,0,0.640505494833832,3.20252747416916,8,334
2890,31,7334,36.67,2693.935,0,2,0.642934677208592,3.21467338604296,8,335
2891,31,7520,37.6,2689.61,0,0,0.645321504953713,3.22660752476857,8,336
2892,33,7794,38.97,2684.95,0,2,0.647665270800621,3.2383263540031,8,337
2893,34,8156,40.78,2680.585,0,1,0.649965280240914,3.24982640120457,8,338
2894,35,8352,41.76,2675.43,0,1,0.652220851732154,3.26110425866077,8,339
2895,35,8424,42.12,2669.87,0,0,0.654431316899833,3.27215658449916,8,340
2896,36,8463,42.315,2664.4,0,1,0.656596020735413,3.28298010367706,8,341
2897,37,8463,42.315,2658.655,0,1,0.65871432179043,3.29357160895215,8,342
2898,41,8424,42.12,2653.315,0,4,0.660785592366563,3.30392796183282,8,343
2899,42,8303,41.515,2647.32,0,1,0.662809218701643,3.31404609350822,8,344
2900,43,7999,39.995,2641.9,0,1,0.664784601151511,3.32392300575755,8,345
2901,43,7799,38.995,2636.71,0,0,0.666711154367714,3.33355577183857,8,346
2902,45,7547,37.735,2631.63,0,2,0.668588307470957,3.34294153735479,8,347
2903,46,7397,36.985,2627.005,0,1,0.670415504220261,3.35207752110131,8,348
2904,46,7247,36.235,2622.485,0,0,0.672192203177799,3.36096101588899,8,349
2905,46,7178,35.89,2618.11,0,0,0.673917877869322,3.36958938934661,8,350
2906,46,7273,36.365,2613.705,0,0,0.675592016940177,3.37796008470089,8,351
2907,46,7452,37.26,2609.185,0,0,0.677214124306827,3.38607062153414,8,352
2908,46,7687,38.435,2604.235,0,0,0.678783719303852,3.39391859651926,8,353
2909,46,8145,40.725,2599.1,0,0,0.680300336826377,3.40150168413188,8,354
2910,48,8884,44.42,2593.875,0,2,0.6817635274679,3.4088176373395,8,355
2911,49,9603,48.015,2587.885,0,1,0.683172857653457,3.41586428826729,8,356
2912,51,10555,52.775,2580.965,0,2,0.684527909768098,3.42263954884049,8,357
2913,54,11644,58.22,2573.705,1,4,0.685828282280635,3.42914141140318,8,358
2914,54,12681,63.405,2565.365,1,1,0.687073589862629,3.43536794931314,8,359
2915,56,13524,67.62,2556.34,0,2,0.688263463502569,3.44131731751285,8,360
2916,59,14276,71.38,2546.405,1,4,0.689397550615215,3.44698775307607,8,361
2917,59,14941,74.705,2535.62,2,2,0.69047551514608,3.4523775757304,8,362
2918,60,15308,76.54,2523.65,0,1,0.691497037671008,3.45748518835504,8,363
2919,61,15801,79.005,2511.96,1,2,0.69246181549083,3.46230907745415,8,364
2920,61,16297,81.485,2500.67,2,2,0.693369562721055,3.46684781360528,9,0
2921,62,16421,82.105,2488.02,1,2,0.69422001037659,3.47110005188295,9,1
2922,63,16527,82.635,2475.595,0,1,0.695012906451439,3.47506453225719,9,2
2923,63,16457,82.285,2462.92,1,1,0.695748015993383,3.47874007996691,9,3
2924,65,16150,80.75,2449.985,0,2,0.6964251211736,3.482125605868,9,4
2925,66,15793,78.965,2437.565,0,1,0.697044021351212,3.48522010675606,9,5
2926,67,15533,77.665,2425.42,0,1,0.697604533132739,3.4880226656637,9,6
2927,68,15418,77.09,2413.37,0,1,0.698106490426444,3.49053245213222,9,7
2928,72,15781,78.905,2402.05,0,4,0.698549744491548,3.49274872245774,9,8
2929,69,16457,82.285,2390.365,3,0,0.698934163982304,3.49467081991152,9,9
2930,67,17469,87.345,2378.235,3,1,0.699259634986922,3.49629817493461,9,10
2931,67,18492,92.46,2364.95,1,1,0.699526061061317,3.49763030530659,9,11
2932,68,19510,97.55,2350.665,0,1,0.699733363257695,3.49866681628848,9,12
2933,67,20479,102.395,2335.78,1,0,0.699881480147941,3.4994074007397,9,13
2934,68,21254,106.27,2319.975,1,2,0.699970367841823,3.49985183920912,9,14
2935,67,21914,109.57,2303.775,1,0,0.7,3.5,9,15
2936,67,22288,111.44,2286.31,0,0,0.699970367841823,3.49985183920912,9,16
2937,67,22437,112.185,2268.635,0,0,0.699881480147941,3.4994074007397,9,17
2938,68,22540,112.7,2251.195,0,1,0.699733363257695,3.49866681628848,9,18
2939,67,22619,113.095,2233.82,2,1,0.699526061061317,3.49763030530659,9,19
2940,68,22676,113.38,2216.495,0,1,0.699259634986922,3.49629817493461,9,20
2941,70,22330,111.65,2198.295,0,2,0.698934163982304,3.49467081991152,9,21
2942,71,21848,109.24,2181.135,0,1,0.698549744491548,3.49274872245774,9,22
2943,72,21129,105.645,2163.755,1,2,0.698106490426445,3.49053245213222,9,23
2944,71,20312,101.56,2146.705,2,1,0.69760453313274,3.4880226656637,9,24
2945,71,19427,97.135,2130.925,0,0,0.697044021351212,3.48522010675606,9,25
2946,70,18517,92.585,2115.57,1,0,0.6964251211736,3.482125605868,9,26
2947,72,17858,89.29,2101.36,0,2,0.695748015993383,3.47874007996692,9,27
2948,71,17409,87.045,2087.925,1,0,0.695012906451439,3.4750645322572,9,28
2949,72,16845,84.225,2074.645,0,1,0.69422001037659,3.47110005188295,9,29
2950,75,16209,81.045,2061.58,0,3,0.693369562721055,3.46684781360528,9,30
2951,74,15579,77.895,2049.5,1,0,0.69246181549083,3.46230907745415,9,31
2952,77,14942,74.71,2038.215,1,4,0.691497037671008,3.45748518835504,9,32
2953,77,14104,70.52,2027.025,0,0,0.69047551514608,3.4523775757304,9,33
2954,77,13240,66.2,2016.705,1,1,0.689397550615215,3.44698775307608,9,34
2955,76,12277,61.385,2006.855,1,0,0.688263463502569,3.44131731751285,9,35
2956,75,11582,57.91,1998.38,1,0,0.68707358986263,3.43536794931315,9,36
2957,75,10913,54.565,1990.265,0,0,0.685828282280635,3.42914141140317,9,37
2958,76,10505,52.525,1982.78,1,2,0.684527909768098,3.42263954884049,9,38
2959,77,10409,52.045,1976.255,0,1,0.683172857653458,3.41586428826729,9,39
2960,74,10532,52.66,1969.3,4,1,0.681763527467901,3.40881763733951,9,40
2961,73,10862,54.31,1962.34,2,1,0.680300336826377,3.40150168413188,9,41
2962,71,11424,57.12,1954.92,2,0,0.678783719303851,3.39391859651926,9,42
2963,70,12041,60.205,1947.105,1,0,0.677214124306827,3.38607062153414,9,43
2964,70,12728,63.64,1939.02,1,1,0.675592016940178,3.37796008470089,9,44
2965,70,13216,66.08,1930.435,1,1,0.673917877869323,3.36958938934661,9,45
2966,72,13525,67.625,1921,0,2,0.672192203177799,3.36096101588899,9,46
2967,71,13767,68.835,1911.85,1,0,0.670415504220262,3.35207752110131,9,47
2968,69,13839,69.195,1902.38,3,1,0.668588307470956,3.34294153735478,9,48
2969,69,13894,69.47,1892.56,1,1,0.666711154367715,3.33355577183857,9,49
2970,68,13753,68.765,1882.86,1,0,0.664784601151511,3.32392300575756,9,50
2971,69,13634,68.17,1873.425,1,2,0.662809218701644,3.31404609350822,9,51
2972,69,13408,67.04,1864.21,1,1,0.660785592366565,3.30392796183282,9,52
2973,71,12853,64.265,1854.49,0,2,0.65871432179043,3.29357160895215,9,53
2974,72,12411,62.055,1845.82,0,1,0.656596020735412,3.28298010367706,9,54
2975,72,11962,59.81,1837.74,0,0,0.654431316899833,3.27215658449917,9,55
2976,70,11465,57.325,1829.63,2,0,0.652220851732156,3.26110425866078,9,56
2977,70,11151,55.755,1822.445,1,1,0.649965280240914,3.24982640120457,9,57
2978,70,10798,53.99,1815.135,1,1,0.647665270800621,3.23832635400311,9,58
2979,69,10600,53,1808.48,1,0,0.645321504953713,3.22660752476856,9,59
2980,67,10481,52.405,1802.14,3,1,0.642934677208593,3.21467338604297,9,60
2981,65,10333,51.665,1795.475,2,0,0.640505494833832,3.20252747416916,9,61
2982,66,10270,51.35,1788.96,0,1,0.638034677648595,3.19017338824297,9,62
2983,65,10140,50.7,1782.33,1,0,0.635522957809338,3.17761478904669,9,63
2984,64,10082,50.41,1776.395,2,1,0.632971079592857,3.16485539796428,9,64
2985,67,9932,49.66,1770.27,0,3,0.630379799175743,3.15189899587871,9,65
2986,66,9809,49.045,1764.32,1,0,0.627749884410306,3.13874942205153,9,66
2987,66,9678,48.39,1758.28,1,1,0.62508211459705,3.12541057298525,9,67
2988,65,9659,48.295,1752.69,1,0,0.622377280253745,3.11188640126872,9,68
2989,63,9805,49.025,1747.365,3,1,0.619636182881184,3.09818091440592,9,69
2990,63,9945,49.725,1741.64,1,1,0.616859634725674,3.08429817362837,9,70
2991,62,10078,50.39,1735.385,2,1,0.614048458538358,3.07024229269179,9,71
2992,62,10338,51.69,1729.45,0,0,0.61120348733141,3.05601743665705,9,72
2993,61,10581,52.905,1723.54,3,2,0.608325564131197,3.04162782065599,9,73
2994,61,10717,53.585,1717.48,1,1,0.605415541728475,3.02707770864237,9,74
2995,63,10684,53.42,1710.9,1,3,0.602474282425684,3.01237141212842,9,75
2996,60,10591,52.955,1704.765,4,1,0.599502657781435,2.99751328890718,9,76
2997,57,10301,51.505,1698.36,4,1,0.596501548352245,2.98250774176122,9,77
2998,57,10020,50.1,1692.335,0,0,0.593471843431601,2.96735921715801,9,78
2999,56,9593,47.965,1686.7,2,1,0.590414440786461,2.9520722039323,9,79
3000,55,9234,46.17,1681.38,1,0,0.587330246391212,2.93665123195606,9,80
3001,54,8923,44.615,1676.575,1,0,0.584220174159217,2.92110087079609,9,81
3002,52,8686,43.43,1672.165,2,0,0.581085145672001,2.90542572836,9,82
3003,51,8574,42.87,1667.92,1,0,0.577926089906158,2.88963044953079,9,83
3004,50,8450,42.25,1663.85,1,0,0.574743942958094,2.87371971479047,9,84
3005,51,8336,41.68,1659.795,0,1,0.571539647766626,2.85769823883313,9,85
3006,49,8261,41.305,1656.055,2,0,0.568314153833571,2.84157076916786,9,86
3007,49,8201,41.005,1652.47,0,0,0.565068416942396,2.82534208471198,9,87
3008,49,8114,40.57,1648.955,0,0,0.56180339887499,2.80901699437495,9,88
3009,48,8101,40.505,1645.465,2,1,0.558520067126671,2.79260033563335,9,89
3010,48,8059,40.295,1641.895,1,1,0.555219394619494,2.77609697309747,9,90
3011,47,7955,39.775,1638.49,1,0,0.55190235941396,2.7595117970698,9,91
3012,47,7811,39.055,1635.04,1,1,0.548569944419187,2.74284972209593,9,92
3013,45,7689,38.445,1631.7,2,0,0.545223137101659,2.7261156855083,9,93
3014,45,7506,37.53,1628.66,0,0,0.541862929192611,2.70931464596305,9,94
3015,45,7375,36.875,1626.095,1,1,0.538490316394166,2.69245158197083,9,95
3016,46,7163,35.815,1623.35,0,1,0.535106298084285,2.67553149042143,9,96
3017,44,6963,34.815,1621.315,2,0,0.531711877020626,2.65855938510313,9,97
3018,43,6723,33.615,1619.175,1,0,0.528308059043409,2.64154029521704,9,98
3019,45,6400,32,1616.86,0,2,0.524895852777359,2.62447926388679,9,99
3020,44,6124,30.62,1615.35,2,1,0.521476269332833,2.60738134666416,9,100
3021,44,5846,29.23,1613.815,0,0,0.518050322006209,2.59025161003105,9,101
3022,45,5515,27.575,1612.495,0,1,0.514619025979616,2.57309512989808,9,102
3023,45,5226,26.13,1611.7,1,1,0.51118339802012,2.5559169901006,9,103
3024,45,4975,24.875,1611.13,1,1,0.507744456178436,2.53872228089218,9,104
3025,45,4759,23.795,1610.695,1,1,0.504303219487246,2.52151609743623,9,105
3026,44,4582,22.91,1610.87,1,0,0.50086070765925,2.50430353829625,9,106
3027,41,4381,21.905,1611.07,3,0,0.497417940784999,2.48708970392499,9,107
3028,40,4221,21.105,1611.445,1,0,0.493975939030618,2.46987969515309,9,108
3029,39,4081,20.405,1612.085,1,0,0.490535722335513,2.45267861167756,9,109
3030,37,3831,19.155,1612.695,2,0,0.487098310110138,2.43549155055069,9,110
3031,37,3666,18.33,1613.76,0,0,0.483664720933916,2.41832360466958,9,111
3032,37,3501,17.505,1614.525,0,0,0.480235972253426,2.40117986126713,9,112
3033,36,3354,16.77,1615.785,1,0,0.476813080080899,2.3840654004045,9,113
3034,37,3212,16.06,1617.265,0,1,0.473397058693161,2.36698529346581,9,114
3035,36,3149,15.745,1618.8,1,0,0.469988920331071,2.34994460165535,9,115
3036,35,3142,15.71,1620.895,1,0,0.466589674899577,2.33294837449788,9,116
3037,35,3169,15.845,1622.885,0,0,0.463200329668464,2.31600164834232,9,117
3038,34,3215,16.075,1624.805,1,0,0.459821888973874,2.29910944486937,9,118
3039,33,3214,16.07,1626.745,2,1,0.456455353920694,2.28227676960347,9,119
3040,32,3146,15.73,1628.635,1,0,0.453101722085918,2.26550861042959,9,120
3041,31,3153,15.765,1630.565,1,0,0.449761987223038,2.24880993611519,9,121
3042,30,3169,15.845,1632.86,1,0,0.446437138967566,2.23218569483783,9,122
3043,30,3181,15.905,1635.285,0,0,0.4431281625438,2.215640812719,9,123
3044,29,3124,15.62,1637.495,1,0,0.439836038472866,2.19918019236433,9,124
3045,30,3102,15.51,1640.165,0,1,0.436561742282178,2.18280871141089,9,125
3046,30,3055,15.275,1642.85,0,0,0.433306244216364,2.16653122108182,9,126
3047,30,2955,14.775,1645.285,0,0,0.430070508949755,2.15035254474878,9,127
3048,31,2875,14.375,1648.18,0,1,0.426855495300547,2.13427747650273,9,128
3049,32,2803,14.015,1650.695,0,1,0.423662155946668,2.11831077973334,9,129
3050,33,2732,13.66,1653.515,1,2,0.420491437143488,2.10245718571744,9,130
3051,32,2645,13.225,1656.225,2,1,0.417344278443419,2.0867213922171,9,131
3052,31,2576,12.88,1659.285,1,0,0.414221612417504,2.07110806208752,9,132
3053,30,2471,12.355,1662.5,1,0,0.411124364379078,2.05562182189539,9,133
3054,30,2398,11.99,1666.14,0,0,0.40805345210958,2.0402672605479,9,134
3055,29,2344,11.72,1669.945,1,0,0.40500978558659,2.02504892793295,9,135
3056,28,2280,11.4,1673.745,1,0,0.401994266714188,2.00997133357094,9,136
3057,26,2190,10.95,1677.165,2,0,0.399007789055697,1.99503894527848,9,137
3058,26,2070,10.35,1680.96,1,1,0.396051237568898,1.98025618784449,9,138
3059,25,2044,10.22,1685.12,1,0,0.393125488343805,1.96562744171902,9,139
3060,25,1998,9.99,1688.985,0,0,0.390231408343056,1.95115704171528,9,140
3061,25,1898,9.49,1693.07,0,0,0.387369855145016,1.93684927572508,9,141
3062,24,1886,9.43,1697.12,1,0,0.384541676689654,1.92270838344827,9,142
3063,23,1864,9.32,1701.605,1,0,0.381747711027285,1.90873855513643,9,143
3064,23,1826,9.13,1706.12,0,0,0.378988786070231,1.89494393035115,9,144
3065,24,1784,8.92,1710.48,0,1,0.376265719347499,1.8813285967375,9,145
3066,22,1786,8.93,1715.02,2,0,0.37357931776253,1.86789658881265,9,146
3067,21,1745,8.725,1719.445,1,0,0.37093037735409,1.85465188677045,9,147
3068,22,1746,8.73,1723.995,0,1,0.368319683060391,1.84159841530196,9,148
3069,22,1714,8.57,1728.72,0,0,0.365748008486494,1.82874004243247,9,149
3070,20,1659,8.295,1733.61,2,0,0.363216115675078,1.81608057837539,9,150
3071,20,1631,8.155,1738.71,0,0,0.360724754880626,1.80362377440313,9,151
3072,21,1607,8.035,1743.77,1,2,0.358274664347108,1.79137332173554,9,152
3073,20,1583,7.915,1748.93,1,0,0.355866570089227,1.77933285044614,9,153
3074,18,1560,7.8,1754.29,2,0,0.353501185677285,1.76750592838643,9,154
3075,17,1526,7.63,1759.935,1,0,0.351179212025729,1.75589606012864,9,155
3076,17,1472,7.36,1765.445,0,0,0.348901337185464,1.74450668592732,9,156
3077,17,1431,7.155,1771.12,0,0,0.346668236139968,1.73334118069984,9,157
3078,17,1367,6.835,1777.05,0,0,0.344480570605274,1.72240285302637,9,158
3079,16,1298,6.49,1782.365,1,0,0.342338988833896,1.71169494416948,9,159
3080,16,1239,6.195,1788.395,1,1,0.340244125422728,1.70122062711364,9,160
3081,14,1170,5.85,1794.25,2,0,0.338196601125011,1.69098300562505,9,161
3082,14,1116,5.58,1800.18,0,0,0.336197022666384,1.68098511333192,9,162
3083,14,1064,5.32,1806.27,0,0,0.334245982565099,1.67122991282549,9,163
3084,14,1015,5.075,1812.905,0,0,0.332344058956445,1.66172029478223,9,164
3085,13,935,4.675,1819.045,1,0,0.330491815421434,1.65245907710717,9,165
3086,13,895,4.475,1825.24,0,0,0.328689800819799,1.643449004099,9,166
3087,14,828,4.14,1831.745,0,1,0.326938549127359,1.6346927456368,9,167
3088,14,783,3.915,1837.99,0,0,0.325238579277784,1.62619289638892,9,168
3089,13,727,3.635,1844.535,1,0,0.323590395008829,1.61795197504415,9,169
3090,12,678,3.39,1851.08,1,0,0.321994484713065,1.60997242356532,9,170
3091,12,660,3.3,1857.85,0,0,0.320451321293154,1.60225660646577,9,171
3092,12,627,3.135,1864.69,0,0,0.318961362021721,1.5948068101086,9,172
3093,11,592,2.96,1871.495,1,0,0.317525048405855,1.58762524202927,9,173
3094,11,582,2.91,1878.135,0,0,0.316142806056278,1.58071403028139,9,174
3095,11,585,2.925,1885.055,0,0,0.31481504456123,1.57407522280615,9,175
3096,11,549,2.745,1891.91,0,0,0.313542157365098,1.56771078682549,9,176
3097,11,531,2.655,1898.58,0,0,0.312324521651827,1.56162260825914,9,177
3098,11,531,2.655,1905.81,0,0,0.31116249823316,1.5558124911658,9,178
3099,11,522,2.61,1913.32,0,0,0.310056431441713,1.55028215720857,9,179
3100,11,539,2.695,1920.63,0,0,0.309006649028949,1.54503324514475,9,180
3101,11,532,2.66,1928,0,0,0.308013462068051,1.54006731034026,9,181
3102,11,536,2.68,1935.555,0,0,0.307077164861751,1.53538582430876,9,182
3103,11,548,2.74,1942.9,0,0,0.306198034855119,1.53099017427559,9,183
3104,11,554,2.77,1950.17,0,0,0.305376332553348,1.52688166276674,9,184
3105,11,559,2.795,1957.365,0,0,0.304612301444564,1.52306150722282,9,185
3106,10,555,2.775,1964.75,1,0,0.303906167927673,1.51953083963837,9,186
3107,10,555,2.775,1972.19,0,0,0.303258141245278,1.51629070622639,9,187
3108,10,564,2.82,1979.32,0,0,0.302668413421669,1.51334206710834,9,188
3109,10,567,2.835,1986.58,0,0,0.302137159205927,1.51068579602963,9,189
3110,10,578,2.89,1994.205,1,1,0.301664536020142,1.50832268010071,9,190
3111,10,587,2.935,2001.72,0,0,0.301250683912764,1.50625341956382,9,191
3112,10,576,2.88,2009.1,0,0,0.300895725517105,1.50447862758553,9,192
3113,10,581,2.905,2016.68,0,0,0.300599766014997,1.50299883007499,9,193
3114,10,575,2.875,2023.93,0,0,0.300362893105628,1.50181446552814,9,194
3115,10,559,2.795,2031.365,0,0,0.300185176979554,1.50092588489777,9,195
3116,10,541,2.705,2038.73,0,0,0.300066670297898,1.50033335148949,9,196
3117,9,509,2.545,2046.44,1,0,0.300007408176747,1.50003704088373,9,197
3118,9,497,2.485,2054.09,0,0,0.300007408176747,1.50003704088373,9,198
3119,9,487,2.435,2061.52,0,0,0.300066670297898,1.50033335148949,9,199
3120,9,469,2.345,2068.89,0,0,0.300185176979554,1.50092588489777,9,200
3121,8,456,2.28,2076.575,1,0,0.300362893105628,1.50181446552814,9,201
3122,8,450,2.25,2084.29,0,0,0.300599766014997,1.50299883007498,9,202
3123,8,444,2.22,2092.025,0,0,0.300895725517105,1.50447862758552,9,203
3124,8,454,2.27,2099.86,0,0,0.301250683912764,1.50625341956382,9,204
3125,7,444,2.22,2108.155,1,0,0.301664536020142,1.50832268010071,9,205
3126,7,432,2.16,2115.96,0,0,0.302137159205927,1.51068579602963,9,206
3127,8,426,2.13,2123.405,0,1,0.302668413421669,1.51334206710834,9,207
3128,8,412,2.06,2131.235,0,0,0.303258141245278,1.51629070622639,9,208
3129,8,400,2,2139.295,0,0,0.303906167927673,1.51953083963837,9,209
3130,7,391,1.955,2146.885,1,0,0.304612301444564,1.52306150722282,9,210
3131,7,380,1.9,2154.675,0,0,0.305376332553348,1.52688166276674,9,211
3132,7,378,1.89,2162.64,0,0,0.306198034855119,1.53099017427559,9,212
3133,7,371,1.855,2170.56,0,0,0.307077164861751,1.53538582430876,9,213
3134,7,388,1.94,2178.595,0,0,0.308013462068051,1.54006731034025,9,214
3135,7,361,1.805,2186.14,0,0,0.309006649028949,1.54503324514474,9,215
3136,7,370,1.85,2193.975,0,0,0.310056431441714,1.55028215720857,9,216
3137,8,379,1.895,2202.025,0,1,0.31116249823316,1.5558124911658,9,217
3138,8,379,1.895,2209.87,0,0,0.312324521651827,1.56162260825914,9,218
3139,7,372,1.86,2217.495,1,0,0.313542157365097,1.56771078682549,9,219
3140,7,368,1.84,2225.22,0,0,0.314815044561229,1.57407522280615,9,220
3141,7,374,1.87,2232.655,0,0,0.316142806056277,1.58071403028139,9,221
3142,7,371,1.855,2240.2,0,0,0.317525048405854,1.58762524202927,9,222
3143,7,371,1.855,2247.765,0,0,0.318961362021721,1.5948068101086,9,223
3144,7,380,1.9,2254.95,0,0,0.320451321293154,1.60225660646577,9,224
3145,7,382,1.91,2262.59,0,0,0.321994484713064,1.60997242356532,9,225
3146,7,410,2.05,2270.35,0,0,0.323590395008829,1.61795197504414,9,226
3147,7,420,2.1,2277.86,0,0,0.325238579277784,1.62619289638892,9,227
3148,7,433,2.165,2285.19,0,0,0.326938549127359,1.63469274563679,9,228
3149,7,429,2.145,2292.865,0,0,0.328689800819799,1.64344900409899,9,229
3150,7,457,2.285,2300.495,0,0,0.330491815421434,1.65245907710717,9,230
3151,7,475,2.375,2308.22,0,0,0.332344058956445,1.66172029478222,9,231
3152,7,500,2.5,2315.805,0,0,0.334245982565099,1.6712299128255,9,232
3153,7,526,2.63,2323.185,0,0,0.336197022666383,1.68098511333192,9,233
3154,7,552,2.76,2330.825,0,0,0.33819660112501,1.69098300562505,9,234
3155,7,577,2.885,2337.765,0,0,0.340244125422727,1.70122062711364,9,235
3156,7,600,3,2344.96,0,0,0.342338988833894,1.71169494416947,9,236
3157,7,637,3.185,2352.155,0,0,0.344480570605274,1.72240285302637,9,237
3158,7,647,3.235,2359.71,0,0,0.346668236139968,1.73334118069984,9,238
3159,7,682,3.41,2366.82,0,0,0.348901337185464,1.74450668592732,9,239
3160,7,706,3.53,2373.715,0,0,0.351179212025728,1.75589606012864,9,240
3161,7,742,3.71,2380.62,0,0,0.353501185677285,1.76750592838642,9,241
3162,7,797,3.985,2387.34,0,0,0.355866570089227,1.77933285044613,9,242
3163,7,807,4.035,2393.99,0,0,0.358274664347108,1.79137332173554,9,243
3164,8,822,4.11,2400.655,0,1,0.360724754880625,1.80362377440313,9,244
3165,8,863,4.315,2407.16,0,0,0.363216115675078,1.81608057837539,9,245
3166,7,889,4.445,2413.5,1,0,0.365748008486493,1.82874004243247,9,246
3167,7,897,4.485,2420.255,0,0,0.368319683060389,1.84159841530195,9,247
3168,7,944,4.72,2427.2,0,0,0.37093037735409,1.85465188677045,9,248
3169,7,966,4.83,2433.47,0,0,0.373579317762529,1.86789658881265,9,249
3170,7,1005,5.025,2439.91,0,0,0.376265719347499,1.88132859673749,9,250
3171,7,1061,5.305,2446.165,0,0,0.37898878607023,1.89494393035115,9,251
3172,7,1100,5.5,2452.37,0,0,0.381747711027285,1.90873855513642,9,252
3173,7,1125,5.625,2458.68,0,0,0.384541676689653,1.92270838344827,9,253
3174,7,1129,5.645,2464.475,0,0,0.387369855145015,1.93684927572508,9,254
3175,7,1138,5.69,2470.555,0,0,0.390231408343056,1.95115704171528,9,255
3176,7,1163,5.815,2477.03,0,0,0.393125488343804,1.96562744171902,9,256
3177,7,1199,5.995,2482.95,0,0,0.396051237568897,1.98025618784449,9,257
3178,7,1216,6.08,2488.96,0,0,0.399007789055695,1.99503894527847,9,258
3179,7,1240,6.2,2494.74,0,0,0.401994266714187,2.00997133357094,9,259
3180,7,1263,6.315,2500.575,0,0,0.40500978558659,2.02504892793295,9,260
3181,7,1282,6.41,2506.335,0,0,0.408053452109579,2.0402672605479,9,261
3182,6,1256,6.28,2511.895,1,0,0.411124364379077,2.05562182189538,9,262
3183,6,1269,6.345,2517.38,0,0,0.414221612417503,2.07110806208752,9,263
3184,6,1259,6.295,2522.99,0,0,0.417344278443418,2.08672139221709,9,264
3185,6,1266,6.33,2528.39,0,0,0.420491437143489,2.10245718571744,9,265
3186,6,1253,6.265,2534.04,0,0,0.423662155946667,2.11831077973334,9,266
3187,6,1274,6.37,2539.52,0,0,0.426855495300546,2.13427747650273,9,267
3188,7,1280,6.4,2544.53,0,1,0.430070508949754,2.15035254474877,9,268
3189,6,1305,6.525,2549.74,1,0,0.433306244216361,2.1665312210818,9,269
3190,6,1289,6.445,2554.89,0,0,0.436561742282177,2.18280871141089,9,270
3191,6,1335,6.675,2559.765,0,0,0.439836038472866,2.19918019236433,9,271
3192,6,1345,6.725,2564.76,0,0,0.443128162543799,2.215640812719,9,272
3193,6,1354,6.77,2569.965,0,0,0.446437138967565,2.23218569483783,9,273
3194,6,1326,6.63,2574.66,0,0,0.449761987223037,2.24880993611518,9,274
3195,6,1312,6.56,2579.265,0,0,0.453101722085917,2.26550861042958,9,275
3196,6,1285,6.425,2584.13,0,0,0.456455353920693,2.28227676960346,9,276
3197,6,1251,6.255,2588.795,0,0,0.459821888973873,2.29910944486936,9,277
3198,7,1223,6.115,2593.45,0,1,0.463200329668465,2.31600164834232,9,278
3199,6,1197,5.985,2598.09,1,0,0.466589674899576,2.33294837449788,9,279
3200,6,1145,5.725,2602.8,0,0,0.469988920331068,2.34994460165534,9,280
3201,7,1077,5.385,2607.115,0,1,0.47339705869316,2.3669852934658,9,281
3202,7,1065,5.325,2612.005,0,0,0.476813080080899,2.38406540040449,9,282
3203,7,1036,5.18,2616.24,0,0,0.480235972253425,2.40117986126713,9,283
3204,8,1000,5,2620.795,0,1,0.483664720933915,2.41832360466958,9,284
3205,8,980,4.9,2625.495,0,0,0.487098310110137,2.43549155055069,9,285
3206,8,972,4.86,2630.11,0,0,0.490535722335512,2.45267861167756,9,286
3207,8,955,4.775,2635.055,0,0,0.493975939030617,2.46987969515309,9,287
3208,8,943,4.715,2639.54,0,0,0.497417940784998,2.48708970392499,9,288
3209,8,902,4.51,2643.93,0,0,0.500860707659249,2.50430353829624,9,289
3210,8,837,4.185,2648.115,0,0,0.504303219487245,2.52151609743623,9,290
3211,8,805,4.025,2652.535,0,0,0.507744456178433,2.53872228089217,9,291
3212,8,772,3.86,2656.93,0,0,0.51118339802012,2.5559169901006,9,292
3213,8,767,3.835,2661.09,0,0,0.514619025979615,2.57309512989808,9,293
3214,8,753,3.765,2665.275,0,0,0.518050322006208,2.59025161003104,9,294
3215,8,773,3.865,2669.04,0,0,0.521476269332832,2.60738134666416,9,295
3216,8,757,3.785,2672.89,0,0,0.524895852777358,2.62447926388679,9,296
3217,9,774,3.87,2676.74,0,1,0.528308059043408,2.64154029521704,9,297
3218,9,784,3.92,2680.74,0,0,0.531711877020627,2.65855938510313,9,298
3219,8,809,4.045,2684.74,1,0,0.535106298084285,2.67553149042142,9,299
3220,8,876,4.38,2688.81,0,0,0.538490316394166,2.69245158197083,9,300
3221,8,915,4.575,2692.565,0,0,0.54186292919261,2.70931464596305,9,301
3222,8,989,4.945,2696.22,0,0,0.545223137101656,2.72611568550828,9,302
3223,8,1102,5.51,2699.625,0,0,0.548569944419186,2.74284972209593,9,303
3224,8,1203,6.015,2703.115,0,0,0.551902359413959,2.7595117970698,9,304
3225,8,1271,6.355,2705.94,0,0,0.555219394619494,2.77609697309747,9,305
3226,8,1372,6.86,2709.015,0,0,0.55852006712667,2.79260033563335,9,306
3227,8,1473,7.365,2712.04,0,0,0.56180339887499,2.80901699437495,9,307
3228,8,1579,7.895,2714.76,0,0,0.565068416942395,2.82534208471197,9,308
3229,8,1666,8.33,2717.295,0,0,0.568314153833571,2.84157076916785,9,309
3230,9,1766,8.83,2719.63,0,1,0.571539647766625,2.85769823883312,9,310
3231,9,1857,9.285,2722.235,0,0,0.574743942958094,2.87371971479047,9,311
3232,9,1911,9.555,2724.46,0,0,0.577926089906157,2.88963044953079,9,312
3233,8,1999,9.995,2726.785,1,0,0.581085145671998,2.90542572835999,9,313
3234,9,2021,10.105,2729.18,0,1,0.584220174159217,2.92110087079609,9,314
3235,10,2047,10.235,2731.095,0,1,0.587330246391212,2.93665123195606,9,315
3236,9,2052,10.26,2732.995,1,0,0.59041444078646,2.9520722039323,9,316
3237,9,1994,9.97,2734.755,0,0,0.5934718434316,2.967359217158,9,317
3238,9,1938,9.69,2736.6,0,0,0.596501548352244,2.98250774176122,9,318
3239,10,1854,9.27,2738.67,0,1,0.599502657781435,2.99751328890717,9,319
3240,10,1719,8.595,2740.38,0,0,0.602474282425684,3.01237141212842,9,320
3241,10,1582,7.91,2742.2,0,0,0.605415541728474,3.02707770864237,9,321
3242,10,1467,7.335,2744.39,0,0,0.608325564131196,3.04162782065598,9,322
3243,10,1335,6.675,2746.225,0,0,0.61120348733141,3.05601743665705,9,323
3244,10,1221,6.105,2748.32,0,0,0.614048458538356,3.07024229269178,9,324
3245,10,1105,5.525,2750.315,0,0,0.616859634725673,3.08429817362836,9,325
3246,10,1019,5.095,2752.515,0,0,0.619636182881183,3.09818091440592,9,326
3247,10,937,4.685,2754.71,0,0,0.622377280253745,3.11188640126873,9,327
3248,10,886,4.43,2756.945,0,0,0.625082114597049,3.12541057298524,9,328
3249,10,880,4.4,2759.435,0,0,0.627749884410305,3.13874942205153,9,329
3250,10,864,4.32,2761.845,0,0,0.630379799175742,3.15189899587871,9,330
3251,10,863,4.315,2763.99,0,0,0.632971079592857,3.16485539796429,9,331
3252,10,888,4.44,2766.035,0,0,0.635522957809337,3.17761478904669,9,332
3253,10,923,4.615,2767.845,0,0,0.638034677648594,3.19017338824297,9,333
3254,10,1042,5.21,2769.94,0,0,0.640505494833832,3.20252747416916,9,334
3255,10,1166,5.83,2771.84,0,0,0.642934677208591,3.21467338604295,9,335
3256,11,1318,6.59,2773.955,0,1,0.645321504953712,3.22660752476856,9,336
3257,11,1471,7.355,2775.64,0,0,0.647665270800621,3.2383263540031,9,337
3258,11,1656,8.28,2777.365,0,0,0.649965280240914,3.24982640120457,9,338
3259,11,1806,9.03,2778.66,0,0,0.652220851732155,3.26110425866078,9,339
3260,11,1857,9.285,2779.58,0,0,0.654431316899833,3.27215658449917,9,340
3261,11,1938,9.69,2780.69,0,0,0.656596020735412,3.28298010367706,9,341
3262,11,2021,10.105,2781.9,0,0,0.658714321790429,3.29357160895215,9,342
3263,11,2034,10.17,2782.655,0,0,0.660785592366564,3.30392796183282,9,343
3264,11,2058,10.29,2783.05,0,0,0.662809218701643,3.31404609350822,9,344
3265,11,2015,10.075,2783.68,0,0,0.664784601151511,3.32392300575755,9,345
3266,11,2014,10.07,2784.485,0,0,0.666711154367713,3.33355577183857,9,346
3267,12,2015,10.075,2785.075,0,1,0.668588307470956,3.34294153735478,9,347
3268,13,2002,10.01,2785.555,0,1,0.670415504220261,3.35207752110131,9,348
3269,12,1989,9.945,2786.09,1,0,0.672192203177798,3.36096101588899,9,349
3270,11,2016,10.08,2786.635,1,0,0.673917877869322,3.36958938934661,9,350
3271,12,2046,10.23,2787.505,0,1,0.675592016940178,3.37796008470089,9,351
3272,12,2101,10.505,2787.945,0,0,0.677214124306827,3.38607062153413,9,352
3273,13,2165,10.825,2788.445,0,1,0.678783719303851,3.39391859651925,9,353
3274,12,2186,10.93,2788.76,1,0,0.680300336826377,3.40150168413188,9,354
3275,13,2132,10.66,2788.95,0,1,0.681763527467901,3.4088176373395,9,355
3276,13,2025,10.125,2789.32,0,0,0.683172857653458,3.41586428826729,9,356
3277,13,1887,9.435,2789.74,0,0,0.684527909768097,3.42263954884048,9,357
3278,13,1748,8.74,2790.135,0,0,0.685828282280635,3.42914141140317,9,358
3279,13,1601,8.005,2790.465,0,0,0.68707358986263,3.43536794931315,9,359
3280,13,1449,7.245,2791.075,0,0,0.68826346350257,3.44131731751285,9,360
3281,13,1350,6.75,2791.93,0,0,0.689397550615215,3.44698775307607,9,361
3282,13,1296,6.48,2792.815,0,0,0.69047551514608,3.4523775757304,9,362
3283,13,1270,6.35,2793.525,0,0,0.691497037671008,3.45748518835504,9,363
3284,13,1323,6.615,2794.49,0,0,0.692461815490829,3.46230907745415,9,364
3285,13,1391,6.955,2795.295,0,0,0.693369562721055,3.46684781360528,10,0
3286,14,1513,7.565,2796.1,0,1,0.69422001037659,3.47110005188295,10,1
3287,14,1727,8.635,2796.8,0,0,0.695012906451439,3.47506453225719,10,2
3288,15,1985,9.925,2797.34,0,1,0.695748015993383,3.47874007996691,10,3
3289,15,2335,11.675,2797.4,0,0,0.6964251211736,3.482125605868,10,4
3290,15,2662,13.31,2797.02,0,0,0.697044021351212,3.48522010675606,10,5
3291,15,3016,15.08,2796.79,0,0,0.69760453313274,3.4880226656637,10,6
3292,15,3280,16.4,2796.005,0,0,0.698106490426445,3.49053245213222,10,7
3293,15,3425,17.125,2794.835,0,0,0.698549744491548,3.49274872245774,10,8
3294,15,3595,17.975,2793.725,0,0,0.698934163982304,3.49467081991152,10,9
3295,14,3615,18.075,2792.295,1,0,0.699259634986922,3.49629817493461,10,10
3296,15,3534,17.67,2790.795,0,1,0.699526061061317,3.49763030530659,10,11
3297,15,3431,17.155,2789.245,0,0,0.699733363257695,3.49866681628848,10,12
3298,16,3206,16.03,2787.845,0,1,0.699881480147941,3.4994074007397,10,13
3299,17,3010,15.05,2786.715,0,1,0.699970367841823,3.49985183920912,10,14
3300,17,2826,14.13,2785.565,0,0,0.7,3.5,10,15
3301,17,2657,13.285,2784.8,0,0,0.699970367841823,3.49985183920912,10,16
3302,17,2606,13.03,2784.23,0,0,0.699881480147941,3.4994074007397,10,17
3303,17,2624,13.12,2783.54,0,0,0.699733363257695,3.49866681628848,10,18
3304,17,2656,13.28,2782.925,0,0,0.699526061061317,3.49763030530659,10,19
3305,18,2782,13.91,2781.95,0,1,0.699259634986922,3.49629817493461,10,20
3306,18,2980,14.9,2781.135,0,0,0.698934163982304,3.49467081991152,10,21
3307,20,3199,15.995,2779.83,0,2,0.698549744491548,3.49274872245774,10,22
3308,20,3337,16.685,2778.74,0,0,0.698106490426445,3.49053245213222,10,23
3309,20,3439,17.195,2777.115,0,0,0.697604533132739,3.4880226656637,10,24
3310,20,3410,17.05,2775.575,0,0,0.697044021351212,3.48522010675606,10,25
3311,20,3335,16.675,2773.925,0,0,0.6964251211736,3.482125605868,10,26
3312,20,3304,16.52,2772.42,0,0,0.695748015993383,3.47874007996692,10,27
3313,20,3290,16.45,2770.96,0,0,0.695012906451439,3.47506453225719,10,28
3314,20,3282,16.41,2769.265,0,0,0.69422001037659,3.47110005188295,10,29
3315,18,3327,16.635,2767.74,2,0,0.693369562721055,3.46684781360528,10,30
3316,18,3568,17.84,2766.35,0,0,0.69246181549083,3.46230907745415,10,31
3317,18,3910,19.55,2764.59,1,1,0.691497037671008,3.45748518835504,10,32
3318,18,4332,21.66,2762.505,0,0,0.69047551514608,3.4523775757304,10,33
3319,19,4729,23.645,2760.12,0,1,0.689397550615215,3.44698775307608,10,34
3320,19,5079,25.395,2757.255,0,0,0.688263463502569,3.44131731751285,10,35
3321,19,5447,27.235,2754.14,0,0,0.68707358986263,3.43536794931315,10,36
3322,19,5734,28.67,2750.85,0,0,0.685828282280635,3.42914141140318,10,37
3323,19,6032,30.16,2747.255,0,0,0.684527909768098,3.42263954884049,10,38
3324,20,6194,30.97,2743.16,0,1,0.683172857653457,3.41586428826729,10,39
3325,20,6368,31.84,2739.315,0,0,0.6817635274679,3.4088176373395,10,40
3326,22,6419,32.095,2735.14,0,2,0.680300336826376,3.40150168413188,10,41
3327,23,6376,31.88,2730.75,0,1,0.678783719303852,3.39391859651926,10,42
3328,24,6172,30.86,2726.175,0,1,0.677214124306828,3.38607062153414,10,43
3329,24,5926,29.63,2721.92,1,1,0.675592016940178,3.37796008470089,10,44
3330,24,5743,28.715,2717.94,0,0,0.673917877869323,3.36958938934661,10,45
3331,25,5514,27.57,2713.96,0,1,0.672192203177799,3.36096101588899,10,46
3332,25,5311,26.555,2710.515,0,0,0.670415504220262,3.35207752110131,10,47
3333,24,5179,25.895,2707.195,1,0,0.668588307470957,3.34294153735478,10,48
3334,26,5085,25.425,2704.02,0,2,0.666711154367715,3.33355577183857,10,49
3335,25,5046,25.23,2701.15,1,0,0.664784601151511,3.32392300575756,10,50
3336,25,5009,25.045,2697.93,0,0,0.662809218701644,3.31404609350822,10,51
3337,25,4985,24.925,2694.775,0,0,0.660785592366564,3.30392796183282,10,52
3338,26,4960,24.8,2691.37,0,1,0.658714321790431,3.29357160895215,10,53
3339,26,4918,24.59,2688.01,0,0,0.656596020735413,3.28298010367707,10,54
3340,26,4993,24.965,2685.035,0,0,0.654431316899833,3.27215658449917,10,55
3341,27,5000,25,2682.065,1,2,0.652220851732155,3.26110425866077,10,56
3342,28,5073,25.365,2678.96,0,1,0.649965280240913,3.24982640120457,10,57
3343,28,5203,26.015,2675.63,0,0,0.647665270800621,3.23832635400311,10,58
3344,27,5283,26.415,2672.15,1,0,0.645321504953714,3.22660752476857,10,59
3345,27,5485,27.425,2668.905,0,0,0.642934677208592,3.21467338604296,10,60
3346,27,5741,28.705,2665.74,0,0,0.640505494833831,3.20252747416916,10,61
3347,27,5892,29.46,2661.91,0,0,0.638034677648595,3.19017338824297,10,62
3348,27,6142,30.71,2658.08,0,0,0.635522957809338,3.17761478904669,10,63
3349,27,6219,31.095,2653.41,0,0,0.632971079592858,3.16485539796429,10,64
3350,27,6303,31.515,2648.925,0,0,0.630379799175744,3.15189899587872,10,65
3351,26,6437,32.185,2644.955,1,0,0.627749884410306,3.13874942205153,10,66
3352,26,6521,32.605,2640.55,1,1,0.62508211459705,3.12541057298525,10,67
3353,27,6495,32.475,2635.98,0,1,0.622377280253745,3.11188640126872,10,68
3354,28,6378,31.89,2631.59,0,1,0.619636182881183,3.09818091440591,10,69
3355,29,6301,31.505,2627.485,1,2,0.616859634725675,3.08429817362837,10,70
3356,28,6127,30.635,2623.35,1,0,0.614048458538358,3.07024229269179,10,71
3357,28,5877,29.385,2619.2,0,0,0.611203487331409,3.05601743665704,10,72
3358,28,5699,28.495,2615.38,0,0,0.608325564131196,3.04162782065598,10,73
3359,28,5448,27.24,2611.755,1,1,0.605415541728474,3.02707770864237,10,74
3360,28,5211,26.055,2608.015,0,0,0.602474282425686,3.01237141212843,10,75
3361,28,4975,24.875,2604.485,0,0,0.599502657781437,2.99751328890718,10,76
3362,29,4768,23.84,2601.24,0,1,0.596501548352244,2.98250774176122,10,77
3363,29,4630,23.15,2598.33,0,0,0.593471843431601,2.96735921715801,10,78
3364,29,4555,22.775,2595.57,0,0,0.590414440786461,2.9520722039323,10,79
3365,30,4599,22.995,2592.97,0,1,0.587330246391212,2.93665123195606,10,80
3366,30,4635,23.175,2590.175,0,0,0.584220174159218,2.92110087079609,10,81
3367,31,4678,23.39,2587.49,0,1,0.581085145672001,2.90542572836,10,82
3368,31,4707,23.535,2584.675,0,0,0.577926089906158,2.88963044953079,10,83
3369,32,4785,23.925,2581.7,0,1,0.574743942958094,2.87371971479047,10,84
3370,31,4890,24.45,2578.895,1,0,0.571539647766625,2.85769823883312,10,85
3371,31,5116,25.58,2576.32,0,0,0.568314153833573,2.84157076916786,10,86
3372,31,5419,27.095,2573.485,1,1,0.565068416942397,2.82534208471199,10,87
3373,31,5783,28.915,2570.275,0,0,0.56180339887499,2.80901699437495,10,88
3374,31,6195,30.975,2566.785,0,0,0.55852006712667,2.79260033563335,10,89
3375,30,6491,32.455,2562.635,1,0,0.555219394619493,2.77609697309746,10,90
3376,31,6727,33.635,2558.175,0,1,0.55190235941396,2.7595117970698,10,91
3377,31,6970,34.85,2553.785,0,0,0.548569944419188,2.74284972209594,10,92
3378,32,7076,35.38,2548.79,0,1,0.545223137101658,2.72611568550829,10,93
3379,32,7216,36.08,2544.465,0,0,0.541862929192609,2.70931464596305,10,94
3380,32,7256,36.28,2539.855,0,0,0.538490316394166,2.69245158197083,10,95
3381,32,7175,35.875,2535.295,0,0,0.535106298084286,2.67553149042143,10,96
3382,32,6964,34.82,2530.28,0,0,0.531711877020628,2.65855938510314,10,97
3383,32,6824,34.12,2525.99,0,0,0.52830805904341,2.64154029521705,10,98
3384,31,6619,33.095,2521.515,1,0,0.524895852777359,2.62447926388679,10,99
3385,32,6438,32.19,2517.515,0,1,0.521476269332833,2.60738134666416,10,100
3386,31,6212,31.06,2513.485,1,0,0.518050322006208,2.59025161003104,10,101
3387,31,5962,29.81,2509.6,1,1,0.514619025979615,2.57309512989807,10,102
3388,32,5756,28.78,2505.91,0,1,0.511183398020122,2.55591699010061,10,103
3389,30,5544,27.72,2502.41,2,0,0.507744456178436,2.53872228089218,10,104
3390,28,5278,26.39,2499.235,2,0,0.504303219487245,2.52151609743622,10,105
3391,30,5067,25.335,2496.33,0,2,0.500860707659248,2.50430353829624,10,106
3392,30,4865,24.325,2493.83,1,1,0.497417940784999,2.48708970392499,10,107
3393,30,4645,23.225,2490.965,0,0,0.49397593903062,2.4698796951531,10,108
3394,29,4464,22.32,2488.58,1,0,0.490535722335514,2.45267861167757,10,109
3395,28,4335,21.675,2486.3,1,0,0.487098310110137,2.43549155055068,10,110
3396,27,4204,21.02,2484.195,1,0,0.483664720933916,2.41832360466958,10,111
3397,27,4015,20.075,2482.07,0,0,0.480235972253426,2.40117986126713,10,112
3398,27,3927,19.635,2480.47,0,0,0.476813080080899,2.3840654004045,10,113
3399,27,3805,19.025,2478.565,0,0,0.473397058693163,2.36698529346581,10,114
3400,27,3753,18.765,2477.07,0,0,0.469988920331071,2.34994460165535,10,115
3401,27,3684,18.42,2475.48,0,0,0.466589674899577,2.33294837449788,10,116
3402,29,3616,18.08,2473.92,0,2,0.463200329668464,2.31600164834232,10,117
3403,29,3586,17.93,2472.435,0,0,0.459821888973872,2.29910944486936,10,118
3404,28,3562,17.81,2471.28,1,0,0.456455353920695,2.28227676960348,10,119
3405,28,3511,17.555,2470.2,0,0,0.453101722085919,2.26550861042959,10,120
3406,28,3445,17.225,2469.07,0,0,0.449761987223037,2.24880993611518,10,121
3407,26,3412,17.06,2467.815,2,0,0.446437138967565,2.23218569483782,10,122
3408,27,3339,16.695,2466.62,0,1,0.443128162543799,2.21564081271899,10,123
3409,26,3208,16.04,2465.49,1,0,0.439836038472867,2.19918019236433,10,124
3410,26,3124,15.62,2464.705,0,0,0.43656174228218,2.1828087114109,10,125
3411,26,3057,15.285,2463.965,0,0,0.433306244216363,2.16653122108181,10,126
3412,26,2999,14.995,2463.27,0,0,0.430070508949755,2.15035254474878,10,127
3413,26,2964,14.82,2462.885,0,0,0.426855495300547,2.13427747650273,10,128
3414,25,2872,14.36,2462.38,1,0,0.423662155946668,2.11831077973334,10,129
3415,25,2822,14.11,2462.14,0,0,0.420491437143489,2.10245718571745,10,130
3416,26,2783,13.915,2461.61,0,1,0.417344278443421,2.0867213922171,10,131
3417,27,2736,13.68,2460.985,1,2,0.414221612417504,2.07110806208752,10,132
3418,29,2653,13.265,2460.715,0,2,0.411124364379078,2.05562182189539,10,133
3419,29,2560,12.8,2460.44,0,0,0.408053452109579,2.04026726054789,10,134
3420,29,2475,12.375,2460.235,0,0,0.405009785586589,2.02504892793295,10,135
3421,29,2418,12.09,2460.205,0,0,0.401994266714189,2.00997133357095,10,136
3422,29,2368,11.84,2460.205,0,0,0.399007789055697,1.99503894527848,10,137
3423,28,2312,11.56,2460.505,1,0,0.396051237568897,1.98025618784448,10,138
3424,28,2238,11.19,2460.6,0,0,0.393125488343804,1.96562744171902,10,139
3425,27,2224,11.12,2460.975,2,1,0.390231408343056,1.95115704171528,10,140
3426,26,2185,10.925,2461.44,1,0,0.387369855145017,1.93684927572509,10,141
3427,26,2125,10.625,2461.84,0,0,0.384541676689655,1.92270838344827,10,142
3428,25,2133,10.665,2462.55,1,0,0.381747711027284,1.90873855513642,10,143
3429,24,2069,10.345,2463.015,1,0,0.378988786070231,1.89494393035115,10,144
3430,24,2070,10.35,2463.825,0,0,0.376265719347499,1.8813285967375,10,145
3431,23,1993,9.965,2464.155,1,0,0.37357931776253,1.86789658881265,10,146
3432,24,1937,9.685,2465,0,1,0.370930377354091,1.85465188677046,10,147
3433,23,1886,9.43,2465.77,1,0,0.368319683060391,1.84159841530196,10,148
3434,22,1845,9.225,2466.76,1,0,0.365748008486494,1.82874004243247,10,149
3435,22,1823,9.115,2467.57,0,0,0.363216115675078,1.81608057837539,10,150
3436,21,1786,8.93,2468.825,1,0,0.360724754880625,1.80362377440313,10,151
3437,19,1764,8.82,2469.705,2,0,0.358274664347109,1.79137332173555,10,152
3438,19,1723,8.615,2470.545,0,0,0.355866570089229,1.77933285044614,10,153
3439,19,1721,8.605,2471.595,0,0,0.353501185677285,1.76750592838642,10,154
3440,19,1717,8.585,2472.62,0,0,0.351179212025728,1.75589606012864,10,155
3441,19,1731,8.655,2473.615,0,0,0.348901337185463,1.74450668592732,10,156
3442,19,1783,8.915,2474.745,0,0,0.346668236139968,1.73334118069984,10,157
3443,17,1814,9.07,2475.95,2,0,0.344480570605275,1.72240285302638,10,158
3444,18,1842,9.21,2477.2,0,1,0.342338988833895,1.71169494416948,10,159
3445,18,1877,9.385,2478.415,0,0,0.340244125422728,1.70122062711364,10,160
3446,18,1989,9.945,2479.695,0,0,0.338196601125011,1.69098300562505,10,161
3447,19,2071,10.355,2480.805,0,1,0.336197022666384,1.68098511333192,10,162
3448,18,2135,10.675,2481.97,1,0,0.3342459825651,1.6712299128255,10,163
3449,17,2169,10.845,2482.89,1,0,0.332344058956446,1.66172029478223,10,164
3450,17,2256,11.28,2484.1,1,1,0.330491815421434,1.65245907710717,10,165
3451,16,2332,11.66,2485.17,1,0,0.328689800819799,1.643449004099,10,166
3452,16,2411,12.055,2486.225,0,0,0.326938549127359,1.63469274563679,10,167
3453,16,2425,12.125,2487.08,0,0,0.325238579277783,1.62619289638892,10,168
3454,17,2428,12.14,2488.06,0,1,0.32359039500883,1.61795197504415,10,169
3455,16,2419,12.095,2489.12,1,0,0.321994484713065,1.60997242356532,10,170
3456,17,2372,11.86,2490.015,0,1,0.320451321293153,1.60225660646577,10,171
3457,18,2437,12.185,2491.325,0,1,0.31896136202172,1.5948068101086,10,172
3458,19,2427,12.135,2492.42,0,1,0.317525048405855,1.58762524202927,10,173
3459,19,2387,11.935,2493.555,0,0,0.316142806056278,1.58071403028139,10,174
3460,19,2400,12,2494.89,0,0,0.31481504456123,1.57407522280615,10,175
3461,20,2377,11.885,2496.515,0,1,0.313542157365097,1.56771078682549,10,176
3462,20,2361,11.805,2497.595,0,0,0.312324521651827,1.56162260825914,10,177
3463,20,2327,11.635,2499.3,0,0,0.31116249823316,1.5558124911658,10,178
3464,20,2259,11.295,2500.485,0,0,0.310056431441713,1.55028215720857,10,179
3465,20,2188,10.94,2501.855,0,0,0.309006649028949,1.54503324514475,10,180
3466,20,2124,10.62,2503.195,0,0,0.308013462068051,1.54006731034026,10,181
3467,20,2094,10.47,2504.865,0,0,0.307077164861751,1.53538582430876,10,182
3468,20,2001,10.005,2506.385,0,0,0.306198034855119,1.53099017427559,10,183
3469,20,1961,9.805,2508.165,0,0,0.305376332553347,1.52688166276674,10,184
3470,22,1879,9.395,2509.835,0,2,0.304612301444564,1.52306150722282,10,185
3471,22,1809,9.045,2511.635,0,0,0.303906167927674,1.51953083963837,10,186
3472,22,1726,8.63,2513.47,0,0,0.303258141245278,1.51629070622639,10,187
3473,21,1633,8.165,2515.455,1,0,0.302668413421669,1.51334206710834,10,188
3474,21,1549,7.745,2517.645,0,0,0.302137159205927,1.51068579602963,10,189
3475,20,1510,7.55,2519.945,1,0,0.301664536020142,1.50832268010071,10,190
3476,19,1441,7.205,2521.965,1,0,0.301250683912764,1.50625341956382,10,191
3477,19,1370,6.85,2524.235,0,0,0.300895725517105,1.50447862758552,10,192
3478,19,1299,6.495,2526.53,0,0,0.300599766014997,1.50299883007499,10,193
3479,19,1260,6.3,2529.015,0,0,0.300362893105628,1.50181446552814,10,194
3480,19,1193,5.965,2531.49,0,0,0.300185176979554,1.50092588489777,10,195
3481,19,1145,5.725,2534.01,0,0,0.300066670297898,1.50033335148949,10,196
3482,19,1083,5.415,2536.555,0,0,0.300007408176747,1.50003704088373,10,197
3483,19,1061,5.305,2539.325,0,0,0.300007408176747,1.50003704088373,10,198
3484,18,1045,5.225,2542.11,1,0,0.300066670297898,1.50033335148949,10,199
3485,18,1018,5.09,2544.865,0,0,0.300185176979554,1.50092588489777,10,200
3486,18,994,4.97,2547.495,0,0,0.300362893105628,1.50181446552814,10,201
3487,18,934,4.67,2550.13,0,0,0.300599766014997,1.50299883007498,10,202
3488,18,917,4.585,2552.95,0,0,0.300895725517105,1.50447862758552,10,203
3489,17,937,4.685,2555.645,1,0,0.301250683912764,1.50625341956382,10,204
3490,17,982,4.91,2558.465,0,0,0.301664536020142,1.50832268010071,10,205
3491,17,1006,5.03,2561.45,0,0,0.302137159205927,1.51068579602963,10,206
3492,17,1081,5.405,2564.44,0,0,0.302668413421668,1.51334206710834,10,207
3493,16,1115,5.575,2567.355,1,0,0.303258141245278,1.51629070622639,10,208
3494,16,1156,5.78,2570.275,0,0,0.303906167927674,1.51953083963837,10,209
3495,16,1190,5.95,2573.285,0,0,0.304612301444564,1.52306150722282,10,210
3496,17,1289,6.445,2576.42,0,1,0.305376332553348,1.52688166276674,10,211
3497,18,1308,6.54,2578.86,0,1,0.306198034855119,1.53099017427559,10,212
3498,18,1380,6.9,2581.495,1,1,0.307077164861751,1.53538582430875,10,213
3499,19,1441,7.205,2584.515,0,1,0.308013462068051,1.54006731034025,10,214
3500,19,1530,7.65,2587.15,0,0,0.309006649028949,1.54503324514474,10,215
3501,19,1574,7.87,2589.56,0,0,0.310056431441714,1.55028215720857,10,216
3502,17,1600,8,2591.9,2,0,0.31116249823316,1.5558124911658,10,217
3503,17,1665,8.325,2594.3,1,1,0.312324521651827,1.56162260825913,10,218
3504,16,1753,8.765,2596.935,1,0,0.313542157365097,1.56771078682548,10,219
3505,16,1829,9.145,2599.37,0,0,0.31481504456123,1.57407522280615,10,220
3506,16,1946,9.73,2601.79,0,0,0.316142806056278,1.58071403028139,10,221
3507,15,1946,9.73,2603.645,1,0,0.317525048405855,1.58762524202927,10,222
3508,16,2011,10.055,2606.005,0,1,0.31896136202172,1.5948068101086,10,223
3509,16,2084,10.42,2608.3,0,0,0.320451321293153,1.60225660646576,10,224
3510,17,2144,10.72,2610.35,0,1,0.321994484713065,1.60997242356532,10,225
3511,17,2189,10.945,2612.66,0,0,0.323590395008829,1.61795197504414,10,226
3512,18,2260,11.3,2614.895,0,1,0.325238579277784,1.62619289638892,10,227
3513,18,2316,11.58,2616.98,0,0,0.326938549127359,1.63469274563679,10,228
3514,18,2396,11.98,2619.16,0,0,0.328689800819799,1.64344900409899,10,229
3515,18,2436,12.18,2621.29,0,0,0.330491815421433,1.65245907710716,10,230
3516,18,2456,12.28,2623.295,0,0,0.332344058956445,1.66172029478222,10,231
3517,18,2472,12.36,2625.245,0,0,0.334245982565099,1.6712299128255,10,232
3518,18,2504,12.52,2627.1,0,0,0.336197022666384,1.68098511333192,10,233
3519,17,2489,12.445,2629.145,1,0,0.338196601125011,1.69098300562506,10,234
3520,17,2447,12.235,2630.665,0,0,0.340244125422726,1.70122062711363,10,235
3521,17,2462,12.31,2632.5,0,0,0.342338988833894,1.71169494416947,10,236
3522,18,2485,12.425,2634.24,0,1,0.344480570605275,1.72240285302637,10,237
3523,18,2459,12.295,2636.005,0,0,0.346668236139968,1.73334118069984,10,238
3524,18,2492,12.46,2638,0,0,0.348901337185464,1.74450668592732,10,239
3525,18,2441,12.205,2640.025,1,1,0.351179212025727,1.75589606012864,10,240
3526,18,2416,12.08,2641.87,0,0,0.353501185677284,1.76750592838642,10,241
3527,18,2386,11.93,2643.89,0,0,0.355866570089227,1.77933285044613,10,242
3528,18,2363,11.815,2645.635,0,0,0.358274664347108,1.79137332173554,10,243
3529,18,2370,11.85,2647.4,0,0,0.360724754880625,1.80362377440313,10,244
3530,18,2357,11.785,2649.175,1,1,0.363216115675078,1.81608057837539,10,245
3531,18,2362,11.81,2651.175,0,0,0.365748008486492,1.82874004243246,10,246
3532,18,2356,11.78,2652.86,0,0,0.368319683060389,1.84159841530195,10,247
3533,17,2357,11.785,2654.885,1,0,0.37093037735409,1.85465188677045,10,248
3534,18,2295,11.475,2656.935,0,1,0.37357931776253,1.86789658881265,10,249
3535,18,2276,11.38,2658.63,0,0,0.3762657193475,1.8813285967375,10,250
3536,17,2250,11.25,2660.3,1,0,0.378988786070229,1.89494393035114,10,251
3537,17,2288,11.44,2662.22,0,0,0.381747711027284,1.90873855513642,10,252
3538,17,2300,11.5,2664.275,0,0,0.384541676689654,1.92270838344827,10,253
3539,17,2308,11.54,2666.145,0,0,0.387369855145016,1.93684927572508,10,254
3540,17,2322,11.61,2668.295,0,0,0.390231408343056,1.95115704171528,10,255
3541,17,2344,11.72,2670.365,0,0,0.393125488343804,1.96562744171902,10,256
3542,17,2420,12.1,2672.42,0,0,0.396051237568896,1.98025618784448,10,257
3543,17,2491,12.455,2674.125,0,0,0.399007789055696,1.99503894527848,10,258
3544,17,2549,12.745,2675.805,0,0,0.401994266714187,2.00997133357094,10,259
3545,17,2589,12.945,2677.515,0,0,0.40500978558659,2.02504892793295,10,260
3546,17,2655,13.275,2679.08,0,0,0.408053452109579,2.0402672605479,10,261
3547,17,2730,13.65,2680.41,0,0,0.411124364379076,2.05562182189538,10,262
3548,17,2758,13.79,2681.785,0,0,0.414221612417502,2.07110806208751,10,263
3549,18,2831,14.155,2683.16,0,1,0.417344278443418,2.08672139221709,10,264
3550,19,2898,14.49,2684.375,0,1,0.420491437143489,2.10245718571744,10,265
3551,19,2927,14.635,2685.48,0,0,0.423662155946669,2.11831077973334,10,266
3552,18,2961,14.805,2686.655,1,0,0.426855495300547,2.13427747650274,10,267
3553,18,3003,15.015,2687.895,0,0,0.430070508949753,2.15035254474877,10,268
3554,18,3021,15.105,2688.865,0,0,0.433306244216362,2.16653122108181,10,269
3555,18,3018,15.09,2689.62,0,0,0.436561742282179,2.18280871141089,10,270
3556,18,3001,15.005,2690.475,0,0,0.439836038472867,2.19918019236433,10,271
3557,18,3008,15.04,2691.45,0,0,0.443128162543799,2.21564081271899,10,272
3558,18,2988,14.94,2692.395,0,0,0.446437138967564,2.23218569483782,10,273
3559,18,2986,14.93,2693.565,0,0,0.449761987223036,2.24880993611518,10,274
3560,18,3003,15.015,2694.74,0,0,0.453101722085917,2.26550861042958,10,275
3561,19,3018,15.09,2695.65,0,1,0.456455353920693,2.28227676960346,10,276
3562,19,3004,15.02,2696.56,0,0,0.459821888973873,2.29910944486936,10,277
3563,20,3022,15.11,2697.9,0,1,0.463200329668464,2.31600164834232,10,278
3564,20,3000,15,2698.635,1,1,0.466589674899574,2.33294837449787,10,279
3565,20,2942,14.71,2699.36,0,0,0.469988920331068,2.34994460165534,10,280
3566,20,2873,14.365,2700.13,0,0,0.47339705869316,2.3669852934658,10,281
3567,20,2892,14.46,2701.045,0,0,0.4768130800809,2.3840654004045,10,282
3568,20,2853,14.265,2701.855,0,0,0.480235972253426,2.40117986126713,10,283
3569,20,2869,14.345,2702.665,0,0,0.483664720933914,2.41832360466957,10,284
3570,20,2854,14.27,2703.62,0,0,0.487098310110136,2.43549155055068,10,285
3571,20,2889,14.445,2704.52,0,0,0.490535722335513,2.45267861167757,10,286
3572,20,2898,14.49,2705.29,0,0,0.493975939030619,2.46987969515309,10,287
3573,21,2954,14.77,2705.925,0,1,0.497417940784998,2.48708970392499,10,288
3574,21,3044,15.22,2706.38,0,0,0.500860707659249,2.50430353829624,10,289
3575,21,3072,15.36,2706.91,0,0,0.504303219487244,2.52151609743622,10,290
3576,22,3209,16.045,2707.72,0,1,0.507744456178435,2.53872228089217,10,291
3577,23,3286,16.43,2708.06,0,1,0.51118339802012,2.5559169901006,10,292
3578,22,3360,16.8,2708.43,1,0,0.514619025979615,2.57309512989808,10,293
3579,22,3418,17.09,2708.73,0,0,0.518050322006208,2.59025161003104,10,294
3580,23,3440,17.2,2708.83,0,1,0.521476269332831,2.60738134666415,10,295
3581,25,3568,17.84,2709.175,0,2,0.524895852777356,2.62447926388678,10,296
3582,25,3649,18.245,2708.98,0,0,0.528308059043408,2.64154029521704,10,297
3583,25,3668,18.34,2708.82,1,1,0.531711877020627,2.65855938510313,10,298
3584,25,3734,18.67,2708.54,0,0,0.535106298084286,2.67553149042143,10,299
3585,25,3822,19.11,2708.48,0,0,0.538490316394167,2.69245158197083,10,300
3586,26,3817,19.085,2707.89,0,1,0.541862929192608,2.70931464596304,10,301
3587,26,3889,19.445,2707.57,0,0,0.545223137101657,2.72611568550828,10,302
3588,26,3913,19.565,2706.995,0,0,0.548569944419187,2.74284972209594,10,303
3589,27,3962,19.81,2706.41,0,1,0.55190235941396,2.7595117970698,10,304
3590,27,3994,19.97,2705.665,0,0,0.555219394619494,2.77609697309747,10,305
3591,27,4114,20.57,2705.03,0,0,0.558520067126669,2.79260033563334,10,306
3592,27,4343,21.715,2704.205,0,0,0.561803398874989,2.80901699437494,10,307
3593,29,4542,22.71,2703.14,0,2,0.565068416942395,2.82534208471197,10,308
3594,28,4807,24.035,2702.02,1,0,0.56831415383357,2.84157076916785,10,309
3595,28,5125,25.625,2700.655,0,0,0.571539647766625,2.85769823883312,10,310
3596,28,5391,26.955,2699.025,0,0,0.574743942958094,2.87371971479047,10,311
3597,28,5654,28.27,2696.76,0,0,0.577926089906156,2.88963044953078,10,312
3598,27,6018,30.09,2694.755,1,0,0.581085145671998,2.90542572835999,10,313
3599,27,6392,31.96,2692.245,0,0,0.584220174159217,2.92110087079609,10,314
3600,29,6731,33.655,2689.34,0,2,0.587330246391213,2.93665123195606,10,315
3601,31,6904,34.52,2686.115,0,2,0.590414440786461,2.95207220393231,10,316
3602,31,7033,35.165,2682.775,0,0,0.593471843431599,2.967359217158,10,317
3603,30,7147,35.735,2679.49,1,0,0.596501548352243,2.98250774176121,10,318
3604,31,7222,36.11,2675.9,1,2,0.599502657781436,2.99751328890718,10,319
3605,31,7245,36.225,2672.35,0,0,0.602474282425685,3.01237141212842,10,320
3606,31,7218,36.09,2668.585,0,0,0.605415541728474,3.02707770864237,10,321
3607,31,7131,35.655,2664.85,0,0,0.608325564131196,3.04162782065598,10,322
3608,32,7014,35.07,2660.935,0,1,0.611203487331408,3.05601743665704,10,323
3609,31,6975,34.875,2657.3,1,0,0.614048458538357,3.07024229269179,10,324
3610,31,6903,34.515,2653.905,0,0,0.616859634725673,3.08429817362836,10,325
3611,31,6831,34.155,2650.645,0,0,0.619636182881183,3.09818091440591,10,326
3612,31,6725,33.625,2646.965,0,0,0.622377280253745,3.11188640126873,10,327
3613,33,6621,33.105,2643.81,0,2,0.625082114597048,3.12541057298524,10,328
3614,33,6446,32.23,2640.505,0,0,0.627749884410304,3.13874942205152,10,329
3615,34,6282,31.41,2637.69,0,1,0.630379799175742,3.15189899587871,10,330
3616,34,6097,30.485,2634.615,1,1,0.632971079592857,3.16485539796429,10,331
3617,33,5908,29.54,2631.71,1,0,0.635522957809338,3.17761478904669,10,332
3618,33,5657,28.285,2628.785,0,0,0.638034677648595,3.19017338824298,10,333
3619,33,5396,26.98,2626.08,0,0,0.64050549483383,3.20252747416915,10,334
3620,33,5153,25.765,2623.52,0,0,0.642934677208592,3.21467338604296,10,335
3621,33,5006,25.03,2621.595,0,0,0.645321504953713,3.22660752476857,10,336
3622,33,4846,24.23,2619.23,0,0,0.647665270800622,3.23832635400311,10,337
3623,34,4865,24.325,2617.54,0,1,0.649965280240913,3.24982640120457,10,338
3624,35,4987,24.935,2615.565,0,1,0.652220851732154,3.26110425866077,10,339
3625,36,5155,25.775,2613.235,0,1,0.654431316899833,3.27215658449916,10,340
3626,36,5401,27.005,2610.7,0,0,0.656596020735412,3.28298010367706,10,341
3627,36,5702,28.51,2608.025,0,0,0.658714321790429,3.29357160895215,10,342
3628,36,6058,30.29,2605.41,1,1,0.660785592366564,3.30392796183282,10,343
3629,36,6281,31.405,2602.07,0,0,0.662809218701644,3.31404609350822,10,344
3630,35,6513,32.565,2598.565,2,1,0.66478460115151,3.32392300575755,10,345
3631,36,6736,33.68,2595.22,0,1,0.666711154367713,3.33355577183857,10,346
3632,36,6880,34.4,2591.655,0,0,0.668588307470956,3.34294153735478,10,347
3633,37,6959,34.795,2587.735,0,1,0.670415504220262,3.35207752110131,10,348
3634,39,7028,35.14,2583.885,1,3,0.672192203177799,3.360961015889,10,349
3635,41,6919,34.595,2579.955,0,2,0.673917877869321,3.36958938934661,10,350
3636,41,6748,33.74,2575.79,1,1,0.675592016940177,3.37796008470089,10,351
3637,41,6598,32.99,2572.24,0,0,0.677214124306827,3.38607062153414,10,352
3638,40,6387,31.935,2568.365,1,0,0.678783719303852,3.39391859651926,10,353
3639,40,6317,31.585,2564.87,0,0,0.680300336826377,3.40150168413188,10,354
3640,40,6322,31.61,2561.425,0,0,0.681763527467901,3.4088176373395,10,355
3641,40,6457,32.285,2558.02,0,0,0.683172857653457,3.41586428826729,10,356
3642,40,6610,33.05,2554.185,0,0,0.684527909768097,3.42263954884049,10,357
3643,41,6876,34.38,2550.585,0,1,0.685828282280635,3.42914141140317,10,358
3644,41,7095,35.475,2546.645,0,0,0.68707358986263,3.43536794931315,10,359
3645,42,7297,36.485,2542.715,0,1,0.68826346350257,3.44131731751285,10,360
3646,42,7451,37.255,2538.07,0,0,0.689397550615214,3.44698775307607,10,361
3647,42,7698,38.49,2533.58,0,0,0.690475515146079,3.4523775757304,10,362
3648,43,8237,41.185,2529.19,0,1,0.691497037671008,3.45748518835504,10,363
3649,43,8747,43.735,2524.28,0,0,0.69246181549083,3.46230907745415,10,364
3650,43,9469,47.345,2518.615,0,0,0.693369562721056,3.46684781360528,11,0
