"R01","R02","boundary_event","entry_case","Q1","Q2","surv1","surv2","both_burnout","strain1_only_burnout","strain2_only_burnout","neither_burnout","error_message"
1.2,1.2,"yes","both_strains_reentered_same_step",0.240164473203149,0.240164473203149,0.759835526796851,0.759835526796851,0.0576789741889462,0.182485499014203,0.182485499014203,0.577350027782648,NA
1.2,1.25,"yes","strain1_first_strain2_later",0.998873580219377,0.780248222373209,0.00112641978062311,0.219751777626791,0.779369335341731,0.219504244877645,0.000878887031477202,0.000247532749145909,NA
1.2,1.3,"yes","strain2_reentered_before_strain1_escaped",0.999959488235372,0.498764617057288,4.05117646280484e-05,0.501235382942712,0.498744411222517,0.501215077012855,2.02058347710235e-05,2.03059298570249e-05,NA
1.2,1.35,"yes","strain2_reentered_before_strain1_escaped",0.999999608629733,0.66719234235761,3.91370267416313e-07,0.33280765764239,0.667192081238364,0.332807527391368,2.61119245446614e-07,1.30251021969699e-07,NA
1.2,1.4,"yes","strain2_reentered_before_strain1_escaped",0.999999993890576,0.778314558800028,6.10942441081619e-09,0.221685441199972,0.778314554044974,0.221685439845601,4.75505396482652e-09,1.35437044598966e-09,NA
1.2,1.45,"yes","strain2_reentered_before_strain1_escaped",0.999999999858055,0.849966884533101,1.4194490027819e-10,0.150033115466899,0.849966884412453,0.150033115445602,1.20648464664815e-10,2.12964356133751e-11,NA
1.2,1.5,"yes","strain2_reentered_before_strain1_escaped",0.999999999995352,0.896085491025332,4.64761562568583e-12,0.103914508974668,0.896085491021167,0.103914508974186,4.16466093003969e-12,4.8295469564614e-13,NA
1.2,1.55,"yes","strain2_reentered_before_strain1_escaped",0.999999999999794,0.926061251558498,2.05835348765504e-13,0.0739387484415022,0.926061251558307,0.0739387484414869,1.90616140692763e-13,1.52192080727415e-14,NA
1.2,1.6,"yes","strain2_reentered_before_strain1_escaped",0.999999999999988,0.945869042130764,1.18793863634892e-14,0.0541309578692363,0.945869042130753,0.0541309578692356,1.12363438007348e-14,6.43042562754412e-16,NA
1.2,1.65,"yes","strain2_reentered_before_strain1_escaped",0.999999999999999,0.95921987064497,8.88178419700125e-16,0.0407801293550303,0.959219870644969,0.0407801293550302,8.51958388854408e-16,3.62200308457175e-17,NA
1.2,1.7,"yes","strain2_reentered_before_strain1_escaped",1,0.968408849338741,1.11022302462516e-16,0.0315911506612587,0.968408849338741,0.0315911506612587,1.07514980178662e-16,3.50732228385317e-18,NA
1.2,1.75,"yes","strain2_reentered_before_strain1_escaped",1,0.974864797605087,0,0.0251352023949134,0.974864797605087,0.0251352023949134,0,0,NA
1.2,1.8,"yes","strain2_reentered_before_strain1_escaped",1,0.979489302498489,0,0.0205106975015114,0.979489302498489,0.0205106975015114,0,0,NA
1.2,1.85,"yes","strain2_reentered_before_strain1_escaped",1,0.982860445749309,0,0.0171395542506915,0.982860445749309,0.0171395542506915,0,0,NA
1.2,1.9,"yes","strain2_reentered_before_strain1_escaped",1,0.98535565254854,0,0.01464434745146,0.98535565254854,0.01464434745146,0,0,NA
1.2,1.95,"yes","strain2_reentered_before_strain1_escaped",1,0.987225801147453,0,0.0127741988525467,0.987225801147453,0.0127741988525467,0,0,NA
1.2,2,"yes","strain2_reentered_before_strain1_escaped",1,0.988640541527039,0,0.0113594584729608,0.988640541527039,0.0113594584729608,0,0,NA
1.2,2.05,"yes","strain2_reentered_before_strain1_escaped",1,0.989716568333818,0,0.0102834316661823,0.989716568333818,0.0102834316661823,0,0,NA
1.2,2.1,"yes","strain2_reentered_before_strain1_escaped",1,0.990535273261216,0,0.00946472673878351,0.990535273261216,0.00946472673878351,0,0,NA
1.2,2.15,"yes","strain2_reentered_before_strain1_escaped",1,0.991154356199996,0,0.00884564380000397,0.991154356199996,0.00884564380000397,0,0,NA
1.2,2.2,"yes","strain2_reentered_before_strain1_escaped",1,0.991615007405888,0,0.00838499259411207,0.991615007405888,0.00838499259411207,0,0,NA
1.2,2.25,"yes","strain2_reentered_before_strain1_escaped",1,0.991946959127811,0,0.00805304087218905,0.991946959127811,0.00805304087218905,0,0,NA
1.2,2.3,"yes","strain2_reentered_before_strain1_escaped",1,0.992171751749982,0,0.00782824825001827,0.992171751749982,0.00782824825001827,0,0,NA
1.2,2.35,"yes","strain2_reentered_before_strain1_escaped",1,0.992304981258795,0,0.00769501874120504,0.992304981258795,0.00769501874120504,0,0,NA
1.2,2.4,"yes","strain2_reentered_before_strain1_escaped",1,0.992357797076821,0,0.0076422029231793,0.992357797076821,0.0076422029231793,0,0,NA
1.2,2.45,"yes","strain2_reentered_before_strain1_escaped",1,0.99233805905331,0,0.00766194094669015,0.99233805905331,0.00766194094669015,0,0,NA
1.2,2.5,"yes","strain2_reentered_before_strain1_escaped",1,0.992251046222534,0,0.00774895377746621,0.992251046222534,0.00774895377746621,0,0,NA
1.2,2.55,"yes","strain2_reentered_before_strain1_escaped",1,0.992099957405575,0,0.00790004259442512,0.992099957405575,0.00790004259442512,0,0,NA
1.2,2.6,"yes","strain2_reentered_before_strain1_escaped",1,0.991886417654924,0,0.00811358234507586,0.991886417654924,0.00811358234507586,0,0,NA
1.2,2.65,"yes","strain2_reentered_before_strain1_escaped",1,0.991610548366824,0,0.00838945163317584,0.991610548366824,0.00838945163317584,0,0,NA
1.2,2.7,"yes","strain2_reentered_before_strain1_escaped",1,0.991271370516551,0,0.00872862948344943,0.991271370516551,0.00872862948344943,0,0,NA
1.2,2.75,"yes","strain2_reentered_before_strain1_escaped",1,0.990866798147759,0,0.00913320185224142,0.990866798147759,0.00913320185224142,0,0,NA
1.2,2.8,"yes","strain2_reentered_before_strain1_escaped",1,0.990393781091225,0,0.00960621890877467,0.990393781091225,0.00960621890877467,0,0,NA
1.2,2.85,"yes","strain2_reentered_before_strain1_escaped",1,0.989848258138348,0,0.0101517418616517,0.989848258138348,0.0101517418616517,0,0,NA
1.2,2.9,"yes","strain2_reentered_before_strain1_escaped",1,0.989225315837525,0,0.0107746841624745,0.989225315837525,0.0107746841624745,0,0,NA
1.2,2.95,"yes","strain2_reentered_before_strain1_escaped",1,0.98851927263401,0,0.0114807273659904,0.98851927263401,0.0114807273659904,0,0,NA
1.2,3,"yes","strain2_reentered_before_strain1_escaped",1,0.987723245153974,0,0.0122767548460264,0.987723245153974,0.0122767548460264,0,0,NA
1.25,1.2,"yes","strain2_first_strain1_later",0.780248222373209,0.998873580219377,0.219751777626791,0.00112641978062311,0.779369335341731,0.000878887031477202,0.219504244877645,0.000247532749145909,NA
1.25,1.25,"yes","both_strains_reentered_same_step",0.42926331197684,0.42926331197684,0.57073668802316,0.57073668802316,0.184266991009325,0.244996320967514,0.244996320967514,0.325740367055646,NA
1.25,1.3,"yes","strain1_first_strain2_later",0.99829277224282,0.832223483370707,0.00170722775718046,0.167776516629293,0.830802688339719,0.1674900839031,0.00142079503098788,0.000286432726192578,NA
1.25,1.35,"yes","strain2_reentered_before_strain1_escaped",0.99991553520527,0.636739434358015,8.44647947297883e-05,0.363260565641985,0.636685652292395,0.363229882912875,5.37820656194112e-05,3.06827291103771e-05,NA
1.25,1.4,"yes","strain2_reentered_before_strain1_escaped",0.999998761096022,0.767317641660419,1.23890397774051e-06,0.232682358339581,0.767316691027541,0.232682070068481,9.50632878443563e-07,2.8827109929695e-07,NA
1.25,1.45,"yes","strain2_reentered_before_strain1_escaped",0.999999972176242,0.845871638609216,2.78237580753071e-08,0.154128361390784,0.845871615073888,0.154128357102354,2.35353278354264e-08,4.28843023988068e-09,NA
1.25,1.5,"yes","strain2_reentered_before_strain1_escaped",0.999999999108651,0.894429236524403,8.9134943870306e-10,0.105570763475597,0.894429235727153,0.105570763381497,7.97248997935632e-10,9.41004407674273e-11,NA
1.25,1.55,"yes","strain2_reentered_before_strain1_escaped",0.999999999961221,0.925330944750976,3.8779202071737e-11,0.0746690552490238,0.925330944715093,0.0746690552461282,3.58835956897294e-11,2.89560638200759e-12,NA
1.25,1.6,"yes","strain2_reentered_before_strain1_escaped",0.999999999997791,0.94552001379418,2.20901075209667e-12,0.05447998620582,0.945520013792091,0.0544799862056996,2.08866387679394e-12,1.20346875302735e-13,NA
1.25,1.65,"yes","strain2_reentered_before_strain1_escaped",0.99999999999984,0.959040553722506,1.59983137848485e-13,0.0409594462774938,0.959040553722353,0.0409594462774873,1.53430317108475e-13,6.55282074000991e-15,NA
1.25,1.7,"yes","strain2_reentered_before_strain1_escaped",0.999999999999986,0.96831054519109,1.43218770176645e-14,0.0316894548089097,0.968310545191076,0.0316894548089093,1.38680245431345e-14,4.53852474530043e-16,NA
1.25,1.75,"yes","strain2_reentered_before_strain1_escaped",0.999999999999998,0.974807713835411,1.55431223447522e-15,0.0251922861645891,0.974807713835409,0.0251922861645891,1.5151555558752e-15,3.91566786000217e-17,NA
1.25,1.8,"yes","strain2_reentered_before_strain1_escaped",1,0.97945441421476,2.22044604925031e-16,0.0205455857852405,0.979454414214759,0.0205455857852405,2.17482568446394e-16,4.56203647863706e-18,NA
1.25,1.85,"yes","strain2_reentered_before_strain1_escaped",1,0.982838092285765,0,0.017161907714235,0.982838092285765,0.017161907714235,0,0,NA
1.25,1.9,"yes","strain2_reentered_before_strain1_escaped",1,0.985340737967781,0,0.0146592620322195,0.985340737967781,0.0146592620322195,0,0,NA
1.25,1.95,"yes","strain2_reentered_before_strain1_escaped",1,0.987215466351336,0,0.0127845336486645,0.987215466351336,0.0127845336486645,0,0,NA
1.25,2,"yes","strain2_reentered_before_strain1_escaped",1,0.98863313378973,0,0.0113668662102703,0.98863313378973,0.0113668662102703,0,0,NA
1.25,2.05,"yes","strain2_reentered_before_strain1_escaped",1,0.989711092221756,0,0.0102889077782443,0.989711092221756,0.0102889077782443,0,0,NA
1.25,2.1,"yes","strain2_reentered_before_strain1_escaped",1,0.99053111386168,0,0.00946888613831998,0.99053111386168,0.00946888613831998,0,0,NA
1.25,2.15,"yes","strain2_reentered_before_strain1_escaped",1,0.991151115761241,0,0.00884888423875874,0.991151115761241,0.00884888423875874,0,0,NA
1.25,2.2,"yes","strain2_reentered_before_strain1_escaped",1,0.991612421870946,0,0.00838757812905433,0.991612421870946,0.00838757812905433,0,0,NA
1.25,2.25,"yes","strain2_reentered_before_strain1_escaped",1,0.991944853558329,0,0.0080551464416706,0.991944853558329,0.0080551464416706,0,0,NA
1.25,2.3,"yes","strain2_reentered_before_strain1_escaped",1,0.992170003928752,0,0.00782999607124779,0.992170003928752,0.00782999607124779,0,0,NA
1.25,2.35,"yes","strain2_reentered_before_strain1_escaped",1,0.992303504052918,0,0.00769649594708233,0.992303504052918,0.00769649594708233,0,0,NA
1.25,2.4,"yes","strain2_reentered_before_strain1_escaped",1,0.99235652869275,0,0.00764347130725029,0.99235652869275,0.00764347130725029,0,0,NA
1.25,2.45,"yes","strain2_reentered_before_strain1_escaped",1,0.992336953691809,0,0.00766304630819115,0.992336953691809,0.00766304630819115,0,0,NA
1.25,2.5,"yes","strain2_reentered_before_strain1_escaped",1,0.992250069364657,0,0.00774993063534302,0.992250069364657,0.00774993063534302,0,0,NA
1.25,2.55,"yes","strain2_reentered_before_strain1_escaped",1,0.992099083756312,0,0.00790091624368816,0.992099083756312,0.00790091624368816,0,0,NA
1.25,2.6,"yes","strain2_reentered_before_strain1_escaped",1,0.991885627549611,0,0.0081143724503886,0.991885627549611,0.0081143724503886,0,0,NA
1.25,2.65,"yes","strain2_reentered_before_strain1_escaped",1,0.991609825304664,0,0.00839017469533554,0.991609825304664,0.00839017469533554,0,0,NA
1.25,2.7,"yes","strain2_reentered_before_strain1_escaped",1,0.991270703153671,0,0.00872929684632895,0.991270703153671,0.00872929684632895,0,0,NA
1.25,2.75,"yes","strain2_reentered_before_strain1_escaped",1,0.990866176443375,0,0.00913382355662506,0.990866176443375,0.00913382355662506,0,0,NA
1.25,2.8,"yes","strain2_reentered_before_strain1_escaped",1,0.990393196804653,0,0.00960680319534746,0.990393196804653,0.00960680319534746,0,0,NA
1.25,2.85,"yes","strain2_reentered_before_strain1_escaped",1,0.989847705237559,0,0.0101522947624413,0.989847705237559,0.0101522947624413,0,0,NA
1.25,2.9,"yes","strain2_reentered_before_strain1_escaped",1,0.989224789291598,0,0.0107752107084025,0.989224789291598,0.0107752107084025,0,0,NA
1.25,2.95,"yes","strain2_reentered_before_strain1_escaped",1,0.988518767431493,0,0.0114812325685071,0.988518767431493,0.0114812325685071,0,0,NA
1.25,3,"yes","strain2_reentered_before_strain1_escaped",1,0.987722758487372,0,0.0122772415126279,0.987722758487372,0.0122772415126279,0,0,NA
1.3,1.2,"yes","strain1_reentered_before_strain2_escaped",0.498764617057288,0.999959488235372,0.501235382942712,4.05117646280484e-05,0.498744411222517,2.02058347710235e-05,0.501215077012855,2.03059298570249e-05,NA
1.3,1.25,"yes","strain2_first_strain1_later",0.832223483370707,0.99829277224282,0.167776516629293,0.00170722775718046,0.830802688339719,0.00142079503098788,0.1674900839031,0.000286432726192578,NA
1.3,1.3,"yes","both_strains_reentered_same_step",0.604927818791302,0.604927818791302,0.395072181208698,0.395072181208698,0.365937665947602,0.2389901528437,0.2389901528437,0.156082028364998,NA
1.3,1.35,"yes","strain1_first_strain2_later",0.997810081712143,0.872474532128147,0.00218991828785742,0.127525467871853,0.87056388419455,0.127246197517593,0.00191064793359727,0.000279270354260144,NA
1.3,1.4,"yes","strain1_first_strain2_later",0.999988299264253,0.965652270809571,1.17007357471888e-05,0.0343477291904289,0.965640971967527,0.0343473272967262,1.12988420444156e-05,4.01893702773211e-07,NA
1.3,1.45,"yes","strain2_reentered_before_strain1_escaped",0.999997057604813,0.835567176224222,2.9423951869445e-06,0.164432823775778,0.835564717655385,0.164432339949428,2.45856883769096e-06,4.83826349253542e-07,NA
1.3,1.5,"yes","strain2_reentered_before_strain1_escaped",0.999999909825828,0.890456581276196,9.01741720182869e-08,0.109543418723804,0.890456500980011,0.109543408845817,8.02961849348154e-08,9.87798708347156e-09,NA
1.3,1.55,"yes","strain2_reentered_before_strain1_escaped",0.999999996191347,0.923677504495489,3.80865317062273e-09,0.0763224955045106,0.923677500977522,0.0763224952138247,3.51796725612964e-09,2.90685914493094e-10,NA
1.3,1.6,"yes","strain2_reentered_before_strain1_escaped",0.999999999787975,0.944772393478496,2.12024953150092e-10,0.0552276065215037,0.944772393278181,0.0552276065097941,2.00315322464778e-10,1.17096306853135e-11,NA
1.3,1.65,"yes","strain2_reentered_before_strain1_escaped",0.999999999984952,0.958675316059402,1.50484069649792e-11,0.0413246839405979,0.958675316044976,0.041324683939976,1.4426536303342e-11,6.21870661637258e-13,NA
1.3,1.7,"yes","strain2_reentered_before_strain1_escaped",0.999999999998674,0.968119129789184,1.32616140291475e-12,0.0318808702108163,0.9681191297879,0.031880870210774,1.28388222334983e-12,4.22791795649192e-14,NA
1.3,1.75,"yes","strain2_reentered_before_strain1_escaped",0.999999999999858,0.974700934181055,1.41997524849558e-13,0.0252990658189448,0.974700934180917,0.0252990658189412,1.38405120122261e-13,3.59240472729621e-15,NA
1.3,1.8,"yes","strain2_reentered_before_strain1_escaped",0.999999999999982,0.979391423853778,1.80966353013901e-14,0.0206085761462217,0.979391423853761,0.0206085761462213,1.7723689414791e-14,3.729458865991e-16,NA
1.3,1.85,"yes","strain2_reentered_before_strain1_escaped",0.999999999999997,0.982799030081133,2.66453525910038e-15,0.0172009699188673,0.98279903008113,0.0172009699188673,2.61870266826083e-15,4.58325908395469e-17,NA
1.3,1.9,"yes","strain2_reentered_before_strain1_escaped",1,0.985315417512295,4.44089209850063e-16,0.0146845824877054,0.985315417512294,0.0146845824877054,4.37567945216119e-16,6.52126463394317e-18,NA
1.3,1.95,"yes","strain2_reentered_before_strain1_escaped",1,0.98719837432213,1.11022302462516e-16,0.01280162567787,0.98719837432213,0.01280162567787,1.09601036504495e-16,1.42126595802039e-18,NA
1.3,2,"yes","strain2_reentered_before_strain1_escaped",1,0.988621170240113,0,0.0113788297598868,0.988621170240113,0.0113788297598868,0,0,NA
1.3,2.05,"yes","strain2_reentered_before_strain1_escaped",1,0.98970243781517,0,0.0102975621848298,0.98970243781517,0.0102975621848298,0,0,NA
1.3,2.1,"yes","strain2_reentered_before_strain1_escaped",1,0.990524668805449,0,0.00947533119455113,0.990524668805449,0.00947533119455113,0,0,NA
1.3,2.15,"yes","strain2_reentered_before_strain1_escaped",1,0.991146184753401,0,0.0088538152465989,0.991146184753401,0.0088538152465989,0,0,NA
1.3,2.2,"yes","strain2_reentered_before_strain1_escaped",1,0.991608552775056,0,0.008391447224944,0.991608552775056,0.008391447224944,0,0,NA
1.3,2.25,"yes","strain2_reentered_before_strain1_escaped",1,0.991941750857011,0,0.0080582491429888,0.991941750857011,0.0080582491429888,0,0,NA
1.3,2.3,"yes","strain2_reentered_before_strain1_escaped",1,0.992167464828344,0,0.00783253517165594,0.992167464828344,0.00783253517165594,0,0,NA
1.3,2.35,"yes","strain2_reentered_before_strain1_escaped",1,0.992301386350077,0,0.00769861364992264,0.992301386350077,0.00769861364992264,0,0,NA
1.3,2.4,"yes","strain2_reentered_before_strain1_escaped",1,0.992354732607837,0,0.00764526739216331,0.992354732607837,0.00764526739216331,0,0,NA
1.3,2.45,"yes","strain2_reentered_before_strain1_escaped",1,0.992335406333571,0,0.00766459366642935,0.992335406333571,0.00766459366642935,0,0,NA
1.3,2.5,"yes","strain2_reentered_before_strain1_escaped",1,0.992248716551833,0,0.00775128344816689,0.992248716551833,0.00775128344816689,0,0,NA
1.3,2.55,"yes","strain2_reentered_before_strain1_escaped",1,0.99209788597806,0,0.00790211402193985,0.99209788597806,0.00790211402193985,0,0,NA
1.3,2.6,"yes","strain2_reentered_before_strain1_escaped",1,0.991884554461894,0,0.00811544553810639,0.991884554461894,0.00811544553810639,0,0,NA
1.3,2.65,"yes","strain2_reentered_before_strain1_escaped",1,0.991608852029521,0,0.00839114797047946,0.991608852029521,0.00839114797047946,0,0,NA
1.3,2.7,"yes","strain2_reentered_before_strain1_escaped",1,0.991269812328988,0,0.00873018767101241,0.991269812328988,0.00873018767101241,0,0,NA
1.3,2.75,"yes","strain2_reentered_before_strain1_escaped",1,0.990865353110127,0,0.0091346468898732,0.990865353110127,0.0091346468898732,0,0,NA
1.3,2.8,"yes","strain2_reentered_before_strain1_escaped",1,0.990392428828425,0,0.00960757117157474,0.990392428828425,0.00960757117157474,0,0,NA
1.3,2.85,"yes","strain2_reentered_before_strain1_escaped",1,0.989846983647814,0,0.0101530163521859,0.989846983647814,0.0101530163521859,0,0,NA
1.3,2.9,"yes","strain2_reentered_before_strain1_escaped",1,0.989224106681923,0,0.0107758933180766,0.989224106681923,0.0107758933180766,0,0,NA
1.3,2.95,"yes","strain2_reentered_before_strain1_escaped",1,0.988518116684847,0,0.0114818833151534,0.988518116684847,0.0114818833151534,0,0,NA
1.3,3,"yes","strain2_reentered_before_strain1_escaped",1,0.98772213536963,0,0.0122778646303698,0.98772213536963,0.0122778646303698,0,0,NA
1.35,1.2,"yes","strain1_reentered_before_strain2_escaped",0.66719234235761,0.999999608629733,0.33280765764239,3.91370267416313e-07,0.667192081238364,2.61119245446614e-07,0.332807527391368,1.30251021969699e-07,NA
1.35,1.25,"yes","strain1_reentered_before_strain2_escaped",0.636739434358015,0.99991553520527,0.363260565641985,8.44647947297883e-05,0.636685652292395,5.37820656194112e-05,0.363229882912875,3.06827291103771e-05,NA
1.35,1.3,"yes","strain2_first_strain1_later",0.872474532128147,0.997810081712143,0.127525467871853,0.00218991828785742,0.87056388419455,0.00191064793359727,0.127246197517593,0.000279270354260144,NA
1.35,1.35,"yes","both_strains_reentered_same_step",0.73698817434533,0.73698817434533,0.26301182565467,0.26301182565467,0.543151569124863,0.193836605220467,0.193836605220467,0.0691752204342024,NA
1.35,1.4,"yes","strain1_first_strain2_later",0.997510294146091,0.904116000962834,0.0024897058539094,0.0958839990371663,0.901865018062623,0.0956452760834672,0.00225098290021032,0.000238722953699076,NA
1.35,1.45,"yes","strain1_first_strain2_later",0.999981075350757,0.974658136996889,1.8924649243357e-05,0.0253418630031107,0.974639691933514,0.0253413834172422,1.84450633748499e-05,4.79585868507076e-07,NA
1.35,1.5,"yes","strain2_reentered_before_strain1_escaped",0.999994232116639,0.881467764215632,5.76788336126288e-06,0.118532235784368,0.881462680012381,0.118531552104258,5.08420325070893e-06,6.83680110553948e-07,NA
1.35,1.55,"yes","strain2_reentered_before_strain1_escaped",0.999999768516775,0.920020393202311,2.3148322469968e-07,0.0799796067976889,0.920020180233024,0.0799795882837516,2.12969287407939e-07,1.85139372917415e-08,NA
1.35,1.6,"yes","strain2_reentered_before_strain1_escaped",0.999999987565869,0.943186262374958,1.24341305030029e-08,0.056813737625042,0.943186250647257,0.0568137369186126,1.17277010750098e-08,7.06429427993139e-10,NA
1.35,1.65,"yes","strain2_reentered_before_strain1_escaped",0.999999999141265,0.957933508740436,8.58734972020159e-10,0.0420664912595636,0.957933507917825,0.0420664912234397,8.22611004825391e-10,3.61239671947676e-11,NA
1.35,1.7,"yes","strain2_reentered_before_strain1_escaped",0.999999999926043,0.967746180132275,7.3957062696195e-11,0.0322538198677249,0.967746180060703,0.0322538198653395,7.15716649180458e-11,2.38539777814911e-12,NA
1.35,1.75,"yes","strain2_reentered_before_strain1_escaped",0.999999999992247,0.974500657415331,7.75346453707471e-12,0.0254993425846695,0.974500657407775,0.0254993425844718,7.55575628862575e-12,1.97708248448954e-13,NA
1.35,1.8,"yes","strain2_reentered_before_strain1_escaped",0.99999999999903,0.979277282709832,9.70001856614999e-13,0.0207227172901675,0.979277282708883,0.0207227172901474,9.49900782369429e-13,2.01010742455702e-14,NA
1.35,1.85,"yes","strain2_reentered_before_strain1_escaped",0.999999999999858,0.982730448561817,1.42330591756945e-13,0.0172695514381825,0.982730448561678,0.0172695514381801,1.39872606281372e-13,2.45798547557352e-15,NA
1.35,1.9,"yes","strain2_reentered_before_strain1_escaped",0.999999999999976,0.985272209387906,2.42028619368284e-14,0.0147277906120939,0.985272209387882,0.0147277906120936,2.38464072540094e-14,3.56454682819027e-16,NA
1.35,1.95,"yes","strain2_reentered_before_strain1_escaped",0.999999999999995,0.987169954333427,4.66293670342566e-15,0.0128300456665726,0.987169954333423,0.0128300456665726,4.60311101258037e-15,5.98256908452889e-17,NA
1.35,2,"yes","strain2_reentered_before_strain1_escaped",0.999999999999999,0.98860174266069,9.99200722162641e-16,0.0113982573393097,0.988601742660689,0.0113982573393096,9.87811575197807e-16,1.13891469648338e-17,NA
1.35,2.05,"yes","strain2_reentered_before_strain1_escaped",1,0.989688684995805,2.22044604925031e-16,0.0103113150041946,0.989688684995805,0.0103113150041946,2.19755033058667e-16,2.28957186636393e-18,NA
1.35,2.1,"yes","strain2_reentered_before_strain1_escaped",1,0.990514627498629,1.11022302462516e-16,0.00948537250137083,0.990514627498629,0.00948537250137082,1.09969214567699e-16,1.05308789481682e-18,NA
1.35,2.15,"yes","strain2_reentered_before_strain1_escaped",1,0.99113864087625,0,0.00886135912375019,0.99113864087625,0.00886135912375019,0,0,NA
1.35,2.2,"yes","strain2_reentered_before_strain1_escaped",1,0.991602732511484,0,0.00839726748851632,0.991602732511484,0.00839726748851632,0,0,NA
1.35,2.25,"yes","strain2_reentered_before_strain1_escaped",1,0.991937155452863,0,0.00806284454713724,0.991937155452863,0.00806284454713724,0,0,NA
1.35,2.3,"yes","strain2_reentered_before_strain1_escaped",1,0.992163757938763,0,0.00783624206123679,0.992163757938763,0.00783624206123679,0,0,NA
1.35,2.35,"yes","strain2_reentered_before_strain1_escaped",1,0.992298335874866,0,0.00770166412513362,0.992298335874866,0.00770166412513362,0,0,NA
1.35,2.4,"yes","strain2_reentered_before_strain1_escaped",1,0.992352177483982,0,0.00764782251601837,0.992352177483982,0.00764782251601837,0,0,NA
1.35,2.45,"yes","strain2_reentered_before_strain1_escaped",1,0.992333230549126,0,0.0076667694508743,0.992333230549126,0.0076667694508743,0,0,NA
1.35,2.5,"yes","strain2_reentered_before_strain1_escaped",1,0.992246835006993,0,0.0077531649930066,0.992246835006993,0.0077531649930066,0,0,NA
1.35,2.55,"yes","strain2_reentered_before_strain1_escaped",1,0.992096236985206,0,0.0079037630147939,0.992096236985206,0.0079037630147939,0,0,NA
1.35,2.6,"yes","strain2_reentered_before_strain1_escaped",1,0.991883091205024,0,0.00811690879497595,0.991883091205024,0.00811690879497595,0,0,NA
1.35,2.65,"yes","strain2_reentered_before_strain1_escaped",1,0.991607536900216,0,0.00839246309978403,0.991607536900216,0.00839246309978403,0,0,NA
1.35,2.7,"yes","strain2_reentered_before_strain1_escaped",1,0.99126861879722,0,0.00873138120277972,0.99126861879722,0.00873138120277972,0,0,NA
1.35,2.75,"yes","strain2_reentered_before_strain1_escaped",1,0.990864258853155,0,0.00913574114684468,0.990864258853155,0.00913574114684468,0,0,NA
1.35,2.8,"yes","strain2_reentered_before_strain1_escaped",1,0.990391415934216,0,0.00960858406578413,0.990391415934216,0.00960858406578413,0,0,NA
1.35,2.85,"yes","strain2_reentered_before_strain1_escaped",1,0.989846038777172,0,0.0101539612228279,0.989846038777172,0.0101539612228279,0,0,NA
1.35,2.9,"yes","strain2_reentered_before_strain1_escaped",1,0.989223218921138,0,0.0107767810788623,0.989223218921138,0.0107767810788623,0,0,NA
1.35,2.95,"yes","strain2_reentered_before_strain1_escaped",1,0.988517275882884,0,0.0114827241171157,0.988517275882884,0.0114827241171157,0,0,NA
1.35,3,"yes","strain2_reentered_before_strain1_escaped",1,0.987721335170772,0,0.0122786648292276,0.987721335170772,0.0122786648292276,0,0,NA
1.4,1.2,"yes","strain1_reentered_before_strain2_escaped",0.778314558800028,0.999999993890576,0.221685441199972,6.10942441081619e-09,0.778314554044974,4.75505396482652e-09,0.221685439845601,1.35437044598966e-09,NA
1.4,1.25,"yes","strain1_reentered_before_strain2_escaped",0.767317641660419,0.999998761096022,0.232682358339581,1.23890397774051e-06,0.767316691027541,9.50632878443563e-07,0.232682070068481,2.8827109929695e-07,NA
1.4,1.3,"yes","strain2_first_strain1_later",0.965652270809571,0.999988299264253,0.0343477291904289,1.17007357471888e-05,0.965640971967527,1.12988420444156e-05,0.0343473272967262,4.01893702773211e-07,NA
1.4,1.35,"yes","strain2_first_strain1_later",0.904116000962834,0.997510294146091,0.0958839990371663,0.0024897058539094,0.901865018062623,0.00225098290021032,0.0956452760834672,0.000238722953699076,NA
1.4,1.4,"yes","both_strains_reentered_same_step",0.826179785194365,0.826179785194365,0.173820214805635,0.173820214805635,0.682573037463808,0.143606747730558,0.143606747730558,0.030213467075077,NA
1.4,1.45,"yes","strain1_first_strain2_later",0.997389198563128,0.928218584061902,0.00261080143687198,0.0717814159380983,0.925795189648902,0.0715940089142264,0.00242339441300009,0.000187407023871892,NA
1.4,1.5,"yes","strain1_first_strain2_later",0.999971250309885,0.980042306881953,2.87496901149042e-05,0.0199576931180466,0.980014130969331,0.0199571193405541,2.8175912622352e-05,5.73777492552198e-07,NA
1.4,1.55,"yes","strain2_reentered_before_strain1_escaped",0.999990113758495,0.91250825269511,9.88624150544126e-06,0.08749174730489,0.912499231418148,0.0874908823403464,9.02127696185208e-06,8.64964543589182e-07,NA
1.4,1.6,"yes","strain2_reentered_before_strain1_escaped",0.999999496997574,0.939925342583523,5.03002426155419e-07,0.0600746574164773,0.939924869798795,0.0600746271987789,4.72784727724475e-07,3.02176984309437e-08,NA
1.4,1.65,"yes","strain2_reentered_before_strain1_escaped",0.999999966626247,0.956449679164015,3.33737529834011e-08,0.0435503208359852,0.9564496472437,0.0435503193825476,3.1920315333473e-08,1.45343764992803e-09,NA
1.4,1.7,"yes","strain2_reentered_before_strain1_escaped",0.999999997212671,0.967024950954776,2.78732936731529e-09,0.0329750490452235,0.967024948259359,0.0329750489533112,2.69541704472288e-09,9.19123225924137e-11,NA
1.4,1.75,"yes","strain2_reentered_before_strain1_escaped",0.99999999971509,0.974126254535891,2.84910206538314e-10,0.0258737454641091,0.974126254258352,0.0258737454567375,2.77538512374214e-10,7.37169416409909e-12,NA
1.4,1.8,"yes","strain2_reentered_before_strain1_escaped",0.999999999965142,0.979070658448899,3.48584494602733e-11,0.0209293415511015,0.97907065841477,0.0209293415503719,3.41288850655774e-11,7.29564394695869e-13,NA
1.4,1.85,"yes","strain2_reentered_before_strain1_escaped",0.999999999994987,0.982609940180239,5.01265695618258e-12,0.0173900598197606,0.982609940175314,0.0173900598196734,4.92548655185863e-12,8.71704043239542e-14,NA
1.4,1.9,"yes","strain2_reentered_before_strain1_escaped",0.999999999999166,0.985198336879844,8.33999536098418e-13,0.0148016631201564,0.985198336879022,0.0148016631201441,8.21654955922722e-13,1.23445801756955e-14,NA
1.4,1.95,"yes","strain2_reentered_before_strain1_escaped",0.999999999999841,0.987122575292166,1.58539847916472e-13,0.0128774247078344,0.987122575292009,0.0128774247078323,1.56498262961736e-13,2.04158495473588e-15,NA
1.4,2,"yes","strain2_reentered_before_strain1_escaped",0.999999999999966,0.988570096911513,3.39728245535298e-14,0.0114299030884867,0.98857009691148,0.0114299030884863,3.35845184612408e-14,3.88306092289006e-16,NA
1.4,2.05,"yes","strain2_reentered_before_strain1_escaped",0.999999999999992,0.989666755987059,8.21565038222616e-15,0.0103332440129408,0.989666755987051,0.0103332440129407,8.1307560621016e-15,8.48943201245531e-17,NA
1.4,2.1,"yes","strain2_reentered_before_strain1_escaped",0.999999999999998,0.990498927054636,2.22044604925031e-15,0.00950107294536406,0.990498927054634,0.00950107294536404,2.19934942936514e-15,2.10966198851727e-17,NA
1.4,2.15,"yes","strain2_reentered_before_strain1_escaped",0.999999999999999,0.991127056824572,5.55111512312578e-16,0.00887294317542831,0.991127056824571,0.0088729431754283,5.50186039407803e-16,4.92547290477558e-18,NA
1.4,2.2,"yes","strain2_reentered_before_strain1_escaped",1,0.991593944200781,2.22044604925031e-16,0.00840605579921927,0.991593944200781,0.00840605579921927,2.20178085586116e-16,1.86651933891541e-18,NA
1.4,2.25,"yes","strain2_reentered_before_strain1_escaped",1,0.991930323565517,0,0.00806967643448275,0.991930323565517,0.00806967643448275,0,0,NA
1.4,2.3,"yes","strain2_reentered_before_strain1_escaped",1,0.992158325903164,0,0.00784167409683589,0.992158325903164,0.00784167409683589,0,0,NA
1.4,2.35,"yes","strain2_reentered_before_strain1_escaped",1,0.992293925524517,0,0.00770607447548255,0.992293925524517,0.00770607447548255,0,0,NA
1.4,2.4,"yes","strain2_reentered_before_strain1_escaped",1,0.992348529332327,0,0.00765147066767347,0.992348529332327,0.00765147066767347,0,0,NA
1.4,2.45,"yes","strain2_reentered_before_strain1_escaped",1,0.992330160224843,0,0.00766983977515734,0.992330160224843,0.00766983977515734,0,0,NA
1.4,2.5,"yes","strain2_reentered_before_strain1_escaped",1,0.992244208986466,0,0.0077557910135343,0.992244208986466,0.0077557910135343,0,0,NA
1.4,2.55,"yes","strain2_reentered_before_strain1_escaped",1,0.992093959112912,0,0.00790604088708835,0.992093959112912,0.00790604088708835,0,0,NA
1.4,2.6,"yes","strain2_reentered_before_strain1_escaped",1,0.991881089340229,0,0.00811891065977099,0.991881089340229,0.00811891065977099,0,0,NA
1.4,2.65,"yes","strain2_reentered_before_strain1_escaped",1,0.991605754151647,0,0.00839424584835324,0.991605754151647,0.00839424584835324,0,0,NA
1.4,2.7,"yes","strain2_reentered_before_strain1_escaped",1,0.991267014729829,0,0.00873298527017052,0.991267014729829,0.00873298527017052,0,0,NA
1.4,2.75,"yes","strain2_reentered_before_strain1_escaped",1,0.990862800141628,0,0.00913719985837214,0.990862800141628,0.00913719985837214,0,0,NA
1.4,2.8,"yes","strain2_reentered_before_strain1_escaped",1,0.990390076113916,0,0.00960992388608395,0.990390076113916,0.00960992388608395,0,0,NA
1.4,2.85,"yes","strain2_reentered_before_strain1_escaped",1,0.989844798032549,0,0.0101552019674512,0.989844798032549,0.0101552019674512,0,0,NA
1.4,2.9,"yes","strain2_reentered_before_strain1_escaped",1,0.989222061187785,0,0.0107779388122153,0.989222061187785,0.0107779388122153,0,0,NA
1.4,2.95,"yes","strain2_reentered_before_strain1_escaped",1,0.988516186637536,0,0.011483813362464,0.988516186637536,0.011483813362464,0,0,NA
1.4,3,"yes","strain2_reentered_before_strain1_escaped",1,0.98772030493169,0,0.0122796950683104,0.98772030493169,0.0122796950683104,0,0,NA
1.45,1.2,"yes","strain1_reentered_before_strain2_escaped",0.849966884533101,0.999999999858055,0.150033115466899,1.4194490027819e-10,0.849966884412453,1.20648464664815e-10,0.150033115445602,2.12964356133751e-11,NA
1.45,1.25,"yes","strain1_reentered_before_strain2_escaped",0.845871638609216,0.999999972176242,0.154128361390784,2.78237580753071e-08,0.845871615073888,2.35353278354264e-08,0.154128357102354,4.28843023988068e-09,NA
1.45,1.3,"yes","strain1_reentered_before_strain2_escaped",0.835567176224222,0.999997057604813,0.164432823775778,2.9423951869445e-06,0.835564717655385,2.45856883769096e-06,0.164432339949428,4.83826349253542e-07,NA
1.45,1.35,"yes","strain2_first_strain1_later",0.974658136996889,0.999981075350757,0.0253418630031107,1.8924649243357e-05,0.974639691933514,1.84450633748499e-05,0.0253413834172422,4.79585868507076e-07,NA
1.45,1.4,"yes","strain2_first_strain1_later",0.928218584061902,0.997389198563128,0.0717814159380983,0.00261080143687198,0.925795189648902,0.00242339441300009,0.0715940089142264,0.000187407023871892,NA
1.45,1.45,"yes","both_strains_reentered_same_step",0.883757225398098,0.883757225398098,0.116242774601902,0.116242774601902,0.781026833443345,0.102730391954753,0.102730391954753,0.0135123826471485,NA
1.45,1.5,"yes","strain1_first_strain2_later",0.997401498846323,0.94608661189736,0.00259850115367666,0.0539133881026403,0.943628204744866,0.053773294101457,0.00245840715249333,0.000140094001183328,NA
1.45,1.55,"yes","strain1_first_strain2_later",0.999959251687631,0.983774341302284,4.07483123687769e-05,0.0162256586977161,0.983734254158124,0.0162249975295071,4.00871441597732e-05,6.61168209003696e-07,NA
1.45,1.6,"yes","strain1_first_strain2_later",0.99999893213822,0.99359876955112,1.06786178033502e-06,0.00640123044888019,0.993597708524969,0.00640122361325085,1.06102615099155e-06,6.83562934347595e-09,NA
1.45,1.65,"yes","strain2_reentered_before_strain1_escaped",0.999999033686435,0.953597185355481,9.66313564942922e-07,0.0464028146445191,0.953596263881585,0.0464027698048499,9.21473895700391e-07,4.48396692425309e-08,NA
1.45,1.7,"yes","strain2_reentered_before_strain1_escaped",0.999999922668792,0.965658113144125,7.7331208214737e-08,0.0343418868558754,0.965658038468616,0.0343418842001758,7.46755086117984e-08,2.65569960293864e-09,NA
1.45,1.75,"yes","strain2_reentered_before_strain1_escaped",0.999999992353555,0.973434135385024,7.64644514372748e-09,0.0265658646149765,0.973434127941713,0.026565864411842,7.44331071725337e-09,2.03134426474108e-10,NA
1.45,1.8,"yes","strain2_reentered_before_strain1_escaped",0.999999999089499,0.978698994957185,9.10501452011658e-10,0.0213010050428154,0.978698994066078,0.0213010050234208,8.91106855990867e-10,1.93945960207911e-11,NA
1.45,1.85,"yes","strain2_reentered_before_strain1_escaped",0.999999999872097,0.98239891881148,1.27902688440429e-10,0.0176010811885203,0.982398918685828,0.0176010811862691,1.25651462836959e-10,2.25122560347001e-12,NA
1.45,1.9,"yes","strain2_reentered_before_strain1_escaped",0.999999999979158,0.985072228214454,2.08422168412881e-11,0.0149277717855459,0.985072228193923,0.0149277717852348,2.05310889847765e-11,3.1112785651161e-13,NA
1.45,1.95,"yes","strain2_reentered_before_strain1_escaped",0.999999999996116,0.987043610782105,3.88422627395357e-12,0.0129563892178948,0.987043610778271,0.0129563892178444,3.83390072653786e-12,5.03255474157156e-14,NA
1.45,2,"yes","strain2_reentered_before_strain1_escaped",0.999999999999182,0.988518516303693,8.1779027993889e-13,0.0114814836963074,0.988518516302884,0.011481483696298,8.08400834172773e-13,9.38944576611705e-15,NA
1.45,2.05,"yes","strain2_reentered_before_strain1_escaped",0.999999999999808,0.989631745505591,1.9240165016754e-13,0.0103682544944087,0.989631745505401,0.0103682544944067,1.90406780893458e-13,1.99486927408124e-15,NA
1.45,2.1,"yes","strain2_reentered_before_strain1_escaped",0.99999999999995,0.990474335502519,5.01820807130571e-14,0.0095256644974806,0.99047433550247,0.00952566449748012,4.9704063048399e-14,4.78017664658074e-16,NA
1.45,2.15,"yes","strain2_reentered_before_strain1_escaped",0.999999999999986,0.991109232154926,1.43218770176645e-14,0.00889076784507448,0.991109232154911,0.00889076784507435,1.41945445339948e-14,1.27332483669763e-16,NA
1.45,2.2,"yes","strain2_reentered_before_strain1_escaped",0.999999999999995,0.991580643852468,4.55191440096314e-15,0.00841935614753186,0.991580643852464,0.00841935614753183,4.51359021246835e-15,3.83241884947879e-17,NA
1.45,2.25,"yes","strain2_reentered_before_strain1_escaped",0.999999999999998,0.991920141824847,1.55431223447522e-15,0.00807985817515255,0.991920141824846,0.00807985817515254,1.54175361206075e-15,1.25586224144642e-17,NA
1.45,2.3,"yes","strain2_reentered_before_strain1_escaped",0.999999999999999,0.992150345478748,5.55111512312578e-16,0.00784965452125175,0.992150345478748,0.00784965452125174,5.50754078720155e-16,4.35743359242333e-18,NA
1.45,2.35,"yes","strain2_reentered_before_strain1_escaped",1,0.992287532344148,2.22044604925031e-16,0.00771246765585165,0.992287532344148,0.00771246765585165,2.20332093091391e-16,1.71251183364066e-18,NA
1.45,2.4,"yes","strain2_reentered_before_strain1_escaped",1,0.992343306735176,1.11022302462516e-16,0.00765669326482354,0.992343306735176,0.00765669326482354,1.10172238747006e-16,8.50063715509946e-19,NA
1.45,2.45,"yes","strain2_reentered_before_strain1_escaped",1,0.992325816027528,0,0.0076741839724721,0.992325816027528,0.0076741839724721,0,0,NA
1.45,2.5,"yes","strain2_reentered_before_strain1_escaped",1,0.992240534173565,0,0.00775946582643527,0.992240534173565,0.00775946582643527,0,0,NA
1.45,2.55,"yes","strain2_reentered_before_strain1_escaped",1,0.992090804230235,0,0.0079091957697649,0.992090804230235,0.0079091957697649,0,0,NA
1.45,2.6,"yes","strain2_reentered_before_strain1_escaped",1,0.991878343483665,0,0.00812165651633523,0.991878343483665,0.00812165651633523,0,0,NA
1.45,2.65,"yes","strain2_reentered_before_strain1_escaped",1,0.991603331324754,0,0.0083966686752458,0.991603331324754,0.0083966686752458,0,0,NA
1.45,2.7,"yes","strain2_reentered_before_strain1_escaped",1,0.991264853494959,0,0.00873514650504104,0.991264853494959,0.00873514650504104,0,0,NA
1.45,2.75,"yes","strain2_reentered_before_strain1_escaped",1,0.990860850802286,0,0.00913914919771419,0.990860850802286,0.00913914919771419,0,0,NA
1.45,2.8,"yes","strain2_reentered_before_strain1_escaped",1,0.99038829958141,0,0.0096117004185905,0.99038829958141,0.0096117004185905,0,0,NA
1.45,2.85,"yes","strain2_reentered_before_strain1_escaped",1,0.989843164941264,0,0.0101568350587364,0.989843164941264,0.0101568350587364,0,0,NA
1.45,2.9,"yes","strain2_reentered_before_strain1_escaped",1,0.989220547924971,0,0.0107794520750293,0.989220547924971,0.0107794520750293,0,0,NA
1.45,2.95,"yes","strain2_reentered_before_strain1_escaped",1,0.988514772387933,0,0.0114852276120666,0.988514772387933,0.0114852276120666,0,0,NA
1.45,3,"yes","strain2_reentered_before_strain1_escaped",1,0.987718975637356,0,0.0122810243626444,0.987718975637356,0.0122810243626444,0,0,NA
1.5,1.2,"yes","strain1_reentered_before_strain2_escaped",0.896085491025332,0.999999999995352,0.103914508974668,4.64761562568583e-12,0.896085491021167,4.16466093003969e-12,0.103914508974186,4.8295469564614e-13,NA
1.5,1.25,"yes","strain1_reentered_before_strain2_escaped",0.894429236524403,0.999999999108651,0.105570763475597,8.9134943870306e-10,0.894429235727153,7.97248997935632e-10,0.105570763381497,9.41004407674273e-11,NA
1.5,1.3,"yes","strain1_reentered_before_strain2_escaped",0.890456581276196,0.999999909825828,0.109543418723804,9.01741720182869e-08,0.890456500980011,8.02961849348154e-08,0.109543408845817,9.87798708347156e-09,NA
1.5,1.35,"yes","strain1_reentered_before_strain2_escaped",0.881467764215632,0.999994232116639,0.118532235784368,5.76788336126288e-06,0.881462680012381,5.08420325070893e-06,0.118531552104258,6.83680110553948e-07,NA
1.5,1.4,"yes","strain2_first_strain1_later",0.980042306881953,0.999971250309885,0.0199576931180466,2.87496901149042e-05,0.980014130969331,2.8175912622352e-05,0.0199571193405541,5.73777492552198e-07,NA
1.5,1.45,"yes","strain2_first_strain1_later",0.94608661189736,0.997401498846323,0.0539133881026403,0.00259850115367666,0.943628204744866,0.00245840715249333,0.053773294101457,0.000140094001183328,NA
1.5,1.5,"yes","both_strains_reentered_same_step",0.92052183561907,0.92052183561907,0.0794781643809297,0.0794781643809297,0.847360449851503,0.0731613857675676,0.0731613857675676,0.00631677861336208,NA
1.5,1.55,"yes","strain1_first_strain2_later",0.997496233559175,0.959123897750257,0.00250376644082539,0.0408761022497428,0.956722475522476,0.0407737580366982,0.00240142222778074,0.000102344213044653,NA
1.5,1.6,"yes","strain1_first_strain2_later",0.999945569386938,0.986533611247949,5.44306130622063e-05,0.0134663887520508,0.986479913618683,0.0134656557682552,5.36976292666982e-05,7.32983795508122e-07,NA
1.5,1.65,"yes","strain1_first_strain2_later",0.999998273994004,0.994704271926541,1.72600599601669e-06,0.00529572807345902,0.994702555061003,0.00529571893300061,1.71686553760862e-06,9.14045840806417e-09,NA
1.5,1.7,"yes","strain2_reentered_before_strain1_escaped",0.999998309316237,0.963190694924468,1.69068376276726e-06,0.0368093050755318,0.9631890664736,0.0368092428426374,1.62845086835732e-06,6.22328944099483e-08,NA
1.5,1.75,"yes","strain2_reentered_before_strain1_escaped",0.999999839980646,0.972186571168853,1.60019354433771e-07,0.0278134288311472,0.972186415600185,0.0278134243804603,1.55568667507622e-07,4.45068692614982e-09,NA
1.5,1.8,"yes","strain2_reentered_before_strain1_escaped",0.999999981597034,0.978040143408428,1.84029661509655e-08,0.0219598565915717,0.978040125409589,0.0219598561874452,1.79988396534307e-08,4.04126497534751e-10,NA
1.5,1.85,"yes","strain2_reentered_before_strain1_escaped",0.999999997487273,0.982032696764682,2.51272747053832e-09,0.0179673032353176,0.982032694297102,0.0179673031901707,2.46758053412745e-09,4.51469364108746e-11,NA
1.5,1.9,"yes","strain2_reentered_before_strain1_escaped",0.999999999600346,0.984858142330741,3.99653532490163e-10,0.0151418576692594,0.984858141937139,0.0151418576632079,3.9360203558418e-10,6.05149690598276e-12,NA
1.5,1.95,"yes","strain2_reentered_before_strain1_escaped",0.9999999999271,0.986912460057868,7.28999083321469e-11,0.0130875399421315,0.986912459985923,0.0130875399411774,7.19458278700722e-11,9.54080462074699e-13,NA
1.5,2,"yes","strain2_reentered_before_strain1_escaped",0.999999999984948,0.98843461074492,1.50516266117506e-11,0.0115653892550796,0.988434610730043,0.0115653892549055,1.48775486910636e-11,1.7407792068701e-13,NA
1.5,2.05,"yes","strain2_reentered_before_strain1_escaped",0.999999999996522,0.989575902905862,3.47821771384815e-12,0.0104240970941383,0.98957590290242,0.010424097094102,3.44196043468445e-12,3.62572791637048e-14,NA
1.5,2.1,"yes","strain2_reentered_before_strain1_escaped",0.999999999999109,0.990435824579477,8.90731932656763e-13,0.00956417542052279,0.990435824578595,0.00956417542051427,8.82212816200172e-13,8.51911645659058e-15,NA
1.5,2.15,"yes","strain2_reentered_before_strain1_escaped",0.999999999999749,0.991081793987782,2.50577336657898e-13,0.00891820601221849,0.991081793987533,0.00891820601221625,2.4834263634759e-13,2.23470031030816e-15,NA
1.5,2.2,"yes","strain2_reentered_before_strain1_escaped",0.999999999999923,0.991560498383146,7.69384556065233e-14,0.00843950161685425,0.991560498383069,0.0084395016168536,7.62891333860338e-14,6.49322220489523e-16,NA
1.5,2.25,"yes","strain2_reentered_before_strain1_escaped",0.999999999999974,0.991904950353153,2.55351295663786e-14,0.00809504964684704,0.991904950353128,0.00809504964684683,2.53284214248001e-14,2.06708141578507e-16,NA
1.5,2.3,"yes","strain2_reentered_before_strain1_escaped",0.999999999999991,0.992138604866913,9.10382880192628e-15,0.00786139513308748,0.992138604866904,0.00786139513308741,9.03226000649036e-15,7.15687954359249e-17,NA
1.5,2.35,"yes","strain2_reentered_before_strain1_escaped",0.999999999999997,0.992278250379163,3.44169137633799e-15,0.00772174962083694,0.99227825037916,0.00772174962083691,3.41511549725771e-15,2.65758790802756e-17,NA
1.5,2.4,"yes","strain2_reentered_before_strain1_escaped",0.999999999999999,0.992335817512309,1.4432899320127e-15,0.00766418248769074,0.992335817512308,0.00766418248769073,1.43222829459111e-15,1.10616374215921e-17,NA
1.5,2.45,"yes","strain2_reentered_before_strain1_escaped",0.999999999999999,0.992319658413219,5.55111512312578e-16,0.00768034158678121,0.992319658413218,0.00768034158678121,5.50848066279263e-16,4.26344603331531e-18,NA
1.5,2.5,"yes","strain2_reentered_before_strain1_escaped",1,0.992235382143361,2.22044604925031e-16,0.00776461785663896,0.992235382143361,0.00776461785663895,2.2032051342066e-16,1.72409150437124e-18,NA
1.5,2.55,"yes","strain2_reentered_before_strain1_escaped",1,0.992086426365639,1.11022302462516e-16,0.0079135736343614,0.992086426365638,0.0079135736343614,1.10143719296922e-16,8.78583165593461e-19,NA
1.5,2.6,"yes","strain2_reentered_before_strain1_escaped",1,0.991874569879977,0,0.00812543012002342,0.991874569879977,0.00812543012002342,0,0,NA
1.5,2.65,"yes","strain2_reentered_before_strain1_escaped",1,0.991600032233452,0,0.00839996776654772,0.991600032233452,0.00839996776654772,0,0,NA
1.5,2.7,"yes","strain2_reentered_before_strain1_escaped",1,0.991261935932401,0,0.00873806406759903,0.991261935932401,0.00873806406759903,0,0,NA
1.5,2.75,"yes","strain2_reentered_before_strain1_escaped",1,0.990858240806884,0,0.00914175919311644,0.990858240806884,0.00914175919311644,0,0,NA
1.5,2.8,"yes","strain2_reentered_before_strain1_escaped",1,0.990385939495737,0,0.00961406050426328,0.990385939495737,0.00961406050426328,0,0,NA
1.5,2.85,"yes","strain2_reentered_before_strain1_escaped",1,0.989841011382432,0,0.0101589886175684,0.989841011382432,0.0101589886175684,0,0,NA
1.5,2.9,"yes","strain2_reentered_before_strain1_escaped",1,0.989218566278504,0,0.0107814337214963,0.989218566278504,0.0107814337214963,0,0,NA
1.5,2.95,"yes","strain2_reentered_before_strain1_escaped",1,0.988512932804637,0,0.0114870671953631,0.988512932804637,0.0114870671953631,0,0,NA
1.5,3,"yes","strain2_reentered_before_strain1_escaped",1,0.987717257405272,0,0.0122827425947283,0.987717257405272,0.0122827425947283,0,0,NA
1.55,1.2,"yes","strain1_reentered_before_strain2_escaped",0.926061251558498,0.999999999999794,0.0739387484415022,2.05835348765504e-13,0.926061251558307,1.90616140692763e-13,0.0739387484414869,1.52192080727415e-14,NA
1.55,1.25,"yes","strain1_reentered_before_strain2_escaped",0.925330944750976,0.999999999961221,0.0746690552490238,3.8779202071737e-11,0.925330944715093,3.58835956897294e-11,0.0746690552461282,2.89560638200759e-12,NA
1.55,1.3,"yes","strain1_reentered_before_strain2_escaped",0.923677504495489,0.999999996191347,0.0763224955045106,3.80865317062273e-09,0.923677500977522,3.51796725612964e-09,0.0763224952138247,2.90685914493094e-10,NA
1.55,1.35,"yes","strain1_reentered_before_strain2_escaped",0.920020393202311,0.999999768516775,0.0799796067976889,2.3148322469968e-07,0.920020180233024,2.12969287407939e-07,0.0799795882837516,1.85139372917415e-08,NA
1.55,1.4,"yes","strain1_reentered_before_strain2_escaped",0.91250825269511,0.999990113758495,0.08749174730489,9.88624150544126e-06,0.912499231418148,9.02127696185208e-06,0.0874908823403464,8.64964543589182e-07,NA
1.55,1.45,"yes","strain2_first_strain1_later",0.983774341302284,0.999959251687631,0.0162256586977161,4.07483123687769e-05,0.983734254158124,4.00871441597732e-05,0.0162249975295071,6.61168209003696e-07,NA
1.55,1.5,"yes","strain2_first_strain1_later",0.959123897750257,0.997496233559175,0.0408761022497428,0.00250376644082539,0.956722475522476,0.00240142222778074,0.0407737580366982,0.000102344213044653,NA
1.55,1.55,"yes","both_strains_reentered_same_step",0.944166327398249,0.944166327398249,0.0558336726017512,0.0558336726017512,0.891450053792697,0.0527162736055517,0.0527162736055517,0.00311739899619954,NA
1.55,1.6,"yes","strain1_first_strain2_later",0.997632427894823,0.968578614754863,0.00236757210517724,0.0314213852451368,0.966285435044898,0.0313469928499244,0.00229317970996483,7.43923952124137e-05,NA
1.55,1.65,"yes","strain1_first_strain2_later",0.999930690710241,0.988643113012401,6.9309289759123e-05,0.0113568869875986,0.988574590860413,0.0113560998498276,6.85221519881379e-05,7.87137770985086e-07,NA
1.55,1.7,"yes","strain1_first_strain2_later",0.999997327213625,0.995433951332224,2.6727863754461e-06,0.00456604866777577,0.995431290749921,0.0045660364637031,2.66058230277725e-06,1.22040726688549e-08,NA
1.55,1.75,"yes","strain1_first_strain2_later",0.999999836637572,0.997588171043494,1.6336242847359e-07,0.00241182895650582,0.997588008075068,0.00241182856250359,1.62968426238192e-07,3.94002235397716e-10,NA
1.55,1.8,"yes","strain2_reentered_before_strain1_escaped",0.999999697035166,0.976907058351659,3.02964833776009e-07,0.0230929416483412,0.976906762383174,0.023092934651992,2.95968484548121e-07,6.99634922788877e-09,NA
1.55,1.85,"yes","strain2_reentered_before_strain1_escaped",0.999999960078075,0.981408372122908,3.99219245439397e-08,0.0185916278770916,0.981408332943197,0.018591627134878,3.91797109786815e-08,7.42213565258256e-10,NA
1.55,1.9,"yes","strain2_reentered_before_strain1_escaped",0.999999993833277,0.984498895378103,6.1667232431617e-09,0.0155011046218969,0.984498889306971,0.0155011045263059,6.07113222099517e-09,9.55910221665329e-11,NA
1.55,1.95,"yes","strain2_reentered_before_strain1_escaped",0.999999998902708,0.986696259797919,1.09729192399044e-09,0.0133037402020809,0.986696258715225,0.0133037401874828,1.08269383730783e-09,1.45980866826103e-11,NA
1.55,2,"yes","strain2_reentered_before_strain1_escaped",0.999999999778322,0.988298814263663,2.21677787237695e-10,0.0117011857363373,0.988298814044579,0.0117011857337434,2.19083894275607e-10,2.59389296208853e-12,NA
1.55,2.05,"yes","strain2_reentered_before_strain1_escaped",0.999999999949769,0.989487137570849,5.02311525707455e-11,0.0105128624291508,0.989487137521146,0.0105128624286228,4.97030793741116e-11,5.28073196633934e-13,NA
1.55,2.1,"yes","strain2_reentered_before_strain1_escaped",0.999999999987366,0.99037565043881,1.26338939310244e-11,0.00962434956118963,0.990375650426298,0.00962434956106803,1.25123009195133e-11,1.21593011511171e-13,NA
1.55,2.15,"yes","strain2_reentered_before_strain1_escaped",0.999999999996505,0.991039614798095,3.49531514842738e-12,0.00896038520190534,0.991039614794631,0.00896038520187402,3.46399577829542e-12,3.13193701319643e-14,NA
1.55,2.2,"yes","strain2_reentered_before_strain1_escaped",0.999999999998945,0.991530006373574,1.05515596260375e-12,0.0084699936264262,0.991530006372528,0.00846999362641726,1.04621879832561e-12,8.93716427813935e-15,NA
1.55,2.25,"yes","strain2_reentered_before_strain1_escaped",0.999999999999655,0.991882288671206,3.45279360658424e-13,0.00811771132879402,0.991882288670863,0.00811771132879122,3.42476482480808e-13,2.80287817761564e-15,NA
1.55,2.3,"yes","strain2_reentered_before_strain1_escaped",0.999999999999878,0.992121328976434,1.21569421196455e-13,0.00787867102356599,0.992121328976313,0.00787867102356503,1.20611615720322e-13,9.57805476132196e-16,NA
1.55,2.35,"yes","strain2_reentered_before_strain1_escaped",0.999999999999954,0.992264767592885,4.5852210917019e-14,0.00773523240711482,0.99226476759284,0.00773523240711447,4.54975334091958e-14,3.54677507823189e-16,NA
1.55,2.4,"yes","strain2_reentered_before_strain1_escaped",0.999999999999982,0.992325070027157,1.83186799063151e-14,0.00767492997284303,0.992325070027139,0.00767492997284288,1.81780853208392e-14,1.40594585475895e-16,NA
1.55,2.45,"yes","strain2_reentered_before_strain1_escaped",0.999999999999992,0.992310922346298,7.7715611723761e-15,0.00768907765370208,0.99231092234629,0.00768907765370202,7.7118050350312e-15,5.97561373448958e-17,NA
1.55,2.5,"yes","strain2_reentered_before_strain1_escaped",0.999999999999997,0.992228151387131,3.44169137633799e-15,0.0077718486128685,0.992228151387128,0.00777184861286848,3.41494307198887e-15,2.67483043491139e-17,NA
1.55,2.55,"yes","strain2_reentered_before_strain1_escaped",0.999999999999998,0.992080344294811,1.66533453693773e-15,0.00791965570518893,0.992080344294809,0.00791965570518892,1.65214566077123e-15,1.31888761665071e-17,NA
1.55,2.6,"yes","strain2_reentered_before_strain1_escaped",0.999999999999999,0.991869377313403,7.7715611723761e-16,0.00813062268659726,0.991869377313402,0.00813062268659725,7.7083735407977e-16,6.31876315783994e-18,NA
1.55,2.65,"yes","strain2_reentered_before_strain1_escaped",1,0.991595534019386,4.44089209850063e-16,0.00840446598061362,0.991595534019386,0.00840446598061361,4.4035687719352e-16,3.73233265654243e-18,NA
1.55,2.7,"yes","strain2_reentered_before_strain1_escaped",1,0.991257991975854,2.22044604925031e-16,0.00874200802414615,0.991257991975854,0.00874200802414615,2.20103489207058e-16,1.94111571797299e-18,NA
1.55,2.75,"yes","strain2_reentered_before_strain1_escaped",1,0.990854741359177,1.11022302462516e-16,0.00914525864082272,0.990854741359177,0.00914525864082272,1.10006974791596e-16,1.01532767091935e-18,NA
1.55,2.8,"yes","strain2_reentered_before_strain1_escaped",1,0.990382799731552,0,0.00961720026844759,0.990382799731552,0.00961720026844759,0,0,NA
1.55,2.85,"yes","strain2_reentered_before_strain1_escaped",1,0.989838167427607,0,0.010161832572393,0.989838167427607,0.010161832572393,0,0,NA
1.55,2.9,"yes","strain2_reentered_before_strain1_escaped",1,0.989215967565227,0,0.0107840324347733,0.989215967565227,0.0107840324347733,0,0,NA
1.55,2.95,"yes","strain2_reentered_before_strain1_escaped",1,0.988510536558232,0,0.0114894634417685,0.988510536558232,0.0114894634417685,0,0,NA
1.55,3,"yes","strain2_reentered_before_strain1_escaped",1,0.987715033285832,0,0.012284966714168,0.987715033285832,0.012284966714168,0,0,NA
1.6,1.2,"yes","strain1_reentered_before_strain2_escaped",0.945869042130764,0.999999999999988,0.0541309578692363,1.18793863634892e-14,0.945869042130753,1.12363438007348e-14,0.0541309578692356,6.43042562754412e-16,NA
1.6,1.25,"yes","strain1_reentered_before_strain2_escaped",0.94552001379418,0.999999999997791,0.05447998620582,2.20901075209667e-12,0.945520013792091,2.08866387679394e-12,0.0544799862056996,1.20346875302735e-13,NA
1.6,1.3,"yes","strain1_reentered_before_strain2_escaped",0.944772393478496,0.999999999787975,0.0552276065215037,2.12024953150092e-10,0.944772393278181,2.00315322464778e-10,0.0552276065097941,1.17096306853135e-11,NA
1.6,1.35,"yes","strain1_reentered_before_strain2_escaped",0.943186262374958,0.999999987565869,0.056813737625042,1.24341305030029e-08,0.943186250647257,1.17277010750098e-08,0.0568137369186126,7.06429427993139e-10,NA
1.6,1.4,"yes","strain1_reentered_before_strain2_escaped",0.939925342583523,0.999999496997574,0.0600746574164773,5.03002426155419e-07,0.939924869798795,4.72784727724475e-07,0.0600746271987789,3.02176984309437e-08,NA
1.6,1.45,"yes","strain2_first_strain1_later",0.99359876955112,0.99999893213822,0.00640123044888019,1.06786178033502e-06,0.993597708524969,1.06102615099155e-06,0.00640122361325085,6.83562934347595e-09,NA
1.6,1.5,"yes","strain2_first_strain1_later",0.986533611247949,0.999945569386938,0.0134663887520508,5.44306130622063e-05,0.986479913618683,5.36976292666982e-05,0.0134656557682552,7.32983795508122e-07,NA
1.6,1.55,"yes","strain2_first_strain1_later",0.968578614754863,0.997632427894823,0.0314213852451368,0.00236757210517724,0.966285435044898,0.00229317970996483,0.0313469928499244,7.43923952124137e-05,NA
1.6,1.6,"yes","both_strains_reentered_same_step",0.95962296736066,0.95962296736066,0.0403770326393402,0.0403770326393402,0.920876239486078,0.0387467278745819,0.0387467278745819,0.00163030476475835,NA
1.6,1.65,"yes","strain1_first_strain2_later",0.997782219522845,0.975442153900447,0.00221778047715537,0.0245578460995529,0.973278837334932,0.0245033821879123,0.0021633165655148,5.44639116405747e-05,NA
1.6,1.7,"yes","strain1_first_strain2_later",0.999915012193884,0.990286310886171,8.49878061159881e-05,0.00971368911382897,0.990202148625182,0.0097128635687019,8.4162260988911e-05,8.25545127077081e-07,NA
1.6,1.75,"yes","strain1_first_strain2_later",0.999996031424494,0.995951166968289,3.96857550577501e-06,0.004048833031711,0.995947214460883,0.0040488169636114,3.95250740617839e-06,1.6068099596621e-08,NA
1.6,1.8,"yes","strain1_first_strain2_later",0.999999728585479,0.997901262506392,2.71414520636171e-07,0.00209873749360789,0.997900991661499,0.00209873692398006,2.70844892805402e-07,5.69627830768745e-10,NA
1.6,1.85,"yes","strain2_reentered_before_strain1_escaped",0.999999465740541,0.980381547834811,5.34259458673247e-07,0.0196184521651893,0.980381024056696,0.0196184416838457,5.23778115039466e-07,1.0481343633781e-08,NA
1.6,1.9,"yes","strain2_reentered_before_strain1_escaped",0.999999920357385,0.983908568587888,7.96426152804841e-08,0.0160914314121116,0.983908490226837,0.0160914301305479,7.8361051599217e-08,1.2815636812671e-09,NA
1.6,1.95,"yes","strain2_reentered_before_strain1_escaped",0.999999986241941,0.986344678616316,1.37580593584374e-08,0.0136553213836837,0.986344665046128,0.013655321195813,1.35701886362822e-08,1.87870722155261e-10,NA
1.6,2,"yes","strain2_reentered_before_strain1_escaped",0.999999997289523,0.988081057023989,2.71047695399318e-09,0.0119189429760115,0.988081054345818,0.0119189429437055,2.67817093374074e-09,3.2306020252438e-11,NA
1.6,2.05,"yes","strain2_reentered_before_strain1_escaped",0.999999999399136,0.989346955845641,6.00864025201986e-10,0.0106530441543586,0.989346955251178,0.0106530441479576,5.94462994210743e-10,6.40103099124242e-12,NA
1.6,2.1,"yes","strain2_reentered_before_strain1_escaped",0.999999999851806,0.990282063833436,1.481941236392e-10,0.00971793616656436,0.990282063686682,0.00971793616512421,1.46753982605415e-10,1.4401410337857e-12,NA
1.6,2.15,"yes","strain2_reentered_before_strain1_escaped",0.999999999959726,0.990974983720418,4.02738953297899e-11,0.00902501627958197,0.990974983680508,0.00902501627921849,3.99104227687963e-11,3.63472560993534e-13,NA
1.6,2.2,"yes","strain2_reentered_before_strain1_escaped",0.999999999988041,0.991483963074787,1.19589893543548e-11,0.0085160369252133,0.99148396306293,0.00851603692511146,1.18571461594249e-11,1.01843194929918e-13,NA
1.6,2.25,"yes","strain2_reentered_before_strain1_escaped",0.999999999996149,0.991848538322601,3.85125265012221e-12,0.00815146167739933,0.991848538318781,0.00815146167736794,3.81985931173475e-12,3.13933383874538e-14,NA
1.6,2.3,"yes","strain2_reentered_before_strain1_escaped",0.999999999998664,0.992095934827246,1.3363754547413e-12,0.00790406517275444,0.99209593482592,0.00790406517274387,1.32581265605176e-12,1.05627986895446e-14,NA
1.6,2.35,"yes","strain2_reentered_before_strain1_escaped",0.999999999999503,0.992245194579653,4.96824803519758e-13,0.00775480542034723,0.99224519457916,0.00775480542034338,4.9297202384046e-13,3.85277967929796e-15,NA
1.6,2.4,"yes","strain2_reentered_before_strain1_escaped",0.999999999999803,0.992309650518233,1.96731519963578e-13,0.00769034948176661,0.992309650518038,0.0076903494817651,1.95218585820979e-13,1.51293414259906e-15,NA
1.6,2.45,"yes","strain2_reentered_before_strain1_escaped",0.999999999999917,0.992298527641443,8.27116153345742e-14,0.007701472358557,0.992298527641361,0.00770147235855637,8.20746141153433e-14,6.37001219230823e-16,NA
1.6,2.5,"yes","strain2_reentered_before_strain1_escaped",0.999999999999963,0.992218000493465,3.66373598126302e-14,0.0077819995065348,0.992218000493429,0.00778199950653451,3.63522478966475e-14,2.85111915982626e-16,NA
1.6,2.55,"yes","strain2_reentered_before_strain1_escaped",0.999999999999983,0.992071890819644,1.69864122767649e-14,0.00792810918035647,0.992071890819627,0.00792810918035633,1.68517421456522e-14,1.3467013111274e-16,NA
1.6,2.6,"yes","strain2_reentered_before_strain1_escaped",0.999999999999992,0.991862227969421,8.43769498715119e-15,0.00813777203057853,0.991862227969413,0.00813777203057846,8.3690309488822e-15,6.86640382689916e-17,NA
1.6,2.65,"yes","strain2_reentered_before_strain1_escaped",0.999999999999996,0.991589396477857,4.21884749357559e-15,0.0084106035221434,0.991589396477852,0.00841060352214337,4.18336443998674e-15,3.54830535888528e-17,NA
1.6,2.7,"yes","strain2_reentered_before_strain1_escaped",0.999999999999998,0.99125265625408,2.22044604925031e-15,0.00874734374591957,0.991252656254078,0.00874734374591955,2.20102304438825e-15,1.94230048620615e-17,NA
1.6,2.75,"yes","strain2_reentered_before_strain1_escaped",0.999999999999999,0.990850045228474,1.22124532708767e-15,0.00914995477152558,0.990850045228473,0.00914995477152557,1.21007098757988e-15,1.11743395077892e-17,NA
1.6,2.8,"yes","strain2_reentered_before_strain1_escaped",0.999999999999999,0.990378618811607,6.66133814775094e-16,0.00962138118839295,0.990378618811606,0.00962138118839295,6.59724687420664e-16,6.40912735442952e-18,NA
1.6,2.85,"yes","strain2_reentered_before_strain1_escaped",1,0.989834408075501,4.44089209850063e-16,0.0101655919244986,0.989834408075501,0.0101655919244986,4.39574780164654e-16,4.51442968540877e-18,NA
1.6,2.9,"yes","strain2_reentered_before_strain1_escaped",1,0.989212556185358,2.22044604925031e-16,0.0107874438146421,0.989212556185358,0.0107874438146421,2.19649311225058e-16,2.39529369997319e-18,NA
1.6,2.95,"yes","strain2_reentered_before_strain1_escaped",1,0.988507411966421,2.22044604925031e-16,0.0114925880335792,0.988507411966421,0.0114925880335792,2.19492737755549e-16,2.55186716948224e-18,NA
1.6,3,"yes","strain2_reentered_before_strain1_escaped",1,0.987712151305569,1.11022302462516e-16,0.0122878486944313,0.987712151305569,0.0122878486944313,1.09658077208149e-16,1.36422525436678e-18,NA
1.65,1.2,"yes","strain1_reentered_before_strain2_escaped",0.95921987064497,0.999999999999999,0.0407801293550303,8.88178419700125e-16,0.959219870644969,8.51958388854408e-16,0.0407801293550302,3.62200308457175e-17,NA
1.65,1.25,"yes","strain1_reentered_before_strain2_escaped",0.959040553722506,0.99999999999984,0.0409594462774938,1.59983137848485e-13,0.959040553722353,1.53430317108475e-13,0.0409594462774873,6.55282074000991e-15,NA
1.65,1.3,"yes","strain1_reentered_before_strain2_escaped",0.958675316059402,0.999999999984952,0.0413246839405979,1.50484069649792e-11,0.958675316044976,1.4426536303342e-11,0.041324683939976,6.21870661637258e-13,NA
1.65,1.35,"yes","strain1_reentered_before_strain2_escaped",0.957933508740436,0.999999999141265,0.0420664912595636,8.58734972020159e-10,0.957933507917825,8.22611004825391e-10,0.0420664912234397,3.61239671947676e-11,NA
1.65,1.4,"yes","strain1_reentered_before_strain2_escaped",0.956449679164015,0.999999966626247,0.0435503208359852,3.33737529834011e-08,0.9564496472437,3.1920315333473e-08,0.0435503193825476,1.45343764992803e-09,NA
1.65,1.45,"yes","strain1_reentered_before_strain2_escaped",0.953597185355481,0.999999033686435,0.0464028146445191,9.66313564942922e-07,0.953596263881585,9.21473895700391e-07,0.0464027698048499,4.48396692425309e-08,NA
1.65,1.5,"yes","strain2_first_strain1_later",0.994704271926541,0.999998273994004,0.00529572807345902,1.72600599601669e-06,0.994702555061003,1.71686553760862e-06,0.00529571893300061,9.14045840806417e-09,NA
1.65,1.55,"yes","strain2_first_strain1_later",0.988643113012401,0.999930690710241,0.0113568869875986,6.9309289759123e-05,0.988574590860413,6.85221519881379e-05,0.0113560998498276,7.87137770985086e-07,NA
1.65,1.6,"yes","strain2_first_strain1_later",0.975442153900447,0.997782219522845,0.0245578460995529,0.00221778047715537,0.973278837334932,0.0021633165655148,0.0245033821879123,5.44639116405747e-05,NA
1.65,1.65,"yes","both_strains_reentered_same_step",0.96993602343998,0.96993602343998,0.0300639765600197,0.0300639765600197,0.940775889566562,0.0291601338734183,0.0291601338734183,0.000903842686601413,NA
1.65,1.7,"yes","strain1_first_strain2_later",0.997928736661077,0.980453042789126,0.00207126333892282,0.0195469572108741,0.978422266346061,0.0195064703150157,0.00203077644306445,4.04868958583766e-05,NA
1.65,1.75,"yes","strain1_first_strain2_later",0.999898797932496,0.991580772054587,0.000101202067504413,0.00841922794541272,0.991480422030358,0.00841837590213785,0.000100350024229547,8.52043274866702e-07,NA
1.65,1.8,"yes","strain1_first_strain2_later",0.999994325104615,0.996333665726483,5.67489538527699e-06,0.00366633427351681,0.996328011637161,0.00366631346745336,5.65408932182733e-06,2.08060634496634e-08,NA
1.65,1.85,"yes","strain1_first_strain2_later",0.999999562179844,0.998098307079169,4.37820155574364e-07,0.00190169292083098,0.998097870091613,0.00190169208823149,4.36987556083912e-07,8.32599490452886e-10,NA
1.65,1.9,"yes","strain1_first_strain2_later",0.999999951501523,0.998772897763244,4.84984767901153e-08,0.0012271022367556,0.99877284932428,0.00122710217724301,4.84389642007669e-08,5.95125893483898e-11,NA
1.65,1.95,"yes","strain2_reentered_before_strain1_escaped",0.999999851648493,0.985786987925313,1.48351507411881e-07,0.0142130120746874,0.985786841682327,0.0142130099661656,1.46242985645738e-07,2.10852176614314e-09,NA
1.65,2,"yes","strain2_reentered_before_strain1_escaped",0.999999971624595,0.987737401052435,2.83754051366714e-08,0.0122625989475654,0.987737373024986,0.0122625985996092,2.80274489235057e-08,3.47956213165689e-10,NA
1.65,2.05,"yes","strain2_reentered_before_strain1_escaped",0.999999993866149,0.989127987045825,6.13385098269248e-09,0.0108720129541745,0.989127980978662,0.0108720128874872,6.06716367534967e-09,6.66873073428086e-11,NA
1.65,2.1,"yes","strain2_reentered_before_strain1_escaped",0.999999998519969,0.990137647989086,1.48003065358893e-09,0.00986235201091368,0.990137646523652,0.00986235199631709,1.46543407029629e-09,1.45965832926366e-11,NA
1.65,2.15,"yes","strain2_reentered_before_strain1_escaped",0.999999999605559,0.990876536585952,3.94440924367245e-10,0.00912346341404802,0.99087653619511,0.00912346341044935,3.90842257024777e-10,3.59866734246784e-12,NA
1.65,2.2,"yes","strain2_reentered_before_strain1_escaped",0.999999999884929,0.991414736500639,1.15070508677206e-10,0.00858526349936051,0.991414736386557,0.0085852634983726,1.14082598039207e-10,9.87910637999266e-13,NA
1.65,2.25,"yes","strain2_reentered_before_strain1_escaped",0.99999999996354,0.991798435993106,3.64595020840852e-11,0.00820156400689409,0.991798435956945,0.00820156400659507,3.61604771440831e-11,2.99024940002113e-13,NA
1.65,2.3,"yes","strain2_reentered_before_strain1_escaped",0.999999999987539,0.992058697708774,1.24610322060903e-11,0.00794130229122569,0.992058697696412,0.00794130229112674,1.2362075382481e-11,9.8956823609262e-14,NA
1.65,2.35,"yes","strain2_reentered_before_strain1_escaped",0.999999999995434,0.992216831093971,4.56645832258573e-12,0.00778316890602948,0.99221683108944,0.00778316890599394,4.5309168061587e-12,3.55415164270288e-14,NA
1.65,2.4,"yes","strain2_reentered_before_strain1_escaped",0.999999999998216,0.992287556424461,1.7839063559677e-12,0.00771244357553857,0.992287556422691,0.00771244357552482,1.77014807885326e-12,1.37582771144455e-14,NA
1.65,2.45,"yes","strain2_reentered_before_strain1_escaped",0.99999999999926,0.992280957591904,7.39519556702817e-13,0.00771904240809607,0.99228095759117,0.00771904240809036,7.33811173883011e-13,5.70838281980545e-15,NA
1.65,2.5,"yes","strain2_reentered_before_strain1_escaped",0.999999999999676,0.992203758162966,3.23963078585621e-13,0.00779624183703398,0.992203758162645,0.00779624183703145,3.21437384078697e-13,2.52569450692354e-15,NA
1.65,2.55,"yes","strain2_reentered_before_strain1_escaped",0.999999999999851,0.992060144816196,1.49324996812084e-13,0.00793985518380402,0.992060144816048,0.00793985518380284,1.48139377962074e-13,1.18561885000994e-15,NA
1.65,2.6,"yes","strain2_reentered_before_strain1_escaped",0.999999999999928,0.99185238524074,7.20534742981727e-14,0.00814761475926018,0.991852385240668,0.00814761475925959,7.14664103475249e-14,5.87063950647766e-16,NA
1.65,2.65,"yes","strain2_reentered_before_strain1_escaped",0.999999999999964,0.991581021397796,3.64153152077051e-14,0.00841897860220409,0.99158102139776,0.00841897860220378,3.61087354481789e-14,3.06579759526187e-16,NA
1.65,2.7,"yes","strain2_reentered_before_strain1_escaped",0.999999999999981,0.991245435913125,1.89848137210902e-14,0.00875456408687547,0.991245435913106,0.0087545640868753,1.88186099526915e-14,1.66203768398677e-16,NA
1.65,2.75,"yes","strain2_reentered_before_strain1_escaped",0.99999999999999,0.990843740950986,1.04360964314765e-14,0.00915625904901418,0.990843740950975,0.00915625904901409,1.03405408290894e-14,9.55556023870911e-17,NA
1.65,2.8,"yes","strain2_reentered_before_strain1_escaped",0.999999999999994,0.990373048967869,5.88418203051333e-15,0.00962695103213085,0.990373048967863,0.00962695103213079,5.82753529824143e-15,5.66467322718961e-17,NA
1.65,2.85,"yes","strain2_reentered_before_strain1_escaped",0.999999999999997,0.989829436042419,3.44169137633799e-15,0.0101705639575812,0.989829436042415,0.0101705639575812,3.40668743407268e-15,3.50039422653012e-17,NA
1.65,2.9,"yes","strain2_reentered_before_strain1_escaped",0.999999999999998,0.989208075333087,2.1094237467878e-15,0.010791924666913,0.989208075333085,0.010791924666913,2.08665900462187e-15,2.27647421659313e-17,NA
1.65,2.95,"yes","strain2_reentered_before_strain1_escaped",0.999999999999999,0.988503335013568,1.33226762955019e-15,0.0114966649864322,0.988503335013566,0.0114966649864322,1.31695099494098e-15,1.53166346092067e-17,NA
1.65,3,"yes","strain2_reentered_before_strain1_escaped",0.999999999999999,0.987708414302453,7.7715611723761e-16,0.0122915856975472,0.987708414302452,0.0122915856975472,7.6760363622221e-16,9.5524810153991e-18,NA
1.7,1.2,"yes","strain1_reentered_before_strain2_escaped",0.968408849338741,1,0.0315911506612587,1.11022302462516e-16,0.968408849338741,1.07514980178662e-16,0.0315911506612587,3.50732228385317e-18,NA
1.7,1.25,"yes","strain1_reentered_before_strain2_escaped",0.96831054519109,0.999999999999986,0.0316894548089097,1.43218770176645e-14,0.968310545191076,1.38680245431345e-14,0.0316894548089093,4.53852474530043e-16,NA
1.7,1.3,"yes","strain1_reentered_before_strain2_escaped",0.968119129789184,0.999999999998674,0.0318808702108163,1.32616140291475e-12,0.9681191297879,1.28388222334983e-12,0.031880870210774,4.22791795649192e-14,NA
1.7,1.35,"yes","strain1_reentered_before_strain2_escaped",0.967746180132275,0.999999999926043,0.0322538198677249,7.3957062696195e-11,0.967746180060703,7.15716649180458e-11,0.0322538198653395,2.38539777814911e-12,NA
1.7,1.4,"yes","strain1_reentered_before_strain2_escaped",0.967024950954776,0.999999997212671,0.0329750490452235,2.78732936731529e-09,0.967024948259359,2.69541704472288e-09,0.0329750489533112,9.19123225924137e-11,NA
1.7,1.45,"yes","strain1_reentered_before_strain2_escaped",0.965658113144125,0.999999922668792,0.0343418868558754,7.7331208214737e-08,0.965658038468616,7.46755086117984e-08,0.0343418842001758,2.65569960293864e-09,NA
1.7,1.5,"yes","strain1_reentered_before_strain2_escaped",0.963190694924468,0.999998309316237,0.0368093050755318,1.69068376276726e-06,0.9631890664736,1.62845086835732e-06,0.0368092428426374,6.22328944099483e-08,NA
1.7,1.55,"yes","strain2_first_strain1_later",0.995433951332224,0.999997327213625,0.00456604866777577,2.6727863754461e-06,0.995431290749921,2.66058230277725e-06,0.0045660364637031,1.22040726688549e-08,NA
1.7,1.6,"yes","strain2_first_strain1_later",0.990286310886171,0.999915012193884,0.00971368911382897,8.49878061159881e-05,0.990202148625182,8.4162260988911e-05,0.0097128635687019,8.25545127077081e-07,NA
1.7,1.65,"yes","strain2_first_strain1_later",0.980453042789126,0.997928736661077,0.0195469572108741,0.00207126333892282,0.978422266346061,0.00203077644306445,0.0195064703150157,4.04868958583766e-05,NA
1.7,1.7,"yes","both_strains_reentered_same_step",0.976968947679715,0.976968947679715,0.0230310523202846,0.0230310523202846,0.954468324730411,0.0225006229493049,0.0225006229493049,0.000530429370979685,NA
1.7,1.75,"yes","strain1_first_strain2_later",0.998062842990033,0.984142545204284,0.00193715700996699,0.0158574547957155,0.982236106574035,0.0158267364159978,0.00190643863024924,3.07183797177551e-05,NA
1.7,1.8,"yes","strain1_first_strain2_later",0.99988217382037,0.992607801016984,0.000117826179629743,0.00739219898301602,0.992490845831919,0.00739132798845079,0.000116955185064511,8.70994565231649e-07,NA
1.7,1.85,"yes","strain1_first_strain2_later",0.999992145744596,0.996623779273041,7.85425540361651e-06,0.00337622072695931,0.996615951535337,0.00337619420925942,7.82773770372798e-06,2.65176998885222e-08,NA
1.7,1.9,"yes","strain1_first_strain2_later",0.999999315946048,0.998227708578773,6.84053951927055e-07,0.00177229142122703,0.998227025737164,0.00177229020888408,6.82841608976398e-07,1.21234295065677e-09,NA
1.7,1.95,"yes","strain1_first_strain2_later",0.999999918641358,0.99888241448594,8.13586420456147e-08,0.00111758551406038,0.998882333218223,0.00111758542313514,8.12677168058209e-08,9.09252397938029e-11,NA
1.7,2,"yes","strain2_reentered_before_strain1_escaped",0.999999738934392,0.987210361703838,2.61065607909394e-07,0.0127896382961619,0.987210103977165,0.0127896349572272,2.57726673212665e-07,3.33893469672877e-09,NA
1.7,2.05,"yes","strain2_reentered_before_strain1_escaped",0.999999945188329,0.988792167901064,5.48116707577151e-08,0.0112078320989365,0.988792113703713,0.0112078314846165,5.41973507548004e-08,6.14320002914658e-10,NA
1.7,2.1,"yes","strain2_reentered_before_strain1_escaped",0.999999987101345,0.989917601396072,1.28986553660226e-08,0.0100823986039281,0.989917588627466,0.0100823984738787,1.27686059811677e-08,1.30049384854937e-10,NA
1.7,2.15,"yes","strain2_reentered_before_strain1_escaped",0.999999996636474,0.990727948505462,3.36352623531155e-09,0.00927205149453791,0.990727945173123,0.00927205146335112,3.33233944685452e-09,3.1186788457038e-11,NA
1.7,2.2,"yes","strain2_reentered_before_strain1_escaped",0.999999999037548,0.991311361646266,9.62451562891431e-10,0.00868863835373368,0.991311360692177,0.00868863834537129,9.54089169328482e-10,8.36239356294941e-12,NA
1.7,2.25,"yes","strain2_reentered_before_strain1_escaped",0.999999999700329,0.991724445320085,2.99671398806822e-10,0.0082755546799147,0.991724445022894,0.00827555467743475,2.9719145175999e-10,2.47994704683238e-12,NA
1.7,2.3,"yes","strain2_reentered_before_strain1_escaped",0.999999999899205,0.992004313507061,1.00795038981971e-10,0.00799568649293947,0.992004313407071,0.00799568649213354,9.99891134502277e-11,8.05925531743454e-13,NA
1.7,2.35,"yes","strain2_reentered_before_strain1_escaped",0.99999999996361,0.992175857607916,3.63901131450461e-11,0.00782414239208373,0.992175857571811,0.00782414239179901,3.61053917181353e-11,2.84721426910879e-13,NA
1.7,2.4,"yes","strain2_reentered_before_strain1_escaped",0.999999999985978,0.992255975442039,1.40223388456207e-11,0.00774402455796053,0.992255975428126,0.00774402455785194,1.39137495092401e-11,1.0858933638053e-13,NA
1.7,2.45,"yes","strain2_reentered_before_strain1_escaped",0.999999999994263,0.992256098076609,5.73741054665788e-12,0.00774390192339103,0.992256098070916,0.0077439019233466,5.69298060209034e-12,4.4429944567548e-14,NA
1.7,2.5,"yes","strain2_reentered_before_strain1_escaped",0.999999999997518,0.992183804081309,2.48190357154954e-12,0.00781619591869054,0.992183804078847,0.00781619591867114,2.46250452698301e-12,1.9399044566529e-14,NA
1.7,2.55,"yes","strain2_reentered_before_strain1_escaped",0.99999999999887,0.99204384151872,1.13020703906841e-12,0.00795615848127984,0.992043841517599,0.00795615848127085,1.12121493274892e-12,8.9921063194863e-15,NA
1.7,2.6,"yes","strain2_reentered_before_strain1_escaped",0.99999999999946,0.991838845065588,5.39790434572751e-13,0.0081611549344125,0.991838845065052,0.00816115493440809,5.35385121204089e-13,4.40531336866207e-15,NA
1.7,2.65,"yes","strain2_reentered_before_strain1_escaped",0.999999999999731,0.99156959927526,2.69451128076525e-13,0.00843040072473966,0.991569599274993,0.00843040072473739,2.67179547091107e-13,2.27158098541826e-15,NA
1.7,2.7,"yes","strain2_reentered_before_strain1_escaped",0.99999999999986,0.991235668636848,1.39999123405232e-13,0.00876433136315236,0.991235668636709,0.00876433136315113,1.38772124697158e-13,1.22699870807431e-15,NA
1.7,2.75,"yes","strain2_reentered_before_strain1_escaped",0.999999999999924,0.990835279308219,7.56061879769732e-14,0.00916472069178076,0.990835279308144,0.00916472069178007,7.49132783815939e-14,6.92909595379232e-16,NA
1.7,2.8,"yes","strain2_reentered_before_strain1_escaped",0.999999999999958,0.990365629068029,4.2410519540681e-14,0.00963437093197084,0.990365629067987,0.00963437093197043,4.20019208640085e-14,4.08598676672518e-16,NA
1.7,2.85,"yes","strain2_reentered_before_strain1_escaped",0.999999999999975,0.989822859619932,2.4535928844216e-14,0.0101771403800677,0.989822859619908,0.0101771403800674,2.4286223252013e-14,2.49705592202937e-16,NA
1.7,2.9,"yes","strain2_reentered_before_strain1_escaped",0.999999999999985,0.989202188679365,1.46549439250521e-14,0.0107978113206353,0.98920218867935,0.0107978113206351,1.44967026056349e-14,1.58241319417203e-16,NA
1.7,2.95,"yes","strain2_reentered_before_strain1_escaped",0.999999999999991,0.988498014047501,8.99280649946377e-15,0.0115019859524985,0.988498014047493,0.0115019859524984,8.8893713654334e-15,1.0343513403037e-16,NA
1.7,3,"yes","strain2_reentered_before_strain1_escaped",0.999999999999994,0.987703567019248,5.6621374255883e-15,0.0122964329807518,0.987703567019243,0.0122964329807517,5.59251333220675e-15,6.96240933815529e-17,NA
1.75,1.2,"yes","strain1_reentered_before_strain2_escaped",0.974864797605087,1,0.0251352023949134,0,0.974864797605087,0,0.0251352023949134,0,NA
1.75,1.25,"yes","strain1_reentered_before_strain2_escaped",0.974807713835411,0.999999999999998,0.0251922861645891,1.55431223447522e-15,0.974807713835409,1.5151555558752e-15,0.0251922861645891,3.91566786000217e-17,NA
1.75,1.3,"yes","strain1_reentered_before_strain2_escaped",0.974700934181055,0.999999999999858,0.0252990658189448,1.41997524849558e-13,0.974700934180917,1.38405120122261e-13,0.0252990658189412,3.59240472729621e-15,NA
1.75,1.35,"yes","strain1_reentered_before_strain2_escaped",0.974500657415331,0.999999999992247,0.0254993425846695,7.75346453707471e-12,0.974500657407775,7.55575628862575e-12,0.0254993425844718,1.97708248448954e-13,NA
1.75,1.4,"yes","strain1_reentered_before_strain2_escaped",0.974126254535891,0.99999999971509,0.0258737454641091,2.84910206538314e-10,0.974126254258352,2.77538512374214e-10,0.0258737454567375,7.37169416409909e-12,NA
1.75,1.45,"yes","strain1_reentered_before_strain2_escaped",0.973434135385024,0.999999992353555,0.0265658646149765,7.64644514372748e-09,0.973434127941713,7.44331071725337e-09,0.026565864411842,2.03134426474108e-10,NA
1.75,1.5,"yes","strain1_reentered_before_strain2_escaped",0.972186571168853,0.999999839980646,0.0278134288311472,1.60019354433771e-07,0.972186415600185,1.55568667507622e-07,0.0278134243804603,4.45068692614982e-09,NA
1.75,1.55,"yes","strain2_first_strain1_later",0.997588171043494,0.999999836637572,0.00241182895650582,1.6336242847359e-07,0.997588008075068,1.62968426238192e-07,0.00241182856250359,3.94002235397716e-10,NA
1.75,1.6,"yes","strain2_first_strain1_later",0.995951166968289,0.999996031424494,0.004048833031711,3.96857550577501e-06,0.995947214460883,3.95250740617839e-06,0.0040488169636114,1.6068099596621e-08,NA
1.75,1.65,"yes","strain2_first_strain1_later",0.991580772054587,0.999898797932496,0.00841922794541272,0.000101202067504413,0.991480422030358,0.000100350024229547,0.00841837590213785,8.52043274866702e-07,NA
1.75,1.7,"yes","strain2_first_strain1_later",0.984142545204284,0.998062842990033,0.0158574547957155,0.00193715700996699,0.982236106574035,0.00190643863024924,0.0158267364159978,3.07183797177551e-05,NA
1.75,1.75,"yes","both_strains_reentered_same_step",0.98186965829813,0.98186965829813,0.0181303417018701,0.0181303417018701,0.964068025886486,0.0178016324116435,0.0178016324116435,0.00032870929022657,NA
1.75,1.8,"yes","strain1_first_strain2_later",0.99818029191024,0.986886048007477,0.00181970808976017,0.0131139519925231,0.985090203482246,0.0130900884279936,0.00179584452523065,2.38635645295208e-05,NA
1.75,1.85,"yes","strain1_first_strain2_later",0.999865145442751,0.99342640009161,0.000134854557248598,0.00657359990838979,0.993292432014267,0.00657271342848462,0.000133968077343423,8.86479905175331e-07,NA
1.75,1.9,"yes","strain1_first_strain2_later",0.999989428548386,0.996846666948124,1.05714516137612e-05,0.0031533330518756,0.996836128831818,0.00315329971656782,1.05381163059812e-05,3.33353077799767e-08,NA
1.75,1.95,"yes","strain1_first_strain2_later",0.99999896316611,0.998312746991466,1.03683389041098e-06,0.00168725300853378,0.998311711906977,0.00168725125913268,1.03508448931004e-06,1.74940110094572e-09,NA
1.75,2,"yes","strain1_first_strain2_later",0.999999866454453,0.998943868568828,1.3354554662115e-07,0.00105613143117222,0.998943735164323,0.00105613129013058,1.3340450497187e-07,1.41041649279672e-10,NA
1.75,2.05,"yes","strain2_reentered_before_strain1_escaped",0.999999561965469,0.988293708206367,4.38034530536591e-07,0.0117062917936333,0.988293275299596,0.0117062866658732,4.32906770506442e-07,5.12776003014849e-09,NA
1.75,2.1,"yes","strain2_reentered_before_strain1_escaped",0.999999899811151,0.989589312678066,1.00188848550786e-07,0.0104106873219338,0.989589213532252,0.0104106862788991,9.91458137753794e-08,1.04303477540682e-09,NA
1.75,2.15,"yes","strain2_reentered_before_strain1_escaped",0.999999974510298,0.990506863200797,2.54897024598577e-08,0.00949313679920327,0.990506837953071,0.00949313655722604,2.52477252274353e-08,2.41977232422417e-10,NA
1.75,2.2,"yes","strain2_reentered_before_strain1_escaped",0.999999992861609,0.991158601594222,7.13839087840284e-09,0.00884139840577824,0.991158594518944,0.00884139834266489,7.07527752067071e-09,6.31133577321329e-11,NA
1.75,2.25,"yes","strain2_reentered_before_strain1_escaped",0.999999997819366,0.991616031427471,2.18063422874337e-09,0.00838396857252921,0.991616029265119,0.00838396855424684,2.16235185990141e-09,1.82823688419659e-11,NA
1.75,2.3,"yes","strain2_reentered_before_strain1_escaped",0.999999999279041,0.991925365366737,7.20959403288646e-10,0.0080746346332633,0.991925364651599,0.00807463462744182,7.15137919521674e-10,5.82148376697134e-12,NA
1.75,2.35,"yes","strain2_reentered_before_strain1_escaped",0.999999999743767,0.992116948537813,2.56233478879153e-10,0.00788305146218682,0.9921169482836,0.00788305146016692,2.54213577178814e-10,2.01990170033952e-12,NA
1.75,2.4,"yes","strain2_reentered_before_strain1_escaped",0.999999999902688,0.992211003990872,9.73116032199073e-11,0.00778899600912752,0.992211003894319,0.00778899600836956,9.65536435307856e-11,7.57959689121659e-13,NA
1.75,2.45,"yes","strain2_reentered_before_strain1_escaped",0.999999999960716,0.99222103070328,3.92840204810341e-11,0.00777896929672039,0.992221030664301,0.00777896929641481,3.89784312918604e-11,3.05589189173699e-13,NA
1.75,2.5,"yes","strain2_reentered_before_strain1_escaped",0.999999999983223,0.992155915161559,1.67770242143206e-11,0.00784408483844123,0.992155915144913,0.00784408483830963,1.66454238130469e-11,1.31600401273714e-13,NA
1.75,2.55,"yes","strain2_reentered_before_strain1_escaped",0.999999999992452,0.992021256516248,7.54818429982151e-12,0.00797874348375249,0.992021256508759,0.00797874348369227,7.48795927352515e-12,6.02250262963638e-14,NA
1.75,2.6,"yes","strain2_reentered_before_strain1_escaped",0.999999999996436,0.991820247148006,3.56381590904675e-12,0.00817975285199446,0.991820247144471,0.00817975285196531,3.53466477570074e-12,2.91511333460084e-14,NA
1.75,2.65,"yes","strain2_reentered_before_strain1_escaped",0.99999999999824,0.991554040551256,1.75959247172841e-12,0.00844595944874438,0.991554040549511,0.00844595944872952,1.74473102506588e-12,1.4861446662534e-14,NA
1.75,2.7,"yes","strain2_reentered_before_strain1_escaped",0.999999999999094,0.991222468574886,9.05719943489203e-13,0.00877753142511373,0.991222468573989,0.00877753142510578,8.97769958222874e-13,7.94998526632871e-15,NA
1.75,2.75,"yes","strain2_reentered_before_strain1_escaped",0.999999999999515,0.990823930305424,4.84501327946418e-13,0.00917606969457607,0.990823930304944,0.00917606969457163,4.80055509994067e-13,4.44581795235099e-15,NA
1.75,2.8,"yes","strain2_reentered_before_strain1_escaped",0.999999999999731,0.990355749971193,2.68673971959288e-13,0.00964425002880664,0.990355749970927,0.00964425002880405,2.6608281299748e-13,2.59115896180796e-15,NA
1.75,2.85,"yes","strain2_reentered_before_strain1_escaped",0.999999999999846,0.989814164443644,1.54098955817972e-13,0.0101858355563557,0.989814164443492,0.0101858355563541,1.52529329194604e-13,1.56962662336798e-15,NA
1.75,2.9,"yes","strain2_reentered_before_strain1_escaped",0.999999999999909,0.98919445709841,9.11493103217254e-14,0.0108055429015904,0.989194457098319,0.0108055429015894,9.01643925385936e-14,9.84917783131781e-16,NA
1.75,2.95,"yes","strain2_reentered_before_strain1_escaped",0.999999999999944,0.98849107042684,5.56221735337203e-14,0.0115089295731602,0.988491070426785,0.0115089295731595,5.49820218558147e-14,6.40151677905682e-16,NA
1.75,3,"yes","strain2_reentered_before_strain1_escaped",0.999999999999965,0.987697279824677,3.47499806707674e-14,0.0123027201753232,0.987697279824643,0.0123027201753228,3.43224613824771e-14,4.27519288290341e-16,NA
1.8,1.2,"yes","strain1_reentered_before_strain2_escaped",0.979489302498489,1,0.0205106975015114,0,0.979489302498489,0,0.0205106975015114,0,NA
1.8,1.25,"yes","strain1_reentered_before_strain2_escaped",0.97945441421476,1,0.0205455857852405,2.22044604925031e-16,0.979454414214759,2.17482568446394e-16,0.0205455857852405,4.56203647863706e-18,NA
1.8,1.3,"yes","strain1_reentered_before_strain2_escaped",0.979391423853778,0.999999999999982,0.0206085761462217,1.80966353013901e-14,0.979391423853761,1.7723689414791e-14,0.0206085761462213,3.729458865991e-16,NA
1.8,1.35,"yes","strain1_reentered_before_strain2_escaped",0.979277282709832,0.99999999999903,0.0207227172901675,9.70001856614999e-13,0.979277282708883,9.49900782369429e-13,0.0207227172901474,2.01010742455702e-14,NA
1.8,1.4,"yes","strain1_reentered_before_strain2_escaped",0.979070658448899,0.999999999965142,0.0209293415511015,3.48584494602733e-11,0.97907065841477,3.41288850655774e-11,0.0209293415503719,7.29564394695869e-13,NA
1.8,1.45,"yes","strain1_reentered_before_strain2_escaped",0.978698994957185,0.999999999089499,0.0213010050428154,9.10501452011658e-10,0.978698994066078,8.91106855990867e-10,0.0213010050234208,1.93945960207911e-11,NA
1.8,1.5,"yes","strain1_reentered_before_strain2_escaped",0.978040143408428,0.999999981597034,0.0219598565915717,1.84029661509655e-08,0.978040125409589,1.79988396534307e-08,0.0219598561874452,4.04126497534751e-10,NA
1.8,1.55,"yes","strain1_reentered_before_strain2_escaped",0.976907058351659,0.999999697035166,0.0230929416483412,3.02964833776009e-07,0.976906762383174,2.95968484548121e-07,0.023092934651992,6.99634922788877e-09,NA
1.8,1.6,"yes","strain2_first_strain1_later",0.997901262506392,0.999999728585479,0.00209873749360789,2.71414520636171e-07,0.997900991661499,2.70844892805402e-07,0.00209873692398006,5.69627830768745e-10,NA
1.8,1.65,"yes","strain2_first_strain1_later",0.996333665726483,0.999994325104615,0.00366633427351681,5.67489538527699e-06,0.996328011637161,5.65408932182733e-06,0.00366631346745336,2.08060634496634e-08,NA
1.8,1.7,"yes","strain2_first_strain1_later",0.992607801016984,0.99988217382037,0.00739219898301602,0.000117826179629743,0.992490845831919,0.000116955185064511,0.00739132798845079,8.70994565231649e-07,NA
1.8,1.75,"yes","strain2_first_strain1_later",0.986886048007477,0.99818029191024,0.0131139519925231,0.00181970808976017,0.985090203482246,0.00179584452523065,0.0130900884279936,2.38635645295208e-05,NA
1.8,1.8,"yes","both_strains_reentered_same_step",0.985355019495183,0.985355019495183,0.0146449805048167,0.0146449805048167,0.970924514444353,0.0144305050508302,0.0144305050508302,0.00021447545398646,NA
1.8,1.85,"yes","strain1_first_strain2_later",0.99827970763072,0.98894707458132,0.00172029236927973,0.01105292541868,0.987245796475296,0.011033911155424,0.00170127810602376,1.90142632559731e-05,NA
1.8,1.9,"yes","strain1_first_strain2_later",0.999847621774044,0.994080535114673,0.000152378225956151,0.0059194648853268,0.993929058886275,0.00591856288776896,0.000151476228398315,9.0199755783583e-07,NA
1.8,1.95,"yes","strain1_first_strain2_later",0.999986104133134,0.99701822086543,1.38958668656208e-05,0.0029817791345701,0.99700436643297,0.00298173770016422,1.38544324597442e-05,4.14344058766721e-08,NA
1.8,2,"yes","strain1_first_strain2_later",0.999998471422916,0.998366325983882,1.52857708357601e-06,0.00163367401611803,0.998364799903995,0.00163367151892136,1.52607988691294e-06,2.4971966630716e-09,NA
1.8,2.05,"yes","strain1_first_strain2_later",0.999999786368935,0.998976018997173,2.13631065282271e-07,0.00102398100282675,0.998975805584862,0.00102398078407259,2.13412311129809e-07,2.18754152462686e-10,NA
1.8,2.1,"yes","strain1_first_strain2_later",0.999999961766387,0.999256735367781,3.8233613053329e-08,0.000743264632219187,0.999256697162585,0.000743264603801495,3.82051953609845e-08,2.84176923444933e-11,NA
1.8,2.15,"yes","strain2_reentered_before_strain1_escaped",0.999999825276803,0.990185723033532,1.74723196910698e-07,0.00981427696646764,0.990185550025117,0.00981427525168579,1.73008415063749e-07,1.71478184694825e-09,NA
1.8,2.2,"yes","strain2_reentered_before_strain1_escaped",0.999999952234273,0.990936504361389,4.77657271513721e-08,0.00906349563861053,0.990936457028587,0.00906349520568607,4.73328026916605e-08,4.32924459711521e-10,NA
1.8,2.25,"yes","strain2_reentered_before_strain1_escaped",0.999999985713801,0.991459050899613,1.42861985574783e-08,0.00854094910038694,0.991459036735432,0.00854094897836925,1.41641808627608e-08,1.22017694717443e-10,NA
1.8,2.3,"yes","strain2_reentered_before_strain1_escaped",0.999999995364446,0.991811773092825,4.635554051724e-09,0.0081882269071748,0.991811768495228,0.00818822686921783,4.59759708330801e-09,3.79569684159896e-11,NA
1.8,2.35,"yes","strain2_reentered_before_strain1_escaped",0.999999998380055,0.992032834543809,1.61994495595508e-09,0.00796716545619114,0.99203283293677,0.00796716544328477,1.60703858646106e-09,1.29063694940164e-11,NA
1.8,2.4,"yes","strain2_reentered_before_strain1_escaped",0.999999999394162,0.992147312615527,6.05838157419214e-10,0.00785268738447253,0.992147312014447,0.00785268737971508,6.01080699763416e-10,4.75745765579795e-12,NA
1.8,2.45,"yes","strain2_reentered_before_strain1_escaped",0.999999999758872,0.992171780042505,2.41128450539918e-10,0.00782821995749516,0.992171779803264,0.00782821995560756,2.39240843991082e-10,1.88760654883647e-12,NA
1.8,2.5,"yes","strain2_reentered_before_strain1_escaped",0.999999999898367,0.992117074584648,1.01633257365563e-10,0.00788292541535229,0.992117074483816,0.00788292541455113,1.00832089978031e-10,8.01167387532039e-13,NA
1.8,2.55,"yes","strain2_reentered_before_strain1_escaped",0.999999999954835,0.991990060291374,4.51654269539858e-11,0.00800993970862596,0.99199006024657,0.00800993970826418,4.48036546071701e-11,3.61772346815776e-13,NA
1.8,2.6,"yes","strain2_reentered_before_strain1_escaped",0.999999999978921,0.991794763001283,2.10789163901381e-11,0.00820523699871678,0.991794762980377,0.00820523699854382,2.09059588854809e-11,1.72957504657219e-13,NA
1.8,2.65,"yes","strain2_reentered_before_strain1_escaped",0.999999999989706,0.991532888696758,1.02940989066269e-11,0.00846711130324151,0.991532888686552,0.00846711130315435,1.02069376254179e-11,8.71612812089869e-14,NA
1.8,2.7,"yes","strain2_reentered_before_strain1_escaped",0.999999999994756,0.991204657951651,5.24358334530461e-12,0.00879534204834875,0.991204657946454,0.00879534204830263,5.19746423622364e-12,4.61191090809789e-14,NA
1.8,2.75,"yes","strain2_reentered_before_strain1_escaped",0.999999999997222,0.990808728747353,2.77777800761214e-12,0.00919127125264718,0.990808728744601,0.00919127125262165,2.75224669646454e-12,2.5531311147601e-14,NA
1.8,2.8,"yes","strain2_reentered_before_strain1_escaped",0.999999999998474,0.99034261077781,1.52589052504482e-12,0.00965738922218984,0.990342610776299,0.0096573892221751,1.51115440633401e-12,1.47361187108094e-14,NA
1.8,2.85,"yes","strain2_reentered_before_strain1_escaped",0.999999999999133,0.989802677903859,8.67306226837172e-13,0.0101973220961405,0.989802677903001,0.0101973220961317,8.58462025886125e-13,8.84420095104698e-15,NA
1.8,2.9,"yes","strain2_reentered_before_strain1_escaped",0.999999999999491,0.989184309403756,5.08926234488172e-13,0.0108156905962437,0.989184309403253,0.0108156905962382,5.03421845799636e-13,5.50438868853541e-15,NA
1.8,2.95,"yes","strain2_reentered_before_strain1_escaped",0.999999999999693,0.988482014265706,3.07420755518706e-13,0.0115179857342937,0.988482014265402,0.0115179857342902,3.03879887642216e-13,3.54086787649026e-15,NA
1.8,3,"yes","strain2_reentered_before_strain1_escaped",0.999999999999809,0.987689128366789,1.90847337933064e-13,0.0123108716332112,0.9876891283666,0.0123108716332089,1.8849784085423e-13,2.34949707883404e-15,NA
1.85,1.2,"yes","strain1_reentered_before_strain2_escaped",0.982860445749309,1,0.0171395542506915,0,0.982860445749309,0,0.0171395542506915,0,NA
1.85,1.25,"yes","strain1_reentered_before_strain2_escaped",0.982838092285765,1,0.017161907714235,0,0.982838092285765,0,0.017161907714235,0,NA
1.85,1.3,"yes","strain1_reentered_before_strain2_escaped",0.982799030081133,0.999999999999997,0.0172009699188673,2.66453525910038e-15,0.98279903008113,2.61870266826083e-15,0.0172009699188673,4.58325908395469e-17,NA
1.85,1.35,"yes","strain1_reentered_before_strain2_escaped",0.982730448561817,0.999999999999858,0.0172695514381825,1.42330591756945e-13,0.982730448561678,1.39872606281372e-13,0.0172695514381801,2.45798547557352e-15,NA
1.85,1.4,"yes","strain1_reentered_before_strain2_escaped",0.982609940180239,0.999999999994987,0.0173900598197606,5.01265695618258e-12,0.982609940175314,4.92548655185863e-12,0.0173900598196734,8.71704043239542e-14,NA
1.85,1.45,"yes","strain1_reentered_before_strain2_escaped",0.98239891881148,0.999999999872097,0.0176010811885203,1.27902688440429e-10,0.982398918685828,1.25651462836959e-10,0.0176010811862691,2.25122560347001e-12,NA
1.85,1.5,"yes","strain1_reentered_before_strain2_escaped",0.982032696764682,0.999999997487273,0.0179673032353176,2.51272747053832e-09,0.982032694297102,2.46758053412745e-09,0.0179673031901707,4.51469364108746e-11,NA
1.85,1.55,"yes","strain1_reentered_before_strain2_escaped",0.981408372122908,0.999999960078075,0.0185916278770916,3.99219245439397e-08,0.981408332943197,3.91797109786815e-08,0.018591627134878,7.42213565258256e-10,NA
1.85,1.6,"yes","strain1_reentered_before_strain2_escaped",0.980381547834811,0.999999465740541,0.0196184521651893,5.34259458673247e-07,0.980381024056696,5.23778115039466e-07,0.0196184416838457,1.0481343633781e-08,NA
1.85,1.65,"yes","strain2_first_strain1_later",0.998098307079169,0.999999562179844,0.00190169292083098,4.37820155574364e-07,0.998097870091613,4.36987556083912e-07,0.00190169208823149,8.32599490452886e-10,NA
1.85,1.7,"yes","strain2_first_strain1_later",0.996623779273041,0.999992145744596,0.00337622072695931,7.85425540361651e-06,0.996615951535337,7.82773770372798e-06,0.00337619420925942,2.65176998885222e-08,NA
1.85,1.75,"yes","strain2_first_strain1_later",0.99342640009161,0.999865145442751,0.00657359990838979,0.000134854557248598,0.993292432014267,0.000133968077343423,0.00657271342848462,8.86479905175331e-07,NA
1.85,1.8,"yes","strain2_first_strain1_later",0.98894707458132,0.99827970763072,0.01105292541868,0.00172029236927973,0.987245796475296,0.00170127810602376,0.011033911155424,1.90142632559731e-05,NA
1.85,1.85,"yes","both_strains_reentered_same_step",0.987880534408959,0.987880534408959,0.012119465591041,0.012119465591041,0.97590795026413,0.0119725841448286,0.0119725841448286,0.000146881446212428,NA
1.85,1.9,"yes","strain1_first_strain2_later",0.998361257288077,0.990510591618197,0.00163874271192266,0.00948940838180257,0.988887399605101,0.00947385768297643,0.00162319201309652,1.55506988261367e-05,NA
1.85,1.95,"yes","strain1_first_strain2_later",0.999829437674165,0.994603461386485,0.000170562325835011,0.00539653861351475,0.994433819506828,0.00539561816733737,0.000169641879657631,9.2044617737952e-07,NA
1.85,2,"yes","strain1_first_strain2_later",0.999982095895598,0.997148973032758,1.79041044019446e-05,0.00285102696724193,0.997131119973441,0.00285097592215746,1.78530593174703e-05,5.10450844742589e-08,NA
1.85,2.05,"yes","strain1_first_strain2_later",0.999997801841813,0.998396072262114,2.19815818702784e-06,0.00160392773788609,0.998393877629614,0.0016039242121992,2.19463250013941e-06,3.52568688843536e-09,NA
1.85,2.1,"yes","strain1_first_strain2_later",0.999999666809283,0.998987465784552,3.33190716794718e-07,0.00101253421544778,0.998987132931202,0.00101253387808078,3.32853349793694e-07,3.37367001024223e-10,NA
1.85,2.15,"yes","strain1_first_strain2_later",0.999999936988064,0.999272637559536,6.30119360023329e-08,0.000727362440463564,0.999272574593433,0.000727362394631048,6.29661034867839e-08,4.58325155489908e-11,NA
1.85,2.2,"yes","strain2_reentered_before_strain1_escaped",0.999999707348853,0.990622139543347,2.92651147315581e-07,0.00937786045665334,0.990621849636641,0.00937785771221172,2.89906705693576e-07,2.74444162200502e-09,NA
1.85,2.25,"yes","strain2_reentered_before_strain1_escaped",0.999999914495743,0.991235829314293,8.55042568970177e-08,0.00876417068570678,0.99123574455941,0.00876416993633288,8.47548829952177e-08,7.49373901799985e-10,NA
1.85,2.3,"yes","strain2_reentered_before_strain1_escaped",0.999999972823178,0.991650496407947,2.71768220150292e-08,0.00834950359205344,0.991650469458037,0.00834950336514047,2.69499090419942e-08,2.26912973035084e-10,NA
1.85,2.35,"yes","strain2_reentered_before_strain1_escaped",0.999999990675561,0.991913925086785,9.32443944279271e-09,0.00808607491321489,0.991913915837744,0.00808607483781677,9.24904132693455e-09,7.53981158581576e-11,NA
1.85,2.4,"yes","strain2_reentered_before_strain1_escaped",0.999999996569885,0.992057804096552,3.43011508086022e-09,0.00794219590344791,0.99205780069368,0.00794219587620527,3.40287243491666e-09,2.72426459435629e-11,NA
1.85,2.45,"yes","strain2_reentered_before_strain1_escaped",0.999999998655136,0.992103033171905,1.34486366487607e-09,0.00789696682809515,0.992103031837662,0.00789696681747481,1.33424332112624e-09,1.06203437498368e-11,NA
1.85,2.5,"yes","strain2_reentered_before_strain1_escaped",0.999999999440929,0.992063250161337,5.59070678640694e-10,0.0079367498386631,0.992063249606703,0.0079367498342259,5.54633474522191e-10,4.4372041185028e-12,NA
1.85,2.55,"yes","strain2_reentered_before_strain1_escaped",0.999999999754715,0.991947144674058,2.4528534758872e-10,0.00805285532594191,0.991947144430748,0.00805285532396666,2.43310100171014e-10,1.97524741770533e-12,NA
1.85,2.6,"yes","strain2_reentered_before_strain1_escaped",0.999999999886891,0.991759960079642,1.13109077659601e-10,0.00824003992035827,0.991759959967465,0.00824003991942624,1.12177054344331e-10,9.32023315270016e-13,NA
1.85,2.65,"yes","strain2_reentered_before_strain1_escaped",0.99999999994538,0.991504213698419,5.46196421424838e-11,0.00849578630158121,0.991504213644263,0.00849578630111717,5.41556053349724e-11,4.64036807511382e-13,NA
1.85,2.7,"yes","strain2_reentered_before_strain1_escaped",0.999999999972472,0.991180682683311,2.75275358063709e-11,0.00881931731668906,0.991180682656026,0.00881931731644628,2.7284761733148e-11,2.42774073222905e-13,NA
1.85,2.75,"yes","strain2_reentered_before_strain1_escaped",0.999999999985564,0.990788406877942,1.44355638553861e-11,0.00921159312205766,0.99078840686364,0.00921159312192468,1.43025893146628e-11,1.32974540723299e-13,NA
1.85,2.8,"yes","strain2_reentered_before_strain1_escaped",0.999999999992145,0.99032516460763,7.85460585461806e-12,0.00967483539237035,0.990325164599851,0.00967483539229436,7.77861383590268e-12,7.59920187153781e-14,NA
1.85,2.85,"yes","strain2_reentered_before_strain1_escaped",0.999999999995577,0.989787525024991,4.42346159701401e-12,0.0102124749750094,0.989787525020612,0.0102124749749643,4.37828710615159e-12,4.51744908624209e-14,NA
1.85,2.9,"yes","strain2_reentered_before_strain1_escaped",0.999999999997428,0.989171006081118,2.57249777035895e-12,0.0108289939188823,0.989171006078573,0.0108289939188544,2.5446402076474e-12,2.78575627115552e-14,NA
1.85,2.95,"yes","strain2_reentered_before_strain1_escaped",0.999999999998458,0.988470214380846,1.54165569199449e-12,0.0115297856191541,0.988470214379322,0.0115297856191363,1.52388073236725e-12,1.77749596272451e-14,NA
1.85,3,"yes","strain2_reentered_before_strain1_escaped",0.99999999999905,0.98767856841171,9.49795797566821e-13,0.0123214315882904,0.987678568410772,0.0123214315882787,9.38092953624256e-13,1.17028439425653e-14,NA
1.9,1.2,"yes","strain1_reentered_before_strain2_escaped",0.98535565254854,1,0.01464434745146,0,0.98535565254854,0,0.01464434745146,0,NA
1.9,1.25,"yes","strain1_reentered_before_strain2_escaped",0.985340737967781,1,0.0146592620322195,0,0.985340737967781,0,0.0146592620322195,0,NA
1.9,1.3,"yes","strain1_reentered_before_strain2_escaped",0.985315417512295,1,0.0146845824877054,4.44089209850063e-16,0.985315417512294,4.37567945216119e-16,0.0146845824877054,6.52126463394317e-18,NA
1.9,1.35,"yes","strain1_reentered_before_strain2_escaped",0.985272209387906,0.999999999999976,0.0147277906120939,2.42028619368284e-14,0.985272209387882,2.38464072540094e-14,0.0147277906120936,3.56454682819027e-16,NA
1.9,1.4,"yes","strain1_reentered_before_strain2_escaped",0.985198336879844,0.999999999999166,0.0148016631201564,8.33999536098418e-13,0.985198336879022,8.21654955922722e-13,0.0148016631201441,1.23445801756955e-14,NA
1.9,1.45,"yes","strain1_reentered_before_strain2_escaped",0.985072228214454,0.999999999979158,0.0149277717855459,2.08422168412881e-11,0.985072228193923,2.05310889847765e-11,0.0149277717852348,3.1112785651161e-13,NA
1.9,1.5,"yes","strain1_reentered_before_strain2_escaped",0.984858142330741,0.999999999600346,0.0151418576692594,3.99653532490163e-10,0.984858141937139,3.9360203558418e-10,0.0151418576632079,6.05149690598276e-12,NA
1.9,1.55,"yes","strain1_reentered_before_strain2_escaped",0.984498895378103,0.999999993833277,0.0155011046218969,6.1667232431617e-09,0.984498889306971,6.07113222099517e-09,0.0155011045263059,9.55910221665329e-11,NA
1.9,1.6,"yes","strain1_reentered_before_strain2_escaped",0.983908568587888,0.999999920357385,0.0160914314121116,7.96426152804841e-08,0.983908490226837,7.8361051599217e-08,0.0160914301305479,1.2815636812671e-09,NA
1.9,1.65,"yes","strain2_first_strain1_later",0.998772897763244,0.999999951501523,0.0012271022367556,4.84984767901153e-08,0.99877284932428,4.84389642007669e-08,0.00122710217724301,5.95125893483898e-11,NA
1.9,1.7,"yes","strain2_first_strain1_later",0.998227708578773,0.999999315946048,0.00177229142122703,6.84053951927055e-07,0.998227025737164,6.82841608976398e-07,0.00177229020888408,1.21234295065677e-09,NA
1.9,1.75,"yes","strain2_first_strain1_later",0.996846666948124,0.999989428548386,0.0031533330518756,1.05714516137612e-05,0.996836128831818,1.05381163059812e-05,0.00315329971656782,3.33353077799767e-08,NA
1.9,1.8,"yes","strain2_first_strain1_later",0.994080535114673,0.999847621774044,0.0059194648853268,0.000152378225956151,0.993929058886275,0.000151476228398315,0.00591856288776896,9.0199755783583e-07,NA
1.9,1.85,"yes","strain2_first_strain1_later",0.990510591618197,0.998361257288077,0.00948940838180257,0.00163874271192266,0.988887399605101,0.00162319201309652,0.00947385768297643,1.55506988261367e-05,NA
1.9,1.9,"yes","both_strains_reentered_same_step",0.989740911108868,0.989740911108868,0.010259088891132,0.010259088891132,0.979587071122612,0.0101538399862559,0.0101538399862559,0.000105248904876149,NA
1.9,1.95,"yes","strain1_first_strain2_later",0.998425821943736,0.991706868142628,0.00157417805626359,0.00829313185737224,0.990145744952552,0.00828007699118466,0.00156112319007601,1.30548661875759e-05,NA
1.9,2,"yes","strain1_first_strain2_later",0.999810373530588,0.99502059459307,0.000189626469412452,0.00497940540692998,0.994831912350725,0.00497846117986289,0.000188682242345362,9.44227067089405e-07,NA
1.9,2.05,"yes","strain1_first_strain2_later",0.99997731697827,0.99724613288228,2.268302173003e-05,0.0027538671177203,0.997223512326577,0.00275380465169263,2.26205557023571e-05,6.24660276728646e-08,NA
1.9,2.1,"yes","strain1_first_strain2_later",0.999996908247928,0.998406716743443,3.09175207202639e-06,0.00159328325655683,0.998403629917408,0.00159327833052002,3.0868260352166e-06,4.92603680978454e-09,NA
1.9,2.15,"yes","strain1_first_strain2_later",0.999999492596536,0.998982955437272,5.07403464133915e-07,0.00101704456272822,0.99898244854986,0.00101704404667629,5.06887412199608e-07,5.16051934306862e-10,NA
1.9,2.2,"yes","strain1_first_strain2_later",0.99999989837761,0.999271992070484,1.01622389503397e-07,0.000728007929516106,0.999271890522076,0.0007280078555342,1.01548407598023e-07,7.39819053748476e-11,NA
1.9,2.25,"yes","strain1_first_strain2_later",0.999999975219297,0.999414105290618,2.47807034892134e-08,0.000585894709381862,0.999414080524433,0.000585894694862979,2.47661846061443e-08,1.45188830690908e-11,NA
1.9,2.3,"yes","strain2_reentered_before_strain1_escaped",0.999999852907838,0.99142610916187,1.47092162450235e-07,0.00857389083813009,0.99142596333086,0.00857388957697795,1.45831010306242e-07,1.26115214399282e-09,NA
1.9,2.35,"yes","strain2_reentered_before_strain1_escaped",0.999999950536023,0.991748262704978,4.94639768033878e-08,0.00825173729502249,0.991748213649164,0.00825173688685875,4.90558130612391e-08,4.08163742148642e-10,NA
1.9,2.4,"yes","strain2_reentered_before_strain1_escaped",0.999999982127139,0.991933406477703,1.7872860746948e-08,0.00806659352229722,0.991933388749015,0.00806659337812411,1.77286876442218e-08,1.44173102726251e-10,NA
1.9,2.45,"yes","strain2_reentered_before_strain1_escaped",0.999999993104539,0.992007895352458,6.89546086896087e-09,0.00799210464754163,0.992007888512107,0.00799210459243239,6.8403516241031e-09,5.51092448577636e-11,NA
1.9,2.5,"yes","strain2_reentered_before_strain1_escaped",0.99999999717521,0.991989171032406,2.82478951341147e-09,0.00801082896759397,0.991989168230245,0.00801082894496507,2.80216060775008e-09,2.26289056613923e-11,NA
1.9,2.55,"yes","strain2_reentered_before_strain1_escaped",0.999999998777231,0.991888434185529,1.22276866409976e-09,0.00811156581447081,0.991888432972679,0.00811156580455224,1.21285009560504e-09,9.91856849471776e-12,NA
1.9,2.6,"yes","strain2_reentered_before_strain1_escaped",0.999999999443128,0.991712647375269,5.56871770918121e-10,0.0082873526247309,0.991712646823012,0.00828735262011591,5.52256778185765e-10,4.61499273235684e-12,NA
1.9,2.65,"yes","strain2_reentered_before_strain1_escaped",0.999999999734202,0.991465487844209,2.65797606147089e-10,0.00853451215579137,0.991465487580679,0.00853451215352292,2.63529153246446e-10,2.26845290064258e-12,NA
1.9,2.7,"yes","strain2_reentered_before_strain1_escaped",0.999999999867498,0.99114851225228,1.32501898342241e-10,0.00885148774772027,0.991148512120951,0.00885148774654743,1.31329059412515e-10,1.17283892972602e-12,NA
1.9,2.75,"yes","strain2_reentered_before_strain1_escaped",0.999999999931229,0.990761313544541,6.8770766858961e-11,0.00923868645545911,0.990761313476406,0.00923868645482376,6.81354153066496e-11,6.35351552311419e-13,NA
1.9,2.8,"yes","strain2_reentered_before_strain1_escaped",0.999999999962943,0.990302053068214,3.7056913093636e-11,0.00969794693178594,0.990302053031517,0.00969794693142656,3.66975371169981e-11,3.59375976637886e-13,NA
1.9,2.85,"yes","strain2_reentered_before_strain1_escaped",0.999999999979323,0.989767574900963,2.06767936106189e-11,0.0102324250990372,0.989767574880498,0.0102324250988256,2.046521986871e-11,2.11573741908909e-13,NA
1.9,2.9,"yes","strain2_reentered_before_strain1_escaped",0.999999999988081,0.989153595123237,1.19186882585609e-11,0.0108464048767627,0.989153595111448,0.0108464048766334,1.17894133401086e-11,1.29274918452269e-13,NA
1.9,2.95,"yes","strain2_reentered_before_strain1_escaped",0.999999999992918,0.988454861694167,7.08211267408387e-12,0.0115451383058327,0.988454861687167,0.0115451383057509,7.00034870376408e-12,8.1763970319789e-14,NA
1.9,3,"yes","strain2_reentered_before_strain1_escaped",0.999999999995671,0.987664905165879,4.32864855071102e-12,0.0123350948341211,0.987664905161604,0.0123350948340677,4.27525426033442e-12,5.33942903766013e-14,NA
1.95,1.2,"yes","strain1_reentered_before_strain2_escaped",0.987225801147453,1,0.0127741988525467,0,0.987225801147453,0,0.0127741988525467,0,NA
1.95,1.25,"yes","strain1_reentered_before_strain2_escaped",0.987215466351336,1,0.0127845336486645,0,0.987215466351336,0,0.0127845336486645,0,NA
1.95,1.3,"yes","strain1_reentered_before_strain2_escaped",0.98719837432213,1,0.01280162567787,1.11022302462516e-16,0.98719837432213,1.09601036504495e-16,0.01280162567787,1.42126595802039e-18,NA
1.95,1.35,"yes","strain1_reentered_before_strain2_escaped",0.987169954333427,0.999999999999995,0.0128300456665726,4.66293670342566e-15,0.987169954333423,4.60311101258037e-15,0.0128300456665726,5.98256908452889e-17,NA
1.95,1.4,"yes","strain1_reentered_before_strain2_escaped",0.987122575292166,0.999999999999841,0.0128774247078344,1.58539847916472e-13,0.987122575292009,1.56498262961736e-13,0.0128774247078323,2.04158495473588e-15,NA
1.95,1.45,"yes","strain1_reentered_before_strain2_escaped",0.987043610782105,0.999999999996116,0.0129563892178948,3.88422627395357e-12,0.987043610778271,3.83390072653786e-12,0.0129563892178444,5.03255474157156e-14,NA
1.95,1.5,"yes","strain1_reentered_before_strain2_escaped",0.986912460057868,0.9999999999271,0.0130875399421315,7.28999083321469e-11,0.986912459985923,7.19458278700722e-11,0.0130875399411774,9.54080462074699e-13,NA
1.95,1.55,"yes","strain1_reentered_before_strain2_escaped",0.986696259797919,0.999999998902708,0.0133037402020809,1.09729192399044e-09,0.986696258715225,1.08269383730783e-09,0.0133037401874828,1.45980866826103e-11,NA
1.95,1.6,"yes","strain1_reentered_before_strain2_escaped",0.986344678616316,0.999999986241941,0.0136553213836837,1.37580593584374e-08,0.986344665046128,1.35701886362822e-08,0.013655321195813,1.87870722155261e-10,NA
1.95,1.65,"yes","strain1_reentered_before_strain2_escaped",0.985786987925313,0.999999851648493,0.0142130120746874,1.48351507411881e-07,0.985786841682327,1.46242985645738e-07,0.0142130099661656,2.10852176614314e-09,NA
1.95,1.7,"yes","strain2_first_strain1_later",0.99888241448594,0.999999918641358,0.00111758551406038,8.13586420456147e-08,0.998882333218223,8.12677168058209e-08,0.00111758542313514,9.09252397938029e-11,NA
1.95,1.75,"yes","strain2_first_strain1_later",0.998312746991466,0.99999896316611,0.00168725300853378,1.03683389041098e-06,0.998311711906977,1.03508448931004e-06,0.00168725125913268,1.74940110094572e-09,NA
1.95,1.8,"yes","strain2_first_strain1_later",0.99701822086543,0.999986104133134,0.0029817791345701,1.38958668656208e-05,0.99700436643297,1.38544324597442e-05,0.00298173770016422,4.14344058766721e-08,NA
1.95,1.85,"yes","strain2_first_strain1_later",0.994603461386485,0.999829437674165,0.00539653861351475,0.000170562325835011,0.994433819506828,0.000169641879657631,0.00539561816733737,9.2044617737952e-07,NA
1.95,1.9,"yes","strain2_first_strain1_later",0.991706868142628,0.998425821943736,0.00829313185737224,0.00157417805626359,0.990145744952552,0.00156112319007601,0.00828007699118466,1.30548661875759e-05,NA
1.95,1.95,"yes","both_strains_reentered_same_step",0.991130585509087,0.991130585509087,0.00886941449091327,0.00886941449091327,0.982339837531585,0.00879074797750165,0.00879074797750165,7.86665134116224e-05,NA
1.95,2,"yes","strain1_first_strain2_later",0.998474555970483,0.992628380082989,0.00152544402951749,0.00737161991701085,0.991114181047062,0.00736037492342058,0.00151419903592721,1.12449935902764e-05,NA
1.95,2.05,"yes","strain1_first_strain2_later",0.999790167257655,0.995351437637493,0.000209832742344762,0.00464856236250732,0.995142580315736,0.00464758694191884,0.000208857321756277,9.75420588485558e-07,NA
1.95,2.1,"yes","strain1_first_strain2_later",0.999971667526952,0.997314779272003,2.83324730475654e-05,0.00268522072799715,0.997286522877899,0.00268514464905325,2.82563941036626e-05,7.60789439027431e-08,NA
1.95,2.15,"yes","strain1_first_strain2_later",0.999995736097272,0.998401242346267,4.26390272767474e-06,0.00159875765373285,0.998396985260487,0.00159875083678573,4.2570857805541e-06,6.81694712064237e-09,NA
1.95,2.2,"yes","strain1_first_strain2_later",0.999999244173745,0.998965242240326,7.55826255360859e-07,0.00103475775967365,0.998964487196168,0.00103475697757657,7.55044158278159e-07,7.8209708269973e-10,NA
1.95,2.25,"yes","strain1_first_strain2_later",0.999999839649733,0.999258596968935,1.60350267175424e-07,0.000741403031065291,0.999258436737552,0.000741402912181117,1.60231383001308e-07,1.18884174115989e-10,NA
1.95,2.3,"yes","strain1_first_strain2_later",0.99999995932977,0.999410050371702,4.06702298505479e-08,0.000589949628297615,0.999410009725466,0.000589949604304228,4.06462364635648e-08,2.39933869831093e-11,NA
1.95,2.35,"yes","strain2_reentered_before_strain1_escaped",0.999999755609847,0.991522706374583,2.44390153003593e-07,0.00847729362541716,0.991522464056197,0.00847729155365007,2.42318385917421e-07,2.07176708617208e-09,NA
1.95,2.4,"yes","strain2_reentered_before_strain1_escaped",0.999999913393523,0.991763284124041,8.66064767679475e-08,0.00823671587595898,0.991763198230917,0.00823671516260603,8.58931238257921e-08,7.13352942155426e-10,NA
1.95,2.45,"yes","strain2_reentered_before_strain1_escaped",0.99999996716372,0.991877853811223,3.28362798063253e-08,0.00812214618877716,0.991877821241644,0.00812214592207609,3.25695787414427e-08,2.66701064882565e-10,NA
1.95,2.5,"yes","strain2_reentered_before_strain1_escaped",0.999999986757832,0.991888184461661,1.3242168028782e-08,0.00811181553833928,0.991888171326911,0.00811181543092126,1.31347500044048e-08,1.07418024377173e-10,NA
1.95,2.55,"yes","strain2_reentered_before_strain1_escaped",0.999999994349084,0.991808721955874,5.6509160684115e-09,0.00819127804412556,0.991808716351247,0.00819127799783734,5.60462784369113e-09,4.62882247203755e-11,NA
1.95,2.6,"yes","strain2_reentered_before_strain1_escaped",0.999999997459957,0.991648721961002,2.54004262068008e-09,0.00835127803899849,0.991648719442171,0.00835127801778589,2.51883001852388e-09,2.12126021562057e-11,NA
1.95,2.65,"yes","strain2_reentered_before_strain1_escaped",0.999999998802237,0.991413453448823,1.19776311091613e-09,0.00858654655117719,0.991413452261344,0.00858654654089254,1.18747846220696e-09,1.02846487091641e-11,NA
1.95,2.7,"yes","strain2_reentered_before_strain1_escaped",0.99999999940962,0.991105528373263,5.90379856113543e-10,0.00889447162673651,0.991105527788135,0.00889447162148539,5.85128739234344e-10,5.25111687919869e-12,NA
1.95,2.75,"yes","strain2_reentered_before_strain1_escaped",0.999999999696811,0.990725321875594,3.03189140460347e-10,0.0092746781244063,0.990725321575217,0.00927467812159432,3.00377158771762e-10,2.81198168858513e-12,NA
1.95,2.8,"yes","strain2_reentered_before_strain1_escaped",0.999999999838252,0.990271530152228,1.61747837346127e-10,0.00972846984777198,0.990271529992054,0.00972846984619842,1.60174278387563e-10,1.57355895856412e-12,NA
1.95,2.85,"yes","strain2_reentered_before_strain1_escaped",0.999999999910598,0.989741377734994,8.94020413255703e-11,0.0102586222650064,0.989741377646509,0.0102586222640893,8.84848995538908e-11,9.17141771679518e-13,NA
1.95,2.9,"yes","strain2_reentered_before_strain1_escaped",0.999999999948926,0.989130859697499,5.10737008241335e-11,0.0108691403025014,0.98913085964698,0.0108691403019463,5.05185736041081e-11,5.55127220025489e-13,NA
1.95,2.95,"yes","strain2_reentered_before_strain1_escaped",0.999999999969912,0.988434925630382,3.00883762349713e-11,0.0115650743696178,0.988434925600642,0.0115650743692699,2.97404019261528e-11,3.47974308818485e-13,NA
1.95,3,"yes","strain2_reentered_before_strain1_escaped",0.999999999981757,0.987647256582599,1.82425186068258e-11,0.0123527434174012,0.987647256564582,0.0123527434171759,1.80171734551885e-11,2.25345151637287e-13,NA
2,1.2,"yes","strain1_reentered_before_strain2_escaped",0.988640541527039,1,0.0113594584729608,0,0.988640541527039,0,0.0113594584729608,0,NA
2,1.25,"yes","strain1_reentered_before_strain2_escaped",0.98863313378973,1,0.0113668662102703,0,0.98863313378973,0,0.0113668662102703,0,NA
2,1.3,"yes","strain1_reentered_before_strain2_escaped",0.988621170240113,1,0.0113788297598868,0,0.988621170240113,0,0.0113788297598868,0,NA
2,1.35,"yes","strain1_reentered_before_strain2_escaped",0.98860174266069,0.999999999999999,0.0113982573393097,9.99200722162641e-16,0.988601742660689,9.87811575197807e-16,0.0113982573393096,1.13891469648338e-17,NA
2,1.4,"yes","strain1_reentered_before_strain2_escaped",0.988570096911513,0.999999999999966,0.0114299030884867,3.39728245535298e-14,0.98857009691148,3.35845184612408e-14,0.0114299030884863,3.88306092289006e-16,NA
2,1.45,"yes","strain1_reentered_before_strain2_escaped",0.988518516303693,0.999999999999182,0.0114814836963074,8.1779027993889e-13,0.988518516302884,8.08400834172773e-13,0.011481483696298,9.38944576611705e-15,NA
2,1.5,"yes","strain1_reentered_before_strain2_escaped",0.98843461074492,0.999999999984948,0.0115653892550796,1.50516266117506e-11,0.988434610730043,1.48775486910636e-11,0.0115653892549055,1.7407792068701e-13,NA
2,1.55,"yes","strain1_reentered_before_strain2_escaped",0.988298814263663,0.999999999778322,0.0117011857363373,2.21677787237695e-10,0.988298814044579,2.19083894275607e-10,0.0117011857337434,2.59389296208853e-12,NA
2,1.6,"yes","strain1_reentered_before_strain2_escaped",0.988081057023989,0.999999997289523,0.0119189429760115,2.71047695399318e-09,0.988081054345818,2.67817093374074e-09,0.0119189429437055,3.2306020252438e-11,NA
2,1.65,"yes","strain1_reentered_before_strain2_escaped",0.987737401052435,0.999999971624595,0.0122625989475654,2.83754051366714e-08,0.987737373024986,2.80274489235057e-08,0.0122625985996092,3.47956213165689e-10,NA
2,1.7,"yes","strain1_reentered_before_strain2_escaped",0.987210361703838,0.999999738934392,0.0127896382961619,2.61065607909394e-07,0.987210103977165,2.57726673212665e-07,0.0127896349572272,3.33893469672877e-09,NA
2,1.75,"yes","strain2_first_strain1_later",0.998943868568828,0.999999866454453,0.00105613143117222,1.3354554662115e-07,0.998943735164323,1.3340450497187e-07,0.00105613129013058,1.41041649279672e-10,NA
2,1.8,"yes","strain2_first_strain1_later",0.998366325983882,0.999998471422916,0.00163367401611803,1.52857708357601e-06,0.998364799903995,1.52607988691294e-06,0.00163367151892136,2.4971966630716e-09,NA
2,1.85,"yes","strain2_first_strain1_later",0.997148973032758,0.999982095895598,0.00285102696724193,1.79041044019446e-05,0.997131119973441,1.78530593174703e-05,0.00285097592215746,5.10450844742589e-08,NA
2,1.9,"yes","strain2_first_strain1_later",0.99502059459307,0.999810373530588,0.00497940540692998,0.000189626469412452,0.994831912350725,0.000188682242345362,0.00497846117986289,9.44227067089405e-07,NA
2,1.95,"yes","strain2_first_strain1_later",0.992628380082989,0.998474555970483,0.00737161991701085,0.00152544402951749,0.991114181047062,0.00151419903592721,0.00736037492342058,1.12449935902764e-05,NA
2,2,"yes","both_strains_reentered_same_step",0.992180142720822,0.992180142720822,0.007819857279178,0.007819857279178,0.984421435609511,0.00775870711131129,0.00775870711131129,6.11501678667131e-05,NA
2,2.05,"yes","strain1_first_strain2_later",0.99850860604307,0.993341216093988,0.00149139395692999,0.00665878390601249,0.991859753007135,0.00664885303593456,0.00148146308685206,9.93087007792968e-06,NA
2,2.1,"yes","strain1_first_strain2_later",0.999768523868653,0.995611033261153,0.000231476131346997,0.00438896673884726,0.995380573070847,0.00438795079780594,0.000230460190305678,1.01594104131901e-06,NA
2,2.15,"yes","strain1_first_strain2_later",0.999965031462048,0.997358514207251,3.49685379517073e-05,0.00264148579274914,0.997323638038195,0.00264139342385295,3.48761690555146e-05,9.2368896192644e-08,NA
2,2.2,"yes","strain1_first_strain2_later",0.99999422099499,0.998381463762512,5.77900501042006e-06,0.00161853623748787,0.998375694111031,0.00161852688395884,5.76965148139407e-06,9.35352902598881e-09,NA
2,2.25,"yes","strain1_first_strain2_later",0.999998896684836,0.998935909156948,1.10331516356421e-06,0.00106409084305226,0.998934807015812,0.00106408966902469,1.10214113600166e-06,1.17402756254938e-09,NA
2,2.3,"yes","strain1_first_strain2_later",0.999999752227117,0.999234367486437,2.47772882655539e-07,0.000765632513563319,0.999234119903257,0.000765632323860344,2.47583179680599e-07,1.8970297494039e-10,NA
2,2.35,"yes","strain1_first_strain2_later",0.999999934492958,0.999394344185212,6.55070421240467e-08,0.000605655814788109,0.999394278717844,0.000605655775113388,6.54673674030747e-08,3.96747209719984e-11,NA
2,2.4,"yes","strain1_first_strain2_later",0.999999979714005,0.999473544902523,2.02859948839063e-08,0.000526455097477285,0.999473524627208,0.00052645508679762,2.02753152184922e-08,1.06796654140306e-11,NA
2,2.45,"yes","strain2_reentered_before_strain1_escaped",0.999999853458903,0.991703217085571,1.46541097367781e-07,0.00829678291442859,0.991703071760294,0.00829678169860892,1.45325277694878e-07,1.21581967290262e-09,NA
2,2.5,"yes","strain2_reentered_before_strain1_escaped",0.999999941891838,0.991752300485292,5.81081619488444e-08,0.00824769951470794,0.991752242856389,0.00824769903544928,5.76289032897383e-08,4.79258659106054e-10,NA
2,2.55,"yes","strain2_reentered_before_strain1_escaped",0.999999975578553,0.991701629487656,2.44214469757864e-08,0.0082983705123435,0.991701605268868,0.00829837030968529,2.42187887603338e-08,2.02658215452626e-10,NA
2,2.6,"yes","strain2_reentered_before_strain1_escaped",0.999999989173989,0.991563066914463,1.08260110875946e-08,0.00843693308553739,0.99156305617979,0.00843693299419906,1.07346727564653e-08,9.13383311293217e-11,NA
2,2.65,"yes","strain2_reentered_before_strain1_escaped",0.999999994959588,0.991344008985297,5.04041175464209e-09,0.00865599101470282,0.991344003988515,0.00865599097107306,4.99678199578351e-09,4.36297588585845e-11,NA
2,2.7,"yes","strain2_reentered_before_strain1_escaped",0.999999997544655,0.991048416465119,2.45534548248827e-09,0.00895158353488146,0.991048414031752,0.00895158351290223,2.43336625229478e-09,2.19792301934876e-11,NA
2,2.75,"yes","strain2_reentered_before_strain1_escaped",0.999999998752816,0.990677732927203,1.24718357863429e-09,0.00932226707279693,0.990677731691646,0.00932226706117035,1.23555700022546e-09,1.16265784088355e-11,NA
2,2.8,"yes","strain2_reentered_before_strain1_escaped",0.999999999341446,0.990231379468516,6.5855443320828e-10,0.00976862053148442,0.990231378816394,0.00976862052505125,6.52121264850942e-10,6.43316835733849e-12,NA
2,2.85,"yes","strain2_reentered_before_strain1_escaped",0.999999999639503,0.98970709446545,3.60496965612356e-10,0.0102929055345495,0.989707094108664,0.010292905530839,3.56786404399816e-10,3.71056121253973e-12,NA
2,2.9,"yes","strain2_reentered_before_strain1_escaped",0.999999999795933,0.989101258509292,2.04067207576486e-10,0.0108987414907085,0.989101258307448,0.0108987414884844,2.01843131834379e-10,2.22407574210686e-12,NA
2,2.95,"yes","strain2_reentered_before_strain1_escaped",0.999999999880818,0.98840910384209,1.19181997604301e-10,0.0115908961579098,0.98840910372429,0.0115908961565283,1.17800571446177e-10,1.3814261581237e-12,NA
2,3,"yes","strain2_reentered_before_strain1_escaped",0.999999999928334,0.987624510652581,7.16657844179736e-11,0.0123754893474192,0.987624510581802,0.0123754893465323,7.07788852663345e-11,8.8689915163907e-13,NA
2.05,1.2,"yes","strain1_reentered_before_strain2_escaped",0.989716568333818,1,0.0102834316661823,0,0.989716568333818,0,0.0102834316661823,0,NA
2.05,1.25,"yes","strain1_reentered_before_strain2_escaped",0.989711092221756,1,0.0102889077782443,0,0.989711092221756,0,0.0102889077782443,0,NA
2.05,1.3,"yes","strain1_reentered_before_strain2_escaped",0.98970243781517,1,0.0102975621848298,0,0.98970243781517,0,0.0102975621848298,0,NA
2.05,1.35,"yes","strain1_reentered_before_strain2_escaped",0.989688684995805,1,0.0103113150041946,2.22044604925031e-16,0.989688684995805,2.19755033058667e-16,0.0103113150041946,2.28957186636393e-18,NA
2.05,1.4,"yes","strain1_reentered_before_strain2_escaped",0.989666755987059,0.999999999999992,0.0103332440129408,8.21565038222616e-15,0.989666755987051,8.1307560621016e-15,0.0103332440129407,8.48943201245531e-17,NA
2.05,1.45,"yes","strain1_reentered_before_strain2_escaped",0.989631745505591,0.999999999999808,0.0103682544944087,1.9240165016754e-13,0.989631745505401,1.90406780893458e-13,0.0103682544944067,1.99486927408124e-15,NA
2.05,1.5,"yes","strain1_reentered_before_strain2_escaped",0.989575902905862,0.999999999996522,0.0104240970941383,3.47821771384815e-12,0.98957590290242,3.44196043468445e-12,0.010424097094102,3.62572791637048e-14,NA
2.05,1.55,"yes","strain1_reentered_before_strain2_escaped",0.989487137570849,0.999999999949769,0.0105128624291508,5.02311525707455e-11,0.989487137521146,4.97030793741116e-11,0.0105128624286228,5.28073196633934e-13,NA
2.05,1.6,"yes","strain1_reentered_before_strain2_escaped",0.989346955845641,0.999999999399136,0.0106530441543586,6.00864025201986e-10,0.989346955251178,5.94462994210743e-10,0.0106530441479576,6.40103099124242e-12,NA
2.05,1.65,"yes","strain1_reentered_before_strain2_escaped",0.989127987045825,0.999999993866149,0.0108720129541745,6.13385098269248e-09,0.989127980978662,6.06716367534967e-09,0.0108720128874872,6.66873073428086e-11,NA
2.05,1.7,"yes","strain1_reentered_before_strain2_escaped",0.988792167901064,0.999999945188329,0.0112078320989365,5.48116707577151e-08,0.988792113703713,5.41973507548004e-08,0.0112078314846165,6.14320002914658e-10,NA
2.05,1.75,"yes","strain1_reentered_before_strain2_escaped",0.988293708206367,0.999999561965469,0.0117062917936333,4.38034530536591e-07,0.988293275299596,4.32906770506442e-07,0.0117062866658732,5.12776003014849e-09,NA
2.05,1.8,"yes","strain2_first_strain1_later",0.998976018997173,0.999999786368935,0.00102398100282675,2.13631065282271e-07,0.998975805584862,2.13412311129809e-07,0.00102398078407259,2.18754152462686e-10,NA
2.05,1.85,"yes","strain2_first_strain1_later",0.998396072262114,0.999997801841813,0.00160392773788609,2.19815818702784e-06,0.998393877629614,2.19463250013941e-06,0.0016039242121992,3.52568688843536e-09,NA
2.05,1.9,"yes","strain2_first_strain1_later",0.99724613288228,0.99997731697827,0.0027538671177203,2.268302173003e-05,0.997223512326577,2.26205557023571e-05,0.00275380465169263,6.24660276728646e-08,NA
2.05,1.95,"yes","strain2_first_strain1_later",0.995351437637493,0.999790167257655,0.00464856236250732,0.000209832742344762,0.995142580315736,0.000208857321756277,0.00464758694191884,9.75420588485558e-07,NA
2.05,2,"yes","strain2_first_strain1_later",0.993341216093988,0.99850860604307,0.00665878390601249,0.00149139395692999,0.991859753007135,0.00148146308685206,0.00664885303593456,9.93087007792968e-06,NA
2.05,2.05,"yes","both_strains_reentered_same_step",0.992978838051372,0.992978838051372,0.00702116194862812,0.00702116194862812,0.986006972817853,0.00697186523351925,0.00697186523351925,4.92967151088634e-05,NA
2.05,2.1,"yes","strain1_first_strain2_later",0.998528993751773,0.993893062279361,0.00147100624822694,0.00610693772063886,0.992431039374679,0.00609795437709427,0.00146202290468234,8.98334354459253e-06,NA
2.05,2.15,"yes","strain1_first_strain2_later",0.999745114993941,0.995810927060782,0.000254885006058636,0.00418907293921789,0.995557109786605,0.00418800520733639,0.000253817274177143,1.06773188149262e-06,NA
2.05,2.2,"yes","strain1_first_strain2_later",0.999957273438142,0.997379895149337,4.27265618579975e-05,0.00262010485066266,0.997337280535551,0.00261999290259069,4.26146137860212e-05,1.11948071976278e-07,NA
2.05,2.25,"yes","strain1_first_strain2_later",0.999992287324303,0.998348480760619,7.71267569665834e-06,0.00165151923938067,0.998340780822555,0.00165150650174837,7.69993806435821e-06,1.2737632300135e-08,NA
2.05,2.3,"yes","strain1_first_strain2_later",0.999998418885849,0.998895785353617,1.58111415149431e-06,0.00110421464638255,0.998894205985355,0.00110421290049315,1.57936826209063e-06,1.74588940368274e-09,NA
2.05,2.35,"yes","strain1_first_strain2_later",0.999999624608645,0.999200262809422,3.7539135477882e-07,0.000799737190578464,0.999199887718281,0.000799736890364037,3.75091140351382e-07,3.00214427438257e-10,NA
2.05,2.4,"yes","strain1_first_strain2_later",0.999999896497027,0.999368838590685,1.03502973192171e-07,0.000631161409314629,0.999368735153039,0.000631161343987547,1.03437646109743e-07,6.5327082428225e-11,NA
2.05,2.45,"yes","strain1_first_strain2_later",0.999999967014841,0.999457570836716,3.29851588265484e-08,0.000542429163283842,0.999457537869449,0.00054242914539173,3.29672667144453e-08,1.78921121030693e-11,NA
2.05,2.5,"yes","strain2_reentered_before_strain1_escaped",0.999999759462985,0.991573200895317,2.4053701497273e-07,0.00842679910468336,0.991572962385259,0.00842679707772626,2.38510057870315e-07,2.02695710241541e-09,NA
2.05,2.55,"yes","strain2_reentered_before_strain1_escaped",0.999999900540744,0.991559818393428,9.9459256386325e-08,0.00844018160657167,0.991559719773626,0.00844018076711749,9.86198021999699e-08,8.39454186355157e-10,NA
2.05,2.6,"yes","strain2_reentered_before_strain1_escaped",0.999999956556533,0.991449616987106,4.34434671570116e-08,0.00855038301289435,0.991449573915097,0.00855038264143606,4.30720088734111e-08,3.71458283600546e-10,NA
2.05,2.65,"yes","strain2_reentered_before_strain1_escaped",0.999999980044165,0.991252175296909,1.99558354285756e-08,0.00874782470309132,0.991252155515643,0.00874782452852117,1.97812652784427e-08,1.74570150132919e-10,NA
2.05,2.7,"yes","strain2_reentered_before_strain1_escaped",0.999999990398295,0.990973093317765,9.60170476460576e-09,0.00902690668223549,0.990973083802733,0.0090269065955618,9.51503107170528e-09,8.66736929004721e-11,NA
2.05,2.75,"yes","strain2_reentered_before_strain1_escaped",0.999999995178288,0.990615193833745,4.82171191862335e-09,0.0093848061662547,0.990615189057284,0.00938480612100387,4.77646108687755e-09,4.52508317458002e-11,NA
2.05,2.8,"yes","strain2_reentered_before_strain1_escaped",0.999999997480921,0.990178835340391,2.51907927850681e-09,0.00982116465960892,0.990178832846052,0.00982116463486862,2.49433898612198e-09,2.47402923848242e-11,NA
2.05,2.85,"yes","strain2_reentered_before_strain1_escaped",0.999999998634706,0.989662424982203,1.36529398897522e-09,0.0103375750177969,0.989662423631023,0.010337575003683,1.35118015994285e-09,1.41138290323785e-11,NA
2.05,2.9,"yes","strain2_reentered_before_strain1_escaped",0.999999999234356,0.989062862304393,7.65643770606061e-10,0.0109371376956069,0.989062861547123,0.0109371376872329,7.57269819261159e-10,8.37395134490215e-12,NA
2.05,2.95,"yes","strain2_reentered_before_strain1_escaped",0.999999999556783,0.988375767177247,4.43217018641917e-10,0.0116242328227532,0.988375766739182,0.0116242328176011,4.38064960826217e-10,5.15205781570017e-12,NA
2.05,3,"yes","strain2_reentered_before_strain1_escaped",0.999999999735716,0.987595277679609,2.6428415011992e-10,0.0124047223203915,0.987595277418603,0.0124047223171131,2.61005778624002e-10,3.27837149591826e-12,NA
2.1,1.2,"yes","strain1_reentered_before_strain2_escaped",0.990535273261216,1,0.00946472673878351,0,0.990535273261216,0,0.00946472673878351,0,NA
2.1,1.25,"yes","strain1_reentered_before_strain2_escaped",0.99053111386168,1,0.00946888613831998,0,0.99053111386168,0,0.00946888613831998,0,NA
2.1,1.3,"yes","strain1_reentered_before_strain2_escaped",0.990524668805449,1,0.00947533119455113,0,0.990524668805449,0,0.00947533119455113,0,NA
2.1,1.35,"yes","strain1_reentered_before_strain2_escaped",0.990514627498629,1,0.00948537250137083,1.11022302462516e-16,0.990514627498629,1.09969214567699e-16,0.00948537250137082,1.05308789481682e-18,NA
2.1,1.4,"yes","strain1_reentered_before_strain2_escaped",0.990498927054636,0.999999999999998,0.00950107294536406,2.22044604925031e-15,0.990498927054634,2.19934942936514e-15,0.00950107294536404,2.10966198851727e-17,NA
2.1,1.45,"yes","strain1_reentered_before_strain2_escaped",0.990474335502519,0.99999999999995,0.0095256644974806,5.01820807130571e-14,0.99047433550247,4.9704063048399e-14,0.00952566449748012,4.78017664658074e-16,NA
2.1,1.5,"yes","strain1_reentered_before_strain2_escaped",0.990435824579477,0.999999999999109,0.00956417542052279,8.90731932656763e-13,0.990435824578595,8.82212816200172e-13,0.00956417542051427,8.51911645659058e-15,NA
2.1,1.55,"yes","strain1_reentered_before_strain2_escaped",0.99037565043881,0.999999999987366,0.00962434956118963,1.26338939310244e-11,0.990375650426298,1.25123009195133e-11,0.00962434956106803,1.21593011511171e-13,NA
2.1,1.6,"yes","strain1_reentered_before_strain2_escaped",0.990282063833436,0.999999999851806,0.00971793616656436,1.481941236392e-10,0.990282063686682,1.46753982605415e-10,0.00971793616512421,1.4401410337857e-12,NA
2.1,1.65,"yes","strain1_reentered_before_strain2_escaped",0.990137647989086,0.999999998519969,0.00986235201091368,1.48003065358893e-09,0.990137646523652,1.46543407029629e-09,0.00986235199631709,1.45965832926366e-11,NA
2.1,1.7,"yes","strain1_reentered_before_strain2_escaped",0.989917601396072,0.999999987101345,0.0100823986039281,1.28986553660226e-08,0.989917588627466,1.27686059811677e-08,0.0100823984738787,1.30049384854937e-10,NA
2.1,1.75,"yes","strain1_reentered_before_strain2_escaped",0.989589312678066,0.999999899811151,0.0104106873219338,1.00188848550786e-07,0.989589213532252,9.91458137753794e-08,0.0104106862788991,1.04303477540682e-09,NA
2.1,1.8,"yes","strain2_first_strain1_later",0.999256735367781,0.999999961766387,0.000743264632219187,3.8233613053329e-08,0.999256697162585,3.82051953609845e-08,0.000743264603801495,2.84176923444933e-11,NA
2.1,1.85,"yes","strain2_first_strain1_later",0.998987465784552,0.999999666809283,0.00101253421544778,3.33190716794718e-07,0.998987132931202,3.32853349793694e-07,0.00101253387808078,3.37367001024223e-10,NA
2.1,1.9,"yes","strain2_first_strain1_later",0.998406716743443,0.999996908247928,0.00159328325655683,3.09175207202639e-06,0.998403629917408,3.0868260352166e-06,0.00159327833052002,4.92603680978454e-09,NA
2.1,1.95,"yes","strain2_first_strain1_later",0.997314779272003,0.999971667526952,0.00268522072799715,2.83324730475654e-05,0.997286522877899,2.82563941036626e-05,0.00268514464905325,7.60789439027431e-08,NA
2.1,2,"yes","strain2_first_strain1_later",0.995611033261153,0.999768523868653,0.00438896673884726,0.000231476131346997,0.995380573070847,0.000230460190305678,0.00438795079780594,1.01594104131901e-06,NA
2.1,2.05,"yes","strain2_first_strain1_later",0.993893062279361,0.998528993751773,0.00610693772063886,0.00147100624822694,0.992431039374679,0.00146202290468234,0.00609795437709427,8.98334354459253e-06,NA
2.1,2.1,"yes","both_strains_reentered_same_step",0.993588667362887,0.993588667362887,0.00641133263711291,0.00641133263711291,0.987218439911958,0.0063702274509292,0.0063702274509292,4.11051861837092e-05,NA
2.1,2.15,"yes","strain1_first_strain2_later",0.998536545606604,0.994318585000001,0.00146345439339635,0.00568141499999886,0.992863445098347,0.0056731005082564,0.00145513990165389,8.31449174245623e-06,NA
2.1,2.2,"yes","strain1_first_strain2_later",0.99971958374544,0.995960036310518,0.000280416254560434,0.00403996368948212,0.995680752927444,0.00403883081799575,0.000279283383074069,1.13287148636473e-06,NA
2.1,2.25,"yes","strain1_first_strain2_later",0.999948235480514,0.997380697874059,5.1764519486408e-05,0.00261930212594141,0.997329068941488,0.00261916653902547,5.16289325704689e-05,1.35586915939084e-07,NA
2.1,2.3,"yes","strain1_first_strain2_later",0.999989846196852,0.998302834261732,1.01538031479498e-05,0.00169716573826839,0.99829269769127,0.00169714850558158,1.0136570461134e-05,1.72326868158221e-08,NA
2.1,2.35,"yes","strain1_first_strain2_later",0.999997771906679,0.998845203247399,2.22809332139917e-06,0.00115479675260133,0.998842977727072,0.0011547941796064,2.22552032646713e-06,2.57299493204447e-09,NA
2.1,2.4,"yes","strain1_first_strain2_later",0.999999441620041,0.999156681228533,5.58379958714994e-07,0.000843318771466928,0.999156123319467,0.000843318300574627,5.57909066414199e-07,4.70892300795283e-10,NA
2.1,2.45,"yes","strain1_first_strain2_later",0.999999839477201,0.999334254273427,1.60522799053098e-07,0.000665745726572631,0.999334093857496,0.000665745619705263,1.60415931685611e-07,1.06867367487077e-10,NA
2.1,2.5,"yes","strain1_first_strain2_later",0.999999947245693,0.999431774698611,5.27543074779757e-08,0.000568225301388781,0.99943172197428,0.000568225271412448,5.27243311457095e-08,2.99763322662292e-11,NA
2.1,2.55,"yes","strain1_first_strain2_later",0.999999980287356,0.999476412170694,1.97126440726336e-08,0.000523587829306171,0.999476392468371,0.000523587818984871,1.97023227721137e-08,1.03213005198754e-11,NA
2.1,2.6,"yes","strain2_reentered_before_strain1_escaped",0.999999834760523,0.991301809781119,1.65239477101231e-07,0.0086981902188813,0.991301645978926,0.00869818878159689,1.63802192697736e-07,1.43728440349499e-09,NA
2.1,2.65,"yes","strain2_reentered_before_strain1_escaped",0.999999925172745,0.991132165333616,7.482725472574e-08,0.00886783466638363,0.991132091169917,0.00886783400282791,7.41636990022928e-08,6.63555723447236e-10,NA
2.1,2.7,"yes","strain2_reentered_before_strain1_escaped",0.999999964464053,0.990874743669792,3.55359465187277e-08,0.00912525633020844,0.99087470845812,0.00912525600593382,3.52116718978077e-08,3.24274620919969e-10,NA
2.1,2.75,"yes","strain2_reentered_before_strain1_escaped",0.999999982367489,0.990533671141656,1.76325108958153e-08,0.00946632885834431,0.99053365367606,0.00946632869142916,1.74655957490772e-08,1.66915146738127e-10,NA
2.1,2.8,"yes","strain2_reentered_before_strain1_escaped",0.999999990889577,0.990110531223028,9.11042308260335e-09,0.00988946877697194,0.990110522202702,0.0098894686868747,9.02032583798294e-09,9.00972446204103e-11,NA
2.1,2.85,"yes","strain2_reentered_before_strain1_escaped",0.999999995112992,0.989604548657751,4.88700813150444e-09,0.010395451342249,0.989604543821546,0.0103954512914463,4.83620547626421e-09,5.08026552402294e-11,NA
2.1,2.9,"yes","strain2_reentered_before_strain1_escaped",0.999999997285736,0.989013294600946,2.71426425779708e-09,0.0109867053990539,0.989013291916503,0.0109867053692331,2.68444343602148e-09,2.98208217755982e-11,NA
2.1,2.95,"yes","strain2_reentered_before_strain1_escaped",0.999999998442963,0.988332904843774,1.55703672177765e-09,0.0116670951562263,0.988332903304903,0.0116670951380602,1.53887062618293e-09,1.81660955947185e-11,NA
2.1,3,"yes","strain2_reentered_before_strain1_escaped",0.99999999907949,0.987557840501951,9.20509890534049e-10,0.0124421594980491,0.987557839592894,0.0124421594865959,9.09056759656493e-10,1.14531308775563e-11,NA
2.15,1.2,"yes","strain1_reentered_before_strain2_escaped",0.991154356199996,1,0.00884564380000397,0,0.991154356199996,0,0.00884564380000397,0,NA
2.15,1.25,"yes","strain1_reentered_before_strain2_escaped",0.991151115761241,1,0.00884888423875874,0,0.991151115761241,0,0.00884888423875874,0,NA
2.15,1.3,"yes","strain1_reentered_before_strain2_escaped",0.991146184753401,1,0.0088538152465989,0,0.991146184753401,0,0.0088538152465989,0,NA
2.15,1.35,"yes","strain1_reentered_before_strain2_escaped",0.99113864087625,1,0.00886135912375019,0,0.99113864087625,0,0.00886135912375019,0,NA
2.15,1.4,"yes","strain1_reentered_before_strain2_escaped",0.991127056824572,0.999999999999999,0.00887294317542831,5.55111512312578e-16,0.991127056824571,5.50186039407803e-16,0.0088729431754283,4.92547290477558e-18,NA
2.15,1.45,"yes","strain1_reentered_before_strain2_escaped",0.991109232154926,0.999999999999986,0.00889076784507448,1.43218770176645e-14,0.991109232154911,1.41945445339948e-14,0.00889076784507435,1.27332483669763e-16,NA
2.15,1.5,"yes","strain1_reentered_before_strain2_escaped",0.991081793987782,0.999999999999749,0.00891820601221849,2.50577336657898e-13,0.991081793987533,2.4834263634759e-13,0.00891820601221625,2.23470031030816e-15,NA
2.15,1.55,"yes","strain1_reentered_before_strain2_escaped",0.991039614798095,0.999999999996505,0.00896038520190534,3.49531514842738e-12,0.991039614794631,3.46399577829542e-12,0.00896038520187402,3.13193701319643e-14,NA
2.15,1.6,"yes","strain1_reentered_before_strain2_escaped",0.990974983720418,0.999999999959726,0.00902501627958197,4.02738953297899e-11,0.990974983680508,3.99104227687963e-11,0.00902501627921849,3.63472560993534e-13,NA
2.15,1.65,"yes","strain1_reentered_before_strain2_escaped",0.990876536585952,0.999999999605559,0.00912346341404802,3.94440924367245e-10,0.99087653619511,3.90842257024777e-10,0.00912346341044935,3.59866734246784e-12,NA
2.15,1.7,"yes","strain1_reentered_before_strain2_escaped",0.990727948505462,0.999999996636474,0.00927205149453791,3.36352623531155e-09,0.990727945173123,3.33233944685452e-09,0.00927205146335112,3.1186788457038e-11,NA
2.15,1.75,"yes","strain1_reentered_before_strain2_escaped",0.990506863200797,0.999999974510298,0.00949313679920327,2.54897024598577e-08,0.990506837953071,2.52477252274353e-08,0.00949313655722604,2.41977232422417e-10,NA
2.15,1.8,"yes","strain1_reentered_before_strain2_escaped",0.990185723033532,0.999999825276803,0.00981427696646764,1.74723196910698e-07,0.990185550025117,1.73008415063749e-07,0.00981427525168579,1.71478184694825e-09,NA
2.15,1.85,"yes","strain2_first_strain1_later",0.999272637559536,0.999999936988064,0.000727362440463564,6.30119360023329e-08,0.999272574593433,6.29661034867839e-08,0.000727362394631048,4.58325155489908e-11,NA
2.15,1.9,"yes","strain2_first_strain1_later",0.998982955437272,0.999999492596536,0.00101704456272822,5.07403464133915e-07,0.99898244854986,5.06887412199608e-07,0.00101704404667629,5.16051934306862e-10,NA
2.15,1.95,"yes","strain2_first_strain1_later",0.998401242346267,0.999995736097272,0.00159875765373285,4.26390272767474e-06,0.998396985260487,4.2570857805541e-06,0.00159875083678573,6.81694712064237e-09,NA
2.15,2,"yes","strain2_first_strain1_later",0.997358514207251,0.999965031462048,0.00264148579274914,3.49685379517073e-05,0.997323638038195,3.48761690555146e-05,0.00264139342385295,9.2368896192644e-08,NA
2.15,2.05,"yes","strain2_first_strain1_later",0.995810927060782,0.999745114993941,0.00418907293921789,0.000254885006058636,0.995557109786605,0.000253817274177143,0.00418800520733639,1.06773188149262e-06,NA
2.15,2.1,"yes","strain2_first_strain1_later",0.994318585000001,0.998536545606604,0.00568141499999886,0.00146345439339635,0.992863445098347,0.00145513990165389,0.0056731005082564,8.31449174245623e-06,NA
2.15,2.15,"yes","both_strains_reentered_same_step",0.994053312357111,0.994053312357111,0.00594668764288875,0.00594668764288875,0.988141987808145,0.00591132454896666,0.00591132454896666,3.53630939220857e-05,NA
2.15,2.2,"yes","strain1_first_strain2_later",0.9985318773401,0.994643194352497,0.00146812265990004,0.00535680564750263,0.993182936140353,0.00534894119974685,0.00146025821214426,7.86444775577911e-06,NA
2.15,2.25,"yes","strain1_first_strain2_later",0.999691538231412,0.996065161566074,0.000308461768588231,0.00393483843392617,0.995757913544708,0.00393362468670373,0.000307248021365793,1.21374722243781e-06,NA
2.15,2.3,"yes","strain1_first_strain2_later",0.999937733600213,0.997362099330948,6.22663997865702e-05,0.00263790066905234,0.997299997183739,0.00263773641647468,6.21021472089138e-05,1.64252577656474e-07,NA
2.15,2.35,"yes","strain1_first_strain2_later",0.999986793375783,0.998244672165582,1.32066242173323e-05,0.00175532783441834,0.998231488723319,0.00175530465246325,1.31834422622449e-05,2.31819550873868e-08,NA
2.15,2.4,"yes","strain1_first_strain2_later",0.99999690781045,0.998784138631389,3.09218955008017e-06,0.00121586136861074,0.998781050201513,0.00121585760893692,3.08842987626181e-06,3.7596738183643e-09,NA
2.15,2.45,"yes","strain1_first_strain2_later",0.999999183488436,0.999103611883028,8.16511563583866e-07,0.000896388116971902,0.999102796103376,0.000896387385060639,8.15779652320899e-07,7.31911262966725e-10,NA
2.15,2.5,"yes","strain1_first_strain2_later",0.999999755423965,0.999290787762986,2.44576034869048e-07,0.00070921223701359,0.999290543360408,0.000709212063557273,2.44402578552239e-07,1.73456316809392e-10,NA
2.15,2.55,"yes","strain1_first_strain2_later",0.999999917067247,0.999397134456525,8.29327527762658e-08,0.000602865543475217,0.999397051573769,0.000602865493477918,8.28827554771914e-08,4.99972990743593e-11,NA
2.15,2.6,"yes","strain1_first_strain2_later",0.999999968347723,0.999450611765185,3.16522772436656e-08,0.000549388234814652,0.999450580130298,0.000549388217425263,3.16348878549428e-08,1.73893887227614e-11,NA
2.15,2.65,"yes","strain2_reentered_before_strain1_escaped",0.999999732723114,0.990978257096804,2.67276886067869e-07,0.00902174290319591,0.990977992231221,0.00902174049189256,2.64865582717798e-07,2.4113033500711e-09,NA
2.15,2.7,"yes","strain2_reentered_before_strain1_escaped",0.99999987480415,0.990748044437908,1.25195850242399e-07,0.00925195556209202,0.990747920400364,0.00925195440378557,1.24037543799398e-07,1.158306443001e-09,NA
2.15,2.75,"yes","strain2_reentered_before_strain1_escaped",0.999999938658573,0.990428563344361,6.13414271599666e-08,0.00957143665563853,0.99042850259006,0.00957143606851295,6.07543015755385e-08,5.87125584428085e-10,NA
2.15,2.8,"yes","strain2_reentered_before_strain1_escaped",0.999999968671604,0.990022447553853,3.13283957664723e-08,0.00997755244614695,0.990022416538038,0.00997755213356624,3.10158150546587e-08,3.12580711813625e-10,NA
2.15,2.85,"yes","strain2_reentered_before_strain1_escaped",0.99999998337451,0.989530083912822,1.66254903177787e-08,0.0104699160871778,0.989530067461399,0.0104699159131104,1.64514228292434e-08,1.74067488535331e-10,NA
2.15,2.9,"yes","strain2_reentered_before_strain1_escaped",0.999999990857989,0.988949693807547,9.14201059298847e-09,0.0110503061924527,0.988949684766559,0.0110503060914307,9.0409885767213e-09,1.01022016267169e-10,NA
2.15,2.95,"yes","strain2_reentered_before_strain1_escaped",0.99999999480452,0.988278078488898,5.19548004618287e-09,0.0117219215111024,0.988278073354319,0.0117219214502014,5.13457903686901e-09,6.09010093138543e-11,NA
2.15,3,"yes","strain2_reentered_before_strain1_escaped",0.999999996955345,0.987510109195944,3.04465497258377e-09,0.0124898908040562,0.987510106189316,0.0124898907660288,3.00662756444017e-09,3.80274081435979e-11,NA
2.2,1.2,"yes","strain1_reentered_before_strain2_escaped",0.991615007405888,1,0.00838499259411207,0,0.991615007405888,0,0.00838499259411207,0,NA
2.2,1.25,"yes","strain1_reentered_before_strain2_escaped",0.991612421870946,1,0.00838757812905433,0,0.991612421870946,0,0.00838757812905433,0,NA
2.2,1.3,"yes","strain1_reentered_before_strain2_escaped",0.991608552775056,1,0.008391447224944,0,0.991608552775056,0,0.008391447224944,0,NA
2.2,1.35,"yes","strain1_reentered_before_strain2_escaped",0.991602732511484,1,0.00839726748851632,0,0.991602732511484,0,0.00839726748851632,0,NA
2.2,1.4,"yes","strain1_reentered_before_strain2_escaped",0.991593944200781,1,0.00840605579921927,2.22044604925031e-16,0.991593944200781,2.20178085586116e-16,0.00840605579921927,1.86651933891541e-18,NA
2.2,1.45,"yes","strain1_reentered_before_strain2_escaped",0.991580643852468,0.999999999999995,0.00841935614753186,4.55191440096314e-15,0.991580643852464,4.51359021246835e-15,0.00841935614753183,3.83241884947879e-17,NA
2.2,1.5,"yes","strain1_reentered_before_strain2_escaped",0.991560498383146,0.999999999999923,0.00843950161685425,7.69384556065233e-14,0.991560498383069,7.62891333860338e-14,0.0084395016168536,6.49322220489523e-16,NA
2.2,1.55,"yes","strain1_reentered_before_strain2_escaped",0.991530006373574,0.999999999998945,0.0084699936264262,1.05515596260375e-12,0.991530006372528,1.04621879832561e-12,0.00846999362641726,8.93716427813935e-15,NA
2.2,1.6,"yes","strain1_reentered_before_strain2_escaped",0.991483963074787,0.999999999988041,0.0085160369252133,1.19589893543548e-11,0.99148396306293,1.18571461594249e-11,0.00851603692511146,1.01843194929918e-13,NA
2.2,1.65,"yes","strain1_reentered_before_strain2_escaped",0.991414736500639,0.999999999884929,0.00858526349936051,1.15070508677206e-10,0.991414736386557,1.14082598039207e-10,0.0085852634983726,9.87910637999266e-13,NA
2.2,1.7,"yes","strain1_reentered_before_strain2_escaped",0.991311361646266,0.999999999037548,0.00868863835373368,9.62451562891431e-10,0.991311360692177,9.54089169328482e-10,0.00868863834537129,8.36239356294941e-12,NA
2.2,1.75,"yes","strain1_reentered_before_strain2_escaped",0.991158601594222,0.999999992861609,0.00884139840577824,7.13839087840284e-09,0.991158594518944,7.07527752067071e-09,0.00884139834266489,6.31133577321329e-11,NA
2.2,1.8,"yes","strain1_reentered_before_strain2_escaped",0.990936504361389,0.999999952234273,0.00906349563861053,4.77657271513721e-08,0.990936457028587,4.73328026916605e-08,0.00906349520568607,4.32924459711521e-10,NA
2.2,1.85,"yes","strain1_reentered_before_strain2_escaped",0.990622139543347,0.999999707348853,0.00937786045665334,2.92651147315581e-07,0.990621849636641,2.89906705693576e-07,0.00937785771221172,2.74444162200502e-09,NA
2.2,1.9,"yes","strain2_first_strain1_later",0.999271992070484,0.99999989837761,0.000728007929516106,1.01622389503397e-07,0.999271890522076,1.01548407598023e-07,0.0007280078555342,7.39819053748476e-11,NA
2.2,1.95,"yes","strain2_first_strain1_later",0.998965242240326,0.999999244173745,0.00103475775967365,7.55826255360859e-07,0.998964487196168,7.55044158278159e-07,0.00103475697757657,7.8209708269973e-10,NA
2.2,2,"yes","strain2_first_strain1_later",0.998381463762512,0.99999422099499,0.00161853623748787,5.77900501042006e-06,0.998375694111031,5.76965148139407e-06,0.00161852688395884,9.35352902598881e-09,NA
2.2,2.05,"yes","strain2_first_strain1_later",0.997379895149337,0.999957273438142,0.00262010485066266,4.27265618579975e-05,0.997337280535551,4.26146137860212e-05,0.00261999290259069,1.11948071976278e-07,NA
2.2,2.1,"yes","strain2_first_strain1_later",0.995960036310518,0.99971958374544,0.00403996368948212,0.000280416254560434,0.995680752927444,0.000279283383074069,0.00403883081799575,1.13287148636473e-06,NA
2.2,2.15,"yes","strain2_first_strain1_later",0.994643194352497,0.9985318773401,0.00535680564750263,0.00146812265990004,0.993182936140353,0.00146025821214426,0.00534894119974685,7.86444775577911e-06,NA
2.2,2.2,"yes","both_strains_reentered_same_step",0.994403935947293,0.994403935947293,0.00559606405270741,0.00559606405270741,0.988839187827467,0.0055647481198254,0.0055647481198254,3.1315932882004e-05,NA
2.2,2.25,"yes","strain1_first_strain2_later",0.998515368098625,0.994885551463809,0.00148463190137482,0.00511444853619081,0.993408512635889,0.00510685546273604,0.00147703882792005,7.59307345476863e-06,NA
2.2,2.3,"yes","strain1_first_strain2_later",0.999660551484035,0.996131485722546,0.00033944851596468,0.00386851427745394,0.995793350368012,0.00386720111602347,0.00033813535453421,1.31316143046992e-06,NA
2.2,2.35,"yes","strain1_first_strain2_later",0.999925554056263,0.997324795965475,7.44459437372891e-05,0.00267520403452504,0.997250549179827,0.002675004876436,7.42467856482491e-05,1.9915808904002e-07,NA
2.2,2.4,"yes","strain1_first_strain2_later",0.999983006592343,0.998173811113448,1.69934076570399e-05,0.00182618888655228,0.998156848738963,0.00182615785338007,1.6962374484832e-05,3.10331722079388e-08,NA
2.2,2.45,"yes","strain1_first_strain2_later",0.999995767840399,0.99871226363119,4.23215960099199e-06,0.00128773636880952,0.998708036921495,0.00128773091890369,4.22670969515519e-06,5.44990583680378e-09,NA
2.2,2.5,"yes","strain1_first_strain2_later",0.999998824762602,0.999040751923342,1.1752373981766e-06,0.000959248076657593,0.999039577813288,0.000959246949313379,1.17411005396278e-06,1.12734421381698e-09,NA
2.2,2.55,"yes","strain1_first_strain2_later",0.999999633538055,0.999238224564724,3.66461945122687e-07,0.000761775435276002,0.999237858381941,0.000761775156114294,3.66182783414929e-07,2.79161707757925e-10,NA
2.2,2.6,"yes","strain1_first_strain2_later",0.999999871792261,0.999353757313274,1.28207739202857e-07,0.000646242686725751,0.999353629188388,0.000646242603872437,1.28124885889015e-07,8.28533138414886e-11,NA
2.2,2.65,"yes","strain1_first_strain2_later",0.999999949920667,0.99941533011601,5.00793333468863e-08,0.000584669883989863,0.999415280065957,0.000584669854709985,5.00500534688681e-08,2.92798780182137e-11,NA
2.2,2.7,"yes","strain1_first_strain2_later",0.999999978264054,0.999436713348278,2.17359461540667e-08,0.000563286651721673,0.999436691624576,0.000563286639478104,2.17237025857356e-08,1.22435683311268e-11,NA
2.2,2.75,"yes","strain2_reentered_before_strain1_escaped",0.999999795950683,0.990294952717815,2.04049317442667e-07,0.00970504728218491,0.990294750648806,0.00970504530187664,2.02069009168989e-07,1.98030827367864e-09,NA
2.2,2.8,"yes","strain2_reentered_before_strain1_escaped",0.999999897049502,0.98991025705074,1.0295049834852e-07,0.0100897429492599,0.989910155138986,0.0100897419105158,1.01911754283685e-07,1.03874406483477e-09,NA
2.2,2.85,"yes","strain2_reentered_before_strain1_escaped",0.999999945975926,0.989435138934085,5.40240735480424e-08,0.0105648610659147,0.989435085480769,0.0105648604951579,5.34533167167926e-08,5.70756831249825e-10,NA
2.2,2.9,"yes","strain2_reentered_before_strain1_escaped",0.999999970600898,0.988868730283447,2.9399101708627e-08,0.0111312697165525,0.988868701211595,0.0111312693893032,2.90718523780839e-08,3.27249330543088e-10,NA
2.2,2.95,"yes","strain2_reentered_before_strain1_escaped",0.999999983453176,0.98820835055852,1.65468244661682e-08,0.0117916494414803,0.98820833420681,0.0117916492463659,1.63517101126934e-08,1.95114353474764e-10,NA
2.2,3,"yes","strain2_reentered_before_strain1_escaped",0.999999990390706,0.987449593236778,9.60929380511288e-09,0.0125504067632222,0.987449583748085,0.0125504066426216,9.4886932591514e-09,1.20600545961478e-10,NA
2.25,1.2,"yes","strain1_reentered_before_strain2_escaped",0.991946959127811,1,0.00805304087218905,0,0.991946959127811,0,0.00805304087218905,0,NA
2.25,1.25,"yes","strain1_reentered_before_strain2_escaped",0.991944853558329,1,0.0080551464416706,0,0.991944853558329,0,0.0080551464416706,0,NA
2.25,1.3,"yes","strain1_reentered_before_strain2_escaped",0.991941750857011,1,0.0080582491429888,0,0.991941750857011,0,0.0080582491429888,0,NA
2.25,1.35,"yes","strain1_reentered_before_strain2_escaped",0.991937155452863,1,0.00806284454713724,0,0.991937155452863,0,0.00806284454713724,0,NA
2.25,1.4,"yes","strain1_reentered_before_strain2_escaped",0.991930323565517,1,0.00806967643448275,0,0.991930323565517,0,0.00806967643448275,0,NA
2.25,1.45,"yes","strain1_reentered_before_strain2_escaped",0.991920141824847,0.999999999999998,0.00807985817515255,1.55431223447522e-15,0.991920141824846,1.54175361206075e-15,0.00807985817515254,1.25586224144642e-17,NA
2.25,1.5,"yes","strain1_reentered_before_strain2_escaped",0.991904950353153,0.999999999999974,0.00809504964684704,2.55351295663786e-14,0.991904950353128,2.53284214248001e-14,0.00809504964684683,2.06708141578507e-16,NA
2.25,1.55,"yes","strain1_reentered_before_strain2_escaped",0.991882288671206,0.999999999999655,0.00811771132879402,3.45279360658424e-13,0.991882288670863,3.42476482480808e-13,0.00811771132879122,2.80287817761564e-15,NA
2.25,1.6,"yes","strain1_reentered_before_strain2_escaped",0.991848538322601,0.999999999996149,0.00815146167739933,3.85125265012221e-12,0.991848538318781,3.81985931173475e-12,0.00815146167736794,3.13933383874538e-14,NA
2.25,1.65,"yes","strain1_reentered_before_strain2_escaped",0.991798435993106,0.99999999996354,0.00820156400689409,3.64595020840852e-11,0.991798435956945,3.61604771440831e-11,0.00820156400659507,2.99024940002113e-13,NA
2.25,1.7,"yes","strain1_reentered_before_strain2_escaped",0.991724445320085,0.999999999700329,0.0082755546799147,2.99671398806822e-10,0.991724445022894,2.9719145175999e-10,0.00827555467743475,2.47994704683238e-12,NA
2.25,1.75,"yes","strain1_reentered_before_strain2_escaped",0.991616031427471,0.999999997819366,0.00838396857252921,2.18063422874337e-09,0.991616029265119,2.16235185990141e-09,0.00838396855424684,1.82823688419659e-11,NA
2.25,1.8,"yes","strain1_reentered_before_strain2_escaped",0.991459050899613,0.999999985713801,0.00854094910038694,1.42861985574783e-08,0.991459036735432,1.41641808627608e-08,0.00854094897836925,1.22017694717443e-10,NA
2.25,1.85,"yes","strain1_reentered_before_strain2_escaped",0.991235829314293,0.999999914495743,0.00876417068570678,8.55042568970177e-08,0.99123574455941,8.47548829952177e-08,0.00876416993633288,7.49373901799985e-10,NA
2.25,1.9,"yes","strain2_first_strain1_later",0.999414105290618,0.999999975219297,0.000585894709381862,2.47807034892134e-08,0.999414080524433,2.47661846061443e-08,0.000585894694862979,1.45188830690908e-11,NA
2.25,1.95,"yes","strain2_first_strain1_later",0.999258596968935,0.999999839649733,0.000741403031065291,1.60350267175424e-07,0.999258436737552,1.60231383001308e-07,0.000741402912181117,1.18884174115989e-10,NA
2.25,2,"yes","strain2_first_strain1_later",0.998935909156948,0.999998896684836,0.00106409084305226,1.10331516356421e-06,0.998934807015812,1.10214113600166e-06,0.00106408966902469,1.17402756254938e-09,NA
2.25,2.05,"yes","strain2_first_strain1_later",0.998348480760619,0.999992287324303,0.00165151923938067,7.71267569665834e-06,0.998340780822555,7.69993806435821e-06,0.00165150650174837,1.2737632300135e-08,NA
2.25,2.1,"yes","strain2_first_strain1_later",0.997380697874059,0.999948235480514,0.00261930212594141,5.1764519486408e-05,0.997329068941488,5.16289325704689e-05,0.00261916653902547,1.35586915939084e-07,NA
2.25,2.15,"yes","strain2_first_strain1_later",0.996065161566074,0.999691538231412,0.00393483843392617,0.000308461768588231,0.995757913544708,0.000307248021365793,0.00393362468670373,1.21374722243781e-06,NA
2.25,2.2,"yes","strain2_first_strain1_later",0.994885551463809,0.998515368098625,0.00511444853619081,0.00148463190137482,0.993408512635889,0.00147703882792005,0.00510685546273604,7.59307345476863e-06,NA
2.25,2.25,"yes","both_strains_reentered_same_step",0.994662997847766,0.994662997847766,0.00533700215223443,0.00533700215223443,0.989354479287504,0.00530851856026147,0.00530851856026147,2.84835919729549e-05,NA
2.25,2.3,"yes","strain1_first_strain2_later",0.998487206454275,0.995059518072209,0.00151279354572542,0.00494048192779084,0.993554198455657,0.00493300799861771,0.00150531961655229,7.47392917313507e-06,NA
2.25,2.35,"yes","strain1_first_strain2_later",0.999626152086777,0.996162855891344,0.000373847913223369,0.00383714410865632,0.995790442486438,0.00383570960033856,0.00037241340490561,1.43450831775851e-06,NA
2.25,2.4,"yes","strain1_first_strain2_later",0.999911448959274,0.997269075331468,8.85510407260259e-05,0.00273092466853198,0.997180766116963,0.00273068284231043,8.8309214504483e-05,2.41826221542884e-07,NA
2.25,2.45,"yes","strain1_first_strain2_later",0.999978342753115,0.998089809629351,2.16572468845211e-05,0.00191019037064899,0.998068193751931,0.00191014900118454,2.16158774200675e-05,4.136946445358e-08,NA
2.25,2.5,"yes","strain1_first_strain2_later",0.999994280489033,0.998629019384872,5.71951096739465e-06,0.00137098061512775,0.998623307715244,0.00137097277378908,5.71166962873034e-06,7.84133866430862e-09,NA
2.25,2.55,"yes","strain1_first_strain2_later",0.999998332975613,0.998967533089858,1.6670243874195e-06,0.00103246691014158,0.998965867786619,0.00103246518899406,1.66530323990109e-06,1.72114751840968e-09,NA
2.25,2.6,"yes","strain1_first_strain2_later",0.999999459476964,0.999176112597117,5.40523035663654e-07,0.000823887402882861,0.999175572519412,0.000823886957552741,5.40077705543602e-07,4.45330120051288e-10,NA
2.25,2.65,"yes","strain1_first_strain2_later",0.99999980496344,0.999301360236589,1.95036560457496e-07,0.000698639763410669,0.999301165336289,0.000698639627150372,1.94900300161041e-07,1.36260296454455e-10,NA
2.25,2.7,"yes","strain1_first_strain2_later",0.999999921983397,0.999371037338529,7.80166025116102e-08,0.000628962661470722,0.999370959370996,0.000628962612401192,7.79675329816556e-08,4.90695299546058e-11,NA
2.25,2.75,"yes","strain1_first_strain2_later",0.999999965600974,0.999400458240371,3.43990262940963e-08,0.000599541759628952,0.999400423861968,0.000599541739005299,3.43784026413424e-08,2.06236527538851e-11,NA
2.25,2.8,"yes","strain2_reentered_before_strain1_escaped",0.999999675251253,0.98976975817296,3.247487473379e-07,0.0102302418270402,0.989769436746471,0.010230238504782,3.21426489119605e-07,3.3222582182951e-09,NA
2.25,2.85,"yes","strain2_reentered_before_strain1_escaped",0.999999831572914,0.989315726859325,1.68427086166822e-07,0.0106842731406747,0.98931556023176,0.0106842713411537,1.66627565173928e-07,1.79952099289428e-09,NA
2.25,2.9,"yes","strain2_reentered_before_strain1_escaped",0.999999909333893,0.988766712912123,9.0666106955517e-08,0.0112332870878769,0.988766623264495,0.0112332860693984,8.96476285469456e-08,1.01847840857147e-09,NA
2.25,2.95,"yes","strain2_reentered_before_strain1_escaped",0.999999949480558,0.988120484640076,5.05194418520816e-08,0.011879515359924,0.988120434720781,0.0118795147597776,4.9919295366625e-08,6.00146485456593e-10,NA
2.25,3,"yes","strain2_reentered_before_strain1_escaped",0.999999970935452,0.987373415574454,2.90645478795426e-08,0.0126265844255464,0.987373386876892,0.0126265840585605,2.86975619119512e-08,3.66985967591381e-10,NA
2.3,1.2,"yes","strain1_reentered_before_strain2_escaped",0.992171751749982,1,0.00782824825001827,0,0.992171751749982,0,0.00782824825001827,0,NA
2.3,1.25,"yes","strain1_reentered_before_strain2_escaped",0.992170003928752,1,0.00782999607124779,0,0.992170003928752,0,0.00782999607124779,0,NA
2.3,1.3,"yes","strain1_reentered_before_strain2_escaped",0.992167464828344,1,0.00783253517165594,0,0.992167464828344,0,0.00783253517165594,0,NA
2.3,1.35,"yes","strain1_reentered_before_strain2_escaped",0.992163757938763,1,0.00783624206123679,0,0.992163757938763,0,0.00783624206123679,0,NA
2.3,1.4,"yes","strain1_reentered_before_strain2_escaped",0.992158325903164,1,0.00784167409683589,0,0.992158325903164,0,0.00784167409683589,0,NA
2.3,1.45,"yes","strain1_reentered_before_strain2_escaped",0.992150345478748,0.999999999999999,0.00784965452125175,5.55111512312578e-16,0.992150345478748,5.50754078720155e-16,0.00784965452125174,4.35743359242333e-18,NA
2.3,1.5,"yes","strain1_reentered_before_strain2_escaped",0.992138604866913,0.999999999999991,0.00786139513308748,9.10382880192628e-15,0.992138604866904,9.03226000649036e-15,0.00786139513308741,7.15687954359249e-17,NA
2.3,1.55,"yes","strain1_reentered_before_strain2_escaped",0.992121328976434,0.999999999999878,0.00787867102356599,1.21569421196455e-13,0.992121328976313,1.20611615720322e-13,0.00787867102356503,9.57805476132196e-16,NA
2.3,1.6,"yes","strain1_reentered_before_strain2_escaped",0.992095934827246,0.999999999998664,0.00790406517275444,1.3363754547413e-12,0.99209593482592,1.32581265605176e-12,0.00790406517274387,1.05627986895446e-14,NA
2.3,1.65,"yes","strain1_reentered_before_strain2_escaped",0.992058697708774,0.999999999987539,0.00794130229122569,1.24610322060903e-11,0.992058697696412,1.2362075382481e-11,0.00794130229112674,9.8956823609262e-14,NA
2.3,1.7,"yes","strain1_reentered_before_strain2_escaped",0.992004313507061,0.999999999899205,0.00799568649293947,1.00795038981971e-10,0.992004313407071,9.99891134502277e-11,0.00799568649213354,8.05925531743454e-13,NA
2.3,1.75,"yes","strain1_reentered_before_strain2_escaped",0.991925365366737,0.999999999279041,0.0080746346332633,7.20959403288646e-10,0.991925364651599,7.15137919521674e-10,0.00807463462744182,5.82148376697134e-12,NA
2.3,1.8,"yes","strain1_reentered_before_strain2_escaped",0.991811773092825,0.999999995364446,0.0081882269071748,4.635554051724e-09,0.991811768495228,4.59759708330801e-09,0.00818822686921783,3.79569684159896e-11,NA
2.3,1.85,"yes","strain1_reentered_before_strain2_escaped",0.991650496407947,0.999999972823178,0.00834950359205344,2.71768220150292e-08,0.991650469458037,2.69499090419942e-08,0.00834950336514047,2.26912973035084e-10,NA
2.3,1.9,"yes","strain1_reentered_before_strain2_escaped",0.99142610916187,0.999999852907838,0.00857389083813009,1.47092162450235e-07,0.99142596333086,1.45831010306242e-07,0.00857388957697795,1.26115214399282e-09,NA
2.3,1.95,"yes","strain2_first_strain1_later",0.999410050371702,0.99999995932977,0.000589949628297615,4.06702298505479e-08,0.999410009725466,4.06462364635648e-08,0.000589949604304228,2.39933869831093e-11,NA
2.3,2,"yes","strain2_first_strain1_later",0.999234367486437,0.999999752227117,0.000765632513563319,2.47772882655539e-07,0.999234119903257,2.47583179680599e-07,0.000765632323860344,1.8970297494039e-10,NA
2.3,2.05,"yes","strain2_first_strain1_later",0.998895785353617,0.999998418885849,0.00110421464638255,1.58111415149431e-06,0.998894205985355,1.57936826209063e-06,0.00110421290049315,1.74588940368274e-09,NA
2.3,2.1,"yes","strain2_first_strain1_later",0.998302834261732,0.999989846196852,0.00169716573826839,1.01538031479498e-05,0.99829269769127,1.0136570461134e-05,0.00169714850558158,1.72326868158221e-08,NA
2.3,2.15,"yes","strain2_first_strain1_later",0.997362099330948,0.999937733600213,0.00263790066905234,6.22663997865702e-05,0.997299997183739,6.21021472089138e-05,0.00263773641647468,1.64252577656474e-07,NA
2.3,2.2,"yes","strain2_first_strain1_later",0.996131485722546,0.999660551484035,0.00386851427745394,0.00033944851596468,0.995793350368012,0.00033813535453421,0.00386720111602347,1.31316143046992e-06,NA
2.3,2.25,"yes","strain2_first_strain1_later",0.995059518072209,0.998487206454275,0.00494048192779084,0.00151279354572542,0.993554198455657,0.00150531961655229,0.00493300799861771,7.47392917313507e-06,NA
2.3,2.3,"yes","both_strains_reentered_same_step",0.994846788799772,0.994846788799772,0.00515321120022849,0.00515321120022849,0.989720133185217,0.00512665561455433,0.00512665561455433,2.65555856741604e-05,NA
2.3,2.35,"yes","strain1_first_strain2_later",0.998447360080502,0.995175289687039,0.00155263991949794,0.00482471031296072,0.993630140805373,0.00481721927512881,0.00154514888166603,7.49103783191624e-06,NA
2.3,2.4,"yes","strain1_first_strain2_later",0.999587820160623,0.996162067775388,0.000412179839376581,0.00383793222461182,0.9957514698543,0.00383635030632394,0.000410597921088702,1.5819182878787e-06,NA
2.3,2.45,"yes","strain1_first_strain2_later",0.999895132005995,0.997194883434205,0.000104867994004887,0.00280511656579541,0.997090309607147,0.0028048223988482,0.000104573827057682,2.94166947204842e-07,NA
2.3,2.5,"yes","strain1_first_strain2_later",0.99997263474258,0.997992004356205,2.73652574204197e-05,0.00200799564379461,0.997964694048103,0.00200794069447692,2.73103081027282e-05,5.4949317691521e-08,NA
2.3,2.55,"yes","strain1_first_strain2_later",0.999992359249775,0.998533644070882,7.64075022463562e-06,0.0014663559291177,0.998526014524717,0.00146634472505831,7.62954616524081e-06,1.12040593948019e-08,NA
2.3,2.6,"yes","strain1_first_strain2_later",0.999997667189985,0.998883209101764,2.33281001471575e-06,0.00111679089823646,0.99888087889701,0.00111678829297547,2.330204753724e-06,2.60526099174942e-09,NA
2.3,2.65,"yes","strain1_first_strain2_later",0.999999214403166,0.999103758315593,7.85596834362856e-07,0.000896241684407495,0.999102973422843,0.000896240980322865,7.84892749732762e-07,7.04084630094562e-10,NA
2.3,2.7,"yes","strain1_first_strain2_later",0.999999707797838,0.999239370144654,2.92202161800148e-07,0.000760629855346195,0.99923907816475,0.000760629633088507,2.91979904112086e-07,2.22257688061892e-10,NA
2.3,2.75,"yes","strain1_first_strain2_later",0.999999880304208,0.999317502463564,1.1969579205573e-07,0.000682497536436344,0.999317382849464,0.000682497454744261,1.1961409997253e-07,8.16920831998323e-11,NA
2.3,2.8,"yes","strain1_first_strain2_later",0.999999946280123,0.999354114391257,5.37198773242764e-08,0.000645885608743235,0.999354060706076,0.00064588557404634,5.36851804286092e-08,3.46968956672022e-11,NA
2.3,2.85,"yes","strain2_reentered_before_strain1_escaped",0.999999494225823,0.989168172772967,5.0577417720632e-07,0.0108318272270328,0.989167672477248,0.0108318217485743,5.00295718702926e-07,5.47845850339352e-09,NA
2.3,2.9,"yes","strain2_reentered_before_strain1_escaped",0.999999730790566,0.988639841522728,2.69209434078377e-07,0.0113601584772722,0.988639575371556,0.0113601554190104,2.6615117224367e-07,3.05826183470713e-09,NA
2.3,2.95,"yes","strain2_reentered_before_strain1_escaped",0.999999851558025,0.988011019915323,1.48441975378333e-07,0.0119889800846774,0.988010873253015,0.0119889783050095,1.46662307491792e-07,1.77966788654101e-09,NA
2.3,3,"yes","strain2_reentered_before_strain1_escaped",0.999999915425774,0.987278413265743,8.4574226288936e-08,0.0127215867342574,0.987278329767435,0.012721585658339,8.34983079337186e-08,1.07591835521741e-09,NA
2.35,1.2,"yes","strain1_reentered_before_strain2_escaped",0.992304981258795,1,0.00769501874120504,0,0.992304981258795,0,0.00769501874120504,0,NA
2.35,1.25,"yes","strain1_reentered_before_strain2_escaped",0.992303504052918,1,0.00769649594708233,0,0.992303504052918,0,0.00769649594708233,0,NA
2.35,1.3,"yes","strain1_reentered_before_strain2_escaped",0.992301386350077,1,0.00769861364992264,0,0.992301386350077,0,0.00769861364992264,0,NA
2.35,1.35,"yes","strain1_reentered_before_strain2_escaped",0.992298335874866,1,0.00770166412513362,0,0.992298335874866,0,0.00770166412513362,0,NA
2.35,1.4,"yes","strain1_reentered_before_strain2_escaped",0.992293925524517,1,0.00770607447548255,0,0.992293925524517,0,0.00770607447548255,0,NA
2.35,1.45,"yes","strain1_reentered_before_strain2_escaped",0.992287532344148,1,0.00771246765585165,2.22044604925031e-16,0.992287532344148,2.20332093091391e-16,0.00771246765585165,1.71251183364066e-18,NA
2.35,1.5,"yes","strain1_reentered_before_strain2_escaped",0.992278250379163,0.999999999999997,0.00772174962083694,3.44169137633799e-15,0.99227825037916,3.41511549725771e-15,0.00772174962083691,2.65758790802756e-17,NA
2.35,1.55,"yes","strain1_reentered_before_strain2_escaped",0.992264767592885,0.999999999999954,0.00773523240711482,4.5852210917019e-14,0.99226476759284,4.54975334091958e-14,0.00773523240711447,3.54677507823189e-16,NA
2.35,1.6,"yes","strain1_reentered_before_strain2_escaped",0.992245194579653,0.999999999999503,0.00775480542034723,4.96824803519758e-13,0.99224519457916,4.9297202384046e-13,0.00775480542034338,3.85277967929796e-15,NA
2.35,1.65,"yes","strain1_reentered_before_strain2_escaped",0.992216831093971,0.999999999995434,0.00778316890602948,4.56645832258573e-12,0.99221683108944,4.5309168061587e-12,0.00778316890599394,3.55415164270288e-14,NA
2.35,1.7,"yes","strain1_reentered_before_strain2_escaped",0.992175857607916,0.99999999996361,0.00782414239208373,3.63901131450461e-11,0.992175857571811,3.61053917181353e-11,0.00782414239179901,2.84721426910879e-13,NA
2.35,1.75,"yes","strain1_reentered_before_strain2_escaped",0.992116948537813,0.999999999743767,0.00788305146218682,2.56233478879153e-10,0.9921169482836,2.54213577178814e-10,0.00788305146016692,2.01990170033952e-12,NA
2.35,1.8,"yes","strain1_reentered_before_strain2_escaped",0.992032834543809,0.999999998380055,0.00796716545619114,1.61994495595508e-09,0.99203283293677,1.60703858646106e-09,0.00796716544328477,1.29063694940164e-11,NA
2.35,1.85,"yes","strain1_reentered_before_strain2_escaped",0.991913925086785,0.999999990675561,0.00808607491321489,9.32443944279271e-09,0.991913915837744,9.24904132693455e-09,0.00808607483781677,7.53981158581576e-11,NA
2.35,1.9,"yes","strain1_reentered_before_strain2_escaped",0.991748262704978,0.999999950536023,0.00825173729502249,4.94639768033878e-08,0.991748213649164,4.90558130612391e-08,0.00825173688685875,4.08163742148642e-10,NA
2.35,1.95,"yes","strain1_reentered_before_strain2_escaped",0.991522706374583,0.999999755609847,0.00847729362541716,2.44390153003593e-07,0.991522464056197,2.42318385917421e-07,0.00847729155365007,2.07176708617208e-09,NA
2.35,2,"yes","strain2_first_strain1_later",0.999394344185212,0.999999934492958,0.000605655814788109,6.55070421240467e-08,0.999394278717844,6.54673674030747e-08,0.000605655775113388,3.96747209719984e-11,NA
2.35,2.05,"yes","strain2_first_strain1_later",0.999200262809422,0.999999624608645,0.000799737190578464,3.7539135477882e-07,0.999199887718281,3.75091140351382e-07,0.000799736890364037,3.00214427438257e-10,NA
2.35,2.1,"yes","strain2_first_strain1_later",0.998845203247399,0.999997771906679,0.00115479675260133,2.22809332139917e-06,0.998842977727072,2.22552032646713e-06,0.0011547941796064,2.57299493204447e-09,NA
2.35,2.15,"yes","strain2_first_strain1_later",0.998244672165582,0.999986793375783,0.00175532783441834,1.32066242173323e-05,0.998231488723319,1.31834422622449e-05,0.00175530465246325,2.31819550873868e-08,NA
2.35,2.2,"yes","strain2_first_strain1_later",0.997324795965475,0.999925554056263,0.00267520403452504,7.44459437372891e-05,0.997250549179827,7.42467856482491e-05,0.002675004876436,1.9915808904002e-07,NA
2.35,2.25,"yes","strain2_first_strain1_later",0.996162855891344,0.999626152086777,0.00383714410865632,0.000373847913223369,0.995790442486438,0.00037241340490561,0.00383570960033856,1.43450831775851e-06,NA
2.35,2.3,"yes","strain2_first_strain1_later",0.995175289687039,0.998447360080502,0.00482471031296072,0.00155263991949794,0.993630140805373,0.00154514888166603,0.00481721927512881,7.49103783191624e-06,NA
2.35,2.35,"yes","both_strains_reentered_same_step",0.9949671452069,0.9949671452069,0.00503285479310001,0.00503285479310001,0.989959620041168,0.00500752516573158,0.00500752516573158,2.53296273684297e-05,NA
2.35,2.4,"yes","strain1_first_strain2_later",0.998395615180995,0.995240398610686,0.00160438481900482,0.00475960138931353,0.993643650023895,0.0047519651571,0.00159674858679129,7.63623221352889e-06,NA
2.35,2.45,"yes","strain1_first_strain2_later",0.999544976853268,0.99613102734622,0.000455023146731959,0.00386897265378017,0.995677764671599,0.00386721218166862,0.000453262674620416,1.76047211154295e-06,NA
2.35,2.5,"yes","strain1_first_strain2_later",0.999876271783149,0.997101823684108,0.000123728216851249,0.00289817631589195,0.996978454053444,0.00289781772970427,0.000123369630663563,3.58586187685833e-07,NA
2.35,2.55,"yes","strain1_first_strain2_later",0.999965687058923,0.997879485811379,3.43129410772525e-05,0.00212051418862103,0.99784524563138,0.00212044142754262,3.42401799988448e-05,7.27610784076311e-08,NA
2.35,2.6,"yes","strain1_first_strain2_later",0.999989899779103,0.998425149531046,1.01002208967582e-05,0.00157485046895356,0.998415065216487,0.00157483456261594,1.00843145591424e-05,1.59063376157942e-08,NA
2.35,2.65,"yes","strain1_first_strain2_later",0.999996776157411,0.998786826032377,3.22384258877317e-06,0.00121317396762255,0.998783606100871,0.00121317005654064,3.21993150686876e-06,3.9110819044125e-09,NA
2.35,2.7,"yes","strain1_first_strain2_later",0.999998873821909,0.999020240260355,1.12617809067128e-06,0.000979759739645147,0.999019115185648,0.000979758636261194,1.12507470671837e-06,1.10338395291016e-09,NA
2.35,2.75,"yes","strain1_first_strain2_later",0.999999568518222,0.999166997318393,4.31481778417897e-07,0.00083300268160702,0.99916656619604,0.000833002322181542,4.3112235293941e-07,3.59425478486674e-10,NA
2.35,2.8,"yes","strain1_first_strain2_later",0.999999819035411,0.999254090805708,1.8096458864747e-07,0.000745909194292071,0.999253909976102,0.000745909059308921,1.80829605496956e-07,1.3498315051343e-10,NA
2.35,2.85,"yes","strain1_first_strain2_later",0.999999917282766,0.999297859493203,8.27172338402349e-08,0.0007021405067974,0.999297776834048,0.000702140448718279,8.26591547197454e-08,5.80791204894615e-11,NA
2.35,2.9,"yes","strain1_first_strain2_later",0.99999995901385,0.999307154513532,4.09861498074093e-08,0.000692845486467863,0.999307113555779,0.000692845458070795,4.09577527385076e-08,2.83970689017592e-11,NA
2.35,2.95,"yes","strain2_reentered_before_strain1_escaped",0.999999578766139,0.987876717065142,4.21233860570247e-07,0.0121232829348576,0.987876300938019,0.0121232778281204,4.16127123296812e-07,5.10673727343548e-09,NA
2.35,3,"yes","strain2_reentered_before_strain1_escaped",0.999999762411112,0.987161382245762,2.37588888007956e-07,0.0128386177542376,0.987161147707187,0.0128386147039246,2.34538575092167e-07,3.0503129157885e-09,NA
2.4,1.2,"yes","strain1_reentered_before_strain2_escaped",0.992357797076821,1,0.0076422029231793,0,0.992357797076821,0,0.0076422029231793,0,NA
2.4,1.25,"yes","strain1_reentered_before_strain2_escaped",0.99235652869275,1,0.00764347130725029,0,0.99235652869275,0,0.00764347130725029,0,NA
2.4,1.3,"yes","strain1_reentered_before_strain2_escaped",0.992354732607837,1,0.00764526739216331,0,0.992354732607837,0,0.00764526739216331,0,NA
2.4,1.35,"yes","strain1_reentered_before_strain2_escaped",0.992352177483982,1,0.00764782251601837,0,0.992352177483982,0,0.00764782251601837,0,NA
2.4,1.4,"yes","strain1_reentered_before_strain2_escaped",0.992348529332327,1,0.00765147066767347,0,0.992348529332327,0,0.00765147066767347,0,NA
2.4,1.45,"yes","strain1_reentered_before_strain2_escaped",0.992343306735176,1,0.00765669326482354,1.11022302462516e-16,0.992343306735176,1.10172238747006e-16,0.00765669326482354,8.50063715509946e-19,NA
2.4,1.5,"yes","strain1_reentered_before_strain2_escaped",0.992335817512309,0.999999999999999,0.00766418248769074,1.4432899320127e-15,0.992335817512308,1.43222829459111e-15,0.00766418248769073,1.10616374215921e-17,NA
2.4,1.55,"yes","strain1_reentered_before_strain2_escaped",0.992325070027157,0.999999999999982,0.00767492997284303,1.83186799063151e-14,0.992325070027139,1.81780853208392e-14,0.00767492997284288,1.40594585475895e-16,NA
2.4,1.6,"yes","strain1_reentered_before_strain2_escaped",0.992309650518233,0.999999999999803,0.00769034948176661,1.96731519963578e-13,0.992309650518038,1.95218585820979e-13,0.0076903494817651,1.51293414259906e-15,NA
2.4,1.65,"yes","strain1_reentered_before_strain2_escaped",0.992287556424461,0.999999999998216,0.00771244357553857,1.7839063559677e-12,0.992287556422691,1.77014807885326e-12,0.00771244357552482,1.37582771144455e-14,NA
2.4,1.7,"yes","strain1_reentered_before_strain2_escaped",0.992255975442039,0.999999999985978,0.00774402455796053,1.40223388456207e-11,0.992255975428126,1.39137495092401e-11,0.00774402455785194,1.0858933638053e-13,NA
2.4,1.75,"yes","strain1_reentered_before_strain2_escaped",0.992211003990872,0.999999999902688,0.00778899600912752,9.73116032199073e-11,0.992211003894319,9.65536435307856e-11,0.00778899600836956,7.57959689121659e-13,NA
2.4,1.8,"yes","strain1_reentered_before_strain2_escaped",0.992147312615527,0.999999999394162,0.00785268738447253,6.05838157419214e-10,0.992147312014447,6.01080699763416e-10,0.00785268737971508,4.75745765579795e-12,NA
2.4,1.85,"yes","strain1_reentered_before_strain2_escaped",0.992057804096552,0.999999996569885,0.00794219590344791,3.43011508086022e-09,0.99205780069368,3.40287243491666e-09,0.00794219587620527,2.72426459435629e-11,NA
2.4,1.9,"yes","strain1_reentered_before_strain2_escaped",0.991933406477703,0.999999982127139,0.00806659352229722,1.7872860746948e-08,0.991933388749015,1.77286876442218e-08,0.00806659337812411,1.44173102726251e-10,NA
2.4,1.95,"yes","strain1_reentered_before_strain2_escaped",0.991763284124041,0.999999913393523,0.00823671587595898,8.66064767679475e-08,0.991763198230917,8.58931238257921e-08,0.00823671516260603,7.13352942155426e-10,NA
2.4,2,"yes","strain2_first_strain1_later",0.999473544902523,0.999999979714005,0.000526455097477285,2.02859948839063e-08,0.999473524627208,2.02753152184922e-08,0.00052645508679762,1.06796654140306e-11,NA
2.4,2.05,"yes","strain2_first_strain1_later",0.999368838590685,0.999999896497027,0.000631161409314629,1.03502973192171e-07,0.999368735153039,1.03437646109743e-07,0.000631161343987547,6.5327082428225e-11,NA
2.4,2.1,"yes","strain2_first_strain1_later",0.999156681228533,0.999999441620041,0.000843318771466928,5.58379958714994e-07,0.999156123319467,5.57909066414199e-07,0.000843318300574627,4.70892300795283e-10,NA
2.4,2.15,"yes","strain2_first_strain1_later",0.998784138631389,0.99999690781045,0.00121586136861074,3.09218955008017e-06,0.998781050201513,3.08842987626181e-06,0.00121585760893692,3.7596738183643e-09,NA
2.4,2.2,"yes","strain2_first_strain1_later",0.998173811113448,0.999983006592343,0.00182618888655228,1.69934076570399e-05,0.998156848738963,1.6962374484832e-05,0.00182615785338007,3.10331722079388e-08,NA
2.4,2.25,"yes","strain2_first_strain1_later",0.997269075331468,0.999911448959274,0.00273092466853198,8.85510407260259e-05,0.997180766116963,8.8309214504483e-05,0.00273068284231043,2.41826221542884e-07,NA
2.4,2.3,"yes","strain2_first_strain1_later",0.996162067775388,0.999587820160623,0.00383793222461182,0.000412179839376581,0.9957514698543,0.000410597921088702,0.00383635030632394,1.5819182878787e-06,NA
2.4,2.35,"yes","strain2_first_strain1_later",0.995240398610686,0.998395615180995,0.00475960138931353,0.00160438481900482,0.993643650023895,0.00159674858679129,0.0047519651571,7.63623221352889e-06,NA
2.4,2.4,"yes","both_strains_reentered_same_step",0.995032657138442,0.995032657138442,0.00496734286155831,0.00496734286155831,0.990089988771988,0.00494266836645404,0.00494266836645404,2.46744951042743e-05,NA
2.4,2.45,"yes","strain1_first_strain2_later",0.998331539586279,0.995260227144374,0.00166846041372071,0.00473977285562555,0.993599674854033,0.00473186473224591,0.00166055229034107,7.90812337963918e-06,NA
2.4,2.5,"yes","strain1_first_strain2_later",0.999496981051996,0.996070939075372,0.000503018948003531,0.00392906092462808,0.995569896519461,0.00392708453253513,0.000501042555910583,1.9763920929482e-06,NA
2.4,2.55,"yes","strain1_first_strain2_later",0.999854489284868,0.996989262467431,0.000145510715131691,0.00301073753256864,0.996844189846871,0.0030102994379972,0.000145072620560254,4.38094571437887e-07,NA
2.4,2.6,"yes","strain1_first_strain2_later",0.999957272083806,0.997751155156689,4.27279161940852e-05,0.00224884484331145,0.997708523328948,0.00224874875485745,4.26318277400867e-05,9.60884539985123e-08,NA
2.4,2.65,"yes","strain1_first_strain2_later",0.999986777121908,0.998302380090943,1.3222878092245e-05,0.00169761990905704,0.998289179660272,0.00169759746163593,1.32004306711406e-05,2.24474211044292e-08,NA
2.4,2.7,"yes","strain1_first_strain2_later",0.999995596214404,0.998677234675482,4.40378559640742e-06,0.00132276532451825,0.99867283671506,0.00132275949934337,4.39796042152388e-06,5.82517488354065e-09,NA
2.4,2.75,"yes","strain1_first_strain2_later",0.999998406313773,0.998924505955394,1.5936862270971e-06,0.00107549404460561,0.998922913983167,0.00107549233060556,1.59197222705089e-06,1.71400004621291e-09,NA
2.4,2.8,"yes","strain1_first_strain2_later",0.999999371506274,0.999083239939515,6.28493726062551e-07,0.000916760060484578,0.999082612021967,0.000916759484306632,6.27917548116232e-07,5.76177946319282e-10,NA
2.4,2.85,"yes","strain1_first_strain2_later",0.999999730214176,0.999179916690172,2.69785823903135e-07,0.000820083309827524,0.999179647125595,0.000820083088580673,2.69564577051724e-07,2.21246851411028e-10,NA
2.4,2.9,"yes","strain1_first_strain2_later",0.999999874401217,0.999231155522289,1.2559878270757e-07,0.000768844477710529,0.999231030020073,0.000768844381144598,1.25502216777078e-07,9.65659304918798e-11,NA
2.4,2.95,"yes","strain1_first_strain2_later",0.999999936902049,0.999246594883474,6.30979507532103e-08,0.000753405116525663,0.999246531833062,0.000753405068987344,6.30504124342706e-08,4.7538318939753e-11,NA
2.4,3,"yes","strain2_reentered_before_strain1_escaped",0.999999353635965,0.987019387381539,6.46364034517788e-07,0.0129806126184613,0.987018749407705,0.0129806042282601,6.37973833375207e-07,8.39020114258114e-09,NA
2.45,1.2,"yes","strain1_reentered_before_strain2_escaped",0.99233805905331,1,0.00766194094669015,0,0.99233805905331,0,0.00766194094669015,0,NA
2.45,1.25,"yes","strain1_reentered_before_strain2_escaped",0.992336953691809,1,0.00766304630819115,0,0.992336953691809,0,0.00766304630819115,0,NA
2.45,1.3,"yes","strain1_reentered_before_strain2_escaped",0.992335406333571,1,0.00766459366642935,0,0.992335406333571,0,0.00766459366642935,0,NA
2.45,1.35,"yes","strain1_reentered_before_strain2_escaped",0.992333230549126,1,0.0076667694508743,0,0.992333230549126,0,0.0076667694508743,0,NA
2.45,1.4,"yes","strain1_reentered_before_strain2_escaped",0.992330160224843,1,0.00766983977515734,0,0.992330160224843,0,0.00766983977515734,0,NA
2.45,1.45,"yes","strain1_reentered_before_strain2_escaped",0.992325816027528,1,0.0076741839724721,0,0.992325816027528,0,0.0076741839724721,0,NA
2.45,1.5,"yes","strain1_reentered_before_strain2_escaped",0.992319658413219,0.999999999999999,0.00768034158678121,5.55111512312578e-16,0.992319658413218,5.50848066279263e-16,0.00768034158678121,4.26344603331531e-18,NA
2.45,1.55,"yes","strain1_reentered_before_strain2_escaped",0.992310922346298,0.999999999999992,0.00768907765370208,7.7715611723761e-15,0.99231092234629,7.7118050350312e-15,0.00768907765370202,5.97561373448958e-17,NA
2.45,1.6,"yes","strain1_reentered_before_strain2_escaped",0.992298527641443,0.999999999999917,0.007701472358557,8.27116153345742e-14,0.992298527641361,8.20746141153433e-14,0.00770147235855637,6.37001219230823e-16,NA
2.45,1.65,"yes","strain1_reentered_before_strain2_escaped",0.992280957591904,0.99999999999926,0.00771904240809607,7.39519556702817e-13,0.99228095759117,7.33811173883011e-13,0.00771904240809036,5.70838281980545e-15,NA
2.45,1.7,"yes","strain1_reentered_before_strain2_escaped",0.992256098076609,0.999999999994263,0.00774390192339103,5.73741054665788e-12,0.992256098070916,5.69298060209034e-12,0.0077439019233466,4.4429944567548e-14,NA
2.45,1.75,"yes","strain1_reentered_before_strain2_escaped",0.99222103070328,0.999999999960716,0.00777896929672039,3.92840204810341e-11,0.992221030664301,3.89784312918604e-11,0.00777896929641481,3.05589189173699e-13,NA
2.45,1.8,"yes","strain1_reentered_before_strain2_escaped",0.992171780042505,0.999999999758872,0.00782821995749516,2.41128450539918e-10,0.992171779803264,2.39240843991082e-10,0.00782821995560756,1.88760654883647e-12,NA
2.45,1.85,"yes","strain1_reentered_before_strain2_escaped",0.992103033171905,0.999999998655136,0.00789696682809515,1.34486366487607e-09,0.992103031837662,1.33424332112624e-09,0.00789696681747481,1.06203437498368e-11,NA
2.45,1.9,"yes","strain1_reentered_before_strain2_escaped",0.992007895352458,0.999999993104539,0.00799210464754163,6.89546086896087e-09,0.992007888512107,6.8403516241031e-09,0.00799210459243239,5.51092448577636e-11,NA
2.45,1.95,"yes","strain1_reentered_before_strain2_escaped",0.991877853811223,0.99999996716372,0.00812214618877716,3.28362798063253e-08,0.991877821241644,3.25695787414427e-08,0.00812214592207609,2.66701064882565e-10,NA
2.45,2,"yes","strain1_reentered_before_strain2_escaped",0.991703217085571,0.999999853458903,0.00829678291442859,1.46541097367781e-07,0.991703071760294,1.45325277694878e-07,0.00829678169860892,1.21581967290262e-09,NA
2.45,2.05,"yes","strain2_first_strain1_later",0.999457570836716,0.999999967014841,0.000542429163283842,3.29851588265484e-08,0.999457537869449,3.29672667144453e-08,0.00054242914539173,1.78921121030693e-11,NA
2.45,2.1,"yes","strain2_first_strain1_later",0.999334254273427,0.999999839477201,0.000665745726572631,1.60522799053098e-07,0.999334093857496,1.60415931685611e-07,0.000665745619705263,1.06867367487077e-10,NA
2.45,2.15,"yes","strain2_first_strain1_later",0.999103611883028,0.999999183488436,0.000896388116971902,8.16511563583866e-07,0.999102796103376,8.15779652320899e-07,0.000896387385060639,7.31911262966725e-10,NA
2.45,2.2,"yes","strain2_first_strain1_later",0.99871226363119,0.999995767840399,0.00128773636880952,4.23215960099199e-06,0.998708036921495,4.22670969515519e-06,0.00128773091890369,5.44990583680378e-09,NA
2.45,2.25,"yes","strain2_first_strain1_later",0.998089809629351,0.999978342753115,0.00191019037064899,2.16572468845211e-05,0.998068193751931,2.16158774200675e-05,0.00191014900118454,4.136946445358e-08,NA
2.45,2.3,"yes","strain2_first_strain1_later",0.997194883434205,0.999895132005995,0.00280511656579541,0.000104867994004887,0.997090309607147,0.000104573827057682,0.0028048223988482,2.94166947204842e-07,NA
2.45,2.35,"yes","strain2_first_strain1_later",0.99613102734622,0.999544976853268,0.00386897265378017,0.000455023146731959,0.995677764671599,0.000453262674620416,0.00386721218166862,1.76047211154295e-06,NA
2.45,2.4,"yes","strain2_first_strain1_later",0.995260227144374,0.998331539586279,0.00473977285562555,0.00166846041372071,0.993599674854033,0.00166055229034107,0.00473186473224591,7.90812337963918e-06,NA
2.45,2.45,"yes","both_strains_reentered_same_step",0.995049488934997,0.995049488934997,0.00495051106500299,0.00495051106500299,0.990123485429799,0.00492600350519828,0.00492600350519828,2.45075598047171e-05,NA
2.45,2.5,"yes","strain1_first_strain2_later",0.998254529854016,0.99523860155531,0.00174547014598359,0.00476139844469003,0.993501442288165,0.0047530875658517,0.00173715926714525,8.31087883833913e-06,NA
2.45,2.55,"yes","strain1_first_strain2_later",0.999443111358637,0.995982341802938,0.000556888641363273,0.00401765819706201,0.99542769054979,0.00401542080884719,0.00055465125314845,2.23738821482388e-06,NA
2.45,2.6,"yes","strain1_first_strain2_later",0.999829347915818,0.996856255575332,0.000170652084181877,0.0031437444246678,0.996686139977689,0.0031432079381296,0.000170115597643672,5.36486538204717e-07,NA
2.45,2.65,"yes","strain1_first_strain2_later",0.999947125172927,0.997605712775797,5.28748270725021e-05,0.00239428722420332,0.997552964546247,0.00239416062668038,5.27482295495605e-05,1.26597522941652e-07,NA
2.45,2.7,"yes","strain1_first_strain2_later",0.999982842092333,0.998163979968884,1.7157907667209e-05,0.00183602003111594,0.998146853563479,0.00183598852885377,1.712640540504e-05,3.15022621690335e-08,NA
2.45,2.75,"yes","strain1_first_strain2_later",0.999994048898833,0.998553106079677,5.95110116718978e-06,0.00144689392032293,0.998547163589122,0.00144688530971084,5.94249055509174e-06,8.6106120980336e-09,NA
2.45,2.8,"yes","strain1_first_strain2_later",0.999997771795339,0.998815253442883,2.22820466055929e-06,0.0011847465571172,0.99881302787808,0.0011847439172594,2.22556480275914e-06,2.63985780015011e-09,NA
2.45,2.85,"yes","strain1_first_strain2_later",0.999999096281041,0.998986897546844,9.03718958666921e-07,0.00101310245315622,0.998985994743445,0.00101310153759633,9.02803398772932e-07,9.15559893989245e-10,NA
2.45,2.9,"yes","strain1_first_strain2_later",0.99999960313919,0.999093902187086,3.96860810103483e-07,0.000906097812914286,0.99909350568587,0.000906097453319574,3.96501215391417e-07,3.59594712066158e-10,NA
2.45,2.95,"yes","strain1_first_strain2_later",0.999999811841232,0.999153053595571,1.88158767899793e-07,0.000846946404428617,0.999152865596164,0.000846946245068225,1.87999407507859e-07,1.59360391934448e-10,NA
2.45,3,"yes","strain1_first_strain2_later",0.999999904112353,0.999174537999652,9.588764693369e-08,0.000825462000348498,0.999174442191156,0.000825461921196889,9.58084953248434e-08,7.91516088465943e-11,NA
2.5,1.2,"yes","strain1_reentered_before_strain2_escaped",0.992251046222534,1,0.00774895377746621,0,0.992251046222534,0,0.00774895377746621,0,NA
2.5,1.25,"yes","strain1_reentered_before_strain2_escaped",0.992250069364657,1,0.00774993063534302,0,0.992250069364657,0,0.00774993063534302,0,NA
2.5,1.3,"yes","strain1_reentered_before_strain2_escaped",0.992248716551833,1,0.00775128344816689,0,0.992248716551833,0,0.00775128344816689,0,NA
2.5,1.35,"yes","strain1_reentered_before_strain2_escaped",0.992246835006993,1,0.0077531649930066,0,0.992246835006993,0,0.0077531649930066,0,NA
2.5,1.4,"yes","strain1_reentered_before_strain2_escaped",0.992244208986466,1,0.0077557910135343,0,0.992244208986466,0,0.0077557910135343,0,NA
2.5,1.45,"yes","strain1_reentered_before_strain2_escaped",0.992240534173565,1,0.00775946582643527,0,0.992240534173565,0,0.00775946582643527,0,NA
2.5,1.5,"yes","strain1_reentered_before_strain2_escaped",0.992235382143361,1,0.00776461785663896,2.22044604925031e-16,0.992235382143361,2.2032051342066e-16,0.00776461785663895,1.72409150437124e-18,NA
2.5,1.55,"yes","strain1_reentered_before_strain2_escaped",0.992228151387131,0.999999999999997,0.0077718486128685,3.44169137633799e-15,0.992228151387128,3.41494307198887e-15,0.00777184861286848,2.67483043491139e-17,NA
2.5,1.6,"yes","strain1_reentered_before_strain2_escaped",0.992218000493465,0.999999999999963,0.0077819995065348,3.66373598126302e-14,0.992218000493429,3.63522478966475e-14,0.00778199950653451,2.85111915982626e-16,NA
2.5,1.65,"yes","strain1_reentered_before_strain2_escaped",0.992203758162966,0.999999999999676,0.00779624183703398,3.23963078585621e-13,0.992203758162645,3.21437384078697e-13,0.00779624183703145,2.52569450692354e-15,NA
2.5,1.7,"yes","strain1_reentered_before_strain2_escaped",0.992183804081309,0.999999999997518,0.00781619591869054,2.48190357154954e-12,0.992183804078847,2.46250452698301e-12,0.00781619591867114,1.9399044566529e-14,NA
2.5,1.75,"yes","strain1_reentered_before_strain2_escaped",0.992155915161559,0.999999999983223,0.00784408483844123,1.67770242143206e-11,0.992155915144913,1.66454238130469e-11,0.00784408483830963,1.31600401273714e-13,NA
2.5,1.8,"yes","strain1_reentered_before_strain2_escaped",0.992117074584648,0.999999999898367,0.00788292541535229,1.01633257365563e-10,0.992117074483816,1.00832089978031e-10,0.00788292541455113,8.01167387532039e-13,NA
2.5,1.85,"yes","strain1_reentered_before_strain2_escaped",0.992063250161337,0.999999999440929,0.0079367498386631,5.59070678640694e-10,0.992063249606703,5.54633474522191e-10,0.0079367498342259,4.4372041185028e-12,NA
2.5,1.9,"yes","strain1_reentered_before_strain2_escaped",0.991989171032406,0.99999999717521,0.00801082896759397,2.82478951341147e-09,0.991989168230245,2.80216060775008e-09,0.00801082894496507,2.26289056613923e-11,NA
2.5,1.95,"yes","strain1_reentered_before_strain2_escaped",0.991888184461661,0.999999986757832,0.00811181553833928,1.3242168028782e-08,0.991888171326911,1.31347500044048e-08,0.00811181543092126,1.07418024377173e-10,NA
2.5,2,"yes","strain1_reentered_before_strain2_escaped",0.991752300485292,0.999999941891838,0.00824769951470794,5.81081619488444e-08,0.991752242856389,5.76289032897383e-08,0.00824769903544928,4.79258659106054e-10,NA
2.5,2.05,"yes","strain1_reentered_before_strain2_escaped",0.991573200895317,0.999999759462985,0.00842679910468336,2.4053701497273e-07,0.991572962385259,2.38510057870315e-07,0.00842679707772626,2.02695710241541e-09,NA
2.5,2.1,"yes","strain2_first_strain1_later",0.999431774698611,0.999999947245693,0.000568225301388781,5.27543074779757e-08,0.99943172197428,5.27243311457095e-08,0.000568225271412448,2.99763322662292e-11,NA
2.5,2.15,"yes","strain2_first_strain1_later",0.999290787762986,0.999999755423965,0.00070921223701359,2.44576034869048e-07,0.999290543360408,2.44402578552239e-07,0.000709212063557273,1.73456316809392e-10,NA
2.5,2.2,"yes","strain2_first_strain1_later",0.999040751923342,0.999998824762602,0.000959248076657593,1.1752373981766e-06,0.999039577813288,1.17411005396278e-06,0.000959246949313379,1.12734421381698e-09,NA
2.5,2.25,"yes","strain2_first_strain1_later",0.998629019384872,0.999994280489033,0.00137098061512775,5.71951096739465e-06,0.998623307715244,5.71166962873034e-06,0.00137097277378908,7.84133866430862e-09,NA
2.5,2.3,"yes","strain2_first_strain1_later",0.997992004356205,0.99997263474258,0.00200799564379461,2.73652574204197e-05,0.997964694048103,2.73103081027282e-05,0.00200794069447692,5.4949317691521e-08,NA
2.5,2.35,"yes","strain2_first_strain1_later",0.997101823684108,0.999876271783149,0.00289817631589195,0.000123728216851249,0.996978454053444,0.000123369630663563,0.00289781772970427,3.58586187685833e-07,NA
2.5,2.4,"yes","strain2_first_strain1_later",0.996070939075372,0.999496981051996,0.00392906092462808,0.000503018948003531,0.995569896519461,0.000501042555910583,0.00392708453253513,1.9763920929482e-06,NA
2.5,2.45,"yes","strain2_first_strain1_later",0.99523860155531,0.998254529854016,0.00476139844469003,0.00174547014598359,0.993501442288165,0.00173715926714525,0.0047530875658517,8.31087883833913e-06,NA
2.5,2.5,"yes","both_strains_reentered_same_step",0.995021869700685,0.995021869700685,0.00497813029931526,0.00497813029931526,0.990068521182646,0.0049533485180383,0.0049533485180383,2.47817812769607e-05,NA
2.5,2.55,"yes","strain1_first_strain2_later",0.998163805941112,0.995178100635726,0.00183619405888791,0.00482189936427391,0.993350760519803,0.00481304542130867,0.00182734011592267,8.85394296523513e-06,NA
2.5,2.6,"yes","strain1_first_strain2_later",0.999382566885742,0.995865273021711,0.000617433114258326,0.00413472697828943,0.995250392824807,0.00413217406093461,0.000614880196903512,2.55291735481316e-06,NA
2.5,2.65,"yes","strain1_first_strain2_later",0.999800347585216,0.996701592569853,0.000199652414784368,0.00329840743014653,0.996502598690078,0.00329774889513816,0.000198993879775997,6.58535008371457e-07,NA
2.5,2.7,"yes","strain1_first_strain2_later",0.999934938032148,0.997441607547807,6.50619678516096e-05,0.00255839245219258,0.997376712034003,0.00255822599814511,6.48955138041332e-05,1.66454047476354e-07,NA
2.5,2.75,"yes","strain1_first_strain2_later",0.99997791712046,0.998008375203175,2.20828795401973e-05,0.00199162479682535,0.997986336304445,0.00199158081601488,2.20388987297197e-05,4.39808104775641e-08,NA
2.5,2.8,"yes","strain1_first_strain2_later",0.999992038027968,0.998412898065563,7.96197203167814e-06,0.0015871019344369,0.998404948729993,0.00158708929797568,7.94933557046473e-06,1.26364612134088e-08,NA
2.5,2.85,"yes","strain1_first_strain2_later",0.99999691968208,0.998691004006409,3.08031792017882e-06,0.00130899599359124,0.998687927720612,0.00130899196146743,3.07628579636232e-06,4.03212381650139e-09,NA
2.5,2.9,"yes","strain1_first_strain2_later",0.999998716249052,0.998876558211687,1.28375094765598e-06,0.00112344178831325,0.998875275902959,0.00112344034609379,1.2823087281956e-06,1.44221946038347e-09,NA
2.5,2.95,"yes","strain1_first_strain2_later",0.999999423553276,0.998994699294087,5.7644672413204e-07,0.00100530070591276,0.998994123426865,0.00100530012641046,5.75867221833349e-07,5.79502298691038e-10,NA
2.5,3,"yes","strain1_first_strain2_later",0.999999721740623,0.999062371413001,2.78259376762513e-07,0.000937628586998862,0.999062093414528,0.000937628326094916,2.7799847281626e-07,2.60903946253019e-10,NA
2.55,1.2,"yes","strain1_reentered_before_strain2_escaped",0.992099957405575,1,0.00790004259442512,0,0.992099957405575,0,0.00790004259442512,0,NA
2.55,1.25,"yes","strain1_reentered_before_strain2_escaped",0.992099083756312,1,0.00790091624368816,0,0.992099083756312,0,0.00790091624368816,0,NA
2.55,1.3,"yes","strain1_reentered_before_strain2_escaped",0.99209788597806,1,0.00790211402193985,0,0.99209788597806,0,0.00790211402193985,0,NA
2.55,1.35,"yes","strain1_reentered_before_strain2_escaped",0.992096236985206,1,0.0079037630147939,0,0.992096236985206,0,0.0079037630147939,0,NA
2.55,1.4,"yes","strain1_reentered_before_strain2_escaped",0.992093959112912,1,0.00790604088708835,0,0.992093959112912,0,0.00790604088708835,0,NA
2.55,1.45,"yes","strain1_reentered_before_strain2_escaped",0.992090804230235,1,0.0079091957697649,0,0.992090804230235,0,0.0079091957697649,0,NA
2.55,1.5,"yes","strain1_reentered_before_strain2_escaped",0.992086426365639,1,0.0079135736343614,1.11022302462516e-16,0.992086426365638,1.10143719296922e-16,0.0079135736343614,8.78583165593461e-19,NA
2.55,1.55,"yes","strain1_reentered_before_strain2_escaped",0.992080344294811,0.999999999999998,0.00791965570518893,1.66533453693773e-15,0.992080344294809,1.65214566077123e-15,0.00791965570518892,1.31888761665071e-17,NA
2.55,1.6,"yes","strain1_reentered_before_strain2_escaped",0.992071890819644,0.999999999999983,0.00792810918035647,1.69864122767649e-14,0.992071890819627,1.68517421456522e-14,0.00792810918035633,1.3467013111274e-16,NA
2.55,1.65,"yes","strain1_reentered_before_strain2_escaped",0.992060144816196,0.999999999999851,0.00793985518380402,1.49324996812084e-13,0.992060144816048,1.48139377962074e-13,0.00793985518380284,1.18561885000994e-15,NA
2.55,1.7,"yes","strain1_reentered_before_strain2_escaped",0.99204384151872,0.99999999999887,0.00795615848127984,1.13020703906841e-12,0.992043841517599,1.12121493274892e-12,0.00795615848127085,8.9921063194863e-15,NA
2.55,1.75,"yes","strain1_reentered_before_strain2_escaped",0.992021256516248,0.999999999992452,0.00797874348375249,7.54818429982151e-12,0.992021256508759,7.48795927352515e-12,0.00797874348369227,6.02250262963638e-14,NA
2.55,1.8,"yes","strain1_reentered_before_strain2_escaped",0.991990060291374,0.999999999954835,0.00800993970862596,4.51654269539858e-11,0.99199006024657,4.48036546071701e-11,0.00800993970826418,3.61772346815776e-13,NA
2.55,1.85,"yes","strain1_reentered_before_strain2_escaped",0.991947144674058,0.999999999754715,0.00805285532594191,2.4528534758872e-10,0.991947144430748,2.43310100171014e-10,0.00805285532396666,1.97524741770533e-12,NA
2.55,1.9,"yes","strain1_reentered_before_strain2_escaped",0.991888434185529,0.999999998777231,0.00811156581447081,1.22276866409976e-09,0.991888432972679,1.21285009560504e-09,0.00811156580455224,9.91856849471776e-12,NA
2.55,1.95,"yes","strain1_reentered_before_strain2_escaped",0.991808721955874,0.999999994349084,0.00819127804412556,5.6509160684115e-09,0.991808716351247,5.60462784369113e-09,0.00819127799783734,4.62882247203755e-11,NA
2.55,2,"yes","strain1_reentered_before_strain2_escaped",0.991701629487656,0.999999975578553,0.0082983705123435,2.44214469757864e-08,0.991701605268868,2.42187887603338e-08,0.00829837030968529,2.02658215452626e-10,NA
2.55,2.05,"yes","strain1_reentered_before_strain2_escaped",0.991559818393428,0.999999900540744,0.00844018160657167,9.9459256386325e-08,0.991559719773626,9.86198021999699e-08,0.00844018076711749,8.39454186355157e-10,NA
2.55,2.1,"yes","strain2_first_strain1_later",0.999476412170694,0.999999980287356,0.000523587829306171,1.97126440726336e-08,0.999476392468371,1.97023227721137e-08,0.000523587818984871,1.03213005198754e-11,NA
2.55,2.15,"yes","strain2_first_strain1_later",0.999397134456525,0.999999917067247,0.000602865543475217,8.29327527762658e-08,0.999397051573769,8.28827554771914e-08,0.000602865493477918,4.99972990743593e-11,NA
2.55,2.2,"yes","strain2_first_strain1_later",0.999238224564724,0.999999633538055,0.000761775435276002,3.66461945122687e-07,0.999237858381941,3.66182783414929e-07,0.000761775156114294,2.79161707757925e-10,NA
2.55,2.25,"yes","strain2_first_strain1_later",0.998967533089858,0.999998332975613,0.00103246691014158,1.6670243874195e-06,0.998965867786619,1.66530323990109e-06,0.00103246518899406,1.72114751840968e-09,NA
2.55,2.3,"yes","strain2_first_strain1_later",0.998533644070882,0.999992359249775,0.0014663559291177,7.64075022463562e-06,0.998526014524717,7.62954616524081e-06,0.00146634472505831,1.12040593948019e-08,NA
2.55,2.35,"yes","strain2_first_strain1_later",0.997879485811379,0.999965687058923,0.00212051418862103,3.43129410772525e-05,0.99784524563138,3.42401799988448e-05,0.00212044142754262,7.27610784076311e-08,NA
2.55,2.4,"yes","strain2_first_strain1_later",0.996989262467431,0.999854489284868,0.00301073753256864,0.000145510715131691,0.996844189846871,0.000145072620560254,0.0030102994379972,4.38094571437887e-07,NA
2.55,2.45,"yes","strain2_first_strain1_later",0.995982341802938,0.999443111358637,0.00401765819706201,0.000556888641363273,0.99542769054979,0.00055465125314845,0.00401542080884719,2.23738821482388e-06,NA
2.55,2.5,"yes","strain2_first_strain1_later",0.995178100635726,0.998163805941112,0.00482189936427391,0.00183619405888791,0.993350760519803,0.00182734011592267,0.00481304542130867,8.85394296523513e-06,NA
2.55,2.55,"yes","both_strains_reentered_same_step",0.994952648124848,0.994952648124848,0.00504735187515226,0.00504735187515226,0.989930772010647,0.00502187611420066,0.00502187611420066,2.54757609516031e-05,NA
2.55,2.6,"yes","strain1_first_strain2_later",0.998058368433095,0.995080192145777,0.0019416315669053,0.00491980785422308,0.993148113033104,0.00491025539999021,0.00193207911267243,9.55245423286816e-06,NA
2.55,2.65,"yes","strain1_first_strain2_later",0.999314449467539,0.995719271494767,0.000685550532460888,0.00428072850523331,0.995036655618012,0.00427779384952723,0.000682615876754805,2.9346557060832e-06,NA
2.55,2.7,"yes","strain1_first_strain2_later",0.999766915643845,0.996523782727738,0.000233084356154989,0.00347621727226211,0.996291508623448,0.00347540702039735,0.000232274104290229,8.10251864760065e-07,NA
2.55,2.75,"yes","strain1_first_strain2_later",0.99992035434089,0.997257110499865,7.96456591101169e-05,0.0027428895001349,0.997177683299997,0.0027426710408928,7.94271998680124e-05,2.18459242104464e-07,NA
2.55,2.8,"yes","strain1_first_strain2_later",0.999971792030729,0.997833797736481,2.82079692714987e-05,0.00216620226351893,0.997805650871376,0.00216614115935205,2.81468651046135e-05,6.11041668851931e-08,NA
2.55,2.85,"yes","strain1_first_strain2_later",0.999989446563242,0.998254874892658,1.0553436758487e-05,0.00174512510734248,0.998244339872966,0.00174510669027503,1.0535019691031e-05,1.84170674559867e-08,NA
2.55,2.9,"yes","strain1_first_strain2_later",0.999995786678819,0.998550088409514,4.21332118061279e-06,0.00144991159048646,0.998545881197276,0.00144990548154325,4.20721223739858e-06,6.1089432142126e-09,NA
2.55,2.95,"yes","strain1_first_strain2_later",0.999998197233559,0.998750612679147,1.80276644079491e-06,0.00124938732085322,0.99874881216506,0.00124938506849969,1.80051408726132e-06,2.25235353358886e-09,NA
2.55,3,"yes","strain1_first_strain2_later",0.99999917274663,0.998880827973583,8.27253370028203e-07,0.00111917202641731,0.998880001646052,0.00111917110057848,8.26327531197708e-07,9.25838830495016e-10,NA
2.6,1.2,"yes","strain1_reentered_before_strain2_escaped",0.991886417654924,1,0.00811358234507586,0,0.991886417654924,0,0.00811358234507586,0,NA
2.6,1.25,"yes","strain1_reentered_before_strain2_escaped",0.991885627549611,1,0.0081143724503886,0,0.991885627549611,0,0.0081143724503886,0,NA
2.6,1.3,"yes","strain1_reentered_before_strain2_escaped",0.991884554461894,1,0.00811544553810639,0,0.991884554461894,0,0.00811544553810639,0,NA
2.6,1.35,"yes","strain1_reentered_before_strain2_escaped",0.991883091205024,1,0.00811690879497595,0,0.991883091205024,0,0.00811690879497595,0,NA
2.6,1.4,"yes","strain1_reentered_before_strain2_escaped",0.991881089340229,1,0.00811891065977099,0,0.991881089340229,0,0.00811891065977099,0,NA
2.6,1.45,"yes","strain1_reentered_before_strain2_escaped",0.991878343483665,1,0.00812165651633523,0,0.991878343483665,0,0.00812165651633523,0,NA
2.6,1.5,"yes","strain1_reentered_before_strain2_escaped",0.991874569879977,1,0.00812543012002342,0,0.991874569879977,0,0.00812543012002342,0,NA
2.6,1.55,"yes","strain1_reentered_before_strain2_escaped",0.991869377313403,0.999999999999999,0.00813062268659726,7.7715611723761e-16,0.991869377313402,7.7083735407977e-16,0.00813062268659725,6.31876315783994e-18,NA
2.6,1.6,"yes","strain1_reentered_before_strain2_escaped",0.991862227969421,0.999999999999992,0.00813777203057853,8.43769498715119e-15,0.991862227969413,8.3690309488822e-15,0.00813777203057846,6.86640382689916e-17,NA
2.6,1.65,"yes","strain1_reentered_before_strain2_escaped",0.99185238524074,0.999999999999928,0.00814761475926018,7.20534742981727e-14,0.991852385240668,7.14664103475249e-14,0.00814761475925959,5.87063950647766e-16,NA
2.6,1.7,"yes","strain1_reentered_before_strain2_escaped",0.991838845065588,0.99999999999946,0.0081611549344125,5.39790434572751e-13,0.991838845065052,5.35385121204089e-13,0.00816115493440809,4.40531336866207e-15,NA
2.6,1.75,"yes","strain1_reentered_before_strain2_escaped",0.991820247148006,0.999999999996436,0.00817975285199446,3.56381590904675e-12,0.991820247144471,3.53466477570074e-12,0.00817975285196531,2.91511333460084e-14,NA
2.6,1.8,"yes","strain1_reentered_before_strain2_escaped",0.991794763001283,0.999999999978921,0.00820523699871678,2.10789163901381e-11,0.991794762980377,2.09059588854809e-11,0.00820523699854382,1.72957504657219e-13,NA
2.6,1.85,"yes","strain1_reentered_before_strain2_escaped",0.991759960079642,0.999999999886891,0.00824003992035827,1.13109077659601e-10,0.991759959967465,1.12177054344331e-10,0.00824003991942624,9.32023315270016e-13,NA
2.6,1.9,"yes","strain1_reentered_before_strain2_escaped",0.991712647375269,0.999999999443128,0.0082873526247309,5.56871770918121e-10,0.991712646823012,5.52256778185765e-10,0.00828735262011591,4.61499273235684e-12,NA
2.6,1.95,"yes","strain1_reentered_before_strain2_escaped",0.991648721961002,0.999999997459957,0.00835127803899849,2.54004262068008e-09,0.991648719442171,2.51883001852388e-09,0.00835127801778589,2.12126021562057e-11,NA
2.6,2,"yes","strain1_reentered_before_strain2_escaped",0.991563066914463,0.999999989173989,0.00843693308553739,1.08260110875946e-08,0.99156305617979,1.07346727564653e-08,0.00843693299419906,9.13383311293217e-11,NA
2.6,2.05,"yes","strain1_reentered_before_strain2_escaped",0.991449616987106,0.999999956556533,0.00855038301289435,4.34434671570116e-08,0.991449573915097,4.30720088734111e-08,0.00855038264143606,3.71458283600546e-10,NA
2.6,2.1,"yes","strain1_reentered_before_strain2_escaped",0.991301809781119,0.999999834760523,0.0086981902188813,1.65239477101231e-07,0.991301645978926,1.63802192697736e-07,0.00869818878159689,1.43728440349499e-09,NA
2.6,2.15,"yes","strain2_first_strain1_later",0.999450611765185,0.999999968347723,0.000549388234814652,3.16522772436656e-08,0.999450580130298,3.16348878549428e-08,0.000549388217425263,1.73893887227614e-11,NA
2.6,2.2,"yes","strain2_first_strain1_later",0.999353757313274,0.999999871792261,0.000646242686725751,1.28207739202857e-07,0.999353629188388,1.28124885889015e-07,0.000646242603872437,8.28533138414886e-11,NA
2.6,2.25,"yes","strain2_first_strain1_later",0.999176112597117,0.999999459476964,0.000823887402882861,5.40523035663654e-07,0.999175572519412,5.40077705543602e-07,0.000823886957552741,4.45330120051288e-10,NA
2.6,2.3,"yes","strain2_first_strain1_later",0.998883209101764,0.999997667189985,0.00111679089823646,2.33281001471575e-06,0.99888087889701,2.330204753724e-06,0.00111678829297547,2.60526099174942e-09,NA
2.6,2.35,"yes","strain2_first_strain1_later",0.998425149531046,0.999989899779103,0.00157485046895356,1.01002208967582e-05,0.998415065216487,1.00843145591424e-05,0.00157483456261594,1.59063376157942e-08,NA
2.6,2.4,"yes","strain2_first_strain1_later",0.997751155156689,0.999957272083806,0.00224884484331145,4.27279161940852e-05,0.997708523328948,4.26318277400867e-05,0.00224874875485745,9.60884539985123e-08,NA
2.6,2.45,"yes","strain2_first_strain1_later",0.996856255575332,0.999829347915818,0.0031437444246678,0.000170652084181877,0.996686139977689,0.000170115597643672,0.0031432079381296,5.36486538204717e-07,NA
2.6,2.5,"yes","strain2_first_strain1_later",0.995865273021711,0.999382566885742,0.00413472697828943,0.000617433114258326,0.995250392824807,0.000614880196903512,0.00413217406093461,2.55291735481316e-06,NA
2.6,2.55,"yes","strain2_first_strain1_later",0.995080192145777,0.998058368433095,0.00491980785422308,0.0019416315669053,0.993148113033104,0.00193207911267243,0.00491025539999021,9.55245423286816e-06,NA
2.6,2.6,"yes","both_strains_reentered_same_step",0.994843509422042,0.994843509422042,0.00515649057795786,0.00515649057795786,0.989713608239165,0.00512990118287729,0.00512990118287729,2.65893950805682e-05,NA
2.6,2.65,"yes","strain1_first_strain2_later",0.997937035908035,0.99494552261126,0.00206296409196483,0.00505447738873954,0.992892985724652,0.00504405018338292,0.00205253688660821,1.04272053566178e-05,NA
2.6,2.7,"yes","strain1_first_strain2_later",0.999237744882313,0.995543382733944,0.000762255117686794,0.00445661726605562,0.994784524695576,0.004453220186737,0.000758858038368172,3.39707931862222e-06,NA
2.6,2.75,"yes","strain1_first_strain2_later",0.999728400502747,0.996321090176386,0.00027159949725275,0.00367890982361363,0.996050489869192,0.0036779106335551,0.000270600307194219,9.99190058531666e-07,NA
2.6,2.8,"yes","strain1_first_strain2_later",0.999902961363487,0.997050238373863,9.70386365126696e-05,0.00294976162613736,0.996953485978196,0.00294947538529112,9.67523956664319e-05,2.86240846237765e-07,NA
2.6,2.85,"yes","strain1_first_strain2_later",0.999964218531168,0.997638238856181,3.57814688317637e-05,0.00236176114381903,0.997602541894632,0.00236167663653627,3.56969615490081e-05,8.45072827556312e-08,NA
2.6,2.9,"yes","strain1_first_strain2_later",0.999986132762871,0.99807707001631,1.38672371291504e-05,0.0019229299836897,0.998063229444907,0.00192290331796364,1.38405714030838e-05,2.66657260665784e-08,NA
2.6,2.95,"yes","strain1_first_strain2_later",0.999994294002154,0.998390579791738,5.70599784610604e-06,0.00160942020826194,0.99838488297724,0.00160941102491369,5.69681449786421e-06,9.18334824182213e-09,NA
2.6,3,"yes","strain1_first_strain2_later",0.999997495669301,0.998607220257725,2.50433069903799e-06,0.00139277974227547,0.998604719415007,0.00139277625429441,2.50084271797241e-06,3.48798106557869e-09,NA
2.65,1.2,"yes","strain1_reentered_before_strain2_escaped",0.991610548366824,1,0.00838945163317584,0,0.991610548366824,0,0.00838945163317584,0,NA
2.65,1.25,"yes","strain1_reentered_before_strain2_escaped",0.991609825304664,1,0.00839017469533554,0,0.991609825304664,0,0.00839017469533554,0,NA
2.65,1.3,"yes","strain1_reentered_before_strain2_escaped",0.991608852029521,1,0.00839114797047946,0,0.991608852029521,0,0.00839114797047946,0,NA
2.65,1.35,"yes","strain1_reentered_before_strain2_escaped",0.991607536900216,1,0.00839246309978403,0,0.991607536900216,0,0.00839246309978403,0,NA
2.65,1.4,"yes","strain1_reentered_before_strain2_escaped",0.991605754151647,1,0.00839424584835324,0,0.991605754151647,0,0.00839424584835324,0,NA
2.65,1.45,"yes","strain1_reentered_before_strain2_escaped",0.991603331324754,1,0.0083966686752458,0,0.991603331324754,0,0.0083966686752458,0,NA
2.65,1.5,"yes","strain1_reentered_before_strain2_escaped",0.991600032233452,1,0.00839996776654772,0,0.991600032233452,0,0.00839996776654772,0,NA
2.65,1.55,"yes","strain1_reentered_before_strain2_escaped",0.991595534019386,1,0.00840446598061362,4.44089209850063e-16,0.991595534019386,4.4035687719352e-16,0.00840446598061361,3.73233265654243e-18,NA
2.65,1.6,"yes","strain1_reentered_before_strain2_escaped",0.991589396477857,0.999999999999996,0.0084106035221434,4.21884749357559e-15,0.991589396477852,4.18336443998674e-15,0.00841060352214337,3.54830535888528e-17,NA
2.65,1.65,"yes","strain1_reentered_before_strain2_escaped",0.991581021397796,0.999999999999964,0.00841897860220409,3.64153152077051e-14,0.99158102139776,3.61087354481789e-14,0.00841897860220378,3.06579759526187e-16,NA
2.65,1.7,"yes","strain1_reentered_before_strain2_escaped",0.99156959927526,0.999999999999731,0.00843040072473966,2.69451128076525e-13,0.991569599274993,2.67179547091107e-13,0.00843040072473739,2.27158098541826e-15,NA
2.65,1.75,"yes","strain1_reentered_before_strain2_escaped",0.991554040551256,0.99999999999824,0.00844595944874438,1.75959247172841e-12,0.991554040549511,1.74473102506588e-12,0.00844595944872952,1.4861446662534e-14,NA
2.65,1.8,"yes","strain1_reentered_before_strain2_escaped",0.991532888696758,0.999999999989706,0.00846711130324151,1.02940989066269e-11,0.991532888686552,1.02069376254179e-11,0.00846711130315435,8.71612812089869e-14,NA
2.65,1.85,"yes","strain1_reentered_before_strain2_escaped",0.991504213698419,0.99999999994538,0.00849578630158121,5.46196421424838e-11,0.991504213644263,5.41556053349724e-11,0.00849578630111717,4.64036807511382e-13,NA
2.65,1.9,"yes","strain1_reentered_before_strain2_escaped",0.991465487844209,0.999999999734202,0.00853451215579137,2.65797606147089e-10,0.991465487580679,2.63529153246446e-10,0.00853451215352292,2.26845290064258e-12,NA
2.65,1.95,"yes","strain1_reentered_before_strain2_escaped",0.991413453448823,0.999999998802237,0.00858654655117719,1.19776311091613e-09,0.991413452261344,1.18747846220696e-09,0.00858654654089254,1.02846487091641e-11,NA
2.65,2,"yes","strain1_reentered_before_strain2_escaped",0.991344008985297,0.999999994959588,0.00865599101470282,5.04041175464209e-09,0.991344003988515,4.99678199578351e-09,0.00865599097107306,4.36297588585845e-11,NA
2.65,2.05,"yes","strain1_reentered_before_strain2_escaped",0.991252175296909,0.999999980044165,0.00874782470309132,1.99558354285756e-08,0.991252155515643,1.97812652784427e-08,0.00874782452852117,1.74570150132919e-10,NA
2.65,2.1,"yes","strain1_reentered_before_strain2_escaped",0.991132165333616,0.999999925172745,0.00886783466638363,7.482725472574e-08,0.991132091169917,7.41636990022928e-08,0.00886783400282791,6.63555723447236e-10,NA
2.65,2.15,"yes","strain1_reentered_before_strain2_escaped",0.990978257096804,0.999999732723114,0.00902174290319591,2.67276886067869e-07,0.990977992231221,2.64865582717798e-07,0.00902174049189256,2.4113033500711e-09,NA
2.65,2.2,"yes","strain2_first_strain1_later",0.99941533011601,0.999999949920667,0.000584669883989863,5.00793333468863e-08,0.999415280065957,5.00500534688681e-08,0.000584669854709985,2.92798780182137e-11,NA
2.65,2.25,"yes","strain2_first_strain1_later",0.999301360236589,0.99999980496344,0.000698639763410669,1.95036560457496e-07,0.999301165336289,1.94900300161041e-07,0.000698639627150372,1.36260296454455e-10,NA
2.65,2.3,"yes","strain2_first_strain1_later",0.999103758315593,0.999999214403166,0.000896241684407495,7.85596834362856e-07,0.999102973422843,7.84892749732762e-07,0.000896240980322865,7.04084630094562e-10,NA
2.65,2.35,"yes","strain2_first_strain1_later",0.998786826032377,0.999996776157411,0.00121317396762255,3.22384258877317e-06,0.998783606100871,3.21993150686876e-06,0.00121317005654064,3.9110819044125e-09,NA
2.65,2.4,"yes","strain2_first_strain1_later",0.998302380090943,0.999986777121908,0.00169761990905704,1.3222878092245e-05,0.998289179660272,1.32004306711406e-05,0.00169759746163593,2.24474211044292e-08,NA
2.65,2.45,"yes","strain2_first_strain1_later",0.997605712775797,0.999947125172927,0.00239428722420332,5.28748270725021e-05,0.997552964546247,5.27482295495605e-05,0.00239416062668038,1.26597522941652e-07,NA
2.65,2.5,"yes","strain2_first_strain1_later",0.996701592569853,0.999800347585216,0.00329840743014653,0.000199652414784368,0.996502598690078,0.000198993879775997,0.00329774889513816,6.58535008371457e-07,NA
2.65,2.55,"yes","strain2_first_strain1_later",0.995719271494767,0.999314449467539,0.00428072850523331,0.000685550532460888,0.995036655618012,0.000682615876754805,0.00427779384952723,2.9346557060832e-06,NA
2.65,2.6,"yes","strain2_first_strain1_later",0.99494552261126,0.997937035908035,0.00505447738873954,0.00206296409196483,0.992892985724652,0.00205253688660821,0.00504405018338292,1.04272053566178e-05,NA
2.65,2.65,"yes","both_strains_reentered_same_step",0.994695137835724,0.994695137835724,0.00530486216427628,0.00530486216427628,0.989418417234029,0.00527672060169431,0.00527672060169431,2.814156258197e-05,NA
2.65,2.7,"yes","strain1_first_strain2_later",0.997798425742745,0.994774010646192,0.00220157425725509,0.0052259893538078,0.992583941792567,0.00521448395017777,0.00219006885362506,1.15054036300324e-05,NA
2.65,2.75,"yes","strain1_first_strain2_later",0.999151327971367,0.995336295883503,0.000848672028632924,0.0046637041164973,0.994491581810103,0.00465974616126381,0.000844714073399433,3.95795523349148e-06,NA
2.65,2.8,"yes","strain1_first_strain2_later",0.999684060752813,0.996091503434442,0.000315939247186647,0.00390849656555792,0.995776799034718,0.00390726171809536,0.000314704399724093,1.23484746255397e-06,NA
2.65,2.85,"yes","strain1_first_strain2_later",0.999882281465232,0.996818730552998,0.000117718534768274,0.00318126944700214,0.996701386512608,0.00318089495262414,0.00011734404039027,3.7449437800417e-07,NA
2.65,2.9,"yes","strain1_first_strain2_later",0.999954904783808,0.997419463672467,4.50952161921148e-05,0.00258053632753308,0.997374484826118,0.0025804199576895,4.49788463485331e-05,1.1636984358171e-07,NA
2.65,2.95,"yes","strain1_first_strain2_later",0.999981925816578,0.997877265215832,1.80741834224785e-05,0.00212273478416813,0.997859229399107,0.00212269641747029,1.80358167246321e-05,3.83666978463301e-08,NA
2.65,3,"yes","strain1_first_strain2_later",0.999992344451807,0.998210330377489,7.65554819348591e-06,0.0017896696225107,0.998202688530198,0.00178965592160866,7.64184729144036e-06,1.37009020455484e-08,NA
2.7,1.2,"yes","strain1_reentered_before_strain2_escaped",0.991271370516551,1,0.00872862948344943,0,0.991271370516551,0,0.00872862948344943,0,NA
2.7,1.25,"yes","strain1_reentered_before_strain2_escaped",0.991270703153671,1,0.00872929684632895,0,0.991270703153671,0,0.00872929684632895,0,NA
2.7,1.3,"yes","strain1_reentered_before_strain2_escaped",0.991269812328988,1,0.00873018767101241,0,0.991269812328988,0,0.00873018767101241,0,NA
2.7,1.35,"yes","strain1_reentered_before_strain2_escaped",0.99126861879722,1,0.00873138120277972,0,0.99126861879722,0,0.00873138120277972,0,NA
2.7,1.4,"yes","strain1_reentered_before_strain2_escaped",0.991267014729829,1,0.00873298527017052,0,0.991267014729829,0,0.00873298527017052,0,NA
2.7,1.45,"yes","strain1_reentered_before_strain2_escaped",0.991264853494959,1,0.00873514650504104,0,0.991264853494959,0,0.00873514650504104,0,NA
2.7,1.5,"yes","strain1_reentered_before_strain2_escaped",0.991261935932401,1,0.00873806406759903,0,0.991261935932401,0,0.00873806406759903,0,NA
2.7,1.55,"yes","strain1_reentered_before_strain2_escaped",0.991257991975854,1,0.00874200802414615,2.22044604925031e-16,0.991257991975854,2.20103489207058e-16,0.00874200802414615,1.94111571797299e-18,NA
2.7,1.6,"yes","strain1_reentered_before_strain2_escaped",0.99125265625408,0.999999999999998,0.00874734374591957,2.22044604925031e-15,0.991252656254078,2.20102304438825e-15,0.00874734374591955,1.94230048620615e-17,NA
2.7,1.65,"yes","strain1_reentered_before_strain2_escaped",0.991245435913125,0.999999999999981,0.00875456408687547,1.89848137210902e-14,0.991245435913106,1.88186099526915e-14,0.0087545640868753,1.66203768398677e-16,NA
2.7,1.7,"yes","strain1_reentered_before_strain2_escaped",0.991235668636848,0.99999999999986,0.00876433136315236,1.39999123405232e-13,0.991235668636709,1.38772124697158e-13,0.00876433136315113,1.22699870807431e-15,NA
2.7,1.75,"yes","strain1_reentered_before_strain2_escaped",0.991222468574886,0.999999999999094,0.00877753142511373,9.05719943489203e-13,0.991222468573989,8.97769958222874e-13,0.00877753142510578,7.94998526632871e-15,NA
2.7,1.8,"yes","strain1_reentered_before_strain2_escaped",0.991204657951651,0.999999999994756,0.00879534204834875,5.24358334530461e-12,0.991204657946454,5.19746423622364e-12,0.00879534204830263,4.61191090809789e-14,NA
2.7,1.85,"yes","strain1_reentered_before_strain2_escaped",0.991180682683311,0.999999999972472,0.00881931731668906,2.75275358063709e-11,0.991180682656026,2.7284761733148e-11,0.00881931731644628,2.42774073222905e-13,NA
2.7,1.9,"yes","strain1_reentered_before_strain2_escaped",0.99114851225228,0.999999999867498,0.00885148774772027,1.32501898342241e-10,0.991148512120951,1.31329059412515e-10,0.00885148774654743,1.17283892972602e-12,NA
2.7,1.95,"yes","strain1_reentered_before_strain2_escaped",0.991105528373263,0.99999999940962,0.00889447162673651,5.90379856113543e-10,0.991105527788135,5.85128739234344e-10,0.00889447162148539,5.25111687919869e-12,NA
2.7,2,"yes","strain1_reentered_before_strain2_escaped",0.991048416465119,0.999999997544655,0.00895158353488146,2.45534548248827e-09,0.991048414031752,2.43336625229478e-09,0.00895158351290223,2.19792301934876e-11,NA
2.7,2.05,"yes","strain1_reentered_before_strain2_escaped",0.990973093317765,0.999999990398295,0.00902690668223549,9.60170476460576e-09,0.990973083802733,9.51503107170528e-09,0.0090269065955618,8.66736929004721e-11,NA
2.7,2.1,"yes","strain1_reentered_before_strain2_escaped",0.990874743669792,0.999999964464053,0.00912525633020844,3.55359465187277e-08,0.99087470845812,3.52116718978077e-08,0.00912525600593382,3.24274620919969e-10,NA
2.7,2.15,"yes","strain1_reentered_before_strain2_escaped",0.990748044437908,0.99999987480415,0.00925195556209202,1.25195850242399e-07,0.990747920400364,1.24037543799398e-07,0.00925195440378557,1.158306443001e-09,NA
2.7,2.2,"yes","strain2_first_strain1_later",0.999436713348278,0.999999978264054,0.000563286651721673,2.17359461540667e-08,0.999436691624576,2.17237025857356e-08,0.000563286639478104,1.22435683311268e-11,NA
2.7,2.25,"yes","strain2_first_strain1_later",0.999371037338529,0.999999921983397,0.000628962661470722,7.80166025116102e-08,0.999370959370996,7.79675329816556e-08,0.000628962612401192,4.90695299546058e-11,NA
2.7,2.3,"yes","strain2_first_strain1_later",0.999239370144654,0.999999707797838,0.000760629855346195,2.92202161800148e-07,0.99923907816475,2.91979904112086e-07,0.000760629633088507,2.22257688061892e-10,NA
2.7,2.35,"yes","strain2_first_strain1_later",0.999020240260355,0.999998873821909,0.000979759739645147,1.12617809067128e-06,0.999019115185648,1.12507470671837e-06,0.000979758636261194,1.10338395291016e-09,NA
2.7,2.4,"yes","strain2_first_strain1_later",0.998677234675482,0.999995596214404,0.00132276532451825,4.40378559640742e-06,0.99867283671506,4.39796042152388e-06,0.00132275949934337,5.82517488354065e-09,NA
2.7,2.45,"yes","strain2_first_strain1_later",0.998163979968884,0.999982842092333,0.00183602003111594,1.7157907667209e-05,0.998146853563479,1.712640540504e-05,0.00183598852885377,3.15022621690335e-08,NA
2.7,2.5,"yes","strain2_first_strain1_later",0.997441607547807,0.999934938032148,0.00255839245219258,6.50619678516096e-05,0.997376712034003,6.48955138041332e-05,0.00255822599814511,1.66454047476354e-07,NA
2.7,2.55,"yes","strain2_first_strain1_later",0.996523782727738,0.999766915643845,0.00347621727226211,0.000233084356154989,0.996291508623448,0.000232274104290229,0.00347540702039735,8.10251864760065e-07,NA
2.7,2.6,"yes","strain2_first_strain1_later",0.995543382733944,0.999237744882313,0.00445661726605562,0.000762255117686794,0.994784524695576,0.000758858038368172,0.004453220186737,3.39707931862222e-06,NA
2.7,2.65,"yes","strain2_first_strain1_later",0.994774010646192,0.997798425742745,0.0052259893538078,0.00220157425725509,0.992583941792567,0.00219006885362506,0.00521448395017777,1.15054036300324e-05,NA
2.7,2.7,"yes","both_strains_reentered_same_step",0.994507389811379,0.994507389811379,0.00549261018862124,0.00549261018862124,0.989044948389442,0.00546244142193709,0.00546244142193709,3.01687666841458e-05,NA
2.7,2.75,"yes","strain1_first_strain2_later",0.997640925962297,0.994564895552423,0.00235907403770341,0.00543510444757656,0.992218643328515,0.00542228263378207,0.00234625222390893,1.28218137944842e-05,NA
2.7,2.8,"yes","strain1_first_strain2_later",0.999053924790534,0.995096222607773,0.000946075209465991,0.00490377739222692,0.994154786740531,0.00489913805000339,0.000941435867242465,4.63934222352567e-06,NA
2.7,2.85,"yes","strain1_first_strain2_later",0.999633045652083,0.995832628081068,0.000366954347916781,0.00416737191893202,0.995467202968396,0.00416584268368698,0.000365425112671743,1.5292352450384e-06,NA
2.7,2.9,"yes","strain1_first_strain2_later",0.999857766226714,0.996560110506866,0.00014223377328626,0.0034398894931339,0.996418366002042,0.0034394002246716,0.000141744504823964,4.89268462296194e-07,NA
2.7,2.95,"yes","strain1_first_strain2_later",0.999943507889147,0.997174938465033,5.64921108525684e-05,0.00282506153496653,0.99711860594787,0.00282490194127713,5.63325171631698e-05,1.59593689398657e-07,NA
2.7,3,"yes","strain1_first_strain2_later",0.999976621293832,0.997653012699267,2.33787061680868e-05,0.00234698730073291,0.997629688862625,0.00234693243120642,2.33238366416027e-05,5.48695264840658e-08,NA
2.75,1.2,"yes","strain1_reentered_before_strain2_escaped",0.990866798147759,1,0.00913320185224142,0,0.990866798147759,0,0.00913320185224142,0,NA
2.75,1.25,"yes","strain1_reentered_before_strain2_escaped",0.990866176443375,1,0.00913382355662506,0,0.990866176443375,0,0.00913382355662506,0,NA
2.75,1.3,"yes","strain1_reentered_before_strain2_escaped",0.990865353110127,1,0.0091346468898732,0,0.990865353110127,0,0.0091346468898732,0,NA
2.75,1.35,"yes","strain1_reentered_before_strain2_escaped",0.990864258853155,1,0.00913574114684468,0,0.990864258853155,0,0.00913574114684468,0,NA
2.75,1.4,"yes","strain1_reentered_before_strain2_escaped",0.990862800141628,1,0.00913719985837214,0,0.990862800141628,0,0.00913719985837214,0,NA
2.75,1.45,"yes","strain1_reentered_before_strain2_escaped",0.990860850802286,1,0.00913914919771419,0,0.990860850802286,0,0.00913914919771419,0,NA
2.75,1.5,"yes","strain1_reentered_before_strain2_escaped",0.990858240806884,1,0.00914175919311644,0,0.990858240806884,0,0.00914175919311644,0,NA
2.75,1.55,"yes","strain1_reentered_before_strain2_escaped",0.990854741359177,1,0.00914525864082272,1.11022302462516e-16,0.990854741359177,1.10006974791596e-16,0.00914525864082272,1.01532767091935e-18,NA
2.75,1.6,"yes","strain1_reentered_before_strain2_escaped",0.990850045228474,0.999999999999999,0.00914995477152558,1.22124532708767e-15,0.990850045228473,1.21007098757988e-15,0.00914995477152557,1.11743395077892e-17,NA
2.75,1.65,"yes","strain1_reentered_before_strain2_escaped",0.990843740950986,0.99999999999999,0.00915625904901418,1.04360964314765e-14,0.990843740950975,1.03405408290894e-14,0.00915625904901409,9.55556023870911e-17,NA
2.75,1.7,"yes","strain1_reentered_before_strain2_escaped",0.990835279308219,0.999999999999924,0.00916472069178076,7.56061879769732e-14,0.990835279308144,7.49132783815939e-14,0.00916472069178007,6.92909595379232e-16,NA
2.75,1.75,"yes","strain1_reentered_before_strain2_escaped",0.990823930305424,0.999999999999515,0.00917606969457607,4.84501327946418e-13,0.990823930304944,4.80055509994067e-13,0.00917606969457163,4.44581795235099e-15,NA
2.75,1.8,"yes","strain1_reentered_before_strain2_escaped",0.990808728747353,0.999999999997222,0.00919127125264718,2.77777800761214e-12,0.990808728744601,2.75224669646454e-12,0.00919127125262165,2.5531311147601e-14,NA
2.75,1.85,"yes","strain1_reentered_before_strain2_escaped",0.990788406877942,0.999999999985564,0.00921159312205766,1.44355638553861e-11,0.99078840686364,1.43025893146628e-11,0.00921159312192468,1.32974540723299e-13,NA
2.75,1.9,"yes","strain1_reentered_before_strain2_escaped",0.990761313544541,0.999999999931229,0.00923868645545911,6.8770766858961e-11,0.990761313476406,6.81354153066496e-11,0.00923868645482376,6.35351552311419e-13,NA
2.75,1.95,"yes","strain1_reentered_before_strain2_escaped",0.990725321875594,0.999999999696811,0.0092746781244063,3.03189140460347e-10,0.990725321575217,3.00377158771762e-10,0.00927467812159432,2.81198168858513e-12,NA
2.75,2,"yes","strain1_reentered_before_strain2_escaped",0.990677732927203,0.999999998752816,0.00932226707279693,1.24718357863429e-09,0.990677731691646,1.23555700022546e-09,0.00932226706117035,1.16265784088355e-11,NA
2.75,2.05,"yes","strain1_reentered_before_strain2_escaped",0.990615193833745,0.999999995178288,0.0093848061662547,4.82171191862335e-09,0.990615189057284,4.77646108687755e-09,0.00938480612100387,4.52508317458002e-11,NA
2.75,2.1,"yes","strain1_reentered_before_strain2_escaped",0.990533671141656,0.999999982367489,0.00946632885834431,1.76325108958153e-08,0.99053365367606,1.74655957490772e-08,0.00946632869142916,1.66915146738127e-10,NA
2.75,2.15,"yes","strain1_reentered_before_strain2_escaped",0.990428563344361,0.999999938658573,0.00957143665563853,6.13414271599666e-08,0.99042850259006,6.07543015755385e-08,0.00957143606851295,5.87125584428085e-10,NA
2.75,2.2,"yes","strain1_reentered_before_strain2_escaped",0.990294952717815,0.999999795950683,0.00970504728218491,2.04049317442667e-07,0.990294750648806,2.02069009168989e-07,0.00970504530187664,1.98030827367864e-09,NA
2.75,2.25,"yes","strain2_first_strain1_later",0.999400458240371,0.999999965600974,0.000599541759628952,3.43990262940963e-08,0.999400423861968,3.43784026413424e-08,0.000599541739005299,2.06236527538851e-11,NA
2.75,2.3,"yes","strain2_first_strain1_later",0.999317502463564,0.999999880304208,0.000682497536436344,1.1969579205573e-07,0.999317382849464,1.1961409997253e-07,0.000682497454744261,8.16920831998323e-11,NA
2.75,2.35,"yes","strain2_first_strain1_later",0.999166997318393,0.999999568518222,0.00083300268160702,4.31481778417897e-07,0.99916656619604,4.3112235293941e-07,0.000833002322181542,3.59425478486674e-10,NA
2.75,2.4,"yes","strain2_first_strain1_later",0.998924505955394,0.999998406313773,0.00107549404460561,1.5936862270971e-06,0.998922913983167,1.59197222705089e-06,0.00107549233060556,1.71400004621291e-09,NA
2.75,2.45,"yes","strain2_first_strain1_later",0.998553106079677,0.999994048898833,0.00144689392032293,5.95110116718978e-06,0.998547163589122,5.94249055509174e-06,0.00144688530971084,8.6106120980336e-09,NA
2.75,2.5,"yes","strain2_first_strain1_later",0.998008375203175,0.99997791712046,0.00199162479682535,2.20828795401973e-05,0.997986336304445,2.20388987297197e-05,0.00199158081601488,4.39808104775641e-08,NA
2.75,2.55,"yes","strain2_first_strain1_later",0.997257110499865,0.99992035434089,0.0027428895001349,7.96456591101169e-05,0.997177683299997,7.94271998680124e-05,0.0027426710408928,2.18459242104464e-07,NA
2.75,2.6,"yes","strain2_first_strain1_later",0.996321090176386,0.999728400502747,0.00367890982361363,0.00027159949725275,0.996050489869192,0.000270600307194219,0.0036779106335551,9.99190058531666e-07,NA
2.75,2.65,"yes","strain2_first_strain1_later",0.995336295883503,0.999151327971367,0.0046637041164973,0.000848672028632924,0.994491581810103,0.000844714073399433,0.00465974616126381,3.95795523349148e-06,NA
2.75,2.7,"yes","strain2_first_strain1_later",0.994564895552423,0.997640925962297,0.00543510444757656,0.00235907403770341,0.992218643328515,0.00234625222390893,0.00542228263378207,1.28218137944842e-05,NA
2.75,2.75,"yes","both_strains_reentered_same_step",0.994279492479371,0.994279492479371,0.00572050752062903,0.00572050752062903,0.988591709165035,0.00568778331433545,0.00568778331433545,3.27242062935732e-05,NA
2.75,2.8,"yes","strain1_first_strain2_later",0.997462678831601,0.994316796505176,0.00253732116839933,0.00568320349482399,0.991793895449308,0.00566878338229225,0.00252290105586759,1.4420112531738e-05,NA
2.75,2.85,"yes","strain1_first_strain2_later",0.99894411992784,0.994821031135989,0.00105588007216029,0.00517896886401081,0.993770619433847,0.00517350049399297,0.00105041170214244,5.46837001784762e-06,NA
2.75,2.9,"yes","strain1_first_strain2_later",0.999574400688143,0.995541883816061,0.000425599311856928,0.0044581161839391,0.995118181875384,0.00445621881275904,0.000423701940676865,1.89737118006271e-06,NA
2.75,2.95,"yes","strain1_first_strain2_later",0.999828784264191,0.996271589568568,0.000171215735808583,0.00372841043143235,0.996101012195294,0.00372777206889694,0.000170577373273169,6.38362535414086e-07,NA
2.75,3,"yes","strain1_first_strain2_later",0.999929627911888,0.996901890286645,7.03720881116698e-05,0.00309810971335522,0.996831736218983,0.0030978916929055,7.0154067661942e-05,2.18020449727854e-07,NA
2.8,1.2,"yes","strain1_reentered_before_strain2_escaped",0.990393781091225,1,0.00960621890877467,0,0.990393781091225,0,0.00960621890877467,0,NA
2.8,1.25,"yes","strain1_reentered_before_strain2_escaped",0.990393196804653,1,0.00960680319534746,0,0.990393196804653,0,0.00960680319534746,0,NA
2.8,1.3,"yes","strain1_reentered_before_strain2_escaped",0.990392428828425,1,0.00960757117157474,0,0.990392428828425,0,0.00960757117157474,0,NA
2.8,1.35,"yes","strain1_reentered_before_strain2_escaped",0.990391415934216,1,0.00960858406578413,0,0.990391415934216,0,0.00960858406578413,0,NA
2.8,1.4,"yes","strain1_reentered_before_strain2_escaped",0.990390076113916,1,0.00960992388608395,0,0.990390076113916,0,0.00960992388608395,0,NA
2.8,1.45,"yes","strain1_reentered_before_strain2_escaped",0.99038829958141,1,0.0096117004185905,0,0.99038829958141,0,0.0096117004185905,0,NA
2.8,1.5,"yes","strain1_reentered_before_strain2_escaped",0.990385939495737,1,0.00961406050426328,0,0.990385939495737,0,0.00961406050426328,0,NA
2.8,1.55,"yes","strain1_reentered_before_strain2_escaped",0.990382799731552,1,0.00961720026844759,0,0.990382799731552,0,0.00961720026844759,0,NA
2.8,1.6,"yes","strain1_reentered_before_strain2_escaped",0.990378618811607,0.999999999999999,0.00962138118839295,6.66133814775094e-16,0.990378618811606,6.59724687420664e-16,0.00962138118839295,6.40912735442952e-18,NA
2.8,1.65,"yes","strain1_reentered_before_strain2_escaped",0.990373048967869,0.999999999999994,0.00962695103213085,5.88418203051333e-15,0.990373048967863,5.82753529824143e-15,0.00962695103213079,5.66467322718961e-17,NA
2.8,1.7,"yes","strain1_reentered_before_strain2_escaped",0.990365629068029,0.999999999999958,0.00963437093197084,4.2410519540681e-14,0.990365629067987,4.20019208640085e-14,0.00963437093197043,4.08598676672518e-16,NA
2.8,1.75,"yes","strain1_reentered_before_strain2_escaped",0.990355749971193,0.999999999999731,0.00964425002880664,2.68673971959288e-13,0.990355749970927,2.6608281299748e-13,0.00964425002880405,2.59115896180796e-15,NA
2.8,1.8,"yes","strain1_reentered_before_strain2_escaped",0.99034261077781,0.999999999998474,0.00965738922218984,1.52589052504482e-12,0.990342610776299,1.51115440633401e-12,0.0096573892221751,1.47361187108094e-14,NA
2.8,1.85,"yes","strain1_reentered_before_strain2_escaped",0.99032516460763,0.999999999992145,0.00967483539237035,7.85460585461806e-12,0.990325164599851,7.77861383590268e-12,0.00967483539229436,7.59920187153781e-14,NA
2.8,1.9,"yes","strain1_reentered_before_strain2_escaped",0.990302053068214,0.999999999962943,0.00969794693178594,3.7056913093636e-11,0.990302053031517,3.66975371169981e-11,0.00969794693142656,3.59375976637886e-13,NA
2.8,1.95,"yes","strain1_reentered_before_strain2_escaped",0.990271530152228,0.999999999838252,0.00972846984777198,1.61747837346127e-10,0.990271529992054,1.60174278387563e-10,0.00972846984619842,1.57355895856412e-12,NA
2.8,2,"yes","strain1_reentered_before_strain2_escaped",0.990231379468516,0.999999999341446,0.00976862053148442,6.5855443320828e-10,0.990231378816394,6.52121264850942e-10,0.00976862052505125,6.43316835733849e-12,NA
2.8,2.05,"yes","strain1_reentered_before_strain2_escaped",0.990178835340391,0.999999997480921,0.00982116465960892,2.51907927850681e-09,0.990178832846052,2.49433898612198e-09,0.00982116463486862,2.47402923848242e-11,NA
2.8,2.1,"yes","strain1_reentered_before_strain2_escaped",0.990110531223028,0.999999990889577,0.00988946877697194,9.11042308260335e-09,0.990110522202702,9.02032583798294e-09,0.0098894686868747,9.00972446204103e-11,NA
2.8,2.15,"yes","strain1_reentered_before_strain2_escaped",0.990022447553853,0.999999968671604,0.00997755244614695,3.13283957664723e-08,0.990022416538038,3.10158150546587e-08,0.00997755213356624,3.12580711813625e-10,NA
2.8,2.2,"yes","strain1_reentered_before_strain2_escaped",0.98991025705074,0.999999897049502,0.0100897429492599,1.0295049834852e-07,0.989910155138986,1.01911754283685e-07,0.0100897419105158,1.03874406483477e-09,NA
2.8,2.25,"yes","strain1_reentered_before_strain2_escaped",0.98976975817296,0.999999675251253,0.0102302418270402,3.247487473379e-07,0.989769436746471,3.21426489119605e-07,0.010230238504782,3.3222582182951e-09,NA
2.8,2.3,"yes","strain2_first_strain1_later",0.999354114391257,0.999999946280123,0.000645885608743235,5.37198773242764e-08,0.999354060706076,5.36851804286092e-08,0.00064588557404634,3.46968956672022e-11,NA
2.8,2.35,"yes","strain2_first_strain1_later",0.999254090805708,0.999999819035411,0.000745909194292071,1.8096458864747e-07,0.999253909976102,1.80829605496956e-07,0.000745909059308921,1.3498315051343e-10,NA
2.8,2.4,"yes","strain2_first_strain1_later",0.999083239939515,0.999999371506274,0.000916760060484578,6.28493726062551e-07,0.999082612021967,6.27917548116232e-07,0.000916759484306632,5.76177946319282e-10,NA
2.8,2.45,"yes","strain2_first_strain1_later",0.998815253442883,0.999997771795339,0.0011847465571172,2.22820466055929e-06,0.99881302787808,2.22556480275914e-06,0.0011847439172594,2.63985780015011e-09,NA
2.8,2.5,"yes","strain2_first_strain1_later",0.998412898065563,0.999992038027968,0.0015871019344369,7.96197203167814e-06,0.998404948729993,7.94933557046473e-06,0.00158708929797568,1.26364612134088e-08,NA
2.8,2.55,"yes","strain2_first_strain1_later",0.997833797736481,0.999971792030729,0.00216620226351893,2.82079692714987e-05,0.997805650871376,2.81468651046135e-05,0.00216614115935205,6.11041668851931e-08,NA
2.8,2.6,"yes","strain2_first_strain1_later",0.997050238373863,0.999902961363487,0.00294976162613736,9.70386365126696e-05,0.996953485978196,9.67523956664319e-05,0.00294947538529112,2.86240846237765e-07,NA
2.8,2.65,"yes","strain2_first_strain1_later",0.996091503434442,0.999684060752813,0.00390849656555792,0.000315939247186647,0.995776799034718,0.000314704399724093,0.00390726171809536,1.23484746255397e-06,NA
2.8,2.7,"yes","strain2_first_strain1_later",0.995096222607773,0.999053924790534,0.00490377739222692,0.000946075209465991,0.994154786740531,0.000941435867242465,0.00489913805000339,4.63934222352567e-06,NA
2.8,2.75,"yes","strain2_first_strain1_later",0.994316796505176,0.997462678831601,0.00568320349482399,0.00253732116839933,0.991793895449308,0.00252290105586759,0.00566878338229225,1.4420112531738e-05,NA
2.8,2.8,"yes","both_strains_reentered_same_step",0.994009928587688,0.994009928587688,0.00599007141231178,0.00599007141231178,0.988055738130901,0.00595419045678719,0.00595419045678719,3.58809555245949e-05,NA
2.8,2.85,"yes","strain1_first_strain2_later",0.997261630271555,0.994027897534115,0.00273836972844499,0.00597210246588542,0.991305881630277,0.00595574864127767,0.00272201590383724,1.63538246077523e-05,NA
2.8,2.9,"yes","strain1_first_strain2_later",0.998820320969575,0.994508146561333,0.00117967903042548,0.00549185343866687,0.993334946155247,0.00548537481432711,0.00117320040608572,6.4786243397654e-06,NA
2.8,2.95,"yes","strain1_first_strain2_later",0.999507036658814,0.995216278553611,0.000492963341185537,0.00478372144638906,0.994725673411733,0.00478136324708154,0.000490605141878024,2.35819930751286e-06,NA
2.8,3,"yes","strain1_first_strain2_later",0.999794608833028,0.995950022927616,0.000205391166972269,0.00404997707238386,0.995745463590161,0.00404914524286675,0.000204559337455161,8.31829517107853e-07,NA
2.85,1.2,"yes","strain1_reentered_before_strain2_escaped",0.989848258138348,1,0.0101517418616517,0,0.989848258138348,0,0.0101517418616517,0,NA
2.85,1.25,"yes","strain1_reentered_before_strain2_escaped",0.989847705237559,1,0.0101522947624413,0,0.989847705237559,0,0.0101522947624413,0,NA
2.85,1.3,"yes","strain1_reentered_before_strain2_escaped",0.989846983647814,1,0.0101530163521859,0,0.989846983647814,0,0.0101530163521859,0,NA
2.85,1.35,"yes","strain1_reentered_before_strain2_escaped",0.989846038777172,1,0.0101539612228279,0,0.989846038777172,0,0.0101539612228279,0,NA
2.85,1.4,"yes","strain1_reentered_before_strain2_escaped",0.989844798032549,1,0.0101552019674512,0,0.989844798032549,0,0.0101552019674512,0,NA
2.85,1.45,"yes","strain1_reentered_before_strain2_escaped",0.989843164941264,1,0.0101568350587364,0,0.989843164941264,0,0.0101568350587364,0,NA
2.85,1.5,"yes","strain1_reentered_before_strain2_escaped",0.989841011382432,1,0.0101589886175684,0,0.989841011382432,0,0.0101589886175684,0,NA
2.85,1.55,"yes","strain1_reentered_before_strain2_escaped",0.989838167427607,1,0.010161832572393,0,0.989838167427607,0,0.010161832572393,0,NA
2.85,1.6,"yes","strain1_reentered_before_strain2_escaped",0.989834408075501,1,0.0101655919244986,4.44089209850063e-16,0.989834408075501,4.39574780164654e-16,0.0101655919244986,4.51442968540877e-18,NA
2.85,1.65,"yes","strain1_reentered_before_strain2_escaped",0.989829436042419,0.999999999999997,0.0101705639575812,3.44169137633799e-15,0.989829436042415,3.40668743407268e-15,0.0101705639575812,3.50039422653012e-17,NA
2.85,1.7,"yes","strain1_reentered_before_strain2_escaped",0.989822859619932,0.999999999999975,0.0101771403800677,2.4535928844216e-14,0.989822859619908,2.4286223252013e-14,0.0101771403800674,2.49705592202937e-16,NA
2.85,1.75,"yes","strain1_reentered_before_strain2_escaped",0.989814164443644,0.999999999999846,0.0101858355563557,1.54098955817972e-13,0.989814164443492,1.52529329194604e-13,0.0101858355563541,1.56962662336798e-15,NA
2.85,1.8,"yes","strain1_reentered_before_strain2_escaped",0.989802677903859,0.999999999999133,0.0101973220961405,8.67306226837172e-13,0.989802677903001,8.58462025886125e-13,0.0101973220961317,8.84420095104698e-15,NA
2.85,1.85,"yes","strain1_reentered_before_strain2_escaped",0.989787525024991,0.999999999995577,0.0102124749750094,4.42346159701401e-12,0.989787525020612,4.37828710615159e-12,0.0102124749749643,4.51744908624209e-14,NA
2.85,1.9,"yes","strain1_reentered_before_strain2_escaped",0.989767574900963,0.999999999979323,0.0102324250990372,2.06767936106189e-11,0.989767574880498,2.046521986871e-11,0.0102324250988256,2.11573741908909e-13,NA
2.85,1.95,"yes","strain1_reentered_before_strain2_escaped",0.989741377734994,0.999999999910598,0.0102586222650064,8.94020413255703e-11,0.989741377646509,8.84848995538908e-11,0.0102586222640893,9.17141771679518e-13,NA
2.85,2,"yes","strain1_reentered_before_strain2_escaped",0.98970709446545,0.999999999639503,0.0102929055345495,3.60496965612356e-10,0.989707094108664,3.56786404399816e-10,0.010292905530839,3.71056121253973e-12,NA
2.85,2.05,"yes","strain1_reentered_before_strain2_escaped",0.989662424982203,0.999999998634706,0.0103375750177969,1.36529398897522e-09,0.989662423631023,1.35118015994285e-09,0.010337575003683,1.41138290323785e-11,NA
2.85,2.1,"yes","strain1_reentered_before_strain2_escaped",0.989604548657751,0.999999995112992,0.010395451342249,4.88700813150444e-09,0.989604543821546,4.83620547626421e-09,0.0103954512914463,5.08026552402294e-11,NA
2.85,2.15,"yes","strain1_reentered_before_strain2_escaped",0.989530083912822,0.99999998337451,0.0104699160871778,1.66254903177787e-08,0.989530067461399,1.64514228292434e-08,0.0104699159131104,1.74067488535331e-10,NA
2.85,2.2,"yes","strain1_reentered_before_strain2_escaped",0.989435138934085,0.999999945975926,0.0105648610659147,5.40240735480424e-08,0.989435085480769,5.34533167167926e-08,0.0105648604951579,5.70756831249825e-10,NA
2.85,2.25,"yes","strain1_reentered_before_strain2_escaped",0.989315726859325,0.999999831572914,0.0106842731406747,1.68427086166822e-07,0.98931556023176,1.66627565173928e-07,0.0106842713411537,1.79952099289428e-09,NA
2.85,2.3,"yes","strain1_reentered_before_strain2_escaped",0.989168172772967,0.999999494225823,0.0108318272270328,5.0577417720632e-07,0.989167672477248,5.00295718702926e-07,0.0108318217485743,5.47845850339352e-09,NA
2.85,2.35,"yes","strain2_first_strain1_later",0.999297859493203,0.999999917282766,0.0007021405067974,8.27172338402349e-08,0.999297776834048,8.26591547197454e-08,0.000702140448718279,5.80791204894615e-11,NA
2.85,2.4,"yes","strain2_first_strain1_later",0.999179916690172,0.999999730214176,0.000820083309827524,2.69785823903135e-07,0.999179647125595,2.69564577051724e-07,0.000820083088580673,2.21246851411028e-10,NA
2.85,2.45,"yes","strain2_first_strain1_later",0.998986897546844,0.999999096281041,0.00101310245315622,9.03718958666921e-07,0.998985994743445,9.02803398772932e-07,0.00101310153759633,9.15559893989245e-10,NA
2.85,2.5,"yes","strain2_first_strain1_later",0.998691004006409,0.99999691968208,0.00130899599359124,3.08031792017882e-06,0.998687927720612,3.07628579636232e-06,0.00130899196146743,4.03212381650139e-09,NA
2.85,2.55,"yes","strain2_first_strain1_later",0.998254874892658,0.999989446563242,0.00174512510734248,1.0553436758487e-05,0.998244339872966,1.0535019691031e-05,0.00174510669027503,1.84170674559867e-08,NA
2.85,2.6,"yes","strain2_first_strain1_later",0.997638238856181,0.999964218531168,0.00236176114381903,3.57814688317637e-05,0.997602541894632,3.56969615490081e-05,0.00236167663653627,8.45072827556312e-08,NA
2.85,2.65,"yes","strain2_first_strain1_later",0.996818730552998,0.999882281465232,0.00318126944700214,0.000117718534768274,0.996701386512608,0.00011734404039027,0.00318089495262414,3.7449437800417e-07,NA
2.85,2.7,"yes","strain2_first_strain1_later",0.995832628081068,0.999633045652083,0.00416737191893202,0.000366954347916781,0.995467202968396,0.000365425112671743,0.00416584268368698,1.5292352450384e-06,NA
2.85,2.75,"yes","strain2_first_strain1_later",0.994821031135989,0.99894411992784,0.00517896886401081,0.00105588007216029,0.993770619433847,0.00105041170214244,0.00517350049399297,5.46837001784762e-06,NA
2.85,2.8,"yes","strain2_first_strain1_later",0.994027897534115,0.997261630271555,0.00597210246588542,0.00273836972844499,0.991305881630277,0.00272201590383724,0.00595574864127767,1.63538246077523e-05,NA
2.85,2.85,"yes","both_strains_reentered_same_step",0.993696676969844,0.993696676969844,0.00630332303015613,0.00630332303015613,0.98743308582091,0.00626359114893363,0.00626359114893363,3.97318812224966e-05,NA
2.85,2.9,"yes","strain1_first_strain2_later",0.997035410164193,0.993695745313376,0.00296458983580705,0.00630425468662354,0.990749845006936,0.00628556515725724,0.00294590030644075,1.86895293663031e-05,NA
2.85,2.95,"yes","strain1_first_strain2_later",0.998680748313247,0.994154588526543,0.00131925168675329,0.00584541147345741,0.992843048408735,0.00583769990451128,0.00131154011780716,7.7115689461257e-06,NA
2.85,3,"yes","strain1_first_strain2_later",0.99942971858318,0.994852446596708,0.000570281416820473,0.00514755340329154,0.994285100733936,0.00514461784924355,0.000567345862772485,2.93555404798815e-06,NA
2.9,1.2,"yes","strain1_reentered_before_strain2_escaped",0.989225315837525,1,0.0107746841624745,0,0.989225315837525,0,0.0107746841624745,0,NA
2.9,1.25,"yes","strain1_reentered_before_strain2_escaped",0.989224789291598,1,0.0107752107084025,0,0.989224789291598,0,0.0107752107084025,0,NA
2.9,1.3,"yes","strain1_reentered_before_strain2_escaped",0.989224106681923,1,0.0107758933180766,0,0.989224106681923,0,0.0107758933180766,0,NA
2.9,1.35,"yes","strain1_reentered_before_strain2_escaped",0.989223218921138,1,0.0107767810788623,0,0.989223218921138,0,0.0107767810788623,0,NA
2.9,1.4,"yes","strain1_reentered_before_strain2_escaped",0.989222061187785,1,0.0107779388122153,0,0.989222061187785,0,0.0107779388122153,0,NA
2.9,1.45,"yes","strain1_reentered_before_strain2_escaped",0.989220547924971,1,0.0107794520750293,0,0.989220547924971,0,0.0107794520750293,0,NA
2.9,1.5,"yes","strain1_reentered_before_strain2_escaped",0.989218566278504,1,0.0107814337214963,0,0.989218566278504,0,0.0107814337214963,0,NA
2.9,1.55,"yes","strain1_reentered_before_strain2_escaped",0.989215967565227,1,0.0107840324347733,0,0.989215967565227,0,0.0107840324347733,0,NA
2.9,1.6,"yes","strain1_reentered_before_strain2_escaped",0.989212556185358,1,0.0107874438146421,2.22044604925031e-16,0.989212556185358,2.19649311225058e-16,0.0107874438146421,2.39529369997319e-18,NA
2.9,1.65,"yes","strain1_reentered_before_strain2_escaped",0.989208075333087,0.999999999999998,0.010791924666913,2.1094237467878e-15,0.989208075333085,2.08665900462187e-15,0.010791924666913,2.27647421659313e-17,NA
2.9,1.7,"yes","strain1_reentered_before_strain2_escaped",0.989202188679365,0.999999999999985,0.0107978113206353,1.46549439250521e-14,0.98920218867935,1.44967026056349e-14,0.0107978113206351,1.58241319417203e-16,NA
2.9,1.75,"yes","strain1_reentered_before_strain2_escaped",0.98919445709841,0.999999999999909,0.0108055429015904,9.11493103217254e-14,0.989194457098319,9.01643925385936e-14,0.0108055429015894,9.84917783131781e-16,NA
2.9,1.8,"yes","strain1_reentered_before_strain2_escaped",0.989184309403756,0.999999999999491,0.0108156905962437,5.08926234488172e-13,0.989184309403253,5.03421845799636e-13,0.0108156905962382,5.50438868853541e-15,NA
2.9,1.85,"yes","strain1_reentered_before_strain2_escaped",0.989171006081118,0.999999999997428,0.0108289939188823,2.57249777035895e-12,0.989171006078573,2.5446402076474e-12,0.0108289939188544,2.78575627115552e-14,NA
2.9,1.9,"yes","strain1_reentered_before_strain2_escaped",0.989153595123237,0.999999999988081,0.0108464048767627,1.19186882585609e-11,0.989153595111448,1.17894133401086e-11,0.0108464048766334,1.29274918452269e-13,NA
2.9,1.95,"yes","strain1_reentered_before_strain2_escaped",0.989130859697499,0.999999999948926,0.0108691403025014,5.10737008241335e-11,0.98913085964698,5.05185736041081e-11,0.0108691403019463,5.55127220025489e-13,NA
2.9,2,"yes","strain1_reentered_before_strain2_escaped",0.989101258509292,0.999999999795933,0.0108987414907085,2.04067207576486e-10,0.989101258307448,2.01843131834379e-10,0.0108987414884844,2.22407574210686e-12,NA
2.9,2.05,"yes","strain1_reentered_before_strain2_escaped",0.989062862304393,0.999999999234356,0.0109371376956069,7.65643770606061e-10,0.989062861547123,7.57269819261159e-10,0.0109371376872329,8.37395134490215e-12,NA
2.9,2.1,"yes","strain1_reentered_before_strain2_escaped",0.989013294600946,0.999999997285736,0.0109867053990539,2.71426425779708e-09,0.989013291916503,2.68444343602148e-09,0.0109867053692331,2.98208217755982e-11,NA
2.9,2.15,"yes","strain1_reentered_before_strain2_escaped",0.988949693807547,0.999999990857989,0.0110503061924527,9.14201059298847e-09,0.988949684766559,9.0409885767213e-09,0.0110503060914307,1.01022016267169e-10,NA
2.9,2.2,"yes","strain1_reentered_before_strain2_escaped",0.988868730283447,0.999999970600898,0.0111312697165525,2.9399101708627e-08,0.988868701211595,2.90718523780839e-08,0.0111312693893032,3.27249330543088e-10,NA
2.9,2.25,"yes","strain1_reentered_before_strain2_escaped",0.988766712912123,0.999999909333893,0.0112332870878769,9.0666106955517e-08,0.988766623264495,8.96476285469456e-08,0.0112332860693984,1.01847840857147e-09,NA
2.9,2.3,"yes","strain1_reentered_before_strain2_escaped",0.988639841522728,0.999999730790566,0.0113601584772722,2.69209434078377e-07,0.988639575371556,2.6615117224367e-07,0.0113601554190104,3.05826183470713e-09,NA
2.9,2.35,"yes","strain2_first_strain1_later",0.999307154513532,0.99999995901385,0.000692845486467863,4.09861498074093e-08,0.999307113555779,4.09577527385076e-08,0.000692845458070795,2.83970689017592e-11,NA
2.9,2.4,"yes","strain2_first_strain1_later",0.999231155522289,0.999999874401217,0.000768844477710529,1.2559878270757e-07,0.999231030020073,1.25502216777078e-07,0.000768844381144598,9.65659304918798e-11,NA
2.9,2.45,"yes","strain2_first_strain1_later",0.999093902187086,0.99999960313919,0.000906097812914286,3.96860810103483e-07,0.99909350568587,3.96501215391417e-07,0.000906097453319574,3.59594712066158e-10,NA
2.9,2.5,"yes","strain2_first_strain1_later",0.998876558211687,0.999998716249052,0.00112344178831325,1.28375094765598e-06,0.998875275902959,1.2823087281956e-06,0.00112344034609379,1.44221946038347e-09,NA
2.9,2.55,"yes","strain2_first_strain1_later",0.998550088409514,0.999995786678819,0.00144991159048646,4.21332118061279e-06,0.998545881197276,4.20721223739858e-06,0.00144990548154325,6.1089432142126e-09,NA
2.9,2.6,"yes","strain2_first_strain1_later",0.99807707001631,0.999986132762871,0.0019229299836897,1.38672371291504e-05,0.998063229444907,1.38405714030838e-05,0.00192290331796364,2.66657260665784e-08,NA
2.9,2.65,"yes","strain2_first_strain1_later",0.997419463672467,0.999954904783808,0.00258053632753308,4.50952161921148e-05,0.997374484826118,4.49788463485331e-05,0.0025804199576895,1.1636984358171e-07,NA
2.9,2.7,"yes","strain2_first_strain1_later",0.996560110506866,0.999857766226714,0.0034398894931339,0.00014223377328626,0.996418366002042,0.000141744504823964,0.0034394002246716,4.89268462296194e-07,NA
2.9,2.75,"yes","strain2_first_strain1_later",0.995541883816061,0.999574400688143,0.0044581161839391,0.000425599311856928,0.995118181875384,0.000423701940676865,0.00445621881275904,1.89737118006271e-06,NA
2.9,2.8,"yes","strain2_first_strain1_later",0.994508146561333,0.998820320969575,0.00549185343866687,0.00117967903042548,0.993334946155247,0.00117320040608572,0.00548537481432711,6.4786243397654e-06,NA
2.9,2.85,"yes","strain2_first_strain1_later",0.993695745313376,0.997035410164193,0.00630425468662354,0.00296458983580705,0.990749845006936,0.00294590030644075,0.00628556515725724,1.86895293663031e-05,NA
2.9,2.9,"yes","both_strains_reentered_same_step",0.993337047050433,0.993337047050433,0.00666295294956731,0.00666295294956731,0.986718489042874,0.00661855800755917,0.00661855800755917,4.43949420081478e-05,NA
2.9,2.95,"yes","strain1_first_strain2_later",0.996781372708681,0.993317399223895,0.0032186272913195,0.00668260077610483,0.990120280733811,0.00666109197486987,0.00319711849008453,2.15088012349639e-05,NA
2.9,3,"yes","strain1_first_strain2_later",0.998523414140835,0.993756952780649,0.00147658585916466,0.00624304721935109,0.992289585316726,0.0062338288241089,0.00146736746392247,9.21839524219107e-06,NA
2.95,1.2,"yes","strain1_reentered_before_strain2_escaped",0.98851927263401,1,0.0114807273659904,0,0.98851927263401,0,0.0114807273659904,0,NA
2.95,1.25,"yes","strain1_reentered_before_strain2_escaped",0.988518767431493,1,0.0114812325685071,0,0.988518767431493,0,0.0114812325685071,0,NA
2.95,1.3,"yes","strain1_reentered_before_strain2_escaped",0.988518116684847,1,0.0114818833151534,0,0.988518116684847,0,0.0114818833151534,0,NA
2.95,1.35,"yes","strain1_reentered_before_strain2_escaped",0.988517275882884,1,0.0114827241171157,0,0.988517275882884,0,0.0114827241171157,0,NA
2.95,1.4,"yes","strain1_reentered_before_strain2_escaped",0.988516186637536,1,0.011483813362464,0,0.988516186637536,0,0.011483813362464,0,NA
2.95,1.45,"yes","strain1_reentered_before_strain2_escaped",0.988514772387933,1,0.0114852276120666,0,0.988514772387933,0,0.0114852276120666,0,NA
2.95,1.5,"yes","strain1_reentered_before_strain2_escaped",0.988512932804637,1,0.0114870671953631,0,0.988512932804637,0,0.0114870671953631,0,NA
2.95,1.55,"yes","strain1_reentered_before_strain2_escaped",0.988510536558232,1,0.0114894634417685,0,0.988510536558232,0,0.0114894634417685,0,NA
2.95,1.6,"yes","strain1_reentered_before_strain2_escaped",0.988507411966421,1,0.0114925880335792,2.22044604925031e-16,0.988507411966421,2.19492737755549e-16,0.0114925880335792,2.55186716948224e-18,NA
2.95,1.65,"yes","strain1_reentered_before_strain2_escaped",0.988503335013568,0.999999999999999,0.0114966649864322,1.33226762955019e-15,0.988503335013566,1.31695099494098e-15,0.0114966649864322,1.53166346092067e-17,NA
2.95,1.7,"yes","strain1_reentered_before_strain2_escaped",0.988498014047501,0.999999999999991,0.0115019859524985,8.99280649946377e-15,0.988498014047493,8.8893713654334e-15,0.0115019859524984,1.0343513403037e-16,NA
2.95,1.75,"yes","strain1_reentered_before_strain2_escaped",0.98849107042684,0.999999999999944,0.0115089295731602,5.56221735337203e-14,0.988491070426785,5.49820218558147e-14,0.0115089295731595,6.40151677905682e-16,NA
2.95,1.8,"yes","strain1_reentered_before_strain2_escaped",0.988482014265706,0.999999999999693,0.0115179857342937,3.07420755518706e-13,0.988482014265402,3.03879887642216e-13,0.0115179857342902,3.54086787649026e-15,NA
2.95,1.85,"yes","strain1_reentered_before_strain2_escaped",0.988470214380846,0.999999999998458,0.0115297856191541,1.54165569199449e-12,0.988470214379322,1.52388073236725e-12,0.0115297856191363,1.77749596272451e-14,NA
2.95,1.9,"yes","strain1_reentered_before_strain2_escaped",0.988454861694167,0.999999999992918,0.0115451383058327,7.08211267408387e-12,0.988454861687167,7.00034870376408e-12,0.0115451383057509,8.1763970319789e-14,NA
2.95,1.95,"yes","strain1_reentered_before_strain2_escaped",0.988434925630382,0.999999999969912,0.0115650743696178,3.00883762349713e-11,0.988434925600642,2.97404019261528e-11,0.0115650743692699,3.47974308818485e-13,NA
2.95,2,"yes","strain1_reentered_before_strain2_escaped",0.98840910384209,0.999999999880818,0.0115908961579098,1.19181997604301e-10,0.98840910372429,1.17800571446177e-10,0.0115908961565283,1.3814261581237e-12,NA
2.95,2.05,"yes","strain1_reentered_before_strain2_escaped",0.988375767177247,0.999999999556783,0.0116242328227532,4.43217018641917e-10,0.988375766739182,4.38064960826217e-10,0.0116242328176011,5.15205781570017e-12,NA
2.95,2.1,"yes","strain1_reentered_before_strain2_escaped",0.988332904843774,0.999999998442963,0.0116670951562263,1.55703672177765e-09,0.988332903304903,1.53887062618293e-09,0.0116670951380602,1.81660955947185e-11,NA
2.95,2.15,"yes","strain1_reentered_before_strain2_escaped",0.988278078488898,0.99999999480452,0.0117219215111024,5.19548004618287e-09,0.988278073354319,5.13457903686901e-09,0.0117219214502014,6.09010093138543e-11,NA
2.95,2.2,"yes","strain1_reentered_before_strain2_escaped",0.98820835055852,0.999999983453176,0.0117916494414803,1.65468244661682e-08,0.98820833420681,1.63517101126934e-08,0.0117916492463659,1.95114353474764e-10,NA
2.95,2.25,"yes","strain1_reentered_before_strain2_escaped",0.988120484640076,0.999999949480558,0.011879515359924,5.05194418520816e-08,0.988120434720781,4.9919295366625e-08,0.0118795147597776,6.00146485456593e-10,NA
2.95,2.3,"yes","strain1_reentered_before_strain2_escaped",0.988011019915323,0.999999851558025,0.0119889800846774,1.48441975378333e-07,0.988010873253015,1.46662307491792e-07,0.0119889783050095,1.77966788654101e-09,NA
2.95,2.35,"yes","strain1_reentered_before_strain2_escaped",0.987876717065142,0.999999578766139,0.0121232829348576,4.21233860570247e-07,0.987876300938019,4.16127123296812e-07,0.0121232778281204,5.10673727343548e-09,NA
2.95,2.4,"yes","strain2_first_strain1_later",0.999246594883474,0.999999936902049,0.000753405116525663,6.30979507532103e-08,0.999246531833062,6.30504124342706e-08,0.000753405068987344,4.7538318939753e-11,NA
2.95,2.45,"yes","strain2_first_strain1_later",0.999153053595571,0.999999811841232,0.000846946404428617,1.88158767899793e-07,0.999152865596164,1.87999407507859e-07,0.000846946245068225,1.59360391934448e-10,NA
2.95,2.5,"yes","strain2_first_strain1_later",0.998994699294087,0.999999423553276,0.00100530070591276,5.7644672413204e-07,0.998994123426865,5.75867221833349e-07,0.00100530012641046,5.79502298691038e-10,NA
2.95,2.55,"yes","strain2_first_strain1_later",0.998750612679147,0.999998197233559,0.00124938732085322,1.80276644079491e-06,0.99874881216506,1.80051408726132e-06,0.00124938506849969,2.25235353358886e-09,NA
2.95,2.6,"yes","strain2_first_strain1_later",0.998390579791738,0.999994294002154,0.00160942020826194,5.70599784610604e-06,0.99838488297724,5.69681449786421e-06,0.00160941102491369,9.18334824182213e-09,NA
2.95,2.65,"yes","strain2_first_strain1_later",0.997877265215832,0.999981925816578,0.00212273478416813,1.80741834224785e-05,0.997859229399107,1.80358167246321e-05,0.00212269641747029,3.83666978463301e-08,NA
2.95,2.7,"yes","strain2_first_strain1_later",0.997174938465033,0.999943507889147,0.00282506153496653,5.64921108525684e-05,0.99711860594787,5.63325171631698e-05,0.00282490194127713,1.59593689398657e-07,NA
2.95,2.75,"yes","strain2_first_strain1_later",0.996271589568568,0.999828784264191,0.00372841043143235,0.000171215735808583,0.996101012195294,0.000170577373273169,0.00372777206889694,6.38362535414086e-07,NA
2.95,2.8,"yes","strain2_first_strain1_later",0.995216278553611,0.999507036658814,0.00478372144638906,0.000492963341185537,0.994725673411733,0.000490605141878024,0.00478136324708154,2.35819930751286e-06,NA
2.95,2.85,"yes","strain2_first_strain1_later",0.994154588526543,0.998680748313247,0.00584541147345741,0.00131925168675329,0.992843048408735,0.00131154011780716,0.00583769990451128,7.7115689461257e-06,NA
2.95,2.9,"yes","strain2_first_strain1_later",0.993317399223895,0.996781372708681,0.00668260077610483,0.0032186272913195,0.990120280733811,0.00319711849008453,0.00666109197486987,2.15088012349639e-05,NA
2.95,2.95,"yes","both_strains_reentered_same_step",0.992927932102171,0.992927932102171,0.00707206789782855,0.00707206789782855,0.985905878348694,0.00702205375347705,0.00702205375347705,5.00141443514971e-05,NA
2.95,3,"yes","strain1_first_strain2_later",0.996496565900895,0.992889414467023,0.00350343409910492,0.00711058553297728,0.989410891835739,0.00708567406515644,0.00347852263128408,2.49114678208347e-05,NA
3,1.2,"yes","strain1_reentered_before_strain2_escaped",0.987723245153974,1,0.0122767548460264,0,0.987723245153974,0,0.0122767548460264,0,NA
3,1.25,"yes","strain1_reentered_before_strain2_escaped",0.987722758487372,1,0.0122772415126279,0,0.987722758487372,0,0.0122772415126279,0,NA
3,1.3,"yes","strain1_reentered_before_strain2_escaped",0.98772213536963,1,0.0122778646303698,0,0.98772213536963,0,0.0122778646303698,0,NA
3,1.35,"yes","strain1_reentered_before_strain2_escaped",0.987721335170772,1,0.0122786648292276,0,0.987721335170772,0,0.0122786648292276,0,NA
3,1.4,"yes","strain1_reentered_before_strain2_escaped",0.98772030493169,1,0.0122796950683104,0,0.98772030493169,0,0.0122796950683104,0,NA
3,1.45,"yes","strain1_reentered_before_strain2_escaped",0.987718975637356,1,0.0122810243626444,0,0.987718975637356,0,0.0122810243626444,0,NA
3,1.5,"yes","strain1_reentered_before_strain2_escaped",0.987717257405272,1,0.0122827425947283,0,0.987717257405272,0,0.0122827425947283,0,NA
3,1.55,"yes","strain1_reentered_before_strain2_escaped",0.987715033285832,1,0.012284966714168,0,0.987715033285832,0,0.012284966714168,0,NA
3,1.6,"yes","strain1_reentered_before_strain2_escaped",0.987712151305569,1,0.0122878486944313,1.11022302462516e-16,0.987712151305569,1.09658077208149e-16,0.0122878486944313,1.36422525436678e-18,NA
3,1.65,"yes","strain1_reentered_before_strain2_escaped",0.987708414302453,0.999999999999999,0.0122915856975472,7.7715611723761e-16,0.987708414302452,7.6760363622221e-16,0.0122915856975472,9.5524810153991e-18,NA
3,1.7,"yes","strain1_reentered_before_strain2_escaped",0.987703567019248,0.999999999999994,0.0122964329807518,5.6621374255883e-15,0.987703567019243,5.59251333220675e-15,0.0122964329807517,6.96240933815529e-17,NA
3,1.75,"yes","strain1_reentered_before_strain2_escaped",0.987697279824677,0.999999999999965,0.0123027201753232,3.47499806707674e-14,0.987697279824643,3.43224613824771e-14,0.0123027201753228,4.27519288290341e-16,NA
3,1.8,"yes","strain1_reentered_before_strain2_escaped",0.987689128366789,0.999999999999809,0.0123108716332112,1.90847337933064e-13,0.9876891283666,1.8849784085423e-13,0.0123108716332089,2.34949707883404e-15,NA
3,1.85,"yes","strain1_reentered_before_strain2_escaped",0.98767856841171,0.99999999999905,0.0123214315882904,9.49795797566821e-13,0.987678568410772,9.38092953624256e-13,0.0123214315882787,1.17028439425653e-14,NA
3,1.9,"yes","strain1_reentered_before_strain2_escaped",0.987664905165879,0.999999999995671,0.0123350948341211,4.32864855071102e-12,0.987664905161604,4.27525426033442e-12,0.0123350948340677,5.33942903766013e-14,NA
3,1.95,"yes","strain1_reentered_before_strain2_escaped",0.987647256582599,0.999999999981757,0.0123527434174012,1.82425186068258e-11,0.987647256564582,1.80171734551885e-11,0.0123527434171759,2.25345151637287e-13,NA
3,2,"yes","strain1_reentered_before_strain2_escaped",0.987624510652581,0.999999999928334,0.0123754893474192,7.16657844179736e-11,0.987624510581802,7.07788852663345e-11,0.0123754893465323,8.8689915163907e-13,NA
3,2.05,"yes","strain1_reentered_before_strain2_escaped",0.987595277679609,0.999999999735716,0.0124047223203915,2.6428415011992e-10,0.987595277418603,2.61005778624002e-10,0.0124047223171131,3.27837149591826e-12,NA
3,2.1,"yes","strain1_reentered_before_strain2_escaped",0.987557840501951,0.99999999907949,0.0124421594980491,9.20509890534049e-10,0.987557839592894,9.09056759656493e-10,0.0124421594865959,1.14531308775563e-11,NA
3,2.15,"yes","strain1_reentered_before_strain2_escaped",0.987510109195944,0.999999996955345,0.0124898908040562,3.04465497258377e-09,0.987510106189316,3.00662756444017e-09,0.0124898907660288,3.80274081435979e-11,NA
3,2.2,"yes","strain1_reentered_before_strain2_escaped",0.987449593236778,0.999999990390706,0.0125504067632222,9.60929380511288e-09,0.987449583748085,9.4886932591514e-09,0.0125504066426216,1.20600545961478e-10,NA
3,2.25,"yes","strain1_reentered_before_strain2_escaped",0.987373415574454,0.999999970935452,0.0126265844255464,2.90645478795426e-08,0.987373386876892,2.86975619119512e-08,0.0126265840585605,3.66985967591381e-10,NA
3,2.3,"yes","strain1_reentered_before_strain2_escaped",0.987278413265743,0.999999915425774,0.0127215867342574,8.4574226288936e-08,0.987278329767435,8.34983079337186e-08,0.012721585658339,1.07591835521741e-09,NA
3,2.35,"yes","strain1_reentered_before_strain2_escaped",0.987161382245762,0.999999762411112,0.0128386177542376,2.37588888007956e-07,0.987161147707187,2.34538575092167e-07,0.0128386147039246,3.0503129157885e-09,NA
3,2.4,"yes","strain1_reentered_before_strain2_escaped",0.987019387381539,0.999999353635965,0.0129806126184613,6.46364034517788e-07,0.987018749407705,6.37973833375207e-07,0.0129806042282601,8.39020114258114e-09,NA
3,2.45,"yes","strain2_first_strain1_later",0.999174537999652,0.999999904112353,0.000825462000348498,9.588764693369e-08,0.999174442191156,9.58084953248434e-08,0.000825461921196889,7.91516088465943e-11,NA
3,2.5,"yes","strain2_first_strain1_later",0.999062371413001,0.999999721740623,0.000937628586998862,2.78259376762513e-07,0.999062093414528,2.7799847281626e-07,0.000937628326094916,2.60903946253019e-10,NA
3,2.55,"yes","strain2_first_strain1_later",0.998880827973583,0.99999917274663,0.00111917202641731,8.27253370028203e-07,0.998880001646052,8.26327531197708e-07,0.00111917110057848,9.25838830495016e-10,NA
3,2.6,"yes","strain2_first_strain1_later",0.998607220257725,0.999997495669301,0.00139277974227547,2.50433069903799e-06,0.998604719415007,2.50084271797241e-06,0.00139277625429441,3.48798106557869e-09,NA
3,2.65,"yes","strain2_first_strain1_later",0.998210330377489,0.999992344451807,0.0017896696225107,7.65554819348591e-06,0.998202688530198,7.64184729144036e-06,0.00178965592160866,1.37009020455484e-08,NA
3,2.7,"yes","strain2_first_strain1_later",0.997653012699267,0.999976621293832,0.00234698730073291,2.33787061680868e-05,0.997629688862625,2.33238366416027e-05,0.00234693243120642,5.48695264840658e-08,NA
3,2.75,"yes","strain2_first_strain1_later",0.996901890286645,0.999929627911888,0.00309810971335522,7.03720881116698e-05,0.996831736218983,7.0154067661942e-05,0.0030978916929055,2.18020449727854e-07,NA
3,2.8,"yes","strain2_first_strain1_later",0.995950022927616,0.999794608833028,0.00404997707238386,0.000205391166972269,0.995745463590161,0.000204559337455161,0.00404914524286675,8.31829517107853e-07,NA
3,2.85,"yes","strain2_first_strain1_later",0.994852446596708,0.99942971858318,0.00514755340329154,0.000570281416820473,0.994285100733936,0.000567345862772485,0.00514461784924355,2.93555404798815e-06,NA
3,2.9,"yes","strain2_first_strain1_later",0.993756952780649,0.998523414140835,0.00624304721935109,0.00147658585916466,0.992289585316726,0.00146736746392247,0.0062338288241089,9.21839524219107e-06,NA
3,2.95,"yes","strain2_first_strain1_later",0.992889414467023,0.996496565900895,0.00711058553297728,0.00350343409910492,0.989410891835739,0.00347852263128408,0.00708567406515644,2.49114678208347e-05,NA
3,3,"yes","both_strains_reentered_same_step",0.992465567774819,0.992465567774819,0.00753443222518058,0.00753443222518058,0.984987903218595,0.00747766455622474,0.00747766455622474,5.67676689558395e-05,NA
