"R0","r","K","I0","x_in","y_BL","I_in","q1","m_raw","m_used","P_burnout","status","boundary_entry_found","integration_converged","integration_absolute_error","integration_subdivisions","t_peak","I_peak","t_in"
1.05,0.01,10000,1,NA,0.000453514739229025,NA,NA,4.53514739229025,NA,NA,"no_epidemic_peak",FALSE,FALSE,NA,NA,NA,NA,NA
1.14875,0.01,10000,1,0.784130507766767,0.00112721283601777,11.2721283601777,0.999167546174539,11.2721283601777,11,0.990881026759549,"success",TRUE,TRUE,1.07358785742806e-05,9,40.3870156999105,95.5160034809984,68.3035353474928
1.2475,0.01,10000,1,0.661758023798697,0.00159035505881503,15.9035505881503,0.99995464728268,15.9035505881503,16,0.999274603294928,"success",TRUE,TRUE,0.000972469358090113,10,27.8650998948548,222.184641640153,47.4480004785788
1.34625,0.01,10000,1,0.56160077111754,0.00191046176102158,19.1046176102158,0.999998487850249,19.1046176102158,19,0.99997126954574,"success",TRUE,TRUE,0.00483441394082207,11,21.5527414248411,376.54096964965,37.2619624705355
1.445,0.01,10000,1,0.479387817368899,0.00213120053639205,21.3120053639205,0.999999964787106,21.3120053639205,21,0.999999260529481,"success",TRUE,TRUE,0.133394153225943,12,17.6887794293455,546.813489866437,31.1386917318961
1.54375,0.01,10000,1,0.411443169645239,0.00228163057909489,22.8163057909489,0.999999999389068,22.8163057909489,23,0.999999985948565,"success",TRUE,TRUE,33.164424854589,12,15.0582630005188,725.385570525114,27.0233274550741
1.6425,0.01,10000,1,0.35487524343768,0.00238156465090849,23.8156465090849,0.999999999991787,23.8156465090849,24,0.999999999802899,"success",TRUE,TRUE,8067.873377271,12,13.1421988319142,907.253898690804,24.0562001164676
1.74125,0.01,10000,1,0.307445387787805,0.00244479499332371,24.4479499332371,0.999999999999912,24.4479499332371,24,0.99999999999789,"success",TRUE,TRUE,702721.40252161,12,11.6794468231346,1089.10525048701,21.8110744624228
1.84,0.01,10000,1,0.267415954711135,0.00248109640831758,24.8109640831758,0.999999999999999,24.8109640831758,25,0.999999999999983,"success",TRUE,TRUE,18663188.7475024,13,10.523402049447,1268.82687630875,20.0508849979508
1.93875,0.01,10000,1,0.2334305350717,0.00249750478154939,24.9750478154939,1,24.9750478154939,25,1,"success",TRUE,TRUE,3945813882.37297,13,9.58512400528492,1445.02866472289,18.6334233540793
2.0375,0.01,10000,1,0.204419052548628,0.00249915314840604,24.9915314840604,1,24.9915314840604,25,1,"success",TRUE,TRUE,404674797721.8,14,8.80734091283387,1616.8503683661,17.4671255018828
2.13625,0.01,10000,1,0.179531528362644,0.00248983028273201,24.8983028273201,1,24.8983028273201,25,1,"success",TRUE,TRUE,94858874966675,14,8.15143587618448,1783.76278444055,16.4908822371786
2.235,0.01,10000,1,0.158086451851553,0.00247236110485514,24.7236110485514,1,24.7236110485514,25,1,"success",TRUE,TRUE,72094259211293184,13,7.59049817619454,1945.24501536851,15.6621960635212
2.33375,0.01,10000,1,0.13953230602365,0.00244887022336187,24.4887022336187,1,24.4887022336187,24,1,"success",TRUE,TRUE,116616756923858944,14,7.10480220332491,2101.56132249016,14.9501415902151
2.4325,0.01,10000,1,0.123420656743087,0.00242096735179761,24.2096735179761,1,24.2096735179761,24,1,"success",TRUE,TRUE,9.71993030754518e+21,13,6.68012743421551,2252.2055152496,14.3325976850598
2.53125,0.01,10000,1,0.10938228230324,0.00238987959152568,23.8987959152568,1,23.8987959152568,24,1,"success",TRUE,TRUE,1.08763844996516e+23,14,6.30518330635204,2398.01042237435,13.7918498954192
2.63,0.01,10000,1,0.0971132093868779,0.00235654700805274,23.5654700805274,1,23.5654700805274,24,1,"success",TRUE,TRUE,1.9297872281576e+26,14,5.97195028657158,2538.08927529437,13.3151532027606
2.72875,0.01,10000,1,0.0863601219995834,0.00232169248528325,23.2169248528325,1,23.2169248528325,23,1,"success",TRUE,TRUE,3.95893171782463e+29,15,5.67346035971774,2673.41033684174,12.8919189441916
2.8275,0.01,10000,1,0.0769116827337982,0.00228587331852675,22.8587331852675,1,22.8587331852675,23,1,"success",TRUE,TRUE,1.11973950334789e+32,15,5.40438214829905,2804.3518487059,12.5142277760099
2.92625,0.01,10000,1,0.0685899419745766,0.00224951968703795,22.4951968703795,1,22.4951968703795,22,1,"success",TRUE,TRUE,9.68455829011305e+34,17,5.16088126639897,2929.93839516151,12.1753394636879
3.025,0.01,10000,1,0.0612446664204988,0.00221296359538283,22.1296359538283,1,22.1296359538283,22,1,"success",TRUE,TRUE,0,2,4.93914947310585,3051.28802342392,11.8698422428145
3.12375,0.01,10000,1,0.054748361069277,0.00217646082042261,21.7646082042261,1,21.7646082042261,22,1,"success",TRUE,TRUE,0,2,4.7364540704906,3168.25351442252,11.5932611674239
3.2225,0.01,10000,1,0.0489925106144354,0.00214020767718253,21.4020767718253,1,21.4020767718253,21,1,"success",TRUE,TRUE,0,2,4.55009427678244,3282.06933901404,11.3421780547031
3.32125,0.01,10000,1,0.0438840801446524,0.00210435391334612,21.0435391334612,1,21.0435391334612,21,1,"success",TRUE,TRUE,0,2,4.37894725452549,3390.05888218714,11.1134263220423
3.42,0.01,10000,1,0.0393431061237376,0.00206901268766458,20.6901268766458,1,20.6901268766458,21,1,"success",TRUE,TRUE,0,2,4.22042623025122,3495.38009307914,10.9041615053141
3.51875,0.01,10000,1,0.0353009216802316,0.00203426833538927,20.3426833538927,1,20.3426833538927,20,1,"success",TRUE,TRUE,0,2,4.073435430115,3597.0771090018,10.7126175307626
3.6175,0.01,10000,1,0.0316978559028464,0.00200018244262012,20.0018244262012,1,20.0018244262012,20,1,"success",TRUE,TRUE,0,2,3.93663332258617,3695.73058283693,10.5365405723253
3.71625,0.01,10000,1,0.0284823211621722,0.00196679862002783,19.6679862002783,1,19.6679862002783,20,1,"success",TRUE,TRUE,0,2,3.80905840898989,3791.20115569405,10.3744540348825
3.815,0.01,10000,1,0.0256093605884975,0.00193414627024112,19.3414627024112,1,19.3414627024112,19,1,"success",TRUE,TRUE,0,2,3.68990396993052,3883.14042733519,10.2248406050388
3.91375,0.01,10000,1,0.0230397917789854,0.00190224357225185,19.0224357225185,1,19.0224357225185,19,1,"success",TRUE,TRUE,0,2,3.57840199291638,3971.61247778725,10.0864673072556
4.0125,0.01,10000,1,0.0207393593127187,0.00187109985345639,18.7109985345639,1,18.7109985345639,19,1,"success",TRUE,TRUE,0,2,3.47356876449749,4057.8419182477,9.95830144594873
4.11125,0.01,10000,1,0.0186780480447709,0.00184071748046526,18.4071748046526,1,18.4071748046526,18,1,"success",TRUE,TRUE,0,2,3.37493385877486,4141.3949084548,9.83951316718045
4.21,0.01,10000,1,0.0168294587050355,0.00181109337004418,18.1109337004418,1,18.1109337004418,18,1,"success",TRUE,TRUE,0,2,3.28191757174213,4222.55364810804,9.72921462508409
4.30875,0.01,10000,1,0.0151703429306132,0.00178222019896129,17.8222019896129,1,17.8222019896129,18,1,"success",TRUE,TRUE,0,2,3.19383815305757,4302.32371914181,9.62652852356506
4.4075,0.01,10000,1,0.0136802266069134,0.00175408737427083,17.5408737427083,1,17.5408737427083,18,1,"success",TRUE,TRUE,0,2,3.11092905071755,4378.0101079261,9.53085514194262
4.50625,0.01,10000,1,0.0123410030011792,0.00172668181232338,17.2668181232338,1,17.2668181232338,17,1,"success",TRUE,TRUE,0,2,3.03240420541196,4451.32895274341,9.4415283427105
4.605,0.01,10000,1,0.0111366787574782,0.00169998856457068,16.9998856457068,1,16.9998856457068,17,1,"success",TRUE,TRUE,0,2,2.95749919116822,4524.40691393969,9.35822244160191
4.70375,0.01,10000,1,0.0100530522906424,0.00167399132030133,16.7399132030133,1,16.7399132030133,17,1,"success",TRUE,TRUE,0,2,2.88676875131226,4593.34884681295,9.28048898643992
4.8025,0.01,10000,1,0.00907747987881975,0.00164867281025819,16.4867281025819,1,16.4867281025819,16,1,"success",TRUE,TRUE,0,2,2.81941762806914,4660.70010576406,9.20751462625084
4.90125,0.01,10000,1,0.00819879548033282,0.00162401513024285,16.2401513024285,1,16.2401513024285,16,1,"success",TRUE,TRUE,2.42094527008859e+95,49,2.75471930436499,4728.71937060055,9.13935520599767
5,0.01,10000,1,0.00740700871788873,0.0016,16,1,16,16,1,"success",TRUE,TRUE,-3.99500140125266e+73,3,2.69351484487813,4792.47313719271,9.07552210415728
1.05,0.02225,10000,1,NA,0.00100907029478458,NA,NA,10.0907029478458,NA,NA,"no_epidemic_peak",FALSE,FALSE,NA,NA,NA,NA,NA
1.14875,0.02225,10000,1,0.804059071944612,0.00250804856013953,25.0804856013953,0.989695721745647,25.0804856013953,25,0.771866731310587,"success",TRUE,TRUE,6.2133564102361e-06,8,41.2413331526281,104.2887426696,64.7435490094727
1.2475,0.02225,10000,1,0.683331078768596,0.00353854000586343,35.3854000586343,0.996281909621263,35.3854000586343,35,0.877765602941354,"success",TRUE,TRUE,3.95368663222428e-06,8,28.1738211857118,234.748781285438,44.7144733266073
1.34625,0.02225,10000,1,0.582416498490276,0.00425077741827301,42.5077741827301,0.998985892379057,42.5077741827301,43,0.957309289169811,"success",TRUE,TRUE,1.28255265899324e-05,8,21.7095499521334,391.842787076599,35.0190465780115
1.445,0.02225,10000,1,0.498613562543017,0.0047419211934723,47.419211934723,0.999775078563087,47.419211934723,47,0.98948319582978,"success",TRUE,TRUE,0.000323381305280535,8,17.7830033559665,564.103582947586,29.207547774894
1.54375,0.02225,10000,1,0.428845204654954,0.00507662803848613,50.7662803848613,0.999957718011249,50.7662803848613,51,0.997845896402732,"success",TRUE,TRUE,2.89369819287599e-05,10,15.1208883323136,744.10958212507,25.306138945932
1.6425,0.02225,10000,1,0.370468442646502,0.0052989813482714,52.989813482714,0.999993079074898,52.989813482714,53,0.99963325696692,"success",TRUE,TRUE,0.00674766204724671,10,13.1867078914965,927.015004557891,22.4945694128042
1.74125,0.02225,10000,1,0.321346850061957,0.00543966886014526,54.3966886014526,0.999998995080593,54.3966886014526,54,0.999945735797098,"success",TRUE,TRUE,0.00311290032448319,11,11.7126166414186,1109.62430722578,20.367331869727
1.84,0.02225,10000,1,0.279778931606994,0.00552043950850662,55.2043950850662,0.999999868816825,55.2043950850662,55,0.999992784950937,"success",TRUE,TRUE,0.0137301261982685,11,10.5489891377172,1289.92020539724,18.6993401890745
1.93875,0.02225,10000,1,0.244416104380231,0.0055569481389474,55.569481389474,0.999999984440644,55.569481389474,56,0.99999912867641,"success",TRUE,TRUE,0.629932856227697,10,9.60548804494278,1466.42301122432,17.3557897307047
2.0375,0.02225,10000,1,0.214180793595884,0.00556061575520343,55.6061575520343,0.999999998309461,55.6061575520343,56,0.999999905329843,"success",TRUE,TRUE,9.85690466988308,11,8.82398865581788,1638.30006870134,16.2499686414467
2.13625,0.02225,10000,1,0.18821168372463,0.00553987237907871,55.3987237907871,0.99999999983054,55.3987237907871,55,0.999999990679688,"success",TRUE,TRUE,21.2236030095082,11,8.16527672563094,1805.22940677847,15.3243246800493
2.235,0.02225,10000,1,0.165810898149492,0.00550100345830268,55.0100345830268,0.999999999984241,55.0100345830268,55,0.999999999133233,"success",TRUE,TRUE,3029.00488993526,11,7.60200963533971,1966.99618528168,14.5380105492501
2.33375,0.02225,10000,1,0.146413908772648,0.00544873624698015,54.4873624698015,0.999999999998633,54.4873624698015,54,0.999999999926187,"success",TRUE,TRUE,35575.769152282,12,7.11474531563419,2122.98068938977,13.8622853375396
2.4325,0.02225,10000,1,0.129558198791708,0.00538665235774968,53.8665235774968,0.999999999999889,53.8665235774968,54,0.999999999994005,"success",TRUE,TRUE,20899.9746583556,12,6.68859415933174,2273.77103094103,13.2757278072896
2.53125,0.02225,10000,1,0.114862689835594,0.00531748209114464,53.1748209114464,0.999999999999992,53.1748209114464,53,0.999999999999553,"success",TRUE,TRUE,8826307.45556641,9,6.31266696879169,2419.16430189972,12.7619893906845
2.63,0.02225,10000,1,0.102012534758466,0.00524331709291735,52.4331709291735,0.999999999999999,52.4331709291735,52,0.999999999999965,"success",TRUE,TRUE,140362863.000986,11,5.97845813273815,2559.24433500112,12.308756745592
2.72875,0.02225,10000,1,0.0907451408530687,0.00516576577975524,51.6576577975524,1,51.6576577975524,52,1,"success",TRUE,TRUE,290145448.364441,11,5.67921476709151,2694.38327165949,11.9062574653133
2.8275,0.02225,10000,1,0.0808406423975254,0.00508606813372202,50.8606813372202,1,50.8606813372202,51,1,"success",TRUE,TRUE,17448121185.368,12,5.40958810645761,2824.89512494217,11.5467319926937
2.92625,0.02225,10000,1,0.0721143774912432,0.00500518130365943,50.0518130365943,1,50.0518130365943,50,1,"success",TRUE,TRUE,364861021354.443,13,5.16552797717748,2950.32461300444,11.22418803966
3.025,0.02225,10000,1,0.0644091843148362,0.00492384399972679,49.2384399972679,1,49.2384399972679,49,1,"success",TRUE,TRUE,2015115215911.81,14,4.94323392330443,3071.76443985801,10.9331106281137
3.12375,0.02225,10000,1,0.0575925368557455,0.0048426253254403,48.426253254403,1,48.426253254403,48,1,"success",TRUE,TRUE,59678733441544,13,4.74015970786949,3188.45642606994,10.6695647194647
3.2225,0.02225,10000,1,0.0515509949490135,0.00476196208173114,47.6196208173114,1,47.6196208173114,48,1,"success",TRUE,TRUE,496389548072704,14,4.55359471764328,3301.60051008896,10.430029902536
3.32125,0.02225,10000,1,0.0461874189310212,0.00468218745719511,46.8218745719511,1,46.8218745719511,47,1,"success",TRUE,TRUE,36908466310599424,14,4.38204809154697,3409.67715437982,10.211534152574
3.42,0.02225,10000,1,0.0414185132867166,0.00460355323005369,46.0355323005369,1,46.0355323005369,46,1,"success",TRUE,TRUE,236894884761037824,14,4.22329773440879,3514.64680782085,10.0117602220359
3.51875,0.02225,10000,1,0.0371722974651973,0.00452624704624111,45.2624704624112,1,45.2624704624112,45,1,"success",TRUE,TRUE,2740416516534059008,15,4.07606839115684,3616.12944261311,9.82861688084292
3.6175,0.02225,10000,1,0.0333863277785631,0.00445040593482978,44.5040593482978,1,44.5040593482978,45,1,"success",TRUE,TRUE,1.11113155783609e+20,14,3.9390216942392,3714.69314531342,9.66007680480518
3.71625,0.02225,10000,1,0.0300067286248668,0.00437612692956193,43.7612692956193,1,43.7612692956193,44,1,"success",TRUE,TRUE,3.14607426898442e+21,14,3.81135486341655,3809.58791807845,9.50477359838213
3.815,0.02225,10000,1,0.0269865791892557,0.00430347545128648,43.0347545128648,1,43.0347545128648,43,1,"success",TRUE,TRUE,1.99268949087342e+23,13,3.69194336952651,3901.65189272001,9.3615426549914
3.91375,0.02225,10000,1,0.0242847134902558,0.00423249194826036,42.3249194826036,1,42.3249194826036,42,1,"success",TRUE,TRUE,1.94712197486727e+23,14,3.58033205587319,3989.74282151811,9.22901165981106
4.0125,0.02225,10000,1,0.0218651512029559,0.00416319717394047,41.6319717394047,1,41.6319717394047,42,1,"success",TRUE,TRUE,3.63015345760175e+24,14,3.47538313617478,4075.67630174653,9.10594826934319
4.11125,0.02225,10000,1,0.0196966518564383,0.0040955963940352,40.9559639403519,1,40.9559639403519,41,1,"success",TRUE,TRUE,8.59455986534728e+25,14,3.3766266675334,4159.01102333331,8.99189056018563
4.21,0.02225,10000,1,0.0177514814419852,0.00402968274834829,40.2968274834829,1,40.2968274834829,40,1,"success",TRUE,TRUE,6.05146321311189e+27,14,3.28348418331516,4240.02282604033,8.88588785353487
4.30875,0.02225,10000,1,0.016005253977153,0.00396543994268886,39.6543994268886,1,39.6543994268886,40,1,"success",TRUE,TRUE,2.15542225566932e+30,14,3.19527615186269,4319.71082401332,8.78711025737755
4.4075,0.02225,10000,1,0.0144365019535434,0.0039028444077526,39.028444077526,1,39.028444077526,39,1,"success",TRUE,TRUE,9.353927608585e+29,15,3.11236792029283,4394.78337708188,8.69491850564396
4.50625,0.02225,10000,1,0.013026341916241,0.00384186703241953,38.4186703241953,1,38.4186703241953,38,1,"success",TRUE,TRUE,1.51258808844673e+33,14,3.03370441622518,4468.1355452289,8.60904043399678
4.605,0.02225,10000,1,0.0117579269050844,0.00378247455616977,37.8247455616977,1,37.8247455616977,38,1,"success",TRUE,TRUE,6.36847640385719e+33,25,2.95879060670386,4540.71016895668,8.52884859475576
4.70375,0.02225,10000,1,0.0106162718265164,0.00372463068767046,37.2463068767046,1,37.2463068767046,37,1,"success",TRUE,TRUE,6.29900046759e+35,15,2.88791654869313,4609.78242537372,8.45351256564587
4.8025,0.02225,10000,1,0.00958832935850295,0.00366829700282448,36.6829700282448,1,36.6829700282448,37,1,"success",TRUE,TRUE,4.14388284894528e+37,15,2.82054615897748,4676.72430895333,8.38336014470657
4.90125,0.02225,10000,1,0.00866220231225336,0.00361343366479035,36.1343366479035,1,36.1343366479035,36,1,"success",TRUE,TRUE,4.67814788180669e+38,26,2.75582631215483,4744.37758478301,8.31743837507966
5,0.02225,10000,1,0.00782743722950965,0.00356,35.6,1,35.6,36,1,"success",TRUE,TRUE,1.62316216074106e+39,16,2.69447428176747,4808.3802679965,8.25544199245808
1.05,0.0345,10000,1,NA,0.00156462585034014,NA,NA,15.6462585034014,NA,NA,"no_epidemic_peak",FALSE,FALSE,NA,NA,NA,NA,NA
1.14875,0.0345,10000,1,0.817554041084351,0.00388888428426129,38.8888428426129,0.978028885192822,38.8888428426129,39,0.420451181577757,"success",TRUE,TRUE,5.55686661671056e-08,8,42.0584198879193,113.332598197344,63.3640762961215
1.2475,0.0345,10000,1,0.699269702846924,0.00548672495291184,54.8672495291184,0.986931858220598,54.8672495291184,55,0.485058650146709,"success",TRUE,TRUE,7.8200374221645e-08,8,28.4733392290471,247.518274209992,43.462118564269
1.34625,0.0345,10000,1,0.598496859087356,0.00659109307552445,65.9109307552445,0.993662915107875,65.9109307552445,66,0.657323847310702,"success",TRUE,TRUE,1.58139475729972e-06,8,21.8627971622643,407.308642414749,33.9322559778178
1.445,0.0345,10000,1,0.513891393442385,0.00735264185055256,73.5264185055256,0.997345699674707,73.5264185055256,74,0.821453979839678,"success",TRUE,TRUE,1.28196922028401e-05,8,17.8754943262593,581.527437592776,28.2445113006088
1.54375,0.0345,10000,1,0.442953178429454,0.00787162549787736,78.7162549787736,0.999013045304078,78.7162549787736,79,0.924957098582738,"success",TRUE,TRUE,8.18638558364143e-05,8,15.1825269301013,762.955671173676,24.4345178611543
1.6425,0.0345,10000,1,0.383301547078165,0.0082163980456343,82.163980456343,0.999668157923848,82.163980456343,82,0.97315144042298,"success",TRUE,TRUE,0.000270525760623038,9,13.2306175533735,946.872382725115,21.6921374249249
1.74125,0.0345,10000,1,0.33292436494859,0.0084345427269668,84.345427269668,0.999897706773988,84.345427269668,84,0.991443744404869,"success",TRUE,TRUE,0.000379917976789369,9,11.7453793645002,1130.23589915874,19.618788407568
1.84,0.0345,10000,1,0.290175857162349,0.00855978260869565,85.5978260869565,0.999970787517158,85.5978260869565,86,0.997490842990159,"success",TRUE,TRUE,0.000295760879589796,10,10.5744418317954,1310.91378684208,17.9938472042663
1.93875,0.0345,10000,1,0.253730099120681,0.00861639149634541,86.163914963454,0.99999220713151,86.163914963454,86,0.999330035225239,"success",TRUE,TRUE,0.00401969644496258,10,9.62574898429483,1487.74404682679,16.6852896871418
2.0375,0.0345,10000,1,0.222514874343175,0.00862207836200083,86.2207836200083,0.999998045590802,86.2207836200083,86,0.999831934769255,"success",TRUE,TRUE,0.0463521339125705,10,8.84039915735621,1659.94612767028,15.6084364241531
2.13625,0.0345,10000,1,0.195665630743895,0.00858991447542542,85.8991447542542,0.999999536697398,85.8991447542542,86,0.999960156760765,"success",TRUE,TRUE,0.0437457554793474,11,8.1789327523682,1826.86855049546,14.7068667562644
2.235,0.0345,10000,1,0.172479572045993,0.00852964581175022,85.2964581175022,0.999999895724522,85.2964581175022,85,0.999991136623148,"success",TRUE,TRUE,0.227579165432634,11,7.61358371725632,1988.49875444091,13.9412170327618
2.33375,0.0345,10000,1,0.152382917045746,0.00844860227059844,84.4860227059844,0.999999977632406,84.4860227059844,84,0.999998121123857,"success",TRUE,TRUE,0.529455965111268,11,7.12457041422302,2144.53552171044,13.2832008364317
2.4325,0.0345,10000,1,0.134903990801239,0.00835233736370176,83.5233736370176,0.999999995412622,83.5233736370176,84,0.9999996146603,"success",TRUE,TRUE,1.20632825571128,12,6.69696620440829,2295.4575249726,12.7117999358975
2.53125,0.0345,10000,1,0.119654458509774,0.0082450845907636,82.4508459076361,0.999999999097789,82.4508459076361,82,0.999999926018685,"success",TRUE,TRUE,3.60348231544458,12,6.32007043223157,2440.42659082319,12.2113886797786
2.63,0.0345,10000,1,0.106311477354456,0.00813008717778196,81.3008717778196,0.999999999829402,81.3008717778196,81,0.999999986181564,"success",TRUE,TRUE,10.4335582829747,12,5.98489976052433,2580.49703692314,11.7698716774556
2.72875,0.0345,10000,1,0.0946051539020698,0.00800983907422722,80.0983907422722,0.999999999968917,80.0983907422722,80,0.999999997513349,"success",TRUE,TRUE,28.3828535837056,12,5.68491320500201,2715.44442755339,11.37764976654
2.8275,0.0345,10000,1,0.0843095578669446,0.0078862629489173,78.862629489173,0.999999999994531,78.862629489173,79,0.999999999567987,"success",TRUE,TRUE,544.918932570785,12,5.41474518602751,2845.51834970964,11.0272267584722
2.92625,0.0345,10000,1,0.0752339936134907,0.00776084292028091,77.6084292028091,0.999999999999069,77.6084292028091,78,0.999999999927397,"success",TRUE,TRUE,8557.23040268174,12,5.17013286469165,2970.78358750312,10.7124822053207
3.025,0.0345,10000,1,0.0672175272492279,0.00763472440407076,76.3472440407076,0.999999999999847,76.3472440407076,76,0.999999999988339,"success",TRUE,TRUE,84327.2198308706,12,4.94728340667645,3092.3072303084,10.4286566134803
3.12375,0.0345,10000,1,0.0601225130514814,0.00750878983045799,75.0878983045799,0.999999999999975,75.0878983045799,75,0.999999999998151,"success",TRUE,TRUE,2671572.02523783,12,4.74383474011276,3208.72008264289,10.1715086636341
3.2225,0.0345,10000,1,0.0538318266248774,0.00738371648627974,73.8371648627974,0.999999999999996,73.8371648627974,74,0.999999999999721,"success",TRUE,TRUE,11144272.9566871,13,4.55706683718322,3321.18734539181,9.93766074418327
3.32125,0.0345,10000,1,0.0482453796105229,0.0072600210010441,72.600210010441,0.999999999999999,72.600210010441,73,0.999999999999951,"success",TRUE,TRUE,55706691.1774821,12,4.3851249335766,3429.34671143451,9.72446682741694
3.42,0.0345,10000,1,0.0432764682902128,0.0071380937724428,71.380937724428,1,71.380937724428,71,1,"success",TRUE,TRUE,1514693.02026892,14,4.22614766518565,3533.96081372426,9.52934074460385
3.51875,0.0345,10000,1,0.0388503631025109,0.00701822575709297,70.1822575709297,1,70.1822575709297,70,1,"success",TRUE,TRUE,4610686089.88728,13,4.07868221241909,3635.2254998323,9.35006755198502
3.6175,0.0345,10000,1,0.0349035007221883,0.00690062942703943,69.0062942703943,1,69.0062942703943,69,1,"success",TRUE,TRUE,10718003421.1866,13,3.94139334979849,3733.69614948618,9.18564261653324
3.71625,0.0345,10000,1,0.0313789674278305,0.00678545523909603,67.8545523909603,1,67.8545523909603,68,1,"success",TRUE,TRUE,23636920801.6982,13,3.81363549311606,3828.01221604493,9.03387830874186
3.815,0.0345,10000,1,0.0282281349251291,0.00667280463233185,66.7280463233185,1,66.7280463233185,67,1,"success",TRUE,TRUE,50554205934.7412,13,3.69396936462303,3920.19821886369,8.89354810673077
3.91375,0.0345,10000,1,0.0254087620981847,0.00656274032426888,65.6274032426888,1,65.6274032426888,66,1,"success",TRUE,TRUE,8061336753337.38,12,3.58224966648782,4007.9056754216,8.763866979077
4.0125,0.0345,10000,1,0.0228832299166311,0.00645529449442455,64.5529449442455,1,64.5529449442455,65,1,"success",TRUE,TRUE,2045209387353,13,3.47718608137695,4093.54101831488,8.64344040144065
4.11125,0.0345,10000,1,0.0206192019631788,0.00635047530760514,63.5047530760514,1,63.5047530760514,64,1,"success",TRUE,TRUE,28699351230530,13,3.37830904927581,4176.65559331115,8.53181674428703
4.21,0.0345,10000,1,0.0185876927775008,0.00624827212665241,62.4827212665241,1,62.4827212665241,62,1,"success",TRUE,TRUE,1410167198668992,13,3.28504147377323,4257.51852375294,8.42788247007715
4.30875,0.0345,10000,1,0.0167634841922596,0.00614865968641644,61.4865968641644,1,61.4865968641644,61,1,"success",TRUE,TRUE,9174189343345536,12,3.19670587607415,4337.12274121022,8.33104272684383
4.4075,0.0345,10000,1,0.0151242319379609,0.00605160144123437,60.5160144123437,1,60.5160144123437,61,1,"success",TRUE,TRUE,326186158182617088,13,3.1137985264338,4411.57999078616,8.24063668489028
4.50625,0.0345,10000,1,0.0136502763589581,0.00595705225251567,59.5705225251567,1,59.5705225251567,60,1,"success",TRUE,TRUE,306750756462665728,14,3.03499743988273,4484.9640090174,8.15624925089805
4.605,0.0345,10000,1,0.0123242129190534,0.00586496054776885,58.6496054776885,1,58.6496054776885,59,1,"success",TRUE,TRUE,13525506692928749568,13,2.96007492159984,4557.03408807793,8.07757115364134
4.70375,0.0345,10000,1,0.0111302932822573,0.0057752700550396,57.752700550396,1,57.752700550396,58,1,"success",TRUE,TRUE,1.18989522644094e+20,14,2.88905828902731,4626.23547872234,8.00356877918797
4.8025,0.0345,10000,1,0.0100550627119132,0.00568792119539076,56.8792119539076,1,56.8792119539076,57,1,"success",TRUE,TRUE,6.4173717542673e+20,16,2.82166879467432,4692.7668882421,7.93462182866725
4.90125,0.0345,10000,1,0.00908607250812892,0.00560285219933784,56.0285219933784,1,56.0285219933784,56,1,"success",TRUE,TRUE,2.11600955421293e+22,16,2.75692760828079,4760.05313704356,7.8698359042418
5,0.0345,10000,1,0.008212437734251,0.00552,55.2,1,55.2,55,1,"success",TRUE,TRUE,3.34528667808685e+23,15,2.69542902337064,4824.30368300824,7.80889581575168
1.05,0.04675,10000,1,NA,0.00212018140589569,NA,NA,21.2018140589569,NA,NA,"no_epidemic_peak",FALSE,FALSE,NA,NA,NA,NA,NA
1.14875,0.04675,10000,1,0.827530703132516,0.00526972000838306,52.6972000838306,0.967817588315272,52.6972000838306,53,0.176626575469977,"success",TRUE,TRUE,6.95555712054097e-09,8,42.8421664055127,122.619619913374,62.7403838319421
1.2475,0.04675,10000,1,0.7119686019391,0.00743490989996024,74.3490989996024,0.975969103842903,74.3490989996024,74,0.165298586768121,"success",TRUE,TRUE,1.76872585793547e-06,7,28.7643596103283,260.480492785565,42.7364201252449
1.34625,0.04675,10000,1,0.611798872760896,0.00893140873277589,89.3140873277589,0.984915940955245,89.3140873277589,89,0.258538858860318,"success",TRUE,TRUE,2.4533901440537e-06,7,22.0126963286161,422.930885062146,33.2612422437261
1.445,0.04675,10000,1,0.526831449308085,0.00996336250763281,99.6336250763281,0.9915632984774,99.6336250763281,100,0.428592286399267,"success",TRUE,TRUE,9.03458609037566e-06,7,17.9663315049828,599.082409320153,27.6320842846195
1.54375,0.04675,10000,1,0.455100805714326,0.0106666229572686,106.666229572686,0.995698783564601,106.666229572686,107,0.63051219580638,"success",TRUE,TRUE,1.71467003380887e-05,7,15.2432200780449,781.918635192361,23.8704585021291
1.6425,0.04675,10000,1,0.394489652136779,0.0111338147429972,111.338147429972,0.997973806918648,111.338147429972,111,0.798407952712163,"success",TRUE,TRUE,3.22595948806346e-05,8,13.2739463275113,966.825576926688,21.16691092587
1.74125,0.04675,10000,1,0.343116243919108,0.0114294165937883,114.294165937883,0.999109105958567,114.294165937883,114,0.903384342131919,"success",TRUE,TRUE,9.10533430395824e-05,9,11.7778302539867,1150.85644368549,19.1247840001209
1.84,0.04675,10000,1,0.299401514034209,0.0115991257088847,115.991257088847,0.999631432714759,115.991257088847,116,0.958139701108193,"success",TRUE,TRUE,0.000143903578181611,9,10.5994863465598,1332.14814850881,17.5254168919842
1.93875,0.04675,10000,1,0.262048504582753,0.0116758348537434,116.758348537434,0.999855592652098,116.758348537434,117,0.983245071884233,"success",TRUE,TRUE,0.000337429179221121,9,9.64570157579246,1509.28717957678,16.2378423301383
2.0375,0.04675,10000,1,0.230000454001526,0.0116835409687982,116.835409687982,0.99994612354475,116.835409687982,117,0.993716111652688,"success",TRUE,TRUE,0.000906925819959381,9,8.85669071340078,1681.60858987026,15.1787235865684
2.13625,0.04675,10000,1,0.202393287365317,0.0116399565717721,116.399565717721,0.999980776630878,116.399565717721,116,0.997772552200277,"success",TRUE,TRUE,0.00239472062458668,9,8.1924081470035,1848.67853773461,14.2920314507138
2.235,0.04675,10000,1,0.178523873924789,0.0115582881651978,115.582881651978,0.999993415149877,115.582881651978,116,0.99923644652622,"success",TRUE,TRUE,0.00713390977360584,9,7.62501333999329,2010.1523876946,13.5391519356455
2.33375,0.04675,10000,1,0.157812708179494,0.0114484682942167,114.484682942167,0.999997827899904,114.484682942167,114,0.999752410975375,"success",TRUE,TRUE,0.036899700772187,9,7.13427992413541,2166.22469646997,12.8920435332338
2.4325,0.04675,10000,1,0.139784124209161,0.0113180223696538,113.180223696538,0.999999308078479,113.180223696538,113,0.999921815897642,"success",TRUE,TRUE,0.0468237379903359,10,6.70539228462973,2316.93380457216,12.3303118074577
2.53125,0.04675,10000,1,0.12404179787456,0.0111726870903826,111.726870903826,0.999999786678154,111.726870903826,112,0.999976108236091,"success",TRUE,TRUE,0.218176119096141,10,6.32739519994582,2461.79650754595,11.8381960726832
2.63,0.04675,10000,1,0.110257601552958,0.0110168572626466,110.168572626466,0.99999993621146,110.168572626466,110,0.999992983285005,"success",TRUE,TRUE,0.722503566924615,10,5.991276359579,2601.84667781765,11.4038469039399
2.72875,0.04675,10000,1,0.0981578482033191,0.0108539123686992,108.539123686992,0.999999981461348,108.539123686992,109,0.999997979288997,"success",TRUE,TRUE,2.05170870530237,11,5.69055662077555,2736.59321860367,11.0182250050927
2.8275,0.04675,10000,1,0.087509747583604,0.0106864577641126,106.864577641126,0.999999994756132,106.864577641126,107,0.999999438906303,"success",TRUE,TRUE,11.4859239510004,11,5.41985419445002,2866.22104115761,10.6735474417191
2.92625,0.04675,10000,1,0.0781185570146258,0.0105165045369024,105.165045369024,0.999999998554109,105.165045369024,105,0.999999848181484,"success",TRUE,TRUE,13.7535014248038,12,5.17469659306086,2991.31489142806,10.3639125634402
3.025,0.04675,10000,1,0.0698192892712104,0.0103456048084147,103.456048084147,0.999999999610806,103.456048084147,103,0.999999959913018,"success",TRUE,TRUE,28.8497124100507,12,4.95135985615893,3112.72783790666,10.0845909887209
3.12375,0.04675,10000,1,0.0624708875254376,0.0101749543354757,101.749543354757,0.999999999897607,101.749543354757,102,0.999999989555916,"success",TRUE,TRUE,60.5010809889027,12,4.74747961853377,3229.04412676198,9.83153297685122
3.2225,0.04675,10000,1,0.0559523717681746,0.0100054708908283,100.054708908283,0.999999999973645,100.054708908283,100,0.999999997364508,"success",TRUE,TRUE,179.176077673212,12,4.56051094234301,3340.82966898603,9.60117930129097
3.32125,0.04675,10000,1,0.050161939635105,0.0098378545448931,98.378545448931,0.999999999993353,98.378545448931,98,0.999999999348625,"success",TRUE,TRUE,533.36757270919,12,4.38817815632904,3449.06727811564,9.39132759106875
3.42,0.04675,10000,1,0.04500926098181,0.00967263431483192,96.7263431483192,0.999999999998357,96.7263431483192,97,0.999999999840595,"success",TRUE,TRUE,2249.350849821,12,4.22897630913618,3553.32187750721,9.19903194116791
3.51875,0.04675,10000,1,0.0404188877704346,0.00951020446794482,95.1020446794482,0.999999999999601,95.1020446794482,95,0.999999999962115,"success",TRUE,TRUE,18318.1180319488,12,4.0812771410534,3654.36505008603,9.02293149288388
3.6175,0.04675,10000,1,0.0363229589991528,0.00935085291924908,93.5085291924908,0.999999999999905,93.5085291924908,94,0.999999999991067,"success",TRUE,TRUE,72960.3201161027,12,3.94374849670041,3752.73939924973,8.86060821140497
3.71625,0.04675,10000,1,0.032664508417418,0.00919478354863013,91.9478354863013,0.999999999999978,91.9478354863013,92,0.999999999997957,"success",TRUE,TRUE,407215.173554897,12,3.8159004688112,3846.47389248635,8.71101535599078
3.815,0.04675,10000,1,0.0293931569713731,0.00904213381337722,90.4213381337722,0.999999999999995,90.4213381337722,90,0.99999999999954,"success",TRUE,TRUE,16466934.1140709,12,3.69598205180423,3938.77926667584,8.57286526157175
3.91375,0.04675,10000,1,0.026464517322838,0.00889298870027739,88.9298870027739,0.999999999999999,88.9298870027739,89,0.999999999999901,"success",TRUE,TRUE,2964768.4511144,13,3.58415496634265,4026.10090092572,8.44471002444429
4.0125,0.04675,10000,1,0.0238408652663891,0.00874739181490863,87.4739181490863,1,87.4739181490863,87,0.999999999999981,"success",TRUE,TRUE,166631802.717926,12,3.47897772320414,4111.43595349726,8.32617705659616
4.11125,0.04675,10000,1,0.0214877818146492,0.00860535422117508,86.0535422117508,1,86.0535422117508,86,1,"success",TRUE,TRUE,523858795.699629,13,3.37998116435946,4194.32839958061,8.21585672865222
4.21,0.04675,10000,1,0.0193758482951216,0.00846686150495653,84.6686150495653,1,84.6686150495653,85,1,"success",TRUE,TRUE,5577247262.59401,13,3.28658954062416,4275.0406364011,8.11321959048832
4.30875,0.04675,10000,1,0.0174789515376464,0.00833187943014401,83.3187943014401,1,83.3187943014401,83,1,"success",TRUE,TRUE,389831514.780426,14,3.19812740909635,4354.55937282861,8.01764891309352
4.4075,0.04675,10000,1,0.0157739273335806,0.00820035847471614,82.0035847471615,1,82.0035847471614,82,1,"success",TRUE,TRUE,136294206046.51,13,3.11522094155336,4428.3999095715,7.92846676642176
4.50625,0.04675,10000,1,0.0142402468586752,0.00807223747261182,80.7223747261182,1,80.7223747261182,81,1,"success",TRUE,TRUE,276034059135.631,13,3.03628332885265,4501.8143610895,7.84495867231146
4.605,0.04675,10000,1,0.0128601825911001,0.00794744653936794,79.4744653936794,1,79.4744653936794,79,1,"success",TRUE,TRUE,469723216847.531,13,2.96135220837302,4573.3785740486,7.76718566058018
4.70375,0.04675,10000,1,0.0116172933920346,0.00782590942240873,78.2590942240873,1,78.2590942240873,78,1,"success",TRUE,TRUE,1172349004047.75,13,2.89019403368065,4642.7079614789,7.69408914041755
4.8025,0.04675,10000,1,0.0104976712948319,0.00770754538795705,77.0754538795705,1,77.0754538795705,77,1,"success",TRUE,TRUE,2414785927903,13,2.82278560104795,4708.82776540662,7.62589135324719
4.90125,0.04675,10000,1,0.00948833788717424,0.00759227073388533,75.9227073388533,1,75.9227073388533,76,1,"success",TRUE,TRUE,11621853192600,13,2.75802324268659,4775.74597404527,7.56167608292798
5,0.04675,10000,1,0.00857809583981615,0.00748,74.8,1,74.8,75,1,"success",TRUE,TRUE,95488592506368,13,2.69637910017974,4840.24338805989,7.50128812844896
1.05,0.059,10000,1,NA,0.00267573696145125,NA,NA,26.7573696145125,NA,NA,"no_epidemic_peak",FALSE,FALSE,NA,NA,NA,NA,NA
1.14875,0.059,10000,1,0.835228697571296,0.00665055573250482,66.5055573250482,0.95929091376171,66.5055573250482,67,0.0617550065483226,"success",TRUE,TRUE,2.06242736328959e-09,8,43.5964402452007,132.127861990279,62.4908435559981
1.2475,0.059,10000,1,0.722460402119208,0.00938309484700865,93.8309484700865,0.965321179819586,93.8309484700865,94,0.0362370213381774,"success",TRUE,TRUE,2.17510641056622e-08,7,29.0475439391585,273.625313627025,42.2777037375169
1.34625,0.059,10000,1,0.623167157647374,0.0112717243900273,112.717243900273,0.974835748268639,112.717243900273,113,0.0561375550256297,"success",TRUE,TRUE,3.64938040366396e-08,7,22.1594469187284,438.703371331243,32.8031825706281
1.445,0.059,10000,1,0.538125202582647,0.0125740831647131,125.740831647131,0.983451534356863,125.740831647131,126,0.122144310564188,"success",TRUE,TRUE,2.40718838773971e-07,7,18.0555878585102,616.766619459201,27.2001606822501
1.54375,0.059,10000,1,0.465861269377684,0.0134616204166598,134.616204166598,0.989917887430109,134.616204166598,135,0.25461747115753,"success",TRUE,TRUE,1.26397152902871e-06,7,15.3030285474697,800.981307714437,23.4654895089226
1.6425,0.059,10000,1,0.404509742867439,0.0140512314403601,140.512314403601,0.994243371094315,140.512314403601,141,0.443068911587499,"success",TRUE,TRUE,8.14257056780399e-06,7,13.3167114410734,986.874406861482,20.7854246036119
1.74125,0.059,10000,1,0.352323142068838,0.0144242904606099,144.242904606099,0.996895074995832,144.242904606099,144,0.639029435310442,"success",TRUE,TRUE,6.04042414196262e-06,8,11.809847828751,1171.61860746961,18.7630765165204
1.84,0.059,10000,1,0.307793803167938,0.0146384688090737,146.384688090737,0.998408096426534,146.384688090737,146,0.792468032369298,"success",TRUE,TRUE,2.31316147483342e-05,8,10.6244229051247,1353.27010272803,17.1803529925738
1.93875,0.059,10000,1,0.269659740935741,0.0147352782111414,147.352782111414,0.999220176442149,147.352782111414,147,0.891652511475958,"success",TRUE,TRUE,0.000108582647075695,7,9.66558102440303,1530.73228003049,15.9067537827289
2.0375,0.059,10000,1,0.236882828633311,0.0147450035755956,147.450035755956,0.99963336415142,147.450035755956,147,0.947521783145634,"success",TRUE,TRUE,3.46986834702171e-06,9,8.87291533875807,1703.20542474347,14.8595087466894
2.13625,0.059,10000,1,0.208606640431296,0.0146899986681188,146.899986681188,0.999833949053282,146.899986681188,147,0.975884035219979,"success",TRUE,TRUE,8.32515905743133e-05,9,8.20582037159482,1870.45922852555,13.9831138452819
2.235,0.059,10000,1,0.184126353312346,0.0145869305186453,145.869305186453,0.999927327918603,145.869305186453,146,0.989445583455981,"success",TRUE,TRUE,0.000609972441660989,9,7.636301584585,2031.95574858293,13.2389344090451
2.33375,0.059,10000,1,0.162861795069202,0.014448334317835,144.48334317835,0.999969183012866,144.48334317835,144,0.995572117579494,"success",TRUE,TRUE,0.00230014427856329,9,7.14387619674751,2188.04707047139,12.5993272243903
2.4325,0.059,10000,1,0.144334906721826,0.0142837073756059,142.837073756059,0.999987305812504,142.837073756059,143,0.998186366291118,"success",TRUE,TRUE,0.00569772335093366,9,6.71380869858248,2338.3391508443,12.0442061130904
2.53125,0.059,10000,1,0.128144538265746,0.0141002895900015,141.002895900015,0.999994910942924,141.002895900015,141,0.999282698510209,"success",TRUE,TRUE,0.00930532610042611,9,6.33464273202866,2483.27326248128,11.5579740150008
2.63,0.059,10000,1,0.113958311949445,0.0139036273475112,139.036273475112,0.99999801069038,139.036273475112,139,0.9997235239144,"success",TRUE,TRUE,0.00695003705184227,9,5.9975890859373,2623.2925504434,11.1289424645882
2.72875,0.059,10000,1,0.101494895944248,0.0136979856631712,136.979856631712,0.999999240749075,136.979856631712,137,0.999895987993409,"success",TRUE,TRUE,0.0222449157454179,9,5.69614596082542,2757.82903009992,10.7475293892969
2.8275,0.059,10000,1,0.0905220057076548,0.0134866525793078,134.866525793078,0.999999716558718,134.866525793078,135,0.999961736153587,"success",TRUE,TRUE,0.202890778950291,9,5.42491591949568,2887.00271409216,10.4069200331577
2.92625,0.059,10000,1,0.0808385946336964,0.0132721661535239,132.721661535239,0.999999896398534,132.721661535239,133,0.999986221099184,"success",TRUE,TRUE,0.299828893345384,10,5.17921981089764,3011.91809548494,10.1008161722867
3.025,0.059,10000,1,0.0722779105203943,0.0130564852127587,130.564852127587,0.999999962866977,130.564852127587,131,0.999995135585715,"success",TRUE,TRUE,1.84382672642626,10,4.95552876600189,3132.82206089086,9.82490843550574
3.12375,0.059,10000,1,0.0646936204844984,0.0128411188404934,128.411188404934,0.999999986940619,128.411188404934,128,0.999998328400573,"success",TRUE,TRUE,4.54919785378101,10,4.7511504566953,3249.25057161453,9.57469946224884
3.2225,0.059,10000,1,0.057962890924354,0.0126272252953769,126.272252953769,0.999999995488933,126.272252953769,126,0.999999431605737,"success",TRUE,TRUE,8.94081993486843,10,4.56392755810668,3360.52708318155,9.34694137230482
3.32125,0.059,10000,1,0.0519815967840666,0.0124156880887421,124.156880887421,0.99999999846752,124.156880887421,124,0.999999809972508,"success",TRUE,TRUE,42.4391979522622,10,4.39120805740302,3468.83859056207,9.13939204124092
3.42,0.059,10000,1,0.0466568125249333,0.012207174857221,122.07174857221,0.999999999487822,122.07174857221,122,0.999999937514331,"success",TRUE,TRUE,109.849540779888,10,4.2317839466004,3572.72976976518,8.94915473117732
3.51875,0.059,10000,1,0.0419116124649356,0.0120021831787967,120.021831787967,0.99999999983137,120.021831787967,120,0.9999999797644,"success",TRUE,TRUE,305.362497273638,10,4.08385341863046,3673.54788383769,8.77493792976237
3.6175,0.059,10000,1,0.0376759334637683,0.0118010764114587,118.010764114587,0.9999999999453,118.010764114587,118,0.999999993545397,"success",TRUE,TRUE,1381.06407752449,10,3.94608733885841,3771.82269873425,8.61435174452163
3.71625,0.059,10000,1,0.0338913336703181,0.0116041118581642,116.041118581642,0.999999999982502,116.041118581642,116,0.99999999797018,"success",TRUE,TRUE,553.027267008778,12,3.81814998482376,3864.9727929895,8.46630588039821
3.815,0.059,10000,1,0.0305059512488931,0.0114114629944226,114.114629944226,0.999999999994476,114.114629944226,114,0.999999999370312,"success",TRUE,TRUE,1774.44326091277,12,3.69798158553369,3957.39487379478,8.32948522065651
3.91375,0.059,10000,1,0.0274741849840581,0.0112232370762859,112.232370762859,0.999999999998279,112.232370762859,112,0.99999999980724,"success",TRUE,TRUE,6669.20633037994,12,3.58604809469461,4044.32835983368,8.20253977485144
4.0125,0.059,10000,1,0.0247574790065407,0.0110394891353927,110.394891353927,0.99999999999947,110.394891353927,110,0.999999999941698,"success",TRUE,TRUE,21831.0636829976,12,3.48075818784804,4129.36097971779,8.08515383527295
4.11125,0.059,10000,1,0.0223202193318995,0.010860233134745,108.60233134745,0.999999999999839,108.60233134745,109,0.999999999982429,"success",TRUE,TRUE,41352.3206740655,12,3.38164312272169,4212.02933021194,7.97594899112379
4.21,0.059,10000,1,0.0201320004093137,0.0106854508832606,106.854508832606,0.999999999999952,106.854508832606,107,0.999999999994821,"success",TRUE,TRUE,141087.641271219,12,3.28812847991194,4292.58905948959,7.87427251458676
4.30875,0.059,10000,1,0.0181659367375645,0.0105150991738716,105.150991738716,0.999999999999986,105.150991738716,105,0.999999999998485,"success",TRUE,TRUE,1425739.46321106,12,3.19954083298137,4372.02062963044,7.77950182382466
4.4075,0.059,10000,1,0.016398147810258,0.0103491155081979,103.491155081979,0.999999999999996,103.491155081979,103,0.999999999999565,"success",TRUE,TRUE,8467503.04535675,12,3.11663527410349,4445.24296695755,7.69095854824597
4.50625,0.059,10000,1,0.014807779693463,0.010187422692708,101.87422692708,0.999999999999999,101.87422692708,102,0.999999999999864,"success",TRUE,TRUE,17812965.0154114,12,3.03756217242883,4518.68647650887,7.60831146687934
4.605,0.059,10000,1,0.0133761856043079,0.010029932530967,100.29932530967,1,100.29932530967,100,0.999999999999956,"success",TRUE,TRUE,41030849.8654953,13,2.96262254274736,4589.74353759022,7.53112910334341
4.70375,0.059,10000,1,0.0120865326069791,0.00987654878977786,98.7654878977786,1,98.7654878977786,99,1,"success",TRUE,TRUE,63649108.5930605,13,2.8913238549905,4659.19966912922,7.45863296150825
4.8025,0.059,10000,1,0.010924383429151,0.00972716958052333,97.2716958052333,1,97.2716958052333,97,1,"success",TRUE,TRUE,1459464573.95421,13,2.8238966148104,4724.90691393712,7.39079325006773
4.90125,0.059,10000,1,0.00987661043870096,0.00958168926843283,95.8168926843283,1,95.8168926843283,96,1,"success",TRUE,TRUE,3889929916.39308,13,2.75911327861215,4791.45601258144,7.32724646372623
5,0.059,10000,1,0.00893140318221183,0.00944,94.4,1,94.4,94,1,"success",TRUE,TRUE,5028809770.45166,13,2.69732452459501,4856.19940730375,7.26743789531498
1.05,0.07125,10000,1,NA,0.00323129251700681,NA,NA,32.312925170068,NA,NA,"no_epidemic_peak",FALSE,FALSE,NA,NA,NA,NA,NA
1.14875,0.07125,10000,1,0.841325612122669,0.00803139145662658,80.3139145662659,0.952179048351509,80.3139145662658,80,0.0198376254349065,"success",TRUE,TRUE,1.1025754021183e-09,8,44.3249126328103,141.839850854395,62.4598268709195
1.2475,0.07125,10000,1,0.731321878073973,0.0113312797940571,113.312797940571,0.955548747131026,113.312797940571,113,0.00586910334272866,"success",TRUE,TRUE,1.86027198781965e-08,7,29.3235605611638,286.94010599715,41.9783155154276
1.34625,0.07125,10000,1,0.633076572924781,0.0136120400472788,136.120400472788,0.964598261520954,136.120400472788,136,0.00743225465423014,"success",TRUE,TRUE,2.33529882832798e-08,7,22.303233562125,454.621268903897,32.4735826014941
1.445,0.07125,10000,1,0.548164497420889,0.0151848038217933,151.848038217933,0.974200161504561,151.848038217933,152,0.0188159426002464,"success",TRUE,TRUE,5.49346484457795e-08,7,18.1433698488533,634.564144781702,26.877888982348
1.54375,0.07125,10000,1,0.475555034207752,0.0162566178760511,162.566178760511,0.982401178995076,162.566178760511,163,0.0553460492444098,"success",TRUE,TRUE,1.46537991524724e-07,7,15.3620139586445,820.126861327745,23.1573166119827
1.6425,0.07125,10000,1,0.413628431855105,0.016968648137723,169.68648137723,0.98864004060174,169.68648137723,170,0.14338154971027,"success",TRUE,TRUE,2.0042412549829e-07,7,13.3589288537911,1007.01894246823,20.4916413190423
1.74125,0.07125,10000,1,0.360769356688177,0.0174191643274314,174.191643274314,0.99301346340118,174.191643274314,174,0.295252643888832,"success",TRUE,TRUE,3.64147608327347e-07,7,11.8415249364395,1192.43713497209,18.4823135064592
1.84,0.07125,10000,1,0.315541173600383,0.0176778119092628,176.778119092628,0.995885324701033,176.778119092628,177,0.48200537924855,"success",TRUE,TRUE,4.43619550374169e-06,7,10.6489598268575,1374.63338053406,16.9108451745471
1.93875,0.07125,10000,1,0.276723873728398,0.0177947215685394,177.947215685394,0.997669646692076,177.947215685394,178,0.660150816883893,"success",TRUE,TRUE,9.96367932792931e-06,8,9.68522468972147,1552.30605531856,15.647022843765
2.0375,0.07125,10000,1,0.243299820039816,0.017806466182393,178.06466182393,0.99872616636604,178.06466182393,178,0.797010898690136,"success",TRUE,TRUE,4.05814476283222e-05,8,8.88891346211828,1724.99231945659,14.6082410848086
2.13625,0.07125,10000,1,0.214421211124798,0.0177400407644655,177.400407644655,0.999325880541355,177.400407644655,177,0.887488797770969,"success",TRUE,TRUE,0.000123379667723553,8,8.21920619262657,1892.14514121512,13.7391256278
2.235,0.07125,10000,1,0.1893866895366,0.0176155728720928,176.155728720928,0.999653705952899,176.155728720928,176,0.940862465726908,"success",TRUE,TRUE,0.000134612967701928,9,7.64745143349332,2053.90747285308,13.0012268050204
2.33375,0.07125,10000,1,0.167620061032523,0.0174482003414533,174.482003414533,0.999826874992244,174.482003414533,174,0.970322916537537,"success",TRUE,TRUE,0.00016783672522308,9,7.15344725535483,2209.82287710345,12.3674459433496
2.4325,0.07125,10000,1,0.14863460313739,0.017249392381558,172.49392381558,0.999915613326518,172.49392381558,172,0.985589716218554,"success",TRUE,TRUE,9.07658163735751e-05,9,6.72213209778214,2359.86258137378,11.817124472109
2.53125,0.07125,10000,1,0.132029700181054,0.0170278920896205,170.278920896205,0.999959820386434,170.278920896205,170,0.993192604475685,"success",TRUE,TRUE,0.00190285917945694,9,6.34181445395196,2504.85605089657,11.3351462851182
2.63,0.07125,10000,1,0.117468596003076,0.0167903974323758,167.903974323758,0.999981282885937,167.903974323758,168,0.996860434185893,"success",TRUE,TRUE,0.000240659545093114,10,6.00397096616613,2644.49780482088,10.9097629520705
2.72875,0.07125,10000,1,0.104669488639379,0.0165420589576432,165.420589576432,0.999991456600325,165.420589576432,165,0.998591326145708,"success",TRUE,TRUE,0.0013369885704626,10,5.70174534054488,2778.9815478028,10.531958185437
2.8275,0.07125,10000,1,0.0933917094133387,0.0162868473945031,162.868473945031,0.999996174953869,162.868473945031,163,0.999376710613791,"success",TRUE,TRUE,0.00427725209603214,10,5.42993112989474,2907.86288019226,10.1941622972694
2.92625,0.07125,10000,1,0.083435302318459,0.0160278277701454,160.278277701454,0.999998317885587,160.278277701454,160,0.999730897682034,"success",TRUE,TRUE,0.00486368466833831,10,5.18370315179057,3032.59276839913,9.8908712163439
3.025,0.07125,10000,1,0.0746274588603677,0.0157673656171027,157.673656171027,0.999999272736292,157.673656171027,158,0.999885098894037,"success",TRUE,TRUE,0.105705375162422,8,4.95966197632572,3152.98151383801,9.61719767743526
3.12375,0.07125,10000,1,0.0668210255722723,0.0155072833455111,155.072833455111,0.999999690600822,155.072833455111,155,0.99995204426993,"success",TRUE,TRUE,0.170574766642744,9,4.75491826810782,3269.10945627637,9.36914002646088
3.2225,0.07125,10000,1,0.0598901276949989,0.0152489796999255,152.489796999255,0.999999870377825,152.489796999255,152,0.999980297622269,"success",TRUE,TRUE,0.352483845145847,10,4.56731697590916,3380.27940419254,9.14337871180602
3.32125,0.07125,10000,1,0.0537280866720958,0.0149935216325911,149.935216325911,0.999999946466662,149.935216325911,150,0.999991970031394,"success",TRUE,TRUE,0.746101191976777,10,4.39421495333589,3488.66037608469,8.93751948538724
3.42,0.07125,10000,1,0.0482401013289395,0.0147417153996101,147.417153996101,0.999999978197359,147.417153996101,147,0.999996795016805,"success",TRUE,TRUE,2.63146920115832,10,4.23457086279868,3592.1842782783,8.74882579666231
3.51875,0.07125,10000,1,0.0433478087991967,0.0144941618896485,144.941618896485,0.999999991232806,144.941618896485,145,0.999998728757612,"success",TRUE,TRUE,4.27662662089457,11,4.08641128177964,3692.77379264582,8.57600414810205
3.6175,0.07125,10000,1,0.0389791392702797,0.0142512999036684,142.512999036684,0.999999996519048,142.512999036684,143,0.999999502224023,"success",TRUE,TRUE,18.3808161993383,11,3.94841007658544,3790.94585244814,8.41670426109087
3.71625,0.07125,10000,1,0.0350743012657321,0.0140134401676983,140.134401676983,0.999999998634205,140.134401676983,140,0.999999808788745,"success",TRUE,TRUE,34.7347816316709,11,3.82038422603538,3883.5087598227,8.26980404341307
3.815,0.07125,10000,1,0.0315800519270088,0.0137807921754679,137.807921754679,0.999999999470189,137.807921754679,138,0.999999926886042,"success",TRUE,TRUE,14.1161596550724,11,3.69996817772366,3976.04486286619,8.13396878087844
3.91375,0.07125,10000,1,0.0284500054061365,0.0135534854522944,135.534854522944,0.999999999796714,135.534854522944,136,0.999999972353037,"success",TRUE,TRUE,434.351442712108,10,3.58792918853079,4062.58791428187,8.00808038353686
4.0125,0.07125,10000,1,0.0256439035912623,0.0133315864558768,133.315864558768,0.9999999999228,133.315864558768,133,0.999999989732367,"success",TRUE,TRUE,742.068812347698,11,3.48252758660368,4147.3160071404,7.89136767754513
4.11125,0.07125,10000,1,0.0231259778075935,0.013115112048315,131.15112048315,0.999999999970971,131.151120483149,131,0.999999996197172,"success",TRUE,TRUE,3017.37815505909,10,3.38329503260823,4229.75827358851,7.78297253754751
4.21,0.07125,10000,1,0.0208645571468394,0.0129040402615648,129.040402615648,0.999999999989189,129.040402615648,129,0.999999998605364,"success",TRUE,TRUE,3483.31940060807,10,3.28965841303886,4310.16362807552,7.68199265308708
4.30875,0.07125,10000,1,0.0188320340824113,0.0126983189175992,126.983189175992,0.999999999996011,126.983189175992,127,0.999999999493365,"success",TRUE,TRUE,4550.65157206357,10,3.2010378840511,4389.10742602584,7.58780140494421
4.4075,0.07125,10000,1,0.0170038603865266,0.0124978725416797,124.978725416797,0.999999999998541,124.978725416797,125,0.999999999817618,"success",TRUE,TRUE,23636.8616106734,10,3.11804158252271,4462.10909675837,7.49972055903965
4.50625,0.07125,10000,1,0.0153591184747004,0.0123026079128041,123.026079128041,0.999999999999471,123.026079128041,123,0.999999999934889,"success",TRUE,TRUE,79366.8444847763,10,3.03883402905202,4535.58029474391,7.41785567328937
4.605,0.07125,10000,1,0.0138776780364499,0.0121124185225661,121.124185225661,0.999999999999809,121.124185225661,121,0.999999999976948,"success",TRUE,TRUE,261451.88050437,10,2.96388596630249,4606.12899207379,7.34092553260464
4.70375,0.07125,10000,1,0.0125430923803622,0.011927188157147,119.27188157147,0.999999999999932,119.27188157147,119,0.999999999991914,"success",TRUE,TRUE,400004.63417889,12,2.89244779136387,4675.71061737955,7.26905477059297
4.8025,0.07125,10000,1,0.0113397396374133,0.0117467937730896,117.467937730896,0.999999999999976,117.467937730896,117,0.999999999997194,"success",TRUE,TRUE,1054496.83641833,12,2.8250018999698,4741.00423460601,7.20132894517647
4.90125,0.07125,10000,1,0.0102547876439077,0.0115711078029803,115.711078029803,0.999999999999992,115.711078029803,116,0.999999999999021,"success",TRUE,TRUE,2610158.66017401,12,2.76019773986248,4807.18327204813,7.13818854348632
5,0.07125,10000,1,0.00927577067380976,0.0114,114,0.999999999999997,114,114,0.999999999999671,"success",TRUE,TRUE,5480390.73469424,12,2.6982653744343,4872.17155871898,7.07878354084022
1.05,0.0835,10000,1,NA,0.00378684807256236,NA,NA,37.8684807256236,NA,NA,"no_epidemic_peak",FALSE,FALSE,NA,NA,NA,NA,NA
1.14875,0.0835,10000,1,0.846240749092005,0.00941222718074835,94.1222718074835,0.946195365822442,94.1222718074835,94,0.00552327627807545,"success",TRUE,TRUE,1.63636004755358e-06,7,45.0308713131845,151.742876840418,62.5698572906523
1.2475,0.0835,10000,1,0.738919839143288,0.0132794647411055,132.794647411055,0.946745276642909,132.794647411055,133,0.000690253411824364,"success",TRUE,TRUE,8.56037597639283e-09,7,29.5929243675994,300.422616975133,41.7836313331146
1.34625,0.0835,10000,1,0.641828912291344,0.0159523557045302,159.523557045302,0.954731963079622,159.523557045302,160,0.00060399588528669,"success",TRUE,TRUE,9.83642196140884e-09,7,22.4442555230379,470.67519537935,32.2291301011686
1.445,0.0835,10000,1,0.557195268240635,0.0177955244788736,177.955244788736,0.964586629329732,177.955244788736,178,0.00163207569881391,"success",TRUE,TRUE,2.19896029927372e-08,7,18.2297486752848,652.473069997779,26.628609321255
1.54375,0.0835,10000,1,0.484388600997096,0.0190516153354423,190.516153354423,0.97389366678457,190.516153354423,191,0.00639299628140211,"success",TRUE,TRUE,1.33158926329647e-07,7,15.4201660360764,839.379119469278,22.9140430305708
1.6425,0.0835,10000,1,0.422016492573614,0.0198860648350859,198.860648350859,0.981665619381084,198.860648350859,199,0.0251624331815886,"success",TRUE,TRUE,6.06898431636406e-07,7,13.400613276085,1027.25947998844,20.2567735147785
1.74125,0.0835,10000,1,0.368595128716453,0.020414038194253,204.14038194253,0.987655008224583,204.14038194253,204,0.0793368846117115,"success",TRUE,TRUE,2.39087544122386e-06,7,11.8728905764,1213.29659674714,18.255883882343
1.84,0.0835,10000,1,0.322763898050911,0.0207171550094518,207.171550094518,0.991995230435554,207.171550094518,207,0.189445327435423,"success",TRUE,TRUE,9.19064183927472e-06,7,10.6734015105522,1395.88748255911,16.6922736981308
1.93875,0.0835,10000,1,0.283344200244915,0.0208541649259374,208.541649259374,0.994983821408361,208.541649259374,209,0.349581139313586,"success",TRUE,TRUE,4.10290198110979e-06,8,9.70464650749434,1573.99815097719,15.4355377990223
2.0375,0.0835,10000,1,0.249336630743197,0.0208679287891904,208.679287891904,0.996953307173654,208.679287891904,209,0.52849032537502,"success",TRUE,TRUE,4.47145101727765e-06,8,8.90477374343299,1746.83774363493,14.402765444096
2.13625,0.0835,10000,1,0.219912161462196,0.0207900828608123,207.900828608123,0.998201476184397,207.900828608123,208,0.687681306893385,"success",TRUE,TRUE,3.74525511171884e-06,8,8.23241814554135,1913.9969410445,13.5391137486562
2.235,0.0835,10000,1,0.194371381905522,0.0206442152255404,206.442152255404,0.998965865426734,206.442152255404,206,0.808041427733977,"success",TRUE,TRUE,5.37480116959135e-05,8,7.65865898840305,2075.63503457353,12.8060318660784
2.33375,0.0835,10000,1,0.172139043554727,0.0204480663650716,204.480663650716,0.99941954747777,204.480663650716,204,0.888299165889981,"success",TRUE,TRUE,2.36990624953096e-05,9,7.16306211524721,2231.40612653845,12.1763960663234
2.4325,0.0835,10000,1,0.152728726247866,0.02021507738751,202.1507738751,0.99968142863851,202.1507738751,202,0.937665814987144,"success",TRUE,TRUE,9.99459388559814e-05,9,6.73036425175134,2381.50320407878,11.629769326836
2.53125,0.0835,10000,1,0.135735976570777,0.0199554945892394,199.554945892394,0.999828773920904,199.554945892394,200,0.966331681617522,"success",TRUE,TRUE,0.000465738105945261,9,6.34891174572728,2526.54406807199,11.1508915636156
2.63,0.0835,10000,1,0.120827025086903,0.0196771675172404,196.771675172404,0.999909711407444,196.771675172404,197,0.982369610743826,"success",TRUE,TRUE,3.0415686197118e-05,10,6.01037111275031,2665.58789246957,10.7286530547182
2.72875,0.0835,10000,1,0.107709345634623,0.0193861322521152,193.861322521152,0.999953255015467,193.861322521152,194,0.990972258029051,"success",TRUE,TRUE,0.000507842839725055,9,5.70743472727971,2799.8329117096,10.3532036041825
2.8275,0.0835,10000,1,0.096147148560329,0.0190870422096984,190.870422096984,0.99997620037657,190.870422096984,191,0.995464534260422,"success",TRUE,TRUE,0.000481364462090794,10,5.43490057582169,2928.80104807265,10.0179853846796
2.92625,0.0835,10000,1,0.0859316912001085,0.0187834893867668,187.834893867668,0.999988075649921,187.834893867668,188,0.997760719756354,"success",TRUE,TRUE,0.00133974528825151,10,5.18814721841689,3053.33848472931,9.71670827680606
3.025,0.0835,10000,1,0.0768890567016032,0.0184782460214466,184.782460214466,0.999994115098229,184.782460214466,185,0.998911882398555,"success",TRUE,TRUE,0.00166948374719178,10,4.96376003094469,3173.20584692863,9.44468957510528
3.12375,0.0835,10000,1,0.0688712216437124,0.0181734478505288,181.734478505288,0.999997136464831,181.734478505288,182,0.999478971635584,"success",TRUE,TRUE,0.00366342531005226,10,4.75865510130474,3289.02775901341,9.1982151670531
3.2225,0.0835,10000,1,0.0617512317228206,0.0178707341044742,178.707341044742,0.999998624906008,178.707341044742,179,0.999753888296612,"success",TRUE,TRUE,0.0494797340902943,10,4.57067960120662,3400.08632182193,8.9742761345356
3.32125,0.0835,10000,1,0.0554164701507686,0.0175713551764401,175.713551764401,0.999999348131692,175.713551764401,176,0.999885277721522,"success",TRUE,TRUE,0.00255153270947373,11,4.39719915372721,3508.53236451004,8.76967110316093
3.42,0.0835,10000,1,0.0497731818048692,0.0172762559419993,172.762559419992,0.999999694690048,172.762559419992,173,0.999947182765161,"success",TRUE,TRUE,0.100619194075168,10,4.23733729922331,3611.68510769375,8.58234776283738
3.51875,0.0835,10000,1,0.0447389244388402,0.0169861406005004,169.861406005004,0.999999858645726,169.861406005004,170,0.999975970060472,"success",TRUE,TRUE,0.359719476859254,9,4.08895096288671,3712.04256799338,8.41030335003545
3.6175,0.0835,10000,1,0.040242386881476,0.016701523395878,167.01523395878,0.999999935270921,167.01523395878,167,0.999989190301811,"success",TRUE,TRUE,0.0680662374696854,11,3.95076654126903,3809.92272772257,8.25187589413404
3.71625,0.0835,10000,1,0.0362223055486176,0.0164227684772324,164.227684772324,0.999999970661663,164.227684772324,164,0.999995188524294,"success",TRUE,TRUE,0.474654879398116,11,3.82260337412092,3902.08163539545,8.10591075818996
3.815,0.0835,10000,1,0.0326239542365835,0.0161501213565133,161.501213565133,0.999999986833275,161.501213565133,162,0.999997866992876,"success",TRUE,TRUE,2.71495730559221,11,3.70209108564114,3994.14116173212,7.97104561797013
3.91375,0.0835,10000,1,0.0293988640564939,0.0158837338283029,158.837338283029,0.999999994148614,158.837338283029,159,0.999999069629979,"success",TRUE,TRUE,16.7777472090092,10,3.58979838261695,4080.8794267297,7.84578744719225
4.0125,0.0835,10000,1,0.026507211522408,0.0156236837763609,156.236837763609,0.999999997422335,156.236837763609,156,0.999999597884345,"success",TRUE,TRUE,24.5237459529294,11,3.48428606281977,4165.30084578776,7.72989361751213
4.11125,0.0835,10000,1,0.0239111705586432,0.0153699909618849,153.699909618849,0.999999998874511,153.699909618849,154,0.999999826674772,"success",TRUE,TRUE,25.8258278772407,11,3.38493700039617,4247.51511855818,7.62199732264954
4.21,0.0835,10000,1,0.0215789857163569,0.0151226296398689,151.226296398689,0.999999999512666,151.226296398689,151,0.999999926412643,"success",TRUE,TRUE,11.4307822603503,12,3.29117937945873,4327.7643598772,7.5215367687652
4.30875,0.0835,10000,1,0.0194823007012445,0.0148815386613267,148.815386613267,0.999999999790669,148.815386613267,149,0.999999968809616,"success",TRUE,TRUE,185.069819116868,12,3.20257046580546,4406.02565600394,7.42787576987214
4.4075,0.0835,10000,1,0.0175958767459369,0.0146466295751615,146.466295751615,0.99999999991078,146.466295751615,146,0.999999986973853,"success",TRUE,TRUE,621.959409225425,11,3.11943994739366,4478.99828743794,7.3403282618456
4.50625,0.0835,10000,1,0.0158978030780116,0.0144177931329003,144.177931329003,0.99999999996225,144.177931329003,144,0.999999994563996,"success",TRUE,TRUE,1728.67108098436,11,3.04009896894186,4552.49571154058,7.25856984960631
4.605,0.0835,10000,1,0.0143684072404239,0.0141949045141652,141.949045141652,0.999999999984138,141.949045141652,142,0.999999997747662,"success",TRUE,TRUE,5283.82025174052,11,2.965142538617,4622.53487340351,7.18218173688652
4.70375,0.0835,10000,1,0.0129898323093339,0.0139778275245161,139.778275245161,0.999999999993382,139.778275245161,140,0.999999999073474,"success",TRUE,TRUE,3004.26657676064,12,2.89356589508473,4692.24075355939,7.11044340293069
4.8025,0.0835,10000,1,0.0117467912572329,0.0137664179656559,137.664179656559,0.999999999997257,137.664179656559,138,0.999999999621416,"success",TRUE,TRUE,25269.7968314119,11,2.82610150692248,4757.11968200053,7.04319014878672
4.90125,0.0835,10000,1,0.0106255760512088,0.0135605263375278,135.605263375278,0.99999999999887,135.605263375278,136,0.999999999846292,"success",TRUE,TRUE,6946.44551835861,10,2.76127668798388,4822.92766513878,6.98025621609196
5,0.0835,10000,1,0.00961352201909602,0.01336,133.6,0.999999999999537,133.6,134,0.999999999937993,"success",TRUE,TRUE,78663.3683311313,11,2.6992016676534,4888.15980297655,6.92100231493819
1.05,0.09575,10000,1,NA,0.00434240362811792,NA,NA,43.4240362811792,NA,NA,"no_epidemic_peak",FALSE,FALSE,NA,NA,NA,NA,NA
1.14875,0.09575,10000,1,0.850253859822339,0.0107930629048701,107.930629048701,0.941106970209896,107.930629048701,108,0.00142236454590001,"success",TRUE,TRUE,1.13846658918073e-06,7,45.7172999993364,161.826260702581,62.7774478305693
1.2475,0.09575,10000,1,0.745506590287358,0.0152276496881539,152.276496881539,0.938855450944106,152.276496881539,152,6.83923111992933e-05,"success",TRUE,TRUE,4.60026280152973e-09,7,29.8562103471314,314.062973857222,41.662314599855
1.34625,0.09575,10000,1,0.649634680191919,0.0182926713617816,182.926713617816,0.945445960175225,182.926713617816,183,3.47950942294623e-05,"success",TRUE,TRUE,4.43662247724333e-09,7,22.5826746452877,486.862131302136,32.0449025651548
1.445,0.09575,10000,1,0.56539160986541,0.0204062451359538,204.062451359538,0.955047239779385,204.062451359538,204,8.41531088895272e-05,"success",TRUE,TRUE,1.10877866744163e-08,7,18.3147492807221,670.505545129182,26.4312939284799
1.54375,0.09575,10000,1,0.492503278176428,0.0218466127948336,218.466127948335,0.964936176120659,218.466127948335,218,0.000417534472894415,"success",TRUE,TRUE,1.36913491901453e-06,6,15.4775188464474,858.734542980388,22.7170231792264
1.6425,0.09575,10000,1,0.429792717422702,0.0228034815324488,228.034815324488,0.973818874388197,228.034815324488,228,0.00236062389158205,"success",TRUE,TRUE,4.83659413000354e-08,7,13.4418576221914,1047.53883975081,20.0640887457758
1.74125,0.09575,10000,1,0.375902556080758,0.0234089120610745,234.089120610745,0.981170442968536,234.089120610745,234,0.0117004596214952,"success",TRUE,TRUE,2.66916234842867e-07,7,11.9038390754822,1234.3047306903,18.0685800855303
1.84,0.09575,10000,1,0.32954518378878,0.0237564981096408,237.564981096408,0.986902728492385,237.564981096408,238,0.0433805667322058,"success",TRUE,TRUE,7.1296234686602e-06,6,10.6974638335057,1417.36854818901,16.5102877533341
1.93875,0.09575,10000,1,0.289586736714161,0.0239136082833354,239.136082833354,0.991161785824048,239.136082833354,239,0.119824970186147,"success",TRUE,TRUE,7.12472535155765e-06,7,9.72400542149431,1595.59438731401,15.2585033940194
2.0375,0.09575,10000,1,0.25505614024689,0.0239293913959878,239.293913959878,0.994198822654848,239.293913959878,239,0.248946162919469,"success",TRUE,TRUE,1.12401606202876e-05,8,8.92061010982239,1768.56530127087,14.2304315659556
2.13625,0.09575,10000,1,0.225130651640012,0.023840124957159,238.40124957159,0.996288244209183,238.40124957159,238,0.412697076934933,"success",TRUE,TRUE,6.22691705968065e-07,9,8.24545998287587,1936.01303710811,13.3707790085555
2.235,0.09575,10000,1,0.199122019704909,0.0236728575789879,236.728575789879,0.997680427798239,236.728575789879,237,0.576732238248409,"success",TRUE,TRUE,1.30683886949248e-06,9,7.66978773601435,2097.3973018707,12.6413047267631
2.33375,0.09575,10000,1,0.176456841040593,0.0234479323886899,234.479323886899,0.998581541704845,234.479323886899,234,0.717376213684807,"success",TRUE,TRUE,4.79009893962251e-05,8,7.17256637223228,2253.11929518105,12.0148347813819
2.4325,0.09575,10000,1,0.156650277520562,0.0231807623934621,231.807623934621,0.999149905860873,231.807623934621,232,0.820939620255455,"success",TRUE,TRUE,1.11817906455875e-05,8,6.73850688145439,2403.26011247084,11.4711120391727
2.53125,0.09575,10000,1,0.139295644668548,0.0228830970888584,228.830970888584,0.999500033655005,228.830970888584,229,0.891793278613378,"success",TRUE,TRUE,1.76252277007856e-05,9,6.35612316471917,2547.88578861915,10.9948536017798
2.63,0.09575,10000,1,0.124056561483435,0.022563937602105,225.63937602105,0.99971099500241,225.63937602105,226,0.936763369236495,"success",TRUE,TRUE,6.62737410599135e-05,9,6.01670762163807,2686.77225433759,10.574834408564
2.72875,0.09575,10000,1,0.110638885408576,0.0222302055465871,222.302055465871,0.999835679406486,222.302055465871,222,0.964175285732781,"success",TRUE,TRUE,0.000262769208606461,9,5.71306989447977,2820.76961095909,10.2013892803383
2.8275,0.09575,10000,1,0.0988055984996381,0.0218872370248937,218.872370248937,0.999907964089838,218.872370248937,219,0.98004499812841,"success",TRUE,TRUE,0.00101430957531712,9,5.43982499016161,2949.81672322807,9.86801980511757
2.92625,0.09575,10000,1,0.088344174997988,0.0215391510033883,215.391510033883,0.999949191412813,215.391510033883,215,0.989135327790471,"success",TRUE,TRUE,0.000210205583180338,10,5.19255266417459,3074.154788933,9.56838317383066
3.025,0.09575,10000,1,0.0790782080567146,0.0211891264257906,211.891264257906,0.999972331273424,211.891264257906,212,0.994151319330694,"success",TRUE,TRUE,0.00043408628913315,10,4.96782342471518,3193.49473034958,9.29776798514742
3.12375,0.09575,10000,1,0.0708590802511905,0.0208396123555465,208.396123555465,0.999985121335144,208.396123555465,208,0.996909998598528,"success",TRUE,TRUE,0.000402441111873368,10,4.76236140089133,3309.00518236365,9.0526729631417
3.2225,0.09575,10000,1,0.0635565409487587,0.0204924885090228,204.924885090228,0.999992093800503,204.924885090228,205,0.998380535446162,"success",TRUE,TRUE,0.0027192138512592,10,4.57401580873939,3419.94756400484,8.82988947107249
3.32125,0.09575,10000,1,0.0570565482125739,0.0201491887202891,201.491887202891,0.999995847093265,201.491887202891,201,0.999165612308084,"success",TRUE,TRUE,0.0180518567630056,10,4.40017034239474,3528.42203188852,8.62636665885392
3.42,0.09575,10000,1,0.0512631347346492,0.0198107964843884,198.107964843884,0.9999978422772,198.107964843884,198,0.999572861674284,"success",TRUE,TRUE,0.00165766693173305,11,4.24008356015786,3631.23206314121,8.43991777293528
3.51875,0.09575,10000,1,0.0460938264253878,0.0194781193113522,194.781193113522,0.999998890247325,194.781193113522,195,0.99978362152146,"success",TRUE,TRUE,0.0808157385666046,10,4.091472690081,3731.35400151615,8.26887936549514
3.6175,0.09575,10000,1,0.0414745199667415,0.0191517468880877,191.517468880877,0.99999943486774,191.517468880877,192,0.999891500461923,"success",TRUE,TRUE,0.0358466841645892,10,3.95321599388291,3828.52816753859,8.11129888863107
3.71625,0.09575,10000,1,0.0373428866374601,0.0188320967867665,188.320967867665,0.999999714859318,188.320967867665,188,0.99994639498095,"success",TRUE,TRUE,0.00636354505191572,11,3.8248076076213,3920.6912622503,7.96600673154442
3.815,0.09575,10000,1,0.0336430599839916,0.0185194505375587,185.194505375587,0.999999857410013,185.194505375587,185,0.999973621198444,"success",TRUE,TRUE,0.127163250289578,10,3.70420240702003,4012.26201995172,7.83163610068463
3.91375,0.09575,10000,1,0.0303263207418697,0.0182139822043114,182.139822043114,0.999999929308297,182.139822043114,182,0.999987134192316,"success",TRUE,TRUE,0.0526816190670383,11,3.59165580954368,4099.20275995041,7.7070007276594
4.0125,0.09575,10000,1,0.0273510635361797,0.0179157810968449,179.157810968449,0.999999965232567,179.157810968449,179,0.999993776648702,"success",TRUE,TRUE,1.42335373178332,10,3.48603372357856,4183.31540820288,7.59146069425341
4.11125,0.09575,10000,1,0.0246796081963609,0.0176248698754548,176.248698754548,0.999999983032467,176.248698754548,176,0.999997013718579,"success",TRUE,TRUE,0.657096772370121,11,3.38656913118743,4265.29975401314,7.48410051456911
4.21,0.09575,10000,1,0.0222787298815324,0.017341219018173,173.41219018173,0.999999991781462,173.41219018173,173,0.999998578193976,"success",TRUE,TRUE,3.15816008011757,11,3.29269149797137,4345.3910905041,7.3840531455748
4.30875,0.09575,10000,1,0.0201194646758014,0.0170647584050543,170.647584050543,0.999999996047823,170.647584050543,171,0.999999324177955,"success",TRUE,TRUE,7.69490082026681,11,3.20409413823621,4422.96829687176,7.29068387989873
4.4075,0.09575,10000,1,0.0181762649952998,0.0167953866086432,167.953866086432,0.999999998112492,167.953866086432,168,0.999999682898643,"success",TRUE,TRUE,2.83012325514463,11,3.12083045924614,4495.91039790349,7.2034674804181
4.50625,0.09575,10000,1,0.0164269362221349,0.0165329783529964,165.329783529964,0.999999999104205,165.329783529964,165,0.999999852193837,"success",TRUE,TRUE,6.23480346416292,10,3.04135706817953,4569.43262316741,7.12223655154766
4.605,0.09575,10000,1,0.0148501548556477,0.0162773905057643,162.773905057643,0.999999999577703,162.773905057643,163,0.999999931165613,"success",TRUE,TRUE,178.63507820785,12,2.96639238237066,4638.96100604937,7.04581243246682
4.70375,0.09575,10000,1,0.0134292005119326,0.0160284668918853,160.284668918853,0.999999999802053,160.284668918853,160,0.999999968328482,"success",TRUE,TRUE,397.171606146996,12,2.89467823883215,4708.78993059072,6.97458967782989
4.8025,0.09575,10000,1,0.0121471232161782,0.0157860421582222,157.860421582222,0.999999999907786,157.860421582222,158,0.999999985430116,"success",TRUE,TRUE,15.6546379697411,12,2.82719548353944,4773.25320063868,6.90745355762037
4.90125,0.09575,10000,1,0.0109903237026281,0.0155499448720753,155.499448720753,0.999999999957278,155.499448720753,155,0.999999993378083,"success",TRUE,TRUE,2040.3626667983,11,2.76235015431909,4838.68920185423,6.84453142746857
5,0.09575,10000,1,0.00994614019834932,0.01532,153.2,0.999999999980311,153.2,153,0.99999999698763,"success",TRUE,TRUE,3481.2112764079,12,2.70015040525084,4904.0817418993,6.78556673611079
1.05,0.108,10000,1,NA,0.00489795918367347,NA,NA,48.9795918367347,NA,NA,"no_epidemic_peak",FALSE,FALSE,NA,NA,NA,NA,NA
1.14875,0.108,10000,1,0.85356155231956,0.0121738986289919,121.738986289919,0.93673421181112,121.738986289919,122,0.000344507439884075,"success",TRUE,TRUE,8.7428645009725e-07,7,46.3868224893125,172.08164948633,63.05618297945
1.2475,0.108,10000,1,0.751265055894097,0.0171758346352023,171.758346352023,0.931782930969837,171.758346352023,172,5.2739630579493e-06,"success",TRUE,TRUE,2.81994763698639e-09,7,30.1139079634186,327.855725165334,41.5948260914136
1.34625,0.108,10000,1,0.656649208776631,0.0206329870190331,206.329870190331,0.936801369191967,206.329870190331,206,1.44340585746373e-06,"success",TRUE,TRUE,2.03576151416272e-09,7,22.7186166696339,503.183369716697,31.9053218472681
1.445,0.108,10000,1,0.572881073894375,0.0230169657930341,230.169657930341,0.945810694135985,230.169657930341,230,2.72251729829698e-06,"success",TRUE,TRUE,2.29747175889345e-09,7,18.3984325581125,688.658376986494,26.2726658819215
1.54375,0.108,10000,1,0.500003030791985,0.0246416102542248,246.416102542248,0.955878763829898,246.416102542248,246,1.51040029640035e-05,"success",TRUE,TRUE,1.47617568266312e-06,6,15.5341048201142,878.18992409306,22.5545089324788
1.6425,0.108,10000,1,0.437040920703318,0.0257208982298117,257.208982298117,0.965491676035705,257.208982298117,257,0.000120329802813622,"success",TRUE,TRUE,7.38962604890749e-08,7,13.4826120658482,1067.90650142648,19.9028571364279
1.74125,0.108,10000,1,0.382759764619048,0.0264037859278961,264.037859278961,0.973911438600343,264.037859278961,264,0.000931406356374665,"success",TRUE,TRUE,3.06012890916897e-07,6,11.9345515088644,1255.29837649191,17.9104363381712
1.84,0.108,10000,1,0.335943922096309,0.0267958412098299,267.958412098299,0.980861244315827,267.958412098299,268,0.00563417225156816,"success",TRUE,TRUE,6.4453763242218e-07,7,10.7214291279347,1438.7594076184,16.3557048601766
1.93875,0.108,10000,1,0.295504995932424,0.0269730516407334,269.730516407334,0.986336440500001,269.730516407334,270,0.0243652690677808,"success",TRUE,TRUE,1.3069602833766e-06,7,9.7430794198316,1617.4002926612,15.1075029620085
2.0375,0.108,10000,1,0.260496903206592,0.0269908540027852,269.908540027852,0.99048542500889,269.908540027852,270,0.0756805196387989,"success",TRUE,TRUE,3.23549817989388e-06,7,8.93622964058592,1790.47714793107,14.0827843787549
2.13625,0.108,10000,1,0.23011223112621,0.0268901670535057,268.901670535057,0.993525356857342,268.901670535057,269,0.174236477419465,"success",TRUE,TRUE,4.75226274528148e-06,8,8.25850715960398,1957.89441486022,13.2262238364665
2.235,0.108,10000,1,0.203668503759588,0.0267014999324355,267.014999324355,0.995687250196173,267.014999324355,267,0.315374507139359,"success",TRUE,TRUE,1.29555053969274e-05,8,7.68078213801352,2119.30409778392,12.4994427757245
2.33375,0.108,10000,1,0.180602167791465,0.0264477984123082,264.477984123082,0.99718293596557,264.477984123082,264,0.474850904854771,"success",TRUE,TRUE,1.03021286584002e-05,8,7.18196217956916,2274.96134706972,11.8756121759326
2.4325,0.108,10000,1,0.160422593760356,0.0261464473994142,261.464473994142,0.998193544818824,261.464473994142,261,0.623808920953581,"success",TRUE,TRUE,2.40519416090144e-06,9,6.74656165885701,2425.13238762159,11.3340944835269
2.53125,0.108,10000,1,0.142727181905404,0.0258106995884774,258.106995884774,0.99886123296364,258.106995884774,258,0.745299365487959,"success",TRUE,TRUE,3.55250300817568e-06,9,6.3632939150614,2569.24905859562,10.8599346731313
2.63,0.108,10000,1,0.127174371667363,0.0254507076869696,254.507076869696,0.999293465068715,254.507076869696,255,0.835078050870839,"success",TRUE,TRUE,4.58034374819496e-06,9,6.02298158427931,2708.05027683021,10.4415828493506
2.72875,0.108,10000,1,0.113475114509875,0.0250742788410591,250.742788410591,0.999568087283373,250.742788410591,251,0.89723854980728,"success",TRUE,TRUE,0.000106733836223044,8,5.7186517369589,2841.79112554119,10.0700458901565
2.8275,0.108,10000,1,0.101380937481399,0.0246874318400889,246.874318400889,0.999739648299991,246.874318400889,247,0.937709347039931,"success",TRUE,TRUE,1.52035351340604e-05,9,5.4447050883675,2970.9094082745,9.73790664956431
2.92625,0.108,10000,1,0.0906843638512636,0.0242948126200098,242.948126200098,0.999845102416788,242.948126200098,243,0.963056663605777,"success",TRUE,TRUE,5.3951886687627e-05,9,5.1969200169365,3095.04126684457,9.43956065370815
3.025,0.108,10000,1,0.0812069487468028,0.0239000068301346,239.000068301346,0.999908966169286,239.000068301346,239,0.978476923552991,"success",TRUE,TRUE,0.000141469623693241,9,4.97185269674637,3213.84779990618,9.17037343293047
3.12375,0.108,10000,1,0.0727941946649365,0.0235057768605642,235.057768605642,0.999947119952384,235.057768605642,235,0.98764975826428,"success",TRUE,TRUE,0.00024610195805963,9,4.76603760207429,3329.04142754015,8.92634242940704
3.2225,0.108,10000,1,0.0653137617207916,0.0231142429135714,231.142429135714,0.999969622867526,231.142429135714,231,0.993007339045101,"success",TRUE,TRUE,0.000446372459787348,9,4.57732596218172,3439.86285425308,8.70414974085931
3.32125,0.108,10000,1,0.0586542672778609,0.0227270222641381,227.270222641381,0.999982728737725,227.270222641381,227,0.996087065165272,"success",TRUE,TRUE,0.0033265591155569,9,4.40328109161314,3547.80227427357,8.50142260298989
3.42,0.108,10000,1,0.0527179680791151,0.0223453370267775,223.453370267775,0.999990274689644,223.453370267775,223,0.997833595294,"success",TRUE,TRUE,0.00866775942190071,9,4.24280988147818,3650.82493620333,8.31602578707578
3.51875,0.108,10000,1,0.0474165518026301,0.0219700980222041,219.700980222041,0.999994576296161,219.700980222041,220,0.998807493521283,"success",TRUE,TRUE,0.0155693317777021,10,4.09397668733755,3750.70788499915,8.14546573070413
3.6175,0.108,10000,1,0.042679022461423,0.0216019703802973,216.019703802973,0.999997001501488,216.019703802973,216,0.999352533047689,"success",TRUE,TRUE,0.00790735084418381,10,3.955648414245,3847.172985618,7.98867009468882
3.71625,0.108,10000,1,0.0384389323733311,0.0212414250963006,212.414250963006,0.999998356523712,212.414250963006,212,0.999651643430915,"success",TRUE,TRUE,0.00290090215589332,11,3.82699710201351,3939.33748305563,7.8438198153499
3.815,0.108,10000,1,0.034641191815526,0.020888779718604,208.88779718604,0.999999106376215,208.88779718604,209,0.999813249985516,"success",TRUE,TRUE,0.00420955167739423,11,3.70629985574068,4030.41691112631,7.70998667029417
3.91375,0.108,10000,1,0.0312358804506736,0.02054423058032,205.4423058032,0.999999517841651,205.4423058032,205,0.999901162399424,"success",TRUE,TRUE,0.00643770804043475,11,3.59350159977241,4117.5577770227,7.58597819908847
4.0125,0.108,10000,1,0.0281796780384281,0.020207878417329,202.07878417329,0.99999974176393,202.07878417329,202,0.999947837667677,"success",TRUE,TRUE,0.0113327474870855,11,3.48777069131574,4201.35956081989,7.47086242210948
4.11125,0.108,10000,1,0.0254342432735887,0.0198797487890248,198.797487890248,0.999999862677795,198.797487890248,199,0.999972673252635,"success",TRUE,TRUE,0.671155160634006,10,3.38819151761441,4283.11218515525,7.36373261272204
4.21,0.108,10000,1,0.0229664198264438,0.0195598083964771,195.598083964771,0.999999927464853,195.598083964771,196,0.999985783211667,"success",TRUE,TRUE,0.198498305142714,10,3.29419485904955,4363.04371672094,7.26401332644256
4.30875,0.108,10000,1,0.0207464957283048,0.0192479781487819,192.479781487819,0.999999961931955,192.479781487819,192,0.999992690961923,"success",TRUE,TRUE,0.0558864006787871,11,3.20560899075414,4439.93526808931,7.17105869955145
4.4075,0.108,10000,1,0.0187479642931416,0.018944143642125,189.44143642125,0.999999980146204,189.44143642125,189,0.999996247639528,"success",TRUE,TRUE,0.434117010239959,11,3.12221317504358,4512.84539867571,7.08417622862917
4.50625,0.108,10000,1,0.0169474752756764,0.0186481635730925,186.481635730925,0.999999989708677,186.481635730925,186,0.999998085815783,"success",TRUE,TRUE,1.62730554536382,11,3.04260836763597,4586.39102799681,7.00277385920622
4.605,0.108,10000,1,0.0153254362258557,0.0183598764973634,183.598764973634,0.999999994693834,183.598764973634,184,0.99999902366598,"success",TRUE,TRUE,2.39048853133298,11,2.96763549234799,4655.40741751494,6.92697980744616
4.70375,0.108,10000,1,0.0138620918435675,0.0180791062592544,180.791062592544,0.999999997280201,180.791062592544,181,0.999999507716492,"success",TRUE,TRUE,4.8156748429642,11,2.89578484650348,4725.35816938534,6.8555612487639
4.8025,0.108,10000,1,0.0125422066227258,0.0178056663507885,178.056663507885,0.999999998612915,178.056663507885,178,0.99999975309888,"success",TRUE,TRUE,69.5989365316523,11,2.82828388809935,4789.40469975915,6.78882219812618
4.90125,0.108,10000,1,0.0113508047430892,0.0175393634066228,175.393634066228,0.999999999296187,175.393634066228,175,0.999999876832731,"success",TRUE,TRUE,139.20405115945,12,2.76341821971769,4854.46770904648,6.72616110095087
5,0.108,10000,1,0.0102747892031431,0.01728,172.8,0.999999999644668,172.8,173,0.999999938527607,"success",TRUE,TRUE,165.540942047967,12,2.70119535221211,4919.52799119077,6.66716181997127
1.05,0.12025,10000,1,NA,0.00545351473922903,NA,NA,54.5351473922903,NA,NA,"no_epidemic_peak",FALSE,FALSE,NA,NA,NA,NA,NA
1.14875,0.12025,10000,1,0.856307454366375,0.0135547343531136,135.547343531136,0.932939457050229,135.547343531136,136,7.94457596912529e-05,"success",TRUE,TRUE,7.14528823745285e-07,7,47.0417568419232,182.502098326101,63.3891491952133
1.2475,0.12025,10000,1,0.756333633283305,0.0191240195822507,191.240195822507,0.925427100350405,191.240195822507,191,3.72702872279651e-07,"success",TRUE,TRUE,1.90082296978893e-09,7,30.3664404378127,341.797512004232,41.5682963556995
1.34625,0.12025,10000,1,0.662989330760137,0.0229733026762845,229.733026762845,0.928793283525897,229.733026762845,230,4.18201149935686e-08,"success",TRUE,TRUE,8.50078384595845e-07,6,22.8522075252759,519.637732090505,31.7998969788999
1.445,0.12025,10000,1,0.579760208050191,0.0256276864501143,256.276864501143,0.936988267750852,256.276864501143,256,5.80688429895478e-08,"success",TRUE,TRUE,1.01710840704405e-06,6,18.4809523964052,706.899095645497,26.1437864577028
1.54375,0.12025,10000,1,0.506971954867887,0.027436607713616,274.36607713616,0.946934090449413,274.36607713616,274,3.247969904573e-07,"success",TRUE,TRUE,6.76215643330251e-07,6,15.5899548024476,897.74235875219,22.4188140332974
1.6425,0.12025,10000,1,0.443832773241736,0.0286383149271746,286.383149271746,0.956960465302273,286.383149271746,286,3.43307209016696e-06,"success",TRUE,TRUE,5.52223238041352e-07,6,13.5228825935359,1088.36762265119,19.7661997126258
1.74125,0.12025,10000,1,0.389225670403237,0.0293986597947176,293.986597947176,0.966167804668239,293.986597947176,294,4.03137397029239e-05,"success",TRUE,TRUE,6.39965274260891e-07,6,11.9649052356199,1276.40241598953,17.7750718034063
1.84,0.12025,10000,1,0.342009965569475,0.0298351843100189,298.351843100189,0.974124945633028,298.351843100189,298,0.000404734450538841,"success",TRUE,TRUE,2.33611220228427e-06,6,10.7450480068102,1460.3480151596,16.2225677528827
1.93875,0.12025,10000,1,0.301139244101356,0.0300324949981314,300.324949981314,0.980694074955056,300.324949981314,300,0.00288446604676091,"success",TRUE,TRUE,3.9890899174444e-06,6,9.76206548091925,1639.158802052,14.9768115415294
2.0375,0.12025,10000,1,0.265691988075468,0.0300523166095826,300.523166095826,0.985918820040869,300.523166095826,301,0.0140019401641427,"success",TRUE,TRUE,6.46416015959161e-06,6,8.95166739126014,1812.52523953201,13.9543792529477
2.13625,0.12025,10000,1,0.234882087102753,0.0299402091498524,299.402091498524,0.989942180778322,299.402091498524,299,0.0486787103718568,"success",TRUE,TRUE,4.19561127774289e-06,7,8.2714804403439,1979.77615361533,13.1000675965574
2.235,0.12025,10000,1,0.208041462561188,0.029730142285883,297.30142285883,0.992953306117908,297.30142285883,297,0.122422535959466,"success",TRUE,TRUE,7.21978577921968e-06,8,7.69164490071043,2141.35415677024,12.3757705237833
2.33375,0.12025,10000,1,0.184591942981811,0.0294476644359264,294.476644359264,0.995152044623685,294.476644359264,294,0.239604656084379,"success",TRUE,TRUE,4.99456461357254e-06,8,7.19125162940035,2296.93122529097,11.7536025885343
2.4325,0.12025,10000,1,0.164063817917914,0.0291121324053663,291.121324053663,0.996719924498963,291.121324053663,291,0.384400299927111,"success",TRUE,TRUE,2.19680366196179e-05,8,6.75466144773146,2446.82438261378,11.2139938358708
2.53125,0.12025,10000,1,0.146045113291752,0.0287383020880963,287.383020880963,0.997815467233154,287.383020880963,287,0.533846619134848,"success",TRUE,TRUE,3.06726029588526e-06,9,6.37039092499688,2590.71538700353,10.7414501809511
2.63,0.12025,10000,1,0.130197177269714,0.0283374777718342,283.374777718342,0.998566148223087,283.374777718342,283,0.666262697530927,"success",TRUE,TRUE,5.28531947305554e-06,9,6.02919406477174,2729.42133877075,10.3246595618603
2.72875,0.12025,10000,1,0.116223938357292,0.0279183521355311,279.183521355311,0.999071837623831,279.183521355311,279,0.771763166955579,"success",TRUE,TRUE,7.66791595040479e-06,9,5.7241811274514,2862.89693098454,9.95420063728506
2.8275,0.12025,10000,1,0.103884760792276,0.0274876266552842,274.876266552842,0.999406738249413,274.876266552842,275,0.849425198768152,"success",TRUE,TRUE,9.35966783080586e-06,9,5.44954156805578,2992.07860508361,9.62344396977585
2.92625,0.12025,10000,1,0.0929630447426895,0.0270504742366313,270.504742366313,0.999625391652402,270.504742366313,271,0.903446954446768,"success",TRUE,TRUE,9.82426764221879e-06,9,5.20130561595276,3115.83185497817,9.32618118709806
3.025,0.12025,10000,1,0.0832790283321455,0.0266108872344785,266.108872344785,0.999766152204315,266.108872344785,266,0.939684791764222,"success",TRUE,TRUE,1.10250411942616e-05,9,4.97584833789781,3234.26471140281,9.0577693532413
3.12375,0.12025,10000,1,0.0746805610900017,0.0261719413655818,261.719413655818,0.999855558553101,261.719413655818,262,0.962860832228558,"success",TRUE,TRUE,3.92308313113786e-05,9,4.76968413092672,3349.13619446756,8.81466316557829
3.2225,0.12025,10000,1,0.0670312815822891,0.02573599731812,257.3599731812,0.999911692433091,257.3599731812,257,0.977559570954396,"success",TRUE,TRUE,0.000180113896092991,9,4.5806104178724,3459.83191542569,8.5933299746763
3.32125,0.12025,10000,1,0.060218369661605,0.025304855807987,253.048558079871,0.999946521434646,253.048558079871,253,0.986560686105728,"success",TRUE,TRUE,0.000710026867197629,9,4.40636823633147,3567.23203313799,8.39137744742536
3.42,0.12025,10000,1,0.0541409289717642,0.0248798775691666,248.798775691666,0.999967908173766,248.798775691666,249,0.992040850152569,"success",TRUE,TRUE,0.00240504277795392,9,4.24551651519707,3670.46348565365,8.2063800423364
3.51875,0.12025,10000,1,0.0487136982100581,0.0244620767330559,244.620767330559,0.999980905524129,244.620767330559,245,0.995332734440166,"success",TRUE,TRUE,0.00229388590529726,10,4.09646317457637,3770.10401037399,8.03661284454085
3.6175,0.12025,10000,1,0.0438604334990269,0.024052193872507,240.52193872507,0.999988732058096,240.52193872507,241,0.997288094578899,"success",TRUE,TRUE,0.00200223037001728,10,3.95806400814456,3865.85702214883,7.88027133716253
3.71625,0.12025,10000,1,0.0395154557832549,0.0236507534058347,236.507534058347,0.999993402778591,236.507534058347,237,0.99843767507066,"success",TRUE,TRUE,0.00667570314394804,10,3.82917202977959,3958.02014059922,7.73591051229028
3.815,0.12025,10000,1,0.0356213146130656,0.0232581088996494,232.581088996494,0.999996166508493,232.581088996494,233,0.999107193555973,"success",TRUE,TRUE,0.00235427016873958,11,3.70838359029301,4048.60570419813,7.60225833361274
3.91375,0.12025,10000,1,0.032129904914366,0.0228744789563285,228.744789563285,0.999997787450154,228.744789563285,229,0.99949345386258,"success",TRUE,TRUE,0.00343423438392387,11,3.5953358816795,4135.94434132276,7.478786601554
4.0125,0.12025,10000,1,0.0289944037432012,0.0224999757378131,224.999757378131,0.999998731926417,224.999757378131,225,0.999714723961967,"success",TRUE,TRUE,0.00482677633512929,11,3.48949707032874,4219.43320398089,7.36390387261595
4.11125,0.12025,10000,1,0.0261769614594524,0.0221346277025947,221.346277025947,0.999999277956029,221.346277025947,221,0.999840440955686,"success",TRUE,TRUE,0.0821895089223554,10,3.38980429601299,4300.95195515021,7.25702602486055
4.21,0.12025,10000,1,0.0236437443335855,0.0217783977747812,217.783977747812,0.999999591375022,217.783977747812,218,0.999910923704108,"success",TRUE,TRUE,0.0100380544200049,11,3.29568955183889,4380.7221355903,7.15757175119149
4.30875,0.12025,10000,1,0.0213643806587494,0.0214311978925095,214.311978925095,0.999999770100981,214.311978925095,214,0.999950802814419,"success",TRUE,TRUE,0.0146614067136657,11,3.20711509000619,4456.92656289182,7.06489050794959
4.4075,0.12025,10000,1,0.0193117448788987,0.0210929006756068,210.929006756068,0.999999871395551,210.929006756068,211,0.999972864827686,"success",TRUE,TRUE,0.0179305295149099,11,3.12358818023059,4529.80318675087,6.97828603663739
4.50625,0.12025,10000,1,0.0174616973496992,0.0207633487931887,207.633487931887,0.999999928468893,207.633487931887,208,0.999985121639842,"success",TRUE,TRUE,0.0326927783686415,11,3.04385294154222,4603.37084448815,6.89703786690827
4.605,0.12025,10000,1,0.0157946364387197,0.0204423624889625,204.423624889625,0.999999960406059,204.423624889625,204,0.999991922868448,"success",TRUE,TRUE,0.152501062499883,11,2.96887196291262,4671.87400747618,6.82139196949701
4.70375,0.12025,10000,1,0.0142899966563697,0.0201297456266235,201.297456266235,0.999999978204384,201.297456266235,201,0.999995619090647,"success",TRUE,TRUE,0.528288719841044,11,2.89688579645093,4741.9453609765,6.75000475089338
4.8025,0.12025,10000,1,0.012932962644471,0.0198252905433548,198.252905433548,0.999999988053943,198.252905433548,198,0.999997634683557,"success",TRUE,TRUE,0.85771821693595,11,2.82936673746715,4805.5742440901,6.68355635920575
4.90125,0.12025,10000,1,0.0117073329324757,0.0195287819411703,195.287819411703,0.999999993484331,195.287819411703,195,0.999998729445412,"success",TRUE,TRUE,0.663846875010677,11,2.76448090785693,4870.26316298135,6.62093775252038
5,0.12025,10000,1,0.0106001120969014,0.01924,192.4,0.999999996462446,192.4,192,0.999999320789941,"success",TRUE,TRUE,12.8906543156087,11,2.70223511031307,4934.9903046511,6.56198604655009
1.05,0.1325,10000,1,NA,0.00600907029478459,NA,NA,60.0907029478459,NA,NA,"no_epidemic_peak",FALSE,FALSE,NA,NA,NA,NA,NA
1.14875,0.1325,10000,1,0.858599325749525,0.0149355700772354,149.355700772354,0.929616718532362,149.355700772354,149,1.89358548559826e-05,"success",TRUE,TRUE,6.09162996537295e-07,7,47.6841794293452,193.081460746713,63.7649723530146
1.2475,0.1325,10000,1,0.760818779999493,0.0210722045292991,210.722045292991,0.919695966332307,210.722045292991,211,2.13276716002376e-08,"success",TRUE,TRUE,1.36026477389373e-09,7,30.6142169859018,355.883883772321,41.573715769132
1.34625,0.1325,10000,1,0.668749147142216,0.0253136183335359,253.136183335359,0.921386697909181,253.136183335359,253,1.00881219504693e-09,"success",TRUE,TRUE,4.20519453209504e-07,6,22.9836710081262,536.207850308584,31.7214486005336
1.445,0.1325,10000,1,0.586108281301398,0.0282384071071946,282.384071071946,0.928624196494556,282.384071071946,282,8.52861977103384e-10,"success",TRUE,TRUE,3.93423022432412e-07,6,18.5622511429216,725.262076764436,26.0385349123317
1.54375,0.1325,10000,1,0.513468867892901,0.0302316051730073,302.316051730073,0.938230190103103,302.316051730073,302,4.33950145995783e-09,"success",TRUE,TRUE,2.86054278013457e-07,6,15.645098107549,917.389220971967,22.3042176258946
1.6425,0.1325,10000,1,0.450214246367656,0.0315557316245375,315.557316245375,0.948417245494737,315.557316245375,316,5.39291756958005e-08,"success",TRUE,TRUE,1.04409869211715e-07,6,13.5626797395132,1108.92324348242,19.6488474146681
1.74125,0.1325,10000,1,0.395339914499445,0.0323935336615392,323.935336615392,0.958163631738102,323.935336615392,324,9.69297700267571e-07,"success",TRUE,TRUE,2.69477136729222e-07,6,11.9949146790615,1297.60697291149,17.6577132529706
1.84,0.1325,10000,1,0.347773698936782,0.0328745274102079,328.745274102079,0.966917684879784,328.745274102079,329,1.56007925385256e-05,"success",TRUE,TRUE,5.84716705838428e-07,6,10.7685527354337,1481.88095011381,16.1063155761253
1.93875,0.1325,10000,1,0.306515958507613,0.0330919383555294,330.919383555294,0.974427126105712,330.919383555294,331,0.000188816494455337,"success",TRUE,TRUE,9.7143092704817e-07,6,9.78088488783982,1660.97521022309,14.862180739437
2.0375,0.1325,10000,1,0.270671958121872,0.03311377921638,331.1377921638,0.980638743961744,331.1377921638,331,0.00154701599708215,"success",TRUE,TRUE,2.85764673283243e-06,6,8.96714774812971,1834.36868368876,13.841557535356
2.13625,0.1325,10000,1,0.239471356225262,0.0329902512461991,329.902512461991,0.98561984943876,329.902512461991,330,0.00839683444091479,"success",TRUE,TRUE,1.58552110207378e-06,7,8.2842894730939,2001.81776042796,12.9890473906365
2.235,0.1325,10000,1,0.212251708150059,0.0327587846393306,327.587846393306,0.989508069939952,327.587846393306,328,0.0314444256942784,"success",TRUE,TRUE,4.38394819610023e-06,7,7.70243502141375,2163.43939765888,12.2662642187707
2.33375,0.1325,10000,1,0.18844747701504,0.0324475304595447,324.475304595447,0.992471622938698,324.475304595447,324,0.0864298568069677,"success",TRUE,TRUE,9.91821543251507e-06,7,7.20044830133476,2319.00398127045,11.6456662104564
2.4325,0.1325,10000,1,0.167586938720356,0.0320778174113183,320.778174113183,0.994680874143935,320.778174113183,321,0.180505034477001,"success",TRUE,TRUE,3.33169789948776e-06,8,6.76277292194107,2468.40758502137,11.1074037859537
2.53125,0.1325,10000,1,0.149263174703003,0.0316659045877153,316.659045877153,0.99629585547502,316.659045877153,317,0.308388807976826,"success",TRUE,TRUE,4.76008841922019e-06,8,6.37741548903868,2612.28406142437,10.6362571688764
2.63,0.1325,10000,1,0.133131991676747,0.0312242478566988,312.242478566988,0.997455315711522,312.242478566988,312,0.451602288035034,"success",TRUE,TRUE,7.75349613088951e-06,8,6.03534610236346,2750.88481196014,10.2205877426489
2.72875,0.1325,10000,1,0.118898837412324,0.0307624254300031,307.624254300031,0.998274206651948,307.624254300031,308,0.587426852295046,"success",TRUE,TRUE,1.30053162460788e-05,8,5.72965891765512,2884.0864966829,9.85115492756166
2.8275,0.1325,10000,1,0.106323361424423,0.0302878214704795,302.878214704795,0.998843176685957,302.878214704795,303,0.704180640557547,"success",TRUE,TRUE,2.12871306660683e-05,8,5.45451413183657,3012.81341687107,9.52140250581088
2.92625,0.1325,10000,1,0.0951852065034622,0.0298061358532528,298.061358532528,0.9992333192431,298.061358532528,298,0.795679754581033,"success",TRUE,TRUE,3.39170846639161e-05,8,5.2057895066671,3136.28547001183,9.22501349419086
3.025,0.1325,10000,1,0.0853035945414008,0.0293217676388225,293.217676388225,0.999497273897174,293.217676388225,293,0.863004144044564,"success",TRUE,TRUE,5.47473690049247e-05,8,4.97981083789793,3254.74511193921,8.95738118018535
3.12375,0.1325,10000,1,0.0765254255522027,0.0288381058705995,288.381058705995,0.999673576796641,288.381058705995,288,0.910259796632878,"success",TRUE,TRUE,9.67504934281105e-05,8,4.77330140464507,3369.28918182011,8.71498897637757
3.2225,0.1325,10000,1,0.0687121573147506,0.0283577517226686,283.577517226686,0.999790067546439,283.577517226686,284,0.942115805808409,"success",TRUE,TRUE,0.000195313898005875,7,4.58386952501163,3479.85446974997,8.49427605709412
3.32125,0.1325,10000,1,0.0617501711402283,0.027882689351836,278.82689351836,0.999866171246193,278.82689351836,279,0.963347846584131,"success",TRUE,TRUE,0.000503102112360876,8,4.40943209773292,3586.71108107128,8.29288924540903
3.42,0.1325,10000,1,0.0555374192136517,0.0274144181115557,274.144181115557,0.999915403745517,274.144181115557,274,0.977086246245762,"success",TRUE,TRUE,0.000153647656685139,9,4.24820371893367,3690.1474706959,8.10845740116104
3.51875,0.1325,10000,1,0.0499864318079056,0.0269540554439078,269.540554439078,0.999946950781331,269.540554439078,270,0.985778426729767,"success",TRUE,TRUE,0.000307124392841517,9,4.09893236775891,3789.54216971732,7.93909590678024
3.6175,0.1325,10000,1,0.0450209190841469,0.0265024173647166,265.024173647166,0.999966985263645,265.024173647166,265,0.99128911200183,"success",TRUE,TRUE,0.000378355577344584,9,3.9604629777421,3884.58011717002,7.78317917865439
3.71625,0.1325,10000,1,0.0405735678125404,0.0260600817153688,260.600817153688,0.999979603828317,260.600817153688,261,0.994690689378205,"success",TRUE,TRUE,0.00178971271849876,9,3.83133256047322,3976.73907778249,7.63917128564667
3.815,0.1325,10000,1,0.036586730368068,0.0256274380806948,256.274380806948,0.999987486352139,256.274380806948,256,0.996801611879366,"success",TRUE,TRUE,0.00120063749078071,10,3.71045376577804,4066.8282709877,7.505952938248
3.91375,0.1325,10000,1,0.0330102751664547,0.025204727332337,252.04727332337,0.999992371551329,252.04727332337,252,0.998079470184517,"success",TRUE,TRUE,0.0040820132265297,10,3.5971587815998,4154.36231651699,7.38269171002246
4.0125,0.1325,10000,1,0.0297977595641,0.0247920730582972,247.920730582972,0.999995379294922,247.920730582972,248,0.998854718828732,"success",TRUE,TRUE,0.019921309365397,10,3.49121297666536,4237.53621511163,7.26812637396159
4.11125,0.1325,10000,1,0.0269100409681049,0.0243895066161646,243.895066161646,0.999997218080775,243.895066161646,244,0.99932144109034,"success",TRUE,TRUE,0.0198137993344853,10,3.39140752951964,4318.8192996686,7.16151243162549
4.21,0.1325,10000,1,0.0243127279409213,0.0239969871530853,239.969871530853,0.999998334636277,239.969871530853,240,0.999600392238117,"success",TRUE,TRUE,0.0057337855603459,11,3.29717566418281,4398.42624446577,7.06226694201598
4.30875,0.1325,10000,1,0.0219748871658237,0.023614417636237,236.14417636237,0.99999900847808,236.14417636237,236,0.999766028086463,"success",TRUE,TRUE,0.00765235969100964,11,3.20861258081317,4473.94194899394,6.96973986702466
4.4075,0.1325,10000,1,0.0198688544206628,0.0232416577090885,232.416577090885,0.999999412818264,232.416577090885,232,0.999863783075696,"success",TRUE,TRUE,0.0100612233954718,11,3.12495554888041,4546.7836856655,6.88323706956699
4.50625,0.1325,10000,1,0.0179702152450081,0.0228785340132848,228.785340132848,0.99999965408837,228.785340132848,229,0.999920789360306,"success",TRUE,TRUE,0.0133936441248927,11,3.04509085935361,4620.37191662126,6.80213768750834
4.605,0.1325,10000,1,0.0162589855654132,0.0225248484805615,225.248484805615,0.999999797125143,225.248484805615,225,0.999954354194441,"success",TRUE,TRUE,0.422913339416503,10,2.97010185035198,4688.3607191726,6.72663888169126
4.70375,0.1325,10000,1,0.0147140894729957,0.0221803849939927,221.803849939927,0.999999881615361,221.803849939927,222,0.999973718953993,"success",TRUE,TRUE,0.0317988507238915,11,2.89798112259664,4758.55144688117,6.65546524610232
4.8025,0.1325,10000,1,0.013319940967636,0.021844914735921,218.44914735921,0.999999931210514,218.44914735921,218,0.99998500400393,"success",TRUE,TRUE,0.0741320505425023,11,2.83044411800455,4821.76164021749,6.58893959751125
4.90125,0.1325,10000,1,0.0120607922978613,0.0215182004757178,215.182004757178,0.999999960200763,215.182004757178,215,0.999991443200385,"success",TRUE,TRUE,0.200273545962432,10,2.76553828339147,4886.07557587058,6.52646316504562
5,0.1325,10000,1,0.0109229267654787,0.0212,212,0.999999977071434,212,212,0.999995139155851,"success",TRUE,TRUE,0.143171360401524,11,2.70326974763778,4950.46855251784,6.46762444386275
1.05,0.14475,10000,1,NA,0.00656462585034014,NA,NA,65.6462585034014,NA,NA,"no_epidemic_peak",FALSE,FALSE,NA,NA,NA,NA,NA
1.14875,0.14475,10000,1,0.860520106084646,0.0163164058013572,163.164058013572,0.926683460711366,163.164058013572,163,4.07211595161355e-06,"success",TRUE,TRUE,5.3533136606132e-07,7,48.3158913369909,203.814732809651,64.1758471413601
1.2475,0.14475,10000,1,0.764805372548978,0.0230203894763475,230.203894763475,0.914508716254756,230.203894763475,230,1.18360093412506e-09,"success",TRUE,TRUE,1.02588912291789e-09,7,30.8576039289582,370.111287770875,41.6046538011448
1.34625,0.14475,10000,1,0.674000787928944,0.0276539339907874,276.539339907874,0.914537319979408,276.539339907874,277,1.78976842773165e-11,"success",TRUE,TRUE,2.54502119415153e-07,6,23.1130386209585,552.905608674669,31.6645641161078
1.445,0.14475,10000,1,0.591985193933048,0.0308491277642749,308.491277642749,0.920728836386157,308.491277642749,308,8.96556124982548e-12,"success",TRUE,TRUE,1.84513564524861e-07,6,18.642424925011,743.730952219981,25.95227195978
1.54375,0.14475,10000,1,0.519549760474121,0.0330266026323985,330.266026323985,0.92983504216329,330.266026323985,330,3.74929855220796e-11,"success",TRUE,TRUE,1.26694786350718e-07,6,15.6995625747061,937.128139068556,22.2068872606014
1.6425,0.14475,10000,1,0.456234174619488,0.0344731483219004,344.731483219004,0.939983910154341,344.731483219004,345,5.32776209800373e-10,"success",TRUE,TRUE,1.72610936495727e-08,6,13.6020129058033,1129.57453592128,19.5473971836986
1.74125,0.14475,10000,1,0.401141350658886,0.0353884075283607,353.884075283607,0.950060434478618,353.884075283607,354,1.33025893290427e-08,"success",TRUE,TRUE,8.83467028366634e-08,6,12.0247103246312,1318.80437068835,17.5551326953698
1.84,0.14475,10000,1,0.353269589668749,0.035913870510397,359.13870510397,0.959416629706468,359.13870510397,359,3.4721608529736e-07,"success",TRUE,TRUE,1.18499854801554e-07,6,10.7917576308255,1503.56764117182,16.0040039443619
1.93875,0.14475,10000,1,0.31166305836929,0.0361513817129275,361.513817129275,0.96770670960217,361.513817129275,362,6.90618666549257e-06,"success",TRUE,TRUE,1.05030266301672e-07,6,9.79943261135568,1682.99458619096,14.7607754729345
2.0375,0.14475,10000,1,0.275454224568367,0.0361752418231774,361.752418231774,0.974792369199935,361.752418231774,362,9.68696508226574e-05,"success",TRUE,TRUE,2.05791393266758e-07,6,8.98241997622594,1856.39111308248,13.7413265641172
2.13625,0.14475,10000,1,0.243889647891619,0.0360402933425458,360.402933425458,0.980668593509006,360.402933425458,360,0.000887188931090846,"success",TRUE,TRUE,5.99737667045935e-07,6,8.29693763483556,2024.01771954819,12.8900567164069
2.235,0.14475,10000,1,0.216318365307945,0.0357874269927781,357.874269927781,0.985416828588418,357.874269927781,358,0.00519937272269487,"success",TRUE,TRUE,3.46840140789603e-06,6,7.71329296561616,2185.29264217401,12.1685340409031
2.33375,0.14475,10000,1,0.192178235194158,0.035447396483163,354.47396483163,0.989167759791682,354.47396483163,354,0.0211623214462795,"success",TRUE,TRUE,2.05909599128205e-06,7,7.2097706382177,2340.72703954192,11.5490740917902
2.4325,0.14475,10000,1,0.171005753598194,0.0350435024172704,350.435024172704,0.99206766679913,350.435024172704,350,0.0615819461378264,"success",TRUE,TRUE,5.4953701794556e-06,7,6.77079783936114,2490.10370944572,11.0120150668656
2.53125,0.14475,10000,1,0.152388444761828,0.0345935070873343,345.935070873343,0.994269481823742,345.935070873343,346,0.136905796616885,"success",TRUE,TRUE,1.49497258866851e-05,7,6.38436886805324,2633.9543595959,10.5418082711928
2.63,0.14475,10000,1,0.135988518371201,0.0341110179415634,341.110179415634,0.995911813430214,341.110179415634,341,0.247355421522255,"success",TRUE,TRUE,8.93350111184015e-07,8,6.04143870843449,2772.44006202797,10.1271412229515
2.72875,0.14475,10000,1,0.12150827771617,0.0336064987244751,336.064987244751,0.997118197762567,336.064987244751,336,0.379203058948425,"success",TRUE,TRUE,2.76489390584399e-06,8,5.7350859388415,2905.35928800538,9.75867194729491
2.8275,0.14475,10000,1,0.108703669558231,0.0330880162856748,330.880162856748,0.997990888917699,330.880162856748,331,0.513921520183833,"success",TRUE,TRUE,6.43050199547461e-06,8,5.45946090638391,3033.57018649603,9.42959900483911
2.92625,0.14475,10000,1,0.0973566729596046,0.0325617974698743,325.617974698743,0.998614028141943,325.617974698743,326,0.636264943238256,"success",TRUE,TRUE,1.22629135082173e-05,8,5.21023470933187,3156.80813649652,9.13389642680228
3.025,0.14475,10000,1,0.0872857762237434,0.0320326480431665,320.326480431664,0.999053288967686,320.326480431665,320,0.738531870074995,"success",TRUE,TRUE,1.99001146011773e-05,8,4.98374067051216,3275.28866365813,8.86702976664183
3.12375,0.14475,10000,1,0.0783330733306444,0.0315042703756172,315.042703756172,0.999359328724973,315.042703756172,315,0.817196150490565,"success",TRUE,TRUE,2.78401938750891e-05,8,4.77688983179641,3389.50008706111,8.62516554821784
3.2225,0.14475,10000,1,0.0703604716019816,0.0309795061272172,309.795061272172,0.99957030195298,309.795061272172,310,0.875259362692455,"success",TRUE,TRUE,3.34099514995856e-05,8,4.5871036258516,3499.93023884384,8.40492379698677
3.32125,0.14475,10000,1,0.0632535235104746,0.030460522895685,304.60522895685,0.999714165644707,304.60522895685,305,0.916501165347261,"success",TRUE,TRUE,3.35304350287391e-05,8,4.41247297376753,3606.23921092546,8.20397207737847
3.42,0.14475,10000,1,0.0569101427413703,0.0299489586539448,299.489586539448,0.999811332278072,299.489586539448,299,0.945144955626247,"success",TRUE,TRUE,2.71142447699213e-05,8,4.25092595463667,3709.68245204217,8.02011698285919
3.51875,0.14475,10000,1,0.0512370813543299,0.0294460341547596,294.460341547596,0.999876438242148,294.460341547596,294,0.964322592028602,"success",TRUE,TRUE,3.45739907130493e-05,8,4.10147561399416,3808.68583273016,7.8508731311522
3.6175,0.14475,10000,1,0.0461622889079832,0.0289526408569263,289.526408569263,0.999919632322866,289.526408569263,290,0.976961960239703,"success",TRUE,TRUE,0.000173270090356725,8,3.96284550842375,3903.34214019469,7.69531154078862
3.71625,0.14475,10000,1,0.0416151596040543,0.0284694100249029,284.694100249029,0.999948085637116,284.694100249029,285,0.985312945120441,"success",TRUE,TRUE,0.000684675770554755,8,3.83347886078493,3995.49413761564,7.55160379636834
3.815,0.14475,10000,1,0.037538921196085,0.0279967672617402,279.967672617402,0.99996667330704,279.967672617402,280,0.990711775012482,"success",TRUE,TRUE,0.00217005047859153,8,3.7125105348847,4085.08448279438,7.41894714440946
3.91375,0.14475,10000,1,0.0338781224846972,0.0275349757083455,275.349757083455,0.999978744109443,275.349757083455,275,0.994171619269254,"success",TRUE,TRUE,0.00238958665488057,9,3.59897042386883,4172.8115665552,7.29562580604466
4.0125,0.14475,10000,1,0.0305907897138776,0.0270841703787813,270.841703787813,0.999986518446338,270.841703787813,271,0.996353140334366,"success",TRUE,TRUE,0.00650098641656401,9,3.49291852337617,4255.66846686531,7.18143849654993
4.11125,0.14475,10000,1,0.0276344147733167,0.0266443855297346,266.443855297346,0.999991498325475,266.443855297346,266,0.99774110012608,"success",TRUE,TRUE,0.00568854383982251,9,3.39300133020222,4336.71399355161,7.07509153690712
4.21,0.14475,10000,1,0.0249741762467937,0.0262155765313895,262.155765313895,0.999994667526829,262.155765313895,262,0.998603863810411,"success",TRUE,TRUE,0.0119496729630284,10,3.29865328223418,4416.15594706466,6.9760037079282
4.30875,0.14475,10000,1,0.0225786847490972,0.0257976373799646,257.976373799646,0.999996672588127,257.976373799646,258,0.999141894691511,"success",TRUE,TRUE,0.023906012630754,10,3.21010152976653,4490.9813308403,6.88352960384251
4.4075,0.14475,10000,1,0.0204198229049927,0.0253904147425703,253.904147425703,0.999997934231789,253.904147425703,254,0.999475431966379,"success",TRUE,TRUE,0.038792867160255,10,3.12631535494924,4563.78681470922,6.79698185145025
4.50625,0.14475,10000,1,0.0184744630336254,0.024993719233381,249.93719233381,0.999998723115146,249.93719233381,250,0.999680829528524,"success",TRUE,TRUE,0.0320356809357493,10,3.04632217970188,4637.39420578397,6.7163881103935
4.605,0.14475,10000,1,0.0167189048986803,0.0246073344721606,246.073344721606,0.999999214496333,246.073344721606,246,0.999806784690453,"success",TRUE,TRUE,0.123729332602526,9,2.97132521522301,4704.86748759033,6.64066658472133
4.70375,0.14475,10000,1,0.0151347968069638,0.0242310243613618,242.310243613618,0.999999518801933,242.310243613618,242,0.999883556819814,"success",TRUE,TRUE,0.0142348059216608,11,2.89907087981686,4775.17635978214,6.56985006165249
4.8025,0.14475,10000,1,0.0137037108648256,0.0238645389284873,238.645389284873,0.999999706535433,238.645389284873,239,0.999929864417735,"success",TRUE,TRUE,0.0192303043915274,11,2.83151606394033,4837.96687826641,6.50308945423045
4.90125,0.14475,10000,1,0.0124114649141575,0.0235076190102653,235.076190102653,0.999999821691848,235.076190102653,235,0.999958098458485,"success",TRUE,TRUE,0.0286899071326445,11,2.76659037390062,4901.90489445915,6.44069175576141
5,0.14475,10000,1,0.0112434979161435,0.02316,231.6,0.999999892081097,231.6,232,0.999974963126572,"success",TRUE,TRUE,0.0431547055178534,11,2.70429924266039,4965.9628465531,6.38201661506516
1.05,0.157,10000,1,NA,0.0071201814058957,NA,NA,71.201814058957,NA,NA,"no_epidemic_peak",FALSE,FALSE,NA,NA,NA,NA,NA
1.14875,0.157,10000,1,0.862134767830174,0.0176972415254789,176.972415254789,0.924074716134951,176.972415254789,177,8.51440878421684e-07,"success",TRUE,TRUE,4.8122274395464e-07,7,48.9385439614327,214.69707085927,64.6162846156701
1.2475,0.157,10000,1,0.768362681816573,0.0249685744233959,249.685744233959,0.909795590044564,249.685744233959,250,5.44448552357571e-11,"success",TRUE,TRUE,8.10963213206363e-10,7,31.0969492859706,384.475879929408,41.6564474410876
1.34625,0.157,10000,1,0.678806605720637,0.0299942496480388,299.942496480388,0.908196685104707,299.942496480388,300,2.84428899625811e-13,"success",TRUE,TRUE,1.75022859987657e-07,6,23.2404556185651,569.723594806086,31.6254048754629
1.445,0.157,10000,1,0.597445822262962,0.0334598484213551,334.598484213551,0.913290312041455,334.598484213551,335,6.36744221613243e-14,"success",TRUE,TRUE,1.00939622796619e-07,6,18.7215623692728,762.293448223223,25.8817674479032
1.54375,0.157,10000,1,0.525256606862754,0.0358216000917897,358.216000917897,0.921783981904157,358.216000917897,358,2.17389320691495e-13,"success",TRUE,TRUE,6.15275684861624e-08,6,15.7534074659975,956.941978077946,22.1237793416767
1.6425,0.157,10000,1,0.461926563320852,0.0373905650192633,373.905650192633,0.931740646083821,373.905650192633,374,3.28356422666707e-12,"success",TRUE,TRUE,6.4538188395899e-09,6,13.6409921035129,1150.25635937865,19.4590552950122
1.74125,0.157,10000,1,0.406660625868963,0.0383832813951823,383.832813951823,0.941973494532264,383.832813951823,384,1.07362879672058e-10,"success",TRUE,TRUE,5.38837342120243e-08,6,12.0541099494029,1340.16188881663,17.4648364823634
1.84,0.157,10000,1,0.358523343532878,0.038953213610586,389.53213610586,0.951759651489996,389.53213610586,390,4.22321240367409e-09,"success",TRUE,TRUE,1.02926721650638e-07,6,10.8148150661681,1525.24856772017,15.9132957943717
1.93875,0.157,10000,1,0.316601878489417,0.0392108250703255,392.108250703255,0.960677287838924,392.108250703255,392,1.48043429661067e-07,"success",TRUE,TRUE,2.6884623023876e-07,6,9.8180096254226,1704.82708634487,14.6703812961777
2.0375,0.157,10000,1,0.280054827445779,0.0392367044299748,392.367044299748,0.968516002851523,392.367044299748,392,3.57985954877194e-06,"success",TRUE,TRUE,7.95453309057441e-07,6,8.99748848087755,1878.59069411424,13.6515240982749
2.13625,0.157,10000,1,0.248151852388668,0.0390903354388925,390.903354388925,0.975202677346085,390.903354388925,391,5.44628055673431e-05,"success",TRUE,TRUE,2.00128056765652e-06,6,8.30962988909253,2046.02987334811,12.8010938082283
2.235,0.157,10000,1,0.220253115325848,0.0388160693462257,388.160693462257,0.980764349520661,388.160693462257,388,0.000533448311498648,"success",TRUE,TRUE,4.20710526329721e-06,6,7.72402280356391,2207.28571008412,12.0805755098771
2.33375,0.157,10000,1,0.1957996936438,0.0384472625067813,384.472625067813,0.985291657489356,384.472625067813,384,0.00337975606146087,"success",TRUE,TRUE,1.24520286846325e-06,7,7.21898880904051,2362.57506328208,11.4621393829768
2.4325,0.157,10000,1,0.174327917979783,0.0380091874232225,380.091874232225,0.988902562065535,380.091874232225,380,0.0143989487774501,"success",TRUE,TRUE,6.02538357110521e-06,6,6.77873775309052,2511.911931872,10.9258841099938
2.53125,0.157,10000,1,0.15543077806445,0.0375211095869532,375.211095869532,0.991732370027867,375.211095869532,375,0.0444562979615084,"success",TRUE,TRUE,6.98732796624434e-06,7,6.39125228976104,2655.72555030872,10.4564249883933
2.63,0.157,10000,1,0.138771473309704,0.036997788026428,369.97788026428,0.993912527295747,369.97788026428,370,0.104428938280067,"success",TRUE,TRUE,3.81399604307064e-07,8,6.04747287068692,2794.08644836456,10.0424416610978
2.72875,0.157,10000,1,0.124056112838736,0.0364505720189471,364.505720189471,0.995567058783147,364.505720189471,365,0.197578267951441,"success",TRUE,TRUE,1.25061970728147e-07,8,5.74046300248202,2926.71476560234,9.67486302187927
2.8275,0.157,10000,1,0.111028511133263,0.03588821110087,358.8821110087,0.996806034810943,358.8821110087,359,0.317122049478499,"success",TRUE,TRUE,1.49621905802367e-06,8,5.46436361091088,3054.40223203424,9.34618828720326
2.92625,0.157,10000,1,0.0994800722125823,0.0353174590864958,353.174590864957,0.997721142027812,353.174590864958,353,0.446929302076733,"success",TRUE,TRUE,5.10511381508392e-06,8,5.21464181255389,3177.39947902422,9.05103928057795
3.025,0.157,10000,1,0.0892272698968835,0.0347435284475104,347.435284475104,0.998388845643537,347.435284475104,347,0.571482498214878,"success",TRUE,TRUE,1.16373679548377e-05,8,4.98763831348673,3295.89498706574,8.78487139950106
3.12375,0.157,10000,1,0.0801046960218405,0.0341704348806349,341.704348806349,0.998871080773998,341.704348806349,342,0.679560867930634,"success",TRUE,TRUE,2.1252267562426e-05,8,4.78044981255858,3409.7686064839,8.54336917131327
3.2225,0.157,10000,1,0.0719810203079321,0.0336012605317658,336.012605317658,0.99921538389632,336.012605317658,336,0.768177471739772,"success",TRUE,TRUE,3.33586869864389e-05,8,4.59031305588102,3520.05894373944,8.32384520540331
3.32125,0.157,10000,1,0.0647334146429303,0.033038356439534,330.38356439534,0.99945899647291,330.38356439534,330,0.836457577305852,"success",TRUE,TRUE,4.54743260758488e-05,8,4.41549116876781,3625.81615587904,8.12330036387666
3.42,0.157,10000,1,0.0582594691379115,0.0324834991963339,324.834991963339,0.999629760522369,324.834991963339,325,0.886609970657604,"success",TRUE,TRUE,0.000205907738443405,7,4.25373947750783,3728.86374115792,7.93954435563711
3.51875,0.157,10000,1,0.05247151086322,0.0319380128656115,319.380128656115,0.999748374492321,319.380128656115,319,0.9228591674336,"success",TRUE,TRUE,5.27667572606666e-05,8,4.10407081367271,3827.61275951093,7.77092085691516
3.6175,0.157,10000,1,0.0472889800709511,0.031402864349136,314.02864349136,0.999830146193792,314.02864349136,314,0.94805892151491,"success",TRUE,TRUE,4.63531177327114e-05,8,3.96521182177558,3922.14287155984,7.61553874218924
3.71625,0.157,10000,1,0.0426447887353986,0.030878738334437,308.78738334437,0.999886067281514,308.78738334437,309,0.965405348406575,"success",TRUE,TRUE,5.87337742934402e-05,8,3.83561109460536,4014.28516321337,7.47217592542846
3.815,0.157,10000,1,0.0384777788412983,0.0303660964427855,303.660964427855,0.999924048105426,303.660964427855,304,0.977174287042808,"success",TRUE,TRUE,0.000185466828397374,8,3.71455404897712,4103.37420646581,7.33943922664743
3.91375,0.157,10000,1,0.034736883379999,0.029865224084354,298.65224084354,0.999949654032686,298.65224084354,299,0.985058919172877,"success",TRUE,TRUE,0.000387933790707958,8,3.60083350514294,4191.03630021983,7.21653708347328
4.0125,0.157,10000,1,0.0313736864187962,0.0293762676992653,293.762676992653,0.99996681871005,293.762676992653,294,0.990291969055243,"success",TRUE,TRUE,0.000525742603636914,8,3.49461381837768,4273.82984618583,7.10215728736623
4.11125,0.157,10000,1,0.0283498303143601,0.0288992644433045,288.992644433045,0.999978242162306,288.992644433045,289,0.993731645122298,"success",TRUE,TRUE,0.00224052455718615,8,3.39458579535348,4354.63592714196,6.99597967817624
4.21,0.157,10000,1,0.0256278187430284,0.0284341659096936,284.341659096936,0.999985805424099,284.341659096936,284,0.995976826567129,"success",TRUE,TRUE,0.00178179270186769,9,3.30013390792228,4433.86158368072,6.89700226341714
4.30875,0.157,10000,1,0.0231762154179665,0.0279808571236922,279.808571236922,0.999990783861811,279.808571236922,280,0.99742279612263,"success",TRUE,TRUE,0.00317794700538773,9,3.21158197631957,4508.04479975858,6.80470251142189
4.4075,0.157,10000,1,0.0209669968800427,0.0275391717760521,275.391717760521,0.999994043116069,275.391717760521,275,0.99836319307196,"success",TRUE,TRUE,0.00630423295882714,9,3.12766767075057,4580.8124961047,6.71860865156908
4.50625,0.157,10000,1,0.0189739026583023,0.0271089044534771,271.089044534771,0.999996167578941,271.089044534771,271,0.998961951048732,"success",TRUE,TRUE,0.0145356793212226,9,3.04754696414711,4654.4376354926,6.63785969656157
4.605,0.157,10000,1,0.0171755707804119,0.0266898204637597,266.898204637597,0.999997544736615,266.898204637597,267,0.999344658701264,"success",TRUE,TRUE,0.0400798677674467,9,2.97254211728722,4721.39424787836,6.56228289402623
4.70375,0.157,10000,1,0.0155518786222513,0.0262816637287309,262.816637287309,0.999998433506983,262.816637287309,263,0.999588096869304,"success",TRUE,TRUE,0.0107517482217406,11,2.90017281257072,4791.73657496337,6.49137949509672
4.8025,0.157,10000,1,0.0140856391854501,0.0258841631210536,258.841631210536,0.999999004317299,258.841631210536,259,0.999742151300702,"success",TRUE,TRUE,0.0139378945146377,11,2.83258261598019,4854.18986048026,6.42500170029915
4.90125,0.157,10000,1,0.0127602292234811,0.0254970375448128,254.970375448128,0.999999369635093,254.970375448128,255,0.999839269816406,"success",TRUE,TRUE,0.017113458683257,11,2.76763723166128,4917.7510566421,6.36245449957581
5,0.157,10000,1,0.0115618984861146,0.02512,251.2,0.999999602390321,251.2,251,0.999900204930544,"success",TRUE,TRUE,0.0202338108971041,11,2.70532369923063,4981.47302759417,6.30357398993509
1.05,0.16925,10000,1,NA,0.00767573696145125,NA,NA,76.7573696145125,NA,NA,"no_epidemic_peak",FALSE,FALSE,NA,NA,NA,NA,NA
1.14875,0.16925,10000,1,0.863495062421465,0.0190780772496007,190.780772496007,0.921738761650056,190.780772496007,191,1.73819929687749e-07,"success",TRUE,TRUE,4.40158131729217e-07,7,49.5536307672655,225.724041352965,65.0824273657683
1.2475,0.16925,10000,1,0.771546949984641,0.0269167593704443,269.167593704443,0.905497308113034,269.167593704443,269,2.52724298786288e-12,"success",TRUE,TRUE,6.67978423652782e-10,7,31.332609578864,398.972668078306,41.7255068377302
1.34625,0.16925,10000,1,0.683216026239901,0.0323345653052902,323.345653052902,0.902319020994463,323.345653052902,323,3.81343474840753e-15,"success",TRUE,TRUE,1.30493880642858e-07,6,23.3660523634081,586.6566463896,31.600890084341
1.445,0.16925,10000,1,0.602530136241785,0.0360705690784354,360.705690784354,0.90628985601954,360.705690784354,361,3.74481153940753e-16,"success",TRUE,TRUE,6.21645465930941e-08,6,18.7995973240682,780.978814187412,25.824289379964
1.54375,0.16925,10000,1,0.530621325655939,0.038616597551181,386.16597551181,0.914092389201242,386.16597551181,386,8.7533822556338e-16,"success",TRUE,TRUE,3.38313296966054e-08,6,15.8066252350691,976.844438657986,22.0524432620165
1.6425,0.16925,10000,1,0.467320296079255,0.0403079817166262,403.079817166262,0.923736792790062,403.079817166262,403,1.30599513572147e-14,"success",TRUE,TRUE,5.08628060050015e-09,6,13.6795584703703,1171.01755989645,19.3816875780987
1.74125,0.16925,10000,1,0.411918872469089,0.0413781552620038,413.781552620038,0.933985461943064,413.781552620038,414,5.25784908083027e-13,"success",TRUE,TRUE,3.14501696330703e-08,6,12.0833287225883,1361.49658947083,17.384761614085
1.84,0.16925,10000,1,0.363551952767335,0.0419925567107751,419.925567107751,0.944053150059103,419.925567107751,420,3.15142659596949e-11,"success",TRUE,TRUE,6.04329364757855e-08,6,10.8376338862852,1547.02458676969,15.8322482451908
1.93875,0.16925,10000,1,0.321345832678253,0.0422702684277235,422.702684277235,0.953458140006325,422.702684277235,423,1.7562641585706e-09,"success",TRUE,TRUE,1.65662432239863e-07,6,9.83633056943958,1726.8462481265,14.5891501042843
2.0375,0.16925,10000,1,0.284496128211528,0.0422981670367722,422.981670367722,0.961924378156375,422.981670367722,423,7.38948067459786e-08,"success",TRUE,TRUE,4.92241745559058e-07,6,9.01259449095309,1900.60865418316,13.5707719689051
2.13625,0.16925,10000,1,0.252278933872985,0.0421403775352392,421.403775352392,0.969326750543246,421.403775352392,421,2.01350827083676e-06,"success",TRUE,TRUE,1.40660479479218e-06,6,8.32222887709576,2068.08652949224,12.7208937851853
2.235,0.16925,10000,1,0.224062199678519,0.0418447116996732,418.447116996732,0.975642492823335,418.447116996732,418,3.33822496139306e-05,"success",TRUE,TRUE,3.8770501576248e-06,6,7.73462699888354,2229.41742218296,12.0007229182998
2.33375,0.16925,10000,1,0.199315182569158,0.0414471285303996,414.471285303996,0.980911733831448,414.471285303996,414,0.00034260278019058,"success",TRUE,TRUE,4.24041924944273e-07,7,7.22810473688275,2384.54708885291,11.3831391869631
2.4325,0.16925,10000,1,0.177556080177429,0.0409748724291746,409.748724291746,0.985229432160235,409.748724291746,410,0.00224039533093007,"success",TRUE,TRUE,7.27084039832597e-07,7,6.78659417280798,2533.83141650179,10.8473732255691
2.53125,0.16925,10000,1,0.158398989127642,0.0404487120865722,404.487120865722,0.988702579421288,404.487120865722,404,0.0101514842064122,"success",TRUE,TRUE,1.12494289615699e-06,7,6.39806695288064,2677.5968925347,10.3788112672565
2.63,0.16925,10000,1,0.141491400686083,0.0398845581112926,398.845581112926,0.991455153989247,398.845581112926,399,0.032580431112449,"success",TRUE,TRUE,1.53680550239859e-06,7,6.05357195564368,2815.50936921188,9.96539709132204
2.72875,0.16925,10000,1,0.126542372944761,0.039294645313419,392.94645313419,0.993604745911299,392.94645313419,393,0.0803465605080185,"success",TRUE,TRUE,1.60949618128677e-06,7,5.74579090092994,2948.15238582319,9.5981333305508
2.8275,0.16925,10000,1,0.113308996530766,0.0386884059160653,386.884059160653,0.995259479989993,386.884059160653,387,0.15898531014936,"success",TRUE,TRUE,6.4059786320015e-07,7,5.46922292012842,3075.30912657376,9.27030821165955
2.92625,0.16925,10000,1,0.101566744483836,0.0380731207031172,380.731207031172,0.996518921284274,380.731207031172,381,0.264846511236962,"success",TRUE,TRUE,6.03294146898253e-06,7,5.21901137836366,3198.05912550662,8.97569411377865
3.025,0.16925,10000,1,0.0911317936135312,0.0374544088518544,374.544088518544,0.997466254198527,374.544088518544,375,0.386215244025897,"success",TRUE,TRUE,3.19018142178038e-06,8,4.99150422131903,3316.56373803741,8.70969944358779
3.12375,0.16925,10000,1,0.0818477023041764,0.0368365993856526,368.365993856526,0.998170794085148,368.365993856526,368,0.509786029434849,"success",TRUE,TRUE,1.00020485467875e-05,8,4.78398173895175,3430.09443525387,8.4687548894385
3.2225,0.16925,10000,1,0.0735704059279877,0.0362230149363144,362.230149363144,0.998690020083261,362.230149363144,362,0.622181389379637,"success",TRUE,TRUE,2.15571951264338e-05,8,4.59349814400391,3540.24030490771,8.2492469470751
3.32125,0.16925,10000,1,0.0661860874781128,0.035616189983383,356.16189983383,0.999068653979575,356.16189983383,356,0.717692785126987,"success",TRUE,TRUE,3.73030858216101e-05,8,4.41848697550592,3645.44173170817,8.04902228457271
3.42,0.16925,10000,1,0.0595897080318875,0.035018039738723,350.18039738723,0.999342390182595,350.18039738723,350,0.794343613977619,"success",TRUE,TRUE,5.55997464910703e-05,8,4.25653267189981,3748.08993450015,7.86582937327633
3.51875,0.16925,10000,1,0.053685261777223,0.0344299915764633,344.299915764633,0.99953889402172,344.299915764633,344,0.853288954312082,"success",TRUE,TRUE,7.45349887582292e-05,8,4.1066478175466,3846.58125925844,7.69721865674455
3.6175,0.16925,10000,1,0.0483992047383353,0.0338530878413456,338.530878413456,0.999678660640831,338.530878413456,339,0.896773866120139,"success",TRUE,TRUE,8.80253177037993e-05,8,3.96756209636763,3940.98218061661,7.54217652297311
3.71625,0.16925,10000,1,0.0436585283866066,0.0332880666439711,332.880666439711,0.999777446575327,332.880666439711,333,0.928561617118714,"success",TRUE,TRUE,8.62302372411361e-05,8,3.8377294230871,4033.11199779136,7.39886309657979
3.815,0.16925,10000,1,0.0394062900358369,0.0327354256238309,327.354256238309,0.999846704827439,327.354256238309,327,0.95110447543075,"success",TRUE,TRUE,5.92662900488761e-05,8,3.71658444515563,4121.69737611654,7.26659896179904
3.91375,0.16925,10000,1,0.0355847029871788,0.0321954724603625,321.954724603625,0.999895016241489,321.954724603625,322,0.966758510969901,"success",TRUE,TRUE,2.78030827559617e-05,8,3.60276801142151,4208.95175594636,7.14368006408761
4.0125,0.16925,10000,1,0.0321504791203497,0.0316683650197494,316.683650197494,0.999928461062949,316.683650197494,317,0.977576573374011,"success",TRUE,TRUE,0.000154322204877211,8,3.49629897344848,4292.02021766039,7.02977640677104
4.11125,0.16925,10000,1,0.0290599190052115,0.0311541433568745,311.541433568745,0.999951499710544,311.541433568745,312,0.984981462998897,"success",TRUE,TRUE,0.00070240199200633,8,3.39616101611668,4372.58498903503,6.92369132760512
4.21,0.16925,10000,1,0.0262771653866288,0.0306527552879977,306.527552879977,0.999967275760845,306.527552879977,307,0.99000379175675,"success",TRUE,TRUE,0.00202022242499567,8,3.30173079019205,4451.04948699155,6.82483979923613
4.30875,0.16925,10000,1,0.0237697658758262,0.0301640768674198,301.640768674198,0.999978021392457,301.640768674198,302,0.993384367869281,"success",TRUE,TRUE,0.00407942719866128,8,3.21305401375025,4525.13226941869,6.73257480738492
4.4075,0.16925,10000,1,0.0215085768759581,0.0296879288095338,296.879288095338,0.999985305010573,296.879288095338,297,0.99564506641693,"success",TRUE,TRUE,0.00484045509231379,8,3.12901256237211,4597.86070564561,6.64620909672002
4.50625,0.16925,10000,1,0.0194698599992065,0.0292240896735733,292.240896735733,0.999990212959573,292.240896735733,292,0.997146249918741,"success",TRUE,TRUE,0.00403658935577766,8,3.04876526445033,4671.50215269944,6.56573943013632
4.605,0.16925,10000,1,0.0176289451173851,0.0287723064553588,287.723064553588,0.99999350923191,287.723064553588,288,0.998132398864756,"success",TRUE,TRUE,0.00430958775544563,9,2.97375260446426,4737.94097071008,6.49015191048846
4.70375,0.16925,10000,1,0.0159668556959217,0.0283323030961001,283.323030961,0.999995711311199,283.323030961,283,0.998787034704514,"success",TRUE,TRUE,0.00661818343846529,9,2.9013745184793,4807.81690590361,6.41942423942167
4.8025,0.16925,10000,1,0.0144643607823844,0.0279037873136199,279.037873136199,0.999997177603407,279.037873136199,279,0.999212860196505,"success",TRUE,TRUE,0.0102741743243952,9,2.83364383855257,4870.43060359788,6.35273786028782
4.90125,0.16925,10000,1,0.0131070146675504,0.0274864560793603,274.864560793603,0.999998148602524,274.864560793603,275,0.999490994809913,"success",TRUE,TRUE,0.0168637888084145,9,2.76867889947651,4933.61398097531,6.29041120272201
5,0.16925,10000,1,0.0118794902150884,0.02708,270.8,0.999998789740033,270.8,271,0.999672073130119,"success",TRUE,TRUE,0.0529252860951601,8,2.70634314032139,4996.99908477411,6.23177684481872
1.05,0.1815,10000,1,NA,0.00823129251700681,NA,NA,82.3129251700681,NA,NA,"no_epidemic_peak",FALSE,FALSE,NA,NA,NA,NA,NA
1.14875,0.1815,10000,1,NA,0.0204589129737225,NA,NA,204.589129737225,NA,NA,"no_epidemic_peak",FALSE,FALSE,NA,NA,NA,NA,NA
1.2475,0.1815,10000,1,0.774404558677696,0.0288649443174927,288.649443174927,0.901563490988375,288.649443174927,289,9.86132974633992e-14,"success",TRUE,TRUE,5.66280144906707e-10,7,31.5647926794626,413.602278721155,41.8090050716918
1.34625,0.1815,10000,1,0.687274361588567,0.0346748809625417,346.748809625417,0.896860000927378,346.748809625417,347,3.93962970347704e-17,"success",TRUE,TRUE,1.02578220139717e-07,6,23.4898843897033,603.708362704961,31.5888512131125
1.445,0.1815,10000,1,0.607275764215751,0.0386812897355156,386.812897355156,0.899701975937421,386.812897355156,387,1.72260993535147e-18,"success",TRUE,TRUE,4.19077724581637e-08,6,18.8767571861528,799.73623854743,25.777855734526
1.54375,0.1815,10000,1,0.535680713003781,0.0414115950105722,414.115950105722,0.90675715154064,414.115950105722,414,2.51924068702567e-18,"success",TRUE,TRUE,2.07453920898045e-08,6,15.8592352180863,996.835682485099,21.9912862456496
1.6425,0.1815,10000,1,0.472439456969499,0.0432253984139892,432.253984139892,0.91600112998258,432.253984139892,432,3.45999975084537e-17,"success",TRUE,TRUE,4.3551650433124e-09,6,13.717697092295,1191.87424229096,19.3136055966569
1.74125,0.1815,10000,1,0.416938447247716,0.0443730291288253,443.730291288253,0.926150864902069,443.730291288253,444,1.60950031692066e-15,"success",TRUE,TRUE,1.75545226559055e-08,6,12.1122131940837,1382.94948756442,17.3134234562006
1.84,0.1815,10000,1,0.368372364911718,0.0450318998109641,450.318998109641,0.936375226318489,450.318998109641,450,1.42056716090626e-13,"success",TRUE,TRUE,2.5371387250008e-08,6,10.8602548554411,1568.85992246117,15.7594196594113
1.93875,0.1815,10000,1,0.325914099982258,0.0453297117851215,453.297117851215,0.946139975539013,453.297117851215,453,1.28171871307471e-11,"success",TRUE,TRUE,4.81815670691293e-08,6,9.85446775484662,1748.96484773344,14.5158686825702
2.0375,0.1815,10000,1,0.288777200193393,0.0453596296435696,453.596296435696,0.955123243129454,453.596296435696,454,8.85062387209849e-10,"success",TRUE,TRUE,1.05029898261032e-07,6,9.0275484765157,1922.72860583993,13.4973476859107
2.13625,0.1815,10000,1,0.256266995901922,0.0451904196315859,451.904196315859,0.963144369413502,451.904196315859,452,4.25116844485343e-08,"success",TRUE,TRUE,2.86267082444706e-07,6,8.33467208535551,2090.29756582781,12.6477232138848
2.235,0.1815,10000,1,0.227767306686004,0.0448733540531207,448.733540531207,0.970133280370205,448.733540531207,449,1.22264415843172e-06,"success",TRUE,TRUE,9.53919798589144e-07,6,7.74510794637097,2251.68657228325,11.9282407219863
2.33375,0.1815,10000,1,0.202732302803766,0.0444469945540179,444.469945540179,0.976100374495529,444.469945540179,444,2.1654534484007e-05,"success",TRUE,TRUE,3.31524211552394e-06,6,7.23712029208813,2406.64213363379,11.3109380704289
2.4325,0.1815,10000,1,0.180708429475991,0.0439405574351266,439.405574351266,0.981097917403095,439.405574351266,439,0.000229997613947818,"success",TRUE,TRUE,6.16839712134572e-07,7,6.79436857079134,2555.8613115151,10.7758562619861
2.53125,0.1815,10000,1,0.161291627030052,0.0433763145861911,433.763145861911,0.985216296884135,433.763145861911,434,0.00155850712303658,"success",TRUE,TRUE,1.42218863766265e-06,7,6.40497106227115,2699.18917056265,10.3075476428011
2.63,0.1815,10000,1,0.144146734826676,0.0427713281961572,427.713281961572,0.988557006626632,427.713281961572,428,0.00725663982300822,"success",TRUE,TRUE,2.96948327390353e-06,7,6.05970153425083,2836.79345987536,9.89460664355702
2.72875,0.1815,10000,1,0.128982500305898,0.042138718607891,421.38718607891,0.991228762895109,421.38718607891,421,0.0245024815092625,"success",TRUE,TRUE,6.01182621681523e-06,7,5.75111190823094,2969.5590230603,9.5280622619217
2.8275,0.1815,10000,1,0.11553806629038,0.0414886007312606,414.886007312606,0.993340338805109,414.886007312606,415,0.0624740936212302,"success",TRUE,TRUE,1.2634832874301e-05,7,5.47403948959986,3096.29043940313,9.20027313586379
2.92625,0.1815,10000,1,0.103609286715457,0.0408287823197387,408.287823197387,0.994986823296269,408.287823197387,408,0.128667951760591,"success",TRUE,TRUE,2.31234213534128e-06,8,5.22334395652143,3218.78670106931,8.90612036242561
3.025,0.1815,10000,1,0.0930032891241413,0.0401652892561984,401.652892561984,0.996257544420689,401.652892561984,402,0.221509591660744,"success",TRUE,TRUE,9.17824407866319e-07,8,4.99533884322443,3337.29455933206,8.64060582695275
3.12375,0.1815,10000,1,0.083557419870661,0.0395027638906703,395.027638906703,0.997228387788912,395.027638906703,395,0.334102717851574,"success",TRUE,TRUE,8.80590931445763e-07,8,4.78748599506272,3450.47726745169,8.39976733431777
3.2225,0.1815,10000,1,0.075139864179065,0.038844769340863,388.44769340863,0.997962040195372,388.44769340863,388,0.453148570564288,"success",TRUE,TRUE,6.58670894648333e-06,8,4.59665921920856,3560.47402364978,8.18098022271591
3.32125,0.1815,10000,1,0.0676218251732807,0.038194023527232,381.94023527232,0.998512250592441,381.94023527232,382,0.566236494898909,"success",TRUE,TRUE,1.88837140103359e-05,8,4.42146067389802,3665.11570199687,7.98101703026956
3.42,0.1815,10000,1,0.0608992022663831,0.0375525802811121,375.525802811121,0.998921309805855,375.525802811121,376,0.666439162850992,"success",TRUE,TRUE,3.86138788200386e-05,8,4.259305791404,3767.36084110665,7.79767317544494
3.51875,0.1815,10000,1,0.0548863903813029,0.0369219702873152,369.219702873152,0.999222602134293,369.219702873152,369,0.750533214516432,"success",TRUE,TRUE,6.3918138662799e-05,8,4.10920684595707,3865.59116121942,7.62963612426196
3.6175,0.1815,10000,1,0.0494973288948694,0.0363033113335553,363.033113335553,0.999443189452809,363.033113335553,363,0.816949072013286,"success",TRUE,TRUE,8.99507179674755e-05,8,3.96989652066155,3959.85990678839,7.47470764218821
3.71625,0.1815,10000,1,0.0446637126879224,0.0356973949535052,356.973949535052,0.999603473480113,356.973949535052,357,0.867978754363,"success",TRUE,TRUE,0.000114313157945412,8,3.83983400470486,4051.97448466329,7.33165930387416
3.815,0.1815,10000,1,0.0403228178500434,0.0351047548048763,351.047548048763,0.999719206191134,351.047548048763,351,0.906130025865426,"success",TRUE,TRUE,0.000136541912387489,8,3.71860189980117,4140.05367743138,7.19910046655884
3.91375,0.1815,10000,1,0.0364254179065396,0.034525720836371,345.25720836371,0.999802112620149,345.25720836371,345,0.934000876853104,"success",TRUE,TRUE,0.00014831773266033,8,3.60469040820857,4226.89821264548,7.07667252448844
4.0125,0.1815,10000,1,0.0329184547923794,0.0339604623402335,339.604623402335,0.999861268265842,339.604623402335,340,0.953923249698194,"success",TRUE,TRUE,0.00014003456461964,8,3.49797409314893,4310.23946863274,6.9626701282304
4.11125,0.1815,10000,1,0.0297620418121856,0.0334090222704444,334.090222704444,0.999903201904383,334.090222704444,334,0.968184966556813,"success",TRUE,TRUE,0.000111256952181282,8,3.39772709637679,4390.56108167155,6.8565869752667
4.21,0.1815,10000,1,0.0269196301317793,0.0328713446663018,328.713446663018,0.999932760092691,328.713446663018,329,0.978120238477046,"success",TRUE,TRUE,0.000134379621657854,8,3.30331838816021,4468.26286842478,6.75783190894132
4.30875,0.1815,10000,1,0.0243580887660827,0.0323472966111474,323.472966111474,0.999953491452479,323.472966111474,323,0.985089666285001,"success",TRUE,TRUE,0.000262618518820146,8,3.2145177537371,4542.24354018155,6.66575094344926
4.4075,0.1815,10000,1,0.0220476332893204,0.0318366858430156,318.366858430156,0.999967966067383,318.366858430156,318,0.98986475753376,"success",TRUE,TRUE,0.000996813416769271,8,3.13035010969434,4614.93124830942,6.57964914884661
4.50625,0.1815,10000,1,0.0199616683249081,0.0313392748936694,313.392748936694,0.999978029107376,313.392748936694,313,0.993146627273308,"success",TRUE,TRUE,0.00393737462077581,8,3.04997715702543,4688.58763773911,6.4988109700877
4.605,0.1815,10000,1,0.0180799809849949,0.0308547924469579,308.547924469579,0.999984981447981,308.547924469579,309,0.995369984299891,"success",TRUE,TRUE,0.00250010995737945,9,2.97495676067735,4754.50752641631,6.42357838868652
4.70375,0.1815,10000,1,0.0163786389647294,0.0303829424634692,303.829424634692,0.999989775999742,303.829424634692,304,0.996896713212455,"success",TRUE,TRUE,0.00368352968403203,9,2.90256997630031,4823.91595548091,6.35255433087697
4.8025,0.1815,10000,1,0.0148421516498037,0.0299234115061862,299.234115061862,0.999993061757457,299.234115061862,299,0.99792760865708,"success",TRUE,TRUE,0.00501807484276805,9,2.8346997607669,4886.68903941643,6.28627811303096
4.90125,0.1815,10000,1,0.0134525679208853,0.0294758746139078,294.758746139078,0.999995307966949,294.758746139078,295,0.998616804500778,"success",TRUE,TRUE,0.0185706507143806,8,2.76971543224175,4949.49360621324,6.2238958427425
5,0.1815,10000,1,0.0121953936992743,0.02904,290.4,0.999996837593692,290.4,290,0.999083321127594,"success",TRUE,TRUE,0.0102203925155962,9,2.7073576077623,5012.54097476659,6.16512912680407
1.05,0.19375,10000,1,NA,0.00878684807256237,NA,NA,87.8684807256237,NA,NA,"no_epidemic_peak",FALSE,FALSE,NA,NA,NA,NA,NA
1.14875,0.19375,10000,1,NA,0.0218397486978442,NA,NA,218.397486978442,NA,NA,"no_epidemic_peak",FALSE,FALSE,NA,NA,NA,NA,NA
1.2475,0.19375,10000,1,0.776975318374768,0.0308131292645411,308.131292645411,0.897950798321484,308.131292645411,308,3.99744590929794e-15,"success",TRUE,TRUE,4.90084307515166e-10,7,31.79377844891,428.361165079696,41.9048462136057
1.34625,0.19375,10000,1,0.691016107140007,0.0370151966197931,370.151966197931,0.891781151440791,370.151966197931,370,3.94064127597922e-19,"success",TRUE,TRUE,8.36594232721504e-08,6,23.612086188142,620.871652067673,31.587314288628
1.445,0.19375,10000,1,0.611713687192095,0.0412920103925959,412.920103925959,0.893500198496566,412.920103925959,413,6.34003743711674e-21,"success",TRUE,TRUE,3.03545454146992e-08,6,18.9528770710495,818.61850493042,25.7408344044693
1.54375,0.19375,10000,1,0.540457667565194,0.0442065924699635,442.065924699635,0.899772043164367,442.065924699635,442,5.32798286374571e-21,"success",TRUE,TRUE,1.3803694352911e-08,6,15.9112596316076,1016.91411566717,21.9387422929247
1.6425,0.19375,10000,1,0.477306205923864,0.046142815111352,461.428151113521,0.908547575286835,461.42815111352,461,6.28459894922383e-20,"success",TRUE,TRUE,3.54507297254975e-09,6,13.7554137074387,1212.82801663983,19.2535020405956
1.74125,0.19375,10000,1,0.421735200330409,0.0473679029956469,473.679029956469,0.918507498779935,473.679029956469,474,3.1710477013106e-18,"success",TRUE,TRUE,1.04272917576955e-08,6,12.1408290970874,1404.46673679892,17.2495368220105
1.84,0.19375,10000,1,0.373002221623845,0.0480712429111531,480.712429111531,0.92878120813833,480.712429111531,481,3.68429954487008e-16,"success",TRUE,TRUE,1.24258739034092e-08,6,10.8827140924061,1590.71714161412,15.6937371849727
1.93875,0.19375,10000,1,0.330312559301738,0.0483891551425195,483.891551425195,0.938798673770044,483.891551425195,484,5.30975183461643e-14,"success",TRUE,TRUE,1.9571345214237e-08,6,9.8725822917286,1770.97775477473,14.449258840887
2.0375,0.19375,10000,1,0.29292364555655,0.048421092250367,484.21092250367,0.948186624242229,484.21092250367,484,6.55557959744159e-12,"success",TRUE,TRUE,3.99970389122512e-08,6,9.04230625032993,1945.02090303997,13.4306744614211
2.13625,0.19375,10000,1,0.260140748420673,0.0482404617279326,482.404617279326,0.95673224547812,482.404617279326,482,5.50780271579716e-10,"success",TRUE,TRUE,7.63581990885348e-08,6,8.3469625674903,2112.66153212264,12.5810985563959
2.235,0.19375,10000,1,0.231361687884281,0.0479019964065683,479.019964065683,0.964323400694778,479.019964065683,479,2.77125197618472e-08,"success",TRUE,TRUE,1.17561100914144e-07,6,7.75560227970111,2273.83956433094,11.8616646006327
2.33375,0.19375,10000,1,0.206058724982426,0.0474468605776362,474.468605776362,0.97092856708192,474.468605776362,474,8.44832041957175e-07,"success",TRUE,TRUE,1.2370179633956e-07,6,7.24603729636974,2428.85919504748,11.2446621280891
2.4325,0.19375,10000,1,0.183777886556166,0.0469062424410787,469.062424410787,0.97657087676761,469.062424410787,469,1.48274849554862e-05,"success",TRUE,TRUE,3.52837567639173e-07,6,6.80212426558213,2577.86241175552,10.7099156698259
2.53125,0.19375,10000,1,0.164119868087059,0.0463039170858101,463.039170858101,0.981314838301902,463.039170858101,463,0.000161165975411864,"success",TRUE,TRUE,3.3887651240262e-06,6,6.41186888700185,2720.72920130372,10.2420474096311
2.63,0.19375,10000,1,0.146749493019379,0.0456580982810219,456.580982810219,0.985243427068289,456.580982810219,457,0.00112047098666132,"success",TRUE,TRUE,1.50661480301805e-06,7,6.06577272270273,2858.16712484641,9.82958130707389
2.72875,0.19375,10000,1,0.131369173481248,0.044982791902363,449.82791902363,0.988454836615418,449.82791902363,450,0.00537741878603943,"success",TRUE,TRUE,2.99679936409247e-06,7,5.75654618960096,2990.6061958337,9.46322592005215
2.8275,0.19375,10000,1,0.117731602002505,0.0442887955464558,442.887955464558,0.991046242924925,442.887955464558,443,0.0186039993511226,"success",TRUE,TRUE,5.34751095225449e-06,7,5.47881396765876,3117.34573531825,9.13598341222705
2.92625,0.19375,10000,1,0.105617807664916,0.0435844439363602,435.844439363602,0.993113865801493,435.844439363602,436,0.0491568279643612,"success",TRUE,TRUE,9.34663837785831e-06,7,5.22764008488467,3239.58182815961,8.84199384845692
3.025,0.19375,10000,1,0.0948448579116392,0.0428761696605423,428.761696605423,0.994745001817727,428.761696605423,429,0.104315170931142,"success",TRUE,TRUE,1.80619771678672e-05,7,4.99914261909152,3358.08709238233,8.57682416120785
3.12375,0.19375,10000,1,0.0852456096375741,0.042168928395688,421.68928395688,0.996019984326568,421.68928395688,422,0.185830955507089,"success",TRUE,TRUE,3.79885104195406e-06,8,4.79096295726178,3470.91679611754,8.33634149182465
3.2225,0.19375,10000,1,0.0766834847290652,0.0414665237454116,414.665237454116,0.997006706538907,414.665237454116,415,0.288206032381784,"success",TRUE,TRUE,1.09232213722297e-06,8,4.5997965846985,3580.75985675863,8.11759681294307
3.32125,0.19375,10000,1,0.0690352272631751,0.040771857071081,407.71857071081,0.99776388213299,407.71857071081,408,0.401174951641675,"success",TRUE,TRUE,2.31523770094461e-06,8,4.4244125511057,3684.83783856868,7.91784687230022
3.42,0.19375,10000,1,0.0621950038914965,0.0400871208235013,400.871208235012,0.998340141154918,400.871208235012,401,0.513679158972269,"success",TRUE,TRUE,1.30072642782977e-05,8,4.26205908496567,3786.67626943013,7.73486798902778
3.51875,0.19375,10000,1,0.0560708655782633,0.039413948998167,394.13948998167,0.998775291286437,394.13948998167,394,0.617034119751134,"success",TRUE,TRUE,3.41849932317504e-05,8,4.11174812276414,3884.64229128726,7.56681169755651
3.6175,0.19375,10000,1,0.0505811500181699,0.0387535348257649,387.535348257649,0.99910157587896,387.535348257649,388,0.705572856999195,"success",TRUE,TRUE,6.6731729951669e-05,8,3.97221528892449,3978.77585189466,7.41198122231936
3.71625,0.19375,10000,1,0.0456564625890876,0.0381067232630393,381.067232630393,0.999344471042743,381.067232630393,381,0.778926624214444,"success",TRUE,TRUE,0.000107248213963226,8,3.84192499531373,4070.87246723865,7.26913774807969
3.815,0.19375,10000,1,0.041232865208869,0.0374740839859216,374.740839859216,0.999524220246517,374.740839859216,375,0.836557631679616,"success",TRUE,TRUE,0.000145823994512457,8,3.72060652688769,4158.44315910868,7.13687940048426
3.91375,0.19375,10000,1,0.0372569575697835,0.0368559692123796,368.559692123796,0.999656375508602,368.559692123796,369,0.880892899266338,"success",TRUE,TRUE,0.000170139774562274,8,3.60660082693698,4244.87556388571,7.01431146676189
4.0125,0.19375,10000,1,0.0336786859654858,0.0362525596607176,362.525596607176,0.999753042961089,362.525596607176,363,0.914245196290293,"success",TRUE,TRUE,0.000191718751919027,8,3.49963928225758,4328.48747931751,6.90024354143485
4.11125,0.19375,10000,1,0.0304590236199083,0.0356639011840143,356.639011840143,0.999823268192303,356.639011840143,357,0.938850681273027,"success",TRUE,TRUE,0.000212890839915603,8,3.39928412478268,4408.56407772783,6.79441675319524
4.21,0.19375,10000,1,0.027557476435324,0.0350899340446059,350.899340446059,0.999874083363274,350.899340446059,351,0.956763042887161,"success",TRUE,TRUE,0.000220511520338418,8,3.30489679488642,4485.50148388076,6.69567801551009
4.30875,0.19375,10000,1,0.0249415334538598,0.0345305163548749,345.305163548749,0.999910657535291,345.305163548749,345,0.969645704484356,"success",TRUE,TRUE,0.000219134360178508,8,3.21597326915067,4559.37855820442,6.60353305203097
4.4075,0.19375,10000,1,0.0225824367590226,0.0339854428764974,339.854428764974,0.999936847311039,339.854428764974,340,0.978756302580244,"success",TRUE,TRUE,0.000345297551069379,8,3.13168038156914,4632.02411540788,6.51761995366323
4.50625,0.19375,10000,1,0.0204520175421403,0.0334544601137656,334.544601137655,0.999955537693761,334.544601137655,335,0.985215181069285,"success",TRUE,TRUE,0.000785098601911116,8,3.05130758212444,4705.11847608631,6.43702114002293
4.605,0.19375,10000,1,0.0185279842764022,0.032937278438557,329.37278438557,0.999968809723435,329.37278438557,329,0.989790711206093,"success",TRUE,TRUE,0.00172832588891847,8,2.97615462490031,4771.09387667215,6.36153040649094
4.70375,0.19375,10000,1,0.0167893803620854,0.0324335818308383,324.335818308383,0.999978196459779,324.335818308383,324,0.992960470340958,"success",TRUE,TRUE,0.00275956492376395,8,2.90375923788389,4840.03369007149,6.29072384415938
4.8025,0.19375,10000,1,0.0152180375443313,0.0319430356987525,319.430356987525,0.999984807279329,319.430356987525,319,0.995165210692427,"success",TRUE,TRUE,0.00330072906459122,8,2.83575045947243,4902.9650385427,6.22438898129773
4.90125,0.19375,10000,1,0.0137963243315975,0.0314652931484553,314.652931484553,0.999989449675768,314.652931484553,315,0.996682146615819,"success",TRUE,TRUE,0.00488796635565331,9,2.77074685851677,4965.3899430233,6.16186697574412
5,0.19375,10000,1,0.0125098389789388,0.031,310,0.999992696615326,310,310,0.997738503528367,"success",TRUE,TRUE,0.00653600825595307,9,2.70836714288493,5028.09865439841,6.10299433868993
1.05,0.206,10000,1,NA,0.00934240362811792,NA,NA,93.4240362811792,NA,NA,"no_epidemic_peak",FALSE,FALSE,NA,NA,NA,NA,NA
1.14875,0.206,10000,1,NA,0.023220584421966,NA,NA,232.20584421966,NA,NA,"no_epidemic_peak",FALSE,FALSE,NA,NA,NA,NA,NA
1.2475,0.206,10000,1,0.779292777408941,0.0327613142115895,327.613142115895,0.894622231729671,327.613142115895,328,1.37346351855495e-16,"success",TRUE,TRUE,4.30528638711779e-10,7,32.0198782625585,443.244325296247,42.0113485746105
1.34625,0.206,10000,1,0.694472767550982,0.0393555122770445,393.555122770445,0.887046916910496,393.555122770445,394,3.09711092962166e-21,"success",TRUE,TRUE,7.01198997570381e-08,6,23.7327335646549,638.146091477539,31.5948019931796
1.445,0.206,10000,1,0.615872728133109,0.0439027310496761,439.027310496761,0.887657074944746,439.027310496761,439,1.90393053680207e-23,"success",TRUE,TRUE,2.31670241899665e-08,6,19.0281895400801,837.575029026494,25.7119905863037
1.54375,0.206,10000,1,0.544974908472156,0.0470015899293547,470.015899293547,0.893124525713161,470.015899293547,470,8.48491093619816e-24,"success",TRUE,TRUE,9.75146058801069e-09,6,15.9627195062838,1037.07830247734,21.8936359417763
1.6425,0.206,10000,1,0.481942060815989,0.049060231808715,490.60231808715,0.901379416776016,490.60231808715,491,7.23851673859753e-23,"success",TRUE,TRUE,2.86781204563742e-09,6,13.7928030913187,1233.82602890449,19.2003773518801
1.74125,0.206,10000,1,0.426332833059649,0.0503627768624684,503.627768624684,0.911074005595372,503.627768624684,504,4.1213782097049e-21,"success",TRUE,TRUE,3.71761733397591e-07,5,12.1692270607979,1426.0144501682,17.1923197135889
1.84,0.206,10000,1,0.377457081979502,0.0511105860113422,511.105860113422,0.921310251941214,511.105860113422,511,6.47764073461834e-19,"success",TRUE,TRUE,1.43521760056569e-08,6,10.9049070745185,1612.71372170089,15.634325483041
1.93875,0.206,10000,1,0.334564249126228,0.0514485984999175,514.485984999175,0.931482785501221,514.485984999175,514,1.431740383564e-16,"success",TRUE,TRUE,3.83809232801103e-08,6,9.89044236847937,1793.18378526895,14.3887629720372
2.0375,0.206,10000,1,0.29693366617369,0.0514825548571644,514.825548571644,0.941186188849996,514.825548571644,515,2.77271989600847e-14,"success",TRUE,TRUE,9.80480244391835e-08,6,9.0570087063812,1967.28175282064,13.3695837337354
2.13625,0.206,10000,1,0.263896437395557,0.0512905038242793,512.905038242793,0.950167485340768,512.905038242793,513,4.08775208944737e-12,"success",TRUE,TRUE,2.37072370424044e-07,6,8.35930544025704,2134.83659728615,12.5198511756053
2.235,0.206,10000,1,0.23485526467952,0.0509306387600158,509.306387600158,0.958283298685785,509.306387600158,509,3.80543981336572e-10,"success",TRUE,TRUE,5.49572840448021e-07,6,7.76609444237185,2295.90350004403,11.8003490818964
2.33375,0.206,10000,1,0.209304876269703,0.0504467266012544,504.467266012544,0.965460790213616,504.467266012544,504,2.02422556242927e-08,"success",TRUE,TRUE,1.21630366980307e-06,6,7.25499045628726,2450.92324584157,11.1837080372701
2.4325,0.206,10000,1,0.186773429316603,0.0498719274470308,498.719274470308,0.9717056743643,498.719274470308,499,6.02330258734823e-07,"success",TRUE,TRUE,2.49682646177982e-06,6,6.80996682289859,2599.59667308647,10.6490005852055
2.53125,0.206,10000,1,0.166887600185938,0.0492315195854291,492.315195854291,0.977045546420532,492.315195854291,492,1.09165713789157e-05,"success",TRUE,TRUE,8.27564082845376e-08,7,6.41869840119509,2742.36760003897,10.1815665904981
2.63,0.206,10000,1,0.149295855030167,0.0485448683658865,485.448683658865,0.981552052800913,485.448683658865,485,0.000119665180135142,"success",TRUE,TRUE,4.46279572287032e-07,7,6.07178645409172,2879.62980517863,9.76928811359353
2.72875,0.206,10000,1,0.133707901868708,0.047826865196835,478.26865196835,0.985305426412504,478.26865196835,478,0.000845041544731826,"success",TRUE,TRUE,4.15094850379598e-06,6,5.76193104526968,3011.73420177316,9.40309083307436
2.8275,0.206,10000,1,0.119883116762202,0.0470889903616511,470.889903616511,0.988390242270711,470.889903616511,471,0.004086011597924,"success",TRUE,TRUE,2.93550671098463e-06,7,5.48354703411551,3138.4745649791,9.07625741610656
2.92625,0.206,10000,1,0.107593295591151,0.0463401055529817,463.401055529817,0.990900751688729,463.401055529817,463,0.0145198821243135,"success",TRUE,TRUE,5.25577124629228e-06,7,5.23190029223636,3260.44412425583,8.78255147237586
3.025,0.206,10000,1,0.0966553184582198,0.0455870500648863,455.870500648863,0.992921553573924,455.870500648863,456,0.0391932958634501,"success",TRUE,TRUE,7.91272578379895e-06,7,5.0030576838039,3378.4952659199,8.51750397376373
3.12375,0.206,10000,1,0.086906687949495,0.0448350929007057,448.350929007057,0.994532469318951,448.350929007057,448,0.0857624095784033,"success",TRUE,TRUE,9.95976523658799e-06,7,4.79441299441246,3491.41271329628,8.27729324365094
3.2225,0.206,10000,1,0.0782042412062718,0.0440882781499602,440.882781499602,0.995805512707293,440.882781499602,441,0.156662856336614,"success",TRUE,TRUE,9.57269914102872e-06,7,4.60307180819654,3600.54972822955,8.0586087515053
3.32125,0.206,10000,1,0.0704289349140548,0.04334969061493,433.4969061493,0.996802414970771,433.4969061493,433,0.249880453148006,"success",TRUE,TRUE,6.22760850478056e-06,7,4.42734288396021,3704.60791605416,7.85902998713929
3.42,0.206,10000,1,0.0634734569663563,0.0426216613658904,426.216613658904,0.997576959230342,426.216613658904,426,0.355771025592435,"success",TRUE,TRUE,2.13370957599223e-05,7,4.26479279649865,3806.03602903599,7.67631940242834
3.51875,0.206,10000,1,0.0572407862850246,0.0419059277090189,419.059277090189,0.998174759364502,419.059277090189,419,0.46511312348019,"success",TRUE,TRUE,6.00108106962462e-06,8,4.11427184586613,3903.73448386374,7.50827351194412
3.6175,0.206,10000,1,0.0516525611949835,0.0412037583179746,412.037583179746,0.998632562209767,412.037583179746,412,0.569059706723766,"success",TRUE,TRUE,2.45600765258982e-05,8,3.97451854548456,3997.72997469185,7.35352787302549
3.71625,0.206,10000,1,0.0466384415311661,0.0405160515725734,405.160515725734,0.998980726909892,405.160515725734,405,0.661651613357804,"success",TRUE,TRUE,5.90558842685582e-05,8,3.84400254820665,4089.805789021,7.21083624575662
3.815,0.206,10000,1,0.0421333908497413,0.039843413166967,398.43413166967,0.999244031041675,398.43413166967,398,0.740085596086676,"success",TRUE,TRUE,0.000110533170237369,8,3.72259847593889,4176.8656371479,7.07878937884315
3.91375,0.206,10000,1,0.0380806692519165,0.0391862175883881,391.862175883881,0.999442078376258,391.862175883881,392,0.803509468816553,"success",TRUE,TRUE,0.000174763561976203,8,3.6084993962891,4262.8836941427,6.95614004419383
4.0125,0.206,10000,1,0.0344347533902125,0.0385446569812017,385.446569812017,0.99959004213696,385.446569812017,385,0.853964087048346,"success",TRUE,TRUE,0.000234959804039939,8,3.50140506492828,4346.29870898606,6.84237575019673
4.11125,0.206,10000,1,0.0311514412481809,0.0379187800975843,379.187800975843,0.999700052074505,379.187800975843,379,0.892528068741889,"success",TRUE,TRUE,0.000265982459628764,8,3.40090651252294,4426.27436614334,6.73657065953441
4.21,0.206,10000,1,0.0281917698530849,0.0373085234229101,373.0852342291,0.999781463242796,373.0852342291,373,0.921711400874486,"success",TRUE,TRUE,0.000262357483210379,8,3.3064660970084,4502.76535089608,6.63788270179372
4.30875,0.206,10000,1,0.0255220209014245,0.0367137360986025,367.137360986025,0.999841421008555,367.137360986025,367,0.943458306992459,"success",TRUE,TRUE,0.000293809039647416,8,3.21742062824045,4576.53730825725,6.545669999313
4.4075,0.206,10000,1,0.0231137661082742,0.0361341999099792,361.341999099792,0.999885343049262,361.341999099792,361,0.959451480505995,"success",TRUE,TRUE,0.00034220371631033,8,3.1330034439766,4649.13922204829,6.45968062935256
4.50625,0.206,10000,1,0.0209392869517301,0.0355696453338617,355.696453338617,0.999917398674321,355.696453338617,356,0.971020900215402,"success",TRUE,TRUE,0.000354243577704416,8,3.05263323029597,4721.65917023578,6.37923545991244
4.605,0.206,10000,1,0.0189735975336121,0.0350197644301561,350.197644301561,0.999940715280414,350.197644301561,350,0.979463538447919,"success",TRUE,TRUE,0.000406640108229439,8,2.97734625762961,4787.69996119818,6.3035692674215
4.70375,0.206,10000,1,0.0171982802757954,0.0344842211982075,344.842211982075,0.999957576839257,344.842211982075,345,0.985470289073446,"success",TRUE,TRUE,0.000739995523503012,8,2.90494235424221,4856.17001215775,6.23297495004011
4.8025,0.206,10000,1,0.0155922134370184,0.0339626598913188,339.626598913188,0.999969745097857,339.626598913188,340,0.98976590605677,"success",TRUE,TRUE,0.00187242844134516,8,2.83679590391767,4919.25870214336,6.16651649598572
4.90125,0.206,10000,1,0.0141387552501361,0.0334547116830028,334.547116830028,0.999978492843429,334.547116830028,335,0.992820918676058,"success",TRUE,TRUE,0.0019096333661258,9,2.77177322749531,4981.30291392221,6.10389230353677
5,0.206,10000,1,0.0128238717476038,0.03296,329.6,0.999984753763507,329.6,330,0.99498133937431,"success",TRUE,TRUE,0.00382576418629505,9,2.70937178650605,5043.67208072342,6.04517043057485
1.05,0.21825,10000,1,NA,0.00989795918367348,NA,NA,98.9795918367348,NA,NA,"no_epidemic_peak",FALSE,FALSE,NA,NA,NA,NA,NA
1.14875,0.21825,10000,1,NA,0.0246014201460878,NA,NA,246.014201460878,NA,NA,"no_epidemic_peak",FALSE,FALSE,NA,NA,NA,NA,NA
1.2475,0.21825,10000,1,0.781385300506497,0.0347094991586379,347.094991586379,0.891546139155421,347.094991586379,347,5.01079690518331e-18,"success",TRUE,TRUE,3.82891641832134e-10,7,32.2432128301722,458.253206125484,42.1271072148135
1.34625,0.21825,10000,1,0.697672574766551,0.041695827934296,416.95827934296,0.882625040849662,416.95827934296,417,2.44733825817964e-23,"success",TRUE,TRUE,6.00440228590169e-08,6,23.851847911564,655.536649915924,31.6101801637049
1.445,0.21825,10000,1,0.619775486288056,0.0465134517067564,465.134517067564,0.882147456906934,465.134517067564,465,4.74954166968852e-26,"success",TRUE,TRUE,1.83721572941231e-08,6,19.1025418086185,856.651155986695,25.6902065061164
1.54375,0.21825,10000,1,0.549254071761756,0.0497965873887459,497.965873887459,0.886798618319634,497.965873887459,498,1.03957033661411e-26,"success",TRUE,TRUE,7.20216636344017e-09,6,16.0136347412612,1057.32695116056,21.8550572220675
1.6425,0.21825,10000,1,0.486364567420553,0.0519776485060779,519.776485060779,0.894494579855555,519.776485060779,520,6.61318892141942e-26,"success",TRUE,TRUE,2.32324314783234e-09,6,13.8298593612178,1254.88006571155,19.1533698591054
1.74125,0.21825,10000,1,0.430738905236875,0.05335765072929,533.5765072929,0.903867379976608,533.5765072929,534,3.63008568911819e-24,"success",TRUE,TRUE,1.93201854039454e-07,5,12.1972748479509,1447.70395421115,17.1407808109191
1.84,0.21825,10000,1,0.381744464652085,0.0541499291115312,541.499291115312,0.913993117104596,541.499291115312,541,7.41519480131776e-22,"success",TRUE,TRUE,1.49989666646588e-08,6,10.9270319342415,1634.64457396416,15.5803090669432
1.93875,0.21825,10000,1,0.338669704171996,0.0545080418573155,545.080418573155,0.924239309133092,545.080418573155,545,2.25173592436271e-19,"success",TRUE,TRUE,3.90460002992991e-08,6,9.90819804459941,1815.39909219557,14.3334046245313
2.0375,0.21825,10000,1,0.300818171871071,0.0545440174639618,545.440174639618,0.934172988327834,545.440174639618,545,7.63627371378875e-17,"success",TRUE,TRUE,9.51806500506732e-08,6,9.07167153580155,1989.48729850588,13.3134676091708
2.13625,0.21825,10000,1,0.267543627095335,0.054340545920626,543.405459206261,0.943508162662113,543.405459206261,543,1.93595091299363e-14,"success",TRUE,TRUE,2.20719312386339e-07,6,8.37156472962004,2157.04942072458,12.4634049519449
2.235,0.21825,10000,1,0.238262408029645,0.0539592811134634,539.592811134634,0.952070225215385,539.592811134634,540,3.02866344327932e-12,"success",TRUE,TRUE,5.00422864386653e-07,6,7.77646629217568,2318.1018771619,11.743897458028
2.33375,0.21825,10000,1,0.212469487496397,0.0534465926248727,534.465926248727,0.959760928951749,534.465926248727,534,2.9859143779773e-10,"success",TRUE,TRUE,1.1387359197093e-06,6,7.26395369868593,2472.88538397161,11.1272473706166
2.4325,0.21825,10000,1,0.189705798156652,0.0528376124529829,528.376124529829,0.966554935513186,528.376124529829,528,1.5834873611642e-08,"success",TRUE,TRUE,2.62596984127329e-06,6,6.8177283506874,2621.43926865299,10.5927168197594
2.53125,0.21825,10000,1,0.169594865837948,0.052159122085048,521.59122085048,0.972458506868146,521.59122085048,522,4.66341057002449e-07,"success",TRUE,TRUE,1.98650778673334e-07,7,6.42546072857022,2764.10371153188,10.1253811707696
2.63,0.21825,10000,1,0.151790755400408,0.0514316384507511,514.316384507511,0.977521597458108,514.316384507511,514,8.41297930632435e-06,"success",TRUE,TRUE,6.96036863968893e-08,7,6.07774364090366,2901.18093368353,9.71324160970598
2.72875,0.21825,10000,1,0.136005410687486,0.050670938491307,506.70938491307,0.981807913629161,506.70938491307,507,9.06671262675288e-05,"success",TRUE,TRUE,3.24474330899501e-07,7,5.76726722609013,3032.94257139511,9.34726760414477
2.8275,0.21825,10000,1,0.121996206397579,0.0498891851768464,498.891851768464,0.985390851498129,498.891851768464,499,0.00064662788422964,"success",TRUE,TRUE,1.41399866128661e-06,7,5.48823919698628,3159.67651021463,9.02062256157933
2.92625,0.21825,10000,1,0.109535440152841,0.0490957671696032,490.957671696032,0.9883572281723,490.957671696032,491,0.00318233496008717,"success",TRUE,TRUE,3.72354712858634e-06,7,5.23612508842599,3281.37321188293,8.72712531244733
3.025,0.21825,10000,1,0.0984376396322928,0.0482979304692302,482.979304692302,0.99078774628411,482.979304692302,483,0.0114457094680858,"success",TRUE,TRUE,7.63903664581756e-06,7,5.00698247209965,3398.83411804301,8.46219377985757
3.12375,0.21825,10000,1,0.0885432253138152,0.0475012574057234,475.012574057234,0.992759545654531,475.012574057234,475,0.0316908594768221,"success",TRUE,TRUE,1.34292298258165e-05,7,4.79783646807439,3511.96471008336,8.22218095856875
3.2225,0.21825,10000,1,0.0797044986162651,0.0467100325545088,467.100325545088,0.994346758414559,467.100325545088,467,0.0708242003239478,"success",TRUE,TRUE,8.04733843310633e-06,8,4.60633345842711,3620.35320363496,8.00357284467556
3.32125,0.21825,10000,1,0.0718050440847881,0.045927524158779,459.27524158779,0.99561237764912,459.27524158779,459,0.132874556179345,"success",TRUE,TRUE,1.52026900597665e-05,8,4.43025194477143,3724.42570343108,7.80412826104244
3.42,0.21825,10000,1,0.0647363471709068,0.0451562019082795,451.562019082795,0.996613965622226,451.562019082795,452,0.215868782463503,"success",TRUE,TRUE,1.32620673617191e-05,8,4.26750716749054,3825.43992217852,7.62160031959085
3.51875,0.21825,10000,1,0.0583978117917721,0.0443979064198707,443.979064198707,0.997402012971842,443.979064198707,444,0.315055256555151,"success",TRUE,TRUE,7.41837199649463e-06,8,4.11677823144098,3922.86756406188,7.4535916477124
3.6175,0.21825,10000,1,0.0527135323787782,0.0436539818101842,436.539818101842,0.998016908629385,436.539818101842,437,0.420012271193307,"success",TRUE,TRUE,1.48258589894787e-06,8,3.97680652834484,4016.72197991058,7.29896301532932
3.71625,0.21825,10000,1,0.0476109586935515,0.0429253798821075,429.253798821075,0.998493658599585,429.253798821075,429,0.523767359104729,"success",TRUE,TRUE,1.46700483483969e-05,8,3.84606681118917,4108.77424754706,7.15633290315443
3.815,0.21825,10000,1,0.0430255048794831,0.0422127423480124,422.127423480124,0.998861182739031,422.127423480124,422,0.618254719500635,"success",TRUE,TRUE,4.53957589190189e-05,8,3.72457787323494,4195.32104497634,7.02441851346481
3.91375,0.21825,10000,1,0.0388976130107929,0.0415164659643966,415.164659643966,0.999143216603298,415.164659643966,415,0.700670519209253,"success",TRUE,TRUE,9.75745267976407e-05,8,3.61038624222051,4280.92250753111,6.90174061423951
4.0125,0.21825,10000,1,0.0351845634122641,0.0408367543016857,408.367543016857,0.999357983745227,408.367543016857,408,0.76949043674038,"success",TRUE,TRUE,1.41937960768685e-05,9,3.50319079209079,4364.00934507935,6.78815520812926
4.11125,0.21825,10000,1,0.0318385707462761,0.0401736590111542,401.736590111542,0.999520950165524,401.736590111542,402,0.824791892953391,"success",TRUE,TRUE,3.90972464053944e-05,9,3.40258295423564,4443.73738704905,6.68236342623723
4.21,0.21825,10000,1,0.0288215713384943,0.0395271128012142,395.271128012142,0.999643982741936,395.271128012142,395,0.868791723969797,"success",TRUE,TRUE,6.93033608543323e-05,9,3.30802638307299,4520.05439368389,6.58370661582492
4.30875,0.21825,10000,1,0.0260993539126758,0.0388969558423301,388.969558423301,0.999736437522294,388.969558423301,389,0.90254266362354,"success",TRUE,TRUE,7.55179785485216e-05,9,3.21885991767089,4593.71966585483,6.49154154094246
4.4075,0.21825,10000,1,0.0236422307930727,0.0382829569434609,382.829569434609,0.99980558378952,382.829569434609,383,0.928236575857383,"success",TRUE,TRUE,0.000384072907215705,8,3.13431936462808,4666.27649080813,6.40542682228762
4.50625,0.21825,10000,1,0.0214239883765217,0.0376848305539578,376.848305539578,0.999857058108975,376.848305539578,377,0.947533539476328,"success",TRUE,TRUE,0.000358250664460935,8,3.05395175357939,4738.22074608773,6.32505903107046
4.605,0.21825,10000,1,0.0194174573786113,0.0371022504217551,371.022504217551,0.999895296151639,371.022504217551,371,0.961897712914593,"success",TRUE,TRUE,0.000490155773873902,8,2.97853171483485,4804.32571596073,6.24932383699752
4.70375,0.21825,10000,1,0.0176054069247712,0.0365348605655766,365.348605655766,0.999923512882277,365.348605655766,365,0.972467264051876,"success",TRUE,TRUE,0.000698872634135345,8,2.90611938716836,4872.32495505076,6.17880233178976
4.8025,0.21825,10000,1,0.0159650768759465,0.035982284083885,359.82284083885,0.999944314018816,359.82284083885,360,0.980152103787841,"success",TRUE,TRUE,0.000951479733319882,8,2.83783622354161,4935.56977479514,6.11226646846374
4.90125,0.21825,10000,1,0.0144802915785267,0.0354441302175503,354.441302175503,0.999959582782567,354.441302175503,354,0.985793888643667,"success",TRUE,TRUE,0.00119340222569697,8,2.77279458165566,4997.23247005066,6.04959374628335
5,0.21825,10000,1,0.0131372429421382,0.03492,349.2,0.999970738011695,349.2,349,0.989839388018854,"success",TRUE,TRUE,0.00124177382722479,8,2.71037157889482,5059.26121117136,5.99099409475077
1.05,0.2305,10000,1,NA,0.010453514739229,NA,NA,104.53514739229,NA,NA,"no_epidemic_peak",FALSE,FALSE,NA,NA,NA,NA,NA
1.14875,0.2305,10000,1,NA,0.0259822558702095,NA,NA,259.822558702095,NA,NA,"no_epidemic_peak",FALSE,FALSE,NA,NA,NA,NA,NA
1.2475,0.2305,10000,1,0.783277184618738,0.0366576841056863,366.576841056863,0.888695272250587,366.576841056863,367,1.55705233349049e-19,"success",TRUE,TRUE,3.44365173408311e-10,7,32.4640991572064,473.381844285669,42.2509409066659
1.34625,0.2305,10000,1,0.700638687248783,0.0440361435915474,440.361435915474,0.87848737454665,440.361435915474,440,1.75238966241798e-25,"success",TRUE,TRUE,5.23280359461092e-08,6,23.96965721717,673.025123586501,31.63241394737
1.445,0.2305,10000,1,0.623444153821609,0.0491241723638366,491.241723638366,0.876946433996108,491.241723638366,491,9.99483463158128e-29,"success",TRUE,TRUE,1.5003837942265e-08,6,19.1761698379229,875.797893007584,25.6746552464206
1.54375,0.2305,10000,1,0.553314520859511,0.0525915848481372,525.915848481372,0.880777126248727,525.915848481372,526,9.9891943701362e-30,"success",TRUE,TRUE,5.49531262938204e-09,6,16.0640241542554,1077.65890106774,21.8222590158267
1.6425,0.2305,10000,1,0.490588111666828,0.0548950652034408,548.950652034408,0.887887616792538,548.950652034408,549,4.45185953832242e-29,"success",TRUE,TRUE,1.83025932962403e-09,6,13.8665212270899,1276.03223515232,19.1117324440925
1.74125,0.2305,10000,1,0.434966342074096,0.0563525245961115,563.525245961115,0.896893912626569,563.525245961115,564,2.21802831465153e-27,"success",TRUE,TRUE,4.31691121200589e-07,5,12.2252122412851,1469.34655013002,17.09425780854
1.84,0.2305,10000,1,0.385875760848376,0.0571892722117202,571.892722117202,0.906848471448374,571.892722117202,572,5.12699477275197e-25,"success",TRUE,TRUE,1.15780037194113e-08,6,10.9488224495234,1656.78995047128,15.531078851831
1.93875,0.2305,10000,1,0.342638910158856,0.0575674852147135,575.674852147135,0.917098707547359,575.674852147135,576,2.2473094989555e-22,"success",TRUE,TRUE,2.77425609168598e-08,6,9.9258763285222,1837.58982205053,14.2826181331251
2.0375,0.2305,10000,1,0.304585929513528,0.0576054800707592,576.054800707592,0.927187393810331,576.054800707592,576,1.22600013058424e-19,"success",TRUE,TRUE,6.26984451058965e-08,5,9.08614492943151,2011.86074481082,13.2617878277003
2.13625,0.2305,10000,1,0.271089971693155,0.0573905880169727,573.905880169728,0.936802104395757,573.905880169728,574,5.31949358788395e-17,"success",TRUE,TRUE,1.34837756322588e-07,6,8.38367571099267,2179.4115985297,12.4112478164036
2.235,0.2305,10000,1,0.241580787359299,0.0569879234669109,569.879234669109,0.945741277900233,569.879234669109,570,1.54966020346388e-14,"success",TRUE,TRUE,2.82815028838732e-07,6,7.7867200206297,2340.43356513122,11.6915516681927
2.33375,0.2305,10000,1,0.215558304383774,0.056446458648491,564.46458648491,0.953882422559956,564.46458648491,564,2.72328532628166e-12,"success",TRUE,TRUE,5.91320098101245e-07,6,7.27282011862427,2494.96712798602,11.0748108445796
2.4325,0.2305,10000,1,0.192571887216665,0.0558032974589349,558.032974589349,0.961173930421709,558.032974589349,558,2.53224986682378e-10,"success",TRUE,TRUE,1.280958124811e-06,6,6.82541021893045,2643.38943273991,10.54032698354
2.53125,0.2305,10000,1,0.172246014600079,0.055086724584667,550.86724584667,0.967600483933432,550.86724584667,551,1.31382756735781e-08,"success",TRUE,TRUE,2.973845673499e-06,6,6.43215696722043,2785.93686806398,10.0730477143184
2.63,0.2305,10000,1,0.154238044203124,0.0543184085356157,543.184085356157,0.973192026774998,543.184085356157,543,3.90668498030352e-07,"success",TRUE,TRUE,5.49999988249507e-07,7,6.08364517872617,2922.81993410255,9.66100462098529
2.72875,0.2305,10000,1,0.138262542655988,0.053515011785779,535.15011785779,0.977995098227515,535.15011785779,535,6.76274129231501e-06,"success",TRUE,TRUE,3.63621661104855e-07,7,5.77255548093836,3054.23083212425,9.2952075134317
2.8275,0.2305,10000,1,0.124073773049855,0.0526893799920417,526.893799920417,0.982071702714109,526.893799920417,527,7.23544242739291e-05,"success",TRUE,TRUE,1.14735220079393e-07,7,5.49289111174535,3180.9511141372,8.96866032648813
2.92625,0.2305,10000,1,0.111446746540995,0.0518514287862246,518.514287862247,0.985498565215282,518.514287862246,519,0.000509873093116866,"success",TRUE,TRUE,1.03668200771844e-06,7,5.24031498100305,3302.36870288985,8.67530548751571
3.025,0.2305,10000,1,0.100194083551434,0.0510088108735742,510.088108735742,0.988350885968924,510.088108735742,510,0.00253915676167736,"success",TRUE,TRUE,3.54530270044591e-06,7,5.01087568182942,3419.23391869453,8.41048439434857
3.12375,0.2305,10000,1,0.0901571639920068,0.0501674219107411,501.674219107411,0.990701701933936,501.674219107411,502,0.00919052569556965,"success",TRUE,TRUE,8.13288530422093e-06,7,4.80129820190293,3532.36099951203,8.17060387233637
3.2225,0.2305,10000,1,0.0811860438963185,0.0493317869590574,493.317869590574,0.992625089744294,493.317869590574,493,0.0260092248398464,"success",TRUE,TRUE,2.02148418418234e-06,8,4.60957057136008,3640.20819688651,7.95208649861158
3.32125,0.2305,10000,1,0.0731651300386747,0.048505357702628,485.05357702628,0.99418394888924,485.05357702628,485,0.0590707354020836,"success",TRUE,TRUE,5.00701797700059e-06,8,4.43314000014806,3744.29097416161,7.75274328653478
3.42,0.2305,10000,1,0.0659849998141377,0.0476907424506686,476.907424506686,0.995438163006182,476.907424506686,477,0.112931406987428,"success",TRUE,TRUE,1.27902762557612e-05,8,4.27020243211971,3844.88776068426,7.57032192345966
3.51875,0.2305,10000,1,0.0595431777663046,0.0468898851307226,468.898851307226,0.996441871397293,468.898851307226,469,0.187920136678304,"success",TRUE,TRUE,2.40133582077843e-05,8,4.11926748473298,3942.04135958774,7.40237439322264
3.6175,0.2305,10000,1,0.053764805278908,0.0461042053023939,461.042053023939,0.997238305495728,461.042053023939,461,0.279458235475336,"success",TRUE,TRUE,1.8630059603584e-05,8,3.97907937253131,4035.75176569819,7.24785548320514
3.71625,0.2305,10000,1,0.0485749800061256,0.0453347081916416,453.347081916416,0.997866650591101,453.347081916416,453,0.380054888648522,"success",TRUE,TRUE,8.50740796002976e-06,8,3.84811793863042,4127.77777843115,7.10524272338091
3.815,0.2305,10000,1,0.0439100135350437,0.0445820715290577,445.820715290577,0.998359413733068,445.820715290577,446,0.480800747039391,"success",TRUE,TRUE,5.84275263736762e-06,8,3.72654489908438,4213.8091055126,6.97339058539729
3.91375,0.2305,10000,1,0.0397085666133582,0.0438467143404051,438.467143404051,0.998744294515243,438.467143404051,438,0.576751021927794,"success",TRUE,TRUE,3.31091505130273e-05,8,3.6122614898057,4298.99187862006,6.85073144333085
4.0125,0.2305,10000,1,0.0359286542281728,0.0431288516221698,431.288516221698,0.999042530173226,431.288516221698,431,0.661750170099406,"success",TRUE,TRUE,8.35875580151419e-05,8,3.50496577938618,4381.74853751586,6.73720463694522
4.11125,0.2305,10000,1,0.0325209618944005,0.0424285379247242,424.285379247242,0.999272925457067,424.285379247242,424,0.734627484775058,"success",TRUE,TRUE,1.70200676478938e-06,9,3.40424955244967,4461.22714185614,6.6314282088729
4.21,0.2305,10000,1,0.0294473622816327,0.0417457021795183,417.457021795183,0.999450007049393,417.457021795183,417,0.795002393873093,"success",TRUE,TRUE,1.67654480782474e-05,9,3.30957775835016,4537.36846131071,6.53278532135776
4.30875,0.2305,10000,1,0.0266732177027509,0.0410801755860577,410.801755860577,0.999585501174702,410.801755860577,411,0.843332196660379,"success",TRUE,TRUE,6.80671668521482e-05,8,3.22029119318427,4610.92559757827,6.44063275899344
4.4075,0.2305,10000,1,0.0241682719927583,0.0404317139769427,404.317139769427,0.999688704807111,404.317139769427,404,0.88180632192823,"success",TRUE,TRUE,0.000144274851051642,9,3.13562821032051,4683.43584442771,6.3544878219305
4.50625,0.2305,10000,1,0.0219064856619455,0.039800015774054,398.00015774054,0.999766935896057,398.00015774054,398,0.911402803148639,"success",TRUE,TRUE,0.000201326768742446,9,3.05526324407917,4754.80307159153,6.27412962486758
4.605,0.2305,10000,1,0.01985986893213,0.0391847364133542,391.847364133542,0.999826134794955,391.847364133542,392,0.934109989443231,"success",TRUE,TRUE,0.000152639724284029,9,2.97971105177066,4820.97107704552,6.19840407756386
4.70375,0.2305,10000,1,0.0180110501280595,0.0385854999329457,385.854999329457,0.999870636882815,385.854999329457,386,0.951288979670094,"success",TRUE,TRUE,0.000410727408884481,8,2.90729041580961,4888.49835154565,6.1278481167241
4.8025,0.2305,10000,1,0.0163369057625372,0.0380019082764513,380.019082764513,0.99990406152129,380.019082764513,380,0.96419823184449,"success",TRUE,TRUE,0.000541991593203672,8,2.83887142334917,4951.89831600987,6.06127662776429
4.90125,0.2305,10000,1,0.0148212432491423,0.0374335487520977,374.335487520977,0.999929057261174,374.335487520977,374,0.973815395628002,"success",TRUE,TRUE,0.0010361433999857,8,2.77381096295932,5013.17856272262,5.99861393149546
5,0.2305,10000,1,0.0134498171892637,0.03688,368.8,0.999947667633547,368.8,369,0.980874117222484,"success",TRUE,TRUE,0.00175811629892886,8,2.71136656179514,5074.86599571937,5.93997825954066
1.05,0.24275,10000,1,NA,0.0110090702947846,NA,NA,110.090702947846,NA,NA,"no_epidemic_peak",FALSE,FALSE,NA,NA,NA,NA,NA
1.14875,0.24275,10000,1,NA,0.0273630915943313,NA,NA,273.630915943313,NA,NA,"no_epidemic_peak",FALSE,FALSE,NA,NA,NA,NA,NA
1.2475,0.24275,10000,1,0.784990627702598,0.0386058690527347,386.058690527347,0.886045614053144,386.058690527347,386,5.22452652209678e-21,"success",TRUE,TRUE,3.1305105804657e-10,7,32.6826728932946,488.630132335521,42.3821338763591
1.34625,0.24275,10000,1,0.703391565704255,0.0463764592487989,463.764592487989,0.874608729183818,463.764592487989,464,1.00370645671486e-27,"success",TRUE,TRUE,4.6274377147053e-08,6,24.08607884421,690.626580839204,31.6606449112366
1.445,0.24275,10000,1,0.626895601063982,0.0517348930209169,517.348930209169,0.872032132550667,517.348930209169,517,1.80009874910298e-31,"success",TRUE,TRUE,1.25414803597561e-08,6,19.2488881943715,895.064295950444,25.6645259979045
1.54375,0.24275,10000,1,0.557167049977161,0.0553865823075284,553.865823075284,0.875045952235274,553.865823075284,554,7.67532102843205e-33,"success",TRUE,TRUE,4.3080057485961e-09,6,16.1139055318883,1098.07311067285,21.7944131628637
1.6425,0.24275,10000,1,0.494624573215219,0.0578124819008037,578.124819008037,0.881551008265265,578.124819008037,578,2.25436416032518e-32,"success",TRUE,TRUE,1.42446153520307e-09,6,13.9027911267004,1297.28441767223,19.0748137597697
1.74125,0.24275,10000,1,0.439027306910745,0.0593473984629331,593.473984629331,0.890154683764129,593.473984629331,593,1.07902231806723e-30,"success",TRUE,TRUE,4.44899515421836e-07,5,12.2527650432257,1491.16670335957,17.0522076813272
1.84,0.24275,10000,1,0.389860175051923,0.0602286153119093,602.286153119093,0.899888739944076,602.286153119093,602,2.64039086793402e-28,"success",TRUE,TRUE,6.9577728451083e-09,6,10.9706176732093,1678.80699905237,15.4860984776372
1.93875,0.24275,10000,1,0.346479862276459,0.0606269285721115,606.269285721115,0.91008367822699,606.269285721115,606,1.59692065678163e-25,"success",TRUE,TRUE,1.46649677008703e-08,6,9.94331009926978,1859.96818100979,14.2359031828616
2.0375,0.24275,10000,1,0.308243877676807,0.0606669426775566,606.669426775566,0.920261221576335,606.669426775566,607,1.24179809940021e-22,"success",TRUE,TRUE,5.33196065986841e-07,5,9.10044152040372,2034.38743464364,13.2140665714215
2.13625,0.24275,10000,1,0.2745414738723,0.0604406301133195,604.406301133195,0.930088526345394,604.406301133195,604,9.74247489204123e-20,"success",TRUE,TRUE,6.27896320876121e-08,6,8.39564116017623,2201.92173803132,12.3629236579872
2.235,0.24275,10000,1,0.244815183337182,0.0600165658203584,600.165658203584,0.939341201675732,600.165658203584,600,4.94337034955821e-17,"success",TRUE,TRUE,1.28486929768624e-07,6,7.79685776244228,2362.89740849621,11.6428723171623
2.33375,0.24275,10000,1,0.218575748029245,0.0594463246721093,594.463246721093,0.947872171697841,594.463246721093,594,1.54655453605691e-14,"success",TRUE,TRUE,2.54500437683366e-07,6,7.28159139646212,2517.16755825857,11.0259780310622
2.4325,0.24275,10000,1,0.195375436037311,0.058768982464887,587.68982464887,0.955609596027907,587.68982464887,588,2.54059412291722e-12,"success",TRUE,TRUE,4.79875264185987e-07,6,6.83301376718819,2665.44638376089,10.4914269517095
2.53125,0.24275,10000,1,0.174844318674634,0.0580143270842859,580.143270842859,0.962515695848352,580.143270842859,580,2.37977440304762e-10,"success",TRUE,TRUE,8.8108346353316e-07,6,6.43878818834227,2807.86639363321,10.024167230375
2.63,0.24275,10000,1,0.156640586422113,0.0572051786204803,572.051786204803,0.968602915456101,572.051786204803,572,1.18954681667138e-08,"success",TRUE,TRUE,1.78014764822792e-06,6,6.08949193120108,2944.54622820289,9.61218309586783
2.72875,0.24275,10000,1,0.140479276550272,0.0563590850802509,563.590850802509,0.97390191520624,563.59085080251,564,3.33107197260724e-07,"success",TRUE,TRUE,1.16374398980264e-06,7,5.77779653648818,3075.59849442714,9.24643295868348
2.8275,0.24275,10000,1,0.126117921500833,0.0554895748072369,554.895748072369,0.97845967364438,554.895748072369,555,5.64062035222857e-06,"success",TRUE,TRUE,1.00048353873365e-06,7,5.49750336704667,3202.29792886385,8.9199922151172
2.92625,0.24275,10000,1,0.11332900466184,0.0546070904028461,546.070904028461,0.982344531564893,546.070904028461,546,5.97107072625176e-05,"success",TRUE,TRUE,4.19822675273184e-07,7,5.24447046043428,3323.43021308154,8.62672083375758
3.025,0.24275,10000,1,0.101926255017865,0.0537196912779182,537.196912779182,0.985623558821589,537.196912779182,537,0.000419611732849017,"success",TRUE,TRUE,3.56897840117623e-07,7,5.01473774917345,3439.69435398259,8.36200488304683
3.12375,0.24275,10000,1,0.0917498577240213,0.0528335864157588,528.335864157588,0.98836508747283,528.335864157588,528,0.00207197824183681,"success",TRUE,TRUE,2.69778868423784e-06,7,4.80484543707425,3552.44347994662,8.12219822612919
3.2225,0.24275,10000,1,0.0826501195127647,0.051953541363606,519.53541363606,0.990640769857611,519.53541363606,520,0.00752354734454036,"success",TRUE,TRUE,7.72796576490166e-06,7,4.6127834625829,3660.11447379297,7.90378394711057
3.32125,0.24275,10000,1,0.0745102753855987,0.051083191246477,510.83191246477,0.992512602808226,510.83191246477,511,0.0214838136265338,"success",TRUE,TRUE,1.59406166642647e-07,8,4.43600730784596,3764.20349884769,7.70451273703284
3.42,0.24275,10000,1,0.0672203035150225,0.0502252829930577,502.252829930577,0.994041330323072,502.252829930577,502,0.0497771278375155,"success",TRUE,TRUE,3.95278095991804e-07,8,4.27287882234916,3864.37934909439,7.5221302580933
3.51875,0.24275,10000,1,0.0606777156212532,0.0493818638415744,493.818638415744,0.995283214327177,493.818638415744,494,0.0967519554099668,"success",TRUE,TRUE,1.29095307673356e-06,8,4.12173980742982,3961.255697779,7.35426488030587
3.6175,0.24275,10000,1,0.0548055403824327,0.0485544287946035,485.544287946035,0.99628408567539,485.544287946035,486,0.163769054839843,"success",TRUE,TRUE,4.58557890132432e-06,8,3.98133726169998,4054.81916342634,7.1997226919029
3.71625,0.24275,10000,1,0.0495311403320732,0.0477440365011757,477.440365011757,0.997085633849933,477.440365011757,477,0.248532339049823,"success",TRUE,TRUE,1.65763603037555e-05,8,3.85016762047074,4146.77049144392,7.05721435652837
3.815,0.24275,10000,1,0.0447874292097385,0.0469514007101031,469.514007101031,0.997724306505056,469.514007101031,470,0.342736000622709,"success",TRUE,TRUE,2.34447615671554e-05,8,3.72849963221883,4232.32971506536,6.92536196192606
3.91375,0.24275,10000,1,0.0405140357003757,0.0461769627164136,461.769627164136,0.998230986305436,461.769627164136,462,0.441309836052475,"success",TRUE,TRUE,7.9402181824505e-06,8,3.61412526147375,4317.09170161214,6.80276373272653
4.0125,0.24275,10000,1,0.036667392190969,0.0454209489426539,454.209489426539,0.998629983145549,454.209489426539,454,0.536647347777318,"success",TRUE,TRUE,1.75140758246869e-05,8,3.50673013730602,4399.51619027446,6.68918852843336
4.11125,0.24275,10000,1,0.0331989490584589,0.0446834168382941,446.834168382941,0.998943115301928,446.834168382941,447,0.623331195955481,"success",TRUE,TRUE,6.89476241356665e-05,8,3.40590641671679,4478.74352942918,6.58342936763743
4.21,0.24275,10000,1,0.030069441302497,0.0439642915578224,439.642915578224,0.999187712695581,439.642915578224,440,0.699386574032081,"success",TRUE,TRUE,1.60646504352036e-05,9,3.31112031389775,4554.70739460617,6.48478518837
4.30875,0.24275,10000,1,0.0272438593594876,0.0432633953297852,432.633953297852,0.999377938887543,432.633953297852,433,0.763809953059831,"success",TRUE,TRUE,8.63045845041731e-06,9,3.22171455766339,4628.15494987439,6.39261401252993
4.4075,0.24275,10000,1,0.0246921664103488,0.0425804710104245,425.804710104245,0.999525184247228,425.804710104245,426,0.816833869636602,"success",TRUE,TRUE,1.22298537413544e-05,9,3.13693007245967,4700.61714460631,6.30652392874449
4.50625,0.24275,10000,1,0.0223869938600051,0.0419152009941501,419.152009941501,0.999638686275418,419.152009941501,419,0.859488523384395,"success",TRUE,TRUE,8.93656181635803e-05,9,3.05656772278733,4771.4061858733,6.226115060042
4.605,0.24275,10000,1,0.0203004522340664,0.0412672224049533,412.672224049533,0.999726011598113,412.672224049533,413,0.892996413194753,"success",TRUE,TRUE,0.000259788686126677,9,2.98088431712334,4837.63594923407,6.15034221498821
4.70375,0.24275,10000,1,0.0184153720891168,0.0406361393003148,406.361393003148,0.999792743845326,406.361393003148,406,0.91928901279599,"success",TRUE,TRUE,0.000446409395425618,9,2.90845541425186,4904.69031057218,6.07978371328417
4.8025,0.24275,10000,1,0.0167078704987682,0.0400215324690176,400.215324690176,0.999843714662122,400.215324690176,400,0.939395194706762,"success",TRUE,TRUE,0.000476363969671323,9,2.83990155246816,4968.24424548004,6.01321441764824
4.90125,0.24275,10000,1,0.0151612899735642,0.0394229672866452,394.229672866452,0.999882489355687,394.229672866452,394,0.954753664795913,"success",TRUE,TRUE,0.000709990796111337,8,2.77482241282654,5029.14114353787,5.95047744575235
5,0.24275,10000,1,0.0137617032971955,0.03884,388.4,0.999911846195914,388.4,388,0.966373200297621,"success",TRUE,TRUE,0.000469627695691699,8,2.71235677523426,5090.48638914994,5.89180167554231
1.05,0.255,10000,1,NA,0.0115646258503401,NA,NA,115.646258503401,NA,NA,"no_epidemic_peak",FALSE,FALSE,NA,NA,NA,NA,NA
1.14875,0.255,10000,1,NA,0.028743927318453,NA,NA,287.43927318453,NA,NA,"no_epidemic_peak",FALSE,FALSE,NA,NA,NA,NA,NA
1.2475,0.255,10000,1,0.786543500945678,0.0405540539997831,405.540539997831,0.883576843223045,405.540539997831,406,1.49691140275142e-22,"success",TRUE,TRUE,2.87747870212577e-10,7,32.8990721791283,503.997235609833,42.5197821860787
1.34625,0.255,10000,1,0.705950122630938,0.0487167749060503,487.167749060503,0.870966254472594,487.167749060503,487,6.03457987170465e-30,"success",TRUE,TRUE,4.14337370185187e-08,6,24.2012013634841,708.336851931895,31.6942149539072
1.445,0.255,10000,1,0.630147274699258,0.0543456136779972,543.456136779972,0.867383118395154,543.456136779972,543,2.80901584807061e-34,"success",TRUE,TRUE,1.06883280574159e-08,6,19.3209692030944,914.395640166648,25.6592370690886
1.54375,0.255,10000,1,0.560832327962138,0.0581815797669196,581.815797669196,0.869585230204079,581.815797669196,582,4.78270988254827e-36,"success",TRUE,TRUE,3.44859435521526e-09,6,16.1632956741328,1118.56864683671,21.7711628021697
1.6425,0.255,10000,1,0.498483851194535,0.0607298985981666,607.298985981666,0.875476014879705,607.298985981666,607,8.7551014850336e-36,"success",TRUE,TRUE,1.02156167764186e-09,6,13.9388247409347,1318.55187278641,19.0420430959695
1.74125,0.255,10000,1,0.442936203636696,0.0623422723297546,623.422723297546,0.883645367413695,623.422723297546,623,3.39779440900326e-34,"success",TRUE,TRUE,3.74400909815362e-07,5,12.2802247816921,1512.9367741564,17.0142480817816
1.84,0.255,10000,1,0.393705114235327,0.0632679584120983,632.679584120983,0.893121759128933,632.679584120983,633,8.44217295117283e-32,"success",TRUE,TRUE,1.16179766918023e-07,4,10.9921053825515,1701.01479920595,15.4448939952424
1.93875,0.255,10000,1,0.350198892487602,0.0636863719295095,636.863719295095,0.903210962898091,636.863719295095,637,6.88209367757902e-29,"success",TRUE,TRUE,5.00325512777027e-09,6,9.96070023261227,1882.29108476165,14.1928159843973
2.0375,0.255,10000,1,0.311797405123895,0.063728405284354,637.28405284354,0.913419474024797,637.28405284354,637,8.85033591371775e-26,"success",TRUE,TRUE,6.48651324954702e-07,5,9.11483853580897,2056.66762793103,13.1698786345901
2.13625,0.255,10000,1,0.277902717918686,0.0634906722096662,634.906722096662,0.923399503601774,634.906722096662,635,1.0529780916322e-22,"success",TRUE,TRUE,2.35235255130474e-08,6,8.40763585472955,2224.29338857817,12.3180253712019
2.235,0.255,10000,1,0.247969429131701,0.063045208173806,630.45208173806,0.932907636302782,630.45208173806,630,9.9620390828568e-20,"success",TRUE,TRUE,7.25257870498633e-08,6,7.80705689455576,2385.16636148023,11.5974741543375
2.33375,0.255,10000,1,0.221525076592199,0.0624461906957276,624.461906957276,0.94177102042908,624.461906957276,624,5.5192647761866e-17,"success",TRUE,TRUE,1.99322916482679e-07,6,7.29026915795119,2539.48574178638,10.9803717405753
2.4325,0.255,10000,1,0.198119143684872,0.0617346674708391,617.346674708391,0.949904078001617,617.346674708391,617,1.69202613236985e-14,"success",TRUE,TRUE,4.79408213107145e-07,6,6.84054029233131,2687.60933351195,10.4456533677431
2.53125,0.255,10000,1,0.177392087281161,0.0609419295839049,609.419295839049,0.957245189140614,609.419295839049,609,2.77411306348066e-12,"success",TRUE,TRUE,1.54373034635946e-06,5,6.44535543655281,2829.89160425171,9.9783803693124
2.63,0.255,10000,1,0.159000360139855,0.0600919487053449,600.919487053449,0.963792399705365,600.919487053449,601,2.3663654904076e-10,"success",TRUE,TRUE,1.82889881701704e-06,6,6.09528476650634,2966.35922318617,9.56642160048402
2.72875,0.255,10000,1,0.14265776302328,0.0592031583747229,592.031583747229,0.969562243724231,592.031583747229,592,1.12930555711411e-08,"success",TRUE,TRUE,2.72169125316452e-06,6,5.78299109131123,3097.04507741266,9.20062320842416
2.8275,0.255,10000,1,0.128130028352595,0.0582897696224322,582.897696224322,0.974583410164977,582.897696224322,583,3.03029812765903e-07,"success",TRUE,TRUE,2.8972598684209e-06,6,5.50216504299723,3223.46148635708,8.87427579643343
2.92625,0.255,10000,1,0.115183348158419,0.0573627520194676,573.627520194676,0.978917920896336,573.627520194676,574,4.87937533992665e-06,"success",TRUE,TRUE,2.77944468497611e-06,6,5.2485920129321,3344.55734912116,8.58103513706299
3.025,0.255,10000,1,0.103635150367052,0.0564305716822621,564.305716822622,0.982622297797561,564.305716822621,564,5.08218942810571e-05,"success",TRUE,TRUE,1.490786193722e-06,7,5.01856910285575,3460.21512255231,8.31641887974192
3.12375,0.255,10000,1,0.0933221139583426,0.0554997509207765,554.997509207765,0.985760391184703,554.997509207765,555,0.000349226269706497,"success",TRUE,TRUE,2.61993898634987e-07,7,4.80836532168037,3572.58139984171,8.07663379442389
3.2225,0.255,10000,1,0.0840974595106798,0.0545752957681546,545.752957681546,0.988398838481888,545.752957681546,546,0.00170999797966655,"success",TRUE,TRUE,1.72517655763884e-06,7,4.61597243921505,3680.07180172261,7.85833284655941
3.32125,0.255,10000,1,0.0758411008643288,0.053661024790326,536.61024790326,0.990598557456211,536.61024790326,537,0.00626700701747785,"success",TRUE,TRUE,7.41622229642053e-06,7,4.43885413344319,3784.16304914074,7.65910710859453
3.42,0.255,10000,1,0.0684427357179352,0.0527598235354468,527.598235354468,0.992419747119533,527.598235354468,528,0.0179957417200978,"success",TRUE,TRUE,6.57508390718457e-07,8,4.27553656553275,3883.91449311409,7.47670312120969
3.51875,0.255,10000,1,0.0618018745210169,0.0518738425524263,518.738425524263,0.993918960887762,518.738425524263,519,0.042184836791685,"success",TRUE,TRUE,1.43672028000844e-06,8,4.12419539774477,3980.51040561296,7.3089380217574
3.6175,0.255,10000,1,0.0558383729320832,0.0510046522868132,510.046522868132,0.995144287461447,510.046522868132,510,0.0835386980724215,"success",TRUE,TRUE,3.01719817737134e-06,8,3.98358036598719,4073.92401161925,7.15443072466218
3.71625,0.255,10000,1,0.0504797599017415,0.0501533648107098,501.533648107098,0.996139428060232,501.533648107098,502,0.143451586401799,"success",TRUE,TRUE,5.70241413322316e-06,8,3.85234256427647,4165.24880757969,7.01192728658733
3.815,0.255,10000,1,0.045657985813401,0.0493207298911484,493.207298911484,0.996943736748656,493.207298911484,493,0.221121052467698,"success",TRUE,TRUE,9.13458413841261e-06,8,3.7304422180775,4250.88292354291,6.88001903848414
3.91375,0.255,10000,1,0.0413142642878903,0.0485072110924221,485.072110924221,0.99759064456796,485.072110924221,485,0.310383279194705,"success",TRUE,TRUE,1.06810262772887e-05,8,3.6159776779496,4335.22186575054,6.75751886682741
4.0125,0.255,10000,1,0.0374009168766258,0.047713046263138,477.13046263138,0.998107817671417,477.13046263138,477,0.40517915005778,"success",TRUE,TRUE,2.95681311538801e-05,7,3.50848397483304,4417.31220666945,6.64380019872011
4.11125,0.255,10000,1,0.0338726574664325,0.046938295751864,469.38295751864,0.998519351179868,469.38295751864,469,0.499104940403528,"success",TRUE,TRUE,2.37283888060158e-05,7,3.4075536133326,4496.28649926187,6.53805988221695
4.21,0.255,10000,1,0.0306879090929704,0.0461828809361265,461.828809361265,0.998845572812711,461.828809361265,462,0.586458453244804,"success",TRUE,TRUE,4.20198339273268e-05,8,3.31265410647936,4572.07135728736,6.43940088069238
4.30875,0.255,10000,1,0.0278113533259992,0.0454466150735128,454.466150735128,0.99910305637924,454.466150735128,454,0.665381222020486,"success",TRUE,TRUE,2.94000075476509e-05,9,3.22313013347758,4645.40754952661,6.34718349756914
4.4075,0.255,10000,1,0.0252140273440409,0.0447292280439062,447.292280439062,0.99930521140831,447.292280439062,447,0.732949524564844,"success",TRUE,TRUE,4.36842086090562e-05,9,3.13822497409812,4717.82040189998,6.26122392966561
4.50625,0.255,10000,1,0.0228655872865905,0.0440303862142463,440.303862142463,0.99946350410197,440.303862142463,440,0.789684689888324,"success",TRUE,TRUE,3.77497817595201e-05,9,3.05786525349399,4788.03006486701,6.18071094814971
4.605,0.255,10000,1,0.0207401782060097,0.0433497083965524,433.497083965524,0.999587057657613,433.497083965524,433,0.836238882331835,"success",TRUE,TRUE,4.41390963068847e-06,9,2.9820515704803,4854.32036188517,6.10501941636842
4.70375,0.255,10000,1,0.0188184298891222,0.042686778667684,426.86778667684,0.999682975860644,426.86778667684,427,0.873374556674412,"success",TRUE,TRUE,9.66760167688541e-05,9,2.90961451027998,4920.90062687308,6.03430795451608
4.8025,0.255,10000,1,0.0170780329644545,0.0420411566615839,420.411566615839,0.999757311081349,420.411566615839,420,0.903082185019401,"success",TRUE,TRUE,0.000401564641740529,9,2.84092665381656,4984.60750735444,5.96777467423154
4.90125,0.255,10000,1,0.0155011075087235,0.0414123858211927,414.123858211927,0.999814736147876,414.123858211927,414,0.926161789926226,"success",TRUE,TRUE,8.77881655382204e-06,10,2.77582897208176,5045.12016461832,5.90505502387119
5,0.255,10000,1,0.0140729255492511,0.0408,408,0.999858913870594,408,408,0.944058445770981,"success",TRUE,TRUE,1.29807329340406e-05,10,2.71334225869743,5106.12236420086,5.84616933508504
1.05,0.26725,10000,1,NA,0.0121201814058957,NA,NA,121.201814058957,NA,NA,"no_epidemic_peak",FALSE,FALSE,NA,NA,NA,NA,NA
1.14875,0.26725,10000,1,NA,0.0301247630425748,NA,NA,301.247630425748,NA,NA,"no_epidemic_peak",FALSE,FALSE,NA,NA,NA,NA,NA
1.2475,0.26725,10000,1,0.787952282732861,0.0425022389468315,425.022389468315,0.88127092004139,425.022389468316,425,4.69366227414605e-24,"success",TRUE,TRUE,2.66993095957437e-10,7,33.1136402214265,519.476240588959,42.6633115342322
1.34625,0.26725,10000,1,0.708331391540206,0.0510570905633017,510.570905633017,0.867539440047594,510.570905633017,511,2.92277512034981e-32,"success",TRUE,TRUE,3.750135225134e-08,6,24.3152282552199,726.141076140817,31.7325986429675
1.445,0.26725,10000,1,0.633214394703954,0.0569563343350774,569.563343350774,0.862979861022231,569.563343350774,570,3.31418472039726e-37,"success",TRUE,TRUE,9.25846574822026e-09,6,19.3922226704051,933.838593287367,25.6582799763645
1.54375,0.26725,10000,1,0.564316199077841,0.0609765772263109,609.765772263109,0.864382528171894,609.765772263109,610,2.45837269027098e-39,"success",TRUE,TRUE,5.44194691217982e-07,5,16.2122104390223,1139.1446747686,21.7518062950925
1.6425,0.26725,10000,1,0.502182169224188,0.0636473152955295,636.473152955295,0.869648886355861,636.473152955295,636,2.64697059118348e-39,"success",TRUE,TRUE,6.62756977177706e-10,6,13.9745229014497,1339.89793433294,19.0131189769074
1.74125,0.26725,10000,1,0.44669586267164,0.0653371461965762,653.371461965762,0.877365524602786,653.371461965762,653,7.88694906681302e-38,"success",TRUE,TRUE,2.92176919837114e-07,5,12.3073435704621,1534.85670128625,16.9798199841806
1.84,0.26725,10000,1,0.397422846921289,0.0663073015122874,663.073015122874,0.886548038878167,663.073015122873,663,2.12132540788989e-35,"success",TRUE,TRUE,8.82578421081016e-10,6,11.0134983394108,1723.20526420084,15.4071784261521
1.93875,0.26725,10000,1,0.353803922479054,0.0667458152869075,667.458152869075,0.896490791369483,667.458152869075,667,2.22879717932472e-32,"success",TRUE,TRUE,5.00476111306263e-07,5,9.97797516103048,1904.64593969596,14.1530229408624
2.0375,0.26725,10000,1,0.315250596441285,0.0667898678911513,667.898678911513,0.906681735527492,667.898678911513,668,3.80059268674701e-29,"success",TRUE,TRUE,5.55196978698283e-07,5,9.12905223002102,2079.11160175152,13.1288447552171
2.13625,0.26725,10000,1,0.281177079028257,0.0665407143060129,665.407143060129,0.916761231619183,665.407143060129,665,7.95058694934336e-26,"success",TRUE,TRUE,8.12452740146112e-09,6,8.41958689875804,2246.6454611942,12.2761888858632
2.235,0.26725,10000,1,0.251052043263322,0.0660738505272535,660.738505272535,0.926468226172042,660.738505272535,661,1.188447494301e-22,"success",TRUE,TRUE,3.74711945726582e-08,6,7.8172206315799,2407.41784078474,11.5551401317036
2.33375,0.26725,10000,1,0.224408535977262,0.0654460567193459,654.460567193459,0.935614365815385,654.460567193459,654,1.25129733401865e-19,"success",TRUE,TRUE,1.30960540365433e-07,6,7.2988550093944,2561.9207207907,10.9376531640354
2.4325,0.26725,10000,1,0.200807861612817,0.0647003524767911,647.003524767911,0.944092754262728,647.003524767911,647,6.83105751193118e-17,"success",TRUE,TRUE,5.20526537109434e-07,5,6.84799106960305,2709.87747590446,10.4027559809549
2.53125,0.26725,10000,1,0.179890776007666,0.0638695320835239,638.695320835239,0.95182659193553,638.695320835239,639,1.98818062800756e-14,"success",TRUE,TRUE,9.66604575861918e-07,6,6.45192255794582,2851.86081369097,9.93536320250895
2.63,0.26725,10000,1,0.161318549632574,0.0629787187902095,629.787187902095,0.958796559107579,629.787187902095,630,3.07378915899632e-12,"success",TRUE,TRUE,2.20787125783387e-06,6,6.10106210138648,2988.16170626577,9.52339923982237
2.72875,0.26725,10000,1,0.144804784785034,0.0620472316691949,620.472316691949,0.965005672404716,620.472316691949,620,2.56163372053152e-10,"success",TRUE,TRUE,1.65101660840258e-06,7,5.78813984256056,3118.57009358821,9.15765305824079
2.8275,0.26725,10000,1,0.130110812546919,0.0610899644376275,610.899644376275,0.970472226774264,610.899644376275,611,1.11347613362809e-08,"success",TRUE,TRUE,2.64551908494096e-06,7,5.50689255445316,3244.39128467826,8.83120116192059
2.92625,0.26725,10000,1,0.117010312456096,0.0601184136360891,601.184136360891,0.975243375640009,601.184136360891,601,2.86364008504738e-07,"success",TRUE,TRUE,3.63030225995632e-06,7,5.25280312463354,3365.37683970868,8.53794374518736
3.025,0.26725,10000,1,0.105321209115236,0.0591414520866061,591.414520866061,0.979366443214562,591.414520866061,591,4.45271243549628e-06,"success",TRUE,TRUE,4.12892359450527e-06,7,5.0223701549031,3480.79591508548,8.27342129200128
3.12375,0.26725,10000,1,0.0948742373505324,0.0581659154257942,581.659154257942,0.982901809642594,581.659154257942,582,4.37419732701399e-05,"success",TRUE,TRUE,3.56986358143804e-06,7,4.81185821380353,3592.77449995815,8.03361076363564
3.2225,0.26725,10000,1,0.0855283278852498,0.0571970501727032,571.970501727032,0.985908262962801,571.970501727032,572,0.000298182194520066,"success",TRUE,TRUE,1.82285391686605e-06,6,4.61913781245887,3700.0799356413,7.81543122305057
3.32125,0.26725,10000,1,0.0771577977369559,0.056238858334175,562.38858334175,0.988446134341288,562.38858334175,562,0.00145743802911421,"success",TRUE,TRUE,5.24165139001375e-07,7,4.44168072931153,3804.16939529042,7.61622673919435
3.42,0.26725,10000,1,0.0696523912410314,0.0552943640778359,552.943640778359,0.990573767261091,552.943640778359,553,0.00531389448752743,"success",TRUE,TRUE,5.98527338596119e-06,7,4.27817586275493,3903.49303376026,7.43374724287621
3.51875,0.26725,10000,1,0.0629157455118456,0.0543658212632781,543.658212632781,0.992345863325721,543.658212632781,544,0.0153005351435293,"success",TRUE,TRUE,8.96234809282925e-07,8,4.12663445049692,3999.80530971528,7.26609773216208
3.6175,0.26725,10000,1,0.0568627539387978,0.0534548757790228,534.548757790228,0.993812940523763,534.548757790228,535,0.0361398525395296,"success",TRUE,TRUE,1.97520490521604e-06,8,3.98580885270967,4093.06614866273,7.11162896885268
3.71625,0.26725,10000,1,0.0514208619240617,0.0525626931202439,525.626931202439,0.995019886033307,525.626931202439,526,0.0723612395969181,"success",TRUE,TRUE,4.49072142633643e-06,8,3.85450352462611,4183.76187048064,6.96908919476209
3.815,0.26725,10000,1,0.0465216512236456,0.0516900590721938,516.900590721938,0.996008140563828,516.900590721938,517,0.126448330853888,"success",TRUE,TRUE,1.00659052734813e-05,8,3.73237281692045,4269.46842363914,6.83707553616393
3.91375,0.26725,10000,1,0.0421092481997104,0.0508374594684306,508.374594684306,0.996812655013868,508.374594684306,508,0.197551261202167,"success",TRUE,TRUE,2.17078327495752e-05,8,3.61781886040175,4353.38224240592,6.7147059103418
4.0125,0.26725,10000,1,0.0381294782599904,0.0500051435836221,500.051435836221,0.99746501748877,500.051435836221,500,0.281084340685512,"success",TRUE,TRUE,2.23153253268666e-06,9,3.51022738116707,4435.13650147176,6.60079266523723
4.11125,0.26725,10000,1,0.0345420148364069,0.049193174665434,491.93174665434,0.997990587585865,491.93174665434,492,0.371715863637992,"success",TRUE,TRUE,2.53086227134953e-06,9,3.40919119554924,4513.85607046752,6.49503908782505
4.21,0.26725,10000,1,0.0313026896270568,0.0484014703144306,484.014703144306,0.99841278237035,484.014703144306,484,0.463558059084921,"success",TRUE,TRUE,2.35997248063336e-05,8,3.31417923657644,4589.4601411597,6.3963531474481
4.30875,0.26725,10000,1,0.0283769714574065,0.0476298348172404,476.298348172404,0.998750339772747,476.298348172404,476,0.551446611494228,"success",TRUE,TRUE,8.56710339848529e-06,8,3.22453790549505,4662.6835589276,6.30424890944647
4.4075,0.26725,10000,1,0.0257338146823982,0.046877985077388,468.77985077388,0.999019051388452,468.77985077388,469,0.63110016022881,"success",TRUE,TRUE,8.6640185546179e-05,8,3.13951297812538,4735.04558548821,6.21830294083653
4.50625,0.26725,10000,1,0.0233422028512256,0.0461455714343424,461.455714343424,0.999232446792673,461.455714343424,461,0.701890482896162,"success",TRUE,TRUE,7.28904327458313e-05,8,3.05915592343977,4804.67454669199,6.13763849995107
4.605,0.26725,10000,1,0.0211786791827277,0.0454321943881515,454.321943881515,0.999401128396156,454.321943881515,454,0.761877761930744,"success",TRUE,TRUE,0.00010142239900529,9,2.98321289508645,4871.02412161716,6.06207631214043
4.70375,0.26725,10000,1,0.0192201586532324,0.0447374180350531,447.374180350531,0.999534046883159,447.374180350531,447,0.811939391263542,"success",TRUE,TRUE,0.000115695468367798,9,2.91076773080113,4937.12929877732,5.99114460135103
4.8025,0.26725,10000,1,0.0174473497378837,0.0440607808541502,440.607808541502,0.999638374461085,440.607808541502,441,0.852565103440372,"success",TRUE,TRUE,5.23738730057594e-05,9,2.84194676977887,5000.9880459997,5.92467754024984
4.90125,0.26725,10000,1,0.0158404436823831,0.0434018043557402,434.018043557402,0.999720109754933,434.018043557402,434,0.885600468120238,"success",TRUE,TRUE,6.53452606687033e-05,9,2.77683068570182,5061.11555903954,5.8619981211823
5,0.26725,10000,1,0.0143839311762173,0.04276,427.6,0.999783916332324,427.6,428,0.911654860175308,"success",TRUE,TRUE,6.16093307650707e-06,10,2.71432305603524,5121.77382658358,5.80294450734793
1.05,0.2795,10000,1,NA,0.0126757369614513,NA,NA,126.757369614513,NA,NA,"no_epidemic_peak",FALSE,FALSE,NA,NA,NA,NA,NA
1.14875,0.2795,10000,1,NA,0.0315055987666966,NA,NA,315.055987666966,NA,NA,"no_epidemic_peak",FALSE,FALSE,NA,NA,NA,NA,NA
1.2475,0.2795,10000,1,0.78923140502254,0.04445042389388,444.5042389388,0.879112072653466,444.5042389388,445,1.25802321081815e-25,"success",TRUE,TRUE,2.49766070768243e-10,7,33.3264051327917,535.069107813071,42.8122413114463
1.34625,0.2795,10000,1,0.710549028187946,0.0533974062205532,533.974062205532,0.864310573138737,533.974062205532,534,1.51945191769403e-34,"success",TRUE,TRUE,3.42634577432923e-08,6,24.4280784506865,744.051485848312,31.7752171627805
1.445,0.2795,10000,1,0.636110341864999,0.0595670549921577,595.670549921577,0.858804578447949,595.670549921577,596,3.99055445016009e-40,"success",TRUE,TRUE,8.12976396789401e-09,6,19.4628233038715,953.361203431541,25.6612073276277
1.54375,0.2795,10000,1,0.567638220731215,0.0637715746857021,637.715746857021,0.859418469733347,637.715746857021,638,1.05338629155041e-42,"success",TRUE,TRUE,4.17714777173545e-07,5,16.2606647835628,1159.80044889341,21.7361869943968
1.6425,0.2795,10000,1,0.505725834412741,0.0665647319928924,665.647319928924,0.864060421702147,665.647319928924,666,5.47493637008848e-43,"success",TRUE,TRUE,4.07754176223504e-10,6,14.0098491549435,1361.3458575913,18.987569428616
1.74125,0.2795,10000,1,0.450311993341556,0.0683320200633977,683.320200633977,0.871310951534408,683.320200633977,683,1.3749185584595e-41,"success",TRUE,TRUE,2.22192225481218e-07,5,12.3343164583937,1556.77718411587,16.9485159412213
1.84,0.2795,10000,1,0.401019527017532,0.0693466446124764,693.466446124764,0.880168617058415,693.466446124764,693,3.83843750467084e-39,"success",TRUE,TRUE,1.47727698240411e-09,6,11.0347056098118,1745.46911462956,15.3725959021135
1.93875,0.2795,10000,1,0.357306339078049,0.0698052586443055,698.052586443055,0.889926778158849,698.052586443055,698,4.4594773366331e-36,"success",TRUE,TRUE,2.50183353865327e-07,5,9.9950145202954,1927.18327130853,14.1163167632337
2.0375,0.2795,10000,1,0.318606447997193,0.0698513304979488,698.513304979488,0.900063277559808,698.513304979488,699,1.08857159643385e-32,"success",TRUE,TRUE,4.29991661495682e-07,5,9.14308602963933,2101.7176962124,13.0906259389758
2.13625,0.2795,10000,1,0.284366910495035,0.0695907564023596,695.907564023596,0.91019507811783,695.907564023596,696,3.610771275102e-29,"success",TRUE,TRUE,1.84714573368079e-08,6,8.43139624365173,2269.14226774926,12.2370880437227
2.235,0.2795,10000,1,0.254065671199357,0.0691024928807011,691.024928807011,0.92004871361353,691.024928807011,691,9.84641896332664e-26,"success",TRUE,TRUE,3.3931005161116e-08,6,7.8272708130579,2429.79885779485,11.515561061564
2.33375,0.2795,10000,1,0.22722749734726,0.0684459227429642,684.459227429642,0.929432793667934,684.459227429642,684,1.82434272260438e-22,"success",TRUE,TRUE,6.1101251770581e-07,5,7.30755895504416,2584.04466529217,10.8975175873651
2.4325,0.2795,10000,1,0.203447949606183,0.0676660374827432,676.660374827432,0.938204677361911,676.660374827432,677,1.75983106188213e-19,"success",TRUE,TRUE,3.36969173806833e-07,5,6.85553403074271,2731.87792471429,10.3625573703737
2.53125,0.2795,10000,1,0.182341089689503,0.0667971345831428,667.971345831428,0.946294103351556,667.971345831428,668,9.67068929421758e-17,"success",TRUE,TRUE,5.0444147685093e-07,6,6.45858208875355,2873.54938677185,9.89482350000138
2.63,0.2795,10000,1,0.163595636913464,0.0658654888750741,658.654888750741,0.953649092099807,658.654888750741,659,2.61268571495229e-14,"success",TRUE,TRUE,1.34683801706468e-06,6,6.10695792237581,3009.60730515543,9.48282617777092
2.72875,0.2795,10000,1,0.146917305962586,0.0648913049636669,648.913049636669,0.960265892830785,648.913049636669,649,3.7332397258452e-12,"success",TRUE,TRUE,1.1073206090089e-06,7,5.79324346653874,3140.17304563026,9.11711538396079
2.8275,0.2795,10000,1,0.132060400268011,0.0638901592528228,638.901592528228,0.966155317399272,638.901592528228,639,2.78612147415606e-10,"success",TRUE,TRUE,2.25559983648488e-06,7,5.51157990013212,3265.39236588982,8.79048770888931
2.92625,0.2795,10000,1,0.118809893323049,0.0628740752527106,628.740752527106,0.971346476774578,628.740752527106,629,1.1438062491598e-08,"success",TRUE,TRUE,5.00376863115193e-08,8,5.25704390916366,3386.06637122258,8.49717054789923
3.025,0.2795,10000,1,0.106984365040146,0.0618523324909501,618.523324909501,0.975877205150583,618.523324909501,619,2.72654418418543e-07,"success",TRUE,TRUE,7.02174862743962e-08,8,5.02614131179153,3501.4364221353,8.23273537041058
3.12375,0.2795,10000,1,0.0964060739773375,0.0608320799308119,608.320799308119,0.979806143073597,608.320799308119,608,4.10408242675936e-06,"success",TRUE,TRUE,9.32622570533074e-08,8,4.8153244645937,3613.02251931515,7.9928569296247
3.2225,0.2795,10000,1,0.0869425566670508,0.0598188045772518,598.188045772518,0.983181141725187,598.188045772518,598,3.93420337294803e-05,"success",TRUE,TRUE,1.19909127828957e-07,8,4.6222798652213,3720.13865541351,7.7748046778194
3.32125,0.2795,10000,1,0.0784601618328615,0.058816691878024,588.16691878024,0.986063100808768,588.16691878024,588,0.000260596156435896,"success",TRUE,TRUE,4.81755955006136e-06,7,4.44448733515187,3824.2223055287,7.57559913852665
3.42,0.2795,10000,1,0.0708490076063782,0.057828904620225,578.28904620225,0.988507319786769,578.28904620225,578,0.00125422706431551,"success",TRUE,TRUE,1.11349327207451e-06,7,4.28079696121171,3923.11467085956,7.39299576032414
3.51875,0.2795,10000,1,0.0640190872280884,0.05685779997413,568.5779997413,0.990564184635886,568.5779997413,569,0.00454162788124459,"success",TRUE,TRUE,3.325379284132e-06,7,4.12905715718885,4019.14023636935,7.22547440805754
3.6175,0.2795,10000,1,0.0578782982002199,0.0559050992712325,559.050992712325,0.992287327089272,559.050992712325,559,0.0131926385494937,"success",TRUE,TRUE,5.42693539881851e-07,8,3.98802288660893,4112.24538172482,7.07103646885947
3.71625,0.2795,10000,1,0.052354191894785,0.054972021429778,549.72021429778,0.993721884470985,549.72021429778,550,0.0313090472544406,"success",TRUE,TRUE,1.0665427939891e-06,8,3.85665065171097,4202.30955536089,6.92843357032621
3.815,0.2795,10000,1,0.0473781463118324,0.0540593882532392,540.593882532392,0.994910627226662,540.593882532392,541,0.0632676621028374,"success",TRUE,TRUE,2.39052732339644e-06,8,3.73429153843447,4288.08613824231,6.79627031024857
3.91375,0.2795,10000,1,0.0428987502459465,0.0531677078444392,531.677078444392,0.99588865119602,531.677078444392,532,0.111721493039137,"success",TRUE,TRUE,5.82746345266071e-06,8,3.61964888440187,4371.57278931165,6.67405929800134
4.0125,0.2795,10000,1,0.038856293536198,0.0522972409041061,522.972409041061,0.996691517619064,522.972409041061,523,0.176717121594735,"success",TRUE,TRUE,1.4242171950455e-05,8,3.511960498977,4452.98898993988,6.56023863683961
4.11125,0.2795,10000,1,0.035208492832212,0.0514480535790039,514.480535790039,0.997346816877065,514.480535790039,514,0.255240650256339,"success",TRUE,TRUE,3.39243612342867e-05,8,3.41081940476288,4531.45185992304,6.45429233785248
4.21,0.2795,10000,1,0.0319156208335486,0.0506200596927348,506.200596927348,0.997879165428573,506.200596927348,506,0.341542934935375,"success",TRUE,TRUE,5.59541342950006e-06,9,3.31569578799028,4606.87366339784,6.35562744213146
4.30875,0.2795,10000,1,0.0289410134295983,0.049813054560968,498.13054560968,0.998309949918728,498.13054560968,498,0.43069419982804,"success",TRUE,TRUE,4.2846683181269e-05,8,3.22593798441353,4679.98278351,6.26359289739285
4.4075,0.2795,10000,1,0.0262513429416355,0.0490267421108698,490.267421108698,0.998657381926727,490.267421108698,490,0.5177178406434,"success",TRUE,TRUE,1.93905781164724e-05,8,3.14079417668487,4752.29250034975,6.17750034395658
4.50625,0.2795,10000,1,0.0238166443484607,0.0482607566544386,482.607566544386,0.998936747306494,482.607566544386,483,0.598203511967659,"success",TRUE,TRUE,2.7125214212497e-05,8,3.06043977383336,4821.33958020054,6.09664247459149
4.605,0.2795,10000,1,0.0216157932291146,0.0475146803797506,475.146803797506,0.999160026242358,475.146803797506,475,0.670886572814637,"success",TRUE,TRUE,2.85634321769543e-05,9,2.98436826269202,4887.74732607267,6.0212519317526
4.70375,0.2795,10000,1,0.0196203970435806,0.0467880574024222,467.880574024222,0.999338484076894,467.880574024222,468,0.73367296870897,"success",TRUE,TRUE,9.92906757940144e-05,9,2.91191512652323,4953.37627366632,5.95004251850896
4.8025,0.2795,10000,1,0.0178156768658413,0.0460804050467165,460.804050467165,0.999480117346612,460.804050467165,461,0.786841676784063,"success",TRUE,TRUE,3.40716956904232e-06,10,2.84296194217508,5017.38580612925,5.88366654141157
4.90125,0.2795,10000,1,0.0161791740417637,0.0453912228902877,453.912228902877,0.999592520355489,453.912228902877,454,0.831076475690193,"success",TRUE,TRUE,0.000147654077110858,9,2.77782759003561,5077.1272934956,5.82104770513216
5,0.2795,10000,1,0.0146952681891149,0.04472,447.2,0.999681408739243,447.2,447,0.867245671927867,"success",TRUE,TRUE,0.000218589776657839,9,2.71529918575769,5137.44082068599,5.76202325020469
1.05,0.29175,10000,1,NA,0.0132312925170068,NA,NA,132.312925170068,NA,NA,"no_epidemic_peak",FALSE,FALSE,NA,NA,NA,NA,NA
1.14875,0.29175,10000,1,NA,0.0328864344908183,NA,NA,328.864344908183,NA,NA,"no_epidemic_peak",FALSE,FALSE,NA,NA,NA,NA,NA
1.2475,0.29175,10000,1,0.790393547798704,0.0463986088409284,463.986088409284,0.877086464771374,463.986088409284,464,3.72973333279263e-27,"success",TRUE,TRUE,2.35343615880622e-10,7,33.5375263316508,550.773682306318,42.9661585023922
1.34625,0.29175,10000,1,0.712616397004068,0.0557377218778046,557.377218778046,0.861263296727509,557.377218778046,557,7.42537708328078e-37,"success",TRUE,TRUE,3.15655587080539e-08,6,24.5398157652867,762.06573597566,31.8216678768788
1.445,0.29175,10000,1,0.638846968952149,0.0621777756492379,621.777756492379,0.854841075934294,621.777756492379,622,4.29247491479706e-43,"success",TRUE,TRUE,7.22329052945838e-09,6,19.5327406732112,972.974221264142,25.6676230239448
1.54375,0.29175,10000,1,0.570803562265469,0.0665665721450934,665.665721450934,0.85468129742463,665.665721450934,666,3.81590544743114e-46,"success",TRUE,TRUE,3.27867721038657e-07,5,16.308672802406,1180.53530446388,21.723779564949
1.6425,0.29175,10000,1,0.509125247888573,0.0694821486902553,694.821486902553,0.858698616532821,694.821486902553,695,1.04551537286738e-46,"success",TRUE,TRUE,2.86123211766472e-10,6,14.0448781365331,1382.85736413642,18.9651036676841
1.74125,0.29175,10000,1,0.453805174655238,0.0713268939302193,713.268939302193,0.865467205868501,713.268939302193,713,1.81840003503443e-45,"success",TRUE,TRUE,1.68719455295946e-07,5,12.3610208135181,1578.79805395143,16.9203168696735
1.84,0.29175,10000,1,0.404494287330713,0.0723859877126654,723.859877126654,0.87398652119121,723.859877126654,724,4.46095733499236e-43,"success",TRUE,TRUE,2.78713067362794e-09,6,11.0556979047796,1767.84084869023,15.3407093446894
1.93875,0.29175,10000,1,0.360701892522236,0.0728647020017035,728.647020017035,0.883529453167278,728.647020017035,729,6.2392453837177e-40,"success",TRUE,TRUE,1.3747509916822e-07,5,10.0120517337768,1949.62550882552,14.0822264222953
2.0375,0.29175,10000,1,0.321872699208249,0.0729127931047461,729.127931047462,0.893572024018819,729.127931047461,729,2.36293475188895e-36,"success",TRUE,TRUE,3.21109281149409e-07,5,9.15709237840402,2124.27236192081,13.0550274664148
2.13625,0.29175,10000,1,0.28747422968361,0.0726407984987063,726.407984987063,0.903718073638947,726.407984987063,726,1.20208368442063e-32,"success",TRUE,TRUE,7.74635931586297e-07,5,8.4430664259404,2291.78246629516,12.2004404270657
2.235,0.29175,10000,1,0.257008513772228,0.0721311352341486,721.311352341486,0.913673309011706,721.311352341486,721,5.37361301545886e-29,"success",TRUE,TRUE,6.8580185167734e-07,5,7.8372094016418,2452.30832465335,11.4783846242583
2.33375,0.29175,10000,1,0.229994702551159,0.0714457887665824,714.457887665825,0.923243602612793,714.457887665825,714,1.72124700016373e-25,"success",TRUE,TRUE,2.31073299872985e-07,5,7.31620331998244,2606.21805528509,10.8599507889696
2.4325,0.29175,10000,1,0.206034958708033,0.0706317224886953,706.317224886953,0.932272160248261,706.317224886953,706,3.14164473836894e-22,"success",TRUE,TRUE,4.19423053017298e-07,5,6.86306320243362,2753.8439486858,10.3246575345719
2.53125,0.29175,10000,1,0.18475101548019,0.0697247370827618,697.247370827618,0.940672619365805,697.247370827618,697,3.06645486519943e-19,"success",TRUE,TRUE,1.6152704643729e-07,6,6.46517790151097,2895.33217554402,9.85669062328288
2.63,0.29175,10000,1,0.165831487425961,0.0687522589599387,687.522589599387,0.948381187765632,687.522589599387,688,1.45967541694808e-16,"success",TRUE,TRUE,3.94952851516768e-07,6,6.11279972612405,3031.13836271073,9.4444404808115
2.72875,0.29175,10000,1,0.148995061526016,0.0677353782581389,677.353782581389,0.955373137305709,677.353782581389,677,3.77692620388939e-14,"success",TRUE,TRUE,1.21629378933006e-06,6,5.79830262560172,3161.85343442348,9.07874862743807
2.8275,0.29175,10000,1,0.13398045556343,0.066690354068018,666.90354068018,0.961659717508964,666.90354068018,667,4.73467450143506e-12,"success",TRUE,TRUE,1.25856330017333e-06,7,5.51622764921621,3286.46434428627,8.75194448037712
2.92625,0.29175,10000,1,0.120590430600642,0.0656297368693321,656.297368693321,0.967246902992448,656.297368693321,656,3.25461919255508e-10,"success",TRUE,TRUE,2.87418223821935e-06,7,5.26125013373433,3406.82076374839,8.45875888951092
3.025,0.29175,10000,1,0.108624097191181,0.064563212895294,645.63212895294,0.972176911700485,645.63212895294,646,1.21189666251647e-08,"success",TRUE,TRUE,6.03507808570009e-08,8,5.02988297195822,3522.13633224955,8.19411007509805
3.12375,0.29175,10000,1,0.0979208969457863,0.0634982444358296,634.982444358296,0.976489571721477,634.982444358296,635,2.74746479675711e-07,"success",TRUE,TRUE,8.20666643026354e-08,8,4.81876441845315,3633.3251952466,7.95427692822066
3.2225,0.29175,10000,1,0.0883395870750532,0.0624405589818004,624.405589818004,0.980231988204832,624.405589818004,624,3.88342947846862e-06,"success",TRUE,TRUE,1.03705032267247e-07,8,4.62539890832883,3740.24770156199,7.73620396350107
3.32125,0.29175,10000,1,0.0797476284022254,0.061394525421873,613.945254218729,0.983460039392133,613.945254218729,614,3.56964390418277e-05,"success",TRUE,TRUE,1.23205811524553e-07,8,4.44727419844031,3844.32154739271,7.53697660084846
3.42,0.29175,10000,1,0.0720352160061072,0.0603634451626141,603.634451626141,0.98622566450778,603.634451626141,604,0.000229977411286375,"success",TRUE,TRUE,1.39281460927441e-07,8,4.28340008794133,3942.77931043121,7.35437202804868
3.51875,0.29175,10000,1,0.0651113526304672,0.0593497786849818,593.497786849818,0.988577313041524,593.497786849818,593,0.00109978873329325,"success",TRUE,TRUE,4.88815234538858e-06,7,4.13146370608245,4038.51501152616,7.18682264517257
3.6175,0.29175,10000,1,0.0588844822690399,0.0583553227634421,583.553227634421,0.990567760678061,583.553227634421,584,0.00394790314950884,"success",TRUE,TRUE,4.80876148369728e-07,7,3.99022262912827,4131.46161110628,7.03240785593592
3.71625,0.29175,10000,1,0.0532792384537019,0.0573813497393121,573.813497393121,0.992243202560012,573.813497393121,574,0.0114500665165167,"success",TRUE,TRUE,1.20350941786993e-05,7,3.85878410711713,4220.89172554852,6.88971755748478
3.815,0.29175,10000,1,0.0482311366082341,0.0564287174342845,564.287174342845,0.993645352657066,564.287174342845,564,0.0274481318347125,"success",TRUE,TRUE,3.08583745086439e-07,8,3.7361985087809,4306.73593741226,6.75767728287574
3.91375,0.29175,10000,1,0.0436823116603365,0.0554979562204477,554.979562204477,0.994812612024958,554.979562204477,555,0.0557714328635921,"success",TRUE,TRUE,5.24743022186567e-07,8,3.62146793888151,4389.79329303314,6.63533679975616
4.0125,0.29175,10000,1,0.0395784384779182,0.0545893382245902,545.893382245902,0.995780449339169,545.893382245902,546,0.0993855015764204,"success",TRUE,TRUE,1.13152830109062e-06,8,3.51368341382001,4470.86947329816,6.52162113448077
4.11125,0.29175,10000,1,0.0358731631534088,0.0537029324925739,537.029324925739,0.996579431833173,537.029324925739,537,0.158818408422089,"success",TRUE,TRUE,3.26710905363607e-06,8,3.41243825080533,4549.07394455273,6.41570326527241
4.21,0.29175,10000,1,0.0325267049819461,0.0528386490710389,528.386490710389,0.997235928455766,528.386490710389,528,0.231899663921669,"success",TRUE,TRUE,1.02806684736155e-05,8,3.31720379267198,4624.31194503208,6.31699341313535
4.30875,0.29175,10000,1,0.0295022562518728,0.0519962743046955,519.962743046955,0.99777325641149,519.962743046955,520,0.313737771801886,"success",TRUE,TRUE,2.98075913348367e-05,8,3.22733043276957,4697.30515851112,6.2248456714991
4.4075,0.29175,10000,1,0.0267662824862546,0.0511754991443516,511.754991443516,0.998211588080233,511.754991443516,512,0.399921630323012,"success",TRUE,TRUE,1.23356305644918e-05,9,3.14206862153863,4769.56111551696,6.13857777387339
4.50625,0.29175,10000,1,0.0242909798935206,0.0503759418745347,503.759418745347,0.998567659032377,503.759418745347,504,0.485577028738759,"success",TRUE,TRUE,1.97201133819843e-05,9,3.06171689031292,4838.02516938382,6.05783319947505
4.605,0.29175,10000,1,0.0220512518024608,0.0495971663713496,495.971663713496,0.99885577761391,495.971663713496,496,0.566737387387203,"success",TRUE,TRUE,2.13030326875525e-05,8,2.98551779951419,4904.48977719987,5.98230770301605
4.70375,0.29175,10000,1,0.0200217247703765,0.0488386967697914,488.386967697914,0.999088461003642,488.386967697914,488,0.640802556349536,"success",TRUE,TRUE,7.8210675273486e-05,8,2.91305674753142,4969.64149902199,5.91126629051577
4.8025,0.29175,10000,1,0.0181827709202863,0.0481000292392827,481.000292392827,0.999275655744329,481.000292392827,481,0.70572062705796,"success",TRUE,TRUE,2.8853687509506e-05,9,2.84397221372934,5033.80072720937,5.84450677440807
4.90125,0.29175,10000,1,0.0165170869378687,0.0473806414248352,473.806414248352,0.999425663330839,473.806414248352,474,0.761615237436236,"success",TRUE,TRUE,0.000152734455394802,9,2.77881973731556,5093.15529570291,5.78196650158079
5,0.29175,10000,1,0.0150060956138989,0.04668,466.8,0.999545710789536,466.8,467,0.808801897419683,"success",TRUE,TRUE,4.11419891408789e-06,10,2.71627070000746,5153.1232554758,5.72298367621745
1.05,0.304,10000,1,NA,0.0137868480725624,NA,NA,137.868480725624,NA,NA,"no_epidemic_peak",FALSE,FALSE,NA,NA,NA,NA,NA
1.14875,0.304,10000,1,NA,0.0342672702149401,NA,NA,342.672702149401,NA,NA,"no_epidemic_peak",FALSE,FALSE,NA,NA,NA,NA,NA
1.2475,0.304,10000,1,0.791449909958671,0.0483467937879768,483.467937879768,0.875181909080148,483.467937879768,483,1.08017529922051e-28,"success",TRUE,TRUE,2.23165355256713e-10,7,33.7471646551172,566.587669027354,43.1247044466131
1.34625,0.304,10000,1,0.714545385962301,0.058078037535056,580.78037535056,0.85838297414611,580.78037535056,581,2.94249773089678e-39,"success",TRUE,TRUE,2.92945259358895e-08,6,24.6505071423242,780.181118861791,31.8715964908048
1.445,0.304,10000,1,0.641434851643314,0.0647884963063182,647.884963063182,0.851074589874086,647.884963063182,648,4.15930217487465e-46,"success",TRUE,TRUE,6.48471911021678e-09,6,19.6019357091995,992.689141072882,25.6771743118598
1.54375,0.304,10000,1,0.573822062943426,0.0693615696044846,693.615696044846,0.850157230628349,693.615696044846,694,1.18162994797101e-49,"success",TRUE,TRUE,2.63329636103604e-07,5,16.3562477642406,1201.34864982614,21.7142823362953
1.6425,0.304,10000,1,0.512385866006199,0.0723995653876182,723.995653876182,0.853553911846024,723.995653876182,724,1.62634586885448e-50,"success",TRUE,TRUE,3.51749687612047e-10,6,14.0796903242856,1404.39486122118,18.9453654309107
1.74125,0.304,10000,1,0.457167155754265,0.0743217677970408,743.217677970408,0.859835809249551,743.217677970408,743,1.86525126267031e-49,"success",TRUE,TRUE,1.29159711887133e-07,5,12.3875351194802,1600.86079604445,16.8946212747717
1.84,0.304,10000,1,0.407860720045373,0.0754253308128545,754.253308128545,0.867993907891685,754.253308128545,754,4.38101249455438e-47,"success",TRUE,TRUE,5.13340063101539e-07,5,11.076646208383,1790.15476246676,15.3114257980612
1.93875,0.304,10000,1,0.363993061412538,0.0759241453591015,759.241453591015,0.877302413541727,759.241453591015,759,7.08495385988348e-44,"success",TRUE,TRUE,8.31338112909381e-08,5,10.0289537458801,1972.13186909913,14.0504731521994
2.0375,0.304,10000,1,0.325059064685756,0.0759742557115436,759.742557115435,0.887211122596521,759.742557115435,760,3.16594295778497e-40,"success",TRUE,TRUE,2.36984366315269e-07,5,9.17106958672972,2146.7770636651,13.0219221176722
2.13625,0.304,10000,1,0.290518110328732,0.075690840595053,756.90840595053,0.897331069281354,756.90840595053,757,2.42771519114969e-36,"success",TRUE,TRUE,4.91130542332619e-07,5,8.45471002472322,2314.38550690526,12.1663289559042
2.235,0.304,10000,1,0.259880877503315,0.0751597775875962,751.597775875962,0.907360783227077,751.597775875962,752,1.78058875374767e-32,"success",TRUE,TRUE,3.91538289439149e-07,5,7.84703831317982,2474.94513036132,11.4433524044114
2.33375,0.304,10000,1,0.232704768894227,0.0744456547902008,744.456547902008,0.917073002529399,744.456547902008,744,1.06784437297414e-28,"success",TRUE,TRUE,1.55787521385507e-07,5,7.32475710764958,2628.5062126395,10.8245629595313
2.4325,0.304,10000,1,0.208568576804631,0.0735974074946474,735.974074946474,0.926320894496386,735.974074946474,736,3.4390206091941e-25,"success",TRUE,TRUE,4.71000240118841e-07,5,6.870517313165,2775.91348103142,10.2888087365407
2.53125,0.304,10000,1,0.18712181488068,0.0726523395823808,726.523395823808,0.934987900459673,726.523395823808,727,5.96973823660345e-22,"success",TRUE,TRUE,1.19056131256054e-06,5,6.47171098234018,2917.20856842227,9.82074178614938
2.63,0.304,10000,1,0.168035344619285,0.0716390290448033,716.390290448033,0.943013769207184,716.390290448033,716,5.68738163909335e-19,"success",TRUE,TRUE,1.9443419754171e-07,6,6.11858832200587,3052.75436169361,9.40825274380815
2.72875,0.304,10000,1,0.151037275644512,0.0705794515526109,705.794515526109,0.950355852667442,705.794515526109,706,2.44171546542637e-16,"success",TRUE,TRUE,1.11137670738246e-07,6,5.8034507414702,3183.24681611146,9.04231612382802
2.8275,0.304,10000,1,0.135881277909466,0.0694905488832133,694.905488832133,0.957004145896094,694.905488832133,695,5.43380881670414e-14,"success",TRUE,TRUE,5.06505924879548e-07,6,5.52083635896147,3307.60683009505,8.71565741724024
2.92625,0.304,10000,1,0.122348077697094,0.0683853984859535,683.853984859535,0.962971196504595,683.853984859535,684,6.18721520038811e-12,"success",TRUE,TRUE,2.07678101182292e-06,6,5.26542226517442,3427.63968655869,8.4223460703443
3.025,0.304,10000,1,0.110247056783004,0.067274093299638,672.74093299638,0.968282961955119,672.74093299638,673,3.79787947805264e-10,"success",TRUE,TRUE,2.81064653753359e-06,7,5.03359553028458,3542.89533165073,8.1575782494827
3.12375,0.304,10000,1,0.0994230158076448,0.0661644089408473,661.644089408473,0.972967687372783,661.644089408472,662,1.32175917546019e-08,"success",TRUE,TRUE,2.86154475181331e-06,7,4.82217841321531,3653.68226345803,7.91782037841811
3.2225,0.304,10000,1,0.0897185074027656,0.065062313386349,650.62313386349,0.977077108650935,650.62313386349,651,2.77762694243691e-07,"success",TRUE,TRUE,1.34388594216273e-06,7,4.62849521895351,3760.40684076594,7.69940268726148
3.32125,0.304,10000,1,0.0810194219984946,0.063972358965722,639.72358965722,0.980649695945713,639.72358965722,640,3.70590881819903e-06,"success",TRUE,TRUE,3.05185092325572e-07,7,4.45004403630323,3864.45807162063,7.50013917361586
3.42,0.304,10000,1,0.0732142678852749,0.0628979857050033,628.979857050033,0.983735291302619,628.979857050033,629,3.3145184553745e-05,"success",TRUE,TRUE,4.78645110710345e-06,7,4.28598543785664,3962.48672350896,7.31783155393464
3.51875,0.304,10000,1,0.066191716237957,0.0618417573958337,618.417573958337,0.986391351175912,618.417573958337,618,0.000210106742557578,"success",TRUE,TRUE,1.49966847351429e-07,8,4.13385428227253,4057.92946081469,7.14991917212685
3.6175,0.304,10000,1,0.0598805245939355,0.0608055462556518,608.055462556518,0.98865731647913,608.055462556518,608,0.000972382376068162,"success",TRUE,TRUE,1.6139703845144e-07,8,3.99240823973301,4150.71464370606,6.99551975497241
3.71625,0.304,10000,1,0.0541970127067225,0.0597906780488462,597.906780488462,0.990583473690192,597.906780488462,598,0.00349031609635779,"success",TRUE,TRUE,2.69883490632704e-06,7,3.86090402921551,4239.50826151031,6.85283307092298
3.815,0.304,10000,1,0.0490794050072116,0.0587980466153299,587.980466153299,0.992210137457353,587.980466153299,588,0.0100682047464744,"success",TRUE,TRUE,6.59503527740854e-06,7,3.73809387738911,4325.41765086512,6.72099383448041
3.91375,0.304,10000,1,0.0444592785906134,0.0578282045964562,578.282045964562,0.993580859228517,578.282045964562,578,0.0241801573862587,"success",TRUE,TRUE,3.8557114099999e-07,8,3.6232761056116,4408.04371216838,6.59831758902087
4.0125,0.304,10000,1,0.0402953141575214,0.0568814355450743,568.814355450743,0.994726581423284,568.814355450743,569,0.0493649441483258,"success",TRUE,TRUE,6.49677022591011e-07,8,3.51539622873311,4488.77797013539,6.48471710206069
4.11125,0.304,10000,1,0.0365335046124133,0.0559578114061438,559.578114061438,0.995682458053615,559.578114061438,560,0.0886501025517469,"success",TRUE,TRUE,1.02595939302269e-06,8,3.4140478687317,4566.72212499789,6.37882817963728
4.21,0.304,10000,1,0.0331340984595781,0.055057238449343,550.57238449343,0.996476198190782,550.57238449343,551,0.142980962421383,"success",TRUE,TRUE,1.20579244741389e-06,8,3.31870344919679,4641.77465773237,6.28006462417754
4.30875,0.304,10000,1,0.0300602146360256,0.0541794940484231,541.794940484231,0.997132741668029,541.794940484231,542,0.210917921042522,"success",TRUE,TRUE,7.78151003859046e-07,8,3.22871534019816,4714.65058303084,6.1877861695055
4.4075,0.304,10000,1,0.027278660033196,0.0533242561778333,533.242561778333,0.997673880163787,533.242561778333,533,0.289018060456743,"success",TRUE,TRUE,2.28339391943793e-06,8,3.14333637137611,4786.85137097951,6.1013772874388
4.50625,0.304,10000,1,0.024764343215752,0.0524911270946309,524.911270946309,0.998117371338157,524.911270946309,525,0.3718325750372,"success",TRUE,TRUE,1.330059164559e-05,8,3.06298735334929,4854.73111303712,6.02088040857392
4.605,0.304,10000,1,0.022484666686146,0.0516796523629487,516.796523629487,0.998480877624566,516.796523629487,517,0.455671364184541,"success",TRUE,TRUE,4.88735833526098e-05,8,2.98666153301555,4921.25145543067,5.94502531124833
4.70375,0.304,10000,1,0.0204216997706002,0.0508893361371605,508.893361371605,0.998776905706126,508.893361371605,509,0.536367333986615,"success",TRUE,TRUE,4.4864509229181e-05,9,2.91419264326064,4985.92492254547,5.87417912596006
4.8025,0.304,10000,1,0.0185501210412207,0.050119653431849,501.19653431849,0.999017926192768,501.19653431849,501,0.61124297249864,"success",TRUE,TRUE,7.29732200988682e-05,8,2.84497762701871,5050.2327476104,5.80731073443172
4.90125,0.304,10000,1,0.0168538825493015,0.0493700599593827,493.700599593827,0.999213209157058,493.700599593827,494,0.677851081142035,"success",TRUE,TRUE,3.42020662600032e-05,9,2.77980713980305,5109.19957261925,5.74453724797683
5,0.304,10000,1,0.0153161435595272,0.04864,486.4,0.999370983490819,486.4,486,0.736535230193433,"success",TRUE,TRUE,1.58146208544016e-05,9,2.71723763116304,5168.82109686759,5.68560700318992
1.05,0.31625,10000,1,NA,0.0143424036281179,NA,NA,143.424036281179,NA,NA,"no_epidemic_peak",FALSE,FALSE,NA,NA,NA,NA,NA
1.14875,0.31625,10000,1,NA,0.0356481059390619,NA,NA,356.481059390619,NA,NA,"no_epidemic_peak",FALSE,FALSE,NA,NA,NA,NA,NA
1.2475,0.31625,10000,1,0.792410429117681,0.0502949787350252,502.949787350252,0.873387630059215,502.949787350252,503,2.67386471519318e-30,"success",TRUE,TRUE,2.12801710646848e-10,7,33.9555456614408,582.507306492009,43.2875641995803
1.34625,0.31625,10000,1,0.716346627199452,0.0604183531923075,604.183531923075,0.855656470539547,604.183531923075,604,1.28487558043071e-41,"success",TRUE,TRUE,2.73631167480533e-08,6,24.7603244310971,798.386481696025,31.9246892084032
1.445,0.31625,10000,1,0.643883491741044,0.0673992169633984,673.992169633984,0.847491642372228,673.992169633984,674,3.65827048772692e-49,"success",TRUE,TRUE,5.8753879547264e-09,6,19.6706333150016,1012.46663896519,25.6895453255896
1.54375,0.31625,10000,1,0.576703198455233,0.0721565670638758,721.565670638758,0.845833120232692,721.565670638758,722,3.15895804947507e-53,"success",TRUE,TRUE,2.16297868325768e-07,5,16.40340214478,1222.2399593755,21.7074479664324
1.6425,0.31625,10000,1,0.515522031999955,0.0753169820849811,753.169820849811,0.848611854486335,753.169820849811,753,2.07944754443923e-54,"success",TRUE,TRUE,4.47697354356172e-10,6,14.1141459090978,1426.03650567653,18.9282769394934
1.74125,0.31625,10000,1,0.460417158174746,0.0773166416638623,773.166416638623,0.854401448591552,773.166416638623,773,1.49522811363782e-53,"success",TRUE,TRUE,1.00168305439168e-07,5,12.413842501533,1622.98413709045,16.8714735564092
1.84,0.31625,10000,1,0.411121819654576,0.0784646739130435,784.646739130435,0.862188212422795,784.646739130435,785,2.80306776442801e-51,"success",TRUE,TRUE,3.76986494648242e-07,5,11.0972869547174,1812.66884799861,15.2844736573944
1.93875,0.31625,10000,1,0.367202737684991,0.0789835887164995,789.835887164995,0.871233629035684,789.835887164995,790,5.08578659629313e-48,"success",TRUE,TRUE,5.45057424372782e-08,5,10.0456282460495,1994.81586609348,14.0211922828894
2.0375,0.31625,10000,1,0.328155713008258,0.0790357183183409,790.357183183409,0.880994703507045,790.357183183409,790,3.37990891881466e-44,"success",TRUE,TRUE,1.74484215924873e-07,5,9.18487219446384,2169.44012283739,12.9908501287993
2.13625,0.31625,10000,1,0.293483544600956,0.0787408826913997,787.408826913997,0.891056263647447,787.408826913997,787,3.76127655558692e-40,"success",TRUE,TRUE,3.22406173229248e-07,5,8.46638158109459,2336.86147452005,12.1342015229936
2.235,0.31625,10000,1,0.26269605068209,0.0781884199410437,781.884199410437,0.901116614545678,781.884199410437,782,4.35251008066935e-36,"success",TRUE,TRUE,2.44140465048819e-07,5,7.85693807135203,2497.38033723753,11.410488190278
2.33375,0.31625,10000,1,0.235354090285992,0.077445520813819,774.45520813819,0.910942734168607,774.45520813819,774,4.42683126494004e-32,"success",TRUE,TRUE,1.5224055449365e-07,5,7.33322180297142,2650.90825373732,10.7910569814776
2.4325,0.31625,10000,1,0.211054389181873,0.0765630925005994,765.630925005994,0.920368386768694,765.630925005994,766,2.48117140902551e-28,"success",TRUE,TRUE,4.7634785148732e-07,5,6.87789755346842,2798.08579158156,10.2549216249218
2.53125,0.31625,10000,1,0.189446393634873,0.0755799420819997,755.799420819997,0.929269167970183,755.799420819997,756,8.22233533255717e-25,"success",TRUE,TRUE,9.86310006683214e-07,5,6.47818229511156,2939.17794417237,9.78659926431753
2.63,0.31625,10000,1,0.17020632484463,0.0745257991296679,745.257991296679,0.937572010290347,745.257991296679,745,1.39140034877231e-21,"success",TRUE,TRUE,1.48864026772513e-06,5,6.12432450154475,3074.45477769772,9.37402223016815
2.72875,0.31625,10000,1,0.15305221119676,0.0734235248470829,734.235248470829,0.945232945390811,734.235248470829,734,1.11049363215934e-18,"success",TRUE,TRUE,5.72264336952944e-07,6,5.80862139852111,3204.5316675215,9.00784718122487
2.8275,0.31625,10000,1,0.137751638719181,0.0722907436984086,722.907436984086,0.952221259649978,722.907436984086,723,4.24113911230783e-16,"success",TRUE,TRUE,1.75354688236595e-06,5,5.52540657508121,3328.81942922316,8.68108889765345
2.92625,0.31625,10000,1,0.124078742416541,0.071141060102575,711.41060102575,0.958545838554543,711.41060102575,711,8.44815748085783e-14,"success",TRUE,TRUE,1.46189092148363e-06,5,5.26956076774739,3448.52280289036,8.38761960617216
3.025,0.31625,10000,1,0.111853181757036,0.069984973703982,699.84973703982,0.964216273023343,699.84973703982,700,8.35833436392904e-12,"success",TRUE,TRUE,2.04147769772289e-06,5,5.03727935819005,3563.71310359579,8.12293616843608
3.12375,0.31625,10000,1,0.100904853427026,0.0688305734458649,688.305734458649,0.969264351670092,688.305734458649,688,4.70176884314539e-10,"success",TRUE,TRUE,1.97738180822227e-07,6,4.82556678031733,3674.0934580839,7.88301113634239
3.2225,0.31625,10000,1,0.0910917518544265,0.0676840677908976,676.840677908976,0.973724281960529,676.840677908976,677,1.48310587927681e-08,"success",TRUE,TRUE,2.00210149257221e-06,6,4.63156908399903,3780.61583393932,7.66472642942196
3.32125,0.31625,10000,1,0.0822874283462158,0.0665501925095709,665.501925095709,0.977637621495187,665.501925095709,666,2.87398989048638e-07,"success",TRUE,TRUE,4.05380426162468e-06,7,4.45295629078441,3884.06230399428,7.46543660910272
3.42,0.31625,10000,1,0.0743799719415396,0.0654325262473924,654.325262473924,0.981049784776333,654.325262473924,654,3.6808204221506e-06,"success",TRUE,TRUE,1.44708353832188e-07,8,4.28855322088235,3982.23671273693,7.28288710068075
3.51875,0.31625,10000,1,0.0672705562194044,0.0643337361066855,643.337361066855,0.984007624798606,643.337361066855,643,3.14783630554474e-05,"success",TRUE,TRUE,1.6970449236629e-07,8,4.1362290660622,4077.38343339996,7.11514309071364
3.6175,0.31625,10000,1,0.0608728571842933,0.0632557697478614,632.557697478615,0.986557166970993,632.557697478614,633,0.000190277744061122,"success",TRUE,TRUE,1.89710589643992e-07,8,3.99457987506741,4170.0043174096,6.96058325060363
3.71625,0.31625,10000,1,0.0551129862101309,0.0622000063583803,622.000063583803,0.988741810283577,622.000063583803,622,0.000874104484030683,"success",TRUE,TRUE,2.0629730988448e-07,8,3.86301056787623,4258.15903183411,6.81795374051811
3.815,0.31625,10000,1,0.0499200707722935,0.0611673757963753,611.673757963753,0.990606029867131,611.673757963753,612,0.00310021592217282,"success",TRUE,TRUE,2.37799815200335e-07,8,3.73997771653475,4344.1312284519,6.6858546442165
3.91375,0.31625,10000,1,0.0452362708477494,0.0601584529724647,601.584529724647,0.992188469798578,601.584529724647,602,0.00890622849526427,"success",TRUE,TRUE,1.05439381851654e-06,7,3.62507349382177,4426.32391793862,6.56334741249646
4.0125,0.31625,10000,1,0.0410061449950387,0.0591735328655584,591.735328655584,0.993526767336095,591.735328655584,592,0.0213947281478087,"success",TRUE,TRUE,5.74173678752734e-07,8,3.51709905400022,4506.71433138139,6.44932316464782
4.11125,0.31625,10000,1,0.0371887984679953,0.0582126903197137,582.126903197137,0.994651402737481,582.126903197137,582,0.0441025272606432,"success",TRUE,TRUE,1.16049619532425e-06,8,3.41564826672007,4584.39652583513,6.34346289487237
4.21,0.31625,10000,1,0.0337371348189971,0.0572758278276471,572.758278276471,0.995594496418993,572.758278276471,573,0.0796645598354726,"success",TRUE,TRUE,2.38355341975475e-06,8,3.32019475538796,4659.26190603301,6.24463746658086
4.30875,0.31625,10000,1,0.0306152043979211,0.0563627137921507,563.627137921507,0.996381949671405,563.627137921507,564,0.129473276947525,"success",TRUE,TRUE,4.45431759353142e-06,8,3.2300927626297,4732.01900894576,6.15231193105972
4.4075,0.31625,10000,1,0.027792461967046,0.0554730132113151,554.730132113151,0.997036263351621,554.730132113151,555,0.192566033469292,"success",TRUE,TRUE,7.23327569545577e-06,8,3.14459743894507,4804.16323492772,6.06622354143441
4.50625,0.31625,10000,1,0.0252352003196559,0.054606312314727,546.06312314727,0.997579153429778,546.06312314727,546,0.266232649540949,"success",TRUE,TRUE,1.01583807127995e-05,8,3.06425113916191,4871.45754629228,5.98542514011314
4.605,0.31625,10000,1,0.0229185669889161,0.0537621383545478,537.621383545478,0.998027746732281,537.621383545478,538,0.345722106351245,"success",TRUE,TRUE,1.52959568240126e-05,8,2.98779951360375,4938.03229814109,5.90962976822682
4.70375,0.31625,10000,1,0.0208198809172795,0.0529399755045296,529.399755045296,0.998397039383032,529.399755045296,529,0.427993820446761,"success",TRUE,TRUE,3.07055403665837e-05,8,2.91532286244047,5002.2264923952,5.83857781183681
4.8025,0.31625,10000,1,0.0189176025419135,0.0521392776244153,521.392776244153,0.998700197645946,521.392776244153,521,0.507815280115236,"success",TRUE,TRUE,5.73545786485413e-05,8,2.84597822274215,5066.68182801683,5.77187769804908
4.90125,0.31625,10000,1,0.0171913491603708,0.0513594784939302,513.594784939302,0.99894859779768,513.594784939302,514,0.582337541555592,"success",TRUE,TRUE,1.83704557042308e-05,8,2.78078985035752,5125.26004520417,5.70896475957288
5,0.31625,10000,1,0.015625067921416,0.0506,506,0.99915142117709,506,506,0.650793319150956,"success",TRUE,TRUE,7.95879820853811e-05,9,2.71820001073529,5184.53431583754,5.6496930718892
1.05,0.3285,10000,1,NA,0.0148979591836735,NA,NA,148.979591836735,NA,NA,"no_epidemic_peak",FALSE,FALSE,NA,NA,NA,NA,NA
1.14875,0.3285,10000,1,NA,0.0370289416631836,NA,NA,370.289416631836,NA,NA,"no_epidemic_peak",FALSE,FALSE,NA,NA,NA,NA,NA
1.2475,0.3285,10000,1,0.793284088312724,0.0522431636820736,522.431636820736,0.871694025143287,522.431636820736,522,7.41385567017284e-32,"success",TRUE,TRUE,2.0391699004094e-10,7,34.1627706548543,598.531706235864,43.454518683716
1.34625,0.3285,10000,1,0.718029677416689,0.0627586688495589,627.586688495589,0.853071965721544,627.586688495589,628,4.56037770664009e-44,"success",TRUE,TRUE,2.57055979117373e-08,6,24.8691964369999,816.69063934858,31.9806663464378
1.445,0.3285,10000,1,0.646202630387158,0.0700099376204787,700.099376204787,0.844079403966635,700.099376204787,700,2.9397632123487e-52,"success",TRUE,TRUE,5.36657925349492e-09,6,19.7386391035827,1032.34688211623,25.7045141667463
1.54375,0.3285,10000,1,0.579455459632196,0.0749515645232671,749.515645232671,0.841696790451895,749.515645232671,750,7.35789099183411e-57,"success",TRUE,TRUE,1.81467162212001e-07,5,16.4501476595156,1243.20876693987,21.7030543809915
1.6425,0.3285,10000,1,0.518532898992254,0.078234398782344,782.34398782344,0.843866300932538,782.34398782344,782,2.21814357559699e-58,"success",TRUE,TRUE,5.11397413074127e-10,6,14.1482693770604,1447.77060001554,18.9134218986148
1.74125,0.3285,10000,1,0.463547404377629,0.0803115155306839,803.115155306839,0.849164190818065,803.115155306839,803,9.55679763771749e-58,"success",TRUE,TRUE,7.88552237537891e-08,5,12.4399249996098,1645.18147305342,16.8503749851113
1.84,0.3285,10000,1,0.414279766956028,0.0815040170132325,815.040170132325,0.856566382932936,815.040170132325,815,1.58575519021945e-55,"success",TRUE,TRUE,2.85258355962317e-07,5,11.1179474492139,1835.07411335941,15.2596054240789
1.93875,0.3285,10000,1,0.370312774093982,0.0820430320738975,820.430320738975,0.86533675795249,820.430320738975,820,3.10330719818168e-52,"success",TRUE,TRUE,3.76267829720273e-08,5,10.0623220414834,2017.38983156412,13.9937803645595
2.0375,0.3285,10000,1,0.33117715542438,0.0820971809251383,820.971809251383,0.874917838046101,820.971809251383,821,2.26532018672427e-48,"success",TRUE,TRUE,1.27606352393907e-07,5,9.19850333124986,2192.25989804729,12.9618394077874
2.13625,0.3285,10000,1,0.296375196763346,0.0817909247877464,817.909247877464,0.884899261164678,817.909247877464,818,3.62372289555535e-44,"success",TRUE,TRUE,2.15288163785501e-07,5,8.4779172957573,2359.47791508669,12.1039292686647
2.235,0.3285,10000,1,0.265451925332792,0.0812170622944912,812.170622944912,0.894954744772589,812.170622944912,812,7.28572543124478e-40,"success",TRUE,TRUE,1.58560411653167e-07,5,7.86680672794881,2519.79863578107,11.379529900553
2.33375,0.3285,10000,1,0.23795439562663,0.0804453868374373,804.453868374373,0.904859494514331,804.453868374373,804,1.23379431999818e-35,"success",TRUE,TRUE,1.50350385689189e-07,5,7.341598855963,2673.42327917732,10.7594694041938
2.4325,0.3285,10000,1,0.213502896060235,0.0795287775065515,795.287775065515,0.914424626415029,795.287775065515,795,1.29595903272944e-31,"success",TRUE,TRUE,4.29235681148783e-07,5,6.88520508652966,2820.36013660394,10.2230150712609
2.53125,0.3285,10000,1,0.19172886998919,0.0785075445816187,785.075445816187,0.923534064077042,785.075445816187,785,7.59523573177577e-28,"success",TRUE,TRUE,8.48194204957145e-07,5,6.48459278209917,2961.2396726453,9.7541807115463
2.63,0.3285,10000,1,0.172336250843082,0.0774125692145325,774.125692145325,0.93208468771596,774.125692145325,774,2.28275365290602e-24,"success",TRUE,TRUE,1.32027607379834e-06,5,6.13000903899183,3096.23907950801,9.34137533810791
2.72875,0.3285,10000,1,0.15504144174874,0.0762675981415548,762.675981415548,0.940025560170871,762.675981415548,763,3.20304166603491e-21,"success",TRUE,TRUE,7.31310132494626e-07,6,5.81374722739322,3225.89300916195,8.97519448323338
2.8275,0.3285,10000,1,0.139589905200277,0.0750909385136038,750.909385136039,0.947335638170759,750.909385136039,751,2.26157241746279e-18,"success",TRUE,TRUE,8.82892160048705e-07,6,5.52993883193544,3350.10174517344,8.6480428845647
2.92625,0.3285,10000,1,0.125786029841436,0.0738967217191965,738.967217191965,0.953990361506391,738.967217191965,739,7.63846896816921e-16,"success",TRUE,TRUE,1.16081675133228e-06,6,5.27366609415037,3469.4697740548,8.35453591668639
3.025,0.3285,10000,1,0.113435047242894,0.0726958541083259,726.958541083259,0.960003119302828,726.958541083259,727,1.29482870322049e-13,"success",TRUE,TRUE,2.0994674954089e-06,5,5.04093484159816,3584.58933812602,8.08977817653859
3.12375,0.3285,10000,1,0.102364857216494,0.0714967379508826,714.967379508826,0.965400061575427,714.967379508826,715,1.16341688038346e-11,"success",TRUE,TRUE,9.14613647382717e-07,6,4.8289298449677,3694.55851174533,7.84965689569376
3.2225,0.3285,10000,1,0.0924473767687227,0.0703058221954462,703.058221954462,0.970197785647611,703.058221954462,703,5.7913016418816e-10,"success",TRUE,TRUE,1.59890769938631e-06,7,4.63462077558752,3800.8744394228,7.63152688110843
3.32125,0.3285,10000,1,0.0835395296384621,0.0691280260534199,691.280260534199,0.974445353920067,691.280260534199,691,1.70382537706833e-08,"success",TRUE,TRUE,1.05252970337061e-07,8,4.45584796926685,3903.71249671446,7.43217149979018
3.42,0.3285,10000,1,0.0755309655043479,0.0679670667897815,679.670667897815,0.978181974034988,679.670667897815,680,3.05749425917499e-07,"success",TRUE,TRUE,1.40622113005258e-07,8,4.29110363811975,4002.02908245682,7.24934838606893
3.51875,0.3285,10000,1,0.0683373716054112,0.0668257148175374,668.257148175374,0.981440635977244,668.257148175374,668,3.67431059935877e-06,"success",TRUE,TRUE,1.85610610689523e-06,7,4.13858823976915,4096.8767066365,7.08178020381098
3.6175,0.3285,10000,1,0.0618579867148566,0.0657059932400711,657.059932400711,0.984275007139732,657.059932400711,657,3.00270471800081e-05,"success",TRUE,TRUE,2.06138029053998e-07,8,3.99673768925179,4189.33046999268,6.92723265821116
3.71625,0.3285,10000,1,0.0560197105985304,0.0646093346679144,646.093346679144,0.986725637773543,646.093346679144,646,0.000178189645357575,"success",TRUE,TRUE,2.31862659194917e-07,8,3.86510386718745,4276.84390774374,6.78445883901027
3.815,0.3285,10000,1,0.0507534406140155,0.0635367049774206,635.367049774207,0.98883483449621,635.367049774206,635,0.000800913956443208,"success",TRUE,TRUE,2.53549443688761e-07,8,3.74185017149507,4362.8765007087,6.65215861620707
3.91375,0.3285,10000,1,0.0460073932940221,0.0624887013484732,624.887013484732,0.990637400665577,624.887013484732,625,0.00279705001572236,"success",TRUE,TRUE,2.74459297469718e-07,8,3.6268602148742,4444.63379500983,6.52982029337596
4.0125,0.3285,10000,1,0.041718645019589,0.0614656301860425,614.656301860424,0.992175593093182,614.656301860424,615,0.00797906063038855,"success",TRUE,TRUE,5.01575427902363e-06,7,3.51879196618417,4524.67850143316,6.4159130562353
4.11125,0.3285,10000,1,0.0378431183285039,0.0604675692332837,604.675692332837,0.993481366047517,604.675692332837,605,0.0191264385419227,"success",TRUE,TRUE,4.61383636068757e-07,8,3.41723955647081,4602.09702522763,6.3098337470419
4.21,0.3285,10000,1,0.0343401010096521,0.0594944172059512,594.944172059512,0.994584859227014,594.944172059512,595,0.0395272805871317,"success",TRUE,TRUE,9.44054653486445e-07,8,3.32167781805113,4676.7735882533,6.21099249886413
4.30875,0.3285,10000,1,0.0311716524164563,0.0585459335358783,585.459335358782,0.99551402959166,585.459335358782,585,0.0720642928844363,"success",TRUE,TRUE,2.21027435680235e-06,8,3.23146278182471,4749.41031146838,6.11874400213857
4.4075,0.3285,10000,1,0.0283030468387587,0.0576217702447969,576.217702447969,0.99629405916655,576.217702447969,576,0.1178211937598,"success",TRUE,TRUE,4.97753471488021e-06,8,3.14585202432394,4821.49643170072,6.03240673006856
4.50625,0.3285,10000,1,0.0257034169191543,0.0567214975348231,567.214975348231,0.996947006837417,567.214975348231,567,0.176630561426538,"success",TRUE,TRUE,9.99882584544996e-06,8,3.06550838443109,4888.20425986025,5.95133949961537
4.605,0.3285,10000,1,0.0233518305842207,0.0558446243461469,558.446243461469,0.997490116175204,558.446243461469,558,0.246036424772278,"success",TRUE,TRUE,1.76928518696058e-05,8,2.98893179105623,4954.83224286838,5.87580054102034
4.70375,0.3285,10000,1,0.0212171001283672,0.0549906148718988,549.906148718988,0.997942362339279,549.906148718988,550,0.322108566239808,"success",TRUE,TRUE,2.78736532527343e-05,8,2.91644745703314,5018.54614161708,5.80447525677212
4.8025,0.3285,10000,1,0.019283382635464,0.0541589018169816,541.589018169816,0.998316525758832,541.589018169816,542,0.401233414906156,"success",TRUE,TRUE,4.22665392059238e-05,8,2.84697404748428,5083.14785561069,5.73776127170819
4.90125,0.3285,10000,1,0.0175289009116829,0.0533488970284777,533.488970284777,0.998625749692306,533.488970284777,533,0.480475433962665,"success",TRUE,TRUE,1.59656042518353e-05,9,2.78176790919556,5141.33666350284,5.67497938246028
5,0.3285,10000,1,0.0159361488105659,0.05256,525.6,0.998880675372177,525.6,526,0.554829449992699,"success",TRUE,TRUE,7.04317265063184e-05,9,2.71915789046572,5200.26283733658,5.6157720059787
1.05,0.34075,10000,1,NA,0.015453514739229,NA,NA,154.53514739229,NA,NA,"no_epidemic_peak",FALSE,FALSE,NA,NA,NA,NA,NA
1.14875,0.34075,10000,1,NA,0.0384097773873054,NA,NA,384.097773873054,NA,NA,"no_epidemic_peak",FALSE,FALSE,NA,NA,NA,NA,NA
1.2475,0.34075,10000,1,0.794079099203082,0.054191348629122,541.91348629122,0.870092491749513,541.91348629122,542,1.75573190199321e-33,"success",TRUE,TRUE,1.96243355053598e-10,7,34.368944007458,614.659682395704,43.6254861953803
1.34625,0.34075,10000,1,0.719603166373126,0.0650989845068103,650.989845068103,0.850618793786452,650.989845068103,651,1.80912263041134e-46,"success",TRUE,TRUE,2.42714216491384e-08,6,24.9771749849133,835.091769273328,32.0392771189253
1.445,0.34075,10000,1,0.648402139414871,0.0726206582775589,726.206582775589,0.840825709165767,726.206582775589,726,2.17041666290732e-55,"success",TRUE,TRUE,4.93737735968842e-09,6,19.8060638649274,1052.31234915642,25.721944223653
1.54375,0.34075,10000,1,0.582086489821907,0.0777465619826583,777.465619826583,0.837736972904971,777.465619826583,777,1.79750370493429e-60,"success",TRUE,TRUE,1.55237797797456e-07,5,16.4965468547199,1264.23813588745,21.7009013926998
1.6425,0.34075,10000,1,0.521426060605992,0.0811518154797069,811.518154797069,0.839306663300614,811.518154797069,812,1.67334258409748e-62,"success",TRUE,TRUE,5.32927036408807e-10,6,14.1822615222188,1469.49866133908,18.9006347571632
1.74125,0.34075,10000,1,0.466580645735647,0.0833063893975054,833.063893975054,0.844106054583765,833.063893975054,833,4.88330454648248e-62,"success",TRUE,TRUE,6.30420014855441e-08,5,12.4658508876372,1667.40911667593,16.8315088871127
1.84,0.34075,10000,1,0.417344025992384,0.0845433601134216,845.433601134216,0.851120092974334,845.433601134216,845,6.95444710649803e-60,"success",TRUE,TRUE,2.21565617059005e-07,5,11.1383554046286,1857.62922253783,15.2367399520142
1.93875,0.34075,10000,1,0.373344326915596,0.0851024754312956,851.024754312955,0.859598119290181,851.024754312956,851,1.21740082619391e-56,"success",TRUE,TRUE,2.68462665622277e-08,5,10.0788794247393,2040.03603418742,13.968389301086
2.0375,0.34075,10000,1,0.334123039290367,0.0851586435319357,851.586435319357,0.868984273158436,851.586435319357,852,1.09182493404681e-52,"success",TRUE,TRUE,9.31090382646918e-08,5,9.2122326044269,2214.86258129319,12.934663544575
2.13625,0.34075,10000,1,0.299210943969171,0.0848409668840931,848.409668840931,0.878853641083346,848.409668840931,848,2.76210243584288e-48,"success",TRUE,TRUE,1.44690752761323e-07,5,8.48931950279954,2382.23353208639,12.0756282288668
2.235,0.34075,10000,1,0.268138887733058,0.0842457046479388,842.457046479388,0.888892674855294,842.457046479388,842,8.53362565011389e-44,"success",TRUE,TRUE,1.00406063326683e-07,5,7.8765677118493,2542.34198363851,11.3501177046323
2.33375,0.34075,10000,1,0.240507095101938,0.0834452528610556,834.452528610556,0.898835104104735,834.452528610556,834,2.33959812648276e-39,"success",TRUE,TRUE,1.19232074104539e-07,5,7.34988968395113,2696.05037346001,10.7296393468757
2.4325,0.34075,10000,1,0.215897871063318,0.0824944625125036,824.944625125036,0.908518450049423,824.944625125036,825,4.22031470302755e-35,"success",TRUE,TRUE,3.35999688960264e-07,5,6.89244104916254,2842.73576152595,10.1925846889232
2.53125,0.34075,10000,1,0.193983246857333,0.0814351470812376,814.351470812376,0.917788801300373,814.351470812376,814,4.70545823407585e-31,"success",TRUE,TRUE,6.64380996209454e-07,5,6.49094336472755,2983.39311523803,9.7236147981612
2.63,0.34075,10000,1,0.174437289633534,0.0802993392993971,802.993392993971,0.926561386841232,802.993392993971,803,2.51177476463972e-27,"success",TRUE,TRUE,1.10764963816463e-06,5,6.13564269187945,3118.10672945505,9.31043916169638
2.72875,0.34075,10000,1,0.156993791153966,0.0791116714360268,791.116714360268,0.934763572497637,791.116714360268,791,6.68509748726232e-24,"success",TRUE,TRUE,4.10627757637219e-07,6,5.81882886420374,3247.33040461941,8.94392853723217
2.8275,0.34075,10000,1,0.141415313459134,0.0778911333287991,778.911333287991,0.942352040722857,778.911333287991,779,8.16702010988707e-21,"success",TRUE,TRUE,5.1569632350133e-07,6,5.53443366351122,3371.45336585985,8.61687955290248
2.92625,0.34075,10000,1,0.127480160697032,0.076652383335818,766.52383335818,0.94931657230974,766.52383335818,767,4.72372826456136e-18,"success",TRUE,TRUE,8.22455254091002e-07,6,5.2777386880984,3490.4802585553,8.32323374633608
3.025,0.34075,10000,1,0.115000129258352,0.0754067345126699,754.067345126699,0.955657414657109,754.067345126699,754,1.40567272372404e-15,"success",TRUE,TRUE,1.80487366044575e-06,6,5.04456234601818,3605.52370873174,8.05820640748187
3.12375,0.34075,10000,1,0.103820828177711,0.0741629024559003,741.629024559003,0.961378879737033,741.629024559003,742,2.03130967384234e-13,"success",TRUE,TRUE,1.76119817585455e-06,6,4.8322679263082,3715.07715560806,7.81821889110479
3.2225,0.34075,10000,1,0.0937830806273934,0.0729275765999948,729.275765999948,0.966516523651763,729.275765999948,729,1.6503172043297e-11,"success",TRUE,TRUE,1.37710242975517e-06,6,4.63765056697172,3821.18241352275,7.5996052475005
3.32125,0.34075,10000,1,0.0847742207508428,0.0717058595972689,717.058595972689,0.97108912377876,717.058595972689,717,7.32432419894937e-10,"success",TRUE,TRUE,2.96587019832063e-06,7,4.45871931620283,3923.40845743433,7.40017449602347
3.42,0.34075,10000,1,0.0766814388035363,0.0705016073321706,705.016073321706,0.975133863565138,705.016073321706,705,1.95113865098168e-08,"success",TRUE,TRUE,1.26311388766026e-07,8,4.2936369024183,4021.86362380109,7.21770555629794
3.51875,0.34075,10000,1,0.0693906058744376,0.0693176935283892,693.176935283892,0.978701927338253,693.176935283892,693,3.31709104646977e-07,"success",TRUE,TRUE,1.6752435787058e-07,8,4.14093195244067,4116.40910296022,7.0496522217495
3.6175,0.34075,10000,1,0.062831381157924,0.0681562167322807,681.562167322807,0.981821471638993,681.562167322807,682,3.68283630156e-06,"success",TRUE,TRUE,2.07125612010505e-07,8,3.99888183393666,4208.69293912854,6.89510929649872
3.71625,0.34075,10000,1,0.0569174999724468,0.0670186629774484,670.186629774484,0.984540541560562,670.186629774484,670,2.92762112409765e-05,"success",TRUE,TRUE,2.41651964303426e-07,8,3.86718406897053,4295.5627602015,6.75226394004631
3.815,0.34075,10000,1,0.0515876818123058,0.065906034158466,659.06034158466,0.986894910058137,659.06034158466,659,0.000167698466475174,"success",TRUE,TRUE,2.69387530121627e-07,8,3.74371135925592,4381.65333756708,6.62028872603106
3.91375,0.34075,10000,1,0.0467705631419873,0.0648189497244817,648.189497244817,0.988930408351255,648.189497244817,648,0.000736874881045819,"success",TRUE,TRUE,2.93281555460186e-07,8,3.62863637520535,4462.97324231417,6.4974896744557
4.0125,0.34075,10000,1,0.0424250102116399,0.0637577275065265,637.577275065265,0.99067599788845,637.577275065265,638,0.00253738854827932,"success",TRUE,TRUE,3.16857681940269e-07,8,3.52047507909847,4542.67033444094,6.38373401940904
4.11125,0.34075,10000,1,0.0384952374154895,0.0627224481468536,627.224481468536,0.992170741772488,627.224481468536,627,0.00723907023326829,"success",TRUE,TRUE,3.43009112781838e-07,8,3.41882184240829,4619.82342716337,6.27769229291384
4.21,0.34075,10000,1,0.0349407838170896,0.0617130065842553,617.130065842553,0.993444864311567,617.130065842553,617,0.0172864361719456,"success",TRUE,TRUE,3.48418526562161e-06,7,3.32315271053294,4694.30950533078,6.17877948906028
4.30875,0.34075,10000,1,0.03172382000635,0.0607291532796058,607.291532796058,0.994526937459428,607.291532796058,607,0.0357475539052514,"success",TRUE,TRUE,4.57684130929654e-07,8,3.23282545950678,4766.82443867813,6.08635742540384
4.4075,0.34075,10000,1,0.0288096309987845,0.0597705272782786,597.705272782786,0.995443101418533,597.705272782786,598,0.0651376138759156,"success",TRUE,TRUE,1.08777241225805e-06,8,3.14710005880203,4838.851078663,5.99975349709607
4.50625,0.34075,10000,1,0.0261740618574451,0.0588366827549193,588.366827549193,0.996213940577477,588.366827549193,588,0.107482431139699,"success",TRUE,TRUE,3.09959636010323e-06,8,3.06675912250674,4904.97123543597,5.91911029102
4.605,0.34075,10000,1,0.0237822543041378,0.057927110337746,579.27110337746,0.996863090239555,579.27110337746,579,0.162167510658853,"success",TRUE,TRUE,7.84104193560101e-06,8,2.99005841448697,4971.65122740674,5.84313366735083
4.70375,0.34075,10000,1,0.0216157222147806,0.0570412542392679,570.412542392679,0.997406367167711,570.412542392679,570,0.227571407380753,"success",TRUE,TRUE,1.70452921020993e-05,8,2.91756647272843,5034.88382561492,5.7720841837054
4.8025,0.34075,10000,1,0.0196483779897631,0.0561785260095479,561.785260095479,0.997860981857212,561.785260095479,562,0.300167171975073,"success",TRUE,TRUE,3.18656926905775e-05,8,2.84796511762353,5099.63087860233,5.70501306940272
4.90125,0.34075,10000,1,0.0178647198103065,0.0553383155630252,553.383155630252,0.998239346219554,553.383155630252,553,0.377381121126448,"success",TRUE,TRUE,5.17249016293219e-05,8,2.78274135035343,5157.42938206534,5.64214930620201
5,0.34075,10000,1,0.0162459735303388,0.05452,545.2,0.998553710438332,545.2,545,0.454390479260588,"success",TRUE,TRUE,8.55560062795548e-06,9,2.72011129863158,5216.00663488794,5.58302832544648
1.05,0.353,10000,1,NA,0.0160090702947846,NA,NA,160.090702947846,NA,NA,"no_epidemic_peak",FALSE,FALSE,NA,NA,NA,NA,NA
1.14875,0.353,10000,1,NA,0.0397906131114272,NA,NA,397.906131114272,NA,NA,"no_epidemic_peak",FALSE,FALSE,NA,NA,NA,NA,NA
1.2475,0.353,10000,1,0.794802178161916,0.0561395335761704,561.395335761704,0.868575560829866,561.395335761704,561,4.68885327783488e-35,"success",TRUE,TRUE,1.89573136203311e-10,7,34.5742012431878,630.889288517406,43.8000743817434
1.34625,0.353,10000,1,0.721074951417722,0.0674393001640618,674.393001640618,0.848287293525079,674.393001640618,674,6.88582892714861e-49,"success",TRUE,TRUE,2.30211335328269e-08,6,25.0843094659597,853.588158747435,32.1002995841384
1.445,0.353,10000,1,0.650486346861638,0.0752313789346392,752.313789346392,0.837721459150486,752.313789346392,752,1.48227800886571e-58,"success",TRUE,TRUE,4.57239993881856e-09,6,19.8730060086973,1072.34871386836,25.7414557483174
1.54375,0.353,10000,1,0.584603200857651,0.0805415594420495,805.415594420495,0.833943238396061,805.415594420495,805,3.27247155353713e-64,"success",TRUE,TRUE,1.35137984637731e-07,5,16.5425691265844,1285.34162258592,21.7008078364283
1.6425,0.353,10000,1,0.524214830013159,0.0840692321770698,840.692321770698,0.83491957802817,840.692321770698,841,1.26807925497735e-66,"success",TRUE,TRUE,5.15816468686329e-10,6,14.2159080415131,1491.33345714536,18.8899304408977
1.74125,0.353,10000,1,0.469507241033253,0.086301263264327,863.01263264327,0.839227769826708,863.01263264327,863,2.0337950975915e-66,"success",TRUE,TRUE,5.11867532310199e-08,5,12.4915269945444,1689.73383233359,16.8144033576471
1.84,0.353,10000,1,0.420315890825484,0.0875827032136106,875.827032136106,0.845845614062117,875.827032136106,876,2.02770654501134e-64,"success",TRUE,TRUE,1.76064499649389e-07,5,11.1586269262657,1880.22997101333,15.2156673379148
1.93875,0.353,10000,1,0.376286377101735,0.0881619187886936,881.619187886935,0.854024507639204,881.619187886936,882,3.60441086985657e-61,"success",TRUE,TRUE,1.95665640760102e-08,5,10.0952165613539,2062.85532250068,13.9446110723802
2.0375,0.353,10000,1,0.336993154756472,0.0882201061387331,882.201061387331,0.863196339609484,882.201061387331,882,4.45305873977517e-57,"success",TRUE,TRUE,6.7971500443024e-08,5,9.22582543374969,2237.57378574666,12.9091278675109
2.13625,0.353,10000,1,0.301969247773062,0.0878910089804398,878.910089804399,0.872940439478087,878.910089804398,879,1.33497995265941e-52,"success",TRUE,TRUE,9.74583691951958e-08,5,8.50060514377163,2405.10357169463,12.0487421435275
2.235,0.353,10000,1,0.270786759830976,0.0872743470013863,872.743470013863,0.882915282035319,872.743470013863,873,6.12796971244404e-48,"success",TRUE,TRUE,6.00999630006281e-08,5,7.88622279333332,2565.00933058191,11.3226129163684
2.33375,0.353,10000,1,0.242999985103051,0.0864451188846739,864.451188846739,0.89289022883383,864.451188846739,864,3.08697281198261e-43,"success",TRUE,TRUE,7.81621453892732e-08,5,7.35833373909922,2718.30569900781,10.7011844657119
2.4325,0.353,10000,1,0.218257215764658,0.0854601475184557,854.601475184557,0.902648530705631,854.601475184557,855,9.29974468275382e-39,"success",TRUE,TRUE,2.21692106538215e-07,5,6.8996065529143,2865.2119007615,10.1638322446346
2.53125,0.353,10000,1,0.196189566637834,0.0843627495808566,843.627495808566,0.912065607281528,843.627495808566,844,1.82814657006989e-34,"success",TRUE,TRUE,4.50564205270541e-07,5,6.4972349442622,3005.63762539633,9.69433618727661
2.63,0.353,10000,1,0.17650825342732,0.0831861093842618,831.861093842618,0.921020060252896,831.861093842618,832,1.87017571612013e-30,"success",TRUE,TRUE,8.12691219083048e-07,5,6.14122620218194,3140.05718382306,9.28103529073685
2.72875,0.353,10000,1,0.158926415410286,0.0819557447304988,819.557447304988,0.929450669209042,819.557447304988,820,8.82271900134937e-27,"success",TRUE,TRUE,2.17533689479381e-07,6,5.82386693178931,3268.8434122635,8.91432309704537
2.8275,0.353,10000,1,0.143210198382375,0.0806913281439944,806.913281439944,0.937304151462468,806.913281439944,807,2.03046848659318e-23,"success",TRUE,TRUE,2.56375855892546e-07,6,5.5388915088571,3392.8739220767,8.58699662997024
2.92625,0.353,10000,1,0.129144732557683,0.0794080449524395,794.080449524395,0.944557289598029,794.080449524395,794,2.144240023432e-20,"success",TRUE,TRUE,4.31844812604239e-07,6,5.28177898457642,3511.55391220678,8.2931218566308
3.025,0.353,10000,1,0.116551583392426,0.0781176149170139,781.176149170139,0.951194598023624,781.176149170139,781,1.06753476437144e-17,"success",TRUE,TRUE,1.07939531477934e-06,6,5.04816223279148,3626.51589788632,8.02817652982417
3.12375,0.353,10000,1,0.105254327218029,0.076829066960918,768.29066960918,0.957232982685217,768.29066960918,768,2.63972421552224e-15,"success",TRUE,TRUE,4.08291404885311e-07,7,4.83558133757067,3735.64911944059,7.78794943424293
3.2225,0.353,10000,1,0.0951175203376123,0.0755493310045434,755.493310045434,0.962681381000458,755.493310045434,755,3.38331232972745e-13,"success",TRUE,TRUE,9.52637779732344e-07,7,4.64065872502227,3841.53951224755,7.56949685150881
3.32125,0.353,10000,1,0.0860090009362181,0.0742836931411179,742.836931411179,0.967569483124185,742.836931411179,743,2.30062929842458e-11,"success",TRUE,TRUE,2.81294852799778e-06,6,4.46157059494438,3943.14992575773,7.36999711562838
3.42,0.353,10000,1,0.0778168200861113,0.0730361478745597,730.361478745597,0.971928432000172,730.361478745597,730,9.39786861725247e-10,"success",TRUE,TRUE,1.71339578451828e-06,7,4.29615318920555,4041.74016872955,7.18719986134451
3.51875,0.353,10000,1,0.0704453897221493,0.0718096722392411,718.096722392411,0.975790913230961,718.096722392411,718,2.28118517122162e-08,"success",TRUE,TRUE,1.50097228390577e-07,8,4.14326042818079,4135.98049861847,7.01933646159466
3.6175,0.353,10000,1,0.0638033122873644,0.0706064402244904,706.064402244904,0.979198008336585,706.064402244904,706,3.58581723091595e-07,"success",TRUE,TRUE,1.97268597865037e-07,8,4.00108419902191,4227.80962776998,6.86462102162252
3.71625,0.353,10000,1,0.0578163890064265,0.0694279912869826,694.279912869826,0.982186137855832,694.279912869826,694,3.82382030982358e-06,"success",TRUE,TRUE,2.41323543803501e-07,8,3.86925131175614,4314.3154700162,6.72180196914233
3.815,0.353,10000,1,0.0524124579010341,0.0682753633395114,682.753633395114,0.984796780098982,682.753633395114,683,2.85588968157836e-05,"success",TRUE,TRUE,2.77654092325634e-07,8,3.74556140153411,4400.46160933559,6.58948614365508
3.91375,0.353,10000,1,0.0475354318917013,0.0671491981004902,671.491981004903,0.987064443706254,671.491981004903,671,0.000160633386194252,"success",TRUE,TRUE,3.04133046151776e-07,8,3.63040208120363,4481.34214824272,6.46688363823791
4.0125,0.353,10000,1,0.0431253034434961,0.0660498248270106,660.498248270106,0.989029392032577,660.498248270106,660,0.000688764567101542,"success",TRUE,TRUE,3.24596396250272e-07,8,3.52214849238646,4560.68975527333,6.35270800361982
4.11125,0.353,10000,1,0.039140784388807,0.0649773270604236,649.773270604236,0.990721449528443,649.773270604236,650,0.00233624151444697,"success",TRUE,TRUE,3.50349051800367e-07,8,3.42039523126385,4637.57565777406,6.24659041659113
4.21,0.353,10000,1,0.0355356922322302,0.0639315959625595,639.315959625595,0.992174642157226,639.315959625595,639,0.00660405577731738,"success",TRUE,TRUE,3.92359668093193e-07,8,3.3246194554127,4711.86979596542,6.14759933167833
4.30875,0.353,10000,1,0.0322732173381691,0.0629123730233334,629.123730233334,0.99341750589085,629.123730233334,629,0.0157002925378228,"success",TRUE,TRUE,6.05489362508091e-06,7,3.23418086327841,4784.26131233392,6.05521494962955
4.4075,0.353,10000,1,0.0293195393401019,0.0619192843117604,619.192843117604,0.994476674024791,619.192843117604,619,0.032438293778705,"success",TRUE,TRUE,5.03054006557952e-07,8,3.14834164115113,4856.22705605207,5.96892123839403
4.50625,0.353,10000,1,0.0266411062422145,0.0609518679750154,609.518679750154,0.995377690237957,609.518679750154,610,0.0592407482560523,"success",TRUE,TRUE,4.85898199947192e-07,8,3.06800341070299,4921.75841178621,5.88790845804953
4.605,0.353,10000,1,0.0242134945915814,0.0600095963293451,600.095963293451,0.996140710567014,600.095963293451,600,0.098268335597379,"success",TRUE,TRUE,8.3566652298012e-07,8,2.99117943280476,4988.48918819868,5.81199657403718
4.70375,0.353,10000,1,0.0220116194231515,0.059091893606637,590.91893606637,0.996785191396194,590.91893606637,591,0.149118731174548,"success",TRUE,TRUE,3.36852878103931e-06,8,2.91867995641253,5051.23951650576,5.74071177503325
4.8025,0.353,10000,1,0.0200149064760094,0.0581981502021142,581.981502021142,0.997327556630418,581.981502021142,582,0.210673853410283,"success",TRUE,TRUE,1.05241239641122e-05,8,2.84895148691917,5116.13079466619,5.67386805965054
4.90125,0.353,10000,1,0.0182012945790265,0.0573277340975727,573.277340975727,0.997783498792543,573.277340975727,573,0.280420556646584,"success",TRUE,TRUE,2.57625733417414e-05,8,2.78371020557289,5173.53816794317,5.61079994739585
5,0.353,10000,1,0.0165542947936765,0.05648,564.8,0.998165493119153,564.8,565,0.354357750364342,"success",TRUE,TRUE,5.10406476287215e-05,8,2.72106027079323,5231.76566640003,5.55134835221979
1.05,0.36525,10000,1,NA,0.0165646258503402,NA,NA,165.646258503402,NA,NA,"no_epidemic_peak",FALSE,FALSE,NA,NA,NA,NA,NA
1.14875,0.36525,10000,1,NA,0.0411714488355489,NA,NA,411.714488355489,NA,NA,"no_epidemic_peak",FALSE,FALSE,NA,NA,NA,NA,NA
1.2475,0.36525,10000,1,0.795460359091742,0.0580877185232188,580.877185232188,0.867136229024555,580.877185232188,581,1.06841402332587e-36,"success",TRUE,TRUE,1.83736160553711e-10,7,34.778673487031,647.218643645515,43.9784873234473
1.34625,0.36525,10000,1,0.722453455999944,0.0697796158213132,697.796158213132,0.846068230622947,697.796158213132,698,2.1328519862916e-51,"success",TRUE,TRUE,2.19234528895198e-08,6,25.1906469995063,872.178194096302,32.1637135087268
1.445,0.36525,10000,1,0.652464901936054,0.0778420995917195,778.420995917195,0.834755828748683,778.420995917195,778,9.4028619715712e-62,"success",TRUE,TRUE,4.25901862771017e-09,6,19.9393310413872,1092.4819500473,25.7630243108985
1.54375,0.36525,10000,1,0.587011871164857,0.0833365569014408,833.365569014408,0.830305929776676,833.365569014408,833,5.31337202044319e-68,"success",TRUE,TRUE,1.19461295265363e-07,5,16.5882222948451,1306.51964764552,21.7026091370671
1.6425,0.36525,10000,1,0.526898278316415,0.0869866488744327,869.866488744327,0.830699514171867,869.866488744327,870,8.24597721170811e-71,"success",TRUE,TRUE,4.76515143110742e-10,6,14.2492175365346,1513.27080963089,18.8809928970263
1.74125,0.36525,10000,1,0.472333848468632,0.0892961371311485,892.961371311485,0.834520543792513,892.961371311485,893,6.97059607670241e-71,"success",TRUE,TRUE,4.21947137963058e-08,5,12.5170850044394,1712.06786357526,16.7989544668585
1.84,0.36525,10000,1,0.423195680345972,0.0906220463137996,906.220463137996,0.840739442526148,906.220463137996,906,5.53667100009952e-69,"success",TRUE,TRUE,1.42748047534492e-07,5,11.1788215717163,1902.82097193733,15.1961821585352
1.93875,0.36525,10000,1,0.379158035197728,0.0912213621460916,912.213621460916,0.848601976238734,912.213621460916,912,9.5078737785772e-66,"success",TRUE,TRUE,1.45068311836879e-08,5,10.1115735087308,2085.57391007186,13.9225896721615
2.0375,0.36525,10000,1,0.33979740080813,0.0912815687455305,912.815687455305,0.857548154567433,912.815687455305,913,1.16151741078846e-61,"success",TRUE,TRUE,4.99218918450611e-08,5,9.23925137945682,2260.43826496383,12.8852252182042
2.13625,0.36525,10000,1,0.304681420431823,0.0909410510767865,909.410510767865,0.867140000254355,909.410510767865,909,5.28568394442432e-57,"success",TRUE,TRUE,6.60678911283498e-08,5,8.51202366317103,2427.68942236648,12.0236416676013
2.235,0.36525,10000,1,0.273365569750099,0.0903029893548339,903.029893548339,0.877052180918249,903.029893548339,903,3.56423102586585e-52,"success",TRUE,TRUE,3.3388047480736e-08,5,7.89577370375639,2587.79960532916,11.2963385637861
2.33375,0.36525,10000,1,0.245461986297737,0.0894449849082922,894.449849082922,0.887010229105913,894.449849082922,894,2.80668456788189e-47,"success",TRUE,TRUE,4.2532363317394e-08,5,7.36669447781057,2740.66567145031,10.6744784234158
2.4325,0.36525,10000,1,0.220572889174857,0.0884258325244077,884.258325244077,0.896832730765207,884.258325244077,884,1.57369904972176e-42,"success",TRUE,TRUE,1.25257472018657e-07,5,6.90691837878718,2887.30888782204,10.1364617248507
2.53125,0.36525,10000,1,0.19836992543625,0.0872903520804755,872.903520804755,0.906358936222416,872.903520804755,873,5.2855836644054e-38,"success",TRUE,TRUE,2.54399365437735e-07,5,6.50358968153821,3027.68129480781,9.66665855636962
2.63,0.36525,10000,1,0.178539125302838,0.0860728794691264,860.728794691264,0.915484679041364,860.728794691263,861,9.58474184638997e-34,"success",TRUE,TRUE,4.80714489484255e-07,5,6.14676029460982,3162.08989263425,9.25282870353402
2.72875,0.36525,10000,1,0.160829008873574,0.0847998180249708,847.998180249708,0.924112035110611,847.998180249708,848,8.59969582682031e-30,"success",TRUE,TRUE,9.34484964934274e-07,5,5.82886204006493,3290.43158561684,8.88600938604492
2.8275,0.36525,10000,1,0.144981052184317,0.0834915229591897,834.915229591897,0.932203664249544,834.915229591897,835,3.47954740836578e-26,"success",TRUE,TRUE,1.03859068474085e-07,6,5.54331300009692,3414.36295338296,8.55844570288866
2.92625,0.36525,10000,1,0.130796124110656,0.082163706569061,821.637065690609,0.939715586311768,821.63706569061,822,6.35426954183813e-23,"success",TRUE,TRUE,1.76022571857426e-07,6,5.28578741008249,3532.69038825478,8.26452538007076
3.025,0.36525,10000,1,0.118075415295289,0.0808284953213578,808.284953213578,0.946644437804176,808.284953213578,808,5.7412315634513e-20,"success",TRUE,TRUE,4.41399923080865e-07,6,5.05182175242015,3647.28730845974,7.99917674747237
3.12375,0.36525,10000,1,0.106673230202321,0.0794952314659357,794.952314659357,0.952972640170192,794.952314659357,795,2.33853364400913e-17,"success",TRUE,TRUE,1.05198558725919e-06,6,4.83887038622909,3756.27413167247,7.75899899349313
3.2225,0.36525,10000,1,0.0964310318346286,0.078171085409092,781.71085409092,0.95872423425869,781.71085409092,782,4.83590378870128e-15,"success",TRUE,TRUE,6.01261603443508e-07,7,4.64364551185275,3861.94549071281,7.54040490164107
3.32125,0.36525,10000,1,0.0872248284189091,0.0768615266849669,768.615266849669,0.963916055806809,768.615266849669,769,5.32299189079023e-13,"success",TRUE,TRUE,1.10237950807481e-06,7,4.46440202379836,3962.93674150507,7.34080677195844
3.42,0.36525,10000,1,0.0789423045515236,0.0755706884169488,755.706884169488,0.968574755606116,755.706884169488,756,3.28592850598586e-11,"success",TRUE,TRUE,1.88078684855497e-06,7,4.298652708222,4061.65849112849,7.15795371891021
3.51875,0.36525,10000,1,0.0714856355755105,0.0743016509500929,743.016509500929,0.972730611229394,743.016509500929,743,1.19808938409208e-09,"success",TRUE,TRUE,2.20188076134666e-06,6,4.14557381162653,4155.59069212706,6.98999680057994
3.6175,0.36525,10000,1,0.0647662769332072,0.0730566637167001,730.566637167001,0.976418987963653,730.566637167001,731,2.6550588463237e-08,"success",TRUE,TRUE,2.33982401806925e-06,7,4.00335125206272,4246.65210525218,6.83528526445246
3.71625,0.36525,10000,1,0.0587035834763432,0.0718373195965167,718.373195965166,0.979678604627289,718.373195965166,718,3.96316073744399e-07,"success",TRUE,TRUE,2.74637462946195e-06,7,3.87130573516156,4333.1018873561,6.69228006671005
3.815,0.36525,10000,1,0.0532335733698489,0.0706446925205567,706.446925205567,0.982542406959453,706.446925205567,706,3.98125941591182e-06,"success",TRUE,TRUE,3.3266336576151e-06,7,3.74740040850714,4419.30118575074,6.56000333559826
3.91375,0.36525,10000,1,0.0482929907659186,0.0694794464764988,694.794464764988,0.985048702216324,694.794464764988,695,2.83859675643518e-05,"success",TRUE,TRUE,4.15808595930368e-06,7,3.63215744134145,4499.74039002099,6.43731083909456
4.0125,0.36525,10000,1,0.0438279473195631,0.0683419221474947,683.419221474947,0.987232662577706,683.419221474947,683,0.000154357992900753,"success",TRUE,TRUE,5.3730051292059e-06,7,3.52381229770108,4578.73666310474,6.32331257560009
4.11125,0.36525,10000,1,0.0397884560587322,0.0672322059739935,672.322059739935,0.989129262705,672.322059739935,672,0.000645728326662014,"success",TRUE,TRUE,7.20200788198965e-06,7,3.42195979125924,4655.35365156468,6.21709328410625
4.21,0.36525,10000,1,0.0361333723421658,0.0661501853408636,661.501853408636,0.990769037041932,661.501853408636,662,0.00215648220388514,"success",TRUE,TRUE,1.00405100014714e-05,7,3.32607820818965,4729.45419015983,6.11806669565116
4.30875,0.36525,10000,1,0.0328240420415721,0.065095592767061,650.95592767061,0.992181810720418,650.95592767061,651,0.0060382477182678,"success",TRUE,TRUE,4.16756975832329e-07,8,3.23552905984495,4801.72085427513,6.02559296384921
4.4075,0.36525,10000,1,0.0298248822734911,0.0640680413452422,640.680413452422,0.993395561629667,640.680413452422,641,0.0143001304769049,"success",TRUE,TRUE,5.37817622878119e-07,8,3.14957682660222,4873.62427962077,5.9389970488321
4.50625,0.36525,10000,1,0.0271069879921357,0.0630670531951116,630.670531951116,0.994434119496499,630.670531951116,631,0.029543813937718,"success",TRUE,TRUE,1.40515723709747e-05,7,3.06924130559445,4938.56572780464,5.85793062915793
4.605,0.36525,10000,1,0.0246438462927968,0.0620920823209442,620.920823209442,0.995319561568579,620.920823209442,621,0.0542921551804916,"success",TRUE,TRUE,9.82590504186745e-07,8,2.99229489785113,5005.34604896749,5.78207001612196
4.70375,0.36525,10000,1,0.0224078210047194,0.0611425329740062,611.425329740062,0.996073518312126,611.425329740062,611,0.0903736397991742,"success",TRUE,TRUE,1.02554520136203e-06,8,2.91978796471138,5067.61308144577,5.7106821306421
4.8025,0.36525,10000,1,0.0203786914852034,0.0602177743946805,602.177743946805,0.996713027692236,602.177743946805,602,0.137791096609839,"success",TRUE,TRUE,5.78216377901457e-07,8,2.849933192339,5132.64753870397,5.64360432892818
4.90125,0.36525,10000,1,0.0185379326208166,0.0593171526321202,593.171526321202,0.997253517229039,593.171526321202,593,0.195752350616268,"success",TRUE,TRUE,2.75518044392869e-06,8,2.78467452684285,5189.66294217418,5.58070861908649
5,0.36525,10000,1,0.0168653205344174,0.05844,584.4,0.997709941959533,584.4,584,0.262126624486745,"success",TRUE,TRUE,1.30033834368792e-05,8,2.72200483608332,5247.53990029774,5.52136598659537
1.05,0.3775,10000,1,NA,0.0171201814058957,NA,NA,171.201814058957,NA,NA,"no_epidemic_peak",FALSE,FALSE,NA,NA,NA,NA,NA
1.14875,0.3775,10000,1,NA,0.0425522845596707,NA,NA,425.522845596707,NA,NA,"no_epidemic_peak",FALSE,FALSE,NA,NA,NA,NA,NA
1.2475,0.3775,10000,1,0.796058968108065,0.0600359034702672,600.359034702672,0.865768532914747,600.359034702672,600,2.76107484647205e-38,"success",TRUE,TRUE,1.78597805991857e-10,7,34.9824881408704,663.64592211226,44.1603362296448
1.34625,0.3775,10000,1,0.723743964521877,0.0721199314785646,721.199314785646,0.84395411903255,721.199314785646,721,7.51417991419677e-54,"success",TRUE,TRUE,2.09537265437743e-08,6,25.2962325853274,890.860350796058,32.2291813869829
1.445,0.3775,10000,1,0.654343015851773,0.0804528202487997,804.528202487997,0.831920458776407,804.528202487997,805,4.63289845359757e-65,"success",TRUE,TRUE,3.98794039184609e-09,6,20.005139751445,1112.69715098959,25.7864214572831
1.54375,0.3775,10000,1,0.589318228948171,0.086131554360832,861.31554360832,0.82681609783234,861.31554360832,861,7.74610223133133e-72,"success",TRUE,TRUE,1.0702508978498e-07,5,16.6335156490177,1327.77197503937,21.7061552426932
1.6425,0.3775,10000,1,0.529481719938913,0.0899040655717956,899.040655717956,0.82663787398137,899.040655717956,899,4.63931845326496e-75,"success",TRUE,TRUE,4.23938155086906e-10,6,14.2824450402538,1535.18977791718,18.8736888974535
1.74125,0.3775,10000,1,0.475075947761429,0.0922910109979701,922.910109979701,0.82997066608152,922.910109979701,923,1.97202315168446e-75,"success",TRUE,TRUE,3.52860954825999e-08,5,12.5423789132584,1734.51316218232,16.7852636330708
1.84,0.3775,10000,1,0.425999488292164,0.0936613894139887,936.613894139887,0.835788121785822,936.613894139887,937,1.00956526074509e-73,"success",TRUE,TRUE,1.17803932768445e-07,5,11.198724617029,1925.60295019577,15.1783881977217
1.93875,0.3775,10000,1,0.38194330621969,0.0942808055034896,942.808055034896,0.843339342385824,942.808055034896,943,1.6604521887555e-70,"success",TRUE,TRUE,1.10000659970502e-08,5,10.1278126608852,2108.34914745184,13.901879342439
2.0375,0.3775,10000,1,0.342531836307648,0.0943430313523279,943.430313523279,0.852042761700753,943.430313523279,943,2.66128913184844e-66,"success",TRUE,TRUE,3.72349394369776e-08,5,9.25257144859284,2283.37517232633,12.8627329311157
2.13625,0.3775,10000,1,0.307317815681793,0.0939910931731332,939.910931731332,0.861476972342873,939.910931731332,940,1.34602359807362e-61,"success",TRUE,TRUE,4.57781807691352e-08,5,8.5233115450685,2450.41180675164,11.9996886715064
2.235,0.3775,10000,1,0.275905332203795,0.0933316317082814,933.316317082814,0.871284712263959,933.316317082814,933,1.4769561203264e-56,"success",TRUE,TRUE,1.77689931392909e-08,5,7.90536538618372,2610.45279383039,11.2716669451824
2.33375,0.3775,10000,1,0.247861397286534,0.0924448509319104,924.448509319104,0.881228227010912,924.448509319104,924,1.82675959350921e-51,"success",TRUE,TRUE,1.99928232582584e-08,5,7.37497000392114,2763.13600809193,10.6488358374551
2.4325,0.3775,10000,1,0.222847552335869,0.0913915175303598,913.915175303598,0.891078277474385,913.915175303598,914,1.67144843084588e-46,"success",TRUE,TRUE,6.1225229142938e-08,5,6.91417179513254,2909.47772503876,10.1104011290611
2.53125,0.3775,10000,1,0.200508918259975,0.0902179545800945,902.179545800945,0.900693560431675,902.179545800945,902,1.06783974035052e-41,"success",TRUE,TRUE,1.15044754800528e-07,5,6.50998141646261,3049.58419497276,9.64015982807369
2.63,0.3775,10000,1,0.180553941449099,0.088959649553991,889.59649553991,0.909946837858339,889.59649553991,890,3.34393564338001e-37,"success",TRUE,TRUE,2.14836414036456e-07,5,6.15233093248623,3183.9845984589,9.22619494189465
2.72875,0.3775,10000,1,0.162703578902522,0.0876438913194428,876.438913194428,0.918760491960545,876.438913194428,876,5.8240485567953e-33,"success",TRUE,TRUE,4.62111304935114e-07,5,5.83381478659025,3312.09447311336,8.8589262618001
2.8275,0.3775,10000,1,0.146734592792618,0.0862917177743849,862.917177743849,0.927059661357381,862.917177743849,863,4.11084898852351e-29,"success",TRUE,TRUE,1.05786251344077e-06,5,5.54769853589404,3435.92010665709,8.5312718439739
2.92625,0.3775,10000,1,0.13242492026261,0.0849193681856824,849.193681856824,0.934815766726281,849.193681856824,849,1.40087157757366e-25,"success",TRUE,TRUE,5.83123983019158e-08,6,5.28976438286264,3553.88933749382,8.23709025307373
3.025,0.3775,10000,1,0.119596957644837,0.0835393757257018,835.393757257018,0.941999608253407,835.393757257018,835,2.14957708499585e-22,"success",TRUE,TRUE,1.33118379974613e-07,6,5.05554473900951,3667.82254939061,7.97180195596594
3.12375,0.3775,10000,1,0.108081512442287,0.0821613959709534,821.613959709534,0.948609641682336,821.613959709534,822,1.46539049530782e-19,"success",TRUE,TRUE,2.83839388103885e-07,6,4.84213537414648,3776.95191945267,7.7313788671729
3.2225,0.3775,10000,1,0.0977353244964946,0.0807928398136406,807.928398136406,0.954649955613992,807.928398136406,808,5.17700535654922e-17,"success",TRUE,TRUE,6.05877006677714e-07,6,4.64661118253469,3882.400104405,7.51262552899045
3.32125,0.3775,10000,1,0.0884334252366939,0.0794393602288159,794.393602288159,0.960132909345585,794.393602288159,794,9.35613466032877e-15,"success",TRUE,TRUE,1.35684328172504e-06,6,4.46721383758317,3982.76873416417,7.31293656126345
3.42,0.3775,10000,1,0.0800629198901199,0.0781052289593379,781.052289593379,0.96508094156814,781.052289593379,781,8.79590148294424e-13,"success",TRUE,TRUE,8.52935033673322e-07,7,4.30120810084809,4081.34880349771,7.13005851681251
3.51875,0.3775,10000,1,0.072520346784102,0.0767936296609448,767.936296609448,0.969525198390923,767.936296609448,768,4.75761856602531e-11,"success",TRUE,TRUE,9.10309739233717e-07,7,4.14787227030836,4175.2395074281,6.96193506155355
3.6175,0.3775,10000,1,0.0657206611805193,0.0755068872089097,755.068872089097,0.973494103609491,755.068872089097,755,1.55475031966673e-09,"success",TRUE,TRUE,2.69975276179773e-06,6,4.00560380508557,4265.53067951847,6.80703876157219
3.71625,0.3775,10000,1,0.0595889371757012,0.0742466479060507,742.466479060507,0.977018639828882,742.466479060507,742,3.22043282739918e-08,"success",TRUE,TRUE,1.16948189200678e-06,7,3.87334747337299,4351.92189261793,6.66411631327714
3.815,0.3775,10000,1,0.0540516276498744,0.0730140217016021,730.140217016021,0.980137438329303,730.140217016021,730,4.36007675679721e-07,"success",TRUE,TRUE,1.3800166252834e-06,7,3.74922849515496,4438.1719369313,6.53177248929423
3.91375,0.3775,10000,1,0.0490463895961681,0.0718096948525073,718.096948525073,0.982886077926131,718.096948525073,718,4.14272201199875e-06,"success",TRUE,TRUE,1.66003343908755e-06,7,3.63390256108499,4518.16785038544,6.40888780664581
4.0125,0.3775,10000,1,0.0445217588129944,0.0706340194679788,706.340194679788,0.985296354732685,706.340194679788,706,2.8721987578356e-05,"success",TRUE,TRUE,2.03411586246257e-06,7,3.52546658924378,4596.81096025601,6.29470773323895
4.11125,0.3775,10000,1,0.0404304881426842,0.0694870848875634,694.870848875634,0.987400606206015,694.870848875634,695,0.000148903776633684,"success",TRUE,TRUE,2.54903545727331e-06,7,3.42351563962014,4673.15727075227,6.18853253764237
4.21,0.3775,10000,1,0.0367255949966025,0.0683687747191677,683.687747191677,0.989233197948495,683.687747191677,684,0.00060855363157328,"success",TRUE,TRUE,3.29781925747694e-06,7,3.32752901276173,4747.0626660196,6.0894216663084
4.30875,0.3775,10000,1,0.033368734232553,0.0672788125107886,672.788125107886,0.990823487841977,672.788125107886,673,0.00202071604285797,"success",TRUE,TRUE,4.44875977531492e-06,7,3.23687011502885,4819.20298642801,5.99674356403805
4.4075,0.3775,10000,1,0.0303294105567221,0.0662167983787239,662.167983787239,0.992196499789163,662.167983787239,662,0.00559333966997542,"success",TRUE,TRUE,6.29422353673318e-06,7,3.15088798931839,4890.65760826796,5.91027438093393
4.50625,0.3775,10000,1,0.0275735889475405,0.0651822384152077,651.822384152077,0.993379761864564,651.822384152077,652,0.0131577226318211,"success",TRUE,TRUE,9.35270776815061e-06,7,3.07047286296705,4955.39312271354,5.82927778770938
4.605,0.3775,10000,1,0.0250711305038913,0.0641745683125433,641.745683125433,0.99439775376295,641.745683125433,642,0.0271397860622846,"success",TRUE,TRUE,1.66704941063859e-05,6,2.99340485298021,5022.22176254565,5.7530335027761
4.70375,0.3775,10000,1,0.0228039534957094,0.0631931723413753,631.931723413753,0.995267788655363,631.931723413753,632,0.0498939052666348,"success",TRUE,TRUE,1.5836122119669e-06,8,2.92089052007381,5084.00457400152,5.68184976955756
4.8025,0.3775,10000,1,0.020744013118984,0.0622373985872467,622.373985872467,0.996011842646854,622.373985872467,622,0.0832761034714745,"success",TRUE,TRUE,2.57020822397291e-06,8,2.85101852711503,5148.64287381075,5.61473995652591
4.90125,0.3775,10000,1,0.0188721667509189,0.0613065711666677,613.065711666677,0.996646193306685,613.065711666677,613,0.127538276884966,"success",TRUE,TRUE,3.22344343985219e-06,8,2.78563434307048,5205.80367221257,5.55143250610444
5,0.3775,10000,1,0.0171739970208498,0.0604,604,0.997184252138274,604,604,0.18211615151358,"success",TRUE,TRUE,2.26374139439689e-06,8,2.72294503908719,5263.32928139368,5.49213907367564
1.05,0.38975,10000,1,NA,0.0176757369614513,NA,NA,176.757369614513,NA,NA,"no_epidemic_peak",FALSE,FALSE,NA,NA,NA,NA,NA
1.14875,0.38975,10000,1,NA,0.0439331202837925,NA,NA,439.331202837925,NA,NA,"no_epidemic_peak",FALSE,FALSE,NA,NA,NA,NA,NA
1.2475,0.38975,10000,1,0.796603466262823,0.0619840884173156,619.840884173156,0.864466902866075,619.840884173156,620,6.08120551123798e-40,"success",TRUE,TRUE,1.74044983317147e-10,7,35.1857695171138,680.169345017167,44.3456706210809
1.34625,0.38975,10000,1,0.724952406886428,0.0744602471358161,744.602471358161,0.841937725004689,744.602471358161,745,2.15564534172573e-56,"success",TRUE,TRUE,2.00920029589586e-08,6,25.401126664298,909.632054785233,32.2965311098323
1.445,0.38975,10000,1,0.656126746614629,0.08306354090588,830.6354090588,0.829207117468972,830.6354090588,831,2.56431048283087e-68,"success",TRUE,TRUE,3.75164577883716e-09,6,20.0705373296818,1132.97962034181,25.8115150070996
1.54375,0.38975,10000,1,0.591527522856811,0.0889265518202233,889.265518202233,0.823465441242259,889.265518202233,889,1.02033017442377e-75,"success",TRUE,TRUE,9.69966947547446e-08,5,16.6784578512894,1349.09840215684,21.7113088639821
1.6425,0.38975,10000,1,0.531970370349646,0.0928214822691585,928.214822691585,0.822726404453922,928.214822691585,928,2.27532971539328e-79,"success",TRUE,TRUE,4.52197857541889e-07,5,14.3153339148403,1557.21826117495,18.8679058941247
1.74125,0.38975,10000,1,0.477726727452558,0.0952858848647916,952.858848647916,0.825577236980691,952.858848647916,953,4.6784027349737e-80,"success",TRUE,TRUE,2.99197994791791e-08,5,12.5675809139181,1756.95587507307,16.7729872423977
1.84,0.38975,10000,1,0.428716420985388,0.0967007325141777,967.007325141777,0.830994696581871,967.007325141777,967,1.78447225688689e-78,"success",TRUE,TRUE,9.87877034243362e-08,5,11.2186998938089,1948.24753868,15.1619119311768
1.93875,0.38975,10000,1,0.384668004099885,0.0973402488608876,973.402488608876,0.838217359769316,973.402488608876,973,2.66699009262632e-75,"success",TRUE,TRUE,8.56311522658506e-09,5,10.1438381233071,2131.29318771948,13.8827594221464
2.0375,0.38975,10000,1,0.345200497802916,0.0974044939591253,974.044939591253,0.846676897205594,974.044939591253,974,3.95411354143842e-71,"success",TRUE,TRUE,2.84290673866283e-08,5,9.26597484177098,2306.1263072314,12.8415750279334
2.13625,0.38975,10000,1,0.309914347676066,0.09704113526948,970.4113526948,0.855926055189362,970.4113526948,970,2.90508939373545e-66,"success",TRUE,TRUE,3.33578604705975e-08,5,8.534470936634,2473.26947153825,11.9773319775292
2.235,0.38975,10000,1,0.27838023897491,0.096360274061729,963.602740617289,0.865636887368666,963.60274061729,964,3.90541840762718e-61,"success",TRUE,TRUE,1.22718643934369e-08,5,7.91496895534782,2633.01922985176,11.2480497693113
2.33375,0.38975,10000,1,0.250234182169122,0.0954447169555288,954.447169555287,0.875520376822457,954.447169555287,954,8.35623040852712e-56,"success",TRUE,TRUE,1.51764956245583e-08,5,7.38316163902071,2785.71585802863,10.6247491826122
2.4325,0.38975,10000,1,0.225086631323827,0.0943572025363119,943.572025363119,0.885388353587449,943.572025363119,944,1.24254431270186e-50,"success",TRUE,TRUE,3.81101835121101e-08,5,6.92135519273009,2931.74572084359,10.0856323424679
2.53125,0.38975,10000,1,0.202618729857284,0.0931455570797135,931.455570797135,0.895068504442033,931.455570797135,931,1.50727497354687e-45,"success",TRUE,TRUE,4.88347495937718e-08,5,6.51631421487547,3071.57702767323,9.61496250758498
2.63,0.38975,10000,1,0.182522971801798,0.0918464196388556,918.464196388556,0.90444497806563,918.464196388556,918,9.09526265091365e-41,"success",TRUE,TRUE,6.18481816892563e-08,5,6.15797436502358,3205.64537369446,9.20044002699756
2.72875,0.38975,10000,1,0.164557875850649,0.0904879646139148,904.879646139148,0.913401554305093,904.879646139148,905,2.5054191810251e-36,"success",TRUE,TRUE,1.34916680911634e-07,5,5.83872575328455,3333.83162010226,8.83313422213928
2.8275,0.38975,10000,1,0.148457670927805,0.0890919125895802,890.919125895802,0.921898376221161,890.919125895802,891,3.40876907735616e-32,"success",TRUE,TRUE,4.12887265100349e-07,5,5.55213881785224,3457.28247467376,8.50507960044444
2.92625,0.38975,10000,1,0.134034415600041,0.0876750298023039,876.750298023039,0.929869317149203,876.750298023039,877,2.02312024407243e-28,"success",TRUE,TRUE,1.20235364720099e-06,5,5.2937103131374,3575.15040838478,8.2108066185646
3.025,0.38975,10000,1,0.121089610083565,0.0862502561300458,862.502561300458,0.937299851243942,862.502561300458,863,5.38501615973473e-25,"success",TRUE,TRUE,9.88651223320733e-08,6,5.05923939592728,3688.41511067181,7.9452445174895
3.12375,0.38975,10000,1,0.109468340977996,0.0848275604759711,848.275604759711,0.944168986815335,848.275604759711,848,6.95299491911851e-22,"success",TRUE,TRUE,1.90445815977244e-07,6,4.84537659530565,3797.68221076627,7.70468890279296
3.2225,0.38975,10000,1,0.0990271258637262,0.0834145942181892,834.145942181892,0.950475589378004,834.145942181892,834,4.00651660009125e-19,"success",TRUE,TRUE,3.31342732020714e-07,6,4.64955599868963,3902.90310319245,7.48596095622683
3.32125,0.38975,10000,1,0.089630934896535,0.0820171937726649,820.171937726649,0.956236826933016,820.171937726649,820,1.15792816085925e-16,"success",TRUE,TRUE,5.22906651024476e-07,6,4.47000626670488,4002.64568941941,7.2861608146528
3.42,0.38975,10000,1,0.0811670933801414,0.080639769501727,806.397695017271,0.961470074760529,806.397695017271,806,1.76291718607833e-14,"success",TRUE,TRUE,5.54970424305097e-07,6,4.3038317639201,4100.76194718937,7.10300174258102
3.51875,0.38975,10000,1,0.0735478504838222,0.0792856083717966,792.856083717966,0.966187174336602,792.856083717966,793,1.4242480585212e-12,"success",TRUE,TRUE,4.26753016410097e-07,6,4.15016650028496,4194.88633818825,6.93499152044133
3.6175,0.38975,10000,1,0.0666734179348176,0.0779571107011194,779.571107011194,0.970427102653868,779.571107011193,780,6.77759261306455e-11,"success",TRUE,TRUE,1.59761349325519e-06,6,4.00784204658523,4284.44522560954,6.78009964240185
3.71625,0.38975,10000,1,0.0604673162136081,0.0766559762155849,766.559762155848,0.974218725738796,766.559762155849,767,1.99303443682325e-09,"success",TRUE,TRUE,5.59289815261902e-07,7,3.87537665961009,4370.77535577189,6.63697115904371
3.815,0.38975,10000,1,0.0548606686886142,0.0753833508826475,753.833508826475,0.977593820289478,753.833508826475,754,3.79725249249185e-08,"success",TRUE,TRUE,2.78341643573312e-06,6,3.75112790028492,4456.73214379813,6.50440283225505
3.91375,0.38975,10000,1,0.0497984528823392,0.0741399432285158,741.399432285158,0.980579729625493,741.399432285158,741,4.88469334948983e-07,"success",TRUE,TRUE,8.03071488019862e-07,7,3.63563753665529,4536.62444136489,6.38168995630575
4.0125,0.38975,10000,1,0.0452172013748508,0.0729261167884628,729.261167884629,0.98321707240522,729.261167884629,729,4.37946022701421e-06,"success",TRUE,TRUE,9.62011303575855e-07,7,3.52711145987626,4614.91254900883,6.26748369943179
4.11125,0.38975,10000,1,0.0410705280765291,0.0717419638011334,717.419638011334,0.985535938567332,717.419638011334,717,2.90507965696272e-05,"success",TRUE,TRUE,1.14974968706231e-06,7,3.42506279592944,4690.98652181588,6.16109346234463
4.21,0.38975,10000,1,0.037316762914535,0.0705873640974718,705.873640974718,0.987565962476322,705.873640974718,706,0.000145772580674442,"success",TRUE,TRUE,1.37895164725016e-06,7,3.32897194314466,4764.69514159865,6.06193297477056
4.30875,0.38975,10000,1,0.0339165571070412,0.0694620322545161,694.620322545161,0.989337159784455,694.620322545161,695,0.000581170440879077,"success",TRUE,TRUE,1.67861851199744e-06,7,3.23820409378278,4836.70763081869,5.96936249983101
4.4075,0.38975,10000,1,0.0308335634954631,0.0683655554122057,683.655554122057,0.990878432389299,683.655554122057,684,0.00189643039097014,"success",TRUE,TRUE,2.10524342947327e-06,7,3.1522352939568,4907.51043408019,5.88270670670951
4.50625,0.38975,10000,1,0.0280354098507565,0.0672974236353039,672.974236353039,0.992216274553081,672.974236353039,673,0.00520080968123881,"success",TRUE,TRUE,2.79926593965522e-06,7,3.07169814029015,4972.24052660475,5.80132995274098
4.605,0.38975,10000,1,0.0255014772898479,0.0662570543041423,662.570543041423,0.993369801133889,662.570543041423,663,0.0121495983236582,"success",TRUE,TRUE,4.00665696513158e-06,7,2.9945093608976,5039.1162287782,5.72547556890971
4.70375,0.38975,10000,1,0.0231973356849268,0.0652438117087444,652.438117087444,0.994366603307959,652.438117087444,652,0.025138384856127,"success",TRUE,TRUE,6.19966329921186e-06,7,2.92198768353597,5100.41389102151,5.65382594304448
4.8025,0.38975,10000,1,0.0211080879874223,0.064257022779813,642.57022779813,0.995221838366356,642.57022779813,643,0.0459720577429099,"success",TRUE,TRUE,1.01973869909245e-05,7,2.85210650056405,5164.61568767778,5.58681968551977
4.90125,0.38975,10000,1,0.019209684280957,0.0632959897012152,632.959897012152,0.995955468203777,632.959897012152,633,0.0768899568058211,"success",TRUE,TRUE,1.73866376237536e-05,7,2.7865896852813,5221.96031759676,5.52371224077253
5,0.38975,10000,1,0.0174839220283617,0.06236,623.6,0.996583280639234,623.6,624,0.118163800427154,"success",TRUE,TRUE,6.14021311760782e-06,8,2.72388091044793,5279.13377032406,5.4641780526114
1.05,0.402,10000,1,NA,0.0182312925170068,NA,NA,182.312925170068,NA,NA,"no_epidemic_peak",FALSE,FALSE,NA,NA,NA,NA,NA
1.14875,0.402,10000,1,NA,0.0453139560079142,NA,NA,453.139560079142,NA,NA,"no_epidemic_peak",FALSE,FALSE,NA,NA,NA,NA,NA
1.2475,0.402,10000,1,0.79709871806636,0.063932273364364,639.32273364364,0.863226342993,639.32273364364,639,1.52641927706824e-41,"success",TRUE,TRUE,1.69986480563491e-10,7,35.3886394292929,696.787173211968,44.5345371169526
1.34625,0.402,10000,1,0.726085677624629,0.0768005627930675,768.005627930675,0.840011926984938,768.005627930675,768,7.09949570448033e-59,"success",TRUE,TRUE,1.93219668957655e-08,6,25.505403835669,928.489945202344,32.3658503084806
1.445,0.402,10000,1,0.657821915244897,0.0856742615629602,856.742615629602,0.8266081325348,856.742615629602,857,1.33604289317473e-71,"success",TRUE,TRUE,3.54414257310618e-09,6,20.1353840321804,1153.35391414006,25.8381993140297
1.54375,0.402,10000,1,0.593644582162331,0.0917215492796145,917.215492796145,0.820246251059132,917.215492796145,917,1.22146499432839e-79,"success",TRUE,TRUE,8.87835227020337e-08,5,16.7230569575585,1370.49875562154,21.7179439755006
1.6425,0.402,10000,1,0.534369004111116,0.0957388989665214,957.388989665214,0.818957378052217,957.388989665214,957,9.79634257207961e-84,"success",TRUE,TRUE,4.09564839967539e-07,5,14.3479145872954,1579.34142203694,18.8635407344714
1.74125,0.402,10000,1,0.480290867185534,0.0982807587316132,982.807587316132,0.821332903609637,982.807587316132,983,9.38414656992662e-85,"success",TRUE,TRUE,2.57042888310925e-08,5,12.5925157136666,1779.51534709104,16.7620370470347
1.84,0.402,10000,1,0.431354444181095,0.0997400756143667,997.400756143667,0.826350513726622,997.400756143667,997,2.58707201166648e-83,"success",TRUE,TRUE,8.40234743161811e-08,5,11.2384128573998,1971.05758768833,15.1467386668292
1.93875,0.402,10000,1,0.387316497205339,0.100399692218286,1003.99692218286,0.833243876621761,1003.99692218286,1004,2.85245830894333e-80,"success",TRUE,TRUE,6.86810695804934e-09,5,10.1598620240047,2154.16965802819,13.8648265640504
2.0375,0.402,10000,1,0.347811991991255,0.100465956565923,1004.65956565923,0.841443571044835,1004.65956565923,1005,4.46808658531878e-76,"success",TRUE,TRUE,2.26043512862063e-08,5,9.27921549034493,2329.02751353463,12.8217586499169
2.13625,0.402,10000,1,0.312441523264031,0.100091177365827,1000.91177365827,0.850510142010884,1000.91177365827,1001,4.06608331539393e-71,"success",TRUE,TRUE,2.66618604154623e-08,5,8.54550393954407,2496.26113623657,11.9559833002455
2.235,0.402,10000,1,0.280822570653727,0.0993889164151765,993.889164151765,0.860085866236534,993.889164151765,994,8.60122109979771e-66,"success",TRUE,TRUE,1.25173417659156e-08,5,7.92446999223498,2655.70659249446,11.2258902575363
2.33375,0.402,10000,1,0.252546560405641,0.098444582979147,984.44582979147,0.869919307848307,984.44582979147,984,2.80095795297594e-60,"success",TRUE,TRUE,2.04290036107829e-08,5,7.39127067700419,2808.40435531319,10.6015547294088
2.4325,0.402,10000,1,0.227285768815905,0.0973228875422639,973.228875422639,0.879773229780186,973.228875422639,973,7.45989705541146e-55,"success",TRUE,TRUE,4.58928687611894e-08,5,6.92846961669199,2954.11217435837,10.0619783631541
2.53125,0.402,10000,1,0.20469163015077,0.0960731595793324,960.731595793324,0.889498980710019,960.731595793324,961,1.34518501365311e-49,"success",TRUE,TRUE,6.59662939099255e-08,5,6.5225889303866,3093.65921037558,9.59082838966252
2.63,0.402,10000,1,0.184482539235342,0.0947331897237202,947.331897237202,0.898955444235436,947.331897237202,947,1.54897382280748e-44,"success",TRUE,TRUE,7.04131389289557e-08,5,6.16356816349757,3227.38748112896,9.17616516684321
2.72875,0.402,10000,1,0.16638131601848,0.0933320379083867,933.320379083867,0.908056496682996,933.320379083867,933,8.30438814186352e-40,"success",TRUE,TRUE,4.88594310670608e-08,5,5.84359552061684,3355.64256432576,8.80832546615216
2.8275,0.402,10000,1,0.150170274395752,0.0918921074047755,918.921074047755,0.916712863453843,918.921074047755,919,1.96076756880627e-35,"success",TRUE,TRUE,5.94021478602129e-08,5,5.55664355875173,3478.41887204835,8.480217704638
2.92625,0.402,10000,1,0.135627656196764,0.0904306914189254,904.306914189254,0.924886283171847,904.306914189254,904,2.20728314587835e-31,"success",TRUE,TRUE,3.58331868026548e-07,5,5.29762560332081,3596.47324717136,8.185658045777
3.025,0.402,10000,1,0.1225769390273,0.0889611365343897,889.611365343897,0.932535743729808,889.611365343897,890,1.00527192086008e-27,"success",TRUE,TRUE,1.30805689116604e-06,5,5.0629060785956,3709.06472079856,7.92002713332923
3.12375,0.402,10000,1,0.110851421903473,0.0874937249809888,874.937249809888,0.939646829147597,874.937249809888,875,2.2083657040846e-24,"success",TRUE,TRUE,2.49630982844007e-07,6,4.84859434562641,3818.46472621527,7.67933464230144
3.2225,0.402,10000,1,0.100305479499693,0.0860363486227378,860.363486227379,0.94621555226812,860.363486227378,860,2.24631410779787e-21,"success",TRUE,TRUE,4.6816610203284e-07,6,4.65262154109586,3922.96091054203,7.46030367658451
3.32125,0.402,10000,1,0.0908169868239224,0.0845950273165139,845.950273165139,0.952241154574099,845.950273165139,846,1.04692917046063e-18,"success",TRUE,TRUE,8.62543299294477e-07,6,4.47277952417184,4022.5674355939,7.26039049386686
3.42,0.402,10000,1,0.0822728051652813,0.0831743100441162,831.743100441162,0.957737023780484,831.743100441162,832,2.49403220661228e-16,"success",TRUE,TRUE,1.43819818181958e-06,6,4.30643784969106,4120.21661562784,7.07734274712494
3.51875,0.402,10000,1,0.0745656090083292,0.0817775870826485,817.775870826485,0.962730175352106,817.775870826485,818,3.21181110310759e-14,"success",TRUE,TRUE,2.32462791014491e-06,6,4.15258863318538,4214.02184067895,6.90899335582488
3.6175,0.402,10000,1,0.067613106761972,0.080407334193329,804.07334193329,0.967238508901488,804.07334193329,804,2.33882329218361e-12,"success",TRUE,TRUE,2.36172154051007e-07,7,4.01006611939078,4303.39560656553,6.75390836417529
3.71625,0.402,10000,1,0.0613400418660025,0.0790653045251189,790.653045251189,0.97128661883731,790.653045251189,791,9.81291058380197e-11,"success",TRUE,TRUE,2.95170281561787e-07,7,3.87739342505259,4389.6621465554,6.61083501052974
3.815,0.402,10000,1,0.0556718137971847,0.0777526800636928,777.526800636928,0.974909340019032,777.526800636928,778,2.59520586799213e-09,"success",TRUE,TRUE,1.9616385328572e-06,6,3.75307614018069,4475.07219330206,6.47837932221658
3.91375,0.402,10000,1,0.0505424837815246,0.0764701916045243,764.701916045243,0.978141431519544,764.701916045243,765,4.54219715653305e-08,"success",TRUE,TRUE,4.07792541401442e-06,5,3.6373624717047,4555.11004099641,6.35527593379331
4.0125,0.402,10000,1,0.0459059309303235,0.0752182141089469,752.182141089469,0.981006057639802,752.182141089469,752,5.45896389116257e-07,"success",TRUE,TRUE,5.81303262699004e-07,7,3.52874700114557,4633.04133160652,6.24105534771238
4.11125,0.402,10000,1,0.0417088521921958,0.0739968427147033,739.968427147033,0.983538426084358,739.968427147033,740,4.63005106053962e-06,"success",TRUE,TRUE,6.96323391589801e-07,7,3.42660137397596,4708.84127009501,6.13471712184015
4.21,0.402,10000,1,0.0379061161491552,0.0728059534757759,728.059534757759,0.985770058735002,728.059534757759,728,2.94207360165577e-05,"success",TRUE,TRUE,8.12813952645076e-07,7,3.33040707237184,4782.351534904,6.0354683177396
4.30875,0.402,10000,1,0.0344588093788165,0.0716452519982437,716.452519982437,0.987729861891815,716.452519982437,716,0.000144857068717342,"success",TRUE,TRUE,9.30345193559832e-07,7,3.2395310602153,4854.23470950583,5.94267800512312
4.4075,0.402,10000,1,0.0313339815389423,0.0705143124456875,705.143124456875,0.989443879819787,705.143124456875,705,0.000563342353754908,"success",TRUE,TRUE,1.05766147393688e-06,7,3.15357553256934,4924.38445603575,5.85593572711839
4.50625,0.402,10000,1,0.0285014561257403,0.0694126088554,694.126088554,0.990937359575717,694.126088554,694,0.00180328471601689,"success",TRUE,TRUE,1.21358337732552e-06,7,3.07291719287995,4989.10787511111,5.77487244408841
4.605,0.402,10000,1,0.0259265834930755,0.0683395402957414,683.395402957414,0.992239076205315,683.395402957414,683,0.00488597117334589,"success",TRUE,TRUE,1.43906863641144e-06,7,2.9956084355298,5056.02946501337,5.6984561658723
4.70375,0.402,10000,1,0.0235936080710375,0.0672944510761136,672.944510761136,0.993364734766968,672.944510761136,673,0.0113287179736569,"success",TRUE,TRUE,1.79486011152308e-06,7,2.92307949509976,5116.84098836115,5.62718355114416
4.8025,0.402,10000,1,0.0214715695383265,0.0662766469723793,662.766469723793,0.99434018773495,662.766469723793,663,0.0232113274439883,"success",TRUE,TRUE,2.55700787660934e-06,7,2.85318922467276,5180.60529386463,5.5598650192629
4.90125,0.402,10000,1,0.0195436173290105,0.0652854082357627,652.854082357627,0.995181524302587,652.854082357627,653,0.0426780880166231,"success",TRUE,TRUE,1.12740488701199e-05,6,2.78754059718785,5238.13282285853,5.49652434202951
5,0.402,10000,1,0.0177932170726446,0.06432,643.2,0.995904441440223,643.2,643,0.0714432653551765,"success",TRUE,TRUE,8.01552438089992e-06,7,2.72481248408544,5294.95332548246,5.43712217528766
1.05,0.41425,10000,1,NA,0.0187868480725624,NA,NA,187.868480725624,NA,NA,"no_epidemic_peak",FALSE,FALSE,NA,NA,NA,NA,NA
1.14875,0.41425,10000,1,NA,0.046694791732036,NA,NA,466.94791732036,NA,NA,"no_epidemic_peak",FALSE,FALSE,NA,NA,NA,NA,NA
1.2475,0.41425,10000,1,0.797548884095841,0.0658804583114124,658.804583114124,0.862042413183988,658.804583114124,659,3.26114267436598e-43,"success",TRUE,TRUE,1.6634665947255e-10,7,35.5912177415597,713.497701619559,44.7267860945951
1.34625,0.41425,10000,1,0.727147705220403,0.0791408784503189,791.40878450319,0.838171089424572,791.40878450319,791,2.2706354193133e-61,"success",TRUE,TRUE,1.8630503711414e-08,6,25.6090458102229,947.436527676128,32.4368368069461
1.445,0.41425,10000,1,0.659433664696919,0.0882849822200405,882.849822200405,0.824116533424682,882.849822200405,883,6.57593753025906e-75,"success",TRUE,TRUE,3.36064319736916e-09,6,20.1997004101766,1173.81803244778,25.8663689836048
1.54375,0.41425,10000,1,0.595673868089373,0.0945165467390057,945.165467390057,0.817151359823475,945.165467390057,945,1.33619495358027e-83,"success",TRUE,TRUE,8.1957587505465e-08,5,16.7673204359925,1391.97288747279,21.7259445359992
1.6425,0.41425,10000,1,0.53668200463662,0.0986563156638843,986.563156638843,0.815323560141636,986.563156638843,987,3.0388010970099e-88,"success",TRUE,TRUE,3.73534811765421e-07,5,14.3804233824785,1601.45255274547,18.8604986342708
1.74125,0.41425,10000,1,0.482772669485062,0.101275632598435,1012.75632598435,0.817230694439075,1012.75632598435,1013,1.60380174167686e-89,"success",TRUE,TRUE,2.23521603303573e-08,5,12.6173719155737,1802.0692071183,16.7523318101593
1.84,0.41425,10000,1,0.433925657984444,0.102779418714556,1027.79418714556,0.821844494854507,1027.79418714556,1028,2.53373142698566e-88,"success",TRUE,TRUE,7.23658616960367e-08,5,11.2580024146192,1993.91265334626,15.132939499932
1.93875,0.41425,10000,1,0.389892911936492,0.103459135575684,1034.59135575684,0.828413457432345,1034.59135575684,1035,2.43105846296044e-85,"success",TRUE,TRUE,5.73590272157022e-09,5,10.1758076857039,2177.06389013868,13.8480211403116
2.0375,0.41425,10000,1,0.350352976379767,0.10352741917272,1035.2741917272,0.836350801182222,1035.2741917272,1035,4.6997415800891e-81,"success",TRUE,TRUE,1.86065983820785e-08,5,9.29229610545007,2352.07722597707,12.8029575586456
2.13625,0.41425,10000,1,0.314924216302698,0.103141219462173,1031.41219462173,0.84521080241331,1031.41219462173,1031,5.02290803814644e-76,"success",TRUE,TRUE,2.20126010956167e-08,5,8.55657790025939,2519.12554667747,11.9359200571178
2.235,0.41425,10000,1,0.283202872546716,0.102417558768624,1024.17558768624,0.854656847266791,1024.17558768624,1024,1.42816720083225e-70,"success",TRUE,TRUE,1.28003563490658e-08,5,7.93387010509847,2678.51386547981,11.2046251766829
2.33375,0.41425,10000,1,0.254834969643615,0.101444449002765,1014.44449002765,0.864398262936462,1014.44449002765,1014,6.72790524287653e-65,"success",TRUE,TRUE,2.3935093487542e-08,5,7.39929838449404,2831.20062055014,10.5797391227105
2.4325,0.41425,10000,1,0.229448997940251,0.100288572548216,1002.88572548216,0.874234757740047,1002.88572548216,1003,2.83761415480536e-59,"success",TRUE,TRUE,5.26971635349152e-08,5,6.93551609010704,2976.57637369255,10.0394148502261
2.53125,0.41425,10000,1,0.206738519917824,0.0990007620789514,990.007620789514,0.883982115447732,990.007620789514,990,9.52892164930685e-54,"success",TRUE,TRUE,8.73776731010324e-08,5,6.5288063988853,3115.83015189174,9.56785841664575
2.63,0.41425,10000,1,0.186396803104451,0.0976199598085848,976.199598085848,0.893520286933613,976.199598085848,976,1.8963189121055e-48,"success",TRUE,TRUE,3.3003609689608e-07,4,6.16911302031181,3249.21043184388,9.15261776870789
2.72875,0.41425,10000,1,0.168187151368589,0.0961761112028587,961.761112028587,0.902722462692477,961.761112028587,962,1.75060349737321e-43,"success",TRUE,TRUE,1.6873059235448e-07,5,5.84842464730413,3377.52684285136,8.78467928552102
2.8275,0.41425,10000,1,0.151851431704806,0.0946923022199707,946.923022199707,0.911534668732183,946.923022199707,947,8.03918206003813e-39,"success",TRUE,TRUE,1.82850277133471e-07,5,5.5611118221441,3499.62273131222,8.45615956317819
2.92625,0.41425,10000,1,0.137200537996287,0.0931863530355469,931.863530355469,0.919882561366418,931.863530355469,932,1.57973260406004e-34,"success",TRUE,TRUE,1.28699894311407e-07,5,5.30158221912233,3617.6378284405,8.1614715835297
3.025,0.41425,10000,1,0.124037846601442,0.0916720169387337,916.720169387337,0.927740858224881,916.720169387337,917,1.34979822258066e-30,"success",TRUE,TRUE,2.43373712905705e-07,5,5.06654513635989,3729.77110438351,7.89555312105742
3.12375,0.41425,10000,1,0.112210585295901,0.0901598894860065,901.598894860065,0.935076155220552,901.598894860065,902,5.05799259793411e-27,"success",TRUE,TRUE,1.25828935768502e-06,5,4.85188513580147,3838.97594050387,7.65470219859678
3.2225,0.41425,10000,1,0.101574948847711,0.0886581030272864,886.581030272864,0.941877705360136,886.581030272864,887,8.57307564866387e-24,"success",TRUE,TRUE,4.32168130585763e-07,6,4.65569051841206,3942.97896565486,7.43571135599278
3.32125,0.41425,10000,1,0.0919955458336137,0.0871728608603629,871.728608603629,0.948154053341673,871.728608603629,872,6.89296418630614e-21,"success",TRUE,TRUE,8.11414234246037e-07,6,4.47553386536385,4042.53369825854,7.23567703153453
3.42,0.41425,10000,1,0.0833589812855531,0.0857088505865053,857.088505865053,0.953914444306939,857.088505865053,857,2.75154875493715e-18,"success",TRUE,TRUE,1.51003721108355e-06,6,4.30902655551571,4139.7126440076,7.05228855760205
3.51875,0.41425,10000,1,0.0755797558223832,0.0842695657935003,842.695657935003,0.959158992010198,842.695657935003,843,5.41723908271447e-16,"success",TRUE,TRUE,8.97967233750916e-08,7,4.1549950449002,4233.19572448864,6.88409792920857
3.6175,0.41425,10000,1,0.0685550799040763,0.0828575576855387,828.575576855387,0.963923411058416,828.575576855387,829,5.90548942603604e-14,"success",TRUE,TRUE,1.15899142852422e-07,7,4.01227617471463,4322.38168784084,6.72901842297155
3.71625,0.41425,10000,1,0.0622090295601985,0.081474632834653,814.746328346531,0.968229327379013,814.746328346531,815,3.73473697559361e-12,"success",TRUE,TRUE,1.63700797498674e-07,7,3.87939789888219,4408.58213447986,6.58572312570274
3.815,0.41425,10000,1,0.0564710196023749,0.0801220092447382,801.220092447382,0.972104635666686,801.220092447382,801,1.43921055468163e-10,"success",TRUE,TRUE,2.30761238673335e-07,7,3.75501268861642,4493.4432841573,6.4529529465247
3.91375,0.41425,10000,1,0.0512885566883315,0.0788004399805328,788.004399805328,0.975568721785909,788.004399805328,788,3.42925489288371e-09,"success",TRUE,TRUE,3.1504277192074e-07,7,3.63907746563185,4573.62453794783,6.33011127958867
4.0125,0.41425,10000,1,0.0465943288091502,0.077510311429431,775.10311429431,0.978663321181494,775.10311429431,775,5.50575322212626e-08,"success",TRUE,TRUE,4.13530323731521e-07,7,3.53037330330902,4651.19721025491,6.21572995866196
4.11125,0.41425,10000,1,0.0423429029089546,0.0762517216282732,762.517216282732,0.981414427629752,762.517216282732,763,6.0730987097756e-07,"success",TRUE,TRUE,5.19171841003437e-07,7,3.42813145486758,4726.72142724306,6.10917709577476
4.21,0.41425,10000,1,0.0384922586827681,0.07502454285408,750.245428540801,0.983849708806397,750.2454285408,750,4.97245731271649e-06,"success",TRUE,TRUE,6.23005655679278e-07,7,3.33183451488129,4800.03164068167,6.00986760500416
4.30875,0.41425,10000,1,0.0350024905142755,0.0738284717419713,738.284717419713,0.985998405455427,738.284717419713,738,3.02443951277145e-05,"success",TRUE,TRUE,7.15884421960888e-07,7,3.24085107759843,4871.78414462187,5.91716316649212
4.4075,0.41425,10000,1,0.0318366077796311,0.0726630694791692,726.630694791692,0.98788947660786,726.630694791692,727,0.000142225386523811,"success",TRUE,TRUE,7.92018436582883e-07,7,3.15490876830706,4941.27961120579,5.83039003674532
4.50625,0.41425,10000,1,0.0289609584409201,0.0715277940754962,715.277940754962,0.989550423100336,715.277940754962,715,0.000547166009940939,"success",TRUE,TRUE,8.5445119608462e-07,7,3.0741300731267,5005.99513671989,5.74885638047819
4.605,0.41425,10000,1,0.026355946594037,0.0704220262873405,704.220262873405,0.9909987568716,704.220262873405,704,0.0017197654804067,"success",TRUE,TRUE,9.16444216921171e-07,7,2.99670213950664,5072.96136682553,5.67286201856088
4.70375,0.41425,10000,1,0.0239850987216891,0.0693450904434827,693.450904434827,0.992265528090588,693.450904434827,693,0.00460402259129605,"success",TRUE,TRUE,1.00081610046598e-06,7,2.92416600161359,5133.28581019853,5.6010207013804
4.8025,0.41425,10000,1,0.0218356993418324,0.0682962711649456,682.962711649456,0.993364164297408,682.962711649456,683,0.0105949229278247,"success",TRUE,TRUE,1.13704216145143e-06,7,2.85426673244694,5196.61167514936,5.53395961128529
4.90125,0.41425,10000,1,0.0198805704865128,0.0672748267703101,672.748267703102,0.994318441285852,672.748267703101,673,0.0216101408516222,"success",TRUE,TRUE,1.2992951157996e-06,7,2.78848711124199,5254.32114066451,5.47068122877536
5,0.41425,10000,1,0.0181023645017524,0.06628,662.8,0.995144768958242,662.8,663,0.0396819797106324,"success",TRUE,TRUE,1.58457107304194e-06,7,2.72573979356066,5310.78790523692,5.41098427707311
1.05,0.4265,10000,1,NA,0.0193424036281179,NA,NA,193.424036281179,NA,NA,"no_epidemic_peak",FALSE,FALSE,NA,NA,NA,NA,NA
1.14875,0.4265,10000,1,NA,0.0480756274561577,NA,NA,480.756274561577,NA,NA,"no_epidemic_peak",FALSE,FALSE,NA,NA,NA,NA,NA
1.2475,0.4265,10000,1,0.797957922471954,0.0678286432584608,678.286432584608,0.860911037492974,678.286432584608,678,7.97463849473245e-45,"success",TRUE,TRUE,1.63062257584267e-10,7,35.7936228741515,730.29925472765,44.9224361709248
1.34625,0.4265,10000,1,0.728143575784348,0.0814811941075704,814.811941075704,0.836409523097195,814.811941075704,815,5.9082609106991e-64,"success",TRUE,TRUE,1.80066832495065e-08,6,25.7120903669434,966.470503440775,32.5094542564463
1.445,0.4265,10000,1,0.660965523886027,0.0908957028771207,908.957028771208,0.82172638253247,908.957028771207,909,3.06939481669403e-78,"success",TRUE,TRUE,3.1974898622532e-09,6,20.2637340253512,1194.33652235753,25.895834571246
1.54375,0.4265,10000,1,0.597619517684409,0.097311544198397,973.11544198397,0.81417409519943,973.11544198397,973,1.34249795002193e-87,"success",TRUE,TRUE,7.62065728683628e-08,5,16.8112551833599,1413.52067167083,21.7352033940601
1.6425,0.4265,10000,1,0.538913407730299,0.101573732361247,1015.73732361247,0.811818176410411,1015.73732361247,1016,1.02355496846418e-92,"success",TRUE,TRUE,3.42781528309046e-07,5,14.4125968391867,1623.67608579614,18.8586922777025
1.74125,0.4265,10000,1,0.485181394029583,0.104270506465256,1042.70506465256,0.813261105395572,1042.70506465256,1043,2.34364894542582e-94,"success",TRUE,TRUE,1.96538919871243e-08,5,12.6419696930469,1824.73680388055,16.743908156631
1.84,0.4265,10000,1,0.436421492314816,0.105818761814745,1058.18761814745,0.817478104468566,1058.18761814745,1058,2.51041045806825e-93,"success",TRUE,TRUE,6.30322890352109e-08,5,11.2775432573902,2016.74632503166,15.1202269758804
1.93875,0.4265,10000,1,0.392415769962945,0.106518578933082,1065.18578933082,0.823711233243111,1065.18578933082,1065,1.99693033730427e-90,"success",TRUE,TRUE,4.97476397317393e-09,5,10.1915455773851,2200.12289302277,13.8325240220159
2.0375,0.4265,10000,1,0.352847808079498,0.106588881779518,1065.88881779518,0.831379870540707,1065.88881779518,1066,3.2082813741867e-86,"success",TRUE,TRUE,1.5527418959083e-08,5,9.30534453974028,2375.10655753367,12.7854389215353
2.13625,0.4265,10000,1,0.317352303221244,0.10619126155852,1061.9126155852,0.840035309995323,1061.9126155852,1062,4.0178075535731e-81,"success",TRUE,TRUE,1.83579556417636e-08,5,8.56764184436645,2541.941316735,11.9168869397383
2.235,0.4265,10000,1,0.285549345254729,0.105446201122072,1054.46201122072,0.849328653041458,1054.46201122072,1054,1.7614390751801e-75,"success",TRUE,TRUE,1.22289615498734e-08,5,7.94317086869462,2701.44001340119,11.1845917349877
2.33375,0.4265,10000,1,0.257070460905372,0.104444315026384,1044.44315026384,0.858984193899118,1044.44315026384,1044,1.2037050301519e-69,"success",TRUE,TRUE,2.43125191833277e-08,5,7.40746708794442,2853.66070107972,10.5587594656104
2.4325,0.4265,10000,1,0.231580233427938,0.103254257554168,1032.54257554168,0.868773830536549,1032.54257554168,1033,7.77414435642213e-64,"success",TRUE,TRUE,5.34833674194896e-08,5,6.94249561476515,2999.13759664513,10.0179184102492
2.53125,0.4265,10000,1,0.208744899776731,0.10192836457857,1019.2836457857,0.878537099883895,1019.2836457857,1019,4.91527845317542e-58,"success",TRUE,TRUE,9.64073435217644e-08,5,6.53496743906792,3138.08925295227,9.54572801235433
2.63,0.4265,10000,1,0.188300417345729,0.100506729893449,1005.06729893449,0.888114069614389,1005.06729893449,1005,1.62590068753773e-52,"success",TRUE,TRUE,1.63318157044064e-07,5,6.17460961202159,3271.11373248894,9.13034347817991
2.72875,0.4265,10000,1,0.169965356665829,0.0990201844973307,990.201844973307,0.897417837735132,990.201844973307,990,2.91575253652799e-47,"success",TRUE,TRUE,2.63705279343493e-07,5,5.85334667608911,3399.11774796428,8.76192584032543
2.8275,0.4265,10000,1,0.153522096485139,0.097492497035166,974.92497035166,0.906352610015512,974.92497035166,975,2.31611424528626e-42,"success",TRUE,TRUE,3.92644314540841e-07,5,5.56554408601757,3520.89369533559,8.43326190958471
2.92625,0.4265,10000,1,0.13875713894884,0.0959420146521684,959.420146521684,0.914864644113631,959.420146521684,959,8.73400730771479e-38,"success",TRUE,TRUE,4.99928983021527e-07,5,5.3056197680855,3638.51989520309,8.13826711522363
3.025,0.4265,10000,1,0.125495360164236,0.0943828973430777,943.828973430777,0.922902600769039,943.828973430777,944,1.27979713350829e-33,"success",TRUE,TRUE,4.64344914806718e-07,5,5.07015691214597,3750.53398379663,7.87229765558995
3.12375,0.4265,10000,1,0.11356733971739,0.0928260539910242,928.260539910242,0.930446131657967,928.260539910242,928,8.81994232750178e-30,"success",TRUE,TRUE,2.28989413841342e-07,5,4.85522710443129,3859.28608459975,7.63127589517653
3.2225,0.4265,10000,1,0.102831072986764,0.091279857431835,912.79857431835,0.937478366763374,912.79857431835,913,2.515507287848e-26,"success",TRUE,TRUE,9.73001857365423e-07,5,4.65873785728411,3963.04509639091,7.41199049905353
3.32125,0.4265,10000,1,0.0931624295621193,0.0897506944042119,897.506944042119,0.943991396528493,897.506944042119,898,3.32121121343667e-23,"success",TRUE,TRUE,5.61718574342212e-07,6,4.47826947328362,4062.54435419315,7.211825924708
3.42,0.4265,10000,1,0.0844487439540836,0.0882433911288944,882.433911288944,0.949989428891817,882.433911288944,882,2.22821700440793e-20,"success",TRUE,TRUE,1.0518229833815e-06,6,4.31159807548918,4159.24986668651,7.02853418251956
3.51875,0.4265,10000,1,0.0765833638916907,0.0867615445043522,867.615445043522,0.955491291273998,867.615445043522,868,6.86758923180226e-18,"success",TRUE,TRUE,2.08884362804782e-06,6,4.15738589330566,4252.40788354873,6.85999122007201
3.6175,0.4265,10000,1,0.0694826514754591,0.0853077811777483,853.077811777483,0.96050849773373,853.077811777483,853,1.18449541484773e-15,"success",TRUE,TRUE,4.99364002815979e-08,7,4.01447236140505,4341.40333443432,6.70471339499285
3.71625,0.4265,10000,1,0.0630714343500532,0.0838839611441871,838.839611441871,0.965058597309156,838.839611441871,839,1.09784468574797e-13,"success",TRUE,TRUE,8.61028212647121e-08,7,3.88139020832392,4427.53518883747,6.56145030561401
3.815,0.4265,10000,1,0.0572744155662342,0.0824913384257836,824.913384257836,0.969171913587111,824.913384257836,825,6.03498784565066e-12,"success",TRUE,TRUE,1.44441794211837e-07,7,3.75693766391321,4511.84530999286,6.42881200146635
3.91375,0.4265,10000,1,0.0520251514795312,0.0811306883565413,811.306883565413,0.972879366938509,811.306883565413,811,2.06939414339399e-10,"success",TRUE,TRUE,2.21628614213336e-07,7,3.6407826164067,4592.16782086004,6.30554776936435
4.0125,0.4265,10000,1,0.0472772102189879,0.0798024087499151,798.024087499151,0.976199380970364,798.024087499151,798,4.48482275593543e-09,"success",TRUE,TRUE,3.13610958553397e-07,7,3.53199045535816,4669.38008712358,6.19115968495974
4.11125,0.4265,10000,1,0.0429768283140481,0.0785066005418432,785.066005418432,0.979164920136473,785.066005418432,785,6.63497118856116e-08,"success",TRUE,TRUE,4.19204074976275e-07,7,3.42965311860206,4744.62690490161,6.08466609565688
4.21,0.4265,10000,1,0.0390781025949577,0.0772431322323842,772.431322323842,0.981806015671363,772.431322323842,772,6.97961909003266e-07,"success",TRUE,TRUE,4.32329857474173e-06,6,3.33325425817434,4817.73562056998,5.9852655912102
4.30875,0.4265,10000,1,0.0355416942252983,0.0760116914856989,760.116914856989,0.984150216358679,760.116914856989,760,5.329152400236e-06,"success",TRUE,TRUE,6.36766871941056e-07,7,3.24216420835305,4889.35585852712,5.89232910198323
4.4075,0.4265,10000,1,0.0323341089838182,0.074811826512651,748.11826512651,0.986222659267905,748.11826512651,748,3.11374096895626e-05,"success",TRUE,TRUE,3.63465909483589e-06,6,3.15623506495768,4958.19583120606,5.80542572070557
4.50625,0.4265,10000,1,0.0294253790197494,0.0736429792955923,736.429792955923,0.988047662529252,736.429792955923,736,0.000143393930693198,"success",TRUE,TRUE,7.87075061741847e-07,7,3.07533684569575,5022.90216239886,5.72422488780135
4.605,0.4265,10000,1,0.0267796215052265,0.0725045122789396,725.045122789396,0.989655892381689,725.045122789396,725,0.000532176528903557,"success",TRUE,TRUE,8.21008204510447e-07,7,2.9977905201272,5089.91186993135,5.6476826378801
4.70375,0.4265,10000,1,0.0243811194754376,0.0713957298108518,713.957298108518,0.991061925189333,713.957298108518,714,0.00164424010260858,"success",TRUE,TRUE,8.45147317664764e-07,7,2.92524723824804,5149.74832658783,5.57625311065789
4.8025,0.4265,10000,1,0.0221981418460195,0.0703158953575119,703.158953575119,0.992293984033835,703.158953575119,703,0.00434682279630653,"success",TRUE,TRUE,8.92913382359931e-07,7,2.85533906257089,5212.6347838559,5.50877852804913
4.90125,0.4265,10000,1,0.020214293891846,0.0692642453048577,692.642453048577,0.993368138790897,692.642453048576,693,0.0099400110027847,"success",TRUE,TRUE,1.01994197774721e-06,7,2.78942926222189,5270.52522396022,5.4453381099156
5,0.4265,10000,1,0.0184119696865003,0.06824,682.4,0.994301633167768,682.4,682,0.0202945852153271,"success",TRUE,TRUE,1.21454673924354e-06,7,2.72666290333599,5326.63737073374,5.38579000498695
1.05,0.43875,10000,1,NA,0.0198979591836735,NA,NA,198.979591836735,NA,NA,"no_epidemic_peak",FALSE,FALSE,NA,NA,NA,NA,NA
1.14875,0.43875,10000,1,NA,0.0494564631802795,NA,NA,494.564631802795,NA,NA,"no_epidemic_peak",FALSE,FALSE,NA,NA,NA,NA,NA
1.2475,0.43875,10000,1,0.798329417451109,0.0697768282055092,697.768282055092,0.859828521650022,697.768282055092,698,1.6575601821467e-46,"success",TRUE,TRUE,1.60081100755891e-10,7,35.9959722649155,747.190183107036,45.1215138734468
1.34625,0.43875,10000,1,0.729077910697854,0.0838215097648218,838.215097648218,0.834722041042698,838.215097648218,838,1.78688471804296e-66,"success",TRUE,TRUE,1.74414456809674e-08,6,25.8145738313368,985.590625133131,32.5836707436673
1.445,0.43875,10000,1,0.662424640813097,0.093506423534201,935.06423534201,0.819430635719797,935.06423534201,935,1.36114353734792e-81,"success",TRUE,TRUE,3.05161348647531e-09,6,20.3272807884812,1214.94171582348,25.9267098797407
1.54375,0.43875,10000,1,0.599485381386469,0.100106541657788,1001.06541657788,0.811308237891729,1001.06541657788,1001,1.24471992448031e-91,"success",TRUE,TRUE,7.12998971296782e-08,5,16.8548675412707,1435.14200079218,21.745621352684
1.6425,0.43875,10000,1,0.541066939732468,0.10449114905861,1044.9114905861,0.808434881115433,1044.9114905861,1045,3.0836883647099e-97,"success",TRUE,TRUE,3.16299711807688e-07,5,14.4445284690309,1645.96926894553,18.8580410285566
1.74125,0.43875,10000,1,0.487516477526881,0.107265380332078,1072.65380332078,0.80942026665133,1072.65380332078,1073,2.95652588510044e-99,"success",TRUE,TRUE,1.74576793635547e-08,5,12.6664887406263,1847.4044129787,16.7366100889435
1.84,0.43875,10000,1,0.43884549374133,0.108858104914934,1088.58104914934,0.813245489948668,1088.58104914934,1089,1.70369372477614e-98,"success",TRUE,TRUE,5.54620698999057e-08,5,11.296805729472,2039.76268625892,15.1085407541621
1.93875,0.43875,10000,1,0.394870219500671,0.10957802229048,1095.7802229048,0.819143974307535,1095.7802229048,1096,1.10363133307965e-95,"success",TRUE,TRUE,4.3659487477133e-09,5,10.207237598152,2223.17076240622,13.817986186346
2.0375,0.43875,10000,1,0.355282103626474,0.109650344386315,1096.50344386315,0.826538955883156,1096.50344386315,1097,1.72929869157738e-91,"success",TRUE,TRUE,1.30588848821851e-08,5,9.31841889811861,2398.03702519444,12.768883179794
2.13625,0.43875,10000,1,0.319721691135999,0.109241303654867,1092.41303654867,0.834985979018972,1092.41303654867,1092,2.97623866842866e-86,"success",TRUE,TRUE,1.52898654213748e-08,5,8.57858176768534,2564.88875874913,11.8987352771172
2.235,0.43875,10000,1,0.287846223010905,0.108474843475519,1084.74843475519,0.844114412913681,1084.74843475519,1085,1.39774379822249e-80,"success",TRUE,TRUE,1.08349078638276e-08,5,7.95244142100374,2724.36384157659,11.1654667279616
2.33375,0.43875,10000,1,0.259272254238914,0.107444181050002,1074.44181050002,0.853663048575459,1074.44181050002,1074,1.591046323593e-74,"success",TRUE,TRUE,2.20258797530465e-08,5,7.41557542277136,2876.18519722917,10.5388304716745
2.4325,0.43875,10000,1,0.233666795875775,0.10621994256012,1062.1994256012,0.863405146648121,1062.1994256012,1062,1.81945095970605e-68,"success",TRUE,TRUE,4.84958484927485e-08,5,6.94940917184808,3021.79511138914,9.99721615132547
2.53125,0.43875,10000,1,0.210735231734225,0.104855967078189,1048.55967078189,0.873146307560522,1048.55967078189,1049,1.58593661985387e-62,"success",TRUE,TRUE,9.15349970409783e-08,5,6.54107285297836,3160.43590668598,9.52476311190896
2.63,0.43875,10000,1,0.190165855833967,0.103393499978314,1033.93499978314,0.882769367810276,1033.93499978314,1034,1.01405461604396e-56,"success",TRUE,TRUE,1.67252112751283e-07,5,6.18005860579736,3293.09687968611,9.10878833712091
2.72875,0.43875,10000,1,0.171721198941376,0.101864257791803,1018.64257791803,0.892145025492421,1018.64257791803,1019,3.11696519072759e-51,"success",TRUE,TRUE,2.98644972212712e-07,5,5.85829234006429,3420.60284131487,8.74009696492831
2.8275,0.43875,10000,1,0.155166318458437,0.100292691850361,1002.92691850361,0.901191457580373,1002.92691850361,1003,4.80305523034245e-46,"success",TRUE,TRUE,5.08528509130532e-07,5,5.56994081918214,3542.23140313912,8.41113848702861
2.92625,0.43875,10000,1,0.140297936448194,0.0986976762687898,986.976762687898,0.909841477430798,986.976762687898,987,3.15628966109806e-41,"success",TRUE,TRUE,7.91302198565854e-07,5,5.30962603329884,3659.46323164657,8.11598574517489
3.025,0.43875,10000,1,0.126922839608377,0.0970937777474216,970.937777474216,0.918059458005446,970.937777474216,971,8.86248829505301e-37,"success",TRUE,TRUE,1.07226273208996e-06,5,5.07374174262729,3771.35307925303,7.84959132065107
3.12375,0.43875,10000,1,0.114902668889392,0.0954922184960419,954.922184960419,0.925787674871738,954.922184960419,955,1.04323442092036e-32,"success",TRUE,TRUE,1.15041546575999e-06,5,4.85854485080322,3879.6480991733,7.60851919358234
3.2225,0.43875,10000,1,0.104076599020657,0.0939016118363837,939.016118363837,0.933025496117345,939.016118363837,939,5.37040893381643e-29,"success",TRUE,TRUE,7.59549107390983e-07,5,4.66176381076523,3983.15909492543,7.38915687328978
3.32125,0.43875,10000,1,0.0943204804020462,0.0923285279480609,923.285279480609,0.939761009392806,923.285279480609,923,1.24474590869247e-25,"success",TRUE,TRUE,4.76444651835439e-07,5,4.48098655581525,4082.5992278133,7.18886306546065
3.42,0.43875,10000,1,0.0855198563263945,0.0907779316712835,907.779316712835,0.945996500980826,907.779316712835,908,1.28142527734283e-22,"success",TRUE,TRUE,5.63315619641158e-07,6,4.31415260052088,4178.82811720904,7.00531404507949
3.51875,0.43875,10000,1,0.077582744779108,0.089253523215204,892.53523215204,0.951730520218175,892.53523215204,893,6.50128067967694e-20,"success",TRUE,TRUE,1.08850330061934e-06,6,4.15976135932907,4271.65813431778,6.83683512147613
3.6175,0.43875,10000,1,0.0704125246822091,0.087758004669958,877.58004669958,0.956985624696457,877.58004669958,878,1.71772476437411e-17,"success",TRUE,TRUE,2.06927900251717e-08,7,4.01665482599574,4360.46041090056,6.68156387311594
3.71625,0.43875,10000,1,0.0639297777960635,0.0862932894537212,862.932894537212,0.961780672631762,862.932894537212,863,2.48100288749817e-15,"success",TRUE,TRUE,3.57946602802453e-08,7,3.88337047868547,4446.52117870869,6.53806604821821
3.815,0.43875,10000,1,0.0580658134597207,0.0848606676068289,848.60667606829,0.966135732331568,848.60667606829,849,1.98328373052926e-13,"success",TRUE,TRUE,8.18186231546065e-08,7,3.75885118264163,4530.27816415605,6.40517436327678
3.91375,0.43875,10000,1,0.052764158943582,0.0834609367325498,834.609367325498,0.970068498471243,834.609367325498,835,9.55004592304492e-12,"success",TRUE,TRUE,1.51629915300052e-07,7,3.64247802059886,4610.73977834736,6.28211140730948
4.0125,0.43875,10000,1,0.0479601923266751,0.0820945060703992,820.945060703992,0.973614800817332,820.945060703992,821,2.92323965783518e-10,"success",TRUE,TRUE,2.40699233290881e-07,7,3.53359854184034,4687.58987662776,6.1675858321723
4.11125,0.43875,10000,1,0.0436063986880616,0.0807614794554131,807.614794554131,0.976798996625075,807.614794554131,808,5.78902599782229e-09,"success",TRUE,TRUE,3.42649922939052e-07,7,3.43116644408705,4762.55761470104,6.06087969587009
4.21,0.43875,10000,1,0.039660588932626,0.0794617216106883,794.617216106883,0.979645888204811,794.617216106883,795,7.94237503896252e-08,"success",TRUE,TRUE,4.56864346417706e-07,7,3.33466641386585,4835.46327150434,5.96140992056351
4.30875,0.43875,10000,1,0.0360824572685503,0.0781949112294264,781.949112294264,0.982183087919836,781.949112294264,782,7.84327257792056e-07,"success",TRUE,TRUE,4.60528945580121e-06,6,3.24347051410454,4906.94977358934,5.86854088612327
4.4075,0.43875,10000,1,0.0328344918462365,0.0769605835461328,769.605835461328,0.984438833555452,769.605835461328,770,5.69282209214856e-06,"success",TRUE,TRUE,6.92338500728667e-07,7,3.15755448316485,4975.13305625602,5.78160185775768
4.50625,0.43875,10000,1,0.0298824790778979,0.0757581645156884,757.581645156884,0.986440531156487,757.581645156884,758,3.20441345427212e-05,"success",TRUE,TRUE,7.85642735562527e-07,7,3.07653753589688,5039.82901245125,5.69990407157201
4.605,0.43875,10000,1,0.0272076785051382,0.0745869982705387,745.869982705387,0.988203220223051,745.869982705387,746,0.000142992586789566,"success",TRUE,TRUE,8.4315225452977e-07,7,2.99887361833606,5106.88091514742,5.62378704861717
4.70375,0.43875,10000,1,0.0247715982317057,0.073446369178221,734.46369178221,0.98976134113707,734.46369178221,734,0.000524055531097244,"success",TRUE,TRUE,8.58814589470595e-07,7,2.92632326601967,5166.22844165031,5.55181765613638
4.8025,0.43875,10000,1,0.0225618209378996,0.0723355195500782,723.355195500782,0.991126840806524,723.355195500782,723,0.00159015218537321,"success",TRUE,TRUE,8.50230835741737e-07,7,2.85640627259383,5228.67455409896,5.48459201794632
4.90125,0.43875,10000,1,0.0205509191908812,0.0712536638394052,712.536638394052,0.992325237638464,712.536638394051,713,0.00411460606784783,"success",TRUE,TRUE,8.65796704923455e-07,7,2.79036708453735,5286.74502567109,5.42118053721182
5,0.43875,10000,1,0.0187209831472137,0.0702,702,0.993373993270743,702,702,0.009401035574544,"success",TRUE,TRUE,9.96404231380643e-07,7,2.72758178439559,5342.50187408289,5.36134808081941
1.05,0.451,10000,1,NA,0.020453514739229,NA,NA,204.53514739229,NA,NA,"no_epidemic_peak",FALSE,FALSE,NA,NA,NA,NA,NA
1.14875,0.451,10000,1,NA,0.0508372989044013,NA,NA,508.372989044013,NA,NA,"no_epidemic_peak",FALSE,FALSE,NA,NA,NA,NA,NA
1.2475,0.451,10000,1,0.798666620981909,0.0717250131525576,717.250131525576,0.858791509895136,717.250131525576,717,3.95832301720223e-48,"success",TRUE,TRUE,1.57361405692709e-10,7,36.1983827828359,764.168860812736,45.3240506641229
1.34625,0.451,10000,1,0.729954223864023,0.0861618254220732,861.618254220733,0.833104140817419,861.618254220733,862,4.39329763160257e-69,"success",TRUE,TRUE,1.69272824194739e-08,6,25.9165311849721,1004.79569105462,32.6593100878923
1.445,0.451,10000,1,0.663811874678441,0.0961171441912813,961.171441912812,0.817225087458022,961.171441912813,961,5.75922924492168e-85,"success",TRUE,TRUE,2.92057904063197e-09,6,20.3903542084058,1235.63258507835,25.958668746251
1.54375,0.451,10000,1,0.601277931724885,0.102901539117179,1029.01539117179,0.808546712824223,1029.01539117179,1029,1.06798258947096e-95,"success",TRUE,TRUE,6.70641614627528e-08,5,16.8981959418102,1456.82802656271,21.7572289277406
1.6425,0.451,10000,1,0.543146050973623,0.107408565755973,1074.08565755973,0.805167726678833,1074.08565755973,1074,8.35505690419636e-102,"success",TRUE,TRUE,2.93316555306929e-07,5,14.4763558937487,1668.27448376905,18.8584702380689
1.74125,0.451,10000,1,0.489779348012661,0.110260254198899,1102.60254198899,0.80570335397922,1102.60254198899,1103,3.24499621633492e-104,"success",TRUE,TRUE,1.56507710512158e-08,5,12.6907706805115,1870.17442150419,16.7303326873872
1.84,0.451,10000,1,0.441203309778306,0.111897448015123,1118.97448015123,0.809139660991248,1118.97448015123,1119,1.19752446139045e-103,"success",TRUE,TRUE,4.92546401424535e-08,5,11.3161251221656,2062.67334248431,15.0978665452162
1.93875,0.451,10000,1,0.39725937458554,0.112637465647878,1126.37465647878,0.814706666457016,1126.37465647878,1126,6.12957021139845e-101,"success",TRUE,TRUE,3.85831790087753e-09,5,10.2229130579745,2246.17464027679,13.8043580188011
2.0375,0.451,10000,1,0.357654610415879,0.112711806993112,1127.11806993112,0.821826798825094,1127.11806993112,1127,9.06560875803764e-97,"success",TRUE,TRUE,1.10458774892092e-08,5,9.33133680222856,2421.11306870949,12.7531830088534
2.13625,0.451,10000,1,0.322058595260151,0.112291345751214,1122.91345751214,0.830042299886135,1122.91345751213,1123,1.41108364343213e-91,"success",TRUE,TRUE,1.26622784452628e-08,5,8.58939962173097,2587.96663264772,11.8817611583831
2.235,0.451,10000,1,0.290093301267168,0.111503485828967,1115.03485828967,0.839014426576573,1115.03485828967,1115,1.00672931349898e-85,"success",TRUE,TRUE,8.9560337022135e-09,5,7.96180708718545,2747.06147396101,11.1471730123486
2.33375,0.451,10000,1,0.261437692425204,0.11044404707362,1104.4404707362,0.84843848568621,1104.4404707362,1104,1.5735393552491e-79,"success",TRUE,TRUE,1.81320260413909e-08,5,7.42360317071522,2898.81603667175,10.5198352384554
2.4325,0.451,10000,1,0.235736421857713,0.109185627566072,1091.85627566072,0.858106925310481,1091.85627566072,1092,2.67433850188429e-73,"success",TRUE,TRUE,3.9772133346902e-08,5,6.95646655936841,3044.0884911334,9.97765878063728
2.53125,0.451,10000,1,0.212681282002854,0.107783569577808,1077.83569577808,0.867839978427843,1077.83569577808,1078,4.34455832237099e-67,"success",TRUE,TRUE,7.68119532388073e-08,5,6.54712342657587,3182.86949897945,9.50444424726728
2.63,0.451,10000,1,0.192011502577334,0.106280270063179,1062.80270063179,0.877473882869288,1062.80270063179,1063,4.54939374968849e-61,"success",TRUE,TRUE,1.4665582150582e-07,5,6.18546065327278,3315.15936667857,9.0882018265128
2.72875,0.451,10000,1,0.173459121050372,0.104708331086275,1047.08331086275,0.886906063729847,1047.08331086275,1047,2.67838183926175e-55,"success",TRUE,TRUE,2.78697306192889e-07,5,5.86319692915628,3442.16060985932,8.71920467942766
2.8275,0.451,10000,1,0.15679285576623,0.103092886665557,1030.92886665557,0.896049897796186,1030.92886665557,1031,7.15307315976571e-50,"success",TRUE,TRUE,5.149025938044e-07,5,5.57430248152705,3563.63549006547,8.38990027929293
2.92625,0.451,10000,1,0.141815697493277,0.101453337885411,1014.53337885411,0.90482935251415,1014.53337885411,1015,8.22585018743759e-45,"success",TRUE,TRUE,8.94842678060776e-07,5,5.31360140417267,3680.46753686844,8.09442460860279
3.025,0.451,10000,1,0.128354300644865,0.0998046581517656,998.046581517656,0.913183800616246,998.046581517656,998,4.33593078856646e-40,"success",TRUE,TRUE,7.88199351112125e-08,6,5.07729995437227,3792.22811703346,7.82812290355664
3.12375,0.451,10000,1,0.116230970572444,0.0981583830010596,981.583830010596,0.921094836347129,981.583830010596,982,8.84849480611833e-36,"success",TRUE,TRUE,1.07145614319105e-07,6,4.86183866397898,3900.06175060721,7.58672296459083
3.2225,0.451,10000,1,0.105313707398533,0.0965233662409323,965.233662409323,0.928526581926993,965.233662409323,965,8.34717125145772e-32,"success",TRUE,TRUE,1.40811329812101e-07,6,4.66476862755205,4003.32075205085,7.36720552853735
3.32125,0.451,10000,1,0.0954711377419909,0.0949063614919099,949.063614919099,0.935471281267196,949.063614919099,949,3.22037083360404e-28,"success",TRUE,TRUE,1.82016602783537e-07,6,4.48368536419344,4102.69800562314,7.16676834223999
3.42,0.451,10000,1,0.0865918024891578,0.0933124722136726,933.124722136726,0.94192397920231,933.124722136726,933,5.71203693699007e-25,"success",TRUE,TRUE,5.77445558744283e-07,5,4.31669031840626,4198.44722832995,6.9831705535577
3.51875,0.451,10000,1,0.078574672525441,0.0917455019260559,917.455019260559,0.947889878122145,917.455019260559,917,4.86386190873327e-22,"success",TRUE,TRUE,4.21337403221607e-07,6,4.16212160273259,4290.94635473375,6.81446409153795
3.6175,0.451,10000,1,0.0713302650175254,0.0902082281621676,902.082281621676,0.95337994529142,902.082281621676,902,1.98583402932321e-19,"success",TRUE,TRUE,8.21460971627228e-07,6,4.01882371275511,4379.55278136137,6.65899186840625
3.71625,0.451,10000,1,0.0647839169537561,0.0887026177632553,887.026177632553,0.958404265454028,887.026177632553,887,4.30259558750844e-17,"success",TRUE,TRUE,1.78349739625883e-06,6,3.88533883339697,4465.53997296952,6.51550727538698
3.815,0.451,10000,1,0.0588600120168557,0.0872299967878743,872.299967878743,0.962988122799064,872.299967878743,872,5.21736922784728e-15,"success",TRUE,TRUE,3.42091887946934e-08,7,3.76075336019737,4548.74173759105,6.38262669832007
3.91375,0.451,10000,1,0.0534950588285952,0.0857911851085583,857.911851085583,0.967154353952134,857.911851085584,858,3.59243492543609e-13,"success",TRUE,TRUE,9.08843450061119e-08,7,3.64416377340528,4629.34029899827,6.25925387305982
4.0125,0.451,10000,1,0.048635949148911,0.0843866033908832,843.866033908832,0.97092363086271,843.866033908832,844,1.52827034184146e-11,"success",TRUE,TRUE,1.73782401271053e-07,7,3.53519765889317,4705.82644402663,6.14458931083833
4.11125,0.451,10000,1,0.0442347581782179,0.0830163583689831,830.163583689831,0.974318968591644,830.163583689831,830,4.18755871498027e-10,"success",TRUE,TRUE,2.76624456933362e-07,7,3.43267149964455,4780.51348940989,6.0379487627643
4.21,0.451,10000,1,0.0402418455028888,0.0816803109889924,816.803109889924,0.977371820140841,816.803109889924,817,7.56601784989461e-09,"success",TRUE,TRUE,3.90957332140388e-07,7,3.33607105116565,4853.21451166687,5.93838618956038
4.30875,0.451,10000,1,0.0366176051793515,0.080378130973154,803.78130973154,0.980107595187362,803.78130973154,804,9.64048275151963e-08,"success",TRUE,TRUE,5.13278967863946e-07,7,3.24477005570089,4924.56581215975,5.84527550961981
4.4075,0.451,10000,1,0.033330179302741,0.0791093405796146,791.093405796146,0.982547685730062,791.093405796146,791,8.94801934015463e-07,"success",TRUE,TRUE,6.4523341874209e-07,7,3.15886708180624,4992.09125697727,5.7583109518074
4.50625,0.451,10000,1,0.0303456128974684,0.0778733497357846,778.733497357846,0.984719040279615,778.733497357846,779,6.17034268065962e-06,"success",TRUE,TRUE,7.72920384522677e-07,7,3.07773221139276,5056.77557337995,5.67691205201441
4.605,0.451,10000,1,0.0276292255979947,0.0766694842621378,766.694842621378,0.986651295798304,766.694842621378,767,3.33849465780751e-05,"success",TRUE,TRUE,8.7759811455044e-07,7,2.99995147992849,5123.86844043048,5.60017710433648
4.70375,0.451,10000,1,0.0251666848256304,0.0754970085455901,754.970085455901,0.988355942803397,754.970085455901,755,0.000144411024141413,"success",TRUE,TRUE,9.37281930009186e-07,7,2.9273941188706,5182.7261249964,5.52864139926536
4.8025,0.451,10000,1,0.0229239818693888,0.0743551437426444,743.551437426444,0.989864692036018,743.551437426444,744,0.000510999058799032,"success",TRUE,TRUE,9.39254967085407e-07,7,2.85746837127958,5244.73104145247,5.46105886671937
4.90125,0.451,10000,1,0.0208838349003223,0.0732430823739526,732.430823739526,0.991194003352522,732.430823739526,732,0.0015422098020581,"success",TRUE,TRUE,8.91272246792644e-07,7,2.79130061758068,5302.98049853984,5.39740519283819
5,0.451,10000,1,0.0190303658388617,0.07216,721.6,0.992359982232849,721.6,722,0.00393725186674564,"success",TRUE,TRUE,8.43856339439401e-07,7,2.72849650030038,5358.38127561499,5.33773634662641
1.05,0.46325,10000,1,NA,0.0210090702947846,NA,NA,210.090702947846,NA,NA,"no_epidemic_peak",FALSE,FALSE,NA,NA,NA,NA,NA
1.14875,0.46325,10000,1,NA,0.052218134628523,NA,NA,522.18134628523,NA,NA,"no_epidemic_peak",FALSE,FALSE,NA,NA,NA,NA,NA
1.2475,0.46325,10000,1,0.798972488951618,0.073673198099606,736.73198099606,0.85779694745748,736.73198099606,737,8.02368500361183e-50,"success",TRUE,TRUE,1.54866167099358e-10,7,36.4009895592148,781.233470956564,45.5300800103137
1.34625,0.46325,10000,1,0.730776746294343,0.0885021410793247,885.021410793247,0.83155134437851,885.021410793247,885,1.26423255462797e-71,"success",TRUE,TRUE,1.645781348052e-08,6,26.0179961699939,1024.08453994912,32.7364134657404
1.445,0.46325,10000,1,0.665133103870468,0.0987278648483615,987.278648483615,0.815103821588283,987.278648483615,987,2.3289557498745e-88,"success",TRUE,TRUE,2.80232149622711e-09,6,20.4530259925124,1256.40010556025,25.9917941610335
1.54375,0.46325,10000,1,0.602999735241855,0.105696536576571,1056.96536576571,0.805884485909911,1056.96536576571,1057,8.51813609019049e-100,"success",TRUE,TRUE,6.33698197645597e-08,5,16.9413086412863,1478.56273586329,21.769914130896
1.6425,0.46325,10000,1,0.545153945149609,0.110325982453336,1103.25982453336,0.802011134936449,1103.25982453336,1103,2.04634549955505e-106,"success",TRUE,TRUE,2.73229479786074e-07,5,14.5078477723651,1690.6950260066,18.8599106369582
1.74125,0.46325,10000,1,0.491973169844552,0.113255128065721,1132.55128065721,0.802104773568629,1132.55128065721,1133,3.11772204863719e-109,"success",TRUE,TRUE,1.41488249214893e-08,5,12.7149597227471,1892.95848831447,16.7250171069944
1.84,0.46325,10000,1,0.443503972265728,0.114936791115312,1149.36791115312,0.805151806881805,1149.36791115312,1149,7.13772648230147e-109,"success",TRUE,TRUE,4.40862329044044e-08,5,11.335236366882,2085.70652390147,15.0882589301667
1.93875,0.46325,10000,1,0.399597050627771,0.115696909005276,1156.96909005276,0.810387509938635,1156.96909005276,1157,2.27771226508913e-106,"success",TRUE,TRUE,3.44497554091781e-09,5,10.238386090493,2269.33949299153,13.7917644390978
2.0375,0.46325,10000,1,0.359985275646174,0.11577326959991,1157.7326959991,0.817227424468679,1157.7326959991,1158,3.1125441888162e-102,"success",TRUE,TRUE,9.43443572113118e-09,5,9.34410076924038,2444.33314179904,12.7385486135316
2.13625,0.46325,10000,1,0.324339528908089,0.11534138784756,1153.4138784756,0.825220442086558,1153.4138784756,1153,6.38534270104097e-97,"success",TRUE,TRUE,1.04730084758306e-08,5,8.60009992502533,2611.16966689795,11.8655476935321
2.235,0.46325,10000,1,0.292313400039319,0.114532128182414,1145.32128182414,0.834010432785352,1145.32128182414,1145,5.51249772245759e-91,"success",TRUE,TRUE,6.95955968769551e-09,5,7.97107472916975,2769.87623602363,11.1299611773221
2.33375,0.46325,10000,1,0.263553941288503,0.113443913097238,1134.43913097238,0.843322199623035,1134.43913097238,1134,1.1930708981102e-84,"success",TRUE,TRUE,1.36730225342501e-08,5,7.43155151898577,2921.55239745376,10.5015238125229
2.4325,0.46325,10000,1,0.237760218200192,0.112151312572024,1121.51312572024,0.852906893311631,1121.51312572024,1122,2.96225632623526e-78,"success",TRUE,TRUE,2.96409567603023e-08,5,6.96347701019488,3066.43450799091,9.95874775097115
2.53125,0.46325,10000,1,0.214612359985692,0.110711172077427,1107.11172077427,0.862594208853971,1107.11172077427,1107,8.66637949534954e-72,"success",TRUE,TRUE,5.74986693199693e-08,5,6.55323298729903,3205.11920356784,9.48516624936775
2.63,0.46325,10000,1,0.193833041186274,0.109167040148043,1091.67040148043,0.872236299719353,1091.67040148043,1092,1.48764426464961e-65,"success",TRUE,TRUE,1.12614238634986e-07,5,6.19081639388399,3337.30068064032,9.06844847591943
2.72875,0.46325,10000,1,0.175162318338971,0.107552404380747,1075.52404380747,0.881723715135202,1075.52404380747,1076,1.50589101279104e-59,"success",TRUE,TRUE,2.23835376472005e-07,5,5.868060978889,3463.79064581149,8.69890557354097
2.8275,0.46325,10000,1,0.158404323921838,0.105893081480752,1058.93081480752,0.890931801377426,1058.93081480752,1059,7.67864075726141e-54,"success",TRUE,TRUE,4.39027268281356e-07,5,5.57862952426868,3585.10558794876,8.36953404865839
2.92625,0.46325,10000,1,0.143328231014308,0.104208999502033,1042.08999502033,0.89981660586699,1042.08999502033,1042,1.69227852446672e-48,"success",TRUE,TRUE,8.25188990384845e-07,5,5.31754626919989,3701.53250057587,8.07387678980257
3.025,0.46325,10000,1,0.129757248793502,0.10251553855611,1025.1553855611,0.908319593862343,1025.1553855611,1025,1.56548806982176e-43,"success",TRUE,TRUE,6.73456497371434e-08,6,5.0808318868092,3813.15878946055,7.80714058521059
3.12375,0.46325,10000,1,0.117545735999919,0.100824547506077,1008.24547506077,0.916383648205718,1008.24547506077,1008,5.94223411506334e-39,"success",TRUE,TRUE,8.93479234722582e-08,6,4.86510882794365,3920.52680349542,7.56567884204953
3.2225,0.46325,10000,1,0.106532810672607,0.0991451206454809,991.451206454809,0.924001981682511,991.451206454809,991,9.59061632276879e-35,"success",TRUE,TRUE,1.09632392653619e-07,6,4.66775255208949,4023.52985722312,7.34585372510783
3.32125,0.46325,10000,1,0.0966063151086505,0.0974841950357589,974.841950357589,0.931141141704908,974.841950357589,975,6.16776923044487e-31,"success",TRUE,TRUE,1.21951656555582e-07,6,4.48636606765427,4122.84056247688,7.14528056168066
3.42,0.46325,10000,1,0.0876503989579593,0.0958470127560617,958.470127560617,0.937797512306164,958.470127560617,958,1.90763439986338e-27,"success",TRUE,TRUE,1.28538204109548e-07,6,4.31921141389673,4218.10703203798,6.96163214781144
3.51875,0.46325,10000,1,0.0795571618785343,0.0942374806369077,942.374806369077,0.943981118913203,942.374806369077,942,2.60277105230834e-24,"success",TRUE,TRUE,1.39260929443787e-07,6,4.16446678975158,4310.27238354539,6.79277344980552
3.6175,0.46325,10000,1,0.072246047194714,0.0926584516543773,926.584516543773,0.949688813659617,926.584516543773,927,1.65152806042431e-21,"success",TRUE,TRUE,9.19573063099845e-07,5,4.02097916373364,4398.68030951767,6.63730853155982
3.71625,0.46325,10000,1,0.0656297420927419,0.0911119460727894,911.119460727894,0.954942740273366,911.119460727894,911,5.74577942578935e-19,"success",TRUE,TRUE,3.38249213585812e-07,6,3.88729539404815,4484.59144029935,6.49357882997868
3.815,0.46325,10000,1,0.0596454001660402,0.0895993259689197,895.993259689197,0.959749958117573,895.993259689197,896,1.03195140394921e-16,"success",TRUE,TRUE,8.4166121439903e-07,6,3.76264430873945,4567.23592707881,6.36063703424845
3.91375,0.46325,10000,1,0.0542253831181054,0.0881214334845669,881.214334845669,0.964135845952857,881.214334845669,881,1.06115930720116e-14,"success",TRUE,TRUE,2.32215934679202e-06,6,3.64583996867641,4647.96927137778,6.23727396240646
4.0125,0.46325,10000,1,0.0493149712603699,0.0866787007113673,866.787007113673,0.968120621131609,866.787007113673,867,6.32195143572053e-13,"success",TRUE,TRUE,1.08271621558316e-07,7,3.53678788224408,4724.08972823178,6.12263253340556
4.11125,0.46325,10000,1,0.0448612048097394,0.085271237282553,852.71237282553,0.97173108886138,852.71237282553,853,2.38133847886862e-11,"success",TRUE,TRUE,2.06019976016542e-07,7,3.43416837912508,4798.49440318697,6.01578287118096
4.21,0.46325,10000,1,0.040821915640378,0.0838989003672965,838.989003672965,0.974988452989742,838.989003672965,839,5.89599685760811e-10,"success",TRUE,TRUE,3.24725971875353e-07,7,3.33746823837688,4870.98925924571,5.91614459702746
4.30875,0.46325,10000,1,0.0371565589608847,0.0825613507168816,825.613507168816,0.977917974139643,825.613507168816,826,9.7680072226685e-09,"success",TRUE,TRUE,4.53294008519832e-07,7,3.2460628932216,4942.20389706833,5.82308574636326
4.4075,0.46325,10000,1,0.0338272364156468,0.0812580976130963,812.580976130963,0.980546482596405,812.580976130963,813,1.15780473882209e-07,"success",TRUE,TRUE,5.82903246486207e-07,7,3.16017293277717,5009.07027842688,5.73593986410908
4.50625,0.46325,10000,1,0.0308017823278827,0.0799885349558807,799.885349558807,0.98289798452112,799.885349558807,800,1.01567700901867e-06,"success",TRUE,TRUE,7.25463077747945e-07,7,3.07892092217335,5073.74177912081,5.65420261889
4.605,0.46325,10000,1,0.0280567145153417,0.0787519702537369,787.519702537369,0.98499016124649,787.519702537369,788,6.6731560673207e-06,"success",TRUE,TRUE,8.68360780207256e-07,7,3.00113754747923,5140.31895454634,5.57785015003401
4.70375,0.46325,10000,1,0.0255569641778826,0.0775476479129592,775.476479129592,0.986855026040774,775.476479129592,775,3.51845433793078e-05,"success",TRUE,TRUE,9.935259767716e-07,7,2.92845983156151,5199.2413388094,5.50581008443411
4.8025,0.46325,10000,1,0.0232864442539492,0.0763747679352107,763.747679352107,0.98850639986002,763.747679352107,764,0.000145991256150763,"success",TRUE,TRUE,1.07086530376542e-06,7,2.85852543108785,5260.80409016244,5.4383249771138
4.90125,0.46325,10000,1,0.0212207717518862,0.0752325009085001,752.325009085001,0.989967806947033,752.325009085001,752,0.000509384882770987,"success",TRUE,TRUE,1.07323772107512e-06,7,2.79222990851996,5319.23151328675,5.3748152036757
5,0.46325,10000,1,0.019339847593758,0.07412,741.2,0.991259033705928,741.2,741,0.00149514821607236,"success",TRUE,TRUE,9.81952777245171e-07,7,2.72940708302223,5374.27553460332,5.31487269811941
1.05,0.4755,10000,1,NA,0.0215646258503402,NA,NA,215.646258503402,NA,NA,"no_epidemic_peak",FALSE,FALSE,NA,NA,NA,NA,NA
1.14875,0.4755,10000,1,NA,0.0535989703526448,NA,NA,535.989703526448,NA,NA,"no_epidemic_peak",FALSE,FALSE,NA,NA,NA,NA,NA
1.2475,0.4755,10000,1,0.799249712899927,0.0756213830466544,756.213830466544,0.856842047846897,756.213830466544,756,1.87491894319312e-51,"success",TRUE,TRUE,1.52564436803874e-10,7,36.6039290622816,798.382250193158,45.7396344967666
1.34625,0.4755,10000,1,0.731548621308634,0.0908424567365761,908.424567365761,0.830059791747952,908.424567365761,908,3.55888843680005e-74,"success",TRUE,TRUE,1.60276935819497e-08,6,26.119001389209,1043.45604626333,32.8148584884091
1.445,0.4755,10000,1,0.666391940367946,0.101338585505442,1013.38585505442,0.813062097376473,1013.38585505442,1013,9.02244577518763e-92,"success",TRUE,TRUE,2.69516471704793e-09,6,20.5154308130113,1277.22739900872,26.0260306104063
1.54375,0.4755,10000,1,0.604652113726097,0.108491534035962,1084.91534035962,0.803317308177808,1084.91534035962,1085,6.3464357541496e-104,"success",TRUE,TRUE,6.01182219857416e-08,5,16.9841262717064,1500.36930617711,21.7835214824704
1.6425,0.4755,10000,1,0.547093605141004,0.113243399150699,1132.43399150699,0.798959870191361,1132.43399150699,1132,4.55262480344664e-111,"success",TRUE,TRUE,2.55562530280796e-07,5,14.5392056542785,1713.14392217981,18.8622978011866
1.74125,0.4755,10000,1,0.494100882214423,0.116250001932542,1162.50001932542,0.798619242911392,1162.50001932542,1163,2.63726022462052e-114,"success",TRUE,TRUE,1.28885701831897e-08,5,12.7389461940016,1915.82550890136,16.720608659208
1.84,0.4755,10000,1,0.44574115342482,0.117976134215501,1179.76134215501,0.80128225904219,1179.76134215501,1180,2.93036802057672e-114,"success",TRUE,TRUE,3.97552612756705e-08,5,11.3541655599026,2108.84300227497,15.0795076718745
1.93875,0.4755,10000,1,0.401879899496832,0.118756352362674,1187.56352362674,0.806185754358831,1187.56352362674,1188,6.99716678494863e-112,"success",TRUE,TRUE,3.14392522081472e-09,5,10.2537448720752,2292.57243915699,13.7800663458188
2.0375,0.4755,10000,1,0.362263435550101,0.118834732206707,1188.34732206707,0.812745936592096,1188.34732206707,1188,1.06245505037242e-107,"success",TRUE,TRUE,8.20257396401931e-09,5,9.35688024882605,2467.47716691722,12.7247447742473
2.13625,0.4755,10000,1,0.326566782677342,0.118391429943907,1183.91429943907,0.820517159461911,1183.91429943907,1184,1.90457801527599e-102,"success",TRUE,TRUE,8.85006629824872e-09,5,8.61096220746083,2634.06724743314,11.8500602597974
2.235,0.4755,10000,1,0.29448298202479,0.117560770535862,1175.60770535862,0.829120487735534,1175.60770535862,1176,1.96948472147386e-96,"success",TRUE,TRUE,5.39633650817258e-09,5,7.98024581564769,2792.80714365268,11.1134326833481
2.33375,0.4755,10000,1,0.265652180014538,0.116443779120857,1164.43779120857,0.838288533429096,1164.43779120857,1164,6.76182446788052e-90,"success",TRUE,TRUE,9.61439543403376e-09,5,7.4394216307387,2944.39344487142,10.4842726220923
2.4325,0.4755,10000,1,0.239757460152197,0.115116997577976,1151.16997577976,0.847789554550134,1151.16997577976,1151,2.88110230581939e-83,"success",TRUE,TRUE,2.00549508494278e-08,5,6.97042171976695,3088.87574327444,9.94070787406521
2.53125,0.4755,10000,1,0.216510416849528,0.113638774577046,1136.38774577046,0.857428536555379,1136.38774577046,1136,1.29673834992659e-76,"success",TRUE,TRUE,3.80548385099981e-08,5,6.55939120821818,3227.2073076556,9.46659325221026
2.63,0.4755,10000,1,0.195617666694097,0.112053810232908,1120.53810232908,0.867073051191374,1120.53810232908,1121,3.63435022961522e-70,"success",TRUE,TRUE,7.54480985349571e-08,5,6.19612645450657,3359.52030346827,9.04927641028622
2.72875,0.4755,10000,1,0.176864055567107,0.110396477675219,1103.96477675219,0.876568920352933,1103.96477675219,1104,6.85203121400016e-64,"success",TRUE,TRUE,1.55487977278784e-07,5,5.87288502370375,3485.49253460348,8.67970178775679
2.8275,0.4755,10000,1,0.159983568131606,0.108693276295947,1086.93276295947,0.885861310346533,1086.93276295947,1087,6.11720945661933e-58,"success",TRUE,TRUE,3.21851893918728e-07,5,5.58292239573062,3606.64132225148,8.34968795872362
2.92625,0.4755,10000,1,0.144810622739661,0.106964661118654,1069.64661118654,0.894837188559388,1069.64661118654,1070,2.32330581723397e-52,"success",TRUE,TRUE,6.46604725053704e-07,5,5.32146094176603,3722.65785633356,8.05381570697382
3.025,0.4755,10000,1,0.131154283227377,0.105226418960454,1052.26418960454,0.903449213756511,1052.26418960454,1052,4.08074047688942e-47,"success",TRUE,TRUE,5.80591735772639e-08,6,5.08433784025678,3834.14483473391,7.78706822997361
3.12375,0.4755,10000,1,0.118842600252399,0.103490712011095,1034.90712011095,0.911667400754933,1034.90712011095,1035,2.69587994601766e-42,"success",TRUE,TRUE,7.93895581605844e-08,6,4.86835562173175,3941.04302070747,7.54525008959747
3.2225,0.4755,10000,1,0.107753634083907,0.101766875050029,1017.66875050029,0.919437058116372,1017.66875050029,1018,7.33500099674082e-38,"success",TRUE,TRUE,9.94597223345177e-08,6,4.67071582467244,4043.786198608,7.32552153297281
3.32125,0.4755,10000,1,0.0977432580203036,0.100062028579608,1000.62028579608,0.926758814170002,1000.62028579608,1001,8.58404354454794e-34,"success",TRUE,TRUE,1.13397580987782e-07,6,4.48902888550905,4143.0266889202,7.12479519946623
3.42,0.4755,10000,1,0.0887019334578597,0.0983815532984508,983.815532984508,0.933618702968866,983.815532984508,984,4.43435597691308e-30,"success",TRUE,TRUE,1.22895964932374e-07,6,4.32171606876755,4237.80735957996,6.94083943543077
3.51875,0.4755,10000,1,0.0805395419420155,0.0967294593477596,967.294593477596,0.94000164368243,967.294593477596,967,1.03602151972896e-26,"success",TRUE,TRUE,1.27288859649937e-07,6,4.16679707861221,4329.63608104017,6.77199687939673
3.6175,0.4755,10000,1,0.0731559412297758,0.0951086751465869,951.086751465869,0.945925260992146,951.086751465869,951,1.09607212376416e-23,"success",TRUE,TRUE,1.25463219192895e-07,6,4.02312131881036,4417.84285866147,6.61633039331497
3.71625,0.4755,10000,1,0.0664774074918071,0.0935212743823235,935.212743823235,0.95139194811174,935.212743823235,935,5.83587386758079e-21,"success",TRUE,TRUE,4.83105444926135e-07,5,3.88924028042605,4503.67544918879,6.47259827033107
3.815,0.4755,10000,1,0.0604283905507274,0.0919686551499651,919.686551499651,0.956421577363351,919.68655149965,920,1.57549208075139e-18,"success",TRUE,TRUE,7.22046147979024e-08,6,3.76452414026598,4585.7606232949,6.33942511334209
3.91375,0.4755,10000,1,0.0549521211957226,0.0904516818605754,904.516818605754,0.961023433769286,904.516818605754,905,2.36728109663724e-16,"success",TRUE,TRUE,8.27243965795493e-09,6,3.6475067044818,4666.62657681596,6.21599045308906
4.0125,0.4755,10000,1,0.0499827572092422,0.0889707980318514,889.707980318514,0.965229243743845,889.707980318514,890,2.09468872618289e-14,"success",TRUE,TRUE,3.64010523767416e-07,6,3.53836929925552,4742.37961900236,6.10099628599263
4.11125,0.4755,10000,1,0.0454823881403556,0.087526116196123,875.26116196123,0.969045185960295,875.26116196123,875,1.12466932080946e-12,"success",TRUE,TRUE,2.05369716448165e-06,6,3.43565715072438,4816.5002840897,5.99417724716551
4.21,0.4755,10000,1,0.0413970958706779,0.0861174897456006,861.174897456006,0.972505185830355,861.174897456006,861,3.75792546000481e-11,"success",TRUE,TRUE,2.47181349709403e-07,7,3.33885803235467,4888.78744767339,5.89444490742352
4.30875,0.4755,10000,1,0.0376871251144945,0.0847445704606092,847.445704606092,0.97563196668819,847.445704606092,847,8.41899553430665e-10,"success",TRUE,TRUE,3.8406394434611e-07,7,3.24734908597058,4959.86395038448,5.80118659693206
4.4075,0.4755,10000,1,0.0343221055887205,0.0834068546465781,834.068546465781,0.978442384434181,834.068546465781,834,1.27762854708293e-08,"success",TRUE,TRUE,5.28739788075721e-07,7,3.16147206802038,5026.07017724007,5.7141998293366
4.50625,0.4755,10000,1,0.0312619916860623,0.0821037201759769,821.037201759769,0.980968932692347,821.037201759769,821,1.40916909091939e-07,"success",TRUE,TRUE,6.68342677412597e-07,7,3.08010371947084,5090.72757146994,5.63255136128471
4.605,0.4755,10000,1,0.028478165298877,0.0808344562453359,808.344562453359,0.98323376187599,808.344562453359,808,1.16595145756288e-06,"success",TRUE,TRUE,8.14234907007064e-07,7,3.00232310853888,5156.76171097358,5.55579459829581
4.70375,0.4755,10000,1,0.0259501537105814,0.0795982872803284,795.982872803284,0.985252670889044,795.982872803284,796,7.30981186745473e-06,"success",TRUE,TRUE,4.30365261622071e-06,6,2.92952045893455,5215.77400949767,5.4839705223753
4.8025,0.4755,10000,1,0.0236490169664496,0.078394392127777,783.94392127777,0.987052841225648,783.94392127777,784,3.65490356133936e-05,"success",TRUE,TRUE,1.12054382486737e-06,7,2.85957747905145,5276.89371078269,5.41632364605852
4.90125,0.4755,10000,1,0.0215531504036762,0.0772219194430476,772.219194430476,0.988654617328731,772.219194430476,772,0.000149427462788175,"success",TRUE,TRUE,1.22639290384965e-06,7,2.79315494814843,5335.49818889392,5.35246747284209
5,0.4755,10000,1,0.0196482631901118,0.07608,760.8,0.990071994196464,760.8,761,0.000503983714350589,"success",TRUE,TRUE,1.25619772094925e-06,7,2.73031355650956,5390.18462272162,5.2925922520686
1.05,0.48775,10000,1,NA,0.0221201814058957,NA,NA,221.201814058957,NA,NA,"no_epidemic_peak",FALSE,FALSE,NA,NA,NA,NA,NA
1.14875,0.48775,10000,1,NA,0.0549798060767666,NA,NA,549.798060767666,NA,NA,"no_epidemic_peak",FALSE,FALSE,NA,NA,NA,NA,NA
1.2475,0.48775,10000,1,0.799500776359887,0.0775695679937028,775.695679937028,0.855924256573476,775.695679937028,776,3.71380770114817e-53,"success",TRUE,TRUE,1.50430470209465e-10,7,36.807291139942,815.613981877898,45.9527973234927
1.34625,0.48775,10000,1,0.732272914806201,0.0931827723938276,931.827723938276,0.828625868777314,931.827723938276,932,8.13036837863514e-77,"success",TRUE,TRUE,1.56323708213524e-08,6,26.2195784025847,1062.90911585643,32.8945531622477
1.445,0.48775,10000,1,0.667590183492698,0.103949306162522,1039.49306162522,0.811096110128847,1039.49306162522,1039,3.3584511316547e-95,"success",TRUE,TRUE,2.59769669587811e-09,6,20.5774134745464,1298.13672663494,26.0611822614235
1.54375,0.48775,10000,1,0.60623800365656,0.111286531495353,1112.86531495353,0.800840448953903,1112.86531495353,1113,4.43300760066416e-108,"success",TRUE,TRUE,5.72326916417491e-08,5,17.0266534921384,1522.24772139278,21.7979754893681
1.6425,0.48775,10000,1,0.548967815734081,0.116160815848062,1161.60815848062,0.796009014120965,1161.60815848062,1162,7.35697830061649e-116,"success",TRUE,TRUE,2.39935320861257e-07,5,14.5703811619085,1735.64560609739,18.8655716823047
1.74125,0.48775,10000,1,0.496165220259949,0.119244875799364,1192.44875799364,0.795241773573721,1192.44875799364,1192,2.48329765834832e-119,"success",TRUE,TRUE,1.18229734819294e-08,5,12.7628109502182,1938.72882184491,16.7170564342623
1.84,0.48775,10000,1,0.447917519623101,0.12101547731569,1210.1547731569,0.797526138382979,1210.1547731569,1210,1.29229023683672e-119,"success",TRUE,TRUE,3.60942517694997e-08,5,11.373142406183,2131.88910420328,15.0715681482036
1.93875,0.48775,10000,1,0.404104867242155,0.121815795720072,1218.15795720072,0.802100418718841,1218.15795720072,1218,2.24186284713677e-117,"success",TRUE,TRUE,2.89669374852405e-09,5,10.2691721463064,2315.67723914515,13.7691358957496
2.0375,0.48775,10000,1,0.364486832218222,0.121896194813504,1218.96194813504,0.808381501731583,1218.96194813504,1219,2.42298831505145e-113,"success",TRUE,TRUE,7.21479936892934e-09,5,9.36965332712605,2490.57272545886,12.7116676887131
2.13625,0.48775,10000,1,0.328767006361643,0.121441472040254,1214.41472040254,0.815911268752385,1214.41472040254,1214,5.42648518596958e-108,"success",TRUE,TRUE,7.5863099273748e-09,5,8.6217044485501,2657.09315621966,11.8356013003732
2.235,0.48775,10000,1,0.296608304486621,0.120589412889309,1205.89412889309,0.824338818172012,1205.89412889309,1206,6.66094805173888e-102,"success",TRUE,TRUE,4.30885414106597e-09,5,7.98932178792069,2815.85319491944,11.0976163813358
2.33375,0.48775,10000,1,0.267707595600913,0.119443645144475,1194.43645144475,0.833358438938646,1194.43645144475,1194,2.97313155188708e-95,"success",TRUE,TRUE,6.84791068022593e-09,5,7.44721464695481,2967.33833159996,10.4676749889774
2.4325,0.48775,10000,1,0.241728173303012,0.118082682583928,1180.82682583928,0.842756021593479,1180.82682583928,1181,1.79432755768298e-88,"success",TRUE,TRUE,1.26384619366899e-08,5,6.97730163901729,3111.41151562569,9.9234800176812
2.53125,0.48775,10000,1,0.218371400094792,0.116566377076665,1165.66377076665,0.852348962679112,1165.66377076665,1166,1.25872680458954e-81,"success",TRUE,TRUE,2.19373608035841e-08,5,6.56549450632261,3249.38149351734,9.44862017649207
2.63,0.48775,10000,1,0.197399332240859,0.114940580317772,1149.40580317772,0.861953946583046,1149.40580317772,1149,7.43340498937894e-75,"success",TRUE,TRUE,4.26504364871386e-08,5,6.20144616316525,3381.67695337374,9.03115569210586
2.72875,0.48775,10000,1,0.178531724679972,0.113240550969691,1132.40550969691,0.871479258706192,1132.40550969691,1132,2.34956042538304e-68,"success",TRUE,TRUE,9.07932800793012e-08,5,5.87766958518499,3507.26585643905,8.6610052404158
2.8275,0.48775,10000,1,0.161565730396878,0.111493471111142,1114.93471111142,0.880806014736807,1114.93471111142,1115,3.47938804118077e-62,"success",TRUE,TRUE,1.9946777881204e-07,5,5.58718151931803,3628.24232446874,8.3309203698362
2.92625,0.48775,10000,1,0.146291454635363,0.109720322735276,1097.20322735276,0.889865581106506,1097.20322735276,1097,2.56375671147195e-56,"success",TRUE,TRUE,4.2962188003158e-07,5,5.32534598840887,3743.84315942803,8.03472685555997
3.025,0.48775,10000,1,0.132536351854482,0.107937299364797,1079.37299364797,0.898589508294182,1079.37299364797,1079,7.81069564803034e-51,"success",TRUE,TRUE,4.92780310681222e-08,6,5.08781813790916,3855.18595570208,7.76767244601148
3.12375,0.48775,10000,1,0.120139538485705,0.106156876516113,1061.56876516113,0.906932331883833,1061.56876516113,1062,8.8009083523003e-46,"success",TRUE,TRUE,7.24260940066129e-08,6,4.87157931959295,3961.61016206488,7.52577174807985
3.2225,0.48775,10000,1,0.108951825647745,0.104388629454578,1043.88629454578,0.914868538654668,1043.88629454578,1044,4.55486406355122e-41,"success",TRUE,TRUE,9.96609352440979e-08,6,4.67365868154442,4064.08956312725,7.30560020928282
3.32125,0.48775,10000,1,0.0988594400020049,0.102639862123457,1026.39862123457,0.922359645032409,1026.39862123457,1026,9.72078043474971e-37,"success",TRUE,TRUE,1.27872127488538e-07,6,4.49167401350445,4163.25617762325,7.10470509937231
3.42,0.48775,10000,1,0.0897501792866655,0.10091609384084,1009.1609384084,0.929390973111855,1009.1609384084,1009,8.17026315332772e-33,"success",TRUE,TRUE,1.5911090292411e-07,6,4.32420446188397,4257.54804148489,6.92084484708231
3.51875,0.48775,10000,1,0.0815044703579447,0.0992214380586114,992.214380586114,0.935981318343182,992.214380586114,992,3.14082043853007e-29,"success",TRUE,TRUE,1.98183978462412e-07,6,4.16911262832767,4349.03729554491,6.75158760390737
3.6175,0.48775,10000,1,0.0740550396542056,0.0975588986387966,975.588986387966,0.942103819096351,975.588986387966,976,5.25283784858764e-26,"success",TRUE,TRUE,2.5611220905166e-07,6,4.02525031573772,4437.04029168814,6.59586986278643
3.71625,0.48775,10000,1,0.0673105498648821,0.0959306026918576,959.306026918576,0.94778022692956,959.306026918576,959,4.59865239646765e-23,"success",TRUE,TRUE,3.53961202410758e-07,6,3.89117361055076,4522.79186794783,6.4519592997421
3.815,0.48775,10000,1,0.0612093275792158,0.0943379843310104,943.379843310104,0.953009805096817,943.379843310104,943,1.94454902397235e-20,"success",TRUE,TRUE,5.20111920747242e-07,6,3.76639296468508,4604.31571851431,6.31895504904098
3.91375,0.48775,10000,1,0.055671652667593,0.0927819302365839,927.819302365839,0.957828897024372,927.819302365839,928,4.3172174564313e-18,"success",TRUE,TRUE,7.73378354084033e-07,6,3.64916406074966,4685.31211889342,6.19522488082736
4.0125,0.48775,10000,1,0.0506581879777662,0.0912628953523355,912.628953523355,0.962232888486242,912.628953523355,913,5.43024725736706e-16,"success",TRUE,TRUE,1.08508641672552e-06,6,3.53994199293494,4760.69601835059,6.0804933814086
4.11125,0.48775,10000,1,0.0461069024596129,0.0897809951096929,897.809951096929,0.966256588183245,897.809951096929,898,4.10238413463038e-14,"success",TRUE,TRUE,1.29021407148898e-06,6,3.43713788918486,4834.53104362498,5.97350989744954
4.21,0.48775,10000,1,0.0419758421871533,0.0883360791239047,883.360791239047,0.969917027987023,883.360791239047,883,1.93480681276487e-12,"success",TRUE,TRUE,9.21231325985656e-07,6,3.34024052163847,4906.60896291712,5.87369720331632
4.30875,0.48775,10000,1,0.0382243921096785,0.0869277902043367,869.277902043367,0.973236517384687,869.277902043367,869,5.7781140696771e-11,"success",TRUE,TRUE,5.83053986098216e-07,6,3.24862869002511,4977.54590877216,5.78042782468049
4.4075,0.48775,10000,1,0.0348144133402308,0.0855556116800599,855.556116800599,0.976239885665122,855.556116800599,856,1.14922370184838e-09,"success",TRUE,TRUE,4.54487955124283e-07,7,3.16276457209712,5043.0908039164,5.69304061327038
4.50625,0.48775,10000,1,0.0317181621957171,0.084218905396073,842.18905396073,0.978943746599957,842.18905396073,842,1.65201555347494e-08,"success",TRUE,TRUE,6.1787280726781e-07,7,3.08128065333278,5107.73288936244,5.61134085054721
4.605,0.48775,10000,1,0.0289027173244949,0.082916942236935,829.16942236935,0.981374934752693,829.16942236935,829,1.70287620881481e-07,"success",TRUE,TRUE,7.68858319623509e-07,7,3.00350282045688,5173.22294381764,5.53468881066821
4.70375,0.48775,10000,1,0.0263409684951004,0.0816489266476975,816.489266476975,0.983556049456373,816.489266476975,816,1.33069015201435e-06,"success",TRUE,TRUE,9.11164435613433e-07,7,2.93057603705346,5232.32409243011,5.46262960272231
4.8025,0.48775,10000,1,0.0240092507031585,0.0804140163203433,804.140163203433,0.985507903676071,804.140163203433,804,7.99336692497835e-06,"success",TRUE,TRUE,1.08026280559617e-06,7,2.86062459729188,5292.99970812385,5.39480317534815
4.90125,0.48775,10000,1,0.0218898746606537,0.0792113379775951,792.113379775951,0.987246416861503,792.113379775951,792,3.84634652213504e-05,"success",TRUE,TRUE,1.25214111735173e-06,7,2.79407579341972,5351.78039397119,5.33122676737533
5,0.48775,10000,1,0.0199587620636857,0.07804,780.4,0.988795936335184,780.4,780,0.00015247719031339,"success",TRUE,TRUE,1.39239148107479e-06,7,2.73121596876141,5406.1084713211,5.27119788681118
1.05,0.5,10000,1,NA,0.0226757369614513,NA,NA,226.757369614513,NA,NA,"no_epidemic_peak",FALSE,FALSE,NA,NA,NA,NA,NA
1.14875,0.5,10000,1,NA,0.0563606418008883,NA,NA,563.606418008883,NA,NA,"no_epidemic_peak",FALSE,FALSE,NA,NA,NA,NA,NA
1.2475,0.5,10000,1,0.799728021256418,0.0795177529407513,795.177529407512,0.855041215451826,795.177529407513,795,8.50558787324038e-55,"success",TRUE,TRUE,1.48444164235644e-10,7,37.0111963665897,832.927106741225,46.1698205917999
1.34625,0.5,10000,1,0.732953256597984,0.095523088051079,955.23088051079,0.827245981284962,955.23088051079,955,2.19334064123856e-79,"success",TRUE,TRUE,1.52678987149804e-08,6,26.3197578195659,1082.44268213974,32.975633137238
1.445,0.5,10000,1,0.668731716857051,0.106560026819602,1065.60026819602,0.809201473818133,1065.60026819602,1066,9.73654748991405e-99,"success",TRUE,TRUE,2.50873471263434e-09,6,20.6389901534671,1319.12656975967,26.0972547847194
1.54375,0.5,10000,1,0.607765249762761,0.114081528954744,1140.81528954744,0.798447320599277,1140.81528954744,1141,2.90396653116043e-112,"success",TRUE,TRUE,5.46518946125814e-08,5,17.0688944775838,1544.19797013423,21.8134478228701
1.6425,0.5,10000,1,0.550779183633881,0.119078232545425,1190.78232545425,0.793153942521405,1190.78232545425,1191,1.36385246800034e-120,"success",TRUE,TRUE,2.26040572773637e-07,5,14.6012175654278,1758.26552522263,18.8696761937613
1.74125,0.5,10000,1,0.498168733951642,0.122239749666186,1222.39749666186,0.79196765415227,1222.39749666186,1222,1.66148708751173e-124,"success",TRUE,TRUE,1.09216837441356e-08,5,12.7865215918954,1961.68774686242,16.7143129512761
1.84,0.5,10000,1,0.450035560078806,0.124054820415879,1240.54820415879,0.793878800443187,1240.54820415879,1241,3.93521219993935e-125,"success",TRUE,TRUE,3.29613952009833e-08,5,11.3918518124517,2155.11043153245,15.0643986945934
1.93875,0.5,10000,1,0.406274338035747,0.12487523907747,1248.7523907747,0.798127111581655,1248.7523907747,1249,4.87536851099781e-123,"success",TRUE,TRUE,2.68754292576118e-09,5,10.2844018109869,2338.93944102863,13.7589358546804
2.0375,0.5,10000,1,0.366658791439473,0.124957657420302,1249.57657420302,0.804129437279203,1249.57657420302,1250,4.54413398046998e-119,"success",TRUE,TRUE,6.41596549304671e-09,5,9.3822755564686,2513.80963574369,12.6992991982612
2.13625,0.5,10000,1,0.330917486510378,0.1244915141366,1244.915141366,0.811417715324472,1244.915141366,1245,1.02184285608406e-113,"success",TRUE,TRUE,6.6119597537466e-09,5,8.63232846745629,2680.2461906117,11.8217949634886
2.235,0.5,10000,1,0.298710142707257,0.123618055242757,1236.18055242757,0.819648174594473,1236.18055242757,1236,1.75210592107375e-107,"success",TRUE,TRUE,3.57796617812104e-09,5,7.99830406164719,2839.01337142347,11.0827332347328
2.33375,0.5,10000,1,0.269719059214728,0.122443511168093,1224.43511168093,0.828532648788042,1224.43511168093,1224,1.02561199063855e-100,"success",TRUE,TRUE,5.0566164913506e-09,5,7.45508787502574,2990.07767830822,10.4516679263848
2.4325,0.5,10000,1,0.243657786250831,0.121048367589881,1210.48367589881,0.837819965365135,1210.48367589881,1210,1.02885361873595e-93,"success",TRUE,TRUE,8.08317666198921e-09,5,6.98411766424852,3134.04114499735,9.90681262920799
2.53125,0.5,10000,1,0.220225385412482,0.119493979576284,1194.93979576284,0.847328970144974,1194.93979576284,1195,1.05246080473313e-86,"success",TRUE,TRUE,1.11644761797178e-08,5,6.5715436289726,3271.64120386319,9.43162696040947
2.63,0.5,10000,1,0.199145468202647,0.117827350402637,1178.27350402637,0.856913694466047,1178.27350402637,1178,9.99733531116572e-80,"success",TRUE,TRUE,1.87617051105175e-08,5,6.20687171958481,3403.52122734867,9.01354239115693
2.72875,0.5,10000,1,0.180179953246999,0.116084624264163,1160.84624264163,0.866443333278446,1160.84624264163,1161,5.20392383169588e-73,"success",TRUE,TRUE,4.09314751706837e-08,5,5.88241517485423,3529.11018849626,8.64301137458327
2.8275,0.5,10000,1,0.163117443592754,0.114293665926338,1142.93665926338,0.875806139903695,1142.93665926338,1143,1.48705643192037e-66,"success",TRUE,TRUE,9.75621036041776e-08,5,5.59140732725935,3649.90821376576,8.31261638447528
2.92625,0.5,10000,1,0.147750892265249,0.112475984351897,1124.75984351897,0.884929045228106,1124.75984351897,1125,1.87070805600611e-60,"success",TRUE,TRUE,2.31394606598352e-07,5,5.3292015850205,3765.08822101177,8.01620187008996
3.025,0.5,10000,1,0.133894470234738,0.110648179769141,1106.48179769141,0.893757071103999,1106.48179769141,1106,1.1188112900252e-54,"success",TRUE,TRUE,5.33125642570041e-07,5,5.09127308135713,3876.28186482705,7.74874819094227
3.12375,0.5,10000,1,0.121412552953479,0.10882304102113,1088.2304102113,0.902213450836057,1088.2304102113,1088,2.37966468806233e-49,"success",TRUE,TRUE,6.49634548974907e-08,6,4.87478019092701,3982.22798996478,7.50670344077226
3.2225,0.5,10000,1,0.110149899262522,0.107010383859127,1070.10383859127,0.910276392755979,1070.10383859127,1070,2.06732809424488e-44,"success",TRUE,TRUE,9.63007156059737e-08,6,4.67658137837971,4084.43973124211,7.28655842041688
3.32125,0.5,10000,1,0.0999778071575336,0.105217695667306,1052.17695667306,0.917922860642977,1052.17695667306,1052,7.44916614065377e-40,"success",TRUE,TRUE,1.32754620854196e-07,6,4.49430164806869,4183.52882512187,7.08552987120219
3.42,0.5,10000,1,0.090779831677542,0.103450634383229,1034.50634383229,0.925141463010653,1034.50634383229,1035,1.06030475367875e-35,"success",TRUE,TRUE,1.76282958983096e-07,6,4.3266767692654,4277.32890758827,6.90121667051954
3.51875,0.5,10000,1,0.082477009531338,0.101713416769463,1017.13416769463,0.931896037682489,1017.13416769463,1017,7.02606355306525e-32,"success",TRUE,TRUE,2.31570879737588e-07,6,4.17141359458598,4368.4758778117,6.73221861246517
3.6175,0.5,10000,1,0.0749587696842757,0.100009122131006,1000.09122131006,0.938212264053526,1000.09122131006,1000,2.0003483239336e-28,"success",TRUE,TRUE,3.11955027536472e-07,6,4.02736629018602,4456.27247110889,6.5763590171995
3.71625,0.5,10000,1,0.0681509978782345,0.0983399310013917,983.399310013917,0.944087045010238,983.399310013917,983,2.7342204755694e-25,"success",TRUE,TRUE,4.4715566293976e-07,6,3.89309550071097,4541.94056471408,6.43235800047017
3.815,0.5,10000,1,0.0619786030369866,0.0967073135120558,967.073135120558,0.949534590567512,967.073135120558,967,1.79033451128442e-22,"success",TRUE,TRUE,6.9456132825335e-07,6,3.76825089032011,4622.90110475872,6.29884993668624
3.91375,0.5,10000,1,0.0563955461855498,0.0951121786125924,951.121786125924,0.954544062646042,951.121786125924,951,6.10910487360486e-20,"success",TRUE,TRUE,1.14747328992303e-06,6,3.65087949842078,4703.73414776635,6.17539477471653
4.0125,0.5,10000,1,0.0513240277086801,0.0935549926728196,935.549926728196,0.959159537319669,935.549926728195,936,1.12159264511774e-17,"success",TRUE,TRUE,1.39833924434135e-06,6,3.5415060451583,4779.03882826329,6.06032539950081
4.11125,0.5,10000,1,0.0467217172992913,0.0920358740232628,920.358740232628,0.96338769029124,920.358740232628,920,1.25027452267848e-15,"success",TRUE,TRUE,1.18407186288887e-08,7,3.43861066825047,4852.58659331712,5.9531297061462
4.21,0.5,10000,1,0.0425457833387132,0.0905546685022089,905.546685022089,0.967244753998194,905.546685022089,906,7.86978631389243e-14,"success",TRUE,TRUE,8.0610366527595e-08,7,3.34161576050123,4924.45374030891,5.85322762655594
4.30875,0.5,10000,1,0.0387546744218181,0.0891110099480643,891.110099480643,0.970752759596178,891.110099480643,891,3.26431996072679e-12,"success",TRUE,TRUE,1.98748704349202e-07,7,3.24990177026436,4995.24966587265,5.75998662468435
4.4075,0.5,10000,1,0.0353093377614544,0.0877043687135416,877.043687135416,0.973936586437213,877.043687135416,877,8.73789699466486e-11,"success",TRUE,TRUE,3.55849318376834e-07,7,3.16405047839645,5060.13217294768,5.67273868246938
4.50625,0.5,10000,1,0.0321739376957345,0.0863340906161692,863.340906161692,0.976821839363446,863.340906161692,863,1.62426311954932e-09,"success",TRUE,TRUE,3.96883525553544e-06,6,3.08245176350775,5124.75770055326,5.5907969503085
4.605,0.5,10000,1,0.0293248312336903,0.0849994282285341,849.994282285341,0.979422598285646,849.994282285341,850,2.11155432333008e-08,"success",TRUE,TRUE,3.66444025478858e-06,6,3.00467673747791,5189.7026161944,5.51407671868198
4.70375,0.5,10000,1,0.0267310324258671,0.0836995660150666,836.995660150666,0.981765771000003,836.995660150666,837,2.04456524056435e-07,"success",TRUE,TRUE,8.86419366617392e-07,7,2.93162660673799,5248.8915360159,5.44189829550213
4.8025,0.5,10000,1,0.0243728531187738,0.0824336405129096,824.336405129096,0.983866800318759,824.336405129096,824,1.51187575408335e-06,"success",TRUE,TRUE,1.02211553323293e-06,7,2.86166675114224,5309.12228686257,5.37422631009616
4.90125,0.5,10000,1,0.022223431291891,0.0812007565121426,812.007565121426,0.985751988931624,812.007565121426,812,8.69644099729877e-06,"success",TRUE,TRUE,1.19133129437127e-06,7,2.79499246881616,5368.0780938454,5.3103194637382
5,0.5,10000,1,0.0202652685675292,0.08,800,0.987437814433581,800,800,4.05325366556625e-05,"success",TRUE,TRUE,1.38367950751209e-06,7,2.73211434174831,5422.0470546349,5.25002385242423
