"R0","K","alpha","scenario","replicate","seasonal_amp","run_id","T0","global_extinction_day","occ_mean","occ_median","occ_lwr","occ_upr","final_occupied","mean_N_late","occupied_years","empty_years","n_episodes","n_colonizations","n_failed","n_burnout","n_survived","n_short_censored","n_fadeout","established_years","n_local_extinctions","initial_failed","initial_burnout","initial_survived","p_failed","p_burnout","fadeout_hazard","ext_rate","col_rate","elapsed_sec"
1.5,1000,1e-05,"seasonal",1,0.4,1,157.216164328629,550,0,0,0,0,0,1000,55.3178082191781,246.052054794521,200,0,0,0,0,0,1,0.86075548906043,200,0,199,1,NA,NA,1.16177011091915,3.61547224010698,0,3.38701748847961
1.5,1000,1e-05,"seasonal",2,0.4,2,157.216164328629,242,0,0,0,0,0,1000,52.0630136986301,80.5397260273973,201,1,1,0,0,0,2,0.0311000192167503,201,0,198,2,1,NA,64.3086419355912,3.86070620428353,0.0124162329489404,8.53193521499634
1.5,1000,1e-05,"seasonal",3,0.4,3,157.216164328629,392,0,0,0,0,0,1000,53.4739726027397,161.320547945205,200,0,0,0,0,0,2,0.447538375381134,200,0,198,2,NA,NA,4.46889051312472,3.74013730915053,0,3.54234409332275
1.5,1000,1e-05,"seasonal",4,0.4,4,157.216164328629,904,0,0,0,0,0,1000,53.8684931506849,441.47397260274,200,0,0,0,0,0,2,1.8858945397647,200,0,198,2,NA,NA,1.06050468773802,3.7127453972129,0,4.58088874816895
1.5,1000,1e-05,"seasonal",5,0.4,5,157.216164328629,231,0,0,0,0,0,1000,53.2767123287671,73.2986301369863,200,0,0,0,0,0,0,0,200,0,200,0,NA,NA,NA,3.75398539545408,0,4.65340805053711
1.5,1000,1e-05,"constant",1,0,6,157.216164328629,2511,0,0,0,0,0,1000,306.243835616438,1069.64657534247,216,16,10,4,2,0,139,192.792958184879,216,0,63,137,0.625,0.666666666666667,0.72098068990002,0.70532031955913,0.0149582117765182,4.44778180122375
1.5,1000,1e-05,"constant",2,0,7,157.216164328629,3820,0,0,0,0,0,1000,432.419178082192,1660.73150684932,233,33,17,8,8,0,152,310.262231597459,233,0,56,144,0.515151515151515,0.5,0.489908163224997,0.538829015478385,0.0198707616877857,4.34156966209412
1.5,1000,1e-05,"constant",3,0,8,157.216164328629,3777,0,0,0,0,0,1000,356.569863013699,1713.01917808219,214,14,7,2,5,0,137,242.649529398539,214,0,68,132,0.5,0.285714285714286,0.564600311979112,0.600162891477395,0.00817270476543857,4.23067545890808
1.5,1000,1e-05,"constant",4,0,9,157.216164328629,2778,0,0,0,0,0,1000,345.501369863014,1176.6904109589,213,13,8,2,3,0,137,233.178296521827,213,0,66,134,0.615384615384615,0.4,0.587533239772064,0.616495384908174,0.0110479357007814,6.06500124931335
1.5,1000,1e-05,"constant",5,0,10,157.216164328629,3957,0,0,0,0,0,1000,408.684931506849,1759.53424657534,217,17,9,3,5,0,142,293.325909583567,217,0,63,137,0.529411764705882,0.375,0.484103160888843,0.530971374941342,0.00966164769630818,5.2801501750946
1.5,1000,2e-05,"seasonal",1,0.4,11,157.216164328629,236,0,0,0,0,0,1000,54.7123287671233,74.6027397260274,202,2,2,0,0,0,1,0.000481516457690205,202,0,199,1,1,NA,2076.7722141771,3.69203805708563,0.0268086669114947,3.03090882301331
1.5,1000,2e-05,"seasonal",2,0.4,12,157.216164328629,241,0,0,0,0,0,1000,52.3369863013699,79.7178082191781,200,0,0,0,0,0,1,0.0141801465946765,200,0,199,1,NA,NA,70.5211327205474,3.82138931057949,0,4.00898742675781
1.5,1000,2e-05,"seasonal",3,0.4,13,157.216164328629,529,0,0,0,0,0,1000,55.5260273972603,234.33698630137,200,0,0,0,0,0,1,0.803221242485087,200,0,199,1,NA,NA,1.24498699375293,3.60191444219667,0,3.49372744560242
1.5,1000,2e-05,"seasonal",4,0.4,14,157.216164328629,507,0,0,0,0,0,1000,54.0191780821918,223.78904109589,200,0,0,0,0,0,1,0.742947269882348,200,0,199,1,NA,NA,1.34599054406426,3.70238880154182,0,3.9611873626709
1.5,1000,2e-05,"seasonal",5,0.4,15,157.216164328629,237,0,0,0,0,0,1000,53.8,76.0630136986301,200,0,0,0,0,0,1,0.00322124248508747,200,0,199,1,NA,NA,310.439218602584,3.71747211895911,0,3.68666291236877
1.5,1000,2e-05,"constant",1,0,16,157.216164328629,3516,0,0,0,0,0,1000,325.452054794521,1601.12328767123,234,34,21,8,5,0,134,209.376851972454,234,0,71,129,0.617647058823529,0.615384615384615,0.639994339095467,0.71899991581783,0.0212350918019883,3.33683466911316
1.5,1000,2e-05,"constant",2,0,17,157.216164328629,3033,0,0,0,0,0,1000,326.038356164384,1335.87945205479,226,26,16,6,4,0,134,210.297399917659,226,0,70,130,0.615384615384615,0.6,0.637192851896728,0.693169977479749,0.0194628339855126,5.74375581741333
1.5,1000,2e-05,"constant",3,0,18,157.216164328629,4044,0,0,0,0,0,1000,358.93698630137,1856.95342465753,248,48,30,9,9,0,133,242.439384154626,248,0,76,124,0.625,0.5,0.548590735221359,0.690929075199218,0.0258487904772584,3.92985057830811
1.5,1000,2e-05,"constant",4,0,19,157.216164328629,4406,0,0,0,0,0,1000,395.057534246575,2019.18904109589,250,50,26,7,17,0,149,270.197773349456,250,0,68,132,0.52,0.291666666666667,0.551447919621799,0.632819218286221,0.0247624164862063,4.0360221862793
1.5,1000,2e-05,"constant",5,0,20,157.216164328629,3815,0,0,0,0,0,1000,352.852054794521,1737.55890410959,252,52,31,7,14,0,143,231.027760963039,252,0,71,129,0.596153846153846,0.333333333333333,0.618973232497709,0.714180338688262,0.0299270429779458,5.92474389076233
1.5,1000,3e-05,"seasonal",1,0.4,21,157.216164328629,540,0,0,0,0,0,1000,55,240.890410958904,200,0,0,0,0,0,2,1.37630549866881,200,0,198,2,NA,NA,1.45316574113411,3.63636363636364,0,3.45373582839966
1.5,1000,3e-05,"seasonal",2,0.4,22,157.216164328629,765,0,0,0,0,0,1000,56.0849315068493,363.093150684932,201,1,0,0,1,0,3,1.71651304252376,201,0,198,2,0,0,1.74772921945828,3.58385032484979,0.00275411419387455,6.46780490875244
1.5,1000,3e-05,"seasonal",3,0.4,23,157.216164328629,209,0,0,0,0,0,1000,53.0191780821918,61.5013698630137,200,0,0,0,0,0,0,0,200,0,200,0,NA,NA,NA,3.77221992558909,0,3.77866291999817
1.5,1000,3e-05,"seasonal",4,0.4,24,157.216164328629,528,0,0,0,0,0,1000,55.1780821917808,234.13698630137,200,0,0,0,0,0,3,2.02884180964704,200,0,197,3,NA,NA,1.47867615194795,3.62462760675273,0,4.31151413917542
1.5,1000,3e-05,"seasonal",5,0.4,25,157.216164328629,216,0,0,0,0,0,1000,51.2465753424658,67.1095890410959,200,0,0,0,0,0,0,0,200,0,200,0,NA,NA,NA,3.90269981288426,0,4.39937829971313
1.5,1000,3e-05,"constant",1,0,26,157.216164328629,7879,0,0,0,0,0,1000,414.252054794521,3903.00821917808,282,82,47,12,23,0,154,284.912509698868,282,0,69,131,0.573170731707317,0.342857142857143,0.540516806941075,0.680744963690956,0.0210094356443011,2.52084684371948
1.5,1000,3e-05,"constant",2,0,27,157.216164328629,3164,0,0,0,0,0,1000,396.167123287671,1337.53150684932,261,61,34,15,12,0,149,270.734759650826,261,0,63,137,0.557377049180328,0.555555555555556,0.550354155455211,0.658812871280282,0.0456064023072558,3.18885970115662
1.5,1000,3e-05,"constant",3,0,28,157.216164328629,6003,0,0,0,0,0,1000,428.479452054795,2860.83561643836,275,75,38,14,23,0,167,295.222879001859,275,0,56,144,0.506666666666667,0.378378378378378,0.565674315502317,0.641804405511685,0.0262161165671492,3.18486833572388
1.5,1000,3e-05,"constant",4,0,29,157.216164328629,5561,0,0,0,0,0,1000,454.493150684931,2592.6301369863,293,93,51,18,24,0,158,321.388408367438,293,0,66,134,0.548387096774194,0.428571428571429,0.49161698395594,0.64467418168666,0.0358709091101225,3.8791971206665
1.5,1000,3e-05,"constant",5,0,30,157.216164328629,3782,0,0,0,0,0,1000,384.742465753425,1687.58630136986,267,67,33,13,21,0,158,253.547312477027,267,0,63,137,0.492537313432836,0.382352941176471,0.623157857428742,0.693970704474083,0.0397016732984939,3.31026935577393
1.5,1000,5e-05,"seasonal",1,0.4,31,157.216164328629,558,0,0,0,0,0,1000,56.0301369863014,249.723287671233,203,3,2,1,0,0,2,1.66123700551812,203,0,198,2,0.666666666666667,1,1.20392213354062,3.62305021759327,0.0120132969094559,5.15665316581726
1.5,1000,5e-05,"seasonal",2,0.4,32,157.216164328629,523,0,0,0,0,0,1000,56.1945205479452,230.380821917808,202,2,2,0,0,0,2,1.52425070414826,202,0,198,2,1,NA,1.31212010895385,3.59465652576666,0.00868127816955844,3.3244354724884
1.5,1000,5e-05,"seasonal",3,0.4,33,157.216164328629,557,0,0,0,0,0,1000,56.5095890410959,248.695890410959,201,1,0,1,0,0,3,1.91651304252376,201,0,197,3,0,1,1.56534285623721,3.55691845243867,0.00402097516910128,2.96412563323975
1.5,1000,5e-05,"seasonal",4,0.4,34,157.216164328629,229,0,0,0,0,0,1000,54.2164383561644,71.2630136986301,202,2,2,0,0,0,0,0,202,0,200,0,1,NA,NA,3.7258072666633,0.028065049402176,4.72527599334717
1.5,1000,5e-05,"seasonal",5,0.4,35,157.216164328629,591,0,0,0,0,0,1000,55.9506849315068,267.884931506849,203,3,2,1,0,0,4,1.72521373706364,203,0,196,4,0.666666666666667,1,2.31855329810213,3.62819508373323,0.0111988381844587,4.42277455329895
1.5,1000,5e-05,"constant",1,0,36,157.216164328629,4221,0,0,0,0,0,1000,465.715068493151,1847.16164383562,344,144,79,29,36,0,171,320.035763971799,344,0,65,135,0.548611111111111,0.446153846153846,0.5343152836352,0.738649065217136,0.0779574437789782,4.13154530525208
1.5,1000,5e-05,"constant",2,0,37,157.216164328629,3343,0,0,0,0,0,1000,362.487671232877,1469.29315068493,297,97,63,19,15,0,145,235.32735413294,297,0,70,130,0.649484536082474,0.558823529411765,0.616162963860491,0.81933821084137,0.0660181393718347,3.4023220539093
1.5,1000,5e-05,"constant",3,0,38,157.216164328629,3360,0,0,0,0,0,1000,393.005479452055,1448.0904109589,291,91,54,16,21,0,162,260.171156351077,291,0,59,141,0.593406593406593,0.432432432432432,0.622667025323113,0.740447691481871,0.0628413801454159,3.26778364181519
1.5,1000,5e-05,"constant",4,0,39,157.216164328629,4779,0,0,0,0,0,1000,389.627397260274,2229.00273972603,307,107,68,25,14,0,149,259.132019924799,307,0,65,135,0.635514018691589,0.641025641025641,0.574996482654828,0.787932271084422,0.0480035300509104,3.05837750434875
1.5,1000,5e-05,"constant",5,0,40,157.216164328629,5688,0,0,0,0,0,1000,414.402739726027,2702.3095890411,311,111,63,14,34,0,165,275.471231037437,311,0,69,131,0.567567567567568,0.291666666666667,0.598973618328864,0.750477663843657,0.0410759745849061,4.13098406791687
1.5,1000,8e-05,"seasonal",1,0.4,41,157.216164328629,547,0,0,0,0,0,1000,56.5561643835616,243.169863013699,205,5,3,2,0,0,2,1.6858945397647,205,0,198,2,0.6,1,1.18631382499118,3.62471539989343,0.020561758509188,3.76145219802856
1.5,1000,8e-05,"seasonal",2,0.4,42,157.216164328629,487,0,0,0,0,0,1000,54.3808219178082,212.468493150685,200,0,0,0,0,0,2,1.00370275894278,200,0,198,2,NA,NA,1.9926218018038,3.67776714192151,0,4.1339156627655
1.5,1000,8e-05,"seasonal",3,0.4,43,157.216164328629,213,0,0,0,0,0,1000,52.8602739726027,63.8520547945205,200,0,0,0,0,0,0,0,200,0,200,0,NA,NA,NA,3.78355965585156,0,4.19367623329163
1.5,1000,8e-05,"seasonal",4,0.4,44,157.216164328629,256,0,0,0,0,0,1000,53.6219178082192,86.6520547945205,200,0,0,0,0,0,1,0.0552760370056354,200,0,199,1,NA,NA,18.0910219721079,3.72981810750051,0,3.94401907920837
1.5,1000,8e-05,"seasonal",5,0.4,45,157.216164328629,295,0,0,0,0,0,1000,52.8904109589041,108.753424657534,202,2,2,0,0,0,1,0.162125352074129,202,0,199,1,1,NA,6.16806679033622,3.81921781921782,0.0183902254692027,4.28376960754395
1.5,1000,8e-05,"constant",1,0,46,157.216164328629,5667,0,0,0,0,0,1000,458.93698630137,2646.26849315069,437,237,126,47,64,0,195,288.789786120208,437,0,69,131,0.531645569620253,0.423423423423423,0.67523163689325,0.952200439371508,0.0895600732175987,5.15683722496033
1.5,1000,8e-05,"constant",2,0,47,157.216164328629,4889,0,0,0,0,0,1000,490.147945205479,2188.75616438356,473,273,167,46,60,0,179,324.527287336338,473,0,81,119,0.611721611721612,0.433962264150943,0.551571491781786,0.965014756517462,0.124728375157718,4.64185333251953
1.5,1000,8e-05,"constant",3,0,48,157.216164328629,10964,0,0,0,0,0,1000,589.66301369863,5418.00821917808,531,331,193,64,74,0,206,404.674534856038,531,0,68,132,0.583081570996979,0.463768115942029,0.509051057717986,0.900514340672871,0.0610925614376814,3.83363103866577
1.5,1000,8e-05,"constant",4,0,49,157.216164328629,8986,0,0,0,0,0,1000,615.893150684931,4307.94246575342,548,348,190,76,82,0,219,419.47805484396,548,0,63,137,0.545977011494253,0.481012658227848,0.522077370844739,0.889764725245884,0.0807810231372571,3.753333568573
1.5,1000,8e-05,"constant",5,0,50,157.216164328629,5269,0,0,0,0,0,1000,461.58904109589,2425.53424657534,413,213,134,33,46,0,178,306.970641436318,413,0,68,132,0.629107981220657,0.417721518987342,0.579860012563861,0.894735280151947,0.087815705055799,4.16786956787109
1.5,1000,1e-04,"seasonal",1,0.4,51,157.216164328629,208,0,0,0,0,0,1000,52.5479452054795,61.4246575342466,200,0,0,0,0,0,0,0,200,0,200,0,NA,NA,NA,3.80604796663191,0,3.56626772880554
1.5,1000,1e-04,"seasonal",2,0.4,52,157.216164328629,256,0,0,0,0,0,1000,53.1890410958904,87.0849315068493,204,4,4,0,0,0,2,0.0831548137372982,204,0,198,2,1,NA,24.0515240202254,3.8353765323993,0.0459321713962122,2.95048975944519
1.5,1000,1e-04,"seasonal",3,0.4,53,157.216164328629,516,0,0,0,0,0,1000,55.558904109589,227.180821917808,203,3,1,2,0,0,2,0.770826046614011,203,0,198,2,0.333333333333333,1,2.59461912163627,3.65377977217812,0.013205340022431,4.23029899597168
1.5,1000,1e-04,"seasonal",4,0.4,54,157.216164328629,261,0,0,0,0,0,1000,51.7452054794521,91.2684931506849,200,0,0,0,0,0,1,0.0689746671426217,200,0,199,1,NA,NA,14.4980764884629,3.8650923915921,0,3.72645354270935
1.5,1000,1e-04,"seasonal",5,0.4,55,157.216164328629,553,0,0,0,0,0,1000,58.7479452054795,244.265753424658,206,6,4,1,1,0,3,1.19048564526348,206,0,198,2,0.666666666666667,0.5,2.51997998626521,3.5065056195495,0.0245634106127393,2.92738652229309
1.5,1000,1e-04,"constant",1,0,56,157.216164328629,10596,0,0,0,0,0,1000,797.553424657534,5008.47397260274,776,576,320,104,152,0,292,543.291287737152,776,0,60,140,0.555555555555556,0.40625,0.537464904353981,0.972975572555796,0.115005090003627,4.02992844581604
1.5,1000,1e-04,"constant",2,0,57,157.216164328629,11127,0,0,0,0,0,1000,705.824657534247,5391.16164383562,699,499,292,88,119,0,264,478.444928564008,699,0,55,145,0.585170340681363,0.42512077294686,0.551787644175396,0.99033094485805,0.0925589015811775,3.88574290275574
1.5,1000,1e-04,"constant",3,0,58,157.216164328629,5598,0,0,0,0,0,1000,570.416438356164,2496.98082191781,565,365,225,72,68,0,201,385.5871957669,565,0,67,133,0.616438356164384,0.514285714285714,0.521282869884277,0.990504413982575,0.14617653319406,3.77051854133606
1.5,1000,1e-04,"constant",4,0,59,157.216164328629,6961,0,0,0,0,0,1000,571.032876712329,3243.21369863014,559,359,198,76,85,0,221,371.111894589204,559,0,64,136,0.551532033426184,0.472049689440994,0.595507724818769,0.978927874027837,0.110692675031446,4.57338762283325
1.5,1000,1e-04,"constant",5,0,60,157.216164328629,10229,0,0,0,0,0,1000,770.413698630137,4834.51780821918,773,573,320,101,152,0,287,519.373811661713,773,0,65,135,0.558464223385689,0.399209486166008,0.55258850861532,1.00335702931355,0.118522678523563,4.01576113700867
1.5,1000,2e-04,"seasonal",1,0.4,61,157.216164328629,244,0,0,0,0,0,1000,53.4027397260274,80.2958904109589,203,3,3,0,0,0,2,0.0420589233263393,203,0,198,2,1,NA,47.5523347205492,3.80130309870716,0.0373618124744097,3.64521050453186
1.5,1000,2e-04,"seasonal",2,0.4,62,157.216164328629,964,0,0,0,0,0,1000,66.841095890411,461.378082191781,241,41,17,21,3,0,9,4.86186789469455,241,0,194,6,0.414634146341463,0.875,1.85114038368281,3.60556625814649,0.0888642126327916,4.03942847251892
1.5,1000,2e-04,"seasonal",3,0.4,63,157.216164328629,224,0,0,0,0,0,1000,52.5205479452055,70.2191780821918,204,4,4,0,0,0,0,0,204,0,200,0,1,NA,NA,3.88419405320814,0.0569644947327351,3.7650351524353
1.5,1000,2e-04,"seasonal",4,0.4,64,157.216164328629,379,0,0,0,0,0,1000,54.4082191780822,153.26301369863,204,4,4,0,0,0,1,0.392262338375498,204,0,199,1,1,NA,2.54931432913332,3.74943350621884,0.0260989256538138,3.84521198272705
1.5,1000,2e-04,"seasonal",5,0.4,65,157.216164328629,481,0,0,0,0,0,1000,53.4219178082192,210.139726027397,206,6,4,2,0,0,1,0.348426721937142,206,0,199,1,0.666666666666667,1,2.87004393474851,3.85609518436843,0.0285524308679157,3.54395151138306
1.5,1000,2e-04,"constant",1,0,66,157.216164328629,NA,0.351040490932004,0.35,0.245,0.44,54,875.528631855789,7423.47123287671,12577.0767123288,10931,10731,6105,2009,2596,21,2710,4763.66874484892,10877,0,53,147,0.570028011204482,0.436264929424539,0.568889262699131,1.46521750523239,0.853218935166458,4.85821914672852
1.5,1000,2e-04,"constant",2,0,67,157.216164328629,NA,0.377992438770478,0.375,0.29,0.48,71,866.540333132431,7484.99726027397,12515.5506849315,10958,10758,6210,1955,2574,19,2663,4857.7648514292,10887,0,59,141,0.578266132787038,0.43166261867962,0.548194505383792,1.45450955042855,0.859570647015351,5.49815320968628
1.5,1000,2e-04,"constant",3,0,68,157.216164328629,NA,0.327588351323215,0.33,0.24,0.415,60,883.983018738699,6751.96164383562,13248.5863013699,10237,10037,5809,1860,2353,15,2450,4320.69179452084,10177,0,58,142,0.579624825384155,0.441490624258248,0.567038825381365,1.50726567134625,0.757590264476913,4.8506007194519
1.5,1000,2e-04,"constant",4,0,69,157.216164328629,NA,0.34471891951126,0.34,0.27,0.45,56,878.081651416361,7268.99726027397,12731.5506849315,10731,10531,6000,1945,2567,19,2663,4657.75488895631,10675,0,67,133,0.570776255707763,0.431072695035461,0.571734679794778,1.46856569314454,0.827157685706268,4.70768475532532
1.5,1000,2e-04,"constant",5,0,70,157.216164328629,NA,0.356931948934305,0.355,0.28,0.445,65,873.608927182072,7466.40273972603,12534.1452054795,10950,10750,6133,2006,2586,25,2688,4810.23138511576,10885,0,58,142,0.571841491841492,0.43684668989547,0.558808877327076,1.45786403164202,0.857657209468142,5.04754853248596
1.5,2000,1e-05,"seasonal",1,0.4,71,157.216164328629,925,0,0,0,0,0,2000,70.1972602739726,436.65205479452,204,4,3,0,1,0,8,5.66686583029166,204,0,193,7,0.75,0,1.41171508900684,2.90609632347202,0.00916061187867836,5.06093525886536
1.5,2000,1e-05,"seasonal",2,0.4,72,157.216164328629,1258,0,0,0,0,0,2000,70.3068493150685,619.008219178082,205,5,3,1,1,0,7,6.01432951931342,205,0,194,6,0.6,0.5,1.16388700976915,2.91578988387499,0.00807743717302977,3.30836343765259
1.5,2000,1e-05,"seasonal",3,0.4,73,157.216164328629,953,0,0,0,0,0,2000,68.5616438356164,453.630136986301,201,1,1,0,0,0,6,5.48508087956806,201,0,194,6,1,NA,1.0938763040578,2.93166833166833,0.00220443907594746,4.5649197101593
1.5,2000,1e-05,"seasonal",4,0.4,74,157.216164328629,568,0,0,0,0,0,2000,61.7424657534247,249.490410958904,200,0,0,0,0,0,1,0.910070557553581,200,0,199,1,NA,NA,1.09881590136062,3.2392616258431,0,3.133633852005
1.5,2000,1e-05,"seasonal",5,0.4,75,157.216164328629,923,0,0,0,0,0,2000,67.5150684931507,438.238356164384,200,0,0,0,0,0,6,4.81110827682833,200,0,194,6,NA,NA,1.24711389866192,2.96230166781642,0,4.91942739486694
1.5,2000,1e-05,"constant",1,0,76,157.216164328629,NA,0.541460193961975,0.55,0.485,0.59,106,1621.66179798367,11441.6438356164,8558.90410958904,1344,1144,649,71,423,1,496,11004.9441859116,1238,0,22,178,0.567804024496938,0.143724696356275,0.0450706511201549,0.108201235573009,0.133661971830986,6.15107393264771
1.5,2000,1e-05,"constant",2,0,77,157.216164328629,NA,0.483301462933538,0.485,0.42,0.545,96,1662.19824393184,11058.2547945205,8942.29315068493,1245,1045,584,79,379,3,481,10641.5695411316,1149,0,5,195,0.560460652591171,0.172489082969432,0.0452000993031005,0.103904279775624,0.116860405087476,5.46150135993958
1.5,2000,1e-05,"constant",3,0,78,157.216164328629,NA,0.471795792011397,0.475,0.43,0.515,92,1670.29968193524,10955.8904109589,9044.65753424657,1291,1091,650,72,365,4,463,10553.1639457052,1199,0,14,186,0.597976080956762,0.164759725400458,0.0438730983790342,0.109438845682563,0.120623693696423,5.59458947181702
1.5,2000,1e-05,"constant",4,0,79,157.216164328629,NA,0.45896033094077,0.46,0.37,0.545,102,1679.52829954523,9783.92876712329,10216.6191780822,1281,1081,643,73,361,4,450,9384.26113129279,1179,0,13,187,0.59702878365831,0.168202764976959,0.0479526298026201,0.120503739148405,0.105807995889587,5.81228184700012
1.5,2000,1e-05,"constant",5,0,80,157.216164328629,NA,0.482390279984658,0.485,0.445,0.51,87,1662.81156950304,10585.6136986301,9414.93424657534,1301,1101,652,74,372,3,476,10175.2997862026,1214,0,12,188,0.593806921675774,0.165919282511211,0.0467799485028875,0.114683950743177,0.116941868223932,6.02791833877563
1.5,2000,2e-05,"seasonal",1,0.4,81,157.216164328629,221,0,0,0,0,0,2000,61.4712328767123,59.6246575342466,200,0,0,0,0,0,0,0,200,0,200,0,NA,NA,NA,3.25355439675536,0,4.60452628135681
1.5,2000,2e-05,"seasonal",2,0.4,82,157.216164328629,589,0,0,0,0,0,2000,68.7698630136986,253.969863013699,202,2,2,0,0,0,7,6.11021993027232,202,0,193,7,1,NA,1.14562161098643,2.93733317397713,0.00787495010733665,3.85172176361084
1.5,2000,2e-05,"seasonal",3,0.4,83,157.216164328629,892,0,0,0,0,0,2000,70.4301369863014,418.33698630137,203,3,1,2,0,0,6,5.10973841381463,203,0,194,6,0.333333333333333,1,1.17422840742267,2.8822888707356,0.00717125212026746,4.06466317176819
1.5,2000,2e-05,"seasonal",4,0.4,84,157.216164328629,586,0,0,0,0,0,2000,69.1698630136986,251.92602739726,205,5,2,3,0,0,7,5.2362473275326,205,0,193,7,0.4,1,1.33683524901382,2.9637184615994,0.0198470957989408,3.82775950431824
1.5,2000,2e-05,"seasonal",5,0.4,85,157.216164328629,599,0,0,0,0,0,2000,70.4191780821918,257.8,207,7,3,4,0,0,8,4.83124939193549,207,0,192,8,0.428571428571429,1,1.65588636623767,2.93954013150216,0.0271528316524438,3.83903813362122
1.5,2000,2e-05,"constant",1,0,86,157.216164328629,NA,0.746308421456359,0.745,0.68,0.815,146,1478.38607090022,15434.5561643836,4565.99178082192,1842,1642,924,94,619,5,661,14855.2190529114,1696,0,17,183,0.564447159437996,0.131837307152875,0.0444961462800142,0.109883302243161,0.359615189606063,5.87810969352722
1.5,2000,2e-05,"constant",2,0,87,157.216164328629,NA,0.750569557832447,0.755,0.695,0.795,153,1475.46357322886,15224.1150684932,4776.43287671233,1994,1794,988,136,663,7,704,14594.1928506329,1841,0,13,187,0.55288192501399,0.170212765957447,0.0482383648897357,0.120926568914998,0.375594098421588,5.54434084892273
1.5,2000,2e-05,"constant",3,0,88,157.216164328629,NA,0.710445455043559,0.71,0.665,0.765,142,1503.50467645608,14660.2493150685,5340.29863013699,1947,1747,1002,117,623,5,673,14063.9297543581,1805,0,13,187,0.575200918484501,0.158108108108108,0.0478529125041634,0.123122053466358,0.327135263586409,6.58618330955505
1.5,2000,2e-05,"constant",4,0,89,157.216164328629,NA,0.713957591364857,0.715,0.655,0.76,146,1500.76827899841,14530.9068493151,5469.64109589041,1981,1781,1057,117,607,0,642,13947.0890240098,1835,1,18,181,0.593486805165637,0.161602209944751,0.0460311107855413,0.126282552013366,0.325615514578853,5.33534693717957
1.5,2000,2e-05,"constant",5,0,90,157.216164328629,NA,0.740460522711084,0.745,0.68,0.795,146,1482.0824864391,15059.0136986301,4941.53424657534,1936,1736,994,114,626,2,670,14465.137159876,1790,0,12,188,0.573241061130334,0.154054054054054,0.0463182611125509,0.118865686413635,0.351307896166683,5.29326605796814
1.5,2000,3e-05,"seasonal",1,0.4,91,157.216164328629,582,0,0,0,0,0,2000,66.6301369863014,252.27397260274,202,2,1,1,0,0,5,3.64076374667201,202,0,195,5,0.5,1,1.37333821909495,3.03166118421053,0.00792788879235447,3.92827534675598
1.5,2000,3e-05,"seasonal",2,0.4,92,157.216164328629,933,0,0,0,0,0,2000,65.6328767123288,445.6,202,2,2,0,0,0,4,3.77452880555679,202,0,196,4,1,NA,1.05973492482327,3.0777258306896,0.00448833034111311,3.93980503082275
1.5,2000,3e-05,"seasonal",3,0.4,93,157.216164328629,556,0,0,0,0,0,2000,63.827397260274,240.830136986301,200,0,0,0,0,0,2,0.902332895929079,200,0,198,2,NA,NA,2.21647687790515,3.13345065888312,0,4.1731538772583
1.5,2000,3e-05,"seasonal",4,0.4,94,157.216164328629,922,0,0,0,0,0,2000,70.4,434.805479452055,204,4,2,2,0,0,7,5.40885006725863,204,0,193,7,0.5,1,1.29417527070552,2.89772727272727,0.00919951608025002,4.25398421287537
1.5,2000,3e-05,"seasonal",5,0.4,95,157.216164328629,868,0,0,0,0,0,2000,66.7369863013699,408.879452054795,202,2,1,1,0,0,6,4.04946444121189,202,0,194,6,0.5,1,1.48167741366914,3.0268073402028,0.00489141723789039,4.22003817558289
1.5,2000,3e-05,"constant",1,0,96,157.216164328629,NA,0.830570927620404,0.83,0.775,0.88,164,1419.37734781656,16582.8356164384,3417.71232876712,2163,1963,1100,133,727,3,758,15911.6479930767,1999,0,8,192,0.561224489795918,0.154651162790698,0.0476380573734295,0.120546331534422,0.574360803709924,6.15901017189026
1.5,2000,3e-05,"constant",2,0,97,157.216164328629,NA,0.818132431099666,0.82,0.75,0.885,168,1428.33844035943,16462.7808219178,3537.76712328767,2230,2030,1136,159,730,5,753,15778.2328498972,2062,0,14,186,0.560987654320988,0.178852643419573,0.0477239756291788,0.125252229395823,0.573808260763503,5.62321543693542
1.5,2000,3e-05,"constant",3,0,98,157.216164328629,NA,0.836874417840118,0.83,0.795,0.9,172,1414.54231658539,16726.7671232877,3273.78082191781,2112,1912,1065,131,711,5,734,16068.5406956434,1940,0,10,190,0.558468799160986,0.155581947743468,0.0456793192302151,0.115981766572158,0.584034211209025,4.89030528068542
1.5,2000,3e-05,"constant",4,0,99,157.216164328629,NA,0.827010848720618,0.825,0.785,0.865,168,1422.36772642595,16704.3671232877,3296.18082191781,2162,1962,1077,120,762,3,780,16017.3673618196,1994,0,17,183,0.549770290964778,0.136054421768707,0.0486971411955796,0.119369981830689,0.59523433512924,5.07177758216858
1.5,2000,3e-05,"constant",5,0,100,157.216164328629,NA,0.852241521012547,0.85,0.815,0.895,173,1404.67219522218,16835.8657534247,3164.68219178082,2120,1920,1090,118,709,3,723,16184.3094462515,1947,0,16,184,0.568596765779864,0.142684401451028,0.044672897685323,0.11564596846491,0.606695991460546,5.76319861412048
1.5,2000,5e-05,"seasonal",1,0.4,101,157.216164328629,596,0,0,0,0,0,2000,65.3616438356164,261.213698630137,209,9,7,2,0,0,3,2.36034865896211,209,0,197,3,0.777777777777778,1,1.27099866734059,3.19759399756885,0.034454548315031,3.76588177680969
1.5,2000,5e-05,"seasonal",2,0.4,102,157.216164328629,538,0,0,0,0,0,2000,61.1260273972603,233.668493150685,206,6,5,1,0,0,3,1.72473222060595,206,0,197,3,0.833333333333333,1,1.73940044962227,3.37008650441486,0.0256774027131283,3.98771667480469
1.5,2000,5e-05,"seasonal",3,0.4,103,157.216164328629,908,0,0,0,0,0,2000,72.2739726027397,425.260273972603,212,12,7,4,1,0,8,5.9271398028944,212,0,193,7,0.583333333333333,0.8,1.3497235202877,2.93328278999242,0.0282180131426363,3.50957775115967
1.5,2000,5e-05,"seasonal",4,0.4,104,157.216164328629,1287,0,0,0,0,0,2000,66.5616438356164,638.643835616438,206,6,3,2,1,0,3,2.64254043978403,206,0,198,2,0.5,0.666666666666667,1.13527117876205,3.0948754887837,0.00939490787413397,7.46865367889404
1.5,2000,5e-05,"seasonal",5,0.4,105,157.216164328629,538,0,0,0,0,0,2000,65.0821917808219,229.712328767123,201,1,1,0,0,0,5,1.49555826721996,201,0,195,5,1,NA,3.34323316556187,3.08840244159124,0.00435327091657225,3.65210199356079
1.5,2000,5e-05,"constant",1,0,106,157.216164328629,NA,0.891725932825599,0.895,0.84,0.945,171,1377.02029012109,17929.5780821918,2070.9698630137,2372,2172,1237,144,786,5,803,17214.2008360228,2201,0,17,183,0.570835256114444,0.154838709677419,0.0466475329089703,0.122758047618873,1.04878397256794,6.69405078887939
1.5,2000,5e-05,"constant",2,0,107,157.216164328629,NA,0.887027012218509,0.89,0.835,0.925,184,1380.55555914744,17989.1808219178,2011.36712328767,2304,2104,1228,113,757,6,761,17306.6302261456,2120,0,18,182,0.585319351763584,0.129885057471264,0.0439715871926551,0.11784861250697,1.04605468372224,5.54960918426514
1.5,2000,5e-05,"constant",3,0,108,157.216164328629,NA,0.904389074571256,0.905,0.865,0.94,180,1368.40991315544,18057.2493150685,1943.29863013699,2284,2084,1173,132,776,3,785,17356.0769174624,2104,0,14,186,0.563671311869294,0.145374449339207,0.045229115066331,0.116518300394969,1.07240337006418,5.56833839416504
1.5,2000,5e-05,"constant",4,0,109,157.216164328629,NA,0.897019889321133,0.9,0.855,0.935,174,1373.23283326941,18012.7424657534,1987.80547945205,2342,2142,1203,145,785,9,805,17298.5328243886,2168,0,15,185,0.563994374120956,0.155913978494624,0.0465357385029242,0.120359240361199,1.07757022613221,5.36297798156738
1.5,2000,5e-05,"constant",5,0,110,157.216164328629,NA,0.884268259273465,0.885,0.84,0.92,179,1382.24501451975,17847.9616438356,2152.58630136986,2312,2112,1220,125,757,10,776,17156.2194166142,2133,1,11,188,0.580399619410086,0.14172335600907,0.0452314103215839,0.119509445535855,0.981145331388556,6.1030855178833
1.5,2000,8e-05,"seasonal",1,0.4,111,157.216164328629,934,0,0,0,0,0,2000,72.0547945205479,439.72602739726,216,16,10,6,0,0,6,4.95083430422559,216,0,194,6,0.625,1,1.21191694799378,2.99771863117871,0.036386292834891,3.77213406562805
1.5,2000,8e-05,"seasonal",2,0.4,112,157.216164328629,901,0,0,0,0,0,2000,73.1205479452055,420.578082191781,231,31,18,10,3,0,8,5.06686583029166,231,0,195,5,0.580645161290323,0.769230769230769,1.57888530463407,3.15916669789052,0.0737080730371113,3.7421350479126
1.5,2000,8e-05,"seasonal",3,0.4,113,157.216164328629,999,0,0,0,0,0,2000,72.986301369863,474.41095890411,221,21,13,6,2,0,11,4.61625558514418,221,0,191,9,0.619047619047619,0.75,2.38288365908501,3.02796546546547,0.0442654192654193,4.80803608894348
1.5,2000,8e-05,"seasonal",4,0.4,114,157.216164328629,924,0,0,0,0,0,2000,68.4219178082192,437.879452054795,205,5,5,0,0,0,6,6.35905348230779,205,0,194,6,1,NA,0.943536646875711,2.99611596059902,0.0114186678012338,4.06326532363892
1.5,2000,8e-05,"seasonal",5,0.4,115,157.216164328629,882,0,0,0,0,0,2000,72.772602739726,410.515068493151,228,28,14,13,1,0,6,4.48508087956806,228,0,195,5,0.5,0.928571428571429,1.33776851769457,3.13304721030043,0.0682069968899745,3.51594972610474
1.5,2000,8e-05,"constant",1,0,116,157.216164328629,NA,0.933681716070352,0.935,0.9,0.965,186,1347.30974494548,18626.2794520548,1374.26849315068,2554,2354,1379,151,816,8,825,17883.376111692,2368,0,13,187,0.587809036658142,0.156153050672182,0.0461322288838192,0.127132206197989,1.7129112773321,4.45880198478699
1.5,2000,8e-05,"constant",2,0,117,157.216164328629,NA,0.944455372308367,0.945,0.915,0.97,188,1339.39384828229,18828.2246575342,1172.32328767123,2294,2094,1163,121,804,6,806,18111.8456012739,2106,0,16,184,0.556992337164751,0.130810810810811,0.0445012627505675,0.111853349867337,1.78619671043099,6.07449197769165
1.5,2000,8e-05,"constant",3,0,118,157.216164328629,NA,0.937153580625719,0.94,0.9,0.975,186,1344.82394800285,18675.7726027397,1324.77534246575,2464,2264,1297,130,834,3,839,17933.3249865321,2278,0,12,188,0.573639982308713,0.134854771784232,0.0467844083922021,0.121976212093406,1.70896900585884,6.09076285362244
1.5,2000,8e-05,"constant",4,0,119,157.216164328629,NA,0.944875897211112,0.945,0.9,0.975,184,1339.27078132705,18804.5397260274,1196.00821917808,2242,2042,1158,119,759,6,761,18117.6247466935,2058,0,20,180,0.568762278978389,0.135535307517084,0.042003298480883,0.109441657705215,1.70734612626935,5.90667748451233
1.5,2000,8e-05,"constant",5,0,120,157.216164328629,NA,0.933490219713988,0.935,0.905,0.96,188,1347.09416662101,18728.6520547945,1271.89589041096,2374,2174,1209,147,815,3,819,17992.2204288249,2186,0,11,189,0.55688622754491,0.152806652806653,0.0455196735300052,0.116719558546147,1.70925939488457,5.89788365364075
1.5,2000,1e-04,"seasonal",1,0.4,121,157.216164328629,1299,0,0,0,0,0,2000,80.5780821917808,631.202739726027,245,45,21,21,3,0,10,8.04865078101526,245,0,193,7,0.466666666666667,0.875,1.24244426452039,3.0405290537554,0.0712924662201754,4.14513492584229
1.5,2000,1e-04,"seasonal",2,0.4,122,157.216164328629,580,0,0,0,0,0,2000,75.3315068493151,242.476712328767,218,18,8,9,1,0,8,5.37371514536015,218,0,193,7,0.444444444444444,0.9,1.48872796261028,2.89387547279604,0.0742339329295851,3.52485847473145
1.5,2000,1e-04,"seasonal",3,0.4,123,157.216164328629,957,0,0,0,0,0,2000,74,450.383561643836,221,21,10,10,1,0,7,3.80337061520383,221,0,194,6,0.476190476190476,0.909090909090909,1.84047275645917,2.98648648648649,0.0466269237788187,3.68006825447083
1.5,2000,1e-04,"seasonal",4,0.4,124,157.216164328629,597,0,0,0,0,0,2000,63.6904109589041,263.432876712329,204,4,4,0,0,0,3,1.04528016581143,204,0,197,3,1,NA,2.87004393474851,3.20299393470125,0.0151841336203759,3.14270782470703
1.5,2000,1e-04,"seasonal",5,0.4,125,157.216164328629,941,0,0,0,0,0,2000,77.6027397260274,438.013698630137,239,39,19,18,2,0,9,5.6180322782562,239,0,193,7,0.487179487179487,0.9,1.60198438781372,3.07978817299206,0.0890383111806098,3.21416592597961
1.5,2000,1e-04,"constant",1,0,126,157.216164328629,NA,0.945550928716235,0.945,0.91,0.975,190,1339.15384828229,18925.4,1075.14794520548,2620,2420,1445,124,846,5,844,18177.9447955035,2430,0,17,183,0.598343685300207,0.127835051546392,0.0464298912497949,0.128398871358069,2.2508530205464,5.57094168663025
1.5,2000,1e-04,"constant",2,0,127,157.216164328629,NA,0.951709769327708,0.95,0.925,0.975,192,1334.01550490384,19025.7424657534,974.805479452054,2389,2189,1244,121,817,7,825,18295.3356466908,2197,0,7,193,0.570119156736939,0.128997867803838,0.0450934607558963,0.115475125554476,2.24557621611899,6.37353181838989
1.5,2000,1e-04,"constant",3,0,128,157.216164328629,NA,0.952988603364199,0.955,0.92,0.975,190,1333.57809270725,19033.1808219178,967.36712328767,2389,2189,1264,135,789,1,785,18318.9457093586,2199,0,15,185,0.577696526508227,0.146103896103896,0.0428518110405758,0.115535076379232,2.26284307922366,5.99357938766479
1.5,2000,1e-04,"constant",4,0,129,157.216164328629,NA,0.949019231822914,0.95,0.915,0.975,194,1336.57304531259,18952.7534246575,1047.79452054794,2501,2301,1343,123,826,9,828,18218.5288720621,2307,0,13,187,0.585951134380454,0.129610115911486,0.0454482360137064,0.121723738409354,2.19604126083489,6.73201084136963
1.5,2000,1e-04,"constant",5,0,130,157.216164328629,NA,0.954670429017588,0.955,0.93,0.975,186,1332.49787765054,19019.7369863014,980.810958904109,2365,2165,1240,103,813,9,824,18300.9943267413,2179,0,12,188,0.575139146567718,0.112445414847162,0.0450248759869827,0.114565201483563,2.20735706544207,7.54774904251099
1.5,2000,2e-04,"seasonal",1,0.4,131,157.216164328629,7915,0,0,0,0,0,2000,303.816438356164,4033.1698630137,1241,1041,539,429,73,0,76,47.0804308672228,1241,0,197,3,0.517771373679155,0.854581673306773,1.61425880350026,4.08470327252396,0.258109634693674,3.80295872688293
1.5,2000,2e-04,"seasonal",2,0.4,132,157.216164328629,15952,0,0,0,0,0,2000,1037.87123287671,7702.95068493151,4289,4089,2121,1671,297,0,302,197.950897422277,4289,0,195,5,0.518708730741012,0.849085365853659,1.52563087074953,4.13249723485638,0.530835541761794,4.52020525932312
1.5,2000,2e-04,"seasonal",3,0.4,133,157.216164328629,4233,0,0,0,0,0,2000,321.295890410959,1998.15616438356,1242,1042,538,425,79,0,87,54.8035357674355,1242,0,192,8,0.516314779270633,0.843253968253968,1.58748881402823,3.86559566140544,0.521480762401502,3.57471489906311
1.5,2000,2e-04,"seasonal",4,0.4,134,157.216164328629,8276,0,0,0,0,0,2000,659.112328767123,3875.68219178082,2543,2343,1188,958,197,0,202,126.467129338152,2543,0,195,5,0.507042253521127,0.829437229437229,1.59725298626717,3.85821944001064,0.604538732553668,3.82366228103638
1.5,2000,2e-04,"seasonal",5,0.4,135,157.216164328629,4256,0,0,0,0,0,2000,283.704109589041,2048.35068493151,1065,865,440,355,70,0,76,47.0338555247571,1065,0,194,6,0.508670520231214,0.835294117647059,1.61585732558106,3.75391107849197,0.4222909711522,3.93847560882568
1.5,2000,2e-04,"constant",1,0,136,157.216164328629,NA,0.978840337515753,0.98,0.96,0.995,194,1315.15372335762,19548.5835616438,451.964383561644,2264,2064,1214,105,740,5,732,18881.4352574795,2070,0,19,181,0.58960660514813,0.124260355029586,0.0387682392793755,0.105890024894772,4.5667315281238,5.97001433372498
1.5,2000,2e-04,"constant",2,0,137,157.216164328629,NA,0.974985480247658,0.975,0.95,0.995,194,1318.02073091885,19521.7917808219,478.756164383562,2376,2176,1271,92,808,5,810,18808.8645965851,2182,0,9,191,0.585444495624136,0.102222222222222,0.0430648004211303,0.11177252705582,4.54511118995571,6.49061155319214
1.5,2000,2e-04,"constant",3,0,138,157.216164328629,NA,0.979087173305572,0.98,0.96,0.995,196,1314.86231274999,19535.0904109589,465.457534246576,2337,2137,1224,125,783,5,778,18828.9597401324,2141,0,14,186,0.574108818011257,0.137665198237885,0.0413193299437438,0.10959764991919,4.59118145645468,5.27617168426514
1.5,2000,2e-04,"constant",4,0,139,157.216164328629,NA,0.975430113418443,0.975,0.95,0.995,193,1317.16415812832,19507.5178082192,493.030136986301,2365,2165,1225,127,806,7,806,18781.9927328192,2172,0,14,186,0.567655236329935,0.136120042872454,0.0429134443541561,0.111341689975793,4.39121229633911,6.51283192634583
1.5,2000,2e-04,"constant",5,0,140,157.216164328629,NA,0.972764506054463,0.975,0.945,0.99,197,1319.23390170402,19506.7315068493,493.816438356163,2453,2253,1328,119,804,2,795,18789.0136875945,2256,0,14,186,0.58996001776988,0.128927410617551,0.0423119602347675,0.115652383855689,4.56242406085119,7.07615756988525
1.5,3000,1e-05,"seasonal",1,0.4,141,157.216164328629,898,0,0,0,0,0,3000,71.2575342465753,420.797260273973,201,1,0,1,0,0,5,2.86542128091859,201,0,195,5,0,1,1.74494411460402,2.82075435426199,0.00237644132794239,3.92221117019653
1.5,3000,1e-05,"seasonal",2,0.4,142,157.216164328629,587,0,0,0,0,0,3000,71.4767123287671,250.167123287671,204,4,4,0,0,0,6,5.06864252340368,204,0,194,6,1,NA,1.18374889771688,2.8540764306796,0.0159893112549419,3.3181095123291
1.5,3000,1e-05,"seasonal",3,0.4,143,157.216164328629,1299,0,0,0,0,0,3000,85.427397260274,626.353424657534,203,3,1,2,0,0,15,12.6976337057695,203,0,185,15,0.333333333333333,1,1.18132246901912,2.37628684134569,0.00478962815863948,3.2889940738678
1.5,3000,1e-05,"seasonal",4,0.4,144,157.216164328629,824,0,0,0,0,0,3000,73.6684931506849,377.838356164384,205,5,2,3,0,0,6,5.29056033162285,205,0,194,6,0.4,1,1.13409537438533,2.78273643497341,0.0132331721182502,4.0739209651947
1.5,3000,1e-05,"seasonal",5,0.4,145,157.216164328629,916,0,0,0,0,0,3000,68.9972602739726,432.920547945205,201,1,1,0,0,0,3,2.82884180964704,201,0,197,3,1,NA,1.06050468773802,2.91315914866582,0.0023098926690968,3.10574507713318
1.5,3000,1e-05,"constant",1,0,146,157.216164328629,NA,0.96902443701715,0.97,0.95,0.985,197,1973.07672511095,19521.4,479.147945205477,363,163,104,6,52,1,53,19353.8870208856,166,0,3,197,0.641975308641975,0.103448275862069,0.00273846798541323,0.00850348847930989,0.340187204455399,5.25329208374023
1.5,3000,1e-05,"constant",2,0,147,157.216164328629,NA,0.973661443208591,0.975,0.955,0.99,198,1967.95027834091,19450.6493150685,549.898630136984,399,199,121,2,75,1,75,19270.2871368601,201,0,3,197,0.611111111111111,0.025974025974026,0.00389200220356554,0.0103338452482553,0.361884880401371,4.60070824623108
1.5,3000,1e-05,"constant",3,0,148,157.216164328629,NA,0.984055668182565,0.985,0.97,0.995,196,1957.08495726262,19654.2547945205,346.293150684931,342,142,81,5,56,0,57,19485.1136044857,146,0,3,197,0.570422535211268,0.0819672131147541,0.00292531011915054,0.0074284169777174,0.410057200724701,4.67649579048157
1.5,3000,1e-05,"constant",4,0,149,157.216164328629,NA,0.976608131061312,0.975,0.95,0.995,198,1964.795600789,19402.3397260274,598.208219178083,404,204,116,3,85,0,84,19215.4727739424,206,0,3,197,0.568627450980392,0.0340909090909091,0.00437147714179117,0.0106172762104387,0.341018383666291,6.71169257164001
1.5,3000,1e-05,"constant",5,0,150,157.216164328629,NA,0.973915675853378,0.98,0.95,0.995,192,1967.05994630431,19532.0082191781,468.539726027397,363,163,92,4,65,2,68,19358.4475189173,171,0,7,193,0.571428571428571,0.0579710144927536,0.00351267837638062,0.00875486012913401,0.347889391113165,5.73668193817139
1.5,3000,2e-05,"seasonal",1,0.4,151,157.216164328629,575,0,0,0,0,0,3000,74.041095890411,241.027397260274,203,3,2,1,0,0,7,3.97597335492986,203,0,193,7,0.666666666666667,1,1.76057517873469,2.74172062904718,0.0124467178175618,3.44055914878845
1.5,3000,2e-05,"seasonal",2,0.4,152,157.216164328629,980,0,0,0,0,0,3000,75.013698630137,461.972602739726,204,4,2,1,1,0,8,7.34631788508618,204,0,193,7,0.5,0.5,1.08898091875943,2.71950328707085,0.00865852212074487,3.26450419425964
1.5,3000,2e-05,"seasonal",3,0.4,153,157.216164328629,955,0,0,0,0,0,3000,86.2657534246575,437.021917808219,204,4,3,1,0,0,14,14.5601658879419,204,0,186,14,0.75,1,0.961527506468466,2.36478546701813,0.00915285901462577,3.56430888175964
1.5,3000,2e-05,"seasonal",4,0.4,154,157.216164328629,910,0,0,0,0,0,3000,80.4547945205479,418.175342465753,205,5,1,1,3,0,11,8.42447476322637,205,0,192,8,0.2,0.25,1.30571938419426,2.54801471089014,0.0119567068936148,3.44880366325378
1.5,3000,2e-05,"seasonal",5,0.4,155,157.216164328629,587,0,0,0,0,0,3000,71.9479452054795,249.695890410959,203,3,2,1,0,0,9,4.46186789469455,203,0,191,9,0.666666666666667,1,2.01709244029873,2.82148433037584,0.0120146150385675,3.51167511940002
1.5,3000,2e-05,"constant",1,0,156,157.216164328629,NA,0.985659415922415,0.99,0.96,1,198,1955.20168127774,19700.5479452055,300,397,197,114,3,79,1,79,19516.902761556,199,0,3,197,0.581632653061224,0.0365853658536585,0.00404777340775671,0.0101012418818752,0.656666666666667,5.63477730751038
1.5,3000,2e-05,"constant",2,0,157,157.216164328629,NA,0.987663963618432,0.99,0.975,0.995,197,1953.13466440195,19786.5698630137,213.978082191781,363,163,89,3,70,1,72,19609.063292986,166,0,2,198,0.549382716049383,0.0410958904109589,0.00367177151321419,0.00838952891528196,0.761760262221197,4.85296702384949
1.5,3000,2e-05,"constant",3,0,158,157.216164328629,NA,0.989781381842091,0.99,0.98,1,198,1950.68764834804,19780.9095890411,219.638356164382,342,142,78,3,61,0,57,19610.8926497104,144,0,6,194,0.549295774647887,0.046875,0.00290654795873566,0.00727974612854901,0.646517313641359,7.41612935066223
1.5,3000,2e-05,"constant",4,0,159,157.216164328629,NA,0.985302175223275,0.985,0.965,1,197,1955.88471727577,19725.2164383562,275.331506849314,364,164,87,6,71,0,63,19548.3882079776,167,0,11,189,0.530487804878049,0.0779220779220779,0.0032227720940333,0.00846632028205604,0.595645597834742,5.69084644317627
1.5,3000,2e-05,"constant",5,0,160,157.216164328629,NA,0.986566763465016,0.985,0.97,1,197,1953.80906635253,19745.0904109589,255.457534246576,370,170,98,4,68,0,68,19568.7111635051,173,0,3,197,0.576470588235294,0.0555555555555556,0.00347493503439395,0.00876167170670344,0.665472641084488,6.04304003715515
1.5,3000,3e-05,"seasonal",1,0.4,161,157.216164328629,952,0,0,0,0,0,3000,78.0109589041096,443.632876712329,209,9,6,3,0,0,9,7.3166624152425,209,0,191,9,0.666666666666667,1,1.23006905187407,2.67911076771792,0.0202870446994306,4.79501128196716
1.5,3000,3e-05,"seasonal",2,0.4,162,157.216164328629,1301,0,0,0,0,0,3000,80.8904109589041,631.986301369863,212,12,3,7,2,0,10,8.13358228786457,212,0,192,8,0.25,0.777777777777778,1.22947056365559,2.62082980524979,0.0189877533326108,3.9594247341156
1.5,3000,3e-05,"seasonal",3,0.4,163,157.216164328629,1308,0,0,0,0,0,3000,81.2438356164384,635.468493150685,212,12,5,5,2,0,10,9.28700694539882,212,0,192,8,0.416666666666667,0.714285714285714,1.07677317986226,2.60942874485735,0.0188837056901175,3.90765738487244
1.5,3000,3e-05,"seasonal",4,0.4,164,157.216164328629,909,0,0,0,0,0,3000,80.7808219178082,417.301369863014,213,13,7,5,1,0,13,8.5816021797034,213,0,188,12,0.538461538461538,0.833333333333333,1.51486863732121,2.63676445650331,0.0311525457111906,3.00197553634644
1.5,3000,3e-05,"seasonal",5,0.4,165,157.216164328629,1889,0,0,0,0,0,3000,83.158904109589,951.909589041096,215,15,6,9,0,0,8,10.2011124056341,215,0,192,8,0.4,1,0.784228198052358,2.58541165617896,0.0157577990312192,3.75195264816284
1.5,3000,3e-05,"constant",1,0,166,157.216164328629,NA,0.989501123226125,0.99,0.97,1,199,1950.9702164265,19821.9095890411,178.638356164382,395,195,110,4,81,0,79,19637.3722177396,196,0,3,197,0.564102564102564,0.0470588235294118,0.00402294151804255,0.00988804832952937,1.09159087772036,7.02859950065613
1.5,3000,3e-05,"constant",2,0,167,157.216164328629,NA,0.990132869431812,0.99,0.98,1,197,1950.52564078681,19808.5698630137,191.978082191781,405,205,118,10,77,0,77,19623.0990587971,208,0,3,197,0.575609756097561,0.114942528735632,0.00392394696522111,0.0105005056618638,1.06783023176161,6.48116064071655
1.5,3000,3e-05,"constant",3,0,168,157.216164328629,NA,0.992142074406882,0.995,0.98,1,198,1948.08651580735,19850.1561643836,150.391780821916,351,151,84,3,63,1,64,19677.1475936037,153,0,2,198,0.56,0.0454545454545455,0.00325250393612965,0.00770774792565726,1.00404423150494,4.86299347877502
1.5,3000,3e-05,"constant",4,0,169,157.216164328629,NA,0.991831132540683,0.995,0.98,1,198,1948.18866199112,19792.5917808219,207.956164383562,396,196,118,4,74,0,71,19612.7322676531,198,0,5,195,0.602040816326531,0.0512820512820513,0.00362009734447346,0.0100037429252622,0.9425063237774,4.86925292015076
1.5,3000,3e-05,"constant",5,0,170,157.216164328629,NA,0.990856117473015,0.99,0.98,1,198,1949.64631992768,19806.602739726,193.945205479453,404,204,124,5,75,0,69,19626.9751402367,206,0,8,192,0.607843137254902,0.0625,0.00351556974556641,0.010400572107544,1.05184348071761,4.47099852561951
1.5,3000,5e-05,"seasonal",1,0.4,171,157.216164328629,910,0,0,0,0,0,3000,80.4219178082192,418.208219178082,223,23,13,7,3,0,10,6.19659598649471,223,0,193,7,0.565217391304348,0.7,1.61378925167861,2.77287592832323,0.0549965279142591,3.54107999801636
1.5,3000,5e-05,"seasonal",2,0.4,172,157.216164328629,948,0,0,0,0,0,3000,69.4876712328767,449.964383561644,206,6,2,4,0,0,5,2.07638018502818,206,0,195,5,0.333333333333333,1,2.40803684992407,2.96455466624611,0.0133343887187418,3.16084671020508
1.5,3000,5e-05,"seasonal",3,0.4,173,157.216164328629,1667,0,0,0,0,0,3000,92.6794520547945,820.745205479452,242,42,22,14,6,0,14,15.6697549290378,242,0,192,8,0.523809523809524,0.7,0.893440903409181,2.61115052619132,0.0511730068230676,3.53045082092285
1.5,3000,5e-05,"seasonal",4,0.4,174,157.216164328629,1350,0,0,0,0,0,3000,75.8876712328767,663.838356164384,211,11,7,3,1,0,7,5.52117883438191,211,0,194,6,0.636363636363636,0.75,1.26784518487412,2.78042528611141,0.0165702989257164,4.38100123405457
1.5,3000,5e-05,"seasonal",5,0.4,175,157.216164328629,1332,0,0,0,0,0,3000,89.772602739726,640.090410958904,247,47,22,21,4,0,10,9.46782886320704,247,0,194,6,0.468085106382979,0.84,1.05620836038355,2.75139622180853,0.0734271271609747,3.55579948425293
1.5,3000,5e-05,"constant",1,0,176,157.216164328629,NA,0.996181853049148,0.995,0.985,1,199,1944.03206481837,19902.5671232877,97.9808219178085,376,176,99,6,70,1,71,19722.9569251874,177,0,1,199,0.565714285714286,0.0789473684210526,0.00359986589583476,0.00889332511246226,1.79626988787294,6.18927383422852
1.5,3000,5e-05,"constant",2,0,177,157.216164328629,NA,0.995325461618541,0.995,0.985,1,200,1944.60773300093,19910.0767123288,90.4712328767127,347,147,86,2,58,1,56,19741.3584031351,147,0,3,197,0.589041095890411,0.0333333333333333,0.00283668422691251,0.00738319606317611,1.62482587365998,6.57989239692688
1.5,3000,5e-05,"constant",3,0,178,157.216164328629,NA,0.994471535806257,0.995,0.98,1,199,1945.178430223,19898.5616438356,101.986301369863,369,169,106,1,61,1,57,19728.1803209433,170,0,6,194,0.630952380952381,0.0161290322580645,0.00288926799495487,0.00854333107301072,1.65708529214237,7.84169411659241
1.5,3000,5e-05,"constant",4,0,179,157.216164328629,NA,0.995125472576845,0.995,0.985,1,199,1945.20902717659,19908.8739726027,91.6739726027408,355,155,90,3,61,1,58,19738.0273778022,156,0,5,195,0.584415584415584,0.046875,0.00293849019913854,0.00783570181893144,1.69077433429961,7.13477969169617
1.5,3000,5e-05,"constant",5,0,180,157.216164328629,NA,0.995088762259602,0.995,0.985,1,200,1944.80825899951,19904.0410958904,96.5068493150684,362,162,100,4,57,1,55,19734.7195654542,162,0,3,197,0.62111801242236,0.0655737704918033,0.00278696638265273,0.00813905071937619,1.67863733144074,5.76217818260193
1.5,3000,8e-05,"seasonal",1,0.4,181,157.216164328629,2403,0,0,0,0,0,3000,106.797260273973,1209.91506849315,311,111,54,47,10,0,18,15.2141467482932,311,0,192,8,0.486486486486487,0.824561403508772,1.18310939796997,2.91205972140273,0.0917419766812569,3.69813776016235
1.5,3000,8e-05,"seasonal",2,0.4,182,157.216164328629,984,0,0,0,0,0,3000,80.7232876712329,458.454794520548,231,31,18,10,3,0,14,6.98756314821588,231,0,189,11,0.580645161290323,0.769230769230769,2.00355971073758,2.86162774911757,0.0676184443275804,3.27228188514709
1.5,3000,8e-05,"seasonal",3,0.4,183,157.216164328629,905,0,0,0,0,0,3000,82.0602739726027,413.830136986301,222,22,14,6,2,0,11,7.61351585911678,222,0,191,9,0.636363636363636,0.75,1.44479898690013,2.70532852564103,0.0531619087972035,4.17143082618713
1.5,3000,8e-05,"seasonal",4,0.4,184,157.216164328629,5289,0,0,0,0,0,3000,122.008219178082,2776.07397260274,338,138,67,56,15,0,24,22.5348440662174,338,0,191,9,0.485507246376812,0.788732394366197,1.06501735399088,2.77030516695484,0.0497104909170041,4.95888686180115
1.5,3000,8e-05,"seasonal",5,0.4,185,157.216164328629,772,0,0,0,0,0,3000,79.7123287671233,343.301369863014,222,22,10,11,1,0,6,5.13713567408861,222,0,195,5,0.454545454545455,0.916666666666667,1.1679660380129,2.78501460732085,0.0640836359283349,3.57274961471558
1.5,3000,8e-05,"constant",1,0,186,157.216164328629,NA,0.997827516300477,1,0.99,1,200,1941.49498739795,19955.7589041096,44.7890410958898,334,134,69,3,61,1,60,19783.765808653,134,0,2,198,0.518796992481203,0.046875,0.00303278964077493,0.00671485362415381,2.99180327868856,6.94359445571899
1.5,3000,8e-05,"constant",2,0,187,157.216164328629,NA,0.997523971289244,1,0.985,1,200,1941.42980822969,19945.9287671233,54.61917808219,333,133,68,1,63,1,60,19774.5055346803,133,0,4,196,0.515151515151515,0.015625,0.0030342098766906,0.00666802742318136,2.43504213483154,6.31243872642517
1.5,3000,8e-05,"constant",3,0,188,157.216164328629,NA,0.997223439811517,1,0.985,1,200,1942.31851624569,19953.104109589,47.4438356164392,331,131,66,4,61,0,56,19782.5588846515,131,0,5,195,0.50381679389313,0.0615384615384615,0.002830776358434,0.0065653945010513,2.76115955419525,5.42845749855042
1.5,3000,8e-05,"constant",4,0,189,157.216164328629,NA,0.996893594871514,1,0.99,1,200,1943.38207221522,19940.2767123288,60.271232876712,345,145,76,1,68,0,66,19765.2869874873,145,0,2,198,0.524137931034483,0.0144927536231884,0.00333918753832323,0.0072717145349517,2.40579117232603,5.56384944915771
1.5,3000,8e-05,"constant",5,0,190,157.216164328629,NA,0.99785628184757,1,0.99,1,199,1941.65129609336,19946.4246575342,54.1232876712311,351,151,80,2,69,0,67,19770.6897272134,152,0,3,197,0.529801324503311,0.028169014084507,0.00338885496279767,0.00762041331264778,2.78992660086063,5.21631503105164
1.5,3000,1e-04,"seasonal",1,0.4,191,157.216164328629,14046,0,0,0,0,0,3000,434.838356164384,7261.6,1364,1164,561,479,124,0,133,109.039384154626,1364,0,191,9,0.481958762886598,0.794361525704809,1.21974276570928,3.13679780236397,0.160295251735155,2.14104533195496
1.5,3000,1e-04,"seasonal",2,0.4,192,157.216164328629,2785,0,0,0,0,0,3000,127.682191780822,1398.34520547945,374,174,98,60,16,0,24,22.8690906415599,374,0,192,8,0.563218390804598,0.789473684210526,1.0494514353966,2.92914771264269,0.12443279336045,4.26286840438843
1.5,3000,1e-04,"seasonal",3,0.4,193,157.216164328629,1678,0,0,0,0,0,3000,82.4849315068493,836.967123287671,248,48,29,15,4,0,9,7.56323775770825,248,0,195,5,0.604166666666667,0.789473684210526,1.18996655775199,3.00660975852792,0.0573499229114906,3.46534204483032
1.5,3000,1e-04,"seasonal",4,0.4,194,157.216164328629,1301,0,0,0,0,0,3000,84.3150684931507,628.561643835616,259,59,31,25,3,0,8,5.46138637823686,259,0,195,5,0.525423728813559,0.892857142857143,1.46482952238635,3.07181153533712,0.0938650975264248,3.03885722160339
1.5,3000,1e-04,"seasonal",5,0.4,195,157.216164328629,1331,0,0,0,0,0,3000,88.0630136986301,641.252054794521,271,71,45,21,5,0,14,8.18756314821588,271,0,191,9,0.633802816901408,0.807692307692308,1.7099104759944,3.07734187848054,0.110720892773982,2.51791024208069
1.5,3000,1e-04,"constant",1,0,196,157.216164328629,NA,0.997709440578598,1,0.99,1,200,1941.10317653827,19959.5671232877,40.9808219178085,346,146,77,1,68,0,64,19785.1545176051,146,0,4,196,0.527397260273973,0.0144927536231884,0.00323474855569371,0.0073147878958585,3.56264206444709,4.28820013999939
1.5,3000,1e-04,"constant",2,0,197,157.216164328629,NA,0.997629171004329,1,0.99,1,199,1941.52952112213,19944.9534246575,55.5945205479438,382,182,111,3,67,1,62,19770.2347833201,183,0,7,193,0.613259668508287,0.0428571428571429,0.00313602750192469,0.00917525331364078,3.27370392272825,4.61682271957397
1.5,3000,1e-04,"constant",3,0,198,157.216164328629,NA,0.996684565229302,1,0.99,1,200,1942.71072763136,19948.2136986301,52.3342465753412,383,183,107,1,75,0,71,19768.9113128778,183,0,4,196,0.584699453551913,0.0131578947368421,0.00359149772470016,0.0091737537387905,3.49675426656903,4.39405512809753
1.5,3000,1e-04,"constant",4,0,199,157.216164328629,NA,0.997263985535039,1,0.985,1,200,1941.38109226892,19937.4657534247,63.0821917808207,428,228,134,8,85,1,83,19747.3412670931,228,0,3,197,0.590308370044053,0.0860215053763441,0.00420309746397662,0.0114357563202754,3.61433224755707,4.64607071876526
1.5,3000,1e-04,"constant",5,0,200,157.216164328629,NA,0.99772587803408,1,0.99,1,199,1941.55972549449,19959.4821917808,41.0657534246566,344,144,84,4,56,0,55,19790.6812092898,145,0,2,198,0.583333333333333,0.0666666666666667,0.00277908574335393,0.00726471752156526,3.5065714857563,5.73759841918945
1.5,3000,2e-04,"seasonal",1,0.4,201,157.216164328629,NA,0.342370007122897,0.315,0.085,0.695,33,2537.93195687908,6873.39726027397,13127.1506849315,26137,25937,13087,10796,2030,24,2030,1496.95441479696,26104,0,191,9,0.505036082275306,0.841727740527054,1.35608671842913,3.79783082681293,1.97582861829816,4.79272127151489
1.5,3000,2e-04,"seasonal",2,0.4,202,157.216164328629,NA,0.331444852336858,0.305,0.08,0.68,109,2554.39087419867,6759.43835616438,13241.1095890411,26006,25806,13104,10692,1930,80,1910,1474.90626315119,25897,0,191,9,0.509367954598461,0.847092378386943,1.29499755185745,3.83123547186177,1.94893032388752,3.67199349403381
1.5,3000,2e-04,"seasonal",3,0.4,203,157.216164328629,NA,0.338315708728289,0.315,0.08625,0.69,73,2546.66326584845,6751.51506849315,13249.0328767123,25822,25622,13082,10478,2008,54,1994,1507.3966898896,25749,0,195,5,0.511655193992491,0.839179881467243,1.32281038785221,3.81381063935725,1.93387700358382,3.85280752182007
1.5,3000,2e-04,"seasonal",4,0.4,204,157.216164328629,NA,0.342913538984165,0.315,0.075,0.715,66,2532.88582762588,6787.53698630137,13213.0109589041,26050,25850,12988,10908,1901,53,1897,1460.0512032835,25984,0,191,9,0.503469395666163,0.851588726676555,1.29926950214749,3.82819276748561,1.95640494663935,3.54090595245361
1.5,3000,2e-04,"seasonal",5,0.4,205,157.216164328629,NA,0.336268423648019,0.31,0.08,0.705,75,2542.68104186072,6792.41369863014,13208.1342465753,26094,25894,12997,10916,1926,55,1920,1444.17523781833,26019,0,186,14,0.502999342079802,0.85002336084722,1.32947854922404,3.83059706820381,1.96045857171038,3.91723656654358
1.5,3000,2e-04,"constant",1,0,206,157.216164328629,NA,0.998833488575968,1,0.995,1,200,1939.56165360802,19978.1260273973,22.4219178082167,379,179,104,4,69,2,67,19800.7385607654,179,0,4,196,0.587570621468927,0.0547945205479452,0.00338371216782583,0.00895979932024285,7.98326001955123,6.39526605606079
1.5,3000,2e-04,"constant",2,0,207,157.216164328629,NA,0.999258122842584,1,0.995,1,200,1938.61832831078,19981.704109589,18.843835616437,335,135,82,2,51,0,50,19816.9039407583,135,0,1,199,0.607407407407407,0.0377358490566038,0.00252309846934076,0.00675618051691671,7.1641465542314,6.42360305786133
1.5,3000,2e-04,"constant",3,0,208,157.216164328629,NA,0.998899512355487,1,0.995,1,200,1939.43809681661,19978.0547945205,22.4931506849316,344,144,85,2,57,0,51,19810.3592167953,144,0,6,194,0.590277777777778,0.0338983050847458,0.00257441066271843,0.00720790895215161,6.40194884287452,7.11329340934753
1.5,3000,2e-04,"constant",4,0,209,157.216164328629,NA,0.998925538326667,1,0.995,1,200,1939.0771220755,19980.1863013699,20.3616438356148,331,131,71,1,59,0,57,19811.4552565789,131,0,2,198,0.541984732824427,0.0166666666666667,0.0028771233239452,0.00655649542121729,6.43366523143216,5.81900978088379
1.5,3000,2e-04,"constant",5,0,210,157.216164328629,NA,0.999575091775793,1,0.995,1,200,1937.73783080379,19983.904109589,16.6438356164363,317,117,65,0,52,0,46,19821.4800968842,117,1,5,194,0.555555555555556,0,0.00232071468806363,0.00585471184000823,7.02962962963051,5.68438792228699
1.5,5000,1e-05,"seasonal",1,0.4,211,157.216164328629,1329,0,0,0,0,0,5000,103.783561643836,624.435616438356,215,15,9,5,1,0,15,20.5990035687832,215,0,186,14,0.6,0.833333333333333,0.72819056270915,2.07161901744938,0.0240216919168652,2.97722244262695
1.5,5000,1e-05,"seasonal",2,0.4,212,157.216164328629,964,0,0,0,0,0,5000,93.9534246575342,434.265753424658,209,9,8,1,0,0,17,14.8848981085479,209,0,183,17,0.888888888888889,1,1.14209716962977,2.22450645904412,0.0207246367668305,3.54885172843933
1.5,5000,1e-05,"seasonal",3,0.4,213,157.216164328629,1325,0,0,0,0,0,5000,100.06301369863,625.964383561644,209,9,0,8,1,0,16,18.02140289346,209,0,185,15,0,0.888888888888889,0.887833211131771,2.0886838430578,0.0143778148347536,3.39294958114624
1.5,5000,1e-05,"seasonal",4,0.4,214,157.216164328629,1005,0,0,0,0,0,5000,98.6849315068493,452,204,4,3,1,0,0,19,17.7844912784495,204,0,181,19,0.75,1,1.06834655557583,2.06718489727929,0.00884955752212389,3.70506143569946
1.5,5000,1e-05,"seasonal",5,0.4,215,157.216164328629,2378,0,0,0,0,0,5000,105.534246575342,1197.47945205479,212,12,3,8,1,0,17,23.8492816701917,212,0,184,16,0.25,0.888888888888889,0.712809728824984,2.00882658359294,0.0100210487782557,4.53884077072144
1.5,5000,1e-05,"constant",1,0,216,157.216164328629,NA,1,1,1,1,200,3217.92858446113,19999.9260273973,0.621917808217404,202,2,1,0,1,0,0,19869.7373991819,2,0,1,199,0.5,0,0,0.000100000369864382,3.21585903084618,9.20672631263733
1.5,5000,1e-05,"constant",2,0,217,157.216164328629,NA,1,1,1,1,200,3218.1872428908,19992.4794520548,8.06849315068393,202,2,1,0,1,0,1,19862.0639080957,2,0,0,200,0.5,0,5.03472350419941e-05,0.000100037616884705,0.247877758913443,6.76717257499695
1.5,5000,1e-05,"constant",3,0,218,157.216164328629,NA,1,1,1,1,200,3218.33602240973,20000.5479452055,0,200,0,0,0,0,0,0,19870.7812347984,0,0,0,200,NA,NA,0,0,NA,6.76466751098633
1.5,5000,1e-05,"constant",4,0,219,157.216164328629,NA,0.999655361350063,1,0.995,1,200,3218.61456440743,19973.9616438356,26.5863013698618,209,9,6,0,3,0,2,19842.4041156395,9,0,1,199,0.666666666666667,0,0.000100794237852641,0.000450586626753516,0.33852019785657,5.59211993217468
1.5,5000,1e-05,"constant",5,0,220,157.216164328629,NA,1,1,1,1,200,3217.76379623034,19999.3095890411,1.23835616438373,201,1,0,0,1,0,0,19869.2305498669,1,0,1,199,0,0,0,5.00017260869827e-05,0.807522123893695,4.99584746360779
1.5,5000,2e-05,"seasonal",1,0.4,221,157.216164328629,1320,0,0,0,0,0,5000,92.6301369863014,630.657534246575,211,11,4,6,1,0,13,11.6774925906623,211,0,188,12,0.363636363636364,0.857142857142857,1.1132526866594,2.27787636793848,0.0174421130370563,3.19803166389465
1.5,5000,2e-05,"seasonal",2,0.4,222,157.216164328629,1677,0,0,0,0,0,5000,103.495890410959,815.408219178082,217,17,5,7,5,0,22,19.8270317182336,217,0,183,17,0.294117647058824,0.583333333333333,1.10959624782201,2.09670160948751,0.0208484530817407,5.22554969787598
1.5,5000,2e-05,"seasonal",3,0.4,223,157.216164328629,1302,0,0,0,0,0,5000,97.1068493150685,616.317808219178,223,23,13,6,4,0,18,14.0251056524028,223,0,186,14,0.565217391304348,0.6,1.28341279175435,2.29643945378625,0.0373184089333025,3.52327871322632
1.5,5000,2e-05,"seasonal",4,0.4,224,157.216164328629,1298,0,0,0,0,0,5000,100.887671232877,610.345205479452,225,25,20,2,3,0,19,21.6612036072167,225,0,184,16,0.8,0.4,0.877144241129332,2.23020312839453,0.0409604266168708,4.40818572044373
1.5,5000,2e-05,"seasonal",5,0.4,225,157.216164328629,2099,0,0,0,0,0,5000,110.372602739726,1039.76438356164,236,36,17,13,6,0,24,25.6526522853955,236,0,182,18,0.472222222222222,0.684210526315789,0.935575773334892,2.13821178573202,0.0346232286555964,5.09828877449036
1.5,5000,2e-05,"constant",1,0,226,157.216164328629,NA,1,1,1,1,200,3217.72374965755,20000.5479452055,0,200,0,0,0,0,0,0,19870.7812347984,0,0,0,200,NA,NA,0,0,NA,7.17555928230286
1.5,5000,2e-05,"constant",2,0,227,157.216164328629,NA,1,1,1,1,200,3218.45717604515,20000.5479452055,0,200,0,0,0,0,0,0,19870.7812347984,0,0,0,200,NA,NA,0,0,NA,6.80502796173096
1.5,5000,2e-05,"constant",3,0,228,157.216164328629,NA,1,1,1,1,200,3218.08047887787,19997.4630136986,3.08493150684808,209,9,7,0,2,0,1,19866.4885656299,9,0,1,199,0.777777777777778,0,5.03360217230363e-05,0.000450057089433536,2.91740674955712,6.69869685173035
1.5,5000,2e-05,"constant",4,0,229,157.216164328629,NA,1,1,1,1,200,3218.51680675032,19997.6465753425,2.9013698630115,205,5,3,0,2,0,0,19866.8990430176,5,0,2,198,0.6,0,0,0.000250029421270256,1.72332389046401,5.97421360015869
1.5,5000,2e-05,"constant",5,0,230,157.216164328629,NA,1,1,1,1,200,3217.3301479371,20000.5479452055,0,200,0,0,0,0,0,0,19870.7812347984,0,0,0,200,NA,NA,0,0,NA,6.38137531280518
1.5,5000,3e-05,"seasonal",1,0.4,231,157.216164328629,1639,0,0,0,0,0,5000,114.180821917808,783.901369863014,244,44,22,16,6,0,23,24.8987461114036,244,0,183,17,0.5,0.727272727272727,0.923741295930803,2.13696132066417,0.0561295102822552,5.11763477325439
1.5,5000,3e-05,"seasonal",2,0.4,232,157.216164328629,2781,0,0,0,0,0,5000,133.243835616438,1390.59178082192,283,83,41,31,11,0,26,37.6837523046123,283,0,185,15,0.493975903614458,0.738095238095238,0.689952523565912,2.12392564872312,0.0596868190540738,3.66256952285767
1.5,5000,3e-05,"seasonal",3,0.4,233,157.216164328629,994,0,0,0,0,0,5000,94.5835616438356,450.07397260274,218,18,10,6,2,0,21,14.730659790817,218,0,181,19,0.555555555555556,0.75,1.42559805862133,2.30484025142658,0.0399934257382348,4.68497586250305
1.5,5000,3e-05,"seasonal",4,0.4,234,157.216164328629,1346,0,0,0,0,0,5000,92.3643835616438,645.169863013699,225,25,13,9,3,0,15,9.7579076783722,225,0,188,12,0.52,0.75,1.5372147897286,2.43600391540355,0.0387494851095814,4.21169257164001
1.5,5000,3e-05,"seasonal",5,0.4,235,157.216164328629,2007,0,0,0,0,0,5000,100.293150684932,999.432876712329,232,32,14,16,2,0,15,16.4537980893311,232,0,187,13,0.4375,0.888888888888889,0.911643616784518,2.31321878329281,0.032018158243168,4.40756464004517
1.5,5000,3e-05,"constant",1,0,236,157.216164328629,NA,1,1,1,1,200,3217.88706125692,20000.5479452055,0,200,0,0,0,0,0,0,19870.7812347984,0,0,0,200,NA,NA,0,0,NA,8.54072546958923
1.5,5000,3e-05,"constant",2,0,237,157.216164328629,NA,1,1,1,1,200,3217.68565886801,19997.1863013699,3.36164383561481,206,6,5,0,1,0,0,19867.0223306888,6,0,1,199,0.833333333333333,0,0,0.000300042211417962,1.78484107579548,7.75948476791382
1.5,5000,3e-05,"constant",3,0,238,157.216164328629,NA,1,1,1,1,200,3218.38556298285,19999.8630136986,0.684931506850262,202,2,1,0,1,0,1,19869.4474697395,2,0,0,200,0.5,0,5.03285258195008e-05,0.000100000684936198,2.91999999999596,6.25783467292786
1.5,5000,3e-05,"constant",4,0,239,157.216164328629,NA,1,1,1,1,200,3217.53184839187,20000.5479452055,0,200,0,0,0,0,0,0,19870.7812347984,0,0,0,200,NA,NA,0,0,NA,5.63692021369934
1.5,5000,3e-05,"constant",5,0,240,157.216164328629,NA,1,1,1,1,200,3217.98777628623,20000.5479452055,0,200,0,0,0,0,0,0,19870.7812347984,0,0,0,200,NA,NA,0,0,NA,6.47606062889099
1.5,5000,5e-05,"seasonal",1,0.4,241,157.216164328629,2087,0,0,0,0,0,5000,143.027397260274,1000.53424657534,326,126,67,44,15,0,31,35.3957489279966,326,0,184,16,0.531746031746032,0.745762711864407,0.875811388058532,2.27928359352552,0.125932720875149,3.62412476539612
1.5,5000,5e-05,"seasonal",2,0.4,242,157.216164328629,2758,0,0,0,0,0,5000,130.468493150685,1380.76438356164,323,123,65,47,11,0,26,25.7686838114616,323,0,185,15,0.528455284552846,0.810344827586207,1.00897663963867,2.47569349656664,0.0890810926645753,3.82917451858521
1.5,5000,5e-05,"seasonal",3,0.4,243,157.216164328629,8286,0,0,0,0,0,5000,466.654794520548,4073.61917808219,1120,920,461,317,142,0,156,167.773746704386,1120,0,186,14,0.501086956521739,0.690631808278867,0.929823664693314,2.40006105830481,0.225843398653952,4.25693440437317
1.5,5000,5e-05,"seasonal",4,0.4,244,157.216164328629,6093,0,0,0,0,0,5000,276.983561643836,3061.64657534247,675,475,245,172,58,0,72,93.892203431529,675,0,186,14,0.515789473684211,0.747826086956522,0.766836833821948,2.43696772470549,0.155145275037785,3.99275875091553
1.5,5000,5e-05,"seasonal",5,0.4,245,157.216164328629,2412,0,0,0,0,0,5000,124.745205479452,1196.89863013699,294,94,47,41,6,0,20,26.4616851236744,294,0,186,14,0.5,0.872340425531915,0.755809764439631,2.35680400597382,0.0785363084501497,4.01718282699585
1.5,5000,5e-05,"constant",1,0,246,157.216164328629,NA,1,1,1,1,200,3217.30705742151,20000.095890411,0.452054794521246,201,1,0,0,1,0,0,19869.8826046614,1,0,1,199,0,0,0,4.9999760275122e-05,2.2121212121178,7.56714153289795
1.5,5000,5e-05,"constant",2,0,247,157.216164328629,NA,1,1,1,1,200,3217.79685222728,20000.5479452055,0,200,0,0,0,0,0,0,19870.7812347984,0,0,0,200,NA,NA,0,0,NA,7.44341325759888
1.5,5000,5e-05,"constant",3,0,248,157.216164328629,NA,1,1,1,1,200,3218.24851514985,20000.2109589041,0.336986301368597,201,1,0,0,1,0,0,19869.8524676751,1,0,1,199,0,0,0,4.99994726083026e-05,2.96747967480789,7.09832406044006
1.5,5000,5e-05,"constant",4,0,249,157.216164328629,NA,1,1,1,1,200,3216.76233959783,19999.2821917808,1.26575342465731,202,2,1,0,1,0,0,19869.1182210998,2,0,1,199,0.5,0,0,0.000100003589169913,1.58008658008687,6.535151720047
1.5,5000,5e-05,"constant",5,0,250,157.216164328629,NA,1,1,1,1,200,3217.82112267821,20000.5479452055,0,200,0,0,0,0,0,0,19870.7812347984,0,0,0,200,NA,NA,0,0,NA,7.91154623031616
1.5,5000,8e-05,"seasonal",1,0.4,251,157.216164328629,NA,0.279773984987124,0.27,0.1,0.505,57,4452.25372308367,5695.4602739726,14305.0876712329,16174,15974,8025,6085,1826,38,1816,2013.17399365877,16117,0,191,9,0.503576807228916,0.769182151434711,0.902058145853345,2.82979763262546,1.11666564841286,4.93429136276245
1.5,5000,8e-05,"seasonal",2,0.4,252,157.216164328629,NA,0.282085091227878,0.27,0.1,0.525,59,4440.42158100926,5621.05479452055,14379.4931506849,16061,15861,7903,6105,1817,36,1819,1931.62941906849,16002,0,175,25,0.499399684044234,0.770638727594042,0.941692015064254,2.84679665738162,1.10302914252889,4.07632994651794
1.5,5000,8e-05,"seasonal",3,0.4,253,157.216164328629,NA,0.284497287819846,0.27,0.095,0.535,71,4442.0346589228,5595.11506849315,14405.4328767123,15734,15534,7650,5993,1848,43,1836,1936.26740969083,15663,0,184,16,0.493835130075528,0.764315776048973,0.948216135235761,2.79940623351975,1.07834315934456,4.83631491661072
1.5,5000,8e-05,"seasonal",4,0.4,254,157.216164328629,NA,0.29037340419703,0.28,0.105,0.54,49,4426.11948112432,5672.44109589041,14328.1068493151,16000,15800,7898,6008,1861,33,1856,1996.36715223345,15951,0,189,11,0.500919642290861,0.763502350997585,0.929688708774628,2.81201686017617,1.10272767827351,5.96858143806458
1.5,5000,8e-05,"seasonal",5,0.4,255,157.216164328629,NA,0.279599200043833,0.275,0.1,0.5,59,4452.0511530875,5435.39452054794,14565.1534246575,15566,15366,7767,5793,1770,36,1761,1897.0672445386,15507,0,186,14,0.50665362035225,0.765965886552955,0.928274949172033,2.85296677938968,1.05498373769182,5.5355019569397
1.5,5000,8e-05,"constant",1,0,256,157.216164328629,NA,1,1,1,1,200,3217.02199605501,20000.5479452055,0,200,0,0,0,0,0,0,19870.7812347984,0,0,0,200,NA,NA,0,0,NA,6.62707304954529
1.5,5000,8e-05,"constant",2,0,257,157.216164328629,NA,1,1,1,1,200,3215.91731658539,20000.5479452055,0,200,0,0,0,0,0,0,19870.7812347984,0,0,0,200,NA,NA,0,0,NA,7.12586069107056
1.5,5000,8e-05,"constant",3,0,258,157.216164328629,NA,1,1,1,1,200,3216.49826530053,20000.5479452055,0,200,0,0,0,0,0,0,19870.7812347984,0,0,0,200,NA,NA,0,0,NA,7.41038203239441
1.5,5000,8e-05,"constant",4,0,259,157.216164328629,NA,1,1,1,1,200,3217.03091447044,20000.5479452055,0,200,0,0,0,0,0,0,19870.7812347984,0,0,0,200,NA,NA,0,0,NA,6.86341094970703
1.5,5000,8e-05,"constant",5,0,260,157.216164328629,NA,1,1,1,1,200,3217.22247137143,20000.5479452055,0,200,0,0,0,0,0,0,19870.7812347984,0,0,0,200,NA,NA,0,0,NA,6.11064291000366
1.5,5000,1e-04,"seasonal",1,0.4,261,157.216164328629,NA,0.361481562654101,0.35,0.12,0.67,69,4264.79111226782,7239.74794520548,12760.8,21633,21433,10630,8553,2201,49,2198,2347.21046925658,21564,0,183,17,0.497100635989525,0.795331969499721,0.936430724380741,2.97855673473836,1.67959689047709,4.87499499320984
1.5,5000,1e-04,"seasonal",2,0.4,262,157.216164328629,NA,0.371055284641937,0.355,0.125,0.68,89,4240.828585283,7459.95342465753,12540.5945205479,22108,21908,10835,8669,2345,59,2338,2425.97036795811,22019,0,177,23,0.495903702686622,0.787089159251861,0.963738069879166,2.95162700710974,1.74696661821762,5.51857328414917
1.5,5000,1e-04,"seasonal",3,0.4,263,157.216164328629,NA,0.360604624404142,0.355,0.125,0.665,69,4269.03951673881,7300.72328767123,12699.8246575342,21671,21471,10639,8512,2273,47,2265,2364.2875295086,21602,0,186,14,0.496592606422704,0.789244320815948,0.958005306770266,2.95888491438641,1.69065326325291,5.76434350013733
1.5,5000,1e-04,"seasonal",4,0.4,264,157.216164328629,NA,0.36501999890417,0.36,0.125,0.66,78,4257.6623204208,7557.25205479452,12443.295890411,22163,21963,10848,8675,2386,54,2378,2488.16482170945,22085,0,184,16,0.495138983979187,0.784287134978754,0.955724467789169,2.92235852924724,1.7650468327226,5.1675853729248
1.5,5000,1e-04,"seasonal",5,0.4,265,157.216164328629,NA,0.35791847022081,0.345,0.12,0.66,67,4272.56628595693,7336.24657534247,12664.301369863,21948,21748,10878,8516,2317,37,2300,2377.45891964779,21881,0,187,13,0.501036341025287,0.786116495892181,0.967419449813559,2.98258786360089,1.71726804067955,5.9934823513031
1.5,5000,1e-04,"constant",1,0,266,157.216164328629,NA,1,1,1,1,200,3216.29472713824,19999.4712328767,1.07671232876601,206,6,4,0,2,0,2,19868.3630197491,6,0,0,200,0.666666666666667,0,0.000100662545676863,0.000300007931716551,5.57251908397524,5.11422729492188
1.5,5000,1e-04,"constant",2,0,267,157.216164328629,NA,0.999867678483371,1,0.995,1,200,3216.99287463701,19999.2246575342,1.32328767123181,205,5,4,0,1,0,1,19868.7844560409,5,0,0,200,0.8,0,5.03302052630583e-05,0.000250009692156559,3.77846790890574,6.44900727272034
1.5,5000,1e-04,"constant",3,0,268,157.216164328629,NA,1,1,1,1,200,3216.17805791463,20000.4931506849,0.0547945205471478,201,1,0,0,1,0,0,19870.6798649354,1,1,0,199,0,0,0,4.99987671536866e-05,18.2500000002656,5.71554446220398
1.5,5000,1e-04,"constant",4,0,269,157.216164328629,NA,1,1,1,1,200,3216.69704892883,19999.7315068493,0.816438356163417,205,5,3,0,2,0,0,19869.1346594559,5,0,2,198,0.6,0,0,0.00025000335620944,6.12416107383275,5.78031921386719
1.5,5000,1e-04,"constant",5,0,270,157.216164328629,NA,1,1,1,1,200,3216.15648485015,20000.5479452055,0,200,0,0,0,0,0,0,19870.7812347984,0,0,0,200,NA,NA,0,0,NA,6.52586102485657
1.5,5000,2e-04,"seasonal",1,0.4,271,157.216164328629,NA,0.476513889649882,0.42,0.11,0.935,109,3887.40869596187,9528.41643835616,10472.1315068493,32407,32207,15235,14533,2350,89,2347,2304.72879055124,32298,0,183,17,0.474344604271748,0.860806728661968,1.01834107753678,3.38965033790778,3.07549613743248,5.83466339111328
1.5,5000,2e-04,"seasonal",2,0.4,272,157.216164328629,NA,0.489363048600077,0.44,0.12,0.94,113,3873.8845813928,9764.71506849315,10235.8328767123,32564,32364,15487,14255,2525,97,2521,2507.70379903398,32451,0,188,12,0.479964049958162,0.849523241954708,1.00530214173266,3.32329205433822,3.1618335693651,5.18245267868042
1.5,5000,2e-04,"seasonal",3,0.4,273,157.216164328629,NA,0.483874856172265,0.44,0.115,0.935,131,3891.60899950688,9683.81369863014,10316.7342465753,32593,32393,15600,14210,2479,104,2463,2453.6537705002,32462,0,189,11,0.483136671931618,0.851459044879861,1.00380910689689,3.3521917098211,3.13985019152286,4.22404599189758
1.5,5000,2e-04,"seasonal",4,0.4,274,157.216164328629,NA,0.476710591200482,0.42,0.11,0.935,125,3895.34078461454,9516.13698630137,10484.4109589041,32567,32367,15472,14481,2315,99,2301,2301.78350249568,32442,0,188,12,0.4794843188298,0.862169564181948,0.99965961069109,3.40915647249517,3.08715483653487,5.25097346305847
1.5,5000,2e-04,"seasonal",5,0.4,275,157.216164328629,NA,0.47927538217084,0.425,0.115,0.935,138,3899.72804476467,9584.53150684931,10416.0164383562,32864,32664,15799,14379,2374,112,2363,2345.71472637907,32726,0,185,15,0.485346522487098,0.858294036888915,1.00736887287553,3.41446005750133,3.13593975137341,5.28180646896362
1.5,5000,2e-04,"constant",1,0,276,157.216164328629,NA,0.999961371979618,1,1,1,200,3214.95816064873,20000.1616438356,0.38630136986103,202,2,1,0,1,0,1,19869.7324012464,2,0,0,200,0.5,0,5.0327804109595e-05,9.9999191787354e-05,5.17730496456559,7.7636125087738
1.5,5000,2e-04,"constant",2,0,277,157.216164328629,NA,1,1,1,1,200,3215.00572900115,20000.5479452055,0,200,0,0,0,0,0,0,19870.7812347984,0,0,0,200,NA,NA,0,0,NA,6.93233823776245
1.5,5000,2e-04,"constant",3,0,278,157.216164328629,NA,0.999981096926196,1,1,1,200,3214.63007533834,20000.3589041096,0.189041095891298,202,2,1,0,1,0,1,19869.9406204244,2,0,0,200,0.5,0,5.03272767192919e-05,9.99982055116545e-05,10.5797101448779,6.09364104270935
1.5,5000,2e-04,"constant",4,0,279,157.216164328629,NA,1,1,1,1,200,3214.36360309024,20000.5479452055,0,200,0,0,0,0,0,0,19870.7812347984,0,0,0,200,NA,NA,0,0,NA,5.96060490608215
1.5,5000,2e-04,"constant",5,0,280,157.216164328629,NA,1,1,1,1,200,3214.3301912224,20000.2904109589,0.257534246575233,203,3,0,0,3,0,1,19869.0721272738,3,0,2,198,0,0,5.03294765651047e-05,0.000149997821949435,11.6489361702177,5.43093585968018
1.5,7500,1e-05,"seasonal",1,0.4,281,157.216164328629,1685,0,0,0,0,0,7500,111.334246575342,811.953424657534,215,15,9,5,1,0,19,24.2666830592715,215,0,182,18,0.6,0.833333333333333,0.782966504057948,1.93112188399734,0.0184739660483934,3.1515793800354
1.5,7500,1e-05,"seasonal",2,0.4,282,157.216164328629,2404,0,0,0,0,0,7500,114.33698630137,1202.92328767123,213,13,8,2,3,0,24,27.9403235182722,213,0,179,21,0.615384615384615,0.4,0.858973590062571,1.86291424052908,0.0108070066755188,2.77846717834473
1.5,7500,1e-05,"seasonal",3,0.4,283,157.216164328629,1702,0,0,0,0,0,7500,127.397260273973,805.205479452055,228,28,13,10,5,0,29,34.8879365800127,228,0,176,24,0.464285714285714,0.666666666666667,0.831232879981044,1.78967741935484,0.034773732562096,3.0460786819458
1.5,7500,1e-05,"seasonal",4,0.4,284,157.216164328629,3080,0,0,0,0,0,7500,135.183561643836,1552.48767123288,238,38,23,9,6,0,28,43.3395098580756,238,0,178,22,0.605263157894737,0.6,0.646061759620539,1.76056908921406,0.0244768449399814,2.47997760772705
1.5,7500,1e-05,"seasonal",5,0.4,285,157.216164328629,5353,0,0,0,0,0,7500,138.030136986301,2795.12054794521,251,51,21,22,8,0,30,39.6692400142786,251,0,178,22,0.411764705882353,0.733333333333333,0.756253459587371,1.81844346082849,0.0182460824587662,5.16344690322876
1.5,7500,1e-05,"constant",1,0,286,157.216164328629,NA,1,1,1,1,200,4817.6814722481,20000.5479452055,0,200,0,0,0,0,0,0,19870.7812347984,0,0,0,200,NA,NA,0,0,NA,6.24030327796936
1.5,7500,1e-05,"constant",2,0,287,157.216164328629,NA,1,1,1,1,200,4817.03080707906,20000.5479452055,0,200,0,0,0,0,0,0,19870.7812347984,0,0,0,200,NA,NA,0,0,NA,6.40552425384521
1.5,7500,1e-05,"constant",3,0,288,157.216164328629,NA,1,1,1,1,200,4818.41999178127,20000.5479452055,0,200,0,0,0,0,0,0,19870.7812347984,0,0,0,200,NA,NA,0,0,NA,5.9551682472229
1.5,7500,1e-05,"constant",4,0,289,157.216164328629,NA,1,1,1,1,200,4817.80207933812,20000.5479452055,0,200,0,0,0,0,0,0,19870.7812347984,0,0,0,200,NA,NA,0,0,NA,5.92087936401367
1.5,7500,1e-05,"constant",5,0,290,157.216164328629,NA,1,1,1,1,200,4817.60367212756,20000.5479452055,0,200,0,0,0,0,0,0,19870.7812347984,0,0,0,200,NA,NA,0,0,NA,6.10953426361084
1.5,7500,2e-05,"seasonal",1,0.4,291,157.216164328629,2791,0,0,0,0,0,7500,169.947945205479,1359.36712328767,320,120,53,48,19,0,46,51.8577661954099,320,0,173,27,0.441666666666667,0.716417910447761,0.887041679093219,1.88292950299044,0.0882763735743265,2.40000104904175
1.5,7500,2e-05,"seasonal",2,0.4,292,157.216164328629,4258,0,0,0,0,0,7500,199.21095890411,2133.9397260274,344,144,70,48,26,0,52,75.5318881708684,344,0,174,26,0.486111111111111,0.648648648648649,0.688450947795261,1.72681263065244,0.0674808188083524,3.32373142242432
1.5,7500,2e-05,"seasonal",3,0.4,293,157.216164328629,4612,0,0,0,0,0,7500,164.734246575342,2362.38904109589,311,111,54,43,14,0,35,53.767538007526,311,0,179,21,0.486486486486487,0.754385964912281,0.650950393062463,1.88788916977115,0.0469863337786685,3.00424194335938
1.5,7500,2e-05,"seasonal",4,0.4,294,157.216164328629,3875,0,0,0,0,0,7500,148.53698630137,1974.75068493151,297,97,44,37,16,0,26,41.4727934005027,297,0,190,10,0.45360824742268,0.69811320754717,0.62691701880117,1.99950199203187,0.0491201247530467,3.22169947624207
1.5,7500,2e-05,"seasonal",5,0.4,295,157.216164328629,2816,0,0,0,0,0,7500,137.221917808219,1405.79178082192,267,67,27,25,15,0,35,31.5346612951972,267,0,180,20,0.402985074626866,0.625,1.10988983431164,1.94575330431658,0.0476599741967672,1.90373730659485
1.5,7500,2e-05,"constant",1,0,296,157.216164328629,NA,1,1,1,1,200,4817.17953783354,20000.5479452055,0,200,0,0,0,0,0,0,19870.7812347984,0,0,0,200,NA,NA,0,0,NA,5.43137502670288
1.5,7500,2e-05,"constant",2,0,297,157.216164328629,NA,1,1,1,1,200,4817.71555503808,20000.5479452055,0,200,0,0,0,0,0,0,19870.7812347984,0,0,0,200,NA,NA,0,0,NA,4.90359973907471
1.5,7500,2e-05,"constant",3,0,298,157.216164328629,NA,1,1,1,1,200,4816.82709988494,20000.5479452055,0,200,0,0,0,0,0,0,19870.7812347984,0,0,0,200,NA,NA,0,0,NA,5.10708951950073
1.5,7500,2e-05,"constant",4,0,299,157.216164328629,NA,1,1,1,1,200,4817.0773979508,20000.5479452055,0,200,0,0,0,0,0,0,19870.7812347984,0,0,0,200,NA,NA,0,0,NA,4.83097958564758
1.5,7500,2e-05,"constant",5,0,300,157.216164328629,NA,1,1,1,1,200,4817.70966385404,20000.5479452055,0,200,0,0,0,0,0,0,19870.7812347984,0,0,0,200,NA,NA,0,0,NA,4.50345945358276
1.5,7500,3e-05,"seasonal",1,0.4,301,157.216164328629,4234,0,0,0,0,0,7500,232.531506849315,2087.46849315068,502,302,160,114,28,0,47,80.1322203146073,502,0,181,19,0.529801324503311,0.802816901408451,0.586530609229011,2.15884723236798,0.144672842244522,2.10120344161987
1.5,7500,3e-05,"seasonal",2,0.4,302,157.216164328629,19975,0.00244671524847954,0,0,0.035,0,7493.90226453345,776.183561643836,10169.0219178082,1662,1462,726,517,219,0,237,329.448365975815,1662,0,182,18,0.496580027359781,0.702445652173913,0.719384354200738,2.14124606875227,0.143769972354933,2.14042234420776
1.5,7500,3e-05,"seasonal",3,0.4,303,157.216164328629,13006,0,0,0,0,0,7500,432.643835616438,6693.93150684932,861,661,332,221,108,0,137,181.457748576621,861,0,171,29,0.502269288956127,0.671732522796353,0.754996692478807,1.99008960516734,0.0987461552786515,2.6477153301239
1.5,7500,3e-05,"seasonal",4,0.4,304,157.216164328629,21029,0.00576379376472522,0,0,0.07,0,7483.74456824284,761.783561643836,10760.9561643836,1552,1352,657,467,228,0,248,336.138594163699,1552,0,180,20,0.48594674556213,0.671942446043165,0.737790912159359,2.03732408802702,0.125639392944916,2.20943069458008
1.5,7500,3e-05,"seasonal",5,0.4,305,157.216164328629,23574,0.00925620513944442,0,0,0.06,0,7473.18690236151,948.909589041096,11968.3506849315,2023,1823,888,657,278,0,299,411.763151503041,2023,0,179,21,0.487109160724081,0.702673796791444,0.72614559828526,2.13192070494757,0.152318397746751,2.95378828048706
1.5,7500,3e-05,"constant",1,0,306,157.216164328629,NA,1,1,1,1,200,4817.25879869596,20000.5479452055,0,200,0,0,0,0,0,0,19870.7812347984,0,0,0,200,NA,NA,0,0,NA,5.44217896461487
1.5,7500,3e-05,"constant",2,0,307,157.216164328629,NA,1,1,1,1,200,4817.07331351707,20000.5479452055,0,200,0,0,0,0,0,0,19870.7812347984,0,0,0,200,NA,NA,0,0,NA,4.6761999130249
1.5,7500,3e-05,"constant",3,0,308,157.216164328629,NA,1,1,1,1,200,4816.86327269739,20000.5479452055,0,200,0,0,0,0,0,0,19870.7812347984,0,0,0,200,NA,NA,0,0,NA,4.85751390457153
1.5,7500,3e-05,"constant",4,0,309,157.216164328629,NA,1,1,1,1,200,4817.36686482932,20000.5479452055,0,200,0,0,0,0,0,0,19870.7812347984,0,0,0,200,NA,NA,0,0,NA,4.55874371528625
1.5,7500,3e-05,"constant",5,0,310,157.216164328629,NA,1,1,1,1,200,4817.73734288532,20000.5479452055,0,200,0,0,0,0,0,0,19870.7812347984,0,0,0,200,NA,NA,0,0,NA,9.20197033882141
1.5,7500,5e-05,"seasonal",1,0.4,311,157.216164328629,NA,0.348510766533341,0.34,0.145,0.61,88,6521.86685962413,7015.43287671233,12985.1150684931,16160,15960,7819,5890,2198,53,2184,3025.65204666345,16072,0,179,21,0.491544603004966,0.728239366963403,0.721827879186708,2.29094915202608,1.22909962028177,5.28463459014893
1.5,7500,5e-05,"seasonal",2,0.4,312,157.216164328629,NA,0.34390608733768,0.335,0.145,0.59,80,6539.21632184538,6927.18356164384,13073.3643835616,15913,15713,7698,5814,2157,44,2148,2998.29546756003,15833,0,173,27,0.491288531495309,0.729394053443734,0.716407046350242,2.28563309447553,1.20190943501563,5.14225339889526
1.5,7500,5e-05,"seasonal",3,0.4,313,157.216164328629,NA,0.351861267875733,0.35,0.15,0.595,71,6519.46052654649,7200.92054794521,12799.6273972603,16208,16008,7859,5823,2284,42,2280,3179.91730095286,16137,0,175,25,0.492233496179381,0.718268163315653,0.716999778364299,2.24096348412075,1.25066140623957,5.36345601081848
1.5,7500,5e-05,"seasonal",4,0.4,314,157.216164328629,NA,0.349639745767355,0.345,0.15,0.61,94,6520.60325406827,6906.11506849315,13094.4328767123,15875,15675,7663,5860,2099,53,2081,2997.99164093692,15781,0,177,23,0.490526181026757,0.736273401181053,0.694131354999261,2.28507631910096,1.19707360735546,4.64053583145142
1.5,7500,5e-05,"seasonal",5,0.4,315,157.216164328629,NA,0.33064434825489,0.325,0.145,0.565,77,6582.36556599638,6788.99178082192,13211.5561643836,15528,15328,7519,5649,2117,43,2104,2955.57194793997,15451,0,179,21,0.49192018318613,0.727401493690445,0.711875750974862,2.27589022034865,1.16019640754524,5.11606740951538
1.5,7500,5e-05,"constant",1,0,316,157.216164328629,NA,1,1,1,1,200,4816.53097857652,20000.5479452055,0,200,0,0,0,0,0,0,19870.7812347984,0,0,0,200,NA,NA,0,0,NA,7.56831789016724
1.5,7500,5e-05,"constant",2,0,317,157.216164328629,NA,1,1,1,1,200,4816.51373376801,20000.5479452055,0,200,0,0,0,0,0,0,19870.7812347984,0,0,0,200,NA,NA,0,0,NA,6.44287395477295
1.5,7500,5e-05,"constant",3,0,318,157.216164328629,NA,1,1,1,1,200,4817.08325215057,20000.5479452055,0,200,0,0,0,0,0,0,19870.7812347984,0,0,0,200,NA,NA,0,0,NA,7.13171601295471
1.5,7500,5e-05,"constant",4,0,319,157.216164328629,NA,1,1,1,1,200,4816.03751191715,20000.5479452055,0,200,0,0,0,0,0,0,19870.7812347984,0,0,0,200,NA,NA,0,0,NA,6.13794565200806
1.5,7500,5e-05,"constant",5,0,320,157.216164328629,NA,1,1,1,1,200,4816.49816914142,20000.5479452055,0,200,0,0,0,0,0,0,19870.7812347984,0,0,0,200,NA,NA,0,0,NA,6.38154625892639
1.5,7500,8e-05,"seasonal",1,0.4,321,157.216164328629,NA,0.510488740342995,0.505,0.215,0.83,91,6001.05465043011,10082.6821917808,9917.86575342466,24538,24338,11751,9613,2923,51,2902,4099.7042926514,24447,0,181,19,0.48383909087166,0.766831525207403,0.707855931268445,2.4246524421774,2.45395537760693,5.87969064712524
1.5,7500,8e-05,"seasonal",2,0.4,322,157.216164328629,NA,0.506971946742644,0.505,0.21,0.825,124,6010.37474384965,10035.2164383562,9965.33150684931,24581,24381,11640,9696,2964,81,2946,3995.61185543176,24457,0,175,25,0.479012345679012,0.765876777251185,0.737308854461204,2.43711734074031,2.44658193089137,5.22258234024048
1.5,7500,8e-05,"seasonal",3,0.4,323,157.216164328629,NA,0.490686263766369,0.485,0.18,0.825,119,6045.05816503205,9859.41643835616,10141.1315068493,24675,24475,11740,9819,2839,77,2819,3849.8926870786,24556,0,178,22,0.481186982539552,0.775714962869332,0.732228201960385,2.49061393780565,2.41343877490097,5.34526920318604
1.5,7500,8e-05,"seasonal",4,0.4,324,157.216164328629,NA,0.506004328529944,0.495,0.205,0.835,109,5995.51414086899,9975.05753424657,10025.4904109589,24653,24453,11627,9896,2857,73,2845,3923.42286535296,24544,0,176,24,0.476907301066448,0.775974280561437,0.725132135290254,2.46053718645081,2.43908267801746,5.8616669178009
1.5,7500,8e-05,"seasonal",5,0.4,325,157.216164328629,NA,0.504577831351707,0.5,0.205,0.83,119,6014.79982220152,10048.3534246575,9952.19452054794,24757,24557,11848,9724,2910,75,2890,4015.49496106769,24638,0,176,24,0.483947389919124,0.769669146746873,0.719712022557631,2.45194401099996,2.46749598285062,7.39480257034302
1.5,7500,8e-05,"constant",1,0,326,157.216164328629,NA,1,1,1,1,200,4815.49249383595,20000.5479452055,0,200,0,0,0,0,0,0,19870.7812347984,0,0,0,200,NA,NA,0,0,NA,8.12476110458374
1.5,7500,8e-05,"constant",2,0,327,157.216164328629,NA,1,1,1,1,200,4816.04350528738,20000.5479452055,0,200,0,0,0,0,0,0,19870.7812347984,0,0,0,200,NA,NA,0,0,NA,6.60837411880493
1.5,7500,8e-05,"constant",3,0,328,157.216164328629,NA,1,1,1,1,200,4816.13755602433,20000.5479452055,0,200,0,0,0,0,0,0,19870.7812347984,0,0,0,200,NA,NA,0,0,NA,7.03500890731812
1.5,7500,8e-05,"constant",4,0,329,157.216164328629,NA,1,1,1,1,200,4816.34740425182,20000.5479452055,0,200,0,0,0,0,0,0,19870.7812347984,0,0,0,200,NA,NA,0,0,NA,6.67237687110901
1.5,7500,8e-05,"constant",5,0,330,157.216164328629,NA,1,1,1,1,200,4816.72442140157,20000.5479452055,0,200,0,0,0,0,0,0,19870.7812347984,0,0,0,200,NA,NA,0,0,NA,7.52071738243103
1.5,7500,1e-04,"seasonal",1,0.4,331,157.216164328629,NA,0.539714810147389,0.53,0.19,0.895,124,5868.42285299436,10902.9479452055,9097.6,27344,27144,12894,11053,3105,92,3092,4198.63028481108,27220,0,181,19,0.476637586869732,0.780689362904365,0.736430642913615,2.49657249918082,2.98364403798804,5.40758752822876
1.5,7500,1e-04,"seasonal",2,0.4,332,157.216164328629,NA,0.537828612130842,0.525,0.2,0.9,127,5866.00270505726,10689.8630136986,9310.68493150685,27535,27335,13084,11118,3046,87,3031,4008.6622986854,27408,0,175,25,0.480182031708749,0.784947754871505,0.756112581744285,2.5639243426111,2.93587423493409,5.33114409446716
1.5,7500,1e-04,"seasonal",3,0.4,333,157.216164328629,NA,0.534452906690044,0.52,0.2,0.885,130,5879.447583968,10659.704109589,9340.84383561644,27668,27468,13226,11180,2966,96,2951,4002.96061429744,27538,0,181,19,0.483194505333918,0.790329421744663,0.737204355561198,2.5833737706873,2.94063368185914,5.60485649108887
1.5,7500,1e-04,"seasonal",4,0.4,334,157.216164328629,NA,0.538032162621226,0.525,0.195,0.905,123,5864.96256862638,10763.7671232877,9236.78082191781,27417,27217,12920,11151,3064,82,3048,4069.03534954328,27294,0,175,25,0.47613782937166,0.784453042560675,0.749071890059179,2.53572933038924,2.94658935020058,5.27572154998779
1.5,7500,1e-04,"seasonal",5,0.4,335,157.216164328629,NA,0.532046737165087,0.52,0.2,0.89,132,5887.19254670977,10719.9068493151,9280.64109589041,27740,27540,13226,11200,3026,88,3007,4022.6773258905,27608,0,175,25,0.481786390791199,0.787290875861099,0.747512106090772,2.57539551304627,2.96746741043516,5.99053907394409
1.5,7500,1e-04,"constant",1,0,336,157.216164328629,NA,1,1,1,1,200,4815.12908552956,20000.5479452055,0,200,0,0,0,0,0,0,19870.7812347984,0,0,0,200,NA,NA,0,0,NA,6.94710063934326
1.5,7500,1e-04,"constant",2,0,337,157.216164328629,NA,1,1,1,1,200,4815.67220974193,20000.5479452055,0,200,0,0,0,0,0,0,19870.7812347984,0,0,0,200,NA,NA,0,0,NA,7.86405849456787
1.5,7500,1e-04,"constant",3,0,338,157.216164328629,NA,1,1,1,1,200,4815.9323546655,20000.5479452055,0,200,0,0,0,0,0,0,19870.7812347984,0,0,0,200,NA,NA,0,0,NA,7.03420805931091
1.5,7500,1e-04,"constant",4,0,339,157.216164328629,NA,1,1,1,1,200,4815.49991370336,20000.4602739726,0.0876712328754365,201,1,0,0,1,0,0,19870.2826046614,1,0,1,199,0,0,0,4.99988493415494e-05,11.406250000166,7.03863859176636
1.5,7500,1e-04,"constant",5,0,340,157.216164328629,NA,1,1,1,1,200,4815.38396690592,20000.5479452055,0,200,0,0,0,0,0,0,19870.7812347984,0,0,0,200,NA,NA,0,0,NA,6.71832060813904
1.5,7500,2e-04,"seasonal",1,0.4,341,157.216164328629,NA,0.667516574434278,0.665,0.275,1,187,5529.68075173963,13301.8465753425,6698.70136986301,30347,30147,15443,10020,4551,133,4510,5895.48257261975,30160,0,187,13,0.514526554274672,0.687667284331892,0.764992508152884,2.26735437288138,4.50042453536282,4.93758130073547
1.5,7500,2e-04,"seasonal",2,0.4,342,157.216164328629,NA,0.688830201084872,0.695,0.29,1,190,5510.22372582324,13544.3698630137,6456.17808219178,29959,29759,15394,9585,4645,135,4618,6234.3816332561,29769,0,172,28,0.519646232784229,0.673576950105411,0.740731041450233,2.19788741012542,4.60938338768643,5.59196949005127
1.5,7500,2e-04,"seasonal",3,0.4,343,157.216164328629,NA,0.679634814530711,0.685,0.29,1,191,5517.74882390006,13419.802739726,6580.74520547945,29958,29758,15261,9810,4549,138,4525,6080.96876590495,29767,0,171,29,0.515226198514517,0.683195208579985,0.744124854804546,2.21813990692144,4.52198027287579,5.63919711112976
1.5,7500,2e-04,"seasonal",4,0.4,344,157.216164328629,NA,0.665713111610323,0.665,0.27,0.995,195,5529.7464237576,13305.1095890411,6695.43835616438,30060,29860,15238,10035,4461,126,4421,5944.68529656626,29865,0,171,29,0.512477298715275,0.692259933774834,0.743689493967601,2.24462638207795,4.459752806552,5.65452647209167
1.5,7500,2e-04,"seasonal",5,0.4,345,157.216164328629,NA,0.665378335433675,0.665,0.27,1,191,5533.20391704564,13147.9589041096,6852.58904109589,30489,30289,15451,10302,4397,139,4369,5722.47672946493,30298,0,176,24,0.512470978441128,0.700864004354038,0.763480605784572,2.30438809711596,4.42008120118583,5.87031292915344
1.5,7500,2e-04,"constant",1,0,346,157.216164328629,NA,1,1,1,1,200,4813.17684373459,20000.5479452055,0,200,0,0,0,0,0,0,19870.7812347984,0,0,0,200,NA,NA,0,0,NA,6.97036409378052
1.5,7500,2e-04,"constant",2,0,347,157.216164328629,NA,1,1,1,1,200,4813.43215659416,20000.5479452055,0,200,0,0,0,0,0,0,19870.7812347984,0,0,0,200,NA,NA,0,0,NA,6.83179402351379
1.5,7500,2e-04,"constant",3,0,348,157.216164328629,NA,1,1,1,1,200,4812.46380581886,20000.5479452055,0,200,0,0,0,0,0,0,19870.7812347984,0,0,0,200,NA,NA,0,0,NA,5.71341753005981
1.5,7500,2e-04,"constant",4,0,349,157.216164328629,NA,1,1,1,1,200,4812.89548408306,20000.5479452055,0,200,0,0,0,0,0,0,19870.7812347984,0,0,0,200,NA,NA,0,0,NA,6.59761834144592
1.5,7500,2e-04,"constant",5,0,350,157.216164328629,NA,1,1,1,1,200,4813.11340036162,20000.5479452055,0,200,0,0,0,0,0,0,19870.7812347984,0,0,0,200,NA,NA,0,0,NA,6.31914448738098
1.5,10000,1e-05,"seasonal",1,0.4,351,157.216164328629,5356,0,0,0,0,0,10000,234.904109589041,2699.8904109589,329,129,69,42,18,0,57,113.991829999732,329,0,161,39,0.534883720930233,0.7,0.500035835902748,1.4005714952181,0.0477797170864368,3.91060256958008
1.5,10000,1e-05,"seasonal",2,0.4,352,157.216164328629,3112,0,0,0,0,0,10000,193.991780821918,1511.21369863014,282,82,39,29,14,0,47,82.260987437895,282,0,167,33,0.475609756097561,0.674418604651163,0.571352246840993,1.45366983490333,0.0542610221667062,3.73901963233948
1.5,10000,1e-05,"seasonal",3,0.4,353,157.216164328629,4624,0,0,0,0,0,10000,191.86301369863,2341.83561643836,280,80,48,24,8,0,37,84.7904188486606,280,0,171,29,0.6,0.75,0.436370058108098,1.45937455376267,0.0341612363559788,3.3380229473114
1.5,10000,1e-05,"seasonal",4,0.4,354,157.216164328629,6480,0,0,0,0,0,10000,278.197260273973,3272.48767123288,344,144,64,51,29,0,68,145.460140379397,344,0,161,39,0.444444444444444,0.6375,0.467482018253514,1.23653266628587,0.0440032215448346,2.69432759284973
1.5,10000,1e-05,"seasonal",5,0.4,355,157.216164328629,3517,0,0,0,0,0,10000,180.13698630137,1746.98630136986,268,68,32,27,9,0,41,71.2389202569571,268,0,168,32,0.470588235294118,0.75,0.575528094082757,1.4877566539924,0.0389241747039912,3.13384795188904
1.5,10000,1e-05,"constant",1,0,356,157.216164328629,NA,1,1,1,1,200,6417.44106706482,20000.5479452055,0,200,0,0,0,0,0,0,19870.7812347984,0,0,0,200,NA,NA,0,0,NA,6.46322298049927
1.5,10000,1e-05,"constant",2,0,357,157.216164328629,NA,1,1,1,1,200,6417.76810476138,20000.5479452055,0,200,0,0,0,0,0,0,19870.7812347984,0,0,0,200,NA,NA,0,0,NA,6.53907465934753
1.5,10000,1e-05,"constant",3,0,358,157.216164328629,NA,1,1,1,1,200,6417.11379623034,20000.5479452055,0,200,0,0,0,0,0,0,19870.7812347984,0,0,0,200,NA,NA,0,0,NA,7.70236039161682
1.5,10000,1e-05,"constant",4,0,359,157.216164328629,NA,1,1,1,1,200,6417.22894142787,20000.5479452055,0,200,0,0,0,0,0,0,19870.7812347984,0,0,0,200,NA,NA,0,0,NA,6.06044030189514
1.5,10000,1e-05,"constant",5,0,360,157.216164328629,NA,1,1,1,1,200,6418.36840666265,20000.5479452055,0,200,0,0,0,0,0,0,19870.7812347984,0,0,0,200,NA,NA,0,0,NA,6.2442467212677
1.5,10000,2e-05,"seasonal",1,0.4,361,157.216164328629,27957,0.0359114569064709,0.02,0,0.135,0,9873.72596460468,1446.44383561644,13872.4602739726,2428,2228,1089,749,390,0,421,776.808197880742,2428,0,169,31,0.488779174147217,0.657594381035996,0.541961324749862,1.67859956965785,0.160605974426912,4.23258638381958
1.5,10000,2e-05,"seasonal",2,0.4,362,157.216164328629,8663,0,0,0,0,0,10000,447.120547945205,4299.72876712329,814,614,307,216,91,0,116,204.759965498133,814,0,175,25,0.5,0.703583061889251,0.566516993289187,1.82053811604238,0.142799705110421,3.25125575065613
1.5,10000,2e-05,"seasonal",3,0.4,363,157.216164328629,6056,0,0,0,0,0,10000,357.928767123288,2960.42739726027,609,409,203,138,68,0,98,164.058147516963,609,0,170,30,0.496332518337408,0.669902912621359,0.597349180660881,1.70145586479287,0.138155727236719,3.41907262802124
1.5,10000,2e-05,"seasonal",4,0.4,364,157.216164328629,33438,0.0722357679031286,0.04,0,0.235,0,9749.22477754644,2161.12602739726,16161.0657534247,3621,3421,1671,1152,598,0,628,1172.45855671899,3621,0,170,30,0.488453668517977,0.658285714285714,0.535626608208136,1.67551542764997,0.21168158413532,4.13432550430298
1.5,10000,2e-05,"seasonal",5,0.4,365,157.216164328629,27254,0.0230579146348145,0,0,0.105,0,9918.89823132979,1387.25205479452,13546.4465753425,2441,2241,1091,790,360,0,388,721.353951673255,2441,0,172,28,0.486836233824186,0.68695652173913,0.537877416627432,1.75959371735193,0.165430837344394,4.06035971641541
1.5,10000,2e-05,"constant",1,0,366,157.216164328629,NA,1,1,1,1,200,6417.34195085201,20000.5479452055,0,200,0,0,0,0,0,0,19870.7812347984,0,0,0,200,NA,NA,0,0,NA,4.98885917663574
1.5,10000,2e-05,"constant",2,0,367,157.216164328629,NA,1,1,1,1,200,6417.85360774752,20000.5479452055,0,200,0,0,0,0,0,0,19870.7812347984,0,0,0,200,NA,NA,0,0,NA,6.4218270778656
1.5,10000,2e-05,"constant",3,0,368,157.216164328629,NA,1,1,1,1,200,6416.91509725495,20000.5479452055,0,200,0,0,0,0,0,0,19870.7812347984,0,0,0,200,NA,NA,0,0,NA,7.50393199920654
1.5,10000,2e-05,"constant",4,0,369,157.216164328629,NA,1,1,1,1,200,6417.75277354665,20000.5479452055,0,200,0,0,0,0,0,0,19870.7812347984,0,0,0,200,NA,NA,0,0,NA,8.39458441734314
1.5,10000,2e-05,"constant",5,0,370,157.216164328629,NA,1,1,1,1,200,6416.50688866363,20000.5479452055,0,200,0,0,0,0,0,0,19870.7812347984,0,0,0,200,NA,NA,0,0,NA,6.25385808944702
1.5,10000,3e-05,"seasonal",1,0.4,371,157.216164328629,NA,0.346534436469235,0.35,0.175,0.55,55,8753.12156484576,6822.71232876712,13177.8356164384,12748,12548,6102,4438,1985,23,1984,3496.69676457596,12693,0,169,31,0.487185628742515,0.690954382687218,0.567392637559922,1.86040380839179,0.952204926911314,5.14985823631287
1.5,10000,3e-05,"seasonal",2,0.4,372,157.216164328629,NA,0.338788011615802,0.34,0.16,0.54,92,8791.29376445126,6980.75890410959,13019.7890410959,12814,12614,6086,4475,2008,45,1995,3626.17503742852,12722,0,166,34,0.484207176386347,0.690266851766158,0.550166492077211,1.82243795764247,0.968832901991342,5.76337504386902
1.5,10000,3e-05,"seasonal",3,0.4,373,157.216164328629,NA,0.365978576516355,0.365,0.19,0.59,69,8705.65145252315,6698.75068493151,13301.797260274,12464,12264,6084,4271,1877,32,1871,3514.47489778483,12395,0,169,31,0.497383911052976,0.69469746258946,0.532369715082981,1.85034502446582,0.921980673741482,5.17754173278809
1.5,10000,3e-05,"seasonal",4,0.4,374,157.216164328629,NA,0.336554435373404,0.335,0.16,0.535,63,8810.37532244808,6673.13424657534,13327.4136986301,12428,12228,5983,4257,1957,31,1953,3450.42704304523,12365,0,172,28,0.49053045830942,0.68506598004506,0.566016894614978,1.85295238236002,0.91750734812538,5.89806079864502
1.5,10000,3e-05,"seasonal",5,0.4,375,157.216164328629,NA,0.319456468138732,0.31,0.14,0.565,79,8858.50050846529,6584.01917808219,13416.5287671233,12244,12044,5844,4237,1926,37,1915,3384.372464694,12165,0,169,31,0.486716082285334,0.687489858834983,0.565836065615534,1.84765561444544,0.897698667744326,5.59244585037231
1.5,10000,3e-05,"constant",1,0,376,157.216164328629,NA,1,1,1,1,200,6416.91285628185,20000.5479452055,0,200,0,0,0,0,0,0,19870.7812347984,0,0,0,200,NA,NA,0,0,NA,8.30827236175537
1.5,10000,3e-05,"constant",2,0,377,157.216164328629,NA,1,1,1,1,200,6416.73877677935,20000.5479452055,0,200,0,0,0,0,0,0,19870.7812347984,0,0,0,200,NA,NA,0,0,NA,5.62557601928711
1.5,10000,3e-05,"constant",3,0,378,157.216164328629,NA,1,1,1,1,200,6416.20110843241,20000.5479452055,0,200,0,0,0,0,0,0,19870.7812347984,0,0,0,200,NA,NA,0,0,NA,7.09547114372253
1.5,10000,3e-05,"constant",4,0,379,157.216164328629,NA,1,1,1,1,200,6417.08988521177,20000.5479452055,0,200,0,0,0,0,0,0,19870.7812347984,0,0,0,200,NA,NA,0,0,NA,5.7561674118042
1.5,10000,3e-05,"constant",5,0,380,157.216164328629,NA,1,1,1,1,200,6418.27505068215,20000.5479452055,0,200,0,0,0,0,0,0,19870.7812347984,0,0,0,200,NA,NA,0,0,NA,6.04506778717041
1.5,10000,5e-05,"seasonal",1,0.4,381,157.216164328629,NA,0.538563092433291,0.545,0.255,0.815,101,8012.83167579859,10715.3780821918,9285.1698630137,20828,20628,9836,7748,2988,56,2974,5313.56054750084,20727,0,169,31,0.478125607622011,0.721684053651267,0.559700030405936,1.93432278740093,2.22160717620999,4.41541409492493
1.5,10000,5e-05,"seasonal",2,0.4,382,157.216164328629,NA,0.536139663580078,0.545,0.25,0.815,125,8024.92203002575,10719.0931506849,9281.45479452055,20916,20716,9790,7889,2964,73,2942,5285.7896054798,20791,0,170,30,0.474252773337209,0.726895789182714,0.556586663409761,1.93962303599083,2.23197768654005,5.1495213508606
1.5,10000,5e-05,"seasonal",3,0.4,383,157.216164328629,NA,0.52904854528519,0.535,0.26,0.8,126,8045.79577475207,10575.698630137,9424.84931506849,20937,20737,9870,7812,2980,75,2952,5153.8514733745,20811,0,177,23,0.477688510308779,0.723869532987398,0.572775528214275,1.96781326017518,2.20024737868706,4.34066247940063
1.5,10000,5e-05,"seasonal",4,0.4,384,157.216164328629,NA,0.533027231384582,0.535,0.26,0.805,111,8035.10672045367,10666.1890410959,9334.35890410959,20869,20669,9716,7836,3058,59,3037,5200.9969933789,20758,0,169,31,0.471421639980592,0.719295024784285,0.583926505603875,1.94614964351572,2.21429240211668,5.95473837852478
1.5,10000,5e-05,"seasonal",5,0.4,385,157.216164328629,NA,0.527594652347817,0.53,0.255,0.805,119,8048.8455342173,10534.7616438356,9465.78630136986,20954,20754,9856,7879,2954,65,2925,5106.68923204801,20835,0,175,25,0.476388418966601,0.727314686605742,0.572778147854309,1.97773814960413,2.19252784071372,5.61979341506958
1.5,10000,5e-05,"constant",1,0,386,157.216164328629,NA,1,1,1,1,200,6416.50107857104,20000.5479452055,0,200,0,0,0,0,0,0,19870.7812347984,0,0,0,200,NA,NA,0,0,NA,4.88420152664185
1.5,10000,5e-05,"constant",2,0,387,157.216164328629,NA,1,1,1,1,200,6415.12913319818,20000.5479452055,0,200,0,0,0,0,0,0,19870.7812347984,0,0,0,200,NA,NA,0,0,NA,5.00180244445801
1.5,10000,5e-05,"constant",3,0,388,157.216164328629,NA,1,1,1,1,200,6417.32275875295,20000.5479452055,0,200,0,0,0,0,0,0,19870.7812347984,0,0,0,200,NA,NA,0,0,NA,4.91382718086243
1.5,10000,5e-05,"constant",4,0,389,157.216164328629,NA,1,1,1,1,200,6415.63916031998,20000.5479452055,0,200,0,0,0,0,0,0,19870.7812347984,0,0,0,200,NA,NA,0,0,NA,4.59020113945007
1.5,10000,5e-05,"constant",5,0,390,157.216164328629,NA,1,1,1,1,200,6416.31047559038,20000.5479452055,0,200,0,0,0,0,0,0,19870.7812347984,0,0,0,200,NA,NA,0,0,NA,4.8558657169342
1.5,10000,8e-05,"seasonal",1,0.4,391,157.216164328629,NA,0.625581885924059,0.63,0.285,0.945,145,7604.19910826804,12376.1890410959,7624.35890410959,25758,25558,12185,9901,3383,89,3359,5799.37588555233,25613,0,168,32,0.478424751658879,0.745332731105089,0.579200256422091,2.06953852393095,3.35215069508651,4.23809051513672
1.5,10000,8e-05,"seasonal",2,0.4,392,157.216164328629,NA,0.605821872774095,0.605,0.26,0.94,149,7638.05398526108,12140.9315068493,7859.61643835616,26107,25907,12179,10294,3337,97,3318,5441.88298443502,25958,0,167,33,0.471871367686943,0.755190374880786,0.609715425614665,2.13805670391566,3.29621683235963,4.39696478843689
1.5,10000,8e-05,"seasonal",3,0.4,393,157.216164328629,NA,0.621293353788834,0.625,0.275,0.94,169,7617.44225631472,12242.0630136986,7758.48493150685,25765,25565,12035,10092,3334,104,3303,5602.66010359388,25596,0,166,34,0.47268371234437,0.751675852822881,0.589541385507441,2.09082406873405,3.29510210120815,5.66040372848511
1.5,10000,8e-05,"seasonal",4,0.4,394,157.216164328629,NA,0.626161032272204,0.63,0.275,0.94,132,7605.18679962742,12405.6849315068,7594.86301369863,25690,25490,12112,9820,3474,84,3447,5807.87468084154,25558,0,179,21,0.476737778477525,0.738679103354897,0.593504541578803,2.060184515495,3.35621589935519,5.09692597389221
1.5,10000,8e-05,"seasonal",5,0.4,395,157.216164328629,NA,0.599901101309517,0.59,0.25,0.94,143,7654.68323132979,12069.3589041096,7931.18904109589,25879,25679,11909,10399,3281,90,3262,5362.47841883807,25736,0,166,34,0.465395287037399,0.76016081871345,0.608300816380126,2.13234192507416,3.23772386043793,5.19089102745056
1.5,10000,8e-05,"constant",1,0,396,157.216164328629,NA,1,1,1,1,200,6415.6203410772,20000.5479452055,0,200,0,0,0,0,0,0,19870.7812347984,0,0,0,200,NA,NA,0,0,NA,5.93789649009705
1.5,10000,8e-05,"constant",2,0,397,157.216164328629,NA,1,1,1,1,200,6414.99428469673,20000.5479452055,0,200,0,0,0,0,0,0,19870.7812347984,0,0,0,200,NA,NA,0,0,NA,5.57825613021851
1.5,10000,8e-05,"constant",3,0,398,157.216164328629,NA,1,1,1,1,200,6415.01124705496,20000.5479452055,0,200,0,0,0,0,0,0,19870.7812347984,0,0,0,200,NA,NA,0,0,NA,4.83887100219727
1.5,10000,8e-05,"constant",4,0,399,157.216164328629,NA,1,1,1,1,200,6414.6595452304,20000.5479452055,0,200,0,0,0,0,0,0,19870.7812347984,0,0,0,200,NA,NA,0,0,NA,4.76281666755676
1.5,10000,8e-05,"constant",5,0,400,157.216164328629,NA,1,1,1,1,200,6414.83695660512,20000.5479452055,0,200,0,0,0,0,0,0,19870.7812347984,0,0,0,200,NA,NA,0,0,NA,4.52605319023132
1.5,10000,1e-04,"seasonal",1,0.4,401,157.216164328629,NA,0.667171113911566,0.675,0.305,0.975,173,7459.01899101419,13183.4657534247,6817.08219178082,26168,25968,12349,9712,3808,99,3767,6376.67690197426,25995,0,167,33,0.477366732382388,0.718343195266272,0.590746568770595,1.97178803253972,3.80925435097569,3.7503228187561
1.5,10000,1e-04,"seasonal",2,0.4,402,157.216164328629,NA,0.656979891512794,0.66,0.295,0.975,181,7474.34558846091,12995.4438356164,7005.10410958904,26707,26507,12659,9986,3747,115,3712,6106.35067602647,26526,0,169,31,0.479652925128827,0.727153571688633,0.607891717482475,2.04117691827505,3.78395518258116,4.06613683700562
1.5,10000,1e-04,"seasonal",3,0.4,403,157.216164328629,NA,0.634938085584351,0.635,0.26,0.975,177,7522.99703687469,12801.0301369863,7199.51780821918,27064,26864,12815,10334,3602,113,3573,5857.79785069908,26887,0,165,35,0.479047512242533,0.741532721010333,0.609956179961654,2.10037783774251,3.73136100438994,4.32553100585938
1.5,10000,1e-04,"seasonal",4,0.4,404,157.216164328629,NA,0.661267875732837,0.665,0.29,0.975,167,7463.66603720344,13182.8739726027,6817.67397260274,26442,26242,12688,9714,3736,104,3709,6414.76970473594,26275,0,164,36,0.48542352130997,0.722230483271376,0.578196906626545,1.99311622447472,3.84911336409678,4.18801784515381
1.5,10000,1e-04,"seasonal",5,0.4,405,157.216164328629,NA,0.657156594159224,0.66,0.295,0.975,163,7471.51364966303,13077.0931506849,6923.45479452055,26521,26321,12532,9868,3810,111,3789,6193.08786087837,26358,0,169,31,0.478138115223197,0.721450504459716,0.611811116702388,2.01558555072459,3.80171471919356,3.93984317779541
1.5,10000,1e-04,"constant",1,0,406,157.216164328629,NA,1,1,1,1,200,6414.71550243822,20000.5479452055,0,200,0,0,0,0,0,0,19870.7812347984,0,0,0,200,NA,NA,0,0,NA,4.38129329681396
1.5,10000,1e-04,"constant",2,0,407,157.216164328629,NA,1,1,1,1,200,6414.93855350392,20000.5479452055,0,200,0,0,0,0,0,0,19870.7812347984,0,0,0,200,NA,NA,0,0,NA,4.17721128463745
1.5,10000,1e-04,"constant",3,0,408,157.216164328629,NA,1,1,1,1,200,6415.05806695524,20000.5479452055,0,200,0,0,0,0,0,0,19870.7812347984,0,0,0,200,NA,NA,0,0,NA,4.17764282226562
1.5,10000,1e-04,"constant",4,0,409,157.216164328629,NA,1,1,1,1,200,6415.07077694373,20000.5479452055,0,200,0,0,0,0,0,0,19870.7812347984,0,0,0,200,NA,NA,0,0,NA,4.18035316467285
1.5,10000,1e-04,"constant",5,0,410,157.216164328629,NA,1,1,1,1,200,6415.45857048929,20000.5479452055,0,200,0,0,0,0,0,0,19870.7812347984,0,0,0,200,NA,NA,0,0,NA,4.19034552574158
1.5,10000,2e-04,"seasonal",1,0.4,411,157.216164328629,NA,0.836518272971344,0.88,0.51,1,199,7161.11475124651,16522.695890411,3477.85205479452,22961,22761,12137,4691,5827,106,5768,10318.8879213832,22762,0,166,34,0.535731626572501,0.445997337896939,0.558974963576001,1.37762022317496,6.54455670954203,3.85337710380554
1.5,10000,2e-04,"seasonal",2,0.4,412,157.216164328629,NA,0.838720070133143,0.89,0.515,1,199,7156.7262758205,16553.0082191781,3447.5397260274,22733,22533,11967,4587,5878,101,5814,10363.6248074896,22534,0,166,34,0.533478958630528,0.438318203535595,0.561000625553166,1.36132355530957,6.53596529428968,3.92397427558899
1.5,10000,2e-04,"seasonal",3,0.4,413,157.216164328629,NA,0.840076708125582,0.885,0.52,1,200,7155.42268259273,16707.5835616438,3292.96438356164,22056,21856,11530,4330,5894,102,5831,10624.9699795708,21856,0,165,35,0.530017468051853,0.423513302034429,0.548801550612527,1.30814847756773,6.6371808055697,3.96996021270752
1.5,10000,2e-04,"seasonal",4,0.4,414,157.216164328629,NA,0.83518875678045,0.875,0.515,1,200,7161.85721330338,16513.1232876712,3487.42465753425,23192,22992,12375,4720,5789,108,5723,10310.1424839549,22992,0,174,26,0.540770844257997,0.449138833380912,0.555084472295741,1.39234714108662,6.59283060074946,7.57519841194153
1.5,10000,2e-04,"seasonal",5,0.4,415,157.216164328629,NA,0.832951893046956,0.88,0.505,1,200,7167.01820311216,16544.0054794521,3456.54246575342,22629,22429,11818,4643,5871,97,5797,10326.6957416209,22429,0,171,29,0.529195772881963,0.441601673958532,0.561360588618454,1.35571763608621,6.48885417211593,5.28406238555908
1.5,10000,2e-04,"constant",1,0,416,157.216164328629,NA,1,1,1,1,200,6411.80620760506,20000.5479452055,0,200,0,0,0,0,0,0,19870.7812347984,0,0,0,200,NA,NA,0,0,NA,7.11050152778625
1.5,10000,2e-04,"constant",2,0,417,157.216164328629,NA,1,1,1,1,200,6411.21825434223,20000.5479452055,0,200,0,0,0,0,0,0,19870.7812347984,0,0,0,200,NA,NA,0,0,NA,6.15222930908203
1.5,10000,2e-04,"constant",3,0,418,157.216164328629,NA,1,1,1,1,200,6411.53724727412,20000.5479452055,0,200,0,0,0,0,0,0,19870.7812347984,0,0,0,200,NA,NA,0,0,NA,6.46851849555969
1.5,10000,2e-04,"constant",4,0,419,157.216164328629,NA,1,1,1,1,200,6412.08444605775,20000.5479452055,0,200,0,0,0,0,0,0,19870.7812347984,0,0,0,200,NA,NA,0,0,NA,6.91985774040222
1.5,10000,2e-04,"constant",5,0,420,157.216164328629,NA,1,1,1,1,200,6411.70532080434,20000.5479452055,0,200,0,0,0,0,0,0,19870.7812347984,0,0,0,200,NA,NA,0,0,NA,6.60234928131104
1.5,15000,1e-05,"seasonal",1,0.4,421,157.216164328629,35290,0.0961632239329352,0.1,0,0.215,0,14516.5946205687,2696.52602739726,16640.4602739726,3315,3115,1534,981,600,0,645,1754.0092082522,3315,0,155,45,0.492455858747994,0.620493358633776,0.367728970273034,1.22935954124637,0.187194341305101,4.97043323516846
1.5,15000,1e-05,"seasonal",2,0.4,422,157.216164328629,27590,0.0217483973480905,0.005,0,0.075,0,14890.5829187442,1437.72876712329,13680.0794520548,1739,1539,768,491,280,0,328,930.475745617301,1739,0,152,48,0.499025341130604,0.636835278858625,0.352507845094228,1.20954664034407,0.112499346615186,4.0868878364563
1.5,15000,1e-05,"seasonal",3,0.4,423,157.216164328629,12633,0,0,0,0,0,15000,914.772602739726,6007.41917808219,1148,948,483,281,184,0,234,562.142811837401,1148,0,150,50,0.509493670886076,0.604301075268817,0.416264328338835,1.25495669258323,0.15780486959504,3.89708709716797
1.5,15000,1e-05,"seasonal",4,0.4,424,157.216164328629,25075,0.0203923072708345,0,0,0.11,0,14898.3415434771,1733.40821917808,12006.3178082192,2055,1855,904,581,370,0,410,1122.15906558327,2055,0,160,40,0.48733153638814,0.610935856992639,0.365367096853504,1.18552570436894,0.154501990504543,3.78724980354309
1.5,15000,1e-05,"seasonal",5,0.4,425,157.216164328629,26897,0.0201293079831242,0,0,0.08,0,14899.4645044107,1554.29589041096,13183.7863013699,1879,1679,819,555,305,0,358,1004.18608152199,1879,0,147,53,0.487790351399643,0.645348837209302,0.356507629997619,1.20890752629037,0.127353399214727,4.51261353492737
1.5,15000,1e-05,"constant",1,0,426,157.216164328629,NA,1,1,1,1,200,9618.13122596022,20000.5479452055,0,200,0,0,0,0,0,0,19870.7812347984,0,0,0,200,NA,NA,0,0,NA,6.30335903167725
1.5,15000,1e-05,"constant",2,0,427,157.216164328629,NA,1,1,1,1,200,9618.63285847351,20000.5479452055,0,200,0,0,0,0,0,0,19870.7812347984,0,0,0,200,NA,NA,0,0,NA,6.75321650505066
1.5,15000,1e-05,"constant",3,0,428,157.216164328629,NA,1,1,1,1,200,9617.88834584406,20000.5479452055,0,200,0,0,0,0,0,0,19870.7812347984,0,0,0,200,NA,NA,0,0,NA,5.01743388175964
1.5,15000,1e-05,"constant",4,0,429,157.216164328629,NA,1,1,1,1,200,9617.27356610597,20000.5479452055,0,200,0,0,0,0,0,0,19870.7812347984,0,0,0,200,NA,NA,0,0,NA,5.87665295600891
1.5,15000,1e-05,"constant",5,0,430,157.216164328629,NA,1,1,1,1,200,9617.46068078461,20000.5479452055,0,200,0,0,0,0,0,0,19870.7812347984,0,0,0,200,NA,NA,0,0,NA,7.15514802932739
1.5,15000,2e-05,"seasonal",1,0.4,431,157.216164328629,NA,0.532241521012547,0.54,0.325,0.73,111,12298.8660873377,10273.295890411,9727.25205479452,13252,13052,6243,4339,2425,45,2404,6590.65235934912,13141,0,155,45,0.479972322595525,0.641484328799527,0.364759035816814,1.27914158612581,1.34179724412166,6.59146618843079
1.5,15000,2e-05,"seasonal",2,0.4,432,157.216164328629,NA,0.501791408689935,0.51,0.29,0.725,94,12439.1816678538,9927.53698630137,10073.0109589041,13238,13038,6147,4463,2388,40,2372,6217.77363837841,13144,0,162,38,0.472918910601631,0.651437746314407,0.381487030238466,1.32399405997045,1.29434982779156,5.81833910942078
1.5,15000,2e-05,"seasonal",3,0.4,433,157.216164328629,NA,0.490452030025752,0.5,0.305,0.66,94,12491.5147649444,9643.97808219178,10356.5698630137,13219,13019,6323,4426,2237,33,2219,6049.72525478381,13125,0,157,43,0.486908978900354,0.664265345940267,0.366793516489915,1.36095290637752,1.25707644250966,5.13402414321899
1.5,15000,2e-05,"seasonal",4,0.4,434,157.216164328629,NA,0.511685661059668,0.52,0.305,0.72,89,12381.4066818257,10139.597260274,9860.95068493151,13390,13190,6348,4432,2379,31,2371,6449.19152128395,13301,0,150,50,0.482407477771867,0.650712083394509,0.3676429816319,1.31178780168243,1.3375992256158,5.46163105964661
1.5,15000,2e-05,"seasonal",5,0.4,435,157.216164328629,NA,0.510978028601173,0.52,0.31,0.69,116,12401.1495709824,10051.9534246575,9948.59452054794,13060,12860,6185,4204,2431,40,2404,6430.91470876028,12944,0,151,49,0.482449297971919,0.633609645817634,0.373819294590432,1.28770990604157,1.29264490310051,5.61957168579102
1.5,15000,2e-05,"constant",1,0,436,157.216164328629,NA,1,1,1,1,200,9617.55152430004,20000.5479452055,0,200,0,0,0,0,0,0,19870.7812347984,0,0,0,200,NA,NA,0,0,NA,8.40458083152771
1.5,15000,2e-05,"constant",2,0,437,157.216164328629,NA,1,1,1,1,200,9617.21130157252,20000.5479452055,0,200,0,0,0,0,0,0,19870.7812347984,0,0,0,200,NA,NA,0,0,NA,6.98545598983765
1.5,15000,2e-05,"constant",3,0,438,157.216164328629,NA,1,1,1,1,200,9617.56935154238,20000.5479452055,0,200,0,0,0,0,0,0,19870.7812347984,0,0,0,200,NA,NA,0,0,NA,6.39173007011414
1.5,15000,2e-05,"constant",4,0,439,157.216164328629,NA,1,1,1,1,200,9616.37121938524,20000.5479452055,0,200,0,0,0,0,0,0,19870.7812347984,0,0,0,200,NA,NA,0,0,NA,6.76934480667114
1.5,15000,2e-05,"constant",5,0,440,157.216164328629,NA,1,1,1,1,200,9618.03617774368,20000.5479452055,0,200,0,0,0,0,0,0,19870.7812347984,0,0,0,200,NA,NA,0,0,NA,7.46083188056946
1.5,15000,3e-05,"seasonal",1,0.4,441,157.216164328629,NA,0.635922963125308,0.65,0.385,0.85,133,11703.381537176,12623.9205479452,7376.62739726027,17281,17081,8147,5874,3000,60,2965,7870.6765456286,17148,0,162,38,0.478644027965454,0.661933739012846,0.376714756706242,1.35837356824867,2.31555683649468,5.83612179756165
1.5,15000,3e-05,"seasonal",2,0.4,442,157.216164328629,NA,0.629878088871843,0.645,0.375,0.85,134,11737.1133313243,12505.4465753425,7495.10136986301,17409,17209,8173,5987,2994,55,2968,7698.87813955069,17275,0,147,53,0.476448641716218,0.666629551274914,0.385510712885918,1.38139808889847,2.29603298885263,6.13221216201782
1.5,15000,3e-05,"seasonal",3,0.4,443,157.216164328629,NA,0.639287984220043,0.655,0.39,0.855,146,11684.9926253356,12736.1232876712,7264.42465753425,17267,17067,8139,5816,3047,65,3010,7973.5459016173,17121,0,156,44,0.478708387248559,0.656211215164166,0.377498297136469,1.34428661008436,2.34939459139398,6.01441216468811
1.5,15000,3e-05,"seasonal",4,0.4,444,157.216164328629,NA,0.65287628075174,0.67,0.4,0.875,152,11640.839838639,12883.6191780822,7116.92876712329,16923,16723,7920,5691,3047,65,3005,8178.17652012006,16771,0,155,45,0.475447232560932,0.651293202105745,0.367441322965708,1.30173049732261,2.34974952640415,5.67207551002502
1.5,15000,3e-05,"seasonal",5,0.4,445,157.216164328629,NA,0.64403649115117,0.66,0.375,0.865,125,11653.7792951071,12663.1315068493,7337.41643835616,17286,17086,8177,5849,3003,57,2974,7922.53052648895,17161,0,161,39,0.480180867931176,0.660754631721645,0.375385110862803,1.35519401269092,2.32861254960034,5.55832290649414
1.5,15000,3e-05,"constant",1,0,446,157.216164328629,NA,1,1,1,1,200,9616.59335022739,20000.5479452055,0,200,0,0,0,0,0,0,19870.7812347984,0,0,0,200,NA,NA,0,0,NA,6.23438811302185
1.5,15000,3e-05,"constant",2,0,447,157.216164328629,NA,1,1,1,1,200,9618.23124075393,20000.5479452055,0,200,0,0,0,0,0,0,19870.7812347984,0,0,0,200,NA,NA,0,0,NA,6.54821801185608
1.5,15000,3e-05,"constant",3,0,448,157.216164328629,NA,1,1,1,1,200,9617.78376417731,20000.5479452055,0,200,0,0,0,0,0,0,19870.7812347984,0,0,0,200,NA,NA,0,0,NA,8.12445497512817
1.5,15000,3e-05,"constant",4,0,449,157.216164328629,NA,1,1,1,1,200,9616.95352008109,20000.5479452055,0,200,0,0,0,0,0,0,19870.7812347984,0,0,0,200,NA,NA,0,0,NA,6.21624064445496
1.5,15000,3e-05,"constant",5,0,450,157.216164328629,NA,1,1,1,1,200,9617.11493397622,20000.5479452055,0,200,0,0,0,0,0,0,19870.7812347984,0,0,0,200,NA,NA,0,0,NA,6.25918436050415
1.5,15000,5e-05,"seasonal",1,0.4,451,157.216164328629,NA,0.735016437455482,0.76,0.425,0.965,175,11125.478113802,14551.3397260274,5449.20821917808,20003,19803,9241,6847,3634,81,3586,8915.78841892047,19828,0,154,46,0.468563026062265,0.653277359030627,0.402207839790146,1.36262367406174,3.63410594777877,6.14068222045898
1.5,15000,5e-05,"seasonal",2,0.4,452,157.216164328629,NA,0.737000986247329,0.76,0.435,0.96,169,11111.8818133253,14626.7287671233,5373.81917808219,19939,19739,9251,6864,3535,89,3502,9048.67547688295,19770,0,153,47,0.470788804071247,0.660063467641119,0.38701796842496,1.35163510001206,3.67317904564189,5.48357081413269
1.5,15000,5e-05,"seasonal",3,0.4,453,157.216164328629,NA,0.738394060599419,0.76,0.435,0.96,183,11123.1292285354,14705.898630137,5294.64931506849,19937,19737,9305,6760,3583,89,3546,9136.27600757723,19754,0,143,57,0.47358509771987,0.653582132843469,0.388123125555653,1.34327051320195,3.72772563875549,6.09296679496765
1.5,15000,5e-05,"seasonal",4,0.4,454,157.216164328629,NA,0.730841323763082,0.755,0.42,0.96,165,11146.118714591,14600.5342465753,5400.01369863014,20035,19835,9375,6758,3626,76,3577,9016.92962289554,19870,0,160,40,0.474467331342679,0.650808936825886,0.396698227622558,1.36090910540898,3.67313883019069,6.2760157585144
1.5,15000,5e-05,"seasonal",5,0.4,455,157.216164328629,NA,0.729868500356145,0.75,0.425,0.965,187,11138.6184674812,14473.495890411,5527.05205479452,20294,20094,9421,6998,3584,91,3529,8807.95371633721,20107,0,159,41,0.470979353097035,0.661311661311661,0.400660597643051,1.38922898463815,3.63557277926651,5.46741437911987
1.5,15000,5e-05,"constant",1,0,456,157.216164328629,NA,1,1,1,1,200,9615.54588159553,20000.5479452055,0,200,0,0,0,0,0,0,19870.7812347984,0,0,0,200,NA,NA,0,0,NA,5.85781121253967
1.5,15000,5e-05,"constant",2,0,457,157.216164328629,NA,1,1,1,1,200,9616.7047274122,20000.5479452055,0,200,0,0,0,0,0,0,19870.7812347984,0,0,0,200,NA,NA,0,0,NA,6.19628190994263
1.5,15000,5e-05,"constant",3,0,458,157.216164328629,NA,1,1,1,1,200,9615.02124787683,20000.5479452055,0,200,0,0,0,0,0,0,19870.7812347984,0,0,0,200,NA,NA,0,0,NA,6.26169800758362
1.5,15000,5e-05,"constant",4,0,459,157.216164328629,NA,1,1,1,1,200,9615.49460056983,20000.5479452055,0,200,0,0,0,0,0,0,19870.7812347984,0,0,0,200,NA,NA,0,0,NA,6.25433945655823
1.5,15000,5e-05,"constant",5,0,460,157.216164328629,NA,1,1,1,1,200,9616.1825858857,20000.5479452055,0,200,0,0,0,0,0,0,19870.7812347984,0,0,0,200,NA,NA,0,0,NA,6.32967257499695
1.5,15000,8e-05,"seasonal",1,0.4,461,157.216164328629,NA,0.829156758533779,0.865,0.54,0.995,194,10784.6855355871,16377.2410958904,3623.30684931507,18671,18471,9059,5052,4276,84,4212,11055.2838538562,18477,0,154,46,0.492685049219557,0.541595197255575,0.380994287951351,1.12821200419627,5.09782934986356,6.34843897819519
1.5,15000,8e-05,"seasonal",2,0.4,462,157.216164328629,NA,0.832478768286669,0.87,0.545,1,198,10772.2090907348,16448.3068493151,3552.24109589041,18287,18087,8717,4965,4313,92,4253,11138.5592042117,18089,0,154,46,0.484412336760211,0.535136882948911,0.381826762512684,1.09974845227023,5.09171520506445,6.25382566452026
1.5,15000,8e-05,"seasonal",3,0.4,463,157.216164328629,NA,0.823758424195934,0.86,0.53,0.995,194,10798.2853158731,16374.5561643836,3625.99178082192,18627,18427,8928,5070,4347,82,4281,11001.3646168671,18433,0,154,46,0.486672117743254,0.53838802166295,0.389133543800233,1.12570990107773,5.08191995841289,6.38939380645752
1.5,15000,8e-05,"seasonal",4,0.4,464,157.216164328629,NA,0.817883677606706,0.855,0.52,0.995,193,10811.0514166347,16279.0520547945,3721.49589041096,18905,18705,9055,5205,4349,96,4304,10839.9136744782,18712,0,148,52,0.486592509001021,0.544797990370525,0.397051132439684,1.14945267924792,5.02620466361295,6.89390921592712
1.5,15000,8e-05,"seasonal",5,0.4,465,157.216164328629,NA,0.834418935948715,0.87,0.555,0.995,196,10771.1676247877,16361.9342465753,3638.61369863014,18731,18531,9070,5075,4316,70,4240,11005.7461364707,18535,0,150,50,0.491305996424896,0.540411031838995,0.385253298361075,1.13281227761195,5.09287369719312,6.21574592590332
1.5,15000,8e-05,"constant",1,0,466,157.216164328629,NA,1,1,1,1,200,9615.18972631637,20000.5479452055,0,200,0,0,0,0,0,0,19870.7812347984,0,0,0,200,NA,NA,0,0,NA,6.09892845153809
1.5,15000,8e-05,"constant",2,0,467,157.216164328629,NA,1,1,1,1,200,9616.46102186182,20000.5479452055,0,200,0,0,0,0,0,0,19870.7812347984,0,0,0,200,NA,NA,0,0,NA,6.31247878074646
1.5,15000,8e-05,"constant",3,0,468,157.216164328629,NA,1,1,1,1,200,9614.06436880171,20000.5479452055,0,200,0,0,0,0,0,0,19870.7812347984,0,0,0,200,NA,NA,0,0,NA,6.95079255104065
1.5,15000,8e-05,"constant",4,0,469,157.216164328629,NA,1,1,1,1,200,9612.95572023451,20000.5479452055,0,200,0,0,0,0,0,0,19870.7812347984,0,0,0,200,NA,NA,0,0,NA,5.21711039543152
1.5,15000,8e-05,"constant",5,0,470,157.216164328629,NA,1,1,1,1,200,9614.19075721878,20000.5479452055,0,200,0,0,0,0,0,0,19870.7812347984,0,0,0,200,NA,NA,0,0,NA,6.0221540927887
1.5,15000,1e-04,"seasonal",1,0.4,471,157.216164328629,NA,0.866539915621062,0.905,0.605,1,197,10689.6928058737,17192.8931506849,2807.65479452055,16950,16750,8295,3773,4614,68,4532,12208.8744851956,16753,0,153,47,0.497242536866083,0.449862883033266,0.371205388792839,0.974414245070359,5.96583313329313,6.03057599067688
1.5,15000,1e-04,"seasonal",2,0.4,472,157.216164328629,NA,0.86172620678319,0.905,0.585,1,200,10698.7473826092,17146.5589041096,2853.98904109589,16978,16778,8230,3862,4604,82,4526,12120.1484911966,16778,0,160,40,0.492932438907523,0.456177651783605,0.373427768091077,0.978505372059157,5.87878921691917,5.93383884429932
1.5,15000,1e-04,"seasonal",3,0.4,473,157.216164328629,NA,0.866827297134404,0.905,0.6,1,196,10686.0822017972,17080.5616438356,2919.98630136986,17237,17037,8402,3926,4629,80,4541,12027.7136550202,17041,0,172,28,0.495488588783393,0.458912916423144,0.377544737948152,0.997683820669334,5.83461641310008,5.82327961921692
1.5,15000,1e-04,"seasonal",4,0.4,474,157.216164328629,NA,0.854347980932552,0.895,0.58,1,198,10717.2722568626,17017.0410958904,2983.50684931507,17541,17341,8571,4009,4686,75,4613,11871.9078592039,17343,0,150,50,0.496409127765551,0.461069580218516,0.388564336474672,1.01915485202585,5.81228764531947,6.19794964790344
1.5,15000,1e-04,"seasonal",5,0.4,475,157.216164328629,NA,0.861893320913923,0.9,0.595,1,198,10702.870697496,17065.501369863,2935.04657534247,17315,17115,8436,3944,4654,81,4579,11967.8091464908,17117,0,158,42,0.49524480450863,0.458711328215864,0.38260971109676,1.00301770390572,5.83125329041942,6.61853933334351
1.5,15000,1e-04,"constant",1,0,476,157.216164328629,NA,1,1,1,1,200,9613.5981305134,20000.5479452055,0,200,0,0,0,0,0,0,19870.7812347984,0,0,0,200,NA,NA,0,0,NA,6.70374512672424
1.5,15000,1e-04,"constant",2,0,477,157.216164328629,NA,1,1,1,1,200,9613.7578708016,20000.5479452055,0,200,0,0,0,0,0,0,19870.7812347984,0,0,0,200,NA,NA,0,0,NA,5.89792442321777
1.5,15000,1e-04,"constant",3,0,478,157.216164328629,NA,1,1,1,1,200,9613.03024190455,20000.5479452055,0,200,0,0,0,0,0,0,19870.7812347984,0,0,0,200,NA,NA,0,0,NA,6.56990957260132
1.5,15000,1e-04,"constant",4,0,479,157.216164328629,NA,1,1,1,1,200,9613.26290121089,20000.5479452055,0,200,0,0,0,0,0,0,19870.7812347984,0,0,0,200,NA,NA,0,0,NA,6.47479438781738
1.5,15000,1e-04,"constant",5,0,480,157.216164328629,NA,1,1,1,1,200,9613.94219878363,20000.5479452055,0,200,0,0,0,0,0,0,19870.7812347984,0,0,0,200,NA,NA,0,0,NA,6.35461473464966
1.5,15000,2e-04,"seasonal",1,0.4,481,157.216164328629,NA,0.93843433236535,0.985,0.725,1,200,10513.856737987,18637.3287671233,1363.21917808219,12277,12077,5847,1150,5015,65,4924,14624.0003753211,12077,0,156,44,0.486763236763237,0.186536901865369,0.336706774728313,0.648000588008306,8.85917700849118,6.38454246520996
1.5,15000,2e-04,"seasonal",2,0.4,482,157.216164328629,NA,0.940944057859843,0.985,0.74,1,200,10507.017971618,18683.0301369863,1317.51780821918,12123,11923,5822,1145,4903,53,4805,14733.8858393615,11923,0,151,49,0.490480202190396,0.189318783068783,0.32611899212382,0.638172711416675,9.04959304961177,6.27308201789856
1.5,15000,2e-04,"seasonal",3,0.4,483,157.216164328629,NA,0.939412908881705,0.98,0.735,1,200,10511.7667075777,18664.3424657534,1336.20547945206,12065,11865,5738,1149,4914,64,4827,14707.5952456316,11865,0,151,49,0.486229980510126,0.18951014349332,0.328197772605532,0.635704152009142,8.87962232041253,6.31385898590088
1.5,15000,2e-04,"seasonal",4,0.4,484,157.216164328629,NA,0.939646868664731,0.985,0.74,1,200,10511.6905643526,18679.5260273973,1321.02191780822,12048,11848,5732,1138,4914,64,4821,14725.5375620123,11848,0,157,43,0.486422267481331,0.188037012557832,0.327390424946986,0.634277335657368,8.96881409784455,5.70380473136902
1.5,15000,2e-04,"seasonal",5,0.4,485,157.216164328629,NA,0.939328529943565,0.985,0.73,1,200,10511.944431812,18686.7397260274,1313.80821917808,12110,11910,5807,1143,4908,52,4794,14734.7275995394,11910,0,166,34,0.489711587114184,0.188894397620228,0.325353826028644,0.637350344394824,9.06525003127998,6.06349539756775
1.5,15000,2e-04,"constant",1,0,486,157.216164328629,NA,1,1,1,1,200,9609.60730453126,20000.5479452055,0,200,0,0,0,0,0,0,19870.7812347984,0,0,0,200,NA,NA,0,0,NA,5.92860555648804
1.5,15000,2e-04,"constant",2,0,487,157.216164328629,NA,1,1,1,1,200,9608.40657114679,20000.5479452055,0,200,0,0,0,0,0,0,19870.7812347984,0,0,0,200,NA,NA,0,0,NA,4.98254132270813
1.5,15000,2e-04,"constant",3,0,488,157.216164328629,NA,1,1,1,1,200,9609.4737008931,20000.5479452055,0,200,0,0,0,0,0,0,19870.7812347984,0,0,0,200,NA,NA,0,0,NA,4.75445103645325
1.5,15000,2e-04,"constant",4,0,489,157.216164328629,NA,1,1,1,1,200,9608.526201578,20000.5479452055,0,200,0,0,0,0,0,0,19870.7812347984,0,0,0,200,NA,NA,0,0,NA,4.6672899723053
1.5,15000,2e-04,"constant",5,0,490,157.216164328629,NA,1,1,1,1,200,9610.12366747028,20000.5479452055,0,200,0,0,0,0,0,0,19870.7812347984,0,0,0,200,NA,NA,0,0,NA,5.60420203208923
1.5,30000,1e-05,"seasonal",1,0.4,491,157.216164328629,NA,0.859322502876555,0.87,0.735,0.95,182,21772.459889869,16830.4739726027,3170.07397260274,6966,6766,3112,1927,1703,24,1622,14627.1310718974,6784,0,123,77,0.461584099673687,0.530853994490358,0.110889824670833,0.40307836909663,2.13433505289622,5.14497327804565
1.5,30000,1e-05,"seasonal",2,0.4,492,157.216164328629,NA,0.831070352309462,0.845,0.67,0.94,164,22023.9115467646,16457.6630136986,3542.88493150685,7556,7356,3507,2029,1795,25,1743,14142.1993646583,7392,0,113,87,0.478379484381394,0.530596234309623,0.123248156461137,0.449152470423488,2.0762740371789,5.60721111297607
1.5,30000,1e-05,"seasonal",3,0.4,493,157.216164328629,NA,0.843611308969372,0.855,0.725,0.93,177,21920.1750761602,16705.9561643836,3294.59178082192,7175,6975,3372,1848,1729,26,1649,14521.7023460622,6998,0,129,71,0.485249676212405,0.516634050880626,0.11355417985462,0.418892515408334,2.11710599188708,5.09273743629456
1.5,30000,1e-05,"seasonal",4,0.4,494,157.216164328629,NA,0.847522053586105,0.86,0.72,0.945,166,21882.0062889705,16480.8684931507,3519.6794520548,7483,7283,3478,2009,1765,31,1696,14191.9556292368,7317,0,134,66,0.479591836734694,0.53232644409115,0.119504319510842,0.443969321340128,2.06922252415576,5.02243828773499
1.5,30000,1e-05,"seasonal",5,0.4,495,157.216164328629,NA,0.841581831132541,0.855,0.725,0.925,173,21942.6703525834,16550.7123287671,3449.83561643835,7248,7048,3326,1952,1738,32,1662,14313.3174892417,7075,0,135,65,0.47405929304447,0.5289972899729,0.116115638547751,0.427474048213792,2.04299589418595,4.4212806224823
1.5,30000,1e-05,"constant",1,0,496,157.216164328629,NA,1,1,1,1,200,19219.9302303983,20000.5479452055,0,200,0,0,0,0,0,0,19870.7812347984,0,0,0,200,NA,NA,0,0,NA,4.3756206035614
1.5,30000,1e-05,"constant",2,0,497,157.216164328629,NA,1,1,1,1,200,19219.2098211057,20000.5479452055,0,200,0,0,0,0,0,0,19870.7812347984,0,0,0,200,NA,NA,0,0,NA,4.67951083183289
1.5,30000,1e-05,"constant",3,0,498,157.216164328629,NA,1,1,1,1,200,19216.567513013,20000.5479452055,0,200,0,0,0,0,0,0,19870.7812347984,0,0,0,200,NA,NA,0,0,NA,4.71965956687927
1.5,30000,1e-05,"constant",4,0,499,157.216164328629,NA,1,1,1,1,200,19218.4619924936,20000.5479452055,0,200,0,0,0,0,0,0,19870.7812347984,0,0,0,200,NA,NA,0,0,NA,4.85766649246216
1.5,30000,1e-05,"constant",5,0,500,157.216164328629,NA,1,1,1,1,200,19218.7209402225,20000.5479452055,0,200,0,0,0,0,0,0,19870.7812347984,0,0,0,200,NA,NA,0,0,NA,4.64735388755798
1.5,30000,2e-05,"seasonal",1,0.4,501,157.216164328629,NA,0.923854309352912,0.945,0.8,0.99,192,21154.2449063065,18243.6219178082,1756.92602739726,7291,7091,3197,1871,1987,36,1907,15877.5824095481,7099,0,124,76,0.453153791637137,0.484966303784344,0.120106446360071,0.389122293368206,4.03602649708862,4.37358069419861
1.5,30000,2e-05,"seasonal",2,0.4,502,157.216164328629,NA,0.919787682866692,0.94,0.795,0.99,192,21185.042008931,18182.5643835616,1817.98356164384,7504,7304,3374,1890,2012,28,1925,15791.0552029486,7312,0,123,77,0.463716327652556,0.48436699128652,0.121904456368473,0.402143495590236,4.01763808765997,4.15910315513611
1.5,30000,2e-05,"seasonal",3,0.4,503,157.216164328629,NA,0.922908059832338,0.945,0.795,0.99,191,21156.3471554983,18199.5589041096,1800.98904109589,7459,7259,3367,1879,1988,25,1890,15825.4557512617,7268,0,132,68,0.465440973182195,0.485906387380398,0.119427840165003,0.399350338010601,4.03056311524414,4.10278487205505
1.5,30000,2e-05,"seasonal",4,0.4,504,157.216164328629,NA,0.916575256150348,0.935,0.785,0.99,191,21199.4008369404,18180.7095890411,1819.83835616438,7504,7304,3378,1916,1974,36,1894,15801.7537505095,7313,0,125,75,0.464777105118327,0.49254498714653,0.119860113624346,0.4022395255908,4.01354327721415,4.42268204689026
1.5,30000,2e-05,"seasonal",5,0.4,505,157.216164328629,NA,0.914230453125856,0.935,0.785,0.99,194,21220.228352419,18043.501369863,1957.04657534247,7867,7667,3541,2053,2036,37,1943,15555.7098146981,7673,0,136,64,0.464089121887287,0.502078747860113,0.124905904207863,0.425250057775136,3.91763798399041,4.4223964214325
1.5,30000,2e-05,"constant",1,0,506,157.216164328629,NA,1,1,1,1,200,19217.1137625336,20000.5479452055,0,200,0,0,0,0,0,0,19870.7812347984,0,0,0,200,NA,NA,0,0,NA,4.40560483932495
1.5,30000,2e-05,"constant",2,0,507,157.216164328629,NA,1,1,1,1,200,19218.4714969043,20000.5479452055,0,200,0,0,0,0,0,0,19870.7812347984,0,0,0,200,NA,NA,0,0,NA,4.26708889007568
1.5,30000,2e-05,"constant",3,0,508,157.216164328629,NA,1,1,1,1,200,19217.6784072106,20000.5479452055,0,200,0,0,0,0,0,0,19870.7812347984,0,0,0,200,NA,NA,0,0,NA,4.2574634552002
1.5,30000,2e-05,"constant",4,0,509,157.216164328629,NA,1,1,1,1,200,19218.5700068489,20000.5479452055,0,200,0,0,0,0,0,0,19870.7812347984,0,0,0,200,NA,NA,0,0,NA,4.31457567214966
1.5,30000,2e-05,"constant",5,0,510,157.216164328629,NA,1,1,1,1,200,19217.4492625062,20000.5479452055,0,200,0,0,0,0,0,0,19870.7812347984,0,0,0,200,NA,NA,0,0,NA,4.27024817466736
1.5,30000,3e-05,"seasonal",1,0.4,511,157.216164328629,NA,0.938820612569174,0.96,0.815,1,198,20997.5347756287,18718.2602739726,1282.28767123288,6791,6591,2922,1567,2077,25,1987,16439.4017193842,6593,0,117,83,0.445019798964362,0.430021953896817,0.120868145563781,0.352222904452688,5.14003226254447,4.15809035301208
1.5,30000,3e-05,"seasonal",2,0.4,512,157.216164328629,NA,0.945587639033478,0.97,0.825,1,199,20959.8778288861,18738.1342465753,1262.41369863013,6606,6406,2843,1498,2033,32,1942,16517.6648332778,6407,0,124,76,0.446030749921556,0.424242424242424,0.117571098554288,0.341923049311645,5.07440627977283,4.27616572380066
1.5,30000,3e-05,"seasonal",3,0.4,513,157.216164328629,NA,0.944959728234069,0.965,0.83,1,198,20973.5595808449,18772.4684931507,1228.07945205479,6651,6451,2896,1476,2049,30,1964,16551.8156341837,6453,0,117,83,0.451020090328609,0.418723404255319,0.118657677405725,0.343748079926433,5.25291746328492,4.10982990264893
1.5,30000,3e-05,"seasonal",4,0.4,514,157.216164328629,NA,0.941270341351159,0.965,0.815,1,196,21001.5900041094,18668.504109589,1332.04383561644,7139,6939,3121,1583,2198,37,2114,16296.7520211549,6943,0,125,75,0.452187771660388,0.418672308912986,0.1297190996866,0.371909819835738,5.20928802375997,4.09931039810181
1.5,30000,3e-05,"seasonal",5,0.4,515,157.216164328629,NA,0.938112706153088,0.96,0.805,1,198,21020.3604536738,18612.197260274,1388.35068493151,7338,7138,3238,1680,2178,42,2082,16207.1351680789,7140,0,140,60,0.456313416009019,0.435458786936236,0.128461938424543,0.383619402919164,5.14135230923458,4.32221150398254
1.5,30000,3e-05,"constant",1,0,516,157.216164328629,NA,1,1,1,1,200,19216.7740669004,20000.5479452055,0,200,0,0,0,0,0,0,19870.7812347984,0,0,0,200,NA,NA,0,0,NA,4.02652978897095
1.5,30000,3e-05,"constant",2,0,517,157.216164328629,NA,1,1,1,1,200,19217.286892773,20000.5479452055,0,200,0,0,0,0,0,0,19870.7812347984,0,0,0,200,NA,NA,0,0,NA,3.9803032875061
1.5,30000,3e-05,"constant",3,0,518,157.216164328629,NA,1,1,1,1,200,19216.9778198455,20000.5479452055,0,200,0,0,0,0,0,0,19870.7812347984,0,0,0,200,NA,NA,0,0,NA,10.6704835891724
1.5,30000,3e-05,"constant",4,0,519,157.216164328629,NA,1,1,1,1,200,19218.8876664292,20000.5479452055,0,200,0,0,0,0,0,0,19870.7812347984,0,0,0,200,NA,NA,0,0,NA,7.59811305999756
1.5,30000,3e-05,"constant",5,0,520,157.216164328629,NA,1,1,1,1,200,19215.505794477,20000.5479452055,0,200,0,0,0,0,0,0,19870.7812347984,0,0,0,200,NA,NA,0,0,NA,6.0869562625885
1.5,30000,5e-05,"seasonal",1,0.4,521,157.216164328629,NA,0.965532299600022,0.985,0.855,1,200,20829.606595529,19240.0164383562,760.531506849315,5373,5173,2311,843,1994,25,1896,17367.7588644195,5173,0,123,77,0.448912198912199,0.297144871342968,0.109167798493808,0.268866714151413,6.80182208549177,5.75864458084106
1.5,30000,5e-05,"seasonal",2,0.4,522,157.216164328629,NA,0.96770971453619,0.985,0.87,1,200,20818.9562092488,19228.301369863,772.246575342466,5398,5198,2310,854,2003,31,1908,17348.7151781758,5198,0,126,74,0.447067931101219,0.298914945747287,0.109979325869631,0.270330691204318,6.73101074963636,6.23304152488708
1.5,30000,5e-05,"seasonal",3,0.4,523,157.216164328629,NA,0.967934907676292,0.985,0.865,1,200,20817.4413549942,19232.7945205479,767.753424657534,5442,5242,2336,822,2056,28,1969,17335.9843513935,5242,0,115,85,0.448024549290372,0.285615010423905,0.113578782726678,0.272555295820353,6.82771295007672,5.96459031105042
1.5,30000,5e-05,"seasonal",4,0.4,524,157.216164328629,NA,0.965106569503041,0.985,0.86,1,200,20839.8129628513,19190.1863013699,810.361643835615,5673,5473,2433,913,2108,19,1987,17214.7809139816,5473,0,140,60,0.446094609460946,0.302217808672625,0.115424065512573,0.285197856552821,6.75377473950411,7.32204389572144
1.5,30000,5e-05,"seasonal",5,0.4,525,157.216164328629,NA,0.967489726590324,0.99,0.865,1,200,20822.1324650704,19192.1945205479,808.353424657533,5639,5439,2409,889,2113,28,2015,17225.5654052601,5439,0,126,74,0.445204213638884,0.296135909393738,0.116977292332285,0.283396460690141,6.72849255547385,8.76031088829041
1.5,30000,5e-05,"constant",1,0,526,157.216164328629,NA,1,1,1,1,200,19216.0090258068,20000.5479452055,0,200,0,0,0,0,0,0,19870.7812347984,0,0,0,200,NA,NA,0,0,NA,5.78395485877991
1.5,30000,5e-05,"constant",2,0,527,157.216164328629,NA,1,1,1,1,200,19214.7293222289,20000.5479452055,0,200,0,0,0,0,0,0,19870.7812347984,0,0,0,200,NA,NA,0,0,NA,5.50434279441833
1.5,30000,5e-05,"constant",3,0,528,157.216164328629,NA,1,1,1,1,200,19215.4779655909,20000.5479452055,0,200,0,0,0,0,0,0,19870.7812347984,0,0,0,200,NA,NA,0,0,NA,6.48279452323914
1.5,30000,5e-05,"constant",4,0,529,157.216164328629,NA,1,1,1,1,200,19215.1032976275,20000.5479452055,0,200,0,0,0,0,0,0,19870.7812347984,0,0,0,200,NA,NA,0,0,NA,6.34839963912964
1.5,30000,5e-05,"constant",5,0,530,157.216164328629,NA,1,1,1,1,200,19215.338029971,20000.5479452055,0,200,0,0,0,0,0,0,19870.7812347984,0,0,0,200,NA,NA,0,0,NA,8.11281108856201
1.5,30000,8e-05,"seasonal",1,0.4,531,157.216164328629,NA,0.982722864500575,1,0.905,1,200,20723.8769842748,19533.7726027397,466.775342465753,4202,4002,1723,350,1910,19,1796,17978.8916840643,4002,0,133,67,0.432588501129802,0.154867256637168,0.099894922977477,0.20487593878505,8.57371766653168,7.26211190223694
1.5,30000,8e-05,"seasonal",2,0.4,532,157.216164328629,NA,0.979938633499534,0.995,0.9,1,200,20748.3885102186,19518.501369863,482.046575342465,4334,4134,1789,358,1968,19,1869,17916.061081341,4134,0,118,82,0.434750911300122,0.153912295786758,0.10431980509078,0.211799047563302,8.5759347985473,7.44830012321472
1.5,30000,8e-05,"seasonal",3,0.4,533,157.216164328629,NA,0.981291710043285,1,0.9,1,200,20736.6200638321,19526.3506849315,474.197260273973,4172,3972,1685,367,1901,19,1793,17967.3943491039,3972,0,127,73,0.426258537819378,0.161816578483245,0.0997918766161784,0.20341742623035,8.37626096301174,6.78057384490967
1.5,30000,8e-05,"seasonal",4,0.4,534,157.216164328629,NA,0.980402991616898,0.995,0.9,1,200,20736.8695257794,19517.1150684931,483.43287671233,4336,4136,1825,394,1896,21,1787,17944.1329627257,4136,0,130,70,0.443499392466586,0.172052401746725,0.0995868679591281,0.211916565818522,8.55547936277647,6.58302474021912
1.5,30000,8e-05,"seasonal",5,0.4,535,157.216164328629,NA,0.981353076543751,0.995,0.9,1,200,20730.2716566216,19550.1589041096,450.389041095888,4101,3901,1674,322,1888,17,1781,18023.7210407887,3901,0,124,76,0.430998970133883,0.145701357466063,0.0988142235429355,0.199538020081258,8.6614007980924,6.2038459777832
1.5,30000,8e-05,"constant",1,0,536,157.216164328629,NA,1,1,1,1,200,19212.3412708893,20000.5479452055,0,200,0,0,0,0,0,0,19870.7812347984,0,0,0,200,NA,NA,0,0,NA,5.89852905273438
1.5,30000,8e-05,"constant",2,0,537,157.216164328629,NA,1,1,1,1,200,19211.7909035121,20000.5479452055,0,200,0,0,0,0,0,0,19870.7812347984,0,0,0,200,NA,NA,0,0,NA,6.12397575378418
1.5,30000,8e-05,"constant",3,0,538,157.216164328629,NA,1,1,1,1,200,19213.6238885541,20000.5479452055,0,200,0,0,0,0,0,0,19870.7812347984,0,0,0,200,NA,NA,0,0,NA,7.04331183433533
1.5,30000,8e-05,"constant",4,0,539,157.216164328629,NA,1,1,1,1,200,19212.305044929,20000.5479452055,0,200,0,0,0,0,0,0,19870.7812347984,0,0,0,200,NA,NA,0,0,NA,7.13026762008667
1.5,30000,8e-05,"constant",5,0,540,157.216164328629,NA,1,1,1,1,200,19212.5804161416,20000.5479452055,0,200,0,0,0,0,0,0,19870.7812347984,0,0,0,200,NA,NA,0,0,NA,7.22835612297058
1.5,30000,1e-04,"seasonal",1,0.4,541,157.216164328629,NA,0.983166949756178,1,0.905,1,200,20725.059845214,19590.1232876712,410.424657534248,4072,3872,1665,248,1934,25,1834,18067.1235309471,3872,0,125,75,0.432804782947751,0.113657195233731,0.101510348166854,0.197650619301451,9.43413103701476,6.01996898651123
1.5,30000,1e-04,"seasonal",2,0.4,542,157.216164328629,NA,0.984590707358501,1,0.91,1,200,20714.19346255,19610.6547945205,389.893150684929,3907,3707,1558,201,1926,22,1830,18123.8052412114,3707,0,118,82,0.422795115332429,0.0944992947813822,0.100972173097446,0.189029894148959,9.50773306350182,6.56668329238892
1.5,30000,1e-04,"seasonal",3,0.4,543,157.216164328629,NA,0.984152649169909,1,0.91,1,200,20718.7561736343,19617.9726027397,382.575342465752,3758,3558,1479,215,1844,20,1760,18176.6903063115,3558,0,104,96,0.418032786885246,0.104419621175328,0.0968273085111032,0.181364306702269,9.30012890289318,6.48507404327393
1.5,30000,1e-04,"seasonal",4,0.4,544,157.216164328629,NA,0.983416799079503,1,0.905,1,200,20720.4676902635,19594.9643835616,405.583561643834,3972,3772,1576,234,1945,17,1838,18076.874514624,3772,0,124,76,0.419707057256991,0.107388710417623,0.101676868891969,0.192498436137213,9.30017968359478,6.38865566253662
1.5,30000,1e-04,"seasonal",5,0.4,545,157.216164328629,NA,0.984611254177853,1,0.91,1,200,20717.4495915292,19632.4821917808,368.065753424657,3607,3407,1372,196,1819,20,1710,18220.7867784338,3407,0,129,71,0.405078240330676,0.0972704714640198,0.0938488562976854,0.173538932403889,9.25649824331569,5.69516634941101
1.5,30000,1e-04,"constant",1,0,546,157.216164328629,NA,1,1,1,1,200,19212.2150810914,20000.5479452055,0,200,0,0,0,0,0,0,19870.7812347984,0,0,0,200,NA,NA,0,0,NA,5.94098877906799
1.5,30000,1e-04,"constant",2,0,547,157.216164328629,NA,1,1,1,1,200,19211.7795046847,20000.5479452055,0,200,0,0,0,0,0,0,19870.7812347984,0,0,0,200,NA,NA,0,0,NA,5.95551681518555
1.5,30000,1e-04,"constant",3,0,548,157.216164328629,NA,1,1,1,1,200,19210.4259659745,20000.5479452055,0,200,0,0,0,0,0,0,19870.7812347984,0,0,0,200,NA,NA,0,0,NA,7.94962811470032
1.5,30000,1e-04,"constant",4,0,549,157.216164328629,NA,1,1,1,1,200,19209.842416032,20000.5479452055,0,200,0,0,0,0,0,0,19870.7812347984,0,0,0,200,NA,NA,0,0,NA,6.14833188056946
1.5,30000,1e-04,"constant",5,0,550,157.216164328629,NA,1,1,1,1,200,19210.1149956167,20000.5479452055,0,200,0,0,0,0,0,0,19870.7812347984,0,0,0,200,NA,NA,0,0,NA,6.5834584236145
1.5,30000,2e-04,"seasonal",1,0.4,551,157.216164328629,NA,0.989738370500247,1,0.925,1,200,20659.599289628,19753.0739726027,247.47397260274,3261,3061,1261,47,1737,16,1626,18479.633188624,3061,0,127,73,0.414121510673235,0.0263452914798206,0.0879887594847368,0.154963222648058,12.3689775042069,6.54159688949585
1.5,30000,2e-04,"seasonal",2,0.4,552,157.216164328629,NA,0.990298613774588,1,0.93,1,200,20648.7579053203,19747.3534246575,253.194520547946,3194,2994,1232,41,1706,15,1600,18495.8786849592,2994,0,121,79,0.413561597851628,0.023468803663423,0.0865057577016397,0.151615253731244,11.8249004501385,6.2897801399231
1.5,30000,2e-04,"seasonal",3,0.4,553,157.216164328629,NA,0.990244644129089,1,0.935,1,200,20657.1748216536,19755.1616438356,245.386301369861,3314,3114,1349,47,1708,10,1591,18495.4192246468,3114,0,127,73,0.434600515463918,0.0267806267806268,0.0860212996891605,0.15762968970551,12.6901949400443,6.70715308189392
1.5,30000,2e-04,"seasonal",4,0.4,554,157.216164328629,NA,0.990401073913758,1,0.925,1,200,20653.6797433017,19759.8,240.747945205479,3210,3010,1261,43,1690,16,1583,18516.1001546492,3010,0,123,77,0.421175684702739,0.0248124639353722,0.0854931646933505,0.152329477018998,12.5027027642165,6.49819231033325
1.5,30000,2e-04,"seasonal",5,0.4,555,157.216164328629,NA,0.990476686208975,1,0.93,1,200,20649.8787803408,19764.0876712329,236.460273972603,3142,2942,1239,34,1658,11,1549,18544.993039987,2942,0,120,80,0.422722620266121,0.0200945626477541,0.0835265883713205,0.148855846469562,12.4418362144876,5.81241631507874
1.5,30000,2e-04,"constant",1,0,556,157.216164328629,NA,1,1,1,1,200,19201.0811687031,20000.5479452055,0,200,0,0,0,0,0,0,19870.7812347984,0,0,0,200,NA,NA,0,0,NA,5.60975742340088
1.5,30000,2e-04,"constant",2,0,557,157.216164328629,NA,1,1,1,1,200,19201.8245271492,20000.5479452055,0,200,0,0,0,0,0,0,19870.7812347984,0,0,0,200,NA,NA,0,0,NA,5.44344520568848
1.5,30000,2e-04,"constant",3,0,558,157.216164328629,NA,1,1,1,1,200,19202.2954665498,20000.5479452055,0,200,0,0,0,0,0,0,19870.7812347984,0,0,0,200,NA,NA,0,0,NA,6.30515646934509
1.5,30000,2e-04,"constant",4,0,559,157.216164328629,NA,1,1,1,1,200,19199.7921234453,20000.5479452055,0,200,0,0,0,0,0,0,19870.7812347984,0,0,0,200,NA,NA,0,0,NA,6.30098485946655
1.5,30000,2e-04,"constant",5,0,560,157.216164328629,NA,1,1,1,1,200,19201.0038425292,20000.5479452055,0,200,0,0,0,0,0,0,19870.7812347984,0,0,0,200,NA,NA,0,0,NA,5.95486640930176
2,1000,1e-05,"seasonal",1,0.4,561,126.657110583864,520,0,0,0,0,0,1000,45.3506849315068,239.580821917808,200,0,0,0,0,0,5,3.20019635786581,200,0,195,5,NA,NA,1.56240412801872,4.41007672325258,0,4.49867510795593
2,1000,1e-05,"seasonal",2,0.4,562,126.657110583864,543,0,0,0,0,0,1000,45.9342465753425,251.6,200,0,0,0,0,0,6,2.75366028697321,200,0,194,6,NA,NA,2.17891801264822,4.35404986281761,0,3.57630515098572
2,1000,1e-05,"seasonal",3,0.4,563,126.657110583864,565,0,0,0,0,0,1000,48.158904109589,261.430136986301,201,1,0,1,0,0,7,4.64958996950528,201,0,193,7,0,1,1.50550909777208,4.17368301285698,0.00382511370543481,4.21881461143494
2,1000,1e-05,"seasonal",4,0.4,564,126.657110583864,497,0,0,0,0,0,1000,46.986301369863,225.342465753425,201,1,1,0,0,0,8,3.75099910409214,201,0,192,8,1,NA,2.13276510550814,4.27784256559767,0.00443768996960486,3.00102114677429
2,1000,1e-05,"seasonal",5,0.4,565,126.657110583864,542,0,0,0,0,0,1000,50.4958904109589,246.490410958904,200,0,0,0,0,0,11,6.01961006949656,200,0,189,11,NA,NA,1.82736088766626,3.96071835494547,0,6.38028717041016
2,1000,1e-05,"constant",1,0,566,126.657110583864,2049,0,0,0,0,0,1000,252.219178082192,870.520547945205,211,11,4,4,3,0,113,168.686629468589,211,0,90,110,0.363636363636364,0.571428571428571,0.669881189493098,0.836573973495546,0.0126361175804117,3.43584322929382
2,1000,1e-05,"constant",2,0,567,126.657110583864,3254,0,0,0,0,0,1000,265.715068493151,1517.29863013699,215,15,5,10,0,0,111,182.607098870648,215,0,89,111,0.333333333333333,1,0.607862458176547,0.809137401274411,0.00988599060334336,3.03013849258423
2,1000,1e-05,"constant",3,0,568,126.657110583864,3436,0,0,0,0,0,1000,259.830136986301,1622.9095890411,213,13,7,4,2,0,108,177.44807694634,213,0,94,106,0.538461538461538,0.666666666666667,0.608628742889443,0.819766338387566,0.00801030450974235,3.56559538841248
2,1000,1e-05,"constant",4,0,569,126.657110583864,2636,0,0,0,0,0,1000,224.632876712329,1219.75068493151,213,13,5,8,0,0,105,143.105493378196,213,0,95,105,0.384615384615385,1,0.733724454046698,0.948213828347014,0.0106579157204818,3.40900993347168
2,1000,1e-05,"constant",5,0,570,126.657110583864,2168,0,0,0,0,0,1000,211.498630136986,976.446575342466,218,18,11,5,2,0,92,134.340599286101,218,0,110,90,0.611111111111111,0.714285714285714,0.684826482008396,1.03073953651049,0.0184341882644086,3.6747133731842
2,1000,2e-05,"seasonal",1,0.4,571,126.657110583864,470,0,0,0,0,0,1000,48.1013698630137,209.432876712329,202,2,1,1,0,0,7,2.79205572292994,202,0,193,7,0.5,1,2.50711328664111,4.19946460101384,0.00954959904765642,3.54989051818848
2,1000,2e-05,"seasonal",2,0.4,572,126.657110583864,555,0,0,0,0,0,1000,45.1972602739726,258.912328767123,200,0,0,0,0,0,6,3.5700986431376,200,0,194,6,NA,NA,1.68062583131509,4.42504697823847,0,4.3470733165741
2,1000,2e-05,"seasonal",3,0.4,573,126.657110583864,802,0,0,0,0,0,1000,49.4438356164384,390.008219178082,200,0,0,0,0,0,6,5.25229042395952,200,0,194,6,NA,NA,1.14235876459337,4.04499362774976,0,4.01975345611572
2,1000,2e-05,"seasonal",4,0.4,574,126.657110583864,850,0,0,0,0,0,1000,53.3835616438356,412.369863013699,202,2,1,1,0,0,13,7.31831874962918,202,0,187,13,0.5,1,1.77636427774599,3.78393636130357,0.00485001494867621,3.26945185661316
2,1000,2e-05,"seasonal",5,0.4,575,126.657110583864,560,0,0,0,0,0,1000,45.0684931506849,261.780821917808,201,1,0,1,0,0,5,2.93718265923567,201,0,195,5,0,1,1.70231156182201,4.45987841945289,0.00381998953427525,2.95957112312317
2,1000,2e-05,"constant",1,0,576,126.657110583864,4086,0,0,0,0,0,1000,299.731506849315,1939.17260273973,252,52,21,22,9,0,115,209.519584724064,252,0,94,106,0.403846153846154,0.709677419354839,0.548874703772701,0.840752454251293,0.0268155603717445,2.95501136779785
2,1000,2e-05,"constant",2,0,577,126.657110583864,3084,0,0,0,0,0,1000,256.054794520548,1433.80821917808,222,22,13,9,0,0,114,170.694887918244,222,0,86,114,0.590909090909091,1,0.667858313686589,0.867001925957629,0.0153437535827569,3.06312918663025
2,1000,2e-05,"constant",3,0,578,126.657110583864,2064,0,0,0,0,0,1000,210.13698630137,920.821917808219,221,21,6,13,2,0,97,128.066823041227,221,0,105,95,0.285714285714286,0.866666666666667,0.757417086615588,1.05169491525424,0.02280571258554,4.10247182846069
2,1000,2e-05,"constant",4,0,579,126.657110583864,2129,0,0,0,0,0,1000,219.246575342466,947.328767123288,229,29,12,12,5,0,98,135.401108888142,229,0,107,93,0.413793103448276,0.705882352941177,0.723775460959923,1.04448609809435,0.0306123924517388,3.84920048713684
2,1000,2e-05,"constant",5,0,580,126.657110583864,3865,0,0,0,0,0,1000,224.953424657534,1892.85479452055,227,27,13,10,4,0,98,143.34083491554,227,0,106,94,0.481481481481481,0.714285714285714,0.683685148462713,1.00909777366395,0.0142641686399611,3.60867309570312
2,1000,3e-05,"seasonal",1,0.4,581,126.657110583864,776,0,0,0,0,0,1000,45.5095890410959,379.695890410959,201,1,0,0,1,0,4,3.63851325067621,201,0,197,3,0,0,1.09935012583962,4.41665161639877,0.00263368665622813,4.53540086746216
2,1000,3e-05,"seasonal",2,0.4,582,126.657110583864,835,0,0,0,0,0,1000,50.3095890410959,407.224657534247,200,0,0,0,0,0,9,6.50446303319955,200,0,191,9,NA,NA,1.38366533164428,3.97538528562871,0,3.45288634300232
2,1000,3e-05,"seasonal",3,0.4,583,126.657110583864,519,0,0,0,0,0,1000,52.0082191780822,232.375342465753,204,4,2,1,1,0,13,7.07722285921822,204,0,188,12,0.5,0.5,1.8368787105619,3.9224569351525,0.0172135303064244,5.24868822097778
2,1000,3e-05,"seasonal",4,0.4,584,126.657110583864,204,0,0,0,0,0,1000,41.1753424657534,70.6054794520548,201,1,1,0,0,0,1,0.038395435956723,201,0,199,1,1,NA,26.0447622245295,4.8815623128618,0.0141632067052113,3.75691890716553
2,1000,3e-05,"seasonal",5,0.4,585,126.657110583864,512,0,0,0,0,0,1000,43.5945205479452,236.953424657534,200,0,0,0,0,0,4,2.00563653834744,200,0,196,4,NA,NA,1.99437930229165,4.587732528909,0,4.3115828037262
2,1000,3e-05,"constant",1,0,586,126.657110583864,2531,0,0,0,0,0,1000,240.597260273973,1146.25205479452,242,42,16,23,3,0,108,152.872734480586,242,0,95,105,0.380952380952381,0.884615384615385,0.706469995234599,1.00583023981416,0.0366411556902544,2.79588437080383
2,1000,3e-05,"constant",2,0,587,126.657110583864,3721,0,0,0,0,0,1000,242.115068493151,1796.78904109589,245,45,21,17,7,0,111,154.883811199415,245,0,96,104,0.466666666666667,0.708333333333333,0.716666248979925,1.01191553885846,0.0250446763480669,3.34769439697266
2,1000,3e-05,"constant",3,0,588,126.657110583864,3112,0,0,0,0,0,1000,253.046575342466,1452.15890410959,237,37,15,17,5,0,114,164.059271479888,237,0,91,109,0.405405405405405,0.772727272727273,0.69487081694115,0.936586474957233,0.0254793052573589,4.96771144866943
2,1000,3e-05,"constant",4,0,589,126.657110583864,2786,0,0,0,0,0,1000,250.323287671233,1276.25205479452,264,64,26,33,5,0,109,158.66181484805,264,0,96,104,0.40625,0.868421052631579,0.686995797346634,1.05463619648017,0.0501468340517612,4.15999579429626
2,1000,3e-05,"constant",5,0,590,126.657110583864,4287,0,0,0,0,0,1000,310.690410958904,2038.35068493151,259,59,32,19,8,0,124,218.456924469593,259,0,84,116,0.542372881355932,0.703703703703704,0.567617622105908,0.833627272887603,0.0289449702821782,3.82393884658813
2,1000,5e-05,"seasonal",1,0.4,591,126.657110583864,837,0,0,0,0,0,1000,52.0794520547945,406.550684931507,205,5,3,1,1,0,9,6.44144933456941,205,0,192,8,0.6,0.5,1.39720108511909,3.93629333473618,0.0122985895371013,4.24257802963257
2,1000,5e-05,"seasonal",2,0.4,592,126.657110583864,450,0,0,0,0,0,1000,43.4575342465753,203.117808219178,201,1,0,1,0,0,2,1.4192566253381,201,0,198,2,0,1,1.40918841898909,4.62520489219518,0.0049232512341849,5.22210025787354
2,1000,5e-05,"seasonal",3,0.4,593,126.657110583864,1224,0,0,0,0,0,1000,52.7452054794521,617.939726027397,211,11,8,2,1,0,12,6.80869043696013,211,0,189,11,0.727272727272727,0.666666666666667,1.76245345725508,4.00036359858716,0.0178010889034707,3.50989937782288
2,1000,5e-05,"seasonal",4,0.4,594,126.657110583864,473,0,0,0,0,0,1000,46.372602739726,212.805479452055,203,3,2,1,0,0,6,2.78105754724719,203,0,194,6,0.666666666666667,1,2.15745265894949,4.37758478081059,0.0140973813631331,3.16433048248291
2,1000,5e-05,"seasonal",5,0.4,595,126.657110583864,783,0,0,0,0,0,1000,45.9479452054794,383.093150684932,203,3,2,1,0,0,4,2.67686941505977,203,0,196,4,0.666666666666667,1,1.49428282810377,4.41804305050385,0.00783099357071852,3.67636013031006
2,1000,5e-05,"constant",1,0,596,126.657110583864,2823,0,0,0,0,0,1000,242.208219178082,1304.64109589041,292,92,42,40,10,0,112,145.971521703865,292,0,98,102,0.456521739130435,0.8,0.767272949495013,1.20557428228853,0.0705174781706615,3.625239610672
2,1000,5e-05,"constant",2,0,597,126.657110583864,2565,0,0,0,0,0,1000,256.624657534247,1148.85479452055,296,96,39,49,8,0,114,159.111326274409,296,0,94,106,0.40625,0.859649122807018,0.716479478044144,1.15343553828415,0.0835614739633512,3.01011419296265
2,1000,5e-05,"constant",3,0,598,126.657110583864,2969,0,0,0,0,0,1000,265.054794520548,1361.79452054795,295,95,42,37,16,0,120,167.360876972341,295,0,96,104,0.442105263157895,0.69811320754717,0.717013451237065,1.11297741485348,0.0697608916518293,3.51914191246033
2,1000,5e-05,"constant",4,0,599,126.657110583864,2041,0,0,0,0,0,1000,243.539726027397,874.816438356164,289,89,36,40,13,0,112,146.601658690167,289,0,101,99,0.404494382022472,0.754716981132076,0.763974985008218,1.18666471673491,0.101735628296191,3.38854217529297
2,1000,5e-05,"constant",5,0,600,126.657110583864,3219,0,0,0,0,0,1000,293.284931506849,1470.55068493151,292,92,33,51,8,0,125,191.593950042536,292,0,83,117,0.358695652173913,0.864406779661017,0.652421435918247,0.995618828760661,0.0625615974632558,3.33939218521118
2,1000,8e-05,"seasonal",1,0.4,601,126.657110583864,1994,0,0,0,0,0,1000,48.7369863013699,1043.86575342466,212,12,9,3,0,0,4,7.20015708629264,212,0,196,4,0.75,1,0.555543434964083,4.34987913879364,0.0114957310943779,4.2924485206604
2,1000,8e-05,"seasonal",2,0.4,602,126.657110583864,537,0,0,0,0,0,1000,47.2602739726027,246.986301369863,202,2,1,1,0,0,6,3.81667398560335,202,0,194,6,0.5,1,1.572049387145,4.27420289855072,0.00809761508596783,3.25839877128601
2,1000,8e-05,"seasonal",3,0.4,603,126.657110583864,520,0,0,0,0,0,1000,46.5753424657534,238.356164383562,204,4,1,3,0,0,10,2.43600915408778,204,0,190,10,0.25,1,4.10507488578989,4.38,0.0167816091954023,2.6885974407196
2,1000,8e-05,"seasonal",4,0.4,604,126.657110583864,498,0,0,0,0,0,1000,42.4931506849315,230.383561643836,202,2,0,2,0,0,1,0.728806394860832,202,0,199,1,0,1,1.37210651148437,4.75370728562218,0.00868117493162088,2.96500205993652
2,1000,8e-05,"seasonal",5,0.4,605,126.657110583864,455,0,0,0,0,0,1000,44.9150684931507,204.4,203,3,3,0,0,0,3,1.15354247225373,203,0,197,3,1,NA,2.60068447600265,4.51964133219471,0.0146771037181996,2.98044157028198
2,1000,8e-05,"constant",1,0,606,126.657110583864,3778,0,0,0,0,0,1000,259.8,1810.33698630137,343,143,57,68,18,0,107,156.037078770657,343,0,111,89,0.398601398601399,0.790697674418605,0.68573444749801,1.32024634334103,0.0789908183294414,2.92337799072266
2,1000,8e-05,"constant",2,0,607,126.657110583864,3703,0,0,0,0,0,1000,262.652054794521,1766.38904109589,382,182,74,85,23,0,113,150.708547276808,382,0,110,90,0.406593406593407,0.787037037037037,0.749791581445288,1.4543956273209,0.10303505952861,2.76080441474915
2,1000,8e-05,"constant",3,0,608,126.657110583864,5059,0,0,0,0,0,1000,353.342465753425,2418.71232876712,420,220,92,101,27,0,136,230.071094358607,420,0,91,109,0.418181818181818,0.7890625,0.591121628638926,1.18864852291231,0.0909574889842892,3.36461710929871
2,1000,8e-05,"constant",4,0,609,126.657110583864,5637,0,0,0,0,0,1000,316.580821917808,2772.18630136986,399,199,86,91,22,0,117,202.505964637074,399,0,105,95,0.4321608040201,0.805309734513274,0.577760759835813,1.2603416643589,0.0717844972762707,3.16578054428101
2,1000,8e-05,"constant",5,0,610,126.657110583864,4464,0,0,0,0,0,1000,332.471232876712,2113.55616438356,413,213,86,93,34,0,128,211.643382925748,413,0,106,94,0.403755868544601,0.732283464566929,0.604790937616542,1.24221273650208,0.100778017442524,3.93527960777283
2,1000,1e-04,"seasonal",1,0.4,611,126.657110583864,583,0,0,0,0,0,1000,46.7095890410959,272.742465753425,204,4,4,0,0,0,8,3.23593061094145,204,0,192,8,1,NA,2.472240898167,4.36741157839169,0.0146658496649958,3.42520308494568
2,1000,1e-04,"seasonal",2,0.4,612,126.657110583864,561,0,0,0,0,0,1000,49.9835616438356,257.413698630137,209,9,6,2,1,0,9,4.33733974552831,209,0,192,8,0.666666666666667,0.666666666666667,2.07500461758357,4.18137469853102,0.0349631742517774,3.60035371780396
2,1000,1e-04,"seasonal",3,0.4,613,126.657110583864,479,0,0,0,0,0,1000,44.4630136986301,218.002739726027,206,6,4,2,0,0,5,2.28786759074252,206,0,195,5,0.666666666666667,1,2.18544115937115,4.63306426766899,0.0275225898882759,4.68606758117676
2,1000,1e-04,"seasonal",4,0.4,614,126.657110583864,224,0,0,0,0,0,1000,41.5260273972603,81.213698630137,200,0,0,0,0,0,5,0.265949782523341,200,0,195,5,NA,NA,18.8005417886032,4.81625651514152,0,3.37051177024841
2,1000,1e-04,"seasonal",5,0.4,615,126.657110583864,884,0,0,0,0,0,1000,48.7917808219178,435.591780821918,209,9,6,3,0,0,7,4.14822010649158,209,0,193,7,0.666666666666667,1,1.68747072727545,4.28350833848054,0.0206615468800121,2.47293186187744
2,1000,1e-04,"constant",1,0,616,126.657110583864,3232,0,0,0,0,0,1000,353.265753424658,1417.69315068493,471,271,111,129,31,0,132,220.394224943548,471,0,99,101,0.409594095940959,0.80625,0.598926764228104,1.33327387507562,0.191155610696907,2.45125198364258
2,1000,1e-04,"constant",2,0,617,126.657110583864,2556,0,0,0,0,0,1000,331.720547945205,1068.82739726027,473,273,113,129,31,0,129,201.199586580883,473,0,102,98,0.413919413919414,0.80625,0.641154398933824,1.42589900725152,0.255420099353536,3.50588893890381
2,1000,1e-04,"constant",3,0,618,126.657110583864,4452,0,0,0,0,0,1000,344.512328767123,2094.9397260274,477,277,121,126,30,0,140,212.772621307914,477,0,90,110,0.436823104693141,0.807692307692308,0.657979391988592,1.38456583457259,0.132223374524131,3.27694940567017
2,1000,1e-04,"constant",4,0,619,126.657110583864,3038,0,0,0,0,0,1000,326.252054794521,1338.40547945205,462,262,108,119,35,0,136,197.413560112032,462,0,99,101,0.412213740458015,0.772727272727273,0.688909110006527,1.41608303521943,0.195755325289959,2.34106230735779
2,1000,1e-04,"constant",5,0,620,126.657110583864,6565,0,0,0,0,0,1000,301.487671232877,3295.77260273973,445,245,104,110,31,0,130,175.369488866155,445,0,101,99,0.424489795918367,0.780141843971631,0.741292004900684,1.47601392183056,0.0743376529668143,2.39753389358521
2,1000,2e-04,"seasonal",1,0.4,621,126.657110583864,1292,0,0,0,0,0,1000,49.7397260273973,658.205479452055,222,22,15,6,1,0,8,5.487985405462,222,0,193,7,0.681818181818182,0.857142857142857,1.45772982414237,4.46323326907188,0.0334242127827842,2.45285701751709
2,1000,2e-04,"seasonal",2,0.4,622,126.657110583864,839,0,0,0,0,0,1000,52.5287671232877,407.197260273973,223,23,10,11,2,0,10,5.38943381162202,223,0,192,8,0.434782608695652,0.846153846153846,1.85548247729391,4.24529285975069,0.0564836806233053,4.00765562057495
2,1000,2e-04,"seasonal",3,0.4,623,126.657110583864,945,0,0,0,0,0,1000,57.0684931506849,460.739726027397,252,52,21,28,3,0,8,4.04962924107844,252,0,195,5,0.403846153846154,0.903225806451613,1.97548948897592,4.41574651944311,0.112861984896236,5.53805661201477
2,1000,2e-04,"seasonal",4,0.4,624,126.657110583864,1243,0,0,0,0,0,1000,56.1178082191781,624.978082191781,257,57,23,33,1,0,8,5.42771143285926,257,0,193,7,0.403508771929825,0.970588235294118,1.47391770895707,4.57965141824928,0.091203198358737,3.35539484024048
2,1000,2e-04,"seasonal",5,0.4,625,126.657110583864,1201,0,0,0,0,0,1000,52.2986301369863,605.783561643836,231,31,15,14,2,0,8,4.21127307669488,231,0,194,6,0.483870967741935,0.875,1.89966308389543,4.41694169416942,0.0511733925494435,4.85518741607666
2,1000,2e-04,"constant",1,0,626,126.657110583864,9029,0,0,0,0,0,1000,773.408219178082,4173.98904109589,1735,1535,645,704,186,0,287,396.849627105881,1735,0,99,101,0.420195439739414,0.791011235955056,0.723195841440031,2.24331725080944,0.367753720694241,3.36255240440369
2,1000,2e-04,"constant",2,0,627,126.657110583864,NA,0.110569557832448,0.105,0.05,0.21,20,930.739134567969,2289.3095890411,17711.2383561644,5830,5630,2340,2635,644,11,739,1125.55814226001,5810,0,96,104,0.416444207154298,0.803598658127478,0.656563150541614,2.53788304902597,0.31787726452456,3.08451223373413
2,1000,2e-04,"constant",3,0,628,126.657110583864,14472,0,0,0,0,0,1000,1397.86575342466,6531.99726027397,3300,3100,1315,1426,359,0,458,727.768671312015,3300,0,101,99,0.424193548387097,0.798879551820728,0.629320851602916,2.36074171780464,0.474586849393439,3.76430034637451
2,1000,2e-04,"constant",4,0,629,126.657110583864,8895,0,0,0,0,0,1000,994.093150684932,3879.87945205479,2210,2010,846,932,232,0,338,528.259849134194,2210,0,94,106,0.42089552238806,0.800687285223368,0.639836626906198,2.22313170398298,0.51805733266674,2.98904943466187
2,1000,2e-04,"constant",5,0,630,126.657110583864,16491,0,0,0,0,0,1000,1091.19726027397,7944.96712328767,2545,2345,1000,1067,278,0,376,564.253122275892,2545,0,102,98,0.426439232409382,0.793308550185874,0.666367601978735,2.33230057722195,0.29515540638633,4.6053683757782
2,2000,1e-05,"seasonal",1,0.4,631,126.657110583864,1225,0,0,0,0,0,2000,73.1479452054794,598.084931506849,205,5,2,3,0,0,16,20.7787105369514,205,0,184,16,0.4,1,0.770018908129392,2.8025394209521,0.00836001667422504,2.60110807418823
2,2000,1e-05,"seasonal",2,0.4,632,126.657110583864,1670,0,0,0,0,0,2000,72.4328767123288,842.635616438356,203,3,3,0,0,0,12,23.2443068753163,203,0,188,12,1,NA,0.516255445446003,2.80259474998109,0.00356025776916524,4.02222752571106
2,2000,1e-05,"seasonal",3,0.4,633,126.657110583864,1962,0,0,0,0,0,2000,85.9698630136986,989.098630136986,206,6,3,2,1,0,19,33.9075954749586,206,0,182,18,0.5,0.666666666666667,0.560346427809424,2.39618853373275,0.00606612911714277,4.19279742240906
2,2000,1e-05,"seasonal",4,0.4,634,126.657110583864,1674,0,0,0,0,0,2000,78.7397260273973,838.520547945205,207,7,2,4,1,0,19,26.0610201324928,207,0,182,18,0.285714285714286,0.8,0.72905818357858,2.62891440501044,0.00834803633274521,4.71648526191711
2,2000,1e-05,"seasonal",5,0.4,635,126.657110583864,2362,0,0,0,0,0,2000,65.386301369863,1228.8602739726,204,4,1,2,1,0,10,16.9921735376494,204,0,191,9,0.25,0.666666666666667,0.588506230697508,3.11991955082544,0.00325504866966607,4.91096329689026
2,2000,1e-05,"constant",1,0,636,126.657110583864,NA,0.088423921976878,0.08,0.05,0.13,12,1909.78956851679,3760.35342465753,16240.1945205479,856,656,261,270,123,2,256,3519.62140514257,844,0,57,143,0.399082568807339,0.687022900763359,0.0727350957764817,0.224446988005354,0.0403936048407545,4.27597832679749
2,2000,1e-05,"constant",2,0,637,126.657110583864,NA,0.0727121801545121,0.075,0.045,0.105,11,1925.57725330119,3687.66575342466,16312.8821917808,789,589,221,231,136,1,266,3453.78618141995,778,0,60,140,0.375850340136054,0.629427792915531,0.0770169275188426,0.210973567568451,0.0361064337420867,4.17758202552795
2,2000,1e-05,"constant",3,0,638,126.657110583864,NA,0.0998556243493507,0.105,0.065,0.135,15,1897.92371623473,3705.90684931507,16294.6410958904,874,674,268,274,131,1,252,3460.93373390969,859,0,65,135,0.398216939078752,0.676543209876543,0.0728127203161803,0.231792118617002,0.041363292142101,3.99700713157654
2,2000,1e-05,"constant",4,0,639,126.657110583864,NA,0.0697904224426059,0.075,0.015,0.14,3,1928.63761410334,3866.92602739726,16133.6219178082,831,631,242,238,151,0,294,3622.78426639695,828,0,54,146,0.38351822503962,0.611825192802057,0.0811530520122298,0.21412356847108,0.0391108706535081,5.33056473731995
2,2000,1e-05,"constant",5,0,640,126.657110583864,NA,0.0776954687414388,0.065,0.035,0.135,7,1920.56999205523,4071.39178082192,15929.1561643836,828,628,230,261,137,0,275,3828.06038965212,821,0,55,145,0.36624203821656,0.655778894472362,0.0718379471607528,0.201650944983305,0.0394245616980115,4.36308169364929
2,2000,2e-05,"seasonal",1,0.4,641,126.657110583864,2316,0,0,0,0,0,2000,79.1479452054794,1189.89315068493,220,20,6,13,1,0,14,25.6526045965448,220,0,187,13,0.3,0.928571428571429,0.54575354901333,2.7796046938281,0.0168082318891301,4.32641983032227
2,2000,2e-05,"seasonal",2,0.4,642,126.657110583864,1659,0,0,0,0,0,2000,57.8356164383562,851.205479452055,204,4,2,2,0,0,8,10.1866155424483,204,0,192,8,0.5,1,0.785344255573745,3.52723827569872,0.00469921786990248,3.72309422492981
2,2000,2e-05,"seasonal",3,0.4,643,126.657110583864,1920,0,0,0,0,0,2000,86.4876712328767,965.567123287671,221,21,8,12,1,0,23,31.2693963968676,221,0,178,22,0.380952380952381,0.923076923076923,0.735543459428721,2.55527749619868,0.0217488763789894,4.03892469406128
2,2000,2e-05,"seasonal",4,0.4,644,126.657110583864,2274,0,0,0,0,0,2000,73.5890410958904,1172.43835616438,210,10,5,3,2,0,13,21.869003681136,210,0,189,11,0.5,0.6,0.594448663027738,2.85368577810871,0.00852923307005655,3.4969322681427
2,2000,2e-05,"seasonal",5,0.4,645,126.657110583864,1596,0,0,0,0,0,2000,79.4465753424657,795.07397260274,206,6,3,3,0,0,17,28.8362840550999,206,0,183,17,0.5,1,0.589535044373841,2.59293744396165,0.00754646763289019,4.48060750961304
2,2000,2e-05,"constant",1,0,646,126.657110583864,NA,0.261442386718536,0.265,0.17,0.38,44,1730.92750315051,7184.40273972603,12816.1452054795,2252,2052,853,810,384,5,493,6636.96061850432,2208,0,52,148,0.416707376648754,0.678391959798995,0.0742809891963922,0.307332436667408,0.16011054549559,4.50923275947571
2,2000,2e-05,"constant",2,0,647,126.657110583864,NA,0.279737822585064,0.3,0.2,0.355,42,1712.60891129253,7163.24383561644,12837.304109589,2296,2096,885,805,405,1,500,6609.92261578409,2254,0,64,136,0.422434367541766,0.665289256198347,0.0756438507776219,0.314661911799353,0.163274156482307,4.39240860939026
2,2000,2e-05,"constant",3,0,648,126.657110583864,NA,0.310937208920059,0.305,0.245,0.405,80,1680.25309298121,7940.11780821918,12060.4301369863,2522,2322,920,907,488,7,569,7305.08000687052,2442,0,46,154,0.397408207343413,0.650179211469534,0.0778910018048876,0.307552111817809,0.192530446561687,5.47195100784302
2,2000,2e-05,"constant",4,0,649,126.657110583864,NA,0.410424360309024,0.415,0.325,0.495,99,1580.04949728782,9412.98082191781,10587.5671232877,2673,2473,983,959,524,7,575,8745.13578318039,2574,0,57,143,0.398621248986212,0.646662171274444,0.0657508372947054,0.273452166608746,0.233575850920516,5.8219006061554
2,2000,2e-05,"constant",5,0,650,126.657110583864,NA,0.364283874856172,0.365,0.315,0.415,57,1626.06818256534,8135.22465753425,11865.3232876712,2512,2312,937,924,449,2,529,7521.38183870831,2455,0,65,135,0.405627705627706,0.672978878368536,0.0703328206630243,0.301774087790724,0.194853519280196,5.17442917823792
2,2000,3e-05,"seasonal",1,0.4,651,126.657110583864,2370,0,0,0,0,0,2000,87.9068493150685,1210.72328767123,227,27,11,12,4,0,25,30.84207767974,227,0,179,21,0.407407407407407,0.75,0.810580929715457,2.58227887552203,0.0223007191444489,4.55156254768372
2,2000,3e-05,"seasonal",2,0.4,652,126.657110583864,3439,0,0,0,0,0,2000,117.980821917808,1766.40273972603,248,48,10,27,11,0,30,53.9683014348661,248,0,181,19,0.208333333333333,0.710526315789474,0.55588186402729,2.10203655109955,0.0271738708961949,3.95874404907227
2,2000,3e-05,"seasonal",3,0.4,653,126.657110583864,1950,0,0,0,0,0,2000,73.2904109589041,995.202739726028,224,24,13,10,1,0,13,20.0662639551086,224,0,188,12,0.541666666666667,0.909090909090909,0.647853533128191,3.0563343426414,0.0241156892379607,4.19674849510193
2,2000,3e-05,"seasonal",4,0.4,654,126.657110583864,2003,0,0,0,0,0,2000,62.4684931506849,1035.06575342466,210,10,4,3,3,0,11,11.5018018503185,210,0,192,8,0.4,0.5,0.956371892260987,3.3616946625148,0.00966122197253037,3.71458601951599
2,2000,3e-05,"seasonal",5,0.4,655,126.657110583864,3046,0,0,0,0,0,2000,87.8602739726027,1581.18082191781,225,25,9,15,1,0,16,32.3211762903761,225,0,185,15,0.36,0.9375,0.495031488218582,2.56088434313511,0.0158109683936576,3.98058748245239
2,2000,3e-05,"constant",1,0,656,126.657110583864,NA,0.547702865596406,0.55,0.485,0.61,109,1438.40768560627,11349.8465753425,8650.70136986301,3821,3621,1479,1409,725,8,763,10433.1709169406,3712,0,61,139,0.409355106559646,0.660262417994377,0.0731321288680414,0.327052879116826,0.418578777047455,6.84553861618042
2,2000,3e-05,"constant",2,0,657,126.657110583864,NA,0.567750808174895,0.58,0.46,0.64,117,1418.13789710153,11502.3753424658,8498.17260273973,3806,3606,1484,1381,732,9,774,10588.4483361577,3689,0,50,150,0.412566027244926,0.653573118788452,0.0730985292110203,0.320716364243526,0.424326519190427,5.13338971138
2,2000,3e-05,"constant",3,0,658,126.657110583864,NA,0.547545887896554,0.555,0.46,0.615,121,1439.14420881048,11354.4246575342,8646.12328767123,3847,3647,1540,1344,756,7,793,10440.2602768511,3726,0,49,151,0.423076923076923,0.64,0.0759559607683629,0.32815401153132,0.421807540635046,4.59765481948853
2,2000,3e-05,"constant",4,0,659,126.657110583864,NA,0.532588077365624,0.535,0.475,0.58,108,1453.74577036875,11339.9205479452,8660.62739726027,3801,3601,1532,1339,714,16,775,10445.7518566731,3693,0,47,153,0.427336122733612,0.652216268874817,0.0741928403655217,0.325663657376257,0.41578973841308,4.48238921165466
2,2000,3e-05,"constant",5,0,660,126.657110583864,NA,0.580778587474659,0.585,0.53,0.63,109,1405.41084104981,11586.0849315068,8414.46301369863,3814,3614,1530,1339,733,12,787,10682.4758119611,3705,0,49,151,0.424764019988895,0.646235521235521,0.0736720600966681,0.319780151958384,0.429498590001104,5.56820130348206
2,2000,5e-05,"seasonal",1,0.4,661,126.657110583864,3114,0,0,0,0,0,2000,112.101369863014,1594.2,278,78,25,42,11,0,24,44.9543671752901,278,0,187,13,0.320512820512821,0.792452830188679,0.533874715807188,2.47989833076716,0.0489273616861122,3.70352721214294
2,2000,5e-05,"seasonal",2,0.4,662,126.657110583864,1623,0,0,0,0,0,2000,91.6575342465753,797.657534246575,244,44,14,26,4,0,27,30.0476356749411,244,0,177,23,0.318181818181818,0.866666666666667,0.898573195311911,2.66208339560604,0.0551615174569373,3.94851970672607
2,2000,5e-05,"seasonal",3,0.4,663,126.657110583864,1273,0,0,0,0,0,2000,83.5561643835617,613.978082191781,257,57,26,30,1,0,17,25.312996383867,257,0,184,16,0.456140350877193,0.967741935483871,0.671591768204683,3.07577546068595,0.0928371902080303,3.50856494903564
2,2000,5e-05,"seasonal",4,0.4,664,126.657110583864,1574,0,0,0,0,0,2000,87.8931506849315,774.572602739726,249,49,22,24,3,0,26,27.8229388691214,249,0,177,23,0.448979591836735,0.888888888888889,0.934480721907328,2.83298525607057,0.0632606934800986,3.75287580490112
2,2000,5e-05,"seasonal",5,0.4,665,126.657110583864,1988,0,0,0,0,0,2000,94.2684931506849,995.046575342466,254,54,25,24,5,0,22,35.2200420568013,254,0,183,17,0.462962962962963,0.827586206896552,0.624644342119733,2.69443152755173,0.0542688164937554,4.00242614746094
2,2000,5e-05,"constant",1,0,666,126.657110583864,NA,0.74831790038902,0.75,0.695,0.8,145,1234.76354857268,14925.6575342466,5074.8904109589,4907,4707,1971,1678,1046,12,1055,13752.057613533,4762,0,58,142,0.419808306709265,0.616005873715125,0.0767157926215931,0.319047920607431,0.927507713237616,4.9788031578064
2,2000,5e-05,"constant",2,0,667,126.657110583864,NA,0.743760889814257,0.745,0.695,0.79,147,1239.23857213303,14905.4520547945,5095.09589041096,4935,4735,1998,1715,1008,14,1034,13734.9280217067,4788,0,41,159,0.423215420461767,0.629820051413882,0.0752825204737779,0.321224742624286,0.929325002285303,5.17037725448608
2,2000,5e-05,"constant",3,0,668,126.657110583864,NA,0.744020601610871,0.74,0.705,0.79,156,1239.71648046682,15064.9506849315,4935.59726027397,4785,4585,1947,1605,1018,15,1021,13924.744263705,4629,0,56,144,0.426039387308534,0.611894776972932,0.0733227110433366,0.307269508995478,0.928965585766917,5.54192757606506
2,2000,5e-05,"constant",4,0,669,126.657110583864,NA,0.740439975891732,0.74,0.685,0.79,152,1242.51421976878,15000.1424657534,5000.40547945205,4791,4591,1954,1674,948,15,957,13875.4210452928,4639,0,54,146,0.42701048951049,0.638443935926774,0.0689708800097752,0.309263729367319,0.918125543791517,5.19732236862183
2,2000,5e-05,"constant",5,0,670,126.657110583864,NA,0.752566982631089,0.755,0.705,0.795,150,1231.56799928771,14967.8191780822,5032.72876712329,4775,4575,1922,1637,1002,14,1009,13830.0312673211,4625,0,57,143,0.421398816049112,0.620310723759,0.0729571741738688,0.308996250220107,0.909049585562123,5.49470567703247
2,2000,8e-05,"seasonal",1,0.4,671,126.657110583864,3435,0,0,0,0,0,2000,122.972602739726,1759.21917808219,339,139,58,67,14,0,34,46.7574996170491,339,0,180,20,0.41726618705036,0.827160493827161,0.727156077174037,2.75671159630166,0.0790123264524267,3.12991142272949
2,2000,8e-05,"seasonal",2,0.4,672,126.657110583864,2384,0,0,0,0,0,2000,86.5232876712329,1219.77808219178,297,97,34,61,2,0,13,22.0580447770264,297,0,189,11,0.350515463917526,0.968253968253968,0.589354139562703,3.43260188087774,0.0795226618810069,2.98043322563171
2,2000,8e-05,"seasonal",3,0.4,673,126.657110583864,1624,0,0,0,0,0,2000,79.9808219178082,809.882191780822,292,92,37,52,3,0,13,18.4224283386703,292,0,190,10,0.402173913043478,0.945454545454545,0.705661586030538,3.65087520981057,0.113596768682744,2.61258721351624
2,2000,8e-05,"seasonal",4,0.4,674,126.657110583864,3080,0,0,0,0,0,2000,105.369863013699,1582.30136986301,319,119,37,77,5,0,20,34.061059404066,319,0,185,15,0.310924369747899,0.939024390243902,0.587180796778521,3.02743109724389,0.0752069120753541,3.05206441879272
2,2000,8e-05,"seasonal",5,0.4,675,126.657110583864,4150,0,0,0,0,0,2000,114.471232876712,2159.50136986301,327,127,52,57,18,0,30,41.3628219828113,327,0,188,12,0.409448818897638,0.76,0.725289005002289,2.85661289550524,0.0588098723957078,2.92962908744812
2,2000,8e-05,"constant",1,0,676,126.657110583864,NA,0.843935126842365,0.845,0.79,0.895,168,1139.13182592735,16888.3232876712,3112.22465753425,5508,5308,2364,1740,1195,9,1176,15607.2551672762,5340,0,60,140,0.446121909794301,0.592844974446337,0.0753495721954828,0.316194799746538,1.70553240337265,4.90654969215393
2,2000,8e-05,"constant",2,0,677,126.657110583864,NA,0.841765930633938,0.84,0.79,0.895,167,1140.95467481234,16762.8739726027,3237.67397260274,5563,5363,2358,1826,1170,9,1149,15471.7061224667,5396,0,63,137,0.440418378782219,0.609479305740988,0.0742645957016674,0.321901841463417,1.65643608509745,4.6871337890625
2,2000,8e-05,"constant",3,0,678,126.657110583864,NA,0.83146320749548,0.825,0.775,0.895,163,1150.15847268643,16676.2547945205,3324.29315068493,5617,5417,2408,1848,1150,11,1146,15386.0619334061,5454,0,52,148,0.445431002589715,0.616410940627085,0.0744829966862291,0.327051851102207,1.62951934575442,4.84082007408142
2,2000,8e-05,"constant",4,0,679,126.657110583864,NA,0.835688729384691,0.835,0.785,0.88,160,1145.67485069311,16919.4273972603,3081.1205479452,5372,5172,2223,1773,1160,16,1165,15644.3472969002,5212,0,51,149,0.431148176881303,0.604500511421752,0.0744677919692331,0.308048249956968,1.67861007692451,5.62785005569458
2,2000,8e-05,"constant",5,0,680,126.657110583864,NA,0.84746287874637,0.85,0.8,0.895,173,1135.18129335379,16983.101369863,3017.44657534247,5286,5086,2229,1700,1143,14,1126,15747.3737516427,5113,0,58,142,0.439471608832808,0.597959901512487,0.0715039864906069,0.301063974632641,1.68553108497795,5.88895344734192
2,2000,1e-04,"seasonal",1,0.4,681,126.657110583864,1965,0,0,0,0,0,2000,112.772602739726,963.939726027397,367,167,62,92,13,0,28,35.0202776862403,367,0,185,15,0.37125748502994,0.876190476190476,0.799536778402,3.25433652397843,0.173247346790284,4.30862474441528
2,2000,1e-04,"seasonal",2,0.4,682,126.657110583864,5668,0,0,0,0,0,2000,175.509589041096,2930.24383561644,572,372,136,206,30,0,44,58.497618360178,572,0,186,14,0.365591397849462,0.872881355932203,0.752167374218312,3.25908118824246,0.126951892357361,3.51379370689392
2,2000,1e-04,"seasonal",3,0.4,683,126.657110583864,4868,0,0,0,0,0,2000,201.580821917808,2465.81643835616,639,439,164,221,54,0,69,66.8246275467673,639,0,185,15,0.373576309794989,0.803636363636364,1.03255345421432,3.16994441197657,0.178034339122445,4.70545387268066
2,2000,1e-04,"seasonal",4,0.4,684,126.657110583864,3428,0,0,0,0,0,2000,186.550684931507,1691.80547945205,594,394,152,217,25,0,42,67.5112384471687,594,0,183,17,0.385786802030457,0.896694214876033,0.622118642259353,3.18412124950434,0.232887293950372,3.50217127799988
2,2000,1e-04,"seasonal",5,0.4,685,126.657110583864,1903,0,0,0,0,0,2000,92.8684931506849,949.871232876712,311,111,38,67,6,0,21,22.4364411413926,311,0,185,15,0.342342342342342,0.917808219178082,0.935977317777796,3.34882142962504,0.116857944696181,3.60117864608765
2,2000,1e-04,"constant",1,0,686,126.657110583864,NA,0.883842529176484,0.885,0.84,0.925,175,1100.34259191277,17640.2493150685,2360.29863013699,5295,5095,2263,1601,1220,11,1209,16385.5196732946,5120,0,47,153,0.445121951219512,0.5675292449486,0.0737846601209999,0.290245330922077,2.15862515655669,5.83262968063354
2,2000,1e-04,"constant",2,0,687,126.657110583864,NA,0.867914908772122,0.87,0.83,0.91,174,1115.01492712728,17470.9178082192,2529.6301369863,5567,5367,2395,1703,1257,12,1246,16165.0991299914,5393,0,49,151,0.447245564892624,0.575337837837838,0.0770796386697233,0.308684412530569,2.12165404006217,6.32641267776489
2,2000,1e-04,"constant",3,0,688,126.657110583864,NA,0.883294066078571,0.885,0.835,0.925,178,1100.48207331105,17657.3835616438,2343.16438356164,5273,5073,2283,1609,1166,15,1151,16431.8488631211,5095,0,52,148,0.451364175563464,0.57981981981982,0.0700468954886295,0.288547846412964,2.16502095866145,6.34222269058228
2,2000,1e-04,"constant",4,0,689,126.657110583864,NA,0.88418908552956,0.885,0.84,0.925,182,1100.29925236973,17734.2931506849,2266.25479452055,5122,4922,2170,1579,1167,6,1141,16519.9393918947,4940,0,50,150,0.441415785191212,0.575018208302986,0.0690680500050633,0.278556351698134,2.1718652341743,5.08129191398621
2,2000,1e-04,"constant",5,0,690,126.657110583864,NA,0.880941044326338,0.88,0.81,0.93,177,1102.3996175552,17567.797260274,2432.75068493151,5606,5406,2441,1701,1246,18,1224,16268.1173262843,5429,0,63,137,0.453043801039347,0.577197149643705,0.0752391918161538,0.309031344087548,2.22217592352757,5.43447375297546
2,2000,2e-04,"seasonal",1,0.4,691,126.657110583864,NA,0.292559859733713,0.265,0.1,0.58,102,1509.15369322229,5823.4,14177.1479452055,23808,23608,10270,11600,1649,89,1647,1954.56656067446,23706,0,189,11,0.436668225689868,0.875537776435957,0.842642063533344,4.07081773534361,1.66521504122301,5.15934133529663
2,2000,2e-04,"seasonal",2,0.4,692,126.657110583864,NA,0.279502766971673,0.25,0.09,0.56,126,1526.53968851022,5677.71506849315,14322.8328767123,23874,23674,10262,11781,1530,101,1525,1794.61977504799,23748,0,180,20,0.435328553853986,0.885057471264368,0.849762173137327,4.1826685054667,1.6528853058456,4.77903318405151
2,2000,2e-04,"seasonal",3,0.4,693,126.657110583864,NA,0.280582433839242,0.255,0.1,0.565,85,1523.28455536683,5673.77260273973,14326.7753424658,23873,23673,10345,11703,1559,66,1546,1821.93543261474,23788,0,194,6,0.438217477866734,0.882446086563113,0.848548182512302,4.19262484867888,1.65236066275369,4.72756266593933
2,2000,2e-04,"seasonal",4,0.4,694,126.657110583864,NA,0.300586543203112,0.275,0.105,0.57,124,1503.76776395814,5866.43287671233,14134.1150684931,23958,23758,10258,11755,1653,92,1638,1938.59161092444,23834,0,183,17,0.433448829544494,0.876715393794749,0.844943303566088,4.06277554024569,1.68089759315458,4.44187688827515
2,2000,2e-04,"seasonal",5,0.4,695,126.657110583864,NA,0.267198235713112,0.235,0.085,0.55,126,1534.51563065038,5427.98082191781,14572.5671232877,23626,23426,10227,11673,1428,98,1414,1639.62923234822,23500,0,186,14,0.438400205761317,0.89100068697046,0.862390089236769,4.32941839166208,1.60754105998003,4.73442602157593
2,2000,2e-04,"constant",1,0,696,126.657110583864,NA,0.957582872171388,0.96,0.93,0.98,192,1031.15212097967,19007.8246575342,992.723287671233,4771,4571,2181,1178,1200,12,1167,17889.0665974392,4579,0,53,147,0.478394384733494,0.495374264087468,0.065235376795291,0.24090079125309,4.60450566312675,7.35057830810547
2,2000,2e-04,"constant",2,0,697,126.657110583864,NA,0.945058626924552,0.945,0.91,0.98,186,1042.08300312312,18945.7123287671,1054.83561643835,5092,4892,2344,1266,1274,8,1248,17754.6532615373,4906,0,48,152,0.47993447993448,0.498425196850394,0.0702914318638708,0.258950411304976,4.63768944067115,5.75968790054321
2,2000,2e-04,"constant",3,0,698,126.657110583864,NA,0.948694866034738,0.95,0.92,0.975,187,1039.12982877651,18955.8356164384,1044.71232876712,5009,4809,2315,1255,1221,18,1198,17797.9824513638,4822,0,54,146,0.483197662283448,0.50686591276252,0.0673110001807088,0.254380766829313,4.60318105528165,6.31922149658203
2,2000,2e-04,"constant",4,0,699,126.657110583864,NA,0.947344255109309,0.945,0.915,0.975,194,1039.99013944441,18983.5342465753,1017.01369863014,4938,4738,2302,1243,1183,10,1162,17850.0145033731,4744,0,37,163,0.486886632825719,0.512366034624897,0.0650979863226676,0.249900779190041,4.65873764176612,5.63126373291016
2,2000,2e-04,"constant",5,0,700,126.657110583864,NA,0.958785819955071,0.96,0.925,0.985,191,1029.69510958304,19090.9671232877,909.580821917807,4541,4341,2050,1106,1169,16,1147,18011.9943827731,4350,0,47,153,0.473988439306358,0.486153846153846,0.0636797889020553,0.227856450221097,4.77252806501264,6.17030000686646
2,3000,1e-05,"seasonal",1,0.4,701,126.657110583864,3774,0,0,0,0,0,3000,122.780821917808,1945.16438356164,213,13,5,6,2,0,21,66.8501397715295,213,0,181,19,0.384615384615385,0.75,0.314135468852731,1.73479861653464,0.00668323978675606,3.95582890510559
2,3000,1e-05,"seasonal",2,0.4,702,126.657110583864,3525,0,0,0,0,0,3000,93.0794520547945,1838.42739726027,215,15,4,8,3,0,18,37.5815288061251,215,0,185,15,0.266666666666667,0.727272727272727,0.478958695183958,2.30985459469006,0.00815914733557269,3.30617809295654
2,3000,1e-05,"seasonal",3,0.4,703,126.657110583864,3477,0,0,0,0,0,3000,136.780821917808,1768.42465753425,225,25,10,13,2,0,28,74.6723324807608,225,0,174,26,0.4,0.866666666666667,0.374971546619548,1.64496745117677,0.0141368759440722,3.88553357124329
2,3000,1e-05,"seasonal",4,0.4,704,126.657110583864,3876,0,0,0,0,0,3000,129.46301369863,1994.37260273973,227,27,12,12,3,0,23,71.0885744790594,227,0,180,20,0.444444444444444,0.8,0.323540036757596,1.75339653785923,0.013538092111228,4.0340588092804
2,3000,1e-05,"seasonal",5,0.4,705,126.657110583864,3843,0,0,0,0,0,3000,137.197260273973,1968.55616438356,225,25,11,11,3,0,23,79.0200813283745,225,0,180,20,0.44,0.785714285714286,0.291065253456543,1.63997443936338,0.0126996630588026,3.7690863609314
2,3000,1e-05,"constant",1,0,706,126.657110583864,NA,0.920640512848611,0.925,0.885,0.95,185,1605.67809243329,18258.4712328767,1742.07671232877,788,588,239,187,159,3,146,18014.9553468294,603,0,31,169,0.408547008547009,0.540462427745665,0.00810437756792417,0.0330257660846337,0.337528190256315,5.70021486282349
2,3000,1e-05,"constant",2,0,707,126.657110583864,NA,0.936611692509999,0.935,0.91,0.965,188,1581.22272313846,18250.3150684931,1750.23287671233,808,608,232,203,172,1,143,17998.8102198931,620,0,42,158,0.382207578253707,0.541333333333333,0.00794496959815432,0.0339720162459196,0.347382344423834,4.95573282241821
2,3000,1e-05,"constant",3,0,708,126.657110583864,NA,0.928984987123993,0.93,0.91,0.955,189,1592.69317105912,18403.8109589041,1596.73698630137,752,552,217,184,150,1,129,18166.7960107325,563,0,33,167,0.393829401088929,0.550898203592814,0.0071008668740371,0.0305914900591614,0.345705025145459,5.57636046409607
2,3000,1e-05,"constant",4,0,709,126.657110583864,NA,0.939083337899293,0.94,0.905,0.97,188,1577.33449537012,18518.695890411,1481.85205479452,703,503,183,163,155,2,136,18284.5715495561,515,0,33,167,0.365269461077844,0.512578616352201,0.00743796482358928,0.0278097336360855,0.339440093477988,4.89103817939758
2,3000,1e-05,"constant",5,0,710,126.657110583864,NA,0.917737110295326,0.915,0.9,0.94,187,1609.8011673333,18209.3808219178,1791.16712328767,813,613,253,197,160,3,139,17963.0373422524,626,0,37,163,0.414754098360656,0.551820728291317,0.00773811228867439,0.0343778850100445,0.342234955091653,5.28195238113403
2,3000,2e-05,"seasonal",1,0.4,711,126.657110583864,4164,0,0,0,0,0,3000,127.364383561644,2154.27945205479,244,44,24,19,1,0,27,65.557224716037,244,0,174,26,0.545454545454545,0.95,0.411853920249847,1.91576320770952,0.0204244625543041,4.1595630645752
2,3000,2e-05,"seasonal",2,0.4,712,126.657110583864,4193,0,0,0,0,0,3000,141.632876712329,2155.90136986301,270,70,27,35,8,0,29,73.8257964098682,270,0,179,21,0.385714285714286,0.813953488372093,0.392816622512231,1.90633704735376,0.0324690178217419,4.21868348121643
2,3000,2e-05,"seasonal",3,0.4,713,126.657110583864,3654,0,0,0,0,0,3000,161.975342465753,1840.21643835616,254,54,16,28,10,0,34,94.467088658145,254,0,176,24,0.296296296296296,0.736842105263158,0.359913706275402,1.56813991644255,0.0293443743216626,3.52304291725159
2,3000,2e-05,"seasonal",4,0.4,714,126.657110583864,3466,0,0,0,0,0,3000,115.747945205479,1783.4301369863,231,31,16,12,3,0,27,56.5106493735712,231,0,176,24,0.516129032258065,0.8,0.477786050935513,1.99571577352774,0.0173822340203272,3.0880970954895
2,3000,2e-05,"seasonal",5,0.4,715,126.657110583864,4133,0,0,0,0,0,3000,115.808219178082,2148.84931506849,256,56,18,31,7,0,24,51.6529973122764,256,0,183,17,0.321428571428571,0.815789473684211,0.464639057727941,2.21055121835817,0.0260604592454707,3.39019799232483
2,3000,2e-05,"constant",1,0,716,126.657110583864,NA,0.972331105144923,0.97,0.955,0.995,199,1527.60462303435,19160.7534246575,839.794520547945,798,598,255,176,165,2,130,18918.2840746811,599,0,38,162,0.427852348993289,0.516129032258065,0.00687165915718448,0.0312618187147673,0.712078949514722,5.07375502586365
2,3000,2e-05,"constant",2,0,717,126.657110583864,NA,0.967227823132979,0.97,0.94,0.985,191,1535.43822146732,19274.3452054795,726.202739726028,760,560,228,156,173,3,146,19035.1994180753,569,0,39,161,0.409335727109515,0.474164133738602,0.00767000107502748,0.0295211066282159,0.771134518455919,4.98523473739624
2,3000,2e-05,"constant",3,0,718,126.657110583864,NA,0.969665497780943,0.97,0.95,0.985,189,1530.96695633116,19066.1863013699,934.361643835615,851,651,268,204,178,1,150,18809.7858765315,662,0,40,160,0.412307692307692,0.534031413612565,0.00797457243716695,0.0347211544844937,0.696732367274413,5.03516840934753
2,3000,2e-05,"constant",4,0,719,126.657110583864,NA,0.970350391759356,0.97,0.945,0.995,190,1530.43765519698,19237.5780821918,762.969863013699,719,519,225,147,145,2,129,19013.2891614175,529,0,28,172,0.435203094777563,0.503424657534247,0.00678472824479901,0.0274982639571296,0.680236566553195,4.96766638755798
2,3000,2e-05,"constant",5,0,720,126.657110583864,NA,0.96489562215769,0.965,0.94,0.985,194,1538.61033587201,19186.9808219178,813.56712328767,780,580,250,159,168,3,143,18947.2048975274,586,0,34,166,0.433275563258232,0.486238532110092,0.00754728735839352,0.0305415430097578,0.712909830545005,4.38902950286865
2,3000,3e-05,"seasonal",1,0.4,721,126.657110583864,3469,0,0,0,0,0,3000,106.005479452055,1794.81643835616,256,56,27,24,5,0,25,42.1571461728907,256,0,180,20,0.482142857142857,0.827586206896552,0.593019268844065,2.41496950273958,0.0312009622840814,2.77278113365173
2,3000,3e-05,"seasonal",2,0.4,722,126.657110583864,2754,0,0,0,0,0,3000,105.608219178082,1403.43287671233,262,62,22,37,3,0,20,41.8802374862577,262,0,183,17,0.354838709677419,0.925,0.477552210790654,2.48086751238748,0.0441773889074344,3.22415971755981
2,3000,3e-05,"seasonal",3,0.4,723,126.657110583864,4821,0,0,0,0,0,3000,193.084931506849,2448.55890410959,347,147,57,70,20,0,41,110.535856709842,347,0,179,21,0.387755102040816,0.777777777777778,0.370920362137559,1.79713661388274,0.0600353129153967,2.6715521812439
2,3000,3e-05,"seasonal",4,0.4,724,126.657110583864,6039,0,0,0,0,0,3000,126.66301369863,3182.37808219178,270,70,30,34,6,0,25,60.6311187756304,270,0,181,19,0.428571428571429,0.85,0.412329518320686,2.13164042221838,0.0219961293699551,2.25022339820862
2,3000,3e-05,"seasonal",5,0.4,725,126.657110583864,6701,0,0,0,0,0,3000,204.041095890411,3467.7397260274,356,156,50,88,18,0,35,118.395895053006,356,0,183,17,0.320512820512821,0.830188679245283,0.295618357243978,1.74474655924807,0.0449860751743072,2.42866086959839
2,3000,3e-05,"constant",1,0,726,126.657110583864,NA,0.978200920497507,0.98,0.96,0.995,192,1518.53326393074,19482.5369863014,518.010958904109,779,579,256,159,162,2,135,19247.3196125763,587,0,37,163,0.44367417677643,0.495327102803738,0.00701396364363326,0.0301295462912625,1.11773697070988,10.5273458957672
2,3000,3e-05,"constant",2,0,727,126.657110583864,NA,0.983248041203222,0.985,0.965,1,196,1511.64590734754,19547.9780821918,452.569863013698,721,521,221,136,163,1,136,19317.7335468359,525,0,32,168,0.425,0.454849498327759,0.00704016336441682,0.0268569975775794,1.15120347725017,6.84834671020508
2,3000,3e-05,"constant",3,0,728,126.657110583864,NA,0.981677716289518,0.985,0.96,0.995,199,1513.3528636787,19484.3205479452,516.227397260274,751,551,228,158,165,0,132,19248.6020399866,552,0,34,166,0.413793103448276,0.489164086687306,0.00685764086793348,0.0283304721168844,1.06735908036705,6.28488516807556
2,3000,3e-05,"constant",4,0,729,126.657110583864,NA,0.981235274779464,0.98,0.965,0.995,193,1514.51743246945,19458.9205479452,541.627397260272,840,640,286,184,169,1,142,19211.1994180753,647,0,35,165,0.447574334898279,0.521246458923513,0.00739152183628868,0.0332495319257738,1.1816241261748,5.92516803741455
2,3000,3e-05,"constant",5,0,730,126.657110583864,NA,0.972177140978577,0.975,0.94,0.99,198,1527.96198865816,19409.504109589,591.043835616438,778,578,269,142,167,0,136,19176.2980482123,580,0,33,167,0.465397923875433,0.459546925566343,0.00709208835084197,0.0298822678171081,0.977930849066663,6.92678833007812
2,3000,5e-05,"seasonal",1,0.4,731,126.657110583864,7862,0,0,0,0,0,3000,346.632876712329,3961.31232876712,753,553,216,277,60,0,79,188.372965467978,753,0,181,19,0.390596745027125,0.821958456973294,0.419380773688724,2.17232712356052,0.139600201676627,4.21076631546021
2,3000,5e-05,"seasonal",2,0.4,732,126.657110583864,4170,0,0,0,0,0,3000,204.090410958904,2080.84109589041,493,293,116,144,33,0,49,94.8046640331123,493,0,184,16,0.395904436860068,0.813559322033898,0.516852208693929,2.4155960962775,0.140808445478449,4.23730254173279
2,3000,5e-05,"seasonal",3,0.4,733,126.657110583864,11109,0,0,0,0,0,3000,409.684931506849,5677.43835616438,865,665,249,349,67,0,91,227.283025767952,865,0,176,24,0.374436090225564,0.838942307692308,0.400381857345158,2.11137860701508,0.117130289803669,3.8296263217926
2,3000,5e-05,"seasonal",4,0.4,734,126.657110583864,11484,0,0,0,0,0,3000,463.665753424658,5828.93698630137,960,760,271,403,86,0,104,258.623262325801,960,0,182,18,0.356578947368421,0.824130879345603,0.402129333087547,2.07045698956499,0.130383979409296,3.24148464202881
2,3000,5e-05,"seasonal",5,0.4,735,126.657110583864,7479,0,0,0,0,0,3000,370.769863013699,3727.31232876712,725,525,196,276,53,0,78,212.181145374487,725,0,175,25,0.373333333333333,0.838905775075988,0.367610420154602,1.9553908564926,0.140852162011777,4.30300831794739
2,3000,5e-05,"constant",1,0,736,126.657110583864,NA,0.985820776943729,0.985,0.965,1,198,1506.99537093858,19661.0246575342,339.523287671233,798,598,265,162,169,2,131,19421.0155815305,600,0,42,158,0.444630872483221,0.489425981873112,0.00674527032070259,0.0305172294145959,1.76129302971128,4.72270631790161
2,3000,5e-05,"constant",2,0,737,126.657110583864,NA,0.985916936058298,0.985,0.975,1,197,1507.32410059723,19654.1561643836,346.391780821916,785,585,262,169,153,1,130,19416.5360902041,588,0,27,173,0.448630136986301,0.524844720496894,0.0066953239957969,0.0299173363171678,1.68883914800726,6.03008389472961
2,3000,5e-05,"constant",3,0,738,126.657110583864,NA,0.986860446002959,0.985,0.97,1,197,1506.12005725714,19663.397260274,337.150684931505,783,583,250,153,179,1,154,19419.1260738177,586,0,29,171,0.429553264604811,0.460843373493976,0.00793032597937731,0.0298015644114508,1.72919713960671,7.67845630645752
2,3000,5e-05,"constant",4,0,739,126.657110583864,NA,0.987500684893978,0.99,0.965,1,199,1504.6864580023,19660.9123287671,339.635616438354,825,625,277,165,183,0,147,19411.6985194712,626,0,37,163,0.4432,0.474137931034483,0.00757275309280894,0.0318398245987832,1.84020747456986,6.15208840370178
2,3000,5e-05,"constant",5,0,740,126.657110583864,NA,0.984270176976604,0.985,0.965,1,198,1509.01043641444,19649.0109589041,351.536986301369,845,645,311,162,169,3,144,19405.3639979948,647,0,30,170,0.484423676012461,0.489425981873112,0.00742062864756774,0.0329278660057343,1.83479982230674,6.53355598449707
2,3000,8e-05,"seasonal",1,0.4,741,126.657110583864,NA,0.265038354062791,0.26,0.125,0.42,71,2458.55707742042,4998.63287671233,15001.9150684932,12464,12264,4862,6093,1265,44,1259,2641.94913338007,12393,0,179,21,0.397872340425532,0.828078282141886,0.476542104498906,2.47927789570957,0.817495629325133,4.5937488079071
2,3000,8e-05,"seasonal",2,0.4,742,126.657110583864,NA,0.225822694646869,0.215,0.105,0.385,61,2542.84076735521,4756.71780821918,15243.8301369863,11610,11410,4592,5604,1181,33,1177,2578.89663731415,11549,0,176,24,0.403621341302628,0.825939572586588,0.456396732994236,2.42793465276506,0.74849955014362,5.11836647987366
2,3000,8e-05,"seasonal",3,0.4,743,126.657110583864,NA,0.240206016108706,0.23,0.085,0.415,74,2511.31096980987,4858.68219178082,15141.8657534247,12139,11939,4799,5920,1184,36,1164,2601.58967018436,12065,0,182,18,0.40317566999916,0.833333333333333,0.447418750673895,2.48318361312245,0.78847614913636,4.02452492713928
2,3000,8e-05,"seasonal",4,0.4,744,126.657110583864,NA,0.239661936332256,0.23,0.105,0.415,54,2512.57387513013,4671.16438356164,15329.3835616438,11542,11342,4549,5625,1134,34,1132,2513.70551482488,11488,0,182,18,0.402281570569508,0.832223701731025,0.45033119167058,2.45934397865071,0.73988624228695,4.49558258056641
2,3000,8e-05,"seasonal",5,0.4,745,126.657110583864,NA,0.226330612021259,0.215,0.11,0.40375,58,2535.91442770259,4574.04109589041,15426.5068493151,11743,11543,4565,5842,1099,37,1101,2381.69885722564,11685,0,177,23,0.396749521988528,0.841665466071171,0.462275067504764,2.55463380302781,0.748257535730618,4.85512137413025
2,3000,8e-05,"constant",1,0,746,126.657110583864,NA,0.993237356857159,0.995,0.98,1,200,1495.57778751849,19816.4794520548,184.068493150684,725,525,231,117,176,1,137,19587.7967568924,525,0,40,160,0.440839694656489,0.399317406143345,0.00699415057754229,0.0264931014245097,2.85219915159635,6.16173601150513
2,3000,8e-05,"constant",2,0,747,126.657110583864,NA,0.994171552243713,0.995,0.985,1,199,1494.90736671963,19830.1452054795,170.402739726025,678,478,212,121,145,0,107,19616.5270855945,479,0,39,161,0.443514644351464,0.454887218045113,0.00545458426627289,0.024155143345478,2.80511921796875,6.02135968208313
2,3000,8e-05,"constant",3,0,748,126.657110583864,NA,0.991150347926141,0.99,0.975,1,199,1498.98703742261,19791.2684931507,209.279452054794,775,575,281,142,152,0,124,19563.5880271839,576,0,29,171,0.488695652173913,0.482993197278912,0.00633830562306363,0.0291037434108552,2.74752248419234,7.78594350814819
2,3000,8e-05,"constant",4,0,749,126.657110583864,NA,0.994126349241138,0.995,0.98,1,199,1494.40356446222,19846.2739726027,154.273972602739,641,441,191,115,132,3,105,19639.3816837572,442,0,31,169,0.436073059360731,0.465587044534413,0.00534640049726415,0.0222711830245904,2.85855087906234,6.53791475296021
2,3000,8e-05,"constant",5,0,750,126.657110583864,NA,0.993051339652622,0.995,0.98,1,197,1496.17271354994,19835,165.547945205479,664,464,212,106,143,3,120,19624.5410983973,467,0,29,171,0.459869848156182,0.42570281124498,0.00611479266691237,0.0235442399798336,2.80281340504759,7.36080574989319
2,3000,1e-04,"seasonal",1,0.4,751,126.657110583864,NA,0.31639499205523,0.305,0.155,0.525,72,2333.64499369898,6443.93698630137,13556.6109589041,17228,17028,7107,8285,1592,44,1580,3324.67410759375,17156,0,184,16,0.418452661328309,0.838817454692721,0.475234548971638,2.66234757361385,1.25606614010088,5.81766533851624
2,3000,1e-04,"seasonal",2,0.4,752,126.657110583864,NA,0.325538052709441,0.31,0.15,0.54,113,2325.89477371103,6542.41643835616,13458.1315068493,17343,17143,7179,8310,1579,75,1564,3406.72592675883,17230,0,177,23,0.420611670963206,0.840327636768126,0.45909181825143,2.63358350272322,1.27380238417758,5.63857555389404
2,3000,1e-04,"seasonal",3,0.4,753,126.657110583864,NA,0.350965700509561,0.335,0.185,0.575,85,2282.79182099611,6930.49863013699,13070.0493150685,17952,17752,7566,8452,1687,47,1668,3695.04233976957,17867,0,181,19,0.427336910477266,0.833612782325673,0.451415666350395,2.57802518310964,1.35821981784978,4.99511575698853
2,3000,1e-04,"seasonal",4,0.4,754,126.657110583864,NA,0.302279601117747,0.29,0.12,0.525,73,2349.85981233905,6270.86575342466,13729.6821917808,17434,17234,7160,8515,1519,40,1509,3135.02768005349,17361,0,177,23,0.416424334070024,0.848614709986047,0.481335463033059,2.76851724827928,1.255236629608,4.65770864486694
2,3000,1e-04,"seasonal",5,0.4,755,126.657110583864,NA,0.325644074297299,0.315,0.155,0.55,99,2313.07255712016,6580.80273972603,13419.7452054795,17721,17521,7356,8461,1641,63,1629,3385.55305840219,17622,0,176,24,0.421354106999656,0.837556919421897,0.481162153390916,2.67778881953444,1.3056134622322,4.77904224395752
2,3000,1e-04,"constant",1,0,756,126.657110583864,NA,0.994679743575694,0.995,0.985,1,200,1493.54756533889,19862.4356164384,138.112328767122,736,536,256,106,173,1,145,19635.4628244897,536,0,29,171,0.478504672897196,0.379928315412186,0.0073845980253215,0.0269856129605979,3.88089901013672,6.73816251754761
2,3000,1e-04,"constant",2,0,757,126.657110583864,NA,0.99283025587639,0.995,0.98,1,200,1496.02107117418,19831.4547945205,169.09315068493,804,604,269,150,185,0,152,19585.1562893472,604,0,33,167,0.445364238410596,0.447761194029851,0.00776097968044689,0.0304566662535966,3.57199565773914,6.53374052047729
2,3000,1e-04,"constant",3,0,758,126.657110583864,NA,0.994149909593995,0.995,0.98,1,198,1494.29916662101,19850.3589041096,150.189041095891,714,514,232,117,164,1,136,19624.8569130503,516,0,31,169,0.45224171539961,0.416370106761566,0.00692998683264598,0.0259944922151092,3.42235356354547,6.19952750205994
2,3000,1e-04,"constant",4,0,759,126.657110583864,NA,0.994755629828503,0.995,0.985,1,198,1493.6119431812,19870.1671232877,130.380821917806,673,473,213,109,150,1,134,19652.4266975209,475,0,19,181,0.451271186440678,0.420849420849421,0.00681849636497583,0.0239051839399631,3.62783416335713,6.19296956062317
2,3000,1e-04,"constant",5,0,760,126.657110583864,NA,0.994284148813764,0.995,0.98,1,199,1494.87177524519,19875.6328767123,124.915068493148,638,438,196,87,155,0,125,19666.042860976,439,0,31,169,0.447488584474886,0.359504132231405,0.00635613381317508,0.0220873469903121,3.50638241873938,6.72799634933472
2,3000,2e-04,"seasonal",1,0.4,761,126.657110583864,NA,0.654312640403266,0.635,0.425,0.92,184,1863.37098597337,12734.1671232877,7266.38082191781,26713,26513,13455,9141,3820,97,3758,7950.81127317141,26529,0,175,25,0.509350393700787,0.705269655119204,0.472656169400059,2.08329290350564,3.64872150934176,7.14302825927734
2,3000,2e-04,"seasonal",2,0.4,762,126.657110583864,NA,0.640738863623911,0.625,0.38,0.92,181,1873.14174949318,12724.8630136986,7275.68493150685,27039,26839,13625,9285,3830,99,3773,7887.89385766796,26858,0,175,25,0.509536275243082,0.707967975600458,0.478327937480066,2.11067105171087,3.68886232054601,6.30633902549744
2,3000,2e-04,"seasonal",3,0.4,763,126.657110583864,NA,0.649352912169196,0.625,0.42,0.92,182,1867.61296805654,12537.797260274,7462.75068493151,27002,26802,13588,9339,3775,100,3721,7727.26167855986,26820,0,172,28,0.50887573964497,0.712139698032637,0.481541864995245,2.13913173448571,3.59143714315923,6.30696439743042
2,3000,2e-04,"seasonal",4,0.4,764,126.657110583864,NA,0.661780724343872,0.645,0.435,0.925,175,1857.20189058134,13025.7671232877,6974.78082191781,26321,26121,13261,8796,3968,96,3906,8269.00033283549,26146,0,183,17,0.50954851104707,0.689125665935443,0.472366651684559,2.00725222188686,3.74506391912939,6.09978604316711
2,3000,2e-04,"seasonal",5,0.4,765,126.657110583864,NA,0.633356802366994,0.61,0.395,0.915,184,1876.89977617665,12499.1863013699,7501.36164383562,27256,27056,13647,9463,3836,110,3781,7627.81988506522,27072,0,181,19,0.50645735916277,0.711557259944357,0.495685537541723,2.16590099125357,3.60681184091874,5.48396182060242
2,3000,2e-04,"constant",1,0,766,126.657110583864,NA,0.998077913538984,1,0.99,1,200,1488.99112897923,19949.7561643836,50.7917808219172,574,374,178,54,140,2,114,19757.8149924569,374,0,28,172,0.478494623655914,0.278350515463918,0.00576986878577024,0.0187470963012423,7.36339608393126,7.40995645523071
2,3000,2e-04,"constant",2,0,767,126.657110583864,NA,0.997632458495425,1,0.99,1,199,1489.44843049696,19943.5342465753,57.0136986301368,627,427,203,75,149,0,122,19739.6427431613,428,0,28,172,0.475409836065574,0.334821428571429,0.0061804563328415,0.0214605894175199,7.48942815953871,7.07490944862366
2,3000,2e-04,"constant",3,0,768,126.657110583864,NA,0.997996274176757,1,0.99,1,200,1488.67166593611,19948.1205479452,52.427397260275,586,386,176,62,147,1,119,19750.2234472644,386,0,29,171,0.457142857142857,0.296650717703349,0.00602524828732927,0.0193501938727637,7.36256270902995,6.75552082061768
2,3000,2e-04,"constant",4,0,769,126.657110583864,NA,0.997420415319708,1,0.99,1,200,1489.06668374336,19947.6520547945,52.8958904109568,599,399,192,77,128,2,104,19753.3707641247,399,0,26,174,0.483627204030227,0.375609756097561,0.00526492421176445,0.0200023541068383,7.54311907598311,6.40545463562012
2,3000,2e-04,"constant",5,0,770,126.657110583864,NA,0.997863678702537,1,0.99,1,200,1488.19016190894,19944.6273972603,55.920547945203,600,400,195,64,140,1,110,19749.4559705325,400,0,31,169,0.488721804511278,0.313725490196078,0.00556977367701303,0.0200555263346232,7.15300573220354,6.73362612724304
2,5000,1e-05,"seasonal",1,0.4,771,126.657110583864,18097,0,0,0,0,0,4999.99977316311,941.887671232877,8974.27671232877,618,418,165,186,67,0,101,792.949171908341,618,0,166,34,0.394736842105263,0.735177865612648,0.127372602908367,0.656129195523999,0.0465775698030077,3.90137052536011
2,5000,1e-05,"seasonal",2,0.4,772,126.657110583864,24629,0.00372993260643252,0,0,0.02,0,4989.74451865651,863.350684931507,12631.9917808219,612,412,163,189,60,0,105,713.839739953538,612,0,155,45,0.395631067961165,0.759036144578313,0.147091838858445,0.708866061823478,0.0326156007024565,3.87999057769775
2,5000,1e-05,"seasonal",3,0.4,773,126.657110583864,28661,0.0167936003506657,0.005,0,0.055,0,4956.07850830092,1026.2602739726,14678.397260274,758,558,218,260,80,0,114,848.500367370299,758,0,166,34,0.390681003584229,0.764705882352941,0.134354685494495,0.738604055154371,0.0380150496069613,3.28311371803284
2,5000,1e-05,"seasonal",4,0.4,774,126.657110583864,NA,0.0239956714700564,0.025,0.015,0.035,4,4940.93072982302,722.443835616438,19278.104109589,534,334,135,145,54,0,76,595.129169123113,530,0,174,26,0.404191616766467,0.728643216080402,0.127703369189552,0.733621042731672,0.0173253551335407,3.28824615478516
2,5000,1e-05,"seasonal",5,0.4,775,126.657110583864,21652,0.00272943948276807,0,0,0.02,0,4992.81924963016,928.945205479452,10935.1643835616,619,419,162,205,52,0,90,781.5350412909,619,0,162,38,0.386634844868735,0.797665369649806,0.115157984280964,0.666347160573931,0.0383167536676325,3.58277416229248
2,5000,1e-05,"constant",1,0,776,126.657110583864,NA,0.999367431921539,1,0.995,1,200,2467.95648183661,19919.1232876712,81.4246575342477,249,49,22,12,15,0,2,19804.7969739537,49,0,13,187,0.448979591836735,0.444444444444444,0.000100985635077719,0.00245994762381576,0.601783310901742,6.38495635986328
2,5000,1e-05,"constant",2,0,777,126.657110583864,NA,1,1,1,1,200,2466.66994192099,19922.9534246575,77.5945205479438,245,45,13,13,19,0,1,19807.8517292026,45,0,18,182,0.288888888888889,0.40625,5.04850305662226e-05,0.00225870125983962,0.57993785749595,6.86936855316162
2,5000,1e-05,"constant",3,0,778,126.657110583864,NA,1,1,1,1,200,2466.61214426607,19948.8794520548,51.6684931506825,231,31,11,2,18,0,0,19837.6900460955,31,0,18,182,0.354838709677419,0.1,0,0.00155397199499378,0.599978789967683,6.65889143943787
2,5000,1e-05,"constant",4,0,779,126.657110583864,NA,1,1,1,1,200,2466.51980713386,19908.5671232877,91.9808219178085,239,39,19,7,13,0,0,19797.5092241776,39,0,13,187,0.487179487179487,0.35,0,0.00195895564751019,0.42400142972031,7.6406352519989
2,5000,1e-05,"constant",5,0,780,126.657110583864,NA,0.998727740945702,1,0.995,1,200,2470.74282532464,19838.8876712329,161.6602739726,276,76,31,17,28,0,2,19719.0627273783,76,0,26,174,0.407894736842105,0.377777777777778,0.000101424698914475,0.00383085993829194,0.470121682540765,6.59443545341492
2,5000,2e-05,"seasonal",1,0.4,781,126.657110583864,NA,0.113591857980385,0.115,0.055,0.18,32,4694.69521094735,3240.62465753425,16759.9232876712,3175,2975,1208,1351,409,7,424,2575.59023567608,3143,0,160,40,0.407008086253369,0.767613636363636,0.164622459786855,0.969874740875258,0.177506779054797,4.32383799552917
2,5000,2e-05,"seasonal",2,0.4,782,126.657110583864,NA,0.248592131937976,0.245,0.195,0.315,55,4339.08277354665,4849.14520547945,15151.402739726,4521,4321,1710,2010,587,14,582,3898.24090454624,4466,0,164,36,0.397028093800789,0.773969965344628,0.149298110160728,0.92098706282367,0.285188115861419,5.3448269367218
2,5000,2e-05,"seasonal",3,0.4,783,126.657110583864,NA,0.203977590269026,0.19,0.11,0.34,62,4454.12730398334,4287.96438356164,15712.5835616438,3982,3782,1451,1789,531,11,524,3432.81436197649,3920,0,156,44,0.384778573322726,0.771120689655172,0.152644432452881,0.914186697778491,0.240698799478927,5.34831857681274
2,5000,2e-05,"seasonal",4,0.4,784,126.657110583864,NA,0.265670922141253,0.27,0.17,0.37,65,4302.80203468303,5079.85205479452,14920.695890411,4556,4356,1813,1933,592,18,584,4145.56176666403,4491,0,161,39,0.417934532042416,0.765544554455446,0.140873549321145,0.88408086526088,0.291943487890498,4.93337273597717
2,5000,2e-05,"seasonal",5,0.4,785,126.657110583864,NA,0.268386937702044,0.265,0.185,0.375,84,4286.52499945208,4773.78356164384,15226.7643835616,4476,4276,1670,2011,573,22,543,3837.83197847985,4392,0,168,32,0.39257169722614,0.778250773993808,0.141486131504663,0.920024953642354,0.280821315171609,5.32141423225403
2,5000,2e-05,"constant",1,0,786,126.657110583864,NA,0.999936989753986,1,1,1,200,2466.93422771355,19953.8246575342,46.7232876712333,257,57,19,15,23,0,3,19835.777835143,57,0,20,180,0.333333333333333,0.394736842105263,0.000151241863310492,0.00285659521311258,1.21994839920252,6.70963883399963
2,5000,2e-05,"constant",2,0,787,126.657110583864,NA,1,1,1,1,200,2466.48066763465,19980.4301369863,20.1178082191764,227,27,8,5,14,0,1,19869.4407702985,27,0,13,187,0.296296296296296,0.263157894736842,5.0328542788926e-05,0.00135132225957536,1.34209451178004,5.67176461219788
2,5000,2e-05,"constant",3,0,788,126.657110583864,NA,1,1,1,1,200,2466.52928086132,19973.9479452055,26.5999999999985,233,33,15,6,12,0,2,19862.632590392,33,0,10,190,0.454545454545455,0.333333333333333,0.000100691587124631,0.0016521520978491,1.24060150375947,6.34655833244324
2,5000,2e-05,"constant",4,0,789,126.657110583864,NA,0.999669607144814,1,0.995,1,200,2467.48844200318,19972.2684931507,28.2794520547941,236,36,12,9,15,0,2,19859.3366999811,36,0,13,187,0.333333333333333,0.375,0.000100708298077342,0.0018024993010857,1.27300910676227,6.95674610137939
2,5000,2e-05,"constant",5,0,790,126.657110583864,NA,1,1,1,1,200,2466.76394855076,19971.6,28.9479452054802,238,38,17,3,18,0,1,19859.7202223533,38,0,17,183,0.447368421052632,0.142857142857143,5.03531766210099e-05,0.00190270183660798,1.31270111678967,7.53726887702942
2,5000,3e-05,"seasonal",1,0.4,791,126.657110583864,NA,0.462906964001973,0.46,0.365,0.58,106,3766.05459536464,8806.37260273973,11194.1753424658,8465,8265,3348,3741,1152,24,1087,7066.09796326355,8359,0,183,17,0.406261376046596,0.764561618638872,0.153833134730269,0.949198992261519,0.738330403727575,4.97396516799927
2,5000,3e-05,"seasonal",2,0.4,792,126.657110583864,NA,0.524263054079229,0.525,0.4,0.645,113,3632.72658868007,9813.1397260274,10187.4082191781,8593,8393,3475,3652,1237,29,1183,8040.24153790511,8480,0,170,30,0.415471066475371,0.746983023113111,0.147134883252305,0.864147483552944,0.82386018302476,5.6575288772583
2,5000,3e-05,"seasonal",3,0.4,793,126.657110583864,NA,0.520155881869487,0.52,0.41,0.645,125,3639.93404032656,9230.8301369863,10769.7178082192,8480,8280,3360,3690,1187,43,1134,7471.0313158768,8355,0,171,29,0.407915503217191,0.756612671724421,0.151786273146804,0.905119027867601,0.768822372827718,5.63854122161865
2,5000,3e-05,"seasonal",4,0.4,794,126.657110583864,NA,0.471677716289518,0.475,0.37,0.585,126,3750.67674921922,9172.74520547945,10827.802739726,8658,8458,3523,3704,1201,30,1141,7400.31981181271,8532,0,164,36,0.418011390602753,0.755147808358818,0.154182525757696,0.930146843597411,0.781137244860263,4.5100154876709
2,5000,3e-05,"seasonal",5,0.4,795,126.657110583864,NA,0.52022875458879,0.52,0.41,0.635,108,3642.89314421128,9273.03561643836,10727.5123287671,8396,8196,3390,3635,1142,29,1094,7556.77757240463,8288,0,169,31,0.415085098567405,0.760937827088131,0.144770702792021,0.893774201115741,0.764016833429446,4.69786071777344
2,5000,3e-05,"constant",1,0,796,126.657110583864,NA,1,1,1,1,200,2465.90041394992,19971.397260274,29.1506849315047,257,57,29,12,16,0,1,19856.7804963259,57,0,15,185,0.508771929824561,0.428571428571429,5.03606312304771e-05,0.00285408172784091,1.95535714285729,6.31267094612122
2,5000,3e-05,"constant",2,0,797,126.657110583864,NA,0.999530710645992,1,0.995,1,199,2467.6587893814,19963.6356164384,36.9123287671209,262,62,30,11,21,0,2,19847.6763867369,63,0,20,180,0.483870967741935,0.34375,0.000100767463204735,0.00315573782303083,1.67965560751143,6.95149254798889
2,5000,3e-05,"constant",3,0,798,126.657110583864,NA,1,1,1,1,200,2466.56957207824,19981.3726027397,19.1753424657545,238,38,16,8,14,0,0,19869.0955255475,38,0,14,186,0.421052631578947,0.363636363636364,0,0.00190177125243086,1.98171167309604,6.63767218589783
2,5000,3e-05,"constant",4,0,799,126.657110583864,NA,1,1,1,1,200,2465.52536710317,19983.0712328767,17.4767123287675,228,28,6,6,16,0,1,19870.985975778,28,0,15,185,0.214285714285714,0.272727272727273,5.03246291461815e-05,0.00140118601758941,1.60213199561057,5.85031151771545
2,5000,3e-05,"constant",5,0,800,126.657110583864,NA,1,1,1,1,200,2466.66770094789,19978.7287671233,21.8191780821908,249,49,26,4,19,0,2,19866.1640972413,49,0,17,183,0.530612244897959,0.173913043478261,0.000100673687693827,0.00245260850032829,2.24573078854857,5.92462253570557
2,5000,5e-05,"seasonal",1,0.4,801,126.657110583864,NA,0.711787025368473,0.715,0.565,0.84,168,3181.15233904992,13741.5315068493,6259.01643835616,11693,11493,5196,4451,1802,44,1719,11406.8751172354,11525,0,159,41,0.453838763210761,0.711818327202943,0.15069859030916,0.838698364462177,1.83623099782407,5.13486671447754
2,5000,5e-05,"seasonal",2,0.4,802,126.657110583864,NA,0.718627472467262,0.72,0.575,0.86,166,3163.78528491589,13615.3397260274,6385.20821917808,11793,11593,5118,4640,1795,40,1704,11221.8006341022,11627,0,165,35,0.443001817709686,0.721056721056721,0.151847288644719,0.853963267458803,1.81560249909787,6.3199417591095
2,5000,5e-05,"seasonal",3,0.4,803,126.657110583864,NA,0.697949975343817,0.7,0.55,0.835,165,3200.04349515095,13593.8136986301,6406.73424657534,11734,11534,5156,4522,1813,43,1729,11220.7274862025,11569,0,162,38,0.448698981811853,0.713812154696133,0.154089830817659,0.851048885653466,1.80029318465416,5.72265291213989
2,5000,5e-05,"seasonal",4,0.4,804,126.657110583864,NA,0.708775135609008,0.71,0.58,0.83,166,3185.1275639691,13933.7945205479,6066.75342465753,11321,11121,5015,4249,1817,40,1727,11648.6015373484,11155,0,164,36,0.452576482266943,0.700461589185625,0.148258140212179,0.800571587556419,1.8331056533137,5.21821761131287
2,5000,5e-05,"seasonal",5,0.4,805,126.657110583864,NA,0.702151388964988,0.705,0.56,0.835,149,3190.98406114733,13273.5616438356,6726.98630136986,11870,11670,5232,4602,1803,33,1714,10899.1020039652,11721,0,173,27,0.449600412477443,0.718501170960187,0.157260662334973,0.883033530449859,1.7348035921559,5.1157054901123
2,5000,5e-05,"constant",1,0,806,126.657110583864,NA,1,1,1,1,200,2466.10783984439,19981.2630136986,19.2849315068488,252,52,25,7,20,0,3,19867.2792050061,52,0,17,183,0.480769230769231,0.259259259259259,0.000151002055643536,0.00260243809234432,2.6964057394517,5.65936207771301
2,5000,5e-05,"constant",2,0,807,126.657110583864,NA,1,1,1,1,200,2466.34805955838,19980.4164383562,20.1315068493132,255,55,29,4,22,0,0,19867.3393611639,55,0,22,178,0.527272727272727,0.153846153846154,0,0.00275269537898205,2.73203592814397,4.73304152488708
2,5000,5e-05,"constant",3,0,808,126.657110583864,NA,1,1,1,1,200,2465.70366582653,19980.7835616438,19.7643835616436,253,53,19,8,26,0,2,19864.333960255,53,0,24,176,0.358490566037736,0.235294117647059,0.000100682962942611,0.00265254862685874,2.68159135015251,4.86449027061462
2,5000,5e-05,"constant",4,0,809,126.657110583864,NA,0.99998602816284,1,1,1,200,2466.20851542381,19978.2082191781,22.339726027396,258,58,28,12,18,0,1,19862.9969346821,58,0,17,183,0.482758620689655,0.4,5.03448700761734e-05,0.00290316325486702,2.59627176845735,5.24351263046265
2,5000,5e-05,"constant",5,0,810,126.657110583864,NA,1,1,1,1,200,2466.39787819845,19978,22.5479452054788,264,64,31,10,23,0,0,19862.7393611639,64,0,23,177,0.484375,0.303030303030303,0,0.00320352387626389,2.83839611178624,4.83443236351013
2,5000,8e-05,"seasonal",1,0.4,811,126.657110583864,NA,0.836651416360747,0.84,0.715,0.94,185,2929.60503013534,16251.901369863,3748.64657534247,12058,11858,5800,3850,2159,49,2061,13855.5849097832,11873,0,162,38,0.491150817173342,0.640705608254285,0.148748682456903,0.730560672858678,3.16327500116937,4.16695070266724
2,5000,8e-05,"seasonal",2,0.4,812,126.657110583864,NA,0.826760725439702,0.83,0.71,0.935,181,2941.73222508356,16242.3479452055,3758.2,12067,11867,5764,3888,2172,43,2083,13815.5584550407,11886,0,151,49,0.487483085250338,0.641584158415842,0.150772044921572,0.731790750949193,3.15762865201426,4.19607782363892
2,5000,8e-05,"seasonal",3,0.4,813,126.657110583864,NA,0.852424524683579,0.855,0.72,0.955,193,2899.87174949318,16482.197260274,3518.35068493151,11548,11348,5555,3654,2096,43,1979,14174.7301845217,11355,0,167,33,0.491375497567448,0.635478260869565,0.139614650454581,0.688925136660526,3.22537490324701,4.86537432670593
2,5000,8e-05,"seasonal",4,0.4,814,126.657110583864,NA,0.829157580406553,0.83,0.705,0.945,186,2935.63475891732,16170.7506849315,3829.79726027397,12420,12220,5998,3953,2228,41,2122,13705.4013574235,12234,0,161,39,0.492487067903769,0.639540527422747,0.154829467934598,0.756551148327337,3.1907694244697,4.4993040561676
2,5000,8e-05,"seasonal",5,0.4,815,126.657110583864,NA,0.822356583200921,0.825,0.69,0.935,186,2946.11294477015,16323.4191780822,3677.12876712329,11981,11781,5604,3838,2299,40,2193,13854.3329521,11795,0,160,40,0.477301763052551,0.625386996904025,0.158289829440513,0.722581456208476,3.20385843034172,4.93208408355713
2,5000,8e-05,"constant",1,0,816,126.657110583864,NA,0.999919456468139,1,1,1,200,2465.97501232809,19992.8109589041,7.73698630137005,229,29,12,4,13,0,2,19882.1805355975,29,0,11,189,0.413793103448276,0.235294117647059,0.000100592588243485,0.0014505213928952,3.74822946175628,4.87518954277039
2,5000,8e-05,"constant",2,0,817,126.657110583864,NA,1,1,1,1,200,2466.19069503041,19991.9917808219,8.55616438356083,239,39,20,5,14,0,0,19881.5174433557,39,0,14,186,0.512820512820513,0.263157894736842,0,0.00195078111413652,4.55811719500524,4.69795918464661
2,5000,8e-05,"constant",3,0,818,126.657110583864,NA,1,1,1,1,200,2465.97572982302,19986.5863013699,13.961643835617,263,63,28,10,25,0,0,19870.4653885612,63,0,25,175,0.444444444444444,0.285714285714286,0,0.00315211407541277,4.51236263736246,4.40902853012085
2,5000,8e-05,"constant",4,0,819,126.657110583864,NA,1,1,1,1,200,2466.15797024821,19995.1369863014,5.41095890410725,227,27,11,5,11,0,0,19885.2790871913,27,0,11,189,0.407407407407407,0.3125,0,0.00135032833325911,4.98987341772368,4.52048254013062
2,5000,8e-05,"constant",5,0,820,126.657110583864,NA,0.999920826256096,1,1,1,200,2466.34030601063,19990.5397260274,10.0082191780821,254,54,25,8,21,0,3,19875.3887940472,54,0,18,182,0.462962962962963,0.275862068965517,0.000150940443534796,0.00270127774137548,5.39556528880379,4.80931282043457
2,5000,1e-04,"seasonal",1,0.4,821,126.657110583864,NA,0.855346830310668,0.865,0.72,0.96,193,2889.44132650266,16882.6821917808,3117.86575342466,12222,12022,6059,3630,2292,41,2171,14461.0802689603,12029,0,169,31,0.505717385860947,0.612968591691996,0.150127096981814,0.712505268022886,3.85584273049443,4.38080906867981
2,5000,1e-04,"seasonal",2,0.4,822,126.657110583864,NA,0.870010684346063,0.875,0.75,0.97,190,2869.29408909101,16982.9369863014,3017.61095890411,11782,11582,5795,3434,2312,41,2190,14615.5521301822,11592,0,173,27,0.502122866302747,0.597633136094675,0.149840387861741,0.682567450456316,3.83813558398733,4.061279296875
2,5000,1e-04,"seasonal",3,0.4,823,126.657110583864,NA,0.860559147443976,0.865,0.72,0.97,192,2876.7098501452,16895.0054794521,3105.54246575342,12460,12260,6260,3581,2379,40,2257,14441.9329613841,12268,0,170,30,0.51227495908347,0.600838926174497,0.156281019032212,0.726131756211652,3.94778050379216,3.99092388153076
2,5000,1e-04,"seasonal",4,0.4,824,126.657110583864,NA,0.876694427702592,0.88,0.745,0.975,192,2858.4394567421,17279.7315068493,2720.81643835616,11111,10911,5567,3079,2228,37,2111,15054.0561126725,10919,0,162,38,0.511955122310097,0.580177124552478,0.14022798800537,0.631896392352621,4.01019335453299,3.99133491516113
2,5000,1e-04,"seasonal",5,0.4,825,126.657110583864,NA,0.860897485069311,0.865,0.715,0.97,193,2877.43759081694,16939.0931506849,3061.45479452055,12074,11874,5909,3582,2342,41,2224,14504.3700215866,11881,0,166,34,0.499366179328995,0.604659014179608,0.153333098693019,0.701395280981709,3.87854820566102,4.23519253730774
2,5000,1e-04,"constant",1,0,826,126.657110583864,NA,1,1,1,1,200,2465.26388910197,19993.6575342466,6.89041095890207,243,43,21,6,16,0,1,19881.2544689287,43,0,15,185,0.488372093023256,0.272727272727273,5.02986369176475e-05,0.00215068203135652,6.24055666004161,4.49542641639709
2,5000,1e-04,"constant",2,0,827,126.657110583864,NA,1,1,1,1,200,2464.77449235658,19997.7589041096,2.78904109588984,222,22,9,1,12,0,1,19888.5202223533,22,0,11,189,0.409090909090909,0.0769230769230769,5.02802616192666e-05,0.00110012327408743,7.88801571709394,4.45507311820984
2,5000,1e-04,"constant",3,0,828,126.657110583864,NA,0.999983288586927,1,1,1,200,2465.39139718372,19993.5753424658,6.97260273972643,250,50,23,3,24,0,1,19880.2352908465,50,0,23,177,0.46,0.111111111111111,5.03012155223552e-05,0.00250080334025108,7.17092337917444,4.32504940032959
2,5000,1e-04,"constant",4,0,829,126.657110583864,NA,0.99998000109583,1,1,1,200,2465.31408470769,19993.1178082192,7.43013698630239,251,51,25,6,20,0,2,19879.8353301181,51,0,18,182,0.490196078431373,0.230769230769231,0.000100604455056526,0.00255087778150509,6.86393805309641,4.40315222740173
2,5000,1e-04,"constant",5,0,830,126.657110583864,NA,0.999951509506328,1,1,1,200,2465.42729110734,19997.7808219178,2.76712328767098,218,18,5,1,12,0,1,19888.9366607095,18,0,11,189,0.277777777777778,0.0769230769230769,5.02792088415413e-05,0.000900099874095619,6.50495049505009,11.1172931194305
2,5000,2e-04,"seasonal",1,0.4,831,126.657110583864,NA,0.947337680127116,0.96,0.85,1,200,2761.08725631472,18701.7616438356,1298.78630136986,9755,9555,5144,1728,2654,29,2517,16616.9028222626,9555,0,166,34,0.539995800965778,0.394340483797353,0.151472270550191,0.510914435868103,7.35686847784128,6.349280834198
2,5000,2e-04,"seasonal",2,0.4,832,126.657110583864,NA,0.942479316201852,0.95,0.85,1,200,2766.35634924114,18711.8301369863,1288.71780821918,9665,9465,5090,1735,2613,27,2478,16644.2712322281,9465,0,162,38,0.539309175672812,0.399034038638454,0.148880054009326,0.505829730748316,7.34450935622536,4.8894214630127
2,5000,2e-04,"seasonal",3,0.4,833,126.657110583864,NA,0.944776450605446,0.955,0.85,1,200,2764.5169270177,18778.5424657534,1222.00547945205,9137,8937,4756,1625,2522,34,2389,16797.8510238009,8937,0,167,33,0.534201954397394,0.391849529780564,0.14222057313254,0.475915530520991,7.31338782867597,5.28134536743164
2,5000,2e-04,"seasonal",4,0.4,834,126.657110583864,NA,0.94868527751904,0.955,0.855,1,199,2758.85205194236,18810.1150684931,1190.43287671233,8825,8625,4595,1564,2436,30,2303,16899.9491341234,8626,0,164,36,0.534613147178592,0.391,0.136272599504452,0.458583053245033,7.24526360849512,7.76610684394836
2,5000,2e-04,"seasonal",5,0.4,835,126.657110583864,NA,0.946125417785327,0.955,0.85,1,197,2763.85812092488,18705.8136986301,1294.73424657534,9666,9466,5122,1741,2571,32,2429,16663.6991307348,9469,0,177,23,0.542929828280687,0.403756957328386,0.145765953942358,0.506206260393443,7.31115286788636,7.5817186832428
2,5000,2e-04,"constant",1,0,836,126.657110583864,NA,0.999955344912608,1,1,1,200,2464.67386471974,19997.9068493151,2.64109589040891,228,28,10,6,12,0,1,19886.7640579698,28,0,11,189,0.357142857142857,0.333333333333333,5.02847017787815e-05,0.00140014653588403,10.6016597510456,6.74205589294434
2,5000,2e-04,"constant",2,0,837,126.657110583864,NA,1,1,1,1,200,2464.40770861871,19997.1095890411,3.43835616438446,233,33,11,2,20,0,1,19885.2133730383,33,0,19,181,0.333333333333333,0.0909090909090909,5.02886230708426e-05,0.0016502384933713,9.59760956175048,7.72602701187134
2,5000,2e-04,"constant",3,0,838,126.657110583864,NA,1,1,1,1,200,2464.12379979179,19998.2219178082,2.32602739725917,228,28,17,0,11,0,1,19889.8078935862,28,0,10,190,0.607142857142857,0,5.02770064623131e-05,0.00140012447681993,12.0376914016547,6.83152008056641
2,5000,2e-04,"constant",4,0,839,126.657110583864,NA,1,1,1,1,200,2464.40167086735,19997.1506849315,3.39726027397046,244,44,20,2,22,0,0,19884.5256625338,44,0,22,178,0.454545454545455,0.0833333333333333,0,0.00220031346931618,12.951612903234,5.95686149597168
2,5000,2e-04,"constant",5,0,840,126.657110583864,NA,0.999979453180648,1,1,1,200,2464.4808533779,19996.8630136986,3.68493150685026,239,39,20,1,18,0,3,19885.5175611704,39,0,15,185,0.512820512820513,0.0526315789473684,0.000150863561422106,0.00195030590414524,10.5836431226739,6.11747121810913
2,7500,1e-05,"seasonal",1,0.4,841,126.657110583864,NA,0.815933647471371,0.815,0.76,0.865,164,4612.92005890088,14003.4273972603,5997.12054794521,3216,3016,1233,1221,552,10,438,13274.1602350727,3052,0,160,40,0.410179640718563,0.688663282571912,0.0329964376083638,0.217946643590777,0.502908016586956,5.04529404640198
2,7500,1e-05,"seasonal",2,0.4,842,126.657110583864,NA,0.80149142512739,0.8,0.75,0.85,169,4661.14721248151,13420.3260273973,6580.22191780822,3249,3049,1253,1248,539,9,422,12693.5516231789,3080,0,157,43,0.412171052631579,0.698377168438724,0.0332452265943767,0.229502621151845,0.463358232911327,6.96917104721069
2,7500,1e-05,"seasonal",3,0.4,843,126.657110583864,NA,0.774967125089036,0.78,0.71,0.83,157,4747.03998520629,12825.9589041096,7174.58904109589,3485,3285,1369,1346,564,6,449,12058.5468506151,3328,0,164,36,0.417505336992986,0.704712041884817,0.0372350006648683,0.259473776961321,0.457865946214284,4.28277730941772
2,7500,1e-05,"seasonal",4,0.4,844,126.657110583864,NA,0.807066188154074,0.815,0.72,0.875,154,4648.50933236535,14123.1397260274,5877.40821917808,3113,2913,1218,1156,525,14,419,13427.0959254121,2959,0,166,34,0.420144877543981,0.687685901249256,0.0312055564604257,0.209514318869684,0.495626625098939,6.44559478759766
2,7500,1e-05,"seasonal",5,0.4,845,126.657110583864,NA,0.81269163333516,0.815,0.74,0.87,155,4626.35009232371,14661.2575342466,5339.2904109589,3132,2932,1224,1159,535,14,450,13956.4204697737,2977,0,144,56,0.419465387251542,0.68417945690673,0.0322432246129724,0.203052159273934,0.549136640700806,6.68567705154419
2,7500,1e-05,"constant",1,0,846,126.657110583864,NA,1,1,1,1,200,3691.73472385075,19981.2,19.347945205478,222,22,8,4,10,0,0,19871.9037447256,22,0,10,190,0.363636363636364,0.285714285714286,0,0.0011010349728745,1.13707165109043,6.64517903327942
2,7500,1e-05,"constant",2,0,847,126.657110583864,NA,1,1,1,1,200,3692.33637773273,19985.7452054795,14.8027397260266,214,14,7,2,5,0,0,19878.6242926708,14,0,5,195,0.5,0.285714285714286,0,0.000700499273660391,0.945770868036325,6.64649844169617
2,7500,1e-05,"constant",3,0,848,126.657110583864,NA,1,1,1,1,200,3692.02611911676,19993.4876712329,7.06027397260186,207,7,4,0,3,0,0,19887.6900460955,7,0,3,197,0.571428571428571,0,0,0.000350114002874635,0.991462941404857,5.24826431274414
2,7500,1e-05,"constant",4,0,849,126.657110583864,NA,1,1,1,1,200,3691.91273930196,19977.7452054795,22.8027397260266,222,22,13,2,7,0,0,19869.7612789722,22,0,7,193,0.590909090909091,0.222222222222222,0,0.00110122537722455,0.964796347470896,5.56562376022339
2,7500,1e-05,"constant",5,0,850,126.657110583864,NA,1,1,1,1,200,3691.76640293683,19989.7753424658,10.7726027397257,210,10,3,2,5,0,0,19882.5366214379,10,0,5,195,0.3,0.285714285714286,0,0.000500255747184725,0.928280773143467,5.68721055984497
2,7500,2e-05,"seasonal",1,0.4,851,126.657110583864,NA,0.900444633170785,0.905,0.84,0.945,190,4319.91072680949,16863.4767123288,3137.07123287671,3946,3746,1608,1440,686,12,553,15988.2615842323,3756,0,155,45,0.430637386181039,0.677328316086548,0.0345878754288941,0.222729871430013,1.19410740844571,6.70118069648743
2,7500,2e-05,"seasonal",2,0.4,852,126.657110583864,NA,0.900897759026903,0.9,0.85,0.945,185,4317.72673661717,17169.7561643836,2830.79178082192,3704,3504,1547,1306,642,9,520,16360.0547302752,3519,0,146,54,0.442632331902718,0.670431211498973,0.0317847347440538,0.204953405645894,1.23781622644906,5.86089849472046
2,7500,2e-05,"seasonal",3,0.4,853,126.657110583864,NA,0.894673716508684,0.895,0.845,0.935,190,4336.61011396636,16874.5835616438,3125.96438356164,3995,3795,1670,1436,676,13,555,16004.3410755587,3805,0,144,56,0.441565309360127,0.679924242424242,0.034678091236607,0.225487046012135,1.21402534845137,5.6895215511322
2,7500,2e-05,"seasonal",4,0.4,854,126.657110583864,NA,0.905683798148047,0.91,0.855,0.945,188,4306.24892800395,16779.2164383562,3221.33150684931,3837,3637,1514,1427,686,10,547,15917.0586088768,3649,0,161,39,0.417424869037772,0.675343114055845,0.0343656459048873,0.217471418489998,1.12903623618584,6.75074028968811
2,7500,2e-05,"seasonal",5,0.4,855,126.657110583864,NA,0.8996065968988,0.9,0.845,0.945,185,4320.64161032272,16834.8767123288,3165.67123287671,3949,3749,1577,1451,712,9,574,15948.1171249127,3764,0,162,38,0.421657754010695,0.6708275543227,0.0359917095857885,0.223583460949464,1.18426700823042,6.44851684570312
2,7500,2e-05,"constant",1,0,856,126.657110583864,NA,1,1,1,1,200,3691.86839022519,19995.5260273973,5.02191780821886,209,9,4,1,4,0,0,19889.2845666434,9,0,4,196,0.444444444444444,0.2,0,0.000450100686907085,1.79214402618669,8.1148726940155
2,7500,2e-05,"constant",2,0,857,126.657110583864,NA,1,1,1,1,200,3692.20839789601,19994.3424657534,6.20547945205544,213,13,8,1,4,0,0,19887.9201830818,13,0,4,196,0.615384615384615,0.2,0,0.000650183921890233,2.09492273730662,6.2278904914856
2,7500,2e-05,"constant",3,0,858,126.657110583864,NA,1,1,1,1,200,3691.48813462276,19995.5616438356,4.98630136986321,213,13,8,0,5,0,0,19889.1667584242,13,0,5,195,0.615384615384615,0,0,0.000650144278593332,2.60714285714275,6.19984769821167
2,7500,2e-05,"constant",4,0,859,126.657110583864,NA,1,1,1,1,200,3691.73881376363,19994.6684931507,5.87945205479264,214,14,6,1,7,0,0,19887.3010049996,14,0,7,193,0.428571428571429,0.125,0,0.000700186652496679,2.38117427772676,6.4597704410553
2,7500,2e-05,"constant",5,0,860,126.657110583864,NA,1,1,1,1,200,3691.8875297244,19998.3561643836,2.19178082191866,204,4,1,1,2,0,0,19892.8133337667,4,0,2,198,0.25,0.333333333333333,0,0.000200016439707373,1.82499999999929,6.5749077796936
2,7500,3e-05,"seasonal",1,0.4,861,126.657110583864,NA,0.929616733329681,0.935,0.87,0.97,194,4218.24862363706,17816.7561643836,2183.79178082192,4115,3915,1733,1437,736,9,590,16912.4167368391,3921,0,161,39,0.443676395289299,0.661297745052922,0.0348856115113842,0.220073730808431,1.79275333590939,9.047208070755
2,7500,3e-05,"seasonal",2,0.4,862,126.657110583864,NA,0.9521478275163,0.955,0.915,0.985,197,4163.53522437127,18132.3616438356,1868.18630136986,3637,3437,1554,1195,677,11,526,17334.9786462916,3440,0,165,35,0.453590192644483,0.638354700854701,0.0303432736049274,0.189716048442564,1.8397522760336,6.52691841125488
2,7500,3e-05,"seasonal",3,0.4,863,126.657110583864,NA,0.940133417346995,0.94,0.9,0.975,192,4198.35945098899,18118.1945205479,1882.35342465753,3548,3348,1494,1174,672,8,529,17332.5047129604,3356,0,159,41,0.447305389221557,0.635969664138678,0.0305206898114638,0.18522816918617,1.77862454316151,7.51551079750061
2,7500,3e-05,"seasonal",4,0.4,864,126.657110583864,NA,0.940219440030683,0.945,0.89,0.975,188,4196.45601062955,18143.6273972603,1856.9205479452,3701,3501,1566,1202,722,11,596,17321.8358363781,3513,0,149,51,0.448710601719198,0.624740124740125,0.034407438427994,0.193621701056894,1.88537953542173,8.79148578643799
2,7500,3e-05,"seasonal",5,0.4,865,126.657110583864,NA,0.940387102076599,0.94,0.89,0.975,192,4189.42233192702,18189.4191780822,1811.12876712329,3725,3525,1572,1261,683,9,551,17365.4644417731,3533,0,149,51,0.447098976109215,0.648662551440329,0.0317296437332569,0.194233799628807,1.94630004447389,6.2901086807251
2,7500,3e-05,"constant",1,0,866,126.657110583864,NA,1,1,1,1,200,3691.95191414169,19998.0876712329,2.46027397260332,207,7,2,0,5,0,0,19891.7557995201,7,0,5,195,0.285714285714286,0,0,0.000350033468953607,2.84521158129109,6.25888752937317
2,7500,3e-05,"constant",2,0,867,126.657110583864,NA,1,1,1,1,200,3691.77817325078,19996.8109589041,3.73698630137005,208,8,3,0,5,0,0,19890.3530597941,8,0,5,195,0.375,0,0,0.000400063790993523,2.140762463343,6.92364692687988
2,7500,3e-05,"constant",3,0,868,126.657110583864,NA,1,1,1,1,200,3692.17242342885,19998.5534246575,1.99452054794529,207,7,2,0,5,0,0,19892.2571693831,7,0,5,195,0.285714285714286,0,0,0.000350025316899633,3.50961538461524,6.44289183616638
2,7500,3e-05,"constant",4,0,869,126.657110583864,NA,1,1,1,1,200,3691.92365842968,19997.2575342466,3.29041095890352,217,17,7,2,8,0,0,19889.1777173283,17,0,8,192,0.411764705882353,0.2,0,0.000850116570779089,5.16652789342307,6.35756921768188
2,7500,3e-05,"constant",5,0,870,126.657110583864,NA,1,1,1,1,200,3691.46288422552,19992.3835616438,8.16438356164144,228,28,14,2,12,0,0,19883.1147036297,28,0,12,188,0.5,0.142857142857143,0,0.00140053335379775,3.42953020134329,6.89961123466492
2,7500,5e-05,"seasonal",1,0.4,871,126.657110583864,NA,0.969186619911238,0.97,0.935,0.995,199,4104.09709139225,18854.3068493151,1146.24109589041,3873,3673,1796,1107,762,8,618,18031.4235515246,3674,0,153,47,0.490040927694407,0.592295345104334,0.0342735002721261,0.194862639574229,3.20438694195201,6.31575751304626
2,7500,5e-05,"seasonal",2,0.4,872,126.657110583864,NA,0.971569776998521,0.975,0.935,0.995,195,4101.55025505452,18973.4465753425,1027.10136986301,3377,3177,1502,972,696,7,547,18230.505576935,3182,0,161,39,0.473817034700315,0.58273381294964,0.0300046533373192,0.167708064392226,3.09317083319997,6.15248942375183
2,7500,5e-05,"seasonal",3,0.4,873,126.657110583864,NA,0.970875568462002,0.975,0.93,0.995,192,4102.99580762698,18868.8657534247,1131.68219178082,3617,3417,1636,1041,726,14,582,18087.5914902312,3425,0,166,34,0.480752277402292,0.589134125636672,0.0321767550043535,0.181515945089512,3.01939893091627,6.23853659629822
2,7500,5e-05,"seasonal",4,0.4,874,126.657110583864,NA,0.972891896334447,0.975,0.935,0.995,195,4098.7235148759,18884.5342465753,1116.01369863014,3593,3393,1656,1043,683,11,543,18122.9655367351,3398,0,156,44,0.489651094027203,0.604287369640788,0.0299619838099534,0.179935599979979,3.04028526187875,6.40461659431458
2,7500,5e-05,"seasonal",5,0.4,875,126.657110583864,NA,0.970412306175004,0.975,0.935,0.995,196,4106.19504739466,19066.7150684932,933.832876712328,3256,3056,1473,881,698,4,565,18341.7530162521,3060,0,141,59,0.482634338138925,0.55794806839772,0.0308040348978295,0.160489103078721,3.27253417202339,5.25724029541016
2,7500,5e-05,"constant",1,0,876,126.657110583864,NA,1,1,1,1,200,3691.12604021697,19998.2794520548,2.26849315068466,208,8,3,1,4,0,0,19891.8051145886,8,0,4,196,0.375,0.2,0,0.000400034413919444,3.5265700483096,5.43240594863892
2,7500,5e-05,"constant",2,0,877,126.657110583864,NA,1,1,1,1,200,3692.07801188976,19998.9863013699,1.56164383561554,206,6,3,0,3,0,0,19893.3968954105,6,0,3,197,0.5,0,0,0.00030001520625018,3.8421052631601,6.66758370399475
2,7500,5e-05,"constant",3,0,878,126.657110583864,NA,1,1,1,1,200,3691.79137581502,19996.997260274,3.55068493150611,209,9,4,1,4,0,0,19890.8325118489,9,0,4,196,0.444444444444444,0.2,0,0.00045006757178886,2.53472222222275,6.62116241455078
2,7500,5e-05,"constant",4,0,879,126.657110583864,NA,1,1,1,1,200,3690.8876453345,19997.5260273973,3.02191780821886,216,16,7,2,7,0,0,19889.7585392461,16,0,7,193,0.4375,0.222222222222222,0,0.000800098971146705,5.29465095194979,6.61242747306824
2,7500,5e-05,"constant",5,0,880,126.657110583864,NA,1,1,1,1,200,3691.52755273684,19996.9068493151,3.64109589040891,222,22,12,0,10,0,1,19888.690085367,22,0,9,191,0.545454545454545,0,5.02798321914495e-05,0.00110017014960259,6.04213694507489,7.68592119216919
2,7500,8e-05,"seasonal",1,0.4,881,126.657110583864,NA,0.981014464960824,0.985,0.95,1,199,4074.24424552079,19381.4575342466,619.090410958903,3091,2891,1449,683,751,8,603,18689.8585788894,2892,0,157,43,0.502601456815817,0.47629009762901,0.0322634865028408,0.149214784021785,4.66975412447781,6.0442590713501
2,7500,8e-05,"seasonal",2,0.4,882,126.657110583864,NA,0.980963782806422,0.985,0.945,1,199,4078.69364390992,19340.5561643836,659.991780821918,3208,3008,1552,710,739,7,591,18647.4800647103,3009,0,156,44,0.517160946351216,0.489993098688751,0.0316932903507132,0.155579807241593,4.55763251514133,6.20846939086914
2,7500,8e-05,"seasonal",3,0.4,883,126.657110583864,NA,0.979194564681387,0.985,0.94,1,200,4081.03949180867,19337.5123287671,663.035616438356,3260,3060,1538,738,774,10,624,18617.1689533619,3060,0,160,40,0.504262295081967,0.488095238095238,0.0335174484135149,0.158241657353611,4.61513668969621,7.82563996315002
2,7500,8e-05,"seasonal",4,0.4,884,126.657110583864,NA,0.980882417401786,0.985,0.94,1,198,4077.81705057257,19393.3616438356,607.186301369864,2964,2764,1378,657,720,9,572,18729.0928993658,2766,0,159,41,0.500181488203267,0.477124183006536,0.0305407209560784,0.142626123866421,4.55214485861124,6.7124936580658
2,7500,8e-05,"seasonal",5,0.4,885,126.657110583864,NA,0.98255520245466,0.985,0.95,1,199,4072.28707796833,19329.7287671233,670.819178082191,3237,3037,1535,748,745,9,596,18619.1130592373,3038,0,159,41,0.506935270805812,0.501004688546551,0.0320101176733718,0.157167233777597,4.52730049949153,6.71151542663574
2,7500,8e-05,"constant",1,0,886,126.657110583864,NA,1,1,1,1,200,3691.38544600296,19996.7369863014,3.8109589041087,222,22,13,3,6,0,0,19888.8599091092,22,0,6,194,0.590909090909091,0.333333333333333,0,0.00110017949503816,5.77282530553693,6.43250894546509
2,7500,8e-05,"constant",2,0,887,126.657110583864,NA,1,1,1,1,200,3690.87662292477,19996.7917808219,3.75616438356155,228,28,13,4,11,0,0,19886.7886762324,28,0,11,189,0.464285714285714,0.266666666666667,0,0.00140022461137259,7.45441283734518,6.04161167144775
2,7500,8e-05,"constant",3,0,888,126.657110583864,NA,1,1,1,1,200,3690.91242534656,19998.904109589,1.64383561643626,211,11,5,2,4,0,0,19892.2653885612,11,0,4,196,0.454545454545455,0.333333333333333,0,0.000550030138637734,6.69166666667519,6.06194972991943
2,7500,8e-05,"constant",4,0,889,126.657110583864,NA,1,1,1,1,200,3690.37855925703,19998.0849315068,2.46301369863068,211,11,5,0,6,0,0,19891.4105940407,11,0,6,194,0.454545454545455,0,0,0.00055005266942684,4.46607341490447,6.59275436401367
2,7500,8e-05,"constant",5,0,890,126.657110583864,NA,1,1,1,1,200,3690.80852199879,19999.8547945205,0.693150684932334,204,4,2,0,2,0,0,19894.5393611639,4,0,2,198,0.5,0,0,0.000200001452065337,5.77075098813541,6.64944243431091
2,7500,1e-04,"seasonal",1,0.4,891,126.657110583864,NA,0.986394170182456,0.99,0.955,1,198,4064.57344364692,19494.5287671233,506.019178082192,3080,2880,1508,589,776,7,633,18816.1693460777,2882,0,152,48,0.524886877828054,0.431501831501832,0.0336412788574287,0.147836351133574,5.69148388983037,7.98706984519958
2,7500,1e-04,"seasonal",2,0.4,892,126.657110583864,NA,0.987510273409676,0.99,0.96,1,199,4062.43682976275,19475.3753424658,525.172602739724,2993,2793,1461,592,734,6,588,18817.4142327425,2794,0,153,47,0.524219590958019,0.446455505279035,0.0312476513896832,0.143463217055834,5.31825153374236,7.09204626083374
2,7500,1e-04,"seasonal",3,0.4,893,126.657110583864,NA,0.986329242233302,0.99,0.955,1,200,4066.15000246562,19515.0191780822,485.528767123287,2920,2720,1442,551,719,8,578,18874.594622673,2720,0,149,51,0.531710914454277,0.433858267716535,0.0306231742485045,0.13937982715666,5.60213973749845,4.67955899238586
2,7500,1e-04,"seasonal",4,0.4,894,126.657110583864,NA,0.983242836008986,0.985,0.945,1,199,4072.79448797326,19511.3123287671,489.235616438356,3059,2859,1500,543,807,9,669,18825.395378117,2860,0,148,52,0.526315789473684,0.402222222222222,0.0355371022261588,0.146581631814856,5.84381002514406,6.213059425354
2,7500,1e-04,"seasonal",5,0.4,895,126.657110583864,NA,0.985770094789327,0.99,0.95,1,200,4066.55139827955,19493.0356164384,507.512328767123,2914,2714,1399,575,734,6,586,18842.2607688134,2714,0,154,46,0.516617429837518,0.439266615737204,0.0311003019855194,0.139229212596898,5.3476533399553,5.99096918106079
2,7500,1e-04,"constant",1,0,896,126.657110583864,NA,1,1,1,1,200,3690.626246781,19999.1643835616,1.38356164383367,217,17,8,0,9,0,0,19891.6599091092,17,0,9,191,0.470588235294118,0,0,0.000850035515182484,12.2871287128885,7.21668648719788
2,7500,1e-04,"constant",2,0,897,126.657110583864,NA,1,1,1,1,200,3689.9597797381,19999.9863013699,0.561643835615541,205,5,1,1,3,0,0,19893.9557995201,5,0,3,197,0.2,0.25,0,0.000250000171232994,8.90243902440446,6.32538342475891
2,7500,1e-04,"constant",3,0,898,126.657110583864,NA,1,1,1,1,200,3690.60794970139,19999.2876712329,1.26027397260259,212,12,3,0,9,0,0,19891.6626488352,12,0,9,191,0.25,0,0,0.000600021370624159,9.52173913043591,5.38979434967041
2,7500,1e-04,"constant",4,0,899,126.657110583864,NA,1,1,1,1,200,3690.28832474933,19998.7095890411,1.83835616438228,216,16,6,1,9,0,0,19890.4818269174,16,0,9,191,0.375,0.1,0,0.000800051619768892,8.70342771982725,4.92166709899902
2,7500,1e-04,"constant",5,0,900,126.657110583864,NA,1,1,1,1,200,3690.22798695962,19998.8219178082,1.72602739726062,216,16,5,0,11,0,0,19890.3831967804,16,0,11,189,0.3125,0,0,0.00080004712606359,9.2698412698394,4.74225759506226
2,7500,2e-04,"seasonal",1,0.4,901,126.657110583864,NA,0.994977535477508,1,0.975,1,200,4045.59224563038,19790.1205479452,210.427397260275,2024,1824,958,203,656,7,509,19293.6357878224,1824,0,154,46,0.527242707760044,0.236321303841676,0.0263817564298205,0.0921672000724313,8.66807280681192,4.53655004501343
2,7500,2e-04,"seasonal",2,0.4,902,126.657110583864,NA,0.994374554818914,1,0.97,1,200,4047.5986447318,19759.1753424658,241.372602739724,2180,1980,1052,253,669,6,518,19241.5375504012,1980,0,157,43,0.532928064842959,0.274403470715835,0.0269209255571782,0.100206611140529,8.20308509551544,4.63552689552307
2,7500,2e-04,"seasonal",3,0.4,903,126.657110583864,NA,0.994233740616952,1,0.975,1,200,4047.54415210125,19780.1068493151,220.441095890412,2163,1963,1049,199,709,6,570,19255.9916473175,1963,0,145,55,0.536024527337762,0.219162995594714,0.0296011761138983,0.0992411221513686,8.90487316836725,5.56282949447632
2,7500,2e-04,"seasonal",4,0.4,904,126.657110583864,NA,0.994590159443318,1,0.975,1,200,4046.28670976933,19760.6712328767,239.876712328765,2313,2113,1171,219,718,5,565,19226.2188874915,2113,0,158,42,0.55550284629981,0.233724653148346,0.029386953477763,0.106929566060717,8.8086916795158,4.69938182830811
2,7500,2e-04,"seasonal",5,0.4,905,126.657110583864,NA,0.994321407046189,1,0.97,1,200,4047.70211139116,19778.9698630137,221.57808219178,2103,1903,1009,206,681,7,534,19270.1107422145,1903,0,154,46,0.532172995780591,0.232243517474634,0.0277113093507128,0.0962133019656688,8.58839457935609,4.84178519248962
2,7500,2e-04,"constant",1,0,906,126.657110583864,NA,1,1,1,1,200,3688.4661582927,19999.9095890411,0.638356164381548,211,11,4,0,7,0,0,19892.8105940407,11,0,7,193,0.363636363636364,0,0,0.000550002486312609,17.2317596567067,4.88324499130249
2,7500,2e-04,"constant",2,0,907,126.657110583864,NA,1,1,1,1,200,3687.91796093365,20000.4876712329,0.0602739726018626,202,2,0,0,2,0,0,19895.1311419859,2,0,2,198,0,0,0,9.999756170329e-05,33.181818182301,4.8162579536438
2,7500,2e-04,"constant",3,0,908,126.657110583864,NA,1,1,1,1,200,3688.05982055778,20000.2684931507,0.279452054794092,206,6,2,0,4,0,0,19894.2544296571,6,0,4,196,0.333333333333333,0,0,0.000299995972656805,21.470588235327,5.03893804550171
2,7500,2e-04,"constant",4,0,909,126.657110583864,NA,1,1,1,1,200,3688.60361158293,19999.8,0.747945205479482,210,10,4,0,6,0,0,19892.9914159585,10,0,6,194,0.4,0,0,0.000500005000050001,13.3699633699628,4.94923329353333
2,7500,2e-04,"constant",5,0,910,126.657110583864,NA,1,1,1,1,200,3688.61687989699,19999.898630137,0.649315068490978,212,12,7,0,5,0,0,19893.54210089,12,0,5,195,0.583333333333333,0,0,0.000600003041111304,18.4810126582897,4.34112906455994
2,10000,1e-05,"seasonal",1,0.4,911,126.657110583864,NA,0.969587419867404,0.97,0.945,0.985,194,5493.60741630596,18019.895890411,1980.65205479452,1645,1445,565,591,288,1,147,17614.7612975404,1451,0,148,52,0.391274238227147,0.672354948805461,0.00834527346223684,0.0805221078314958,0.729557721409029,4.17642378807068
2,10000,1e-05,"seasonal",2,0.4,912,126.657110583864,NA,0.971171716618268,0.975,0.935,0.995,195,5490.09163744452,18219.8301369863,1780.71780821918,1535,1335,559,503,271,2,132,17848.4401605215,1340,0,146,54,0.419354838709677,0.649870801033592,0.0073956042552092,0.0735462399992301,0.749697674633286,4.63713550567627
2,10000,1e-05,"seasonal",3,0.4,913,126.657110583864,NA,0.977439866308695,0.98,0.95,1,197,5466.05003917594,17975.397260274,2025.1506849315,1614,1414,599,528,283,4,140,17590.1938993517,1417,0,150,50,0.424822695035461,0.651048088779285,0.00795897991807583,0.0788299685109937,0.698219648800022,4.60086894035339
2,10000,1e-05,"seasonal",4,0.4,914,126.657110583864,NA,0.969843022300148,0.97,0.95,0.995,199,5495.66585776122,17861.0191780822,2139.52876712329,1624,1424,578,554,291,1,146,17463.1477559965,1425,0,147,53,0.406184118060436,0.655621301775148,0.00836046296120162,0.0797826812564348,0.665567120144239,4.82597303390503
2,10000,1e-05,"seasonal",5,0.4,915,126.657110583864,NA,0.971412251383486,0.97,0.945,0.995,196,5489.67821434442,17943.1095890411,2057.43835616438,1650,1450,586,593,269,2,124,17549.486460963,1454,0,151,49,0.404696132596685,0.687935034802784,0.00706573381938127,0.0810338917446083,0.704759875626693,4.52157044410706
2,10000,1e-05,"constant",1,0,916,126.657110583864,NA,1,1,1,1,200,4918.13240562161,19986.8164383562,13.7315068493153,217,17,10,0,7,0,0,19879.6818269174,17,0,7,193,0.588235294117647,0,0,0.000850560670951866,1.23802873104547,4.51088953018188
2,10000,1e-05,"constant",2,0,917,126.657110583864,NA,1,1,1,1,200,4918.40807763958,20000.0630136986,0.484931506849534,201,1,0,0,1,0,0,19895.0599091092,1,0,1,199,0,0,0,4.99998424662498e-05,2.06214689265443,4.37665510177612
2,10000,1e-05,"constant",3,0,918,126.657110583864,NA,1,1,1,1,200,4918.07804887403,19999.1123287671,1.4356164383571,202,2,0,0,2,0,0,19893.846210479,2,0,2,198,0,0,0,0.000100004438553163,1.39312977099146,4.32062149047852
2,10000,1e-05,"constant",4,0,919,126.657110583864,NA,1,1,1,1,200,4918.0333146129,19999.8328767123,0.715068493151193,203,3,1,0,2,0,0,19894.5256625338,3,0,2,198,0.333333333333333,0,0,0.000150001253435131,4.19540229884759,4.14608812332153
2,10000,1e-05,"constant",5,0,920,126.657110583864,NA,1,1,1,1,200,4918.32365021095,20000.0465753425,0.501369863013679,202,2,1,0,1,0,0,19895.0051145886,2,0,1,199,0.5,0,0,9.999976712383e-05,3.98907103825152,4.12745022773743
2,10000,2e-05,"seasonal",1,0.4,921,126.657110583864,NA,0.988906635252863,0.99,0.97,1,197,5413.2173223385,19052.295890411,948.252054794521,1625,1425,598,529,295,3,147,18662.4764053051,1428,0,154,46,0.420534458509142,0.641990291262136,0.00787676816342622,0.0749515968161461,1.50276500092456,4.01970529556274
2,10000,2e-05,"seasonal",2,0.4,922,126.657110583864,NA,0.981457454386061,0.98,0.96,0.995,198,5438.48157196866,18884.9863013699,1115.56164383562,1881,1681,735,625,318,3,161,18454.2386382143,1683,0,162,38,0.438021454112038,0.662778366914104,0.00872428297673618,0.0891184125390612,1.50686428606513,4.00880408287048
2,10000,2e-05,"seasonal",3,0.4,923,126.657110583864,NA,0.9906122952167,0.99,0.975,1,198,5409.28997397403,19126.3150684931,874.232876712329,1462,1262,513,488,259,2,116,18764.4615677993,1264,0,147,53,0.407142857142857,0.653279785809906,0.00618189866950733,0.0660869590129356,1.44355129350193,4.03563237190247
2,10000,2e-05,"seasonal",4,0.4,924,126.657110583864,NA,0.988836228151882,0.99,0.975,1,199,5411.84169196208,19036.6191780822,963.928767123289,1631,1431,613,534,282,2,135,18649.0486546006,1432,0,150,50,0.428971308607418,0.654411764705882,0.0072389751617006,0.0752234410219611,1.48454953188151,4.12125444412231
2,10000,2e-05,"seasonal",5,0.4,925,126.657110583864,NA,0.983122568626377,0.985,0.96,1,199,5432.81676839625,18976.7698630137,1023.77808219178,1770,1570,722,542,304,2,161,18575.1236482643,1571,0,146,54,0.460459183673469,0.640661938534279,0.00866750623299588,0.0827854272007549,1.53353546760723,4.01264214515686
2,10000,2e-05,"constant",1,0,926,126.657110583864,NA,1,1,1,1,200,4917.95993644184,19999.9260273973,0.621917808217404,205,5,2,1,2,0,0,19894.0982652735,5,0,2,198,0.4,0.333333333333333,0,0.000250000924660954,8.03964757711545,4.33209037780762
2,10000,2e-05,"constant",2,0,927,126.657110583864,NA,1,1,1,1,200,4917.50375979398,19996.1589041096,4.38904109588839,211,11,3,1,7,0,0,19888.7147036297,11,0,7,193,0.272727272727273,0.125,0,0.000550105650427657,2.50624219725459,4.34946751594543
2,10000,2e-05,"constant",3,0,928,126.657110583864,NA,1,1,1,1,200,4917.57509533724,19997.4082191781,3.13972602739523,210,10,7,0,3,0,0,19891.5859365064,10,0,3,197,0.7,0,0,0.000500064802918296,3.18499127399857,4.1413471698761
2,10000,2e-05,"constant",4,0,929,126.657110583864,NA,1,1,1,1,200,4917.15197633006,19999.7698630137,0.778082191780413,204,4,1,0,3,0,0,19894.1229228078,4,0,3,197,0.25,0,0,0.000200002301396345,5.14084507042524,4.06324577331543
2,10000,2e-05,"constant",5,0,930,126.657110583864,NA,1,1,1,1,200,4917.82510026848,20000.4767123288,0.0712328767112922,202,2,0,0,2,0,0,19895.0708680133,2,0,2,198,0,0,0,9.99976164951685e-05,28.0769230773316,4.03486084938049
2,10000,3e-05,"seasonal",1,0.4,931,126.657110583864,NA,0.993394334557011,0.995,0.98,1,200,5394.91922086461,19416.1753424658,584.372602739724,1528,1328,614,422,289,3,138,19063.1309641962,1328,0,154,46,0.463396226415094,0.593530239099859,0.00723910464966052,0.0683965805096273,2.27252269147101,3.83788418769836
2,10000,3e-05,"seasonal",2,0.4,932,126.657110583864,NA,0.993400909539203,0.995,0.98,1,199,5396.62173031615,19346.1452054795,654.402739726025,1629,1429,647,482,296,4,147,18966.1257596451,1430,0,154,46,0.454035087719298,0.619537275064267,0.00775066040702824,0.0739165340077659,2.18367056439628,3.80090761184692
2,10000,3e-05,"seasonal",3,0.4,933,126.657110583864,NA,0.990232042079886,0.99,0.975,1,200,5405.71830529834,19182.8602739726,817.687671232878,1913,1713,785,602,324,2,162,18754.5429048896,1713,0,164,36,0.458796025715956,0.650107991360691,0.00863790713650312,0.0892984662107041,2.09493191626236,3.83202886581421
2,10000,3e-05,"seasonal",4,0.4,934,126.657110583864,NA,0.990982411922634,0.99,0.975,1,200,5404.15193359268,19389.8739726027,610.673972602741,1616,1416,649,468,298,1,147,19014.1752317999,1416,0,152,48,0.458657243816254,0.610966057441253,0.00773107422267532,0.0730278083292734,2.31874955136027,7.84293937683105
2,10000,3e-05,"seasonal",5,0.4,935,126.657110583864,NA,0.990478603912114,0.99,0.975,1,199,5404.94233959783,19463.6904109589,536.857534246574,1438,1238,546,408,282,2,144,19113.7613368119,1239,0,141,59,0.441747572815534,0.591304347826087,0.00753383896882007,0.0636569927819233,2.30601215597618,5.85178446769714
2,10000,3e-05,"constant",1,0,936,126.657110583864,NA,1,1,1,1,200,4917.21044408526,19999.6082191781,0.939726027398137,202,2,1,0,1,0,0,19894.6736077393,2,0,1,199,0.5,0,0,0.000100001958942483,2.12827988337994,6.5529317855835
2,10000,3e-05,"constant",2,0,937,126.657110583864,NA,1,1,1,1,200,4916.87978987453,19999.3671232877,1.18082191780923,205,5,3,0,2,0,0,19894.0571693831,5,0,2,198,0.6,0,0,0.000250007911209245,4.23433874709616,6.38568544387817
2,10000,3e-05,"constant",3,0,938,126.657110583864,NA,1,1,1,1,200,4917.55177935456,19996.5945205479,3.95342465753492,214,14,6,0,8,0,0,19889.1886762324,14,0,8,192,0.428571428571429,0,0,0.000700119212079536,3.54123354123293,5.78962063789368
2,10000,3e-05,"constant",4,0,939,126.657110583864,NA,1,1,1,1,200,4917.27304476467,19997.7397260274,2.80821917808134,208,8,3,1,4,0,0,19891.2105940407,8,0,4,196,0.375,0.2,0,0.000400045210588868,2.84878048780574,6.55852746963501
2,10000,3e-05,"constant",5,0,940,126.657110583864,NA,1,1,1,1,200,4917.72693907183,20000.4164383562,0.131506849313155,201,1,0,0,1,0,0,19895.3941556845,1,0,1,199,0,0,0,4.99989589257867e-05,7.60416666677732,6.26530861854553
2,10000,5e-05,"seasonal",1,0.4,941,126.657110583864,NA,0.996862089748507,1,0.985,1,200,5381.13697194674,19652.5589041096,347.989041095891,1505,1305,645,345,314,1,173,19302.491321354,1305,0,142,58,0.494631901840491,0.523520485584218,0.00896257364502029,0.0664035663939472,3.75011809535806,7.39902973175049
2,10000,5e-05,"seasonal",2,0.4,942,126.657110583864,NA,0.995556955783245,0.995,0.985,1,200,5387.55497506986,19677.4821917808,323.065753424657,1369,1169,575,314,280,0,141,19356.4599669489,1169,0,139,61,0.491873396065013,0.528619528619529,0.00728438982338491,0.0594080070105862,3.61845843333137,6.35968136787415
2,10000,5e-05,"seasonal",3,0.4,943,126.657110583864,NA,0.995333680346282,0.995,0.985,1,198,5387.50445646814,19623.2931506849,377.254794520548,1513,1313,654,359,299,1,154,19278.3644692537,1315,0,148,52,0.498475609756098,0.545592705167173,0.00798822951218754,0.0670121976929291,3.48040639660707,7.57033824920654
2,10000,5e-05,"seasonal",4,0.4,944,126.657110583864,NA,0.996493890745713,1,0.985,1,199,5384.50520793381,19626.3479452055,374.200000000001,1486,1286,641,367,278,0,131,19292.2787130438,1287,0,148,52,0.498444790046656,0.568992248062016,0.00679028133215953,0.0655751138007518,3.43666488508818,7.38112902641296
2,10000,5e-05,"seasonal",5,0.4,945,126.657110583864,NA,0.995004657279053,0.995,0.98,1,200,5388.88709139225,19549.6520547945,450.895890410957,1701,1501,715,458,327,1,166,19161.0280327543,1501,0,162,38,0.476666666666667,0.58343949044586,0.00866341825272817,0.0767788600939259,3.32892810052439,6.1168110370636
2,10000,5e-05,"constant",1,0,946,126.657110583864,NA,1,1,1,1,200,4917.06612678757,19999.7068493151,0.841095890409633,207,7,4,0,3,0,0,19893.9968954105,7,0,3,197,0.571428571428571,0,0,0.000350005130212183,8.32247557004569,9.12600517272949
2,10000,5e-05,"constant",2,0,947,126.657110583864,NA,1,1,1,1,200,4916.45793983891,19996.4438356164,4.10410958903958,216,16,6,1,9,0,0,19888.4873063694,16,0,9,191,0.375,0.1,0,0.000800142271872451,3.89853137516833,7.17933106422424
2,10000,5e-05,"constant",3,0,948,126.657110583864,NA,1,1,1,1,200,4916.98179606597,19999.2575342466,1.29041095890352,205,5,3,0,2,0,0,19893.9557995201,5,0,2,198,0.6,0,0,0.000250009281166465,3.87473460722045,6.3273766040802
2,10000,5e-05,"constant",4,0,949,126.657110583864,NA,1,1,1,1,200,4917.45358555696,19998.9863013699,1.56164383561554,212,12,5,2,5,0,0,19892.0105940407,12,0,5,195,0.416666666666667,0.285714285714286,0,0.00060003041250036,7.6842105263202,7.78217554092407
2,10000,5e-05,"constant",5,0,950,126.657110583864,NA,1,1,1,1,200,4917.83677962851,20000.0630136986,0.484931506849534,204,4,0,0,4,0,0,19894.0790871913,4,0,4,196,0,0,0,0.000199999369864999,8.24858757061774,6.171462059021
2,10000,8e-05,"seasonal",1,0.4,951,126.657110583864,NA,0.997844775628733,1,0.99,1,200,5377.77954769602,19775.4191780822,225.128767123286,1305,1105,573,230,300,2,154,19468.8001249636,1105,0,148,52,0.519492293744334,0.433962264150943,0.00791009199393523,0.0558774501844548,4.9083020980383,6.07547664642334
2,10000,8e-05,"seasonal",2,0.4,952,126.657110583864,NA,0.997834091282669,1,0.99,1,200,5379.06152019067,19773.9068493151,226.641095890409,1261,1061,546,233,278,4,131,19478.7361294757,1061,0,151,49,0.516556291390728,0.455968688845401,0.00672528233501597,0.0536565691385742,4.68141047338141,7.88363838195801
2,10000,8e-05,"seasonal",3,0.4,953,126.657110583864,NA,0.998374609610432,1,0.99,1,200,5376.90529258671,19794.3479452055,206.200000000001,1139,939,465,201,271,2,116,19513.6287696301,939,0,157,43,0.496264674493063,0.425847457627119,0.00594456322652482,0.0474377838865585,4.55383123181376,6.12754964828491
2,10000,8e-05,"seasonal",4,0.4,954,126.657110583864,NA,0.997277957372199,1,0.985,1,200,5380.64389266342,19758.0684931507,242.479452054795,1346,1146,603,252,289,2,145,19449.05456604,1146,0,146,54,0.527097902097902,0.465804066543438,0.00745537524755494,0.0580016209781473,4.72617366250494,6.78168392181396
2,10000,8e-05,"seasonal",5,0.4,955,126.657110583864,NA,0.998112706153087,1,0.99,1,200,5378.64435866528,19790.6383561644,209.909589041094,1204,1004,515,212,274,3,131,19505.1827440897,1004,0,146,54,0.514485514485514,0.436213991769547,0.0067161636842236,0.0507310568730227,4.78301160316906,6.42527031898499
2,10000,8e-05,"constant",1,0,956,126.657110583864,NA,1,1,1,1,200,4916.17179935346,20000.2109589041,0.336986301368597,203,3,0,0,3,0,0,19894.4955255475,3,0,3,197,0,0,0,0.000149998417824908,8.90243902442368,5.38864326477051
2,10000,8e-05,"constant",2,0,957,126.657110583864,NA,1,1,1,1,200,4916.00073420634,20000.2684931507,0.279452054794092,205,5,1,0,4,0,0,19894.144840616,5,0,4,196,0.2,0,0,0.000249996643880671,17.8921568627725,7.0718891620636
2,10000,8e-05,"constant",3,0,958,126.657110583864,NA,1,1,1,1,200,4916.7752383431,19999.7945205479,0.753424657534197,208,8,3,0,5,0,0,19893.4133337667,8,0,5,195,0.375,0,0,0.000400004109631263,10.6181818181825,6.40956783294678
2,10000,8e-05,"constant",4,0,959,126.657110583864,NA,1,1,1,1,200,4916.21476960167,19999.8767123288,0.671232876709837,205,5,1,0,4,0,0,19893.9010049996,5,0,4,196,0.2,0,0,0.00025000154110539,7.44897959186439,8.49649000167847
2,10000,8e-05,"constant",5,0,960,126.657110583864,NA,1,1,1,1,200,4916.63804887403,19999.6,0.94794520548021,208,8,3,0,5,0,0,19893.1612789722,8,0,5,195,0.375,0,0,0.000400008000160003,8.43930635837476,6.22710371017456
2,10000,1e-04,"seasonal",1,0.4,961,126.657110583864,NA,0.998171059120048,1,0.99,1,200,5377.18267903129,19824.9260273973,175.621917808217,1178,978,519,166,290,3,143,19543.322941376,978,0,150,50,0.532307692307692,0.364035087719298,0.00731707706150876,0.049331836025438,5.5687810052729,5.93578362464905
2,10000,1e-04,"seasonal",2,0.4,962,126.657110583864,NA,0.998594049641116,1,0.99,1,200,5376.77029888773,19840.8547945205,159.693150684932,1124,924,480,161,281,2,142,19561.1339002801,924,0,141,59,0.52060737527115,0.364253393665158,0.00725929287759575,0.0465705741798575,5.78609662366179,6.03128147125244
2,10000,1e-04,"seasonal",3,0.4,963,126.657110583864,NA,0.99849460303545,1,0.99,1,200,5377.19186208975,19772.9671232877,227.580821917807,1325,1125,578,239,308,0,150,19462.0055258725,1125,0,158,42,0.513777777777778,0.436928702010969,0.00770732491061068,0.0568958615561055,4.94329878291021,6.44516825675964
2,10000,1e-04,"seasonal",4,0.4,964,126.657110583864,NA,0.997981480466824,1,0.985,1,200,5378.34617692181,19810.698630137,189.849315068492,1235,1035,562,201,272,0,123,19525.1880271839,1035,0,149,51,0.542995169082126,0.424947145877378,0.00629955521190135,0.0522444977495901,5.45169204127286,6.60371828079224
2,10000,1e-04,"seasonal",5,0.4,965,126.657110583864,NA,0.998176812229467,1,0.99,1,200,5376.93935318613,19795.9726027397,204.575342465752,1237,1037,524,205,308,0,150,19495.7096354616,1037,0,158,42,0.505303760848602,0.399610136452242,0.00769400051625506,0.0523843925635905,5.06903709655822,6.6783082485199
2,10000,1e-04,"constant",1,0,966,126.657110583864,NA,1,1,1,1,200,4915.57180209304,20000.0657534247,0.482191780822177,207,7,4,0,3,0,0,19894.144840616,7,0,3,197,0.571428571428571,0,0,0.000349998849318852,14.5170454545377,6.3244194984436
2,10000,1e-04,"constant",2,0,967,126.657110583864,NA,1,1,1,1,200,4915.76864774533,20000.3643835616,0.183561643836583,204,4,2,0,2,0,0,19895.0051145886,4,0,2,198,0.5,0,0,0.00019999635623077,21.7910447760046,6.14890170097351
2,10000,1e-04,"constant",3,0,968,126.657110583864,NA,1,1,1,1,200,4915.81237521232,20000.1123287671,0.435616438357101,206,6,2,0,4,0,0,19894.1831967804,6,0,4,196,0.333333333333333,0,0,0.000299998315077956,13.7735849056308,5.66019415855408
2,10000,1e-04,"constant",4,0,969,126.657110583864,NA,1,1,1,1,200,4916.51758506383,19999.3589041096,1.1890410958913,210,10,2,1,7,0,0,19891.9777173283,10,0,7,193,0.2,0.125,0,0.000500016027911032,8.41013824884165,6.68753933906555
2,10000,1e-04,"constant",5,0,970,126.657110583864,NA,1,1,1,1,200,4915.34377760123,20000.1287671233,0.419178082189319,207,7,3,0,4,0,0,19894.0188132187,7,0,4,196,0.428571428571429,0,0,0.000349997746589851,16.6993464053268,6.29895925521851
2,10000,2e-04,"seasonal",1,0.4,971,126.657110583864,NA,0.999105802421785,1,0.99,1,200,5372.90393019561,19895.3561643836,105.191780821919,971,771,411,75,285,0,131,19647.8677934113,771,0,154,46,0.533073929961089,0.208333333333333,0.00666739014011127,0.0387527618822042,7.32946998307065,6.06239581108093
2,10000,2e-04,"seasonal",2,0.4,972,126.657110583864,NA,0.999184702208098,1,0.99,1,200,5372.28082050299,19888.2356164384,112.312328767122,1060,860,475,85,300,0,147,19628.0492436742,860,0,153,47,0.552325581395349,0.220779220779221,0.0074892822091006,0.0432416437830804,7.65721812948243,5.81269931793213
2,10000,2e-04,"seasonal",3,0.4,973,126.657110583864,NA,0.999291819626322,1,0.995,1,200,5372.13949016492,19901.3506849315,99.1972602739734,933,733,400,72,260,1,116,19665.3164801346,733,0,145,55,0.546448087431694,0.216867469879518,0.00589871005214588,0.0368316709556301,7.3893169829038,5.88372325897217
2,10000,2e-04,"seasonal",4,0.4,974,126.657110583864,NA,0.999358939236206,1,0.995,1,200,5372.03337351378,19895.4821917808,105.065753424657,943,743,396,83,263,1,108,19656.8367139072,743,0,156,44,0.533692722371968,0.239884393063584,0.00549427161510631,0.0373451617225415,7.0717619755405,6.01971459388733
2,10000,2e-04,"seasonal",5,0.4,975,126.657110583864,NA,0.999247986411703,1,0.995,1,200,5371.33424524684,19904.4876712329,96.0602739726019,939,739,392,73,274,0,132,19662.4541340527,739,0,142,58,0.530446549391069,0.210374639769452,0.00671330237314547,0.0371273057717555,7.69308653242834,5.9928297996521
2,10000,2e-04,"constant",1,0,976,126.657110583864,NA,1,1,1,1,200,4912.25533751575,20000.498630137,0.0493150684924331,202,2,1,0,1,0,0,19895.5256625338,2,0,1,199,0.5,0,0,9.99975069114715e-05,40.5555555561457,5.84828662872314
2,10000,2e-04,"constant",2,0,977,126.657110583864,NA,1,1,1,1,200,4913.42115993644,20000.3452054795,0.202739726028085,206,6,3,0,3,0,0,19894.5886762324,6,0,3,197,0.5,0,0,0.000299994822007182,29.5945945944942,6.6394362449646
2,10000,2e-04,"constant",3,0,978,126.657110583864,NA,1,1,1,1,200,4913.34826584845,19999.6739726027,0.873972602737922,212,12,7,0,5,0,0,19893.448950205,12,0,5,195,0.583333333333333,0,0,0.000600009780981361,13.7304075235393,6.80214357376099
2,10000,2e-04,"constant",4,0,979,126.657110583864,NA,1,1,1,1,200,4913.35237576023,20000.1452054795,0.402739726025175,211,11,6,0,5,0,0,19893.6708680133,11,0,5,195,0.545454545454545,0,0,0.000549996006878306,27.3129251702188,6.56709718704224
2,10000,2e-04,"constant",5,0,980,126.657110583864,NA,1,1,1,1,200,4913.46732918744,20000.3178082192,0.230136986301659,203,3,1,0,2,0,0,19895.0270323968,3,0,2,198,0.333333333333333,0,0,0.000149997616476231,13.0357142856979,6.29573464393616
2,15000,1e-05,"seasonal",1,0.4,981,126.657110583864,NA,0.999477014958084,1,0.995,1,200,8045.81438688291,19257.8,742.747945205479,945,745,303,284,158,0,22,19008.8004991112,745,0,136,64,0.406711409395973,0.642533936651584,0.00115735866663595,0.0386856234876258,1.00303205792632,7.33063960075378
2,15000,1e-05,"seasonal",2,0.4,982,126.657110583864,NA,0.999766862089749,1,0.995,1,200,8044.22370472851,19360.3424657534,640.205479452055,892,692,284,250,158,0,21,19122.8990899766,692,0,137,63,0.410404624277457,0.612745098039216,0.00109815985019799,0.0357431693795748,1.08090296351771,6.41927099227905
2,15000,1e-05,"seasonal",3,0.4,983,126.657110583864,NA,0.999956440742973,1,1,1,200,8042.45731302394,19256.5178082192,744.030136986301,940,740,297,282,161,0,19,19009.257915543,740,0,142,58,0.401351351351351,0.636568848758465,0.000999512978592634,0.0384285470182023,0.994583368621834,5.17102766036987
2,15000,1e-05,"seasonal",4,0.4,984,126.657110583864,NA,0.998794586597995,1,0.99,1,200,8050.81200893102,19311.0794520548,689.468493150685,941,741,313,261,167,0,25,19065.0417128163,741,0,142,58,0.422402159244264,0.60981308411215,0.00131130056658591,0.0383717545070301,1.07474091617128,5.88285231590271
2,15000,1e-05,"seasonal",5,0.4,985,126.657110583864,NA,0.99981535258342,1,0.995,1,200,8044.76804257301,19324.4109589041,676.136986301368,900,700,271,263,166,0,25,19081.8718498026,700,0,141,59,0.387142857142857,0.613053613053613,0.00131014400457042,0.0362236138265038,1.0352931642287,5.99269366264343
2,15000,1e-05,"constant",1,0,986,126.657110583864,NA,1,1,1,1,200,7369.86296915238,20000.5479452055,0,200,0,0,0,0,0,0,19895.8982652735,0,0,0,200,NA,NA,0,0,NA,6.7070255279541
2,15000,1e-05,"constant",2,0,987,126.657110583864,NA,1,1,1,1,200,7370.90328584735,20000.5479452055,0,200,0,0,0,0,0,0,19895.8982652735,0,0,0,200,NA,NA,0,0,NA,5.60944271087646
2,15000,1e-05,"constant",3,0,988,126.657110583864,NA,1,1,1,1,200,7369.69573858967,19999.8904109589,0.65753424657305,204,4,2,0,2,0,0,19894.4544296571,4,0,2,198,0.5,0,0,0.000200001095896416,6.08333333335454,4.93821144104004
2,15000,1e-05,"constant",4,0,989,126.657110583864,NA,1,1,1,1,200,7370.35147005644,19999.298630137,1.24931506849316,202,2,0,0,2,0,0,19894.0051145886,2,0,2,198,0,0,0,0.000100003506972299,1.60087719298244,5.80462908744812
2,15000,1e-05,"constant",5,0,990,126.657110583864,NA,1,1,1,1,200,7370.3622048107,20000.5479452055,0,200,0,0,0,0,0,0,19895.8982652735,0,0,0,200,NA,NA,0,0,NA,5.31008410453796
2,15000,2e-05,"seasonal",1,0.4,991,126.657110583864,NA,0.999951235548737,1,1,1,200,8041.9614760835,19655.8136986301,344.734246575343,934,734,339,236,159,0,25,19420.9403429533,734,0,134,66,0.461852861035422,0.59746835443038,0.00128727031536715,0.0373426412792646,2.12917633595066,5.3171718120575
2,15000,2e-05,"seasonal",2,0.4,992,126.657110583864,NA,0.999853158731028,1,0.995,1,200,8042.87784395376,19656.4136986301,344.134246575341,906,706,315,242,149,0,16,19424.6605374543,706,0,133,67,0.446175637393768,0.618925831202046,0.00082369521820724,0.0359170299742522,2.05152497034449,7.35161328315735
2,15000,2e-05,"seasonal",3,0.4,993,126.657110583864,NA,1,1,1,1,200,8042.6127951893,19558.0082191781,442.539726027397,1006,806,337,312,157,0,11,19302.9041767129,806,0,146,54,0.418114143920596,0.665245202558635,0.000569862436206384,0.0412107404275276,1.82130541643193,6.8267810344696
2,15000,2e-05,"seasonal",4,0.4,994,126.657110583864,NA,1,1,1,1,200,8043.16346775519,19644.9616438356,355.586301369862,877,677,294,230,153,0,16,19416.9975237557,677,0,137,63,0.434268833087149,0.600522193211488,0.000824020293581684,0.034461762373175,1.90389786499627,6.13482522964478
2,15000,2e-05,"seasonal",5,0.4,995,126.657110583864,NA,0.999854528518985,1,0.995,1,200,8042.57113007506,19642.4356164384,358.112328767122,901,701,308,231,162,0,16,19408.0413593721,701,0,146,54,0.439372325249643,0.587786259541985,0.000824400551489633,0.0356880385756921,1.9574863630452,6.34353446960449
2,15000,2e-05,"constant",1,0,996,126.657110583864,NA,1,1,1,1,200,7368.46706728398,20000.5479452055,0,200,0,0,0,0,0,0,19895.8982652735,0,0,0,200,NA,NA,0,0,NA,5.93518042564392
2,15000,2e-05,"constant",2,0,997,126.657110583864,NA,1,1,1,1,200,7369.33549476741,19999.3369863014,1.21095890411016,202,2,0,0,2,0,0,19894.0105940407,2,0,2,198,0,0,0,0.000100003315178394,1.65158371040647,5.8748037815094
2,15000,2e-05,"constant",3,0,998,126.657110583864,NA,1,1,1,1,200,7370.18990110131,20000.5479452055,0,200,0,0,0,0,0,0,19895.8982652735,0,0,0,200,NA,NA,0,0,NA,5.6470775604248
2,15000,2e-05,"constant",4,0,999,126.657110583864,NA,1,1,1,1,200,7370.12491562106,20000.0876712329,0.460273972603318,204,4,2,0,2,0,0,19894.6708680133,4,0,2,198,0.5,0,0,0.000199999123291514,8.69047619046528,5.74498414993286
2,15000,2e-05,"constant",5,0,1000,126.657110583864,NA,1,1,1,1,200,7369.14017231932,20000.5479452055,0,200,0,0,0,0,0,0,19895.8982652735,0,0,0,200,NA,NA,0,0,NA,6.19700598716736
2,15000,3e-05,"seasonal",1,0.4,1001,126.657110583864,NA,0.999922743959235,1,1,1,200,8042.4849767136,19811.1890410959,189.358904109587,820,620,301,165,154,0,19,19598.6825730773,620,0,135,65,0.485483870967742,0.517241379310345,0.000969452917519075,0.0312954461599395,3.27420568319929,5.95869827270508
2,15000,3e-05,"seasonal",2,0.4,1002,126.657110583864,NA,0.999892334666594,1,1,1,200,8043.0298791847,19780.9945205479,219.553424657533,896,696,348,197,151,0,17,19560.4605767259,696,0,134,66,0.5,0.566091954022989,0.000869100189809821,0.0351852885494212,3.17007125297928,5.75224137306213
2,15000,3e-05,"seasonal",3,0.4,1003,126.657110583864,NA,0.999818092159334,1,0.995,1,200,8043.98953208043,19735.0109589041,265.536986301369,974,774,385,219,170,0,23,19501.7073876978,774,0,147,53,0.497416020671835,0.562982005141388,0.00117938391458529,0.039219638722865,2.91484817531805,6.85693550109863
2,15000,3e-05,"seasonal",4,0.4,1004,126.657110583864,NA,0.999871239932059,1,0.995,1,200,8043.1801860172,19719.8602739726,280.687671232878,1012,812,384,261,167,0,19,19474.0031210225,812,0,148,52,0.472906403940887,0.60981308411215,0.00097565969779933,0.0411767623461168,2.89289514011575,4.49005079269409
2,15000,3e-05,"seasonal",5,0.4,1005,126.657110583864,NA,1,1,1,1,200,8040.02102103994,19807.4547945205,193.09315068493,785,585,279,166,140,0,13,19601.0631593656,585,0,127,73,0.476923076923077,0.542483660130719,0.000663229330690077,0.0295343347274397,3.0296258459967,4.70672345161438
2,15000,3e-05,"constant",1,0,1006,126.657110583864,NA,1,1,1,1,200,7369.53033148869,20000.5479452055,0,200,0,0,0,0,0,0,19895.8982652735,0,0,0,200,NA,NA,0,0,NA,5.35150957107544
2,15000,3e-05,"constant",2,0,1007,126.657110583864,NA,1,1,1,1,200,7369.36398553504,20000.5479452055,0,200,0,0,0,0,0,0,19895.8982652735,0,0,0,200,NA,NA,0,0,NA,5.18227434158325
2,15000,3e-05,"constant",3,0,1008,126.657110583864,NA,1,1,1,1,200,7369.64192838749,20000.5479452055,0,200,0,0,0,0,0,0,19895.8982652735,0,0,0,200,NA,NA,0,0,NA,4.59411191940308
2,15000,3e-05,"constant",4,0,1009,126.657110583864,NA,1,1,1,1,200,7369.35005999671,20000.5479452055,0,200,0,0,0,0,0,0,19895.8982652735,0,0,0,200,NA,NA,0,0,NA,4.45667934417725
2,15000,3e-05,"constant",5,0,1010,126.657110583864,NA,1,1,1,1,200,7369.57957098241,20000.5260273973,0.0219178082188591,201,1,0,0,1,0,0,19895.544840616,1,0,1,199,0,0,0,4.9998684966094e-05,45.6250000006639,4.54154562950134
2,15000,5e-05,"seasonal",1,0.4,1011,126.657110583864,NA,1,1,1,1,200,8043.43573502822,19854.7835616438,145.764383561644,793,593,299,133,161,0,22,19650.7402251386,593,0,139,61,0.504215851602024,0.452380952380952,0.001119550701294,0.029866857936723,4.06820915720623,4.69792628288269
2,15000,5e-05,"seasonal",2,0.4,1012,126.657110583864,NA,1,1,1,1,200,8042.06239685497,19855.1808219178,145.36712328767,771,571,275,141,155,0,18,19651.2030817509,571,0,137,63,0.481611208406305,0.476351351351351,0.000915974453325746,0.0287582372138199,3.92798582709818,4.25116991996765
2,15000,5e-05,"seasonal",3,0.4,1013,126.657110583864,NA,1,1,1,1,200,8042.62013341735,19841,159.547945205479,853,653,336,162,155,0,16,19628.7372497831,653,0,139,61,0.514548238897397,0.511041009463722,0.000815131396197013,0.0329116475984073,4.09281360006871,5.17508959770203
2,15000,5e-05,"seasonal",4,0.4,1014,126.657110583864,NA,0.999870418059284,1,0.995,1,200,8043.85879513451,19862.1671232877,138.380821917806,749,549,270,123,156,0,16,19665.2742360845,549,0,140,60,0.491803278688525,0.440860215053763,0.000813616927377553,0.0276404884015057,3.96731275614252,4.80389642715454
2,15000,5e-05,"seasonal",5,0.4,1015,126.657110583864,NA,0.9998032984494,1,0.995,1,200,8039.64845898855,19868.4794520548,132.068493150684,746,546,281,114,151,0,19,19674.2716141732,546,0,132,68,0.514652014652015,0.430188679245283,0.000965728255287102,0.0274807139276847,4.13421844207036,4.23186302185059
2,15000,5e-05,"constant",1,0,1016,126.657110583864,NA,1,1,1,1,200,7368.9255594214,20000.5479452055,0,200,0,0,0,0,0,0,19895.8982652735,0,0,0,200,NA,NA,0,0,NA,4.78666377067566
2,15000,5e-05,"constant",2,0,1017,126.657110583864,NA,1,1,1,1,200,7369.35224809599,20000.5479452055,0,200,0,0,0,0,0,0,19895.8982652735,0,0,0,200,NA,NA,0,0,NA,4.93932127952576
2,15000,5e-05,"constant",3,0,1018,126.657110583864,NA,1,1,1,1,200,7368.10669497562,20000.5479452055,0,200,0,0,0,0,0,0,19895.8982652735,0,0,0,200,NA,NA,0,0,NA,4.41528177261353
2,15000,5e-05,"constant",4,0,1019,126.657110583864,NA,1,1,1,1,200,7367.87228014903,20000.5479452055,0,200,0,0,0,0,0,0,19895.8982652735,0,0,0,200,NA,NA,0,0,NA,4.70922136306763
2,15000,5e-05,"constant",5,0,1020,126.657110583864,NA,1,1,1,1,200,7368.24278340913,20000.5479452055,0,200,0,0,0,0,0,0,19895.8982652735,0,0,0,200,NA,NA,0,0,NA,4.51769948005676
2,15000,8e-05,"seasonal",1,0.4,1021,126.657110583864,NA,0.999958358446113,1,1,1,200,8040.00514711523,19881.4136986301,119.134246575341,813,613,335,117,161,0,22,19679.7539237687,613,0,139,61,0.546492659053834,0.420863309352518,0.00111790015694398,0.0308328174893437,5.14545579983451,4.18210291862488
2,15000,8e-05,"seasonal",2,0.4,1022,126.657110583864,NA,0.99994575639691,1,1,1,200,8039.41424250726,19897.898630137,102.649315068491,683,483,229,85,169,0,26,19704.9924370194,483,0,143,57,0.474120082815735,0.334645669291339,0.00131946257188885,0.0242739200243214,4.70534069981594,4.28124618530273
2,15000,8e-05,"seasonal",3,0.4,1023,126.657110583864,NA,0.999925209577557,1,1,1,200,8039.81026135554,19898.6876712329,101.860273972601,701,501,256,87,158,0,20,19710.794941116,501,0,138,62,0.510978043912176,0.355102040816327,0.00101467241984649,0.025177539759282,4.9185023803761,4.03975892066956
2,15000,8e-05,"seasonal",4,0.4,1024,126.657110583864,NA,0.999950961591146,1,1,1,200,8041.9581957153,19868.2712328767,132.276712328767,818,618,315,129,174,0,25,19660.112945693,618,0,149,51,0.509708737864078,0.425742574257426,0.00127161019212134,0.0311048703108791,4.67202419171104,4.37650752067566
2,15000,8e-05,"seasonal",5,0.4,1025,126.657110583864,NA,0.999935346008438,1,1,1,200,8039.77173798696,19898.501369863,102.046575342465,673,473,233,83,157,0,18,19712.3976022988,473,0,139,61,0.492600422832981,0.345833333333333,0.000913130932276897,0.0237706343411557,4.63513840040812,4.04657745361328
2,15000,8e-05,"constant",1,0,1026,126.657110583864,NA,1,1,1,1,200,7366.47759218673,20000.4,0.147945205477299,201,1,0,0,1,0,0,19895.4544296571,1,0,1,199,0,0,0,4.99990000199996e-05,6.75925925935762,4.03349900245667
2,15000,8e-05,"constant",2,0,1027,126.657110583864,NA,1,1,1,1,200,7367.72898087776,20000.5479452055,0,200,0,0,0,0,0,0,19895.8982652735,0,0,0,200,NA,NA,0,0,NA,4.02619576454163
2,15000,8e-05,"constant",3,0,1028,126.657110583864,NA,1,1,1,1,200,7367.91498274067,20000.2712328767,0.276712328766735,204,4,2,0,2,0,0,19894.8982652735,4,0,2,198,0.5,0,0,0.000199997287708016,14.4554455445748,4.17175579071045
2,15000,8e-05,"constant",4,0,1029,126.657110583864,NA,1,1,1,1,200,7367.11849734261,20000.5479452055,0,200,0,0,0,0,0,0,19895.8982652735,0,0,0,200,NA,NA,0,0,NA,4.27733039855957
2,15000,8e-05,"constant",5,0,1030,126.657110583864,NA,1,1,1,1,200,7368.11938989644,20000.5479452055,0,200,0,0,0,0,0,0,19895.8982652735,0,0,0,200,NA,NA,0,0,NA,4.30191373825073
2,15000,1e-04,"seasonal",1,0.4,1031,126.657110583864,NA,0.999910963782806,1,1,1,200,8039.51234836447,19910.495890411,90.0520547945198,675,475,238,69,168,0,28,19723.7295018639,475,0,140,60,0.501052631578947,0.291139240506329,0.00141960981554498,0.0238567639206195,5.27472694636288,4.30270719528198
2,15000,1e-04,"seasonal",2,0.4,1032,126.657110583864,NA,0.999968220919402,1,1,1,200,8039.11020245466,19921.402739726,79.1452054794499,623,423,220,57,146,0,14,19747.8495000071,423,0,132,68,0.520094562647754,0.280788177339901,0.000708937952965207,0.0212334445283052,5.34460675713113,4.22078204154968
2,15000,1e-04,"seasonal",3,0.4,1033,126.657110583864,NA,0.999832063996493,1,0.995,1,200,8041.279677004,19927.9315068493,72.6164383561627,650,450,255,53,142,0,18,19754.8414379153,450,0,124,76,0.566666666666667,0.271794871794872,0.000911169044640003,0.0225813702664189,6.19694397283546,4.31605410575867
2,15000,1e-04,"seasonal",4,0.4,1034,126.657110583864,NA,1,1,1,1,200,8039.07950057531,19919.4904109589,81.0575342465745,628,428,225,56,147,0,9,19745.7671118684,428,0,138,62,0.525700934579439,0.275862068965517,0.000455793889850472,0.0214864934378307,5.28020009463941,3.98182249069214
2,15000,1e-04,"seasonal",5,0.4,1035,126.657110583864,NA,1,1,1,1,200,8037.20153525834,19928.2273972603,72.3205479452045,576,376,184,48,144,0,16,19758.2331401941,376,0,128,72,0.48936170212766,0.25,0.000809789007269648,0.0188677092299585,5.19907565253635,4.03512740135193
2,15000,1e-04,"constant",1,0,1036,126.657110583864,NA,1,1,1,1,200,7366.91541614158,20000.5479452055,0,200,0,0,0,0,0,0,19895.8982652735,0,0,0,200,NA,NA,0,0,NA,3.87048888206482
2,15000,1e-04,"constant",2,0,1037,126.657110583864,NA,1,1,1,1,200,7367.20529149088,20000.3726027397,0.175342465754511,206,6,4,0,2,0,0,19894.94210089,6,0,2,198,0.666666666666667,0,0,0.000299994411063027,34.218749999788,9.07326650619507
2,15000,1e-04,"constant",3,0,1038,126.657110583864,NA,1,1,1,1,200,7367.46680702427,20000.4164383562,0.131506849313155,202,2,1,0,1,0,0,19895.446210479,2,0,1,199,0.5,0,0,9.99979178515735e-05,15.2083333335546,5.6682550907135
2,15000,1e-04,"constant",4,0,1039,126.657110583864,NA,1,1,1,1,200,7368.0247183716,20000.5479452055,0,200,0,0,0,0,0,0,19895.8982652735,0,0,0,200,NA,NA,0,0,NA,6.46337795257568
2,15000,1e-04,"constant",5,0,1040,126.657110583864,NA,1,1,1,1,200,7367.09796997425,20000.5479452055,0,200,0,0,0,0,0,0,19895.8982652735,0,0,0,200,NA,NA,0,0,NA,6.01772356033325
2,15000,2e-04,"seasonal",1,0.4,1041,126.657110583864,NA,1,1,1,1,200,8033.8643882527,19936.3178082192,64.2301369863017,635,435,234,37,164,0,22,19761.5292662344,435,0,142,58,0.537931034482759,0.18407960199005,0.00111327416535472,0.0218194756014906,6.77252175396687,6.5051703453064
2,15000,2e-04,"seasonal",2,0.4,1042,126.657110583864,NA,0.999992877102625,1,1,1,200,8035.04651197195,19940.9726027397,59.5753424657523,557,357,181,19,157,0,20,19775.9264479653,357,0,137,63,0.507002801120448,0.107954545454545,0.00101133062224034,0.0179028378962293,5.99241204874695,6.78552150726318
2,15000,2e-04,"seasonal",3,0.4,1043,126.657110583864,NA,0.999985480247658,1,1,1,200,8033.93783984439,19936.2328767123,64.3150684931497,586,386,203,26,157,0,16,19769.129030605,386,0,141,59,0.525906735751295,0.14207650273224,0.000809342686530603,0.0193617320978874,6.00170394036218,5.79291534423828
2,15000,2e-04,"seasonal",4,0.4,1044,126.657110583864,NA,0.999966303216262,1,1,1,200,8036.87267629171,19941.7616438356,58.7863013698625,565,365,189,24,152,0,21,19776.4305968259,365,0,131,69,0.517808219178082,0.136363636363636,0.00106187008303564,0.0183032976985175,6.20892948688079,5.60195994377136
2,15000,2e-04,"seasonal",5,0.4,1045,126.657110583864,NA,0.99998191879897,1,1,1,200,8034.44285573393,19939.6191780822,60.9287671232887,575,375,195,27,153,0,16,19773.9646470434,375,0,137,63,0.52,0.15,0.000809144766140378,0.0188067784369826,6.15472818022383,5.35632157325745
2,15000,2e-04,"constant",1,0,1046,126.657110583864,NA,1,1,1,1,200,7363.264231275,20000.5479452055,0,200,0,0,0,0,0,0,19895.8982652735,0,0,0,200,NA,NA,0,0,NA,5.87636113166809
2,15000,2e-04,"constant",2,0,1047,126.657110583864,NA,1,1,1,1,200,7362.68079913429,20000.3561643836,0.191780821918655,205,5,3,0,2,0,0,19894.9640186982,5,0,2,198,0.6,0,0,0.000249995548024487,26.0714285713134,6.06296348571777
2,15000,2e-04,"constant",3,0,1048,126.657110583864,NA,1,1,1,1,200,7363.48523368583,20000.4602739726,0.0876712328754365,202,2,1,0,1,0,0,19895.4325118489,2,0,1,199,0.5,0,0,9.99976986830988e-05,22.812500000332,6.43934488296509
2,15000,2e-04,"constant",4,0,1049,126.657110583864,NA,1,1,1,1,200,7363.70980494219,20000.5369863014,0.0109589041094296,201,1,0,0,1,0,0,19895.5530597941,1,0,1,199,0,0,0,4.99986575702899e-05,91.2500000013279,5.79865121841431
2,15000,2e-04,"constant",5,0,1050,126.657110583864,NA,1,1,1,1,200,7363.47068681168,20000.5479452055,0,200,0,0,0,0,0,0,19895.8982652735,0,0,0,200,NA,NA,0,0,NA,6.9584367275238
2,30000,1e-05,"seasonal",1,0.4,1051,126.657110583864,NA,1,1,1,1,200,16054.1385321352,19807.1452054795,193.402739726025,600,400,165,115,120,0,4,19622.4080114009,400,0,116,84,0.4125,0.48936170212766,0.000203848579525812,0.0201947325498146,2.06822302810519,5.74600744247437
2,30000,1e-05,"seasonal",2,0.4,1052,126.657110583864,NA,1,1,1,1,200,16051.9351298559,19768.3589041096,232.189041095891,688,488,223,136,129,0,5,19574.9806534122,488,0,124,76,0.456967213114754,0.513207547169811,0.000255428094082352,0.0246859136040145,2.10173571369573,6.13646459579468
2,30000,1e-05,"seasonal",3,0.4,1053,126.657110583864,NA,1,1,1,1,200,16052.4973798696,19759.6273972603,240.920547945203,743,543,241,175,127,0,6,19551.0409666564,543,0,121,79,0.443830570902394,0.579470198675497,0.000306889030115214,0.0274802752644662,2.25385507641924,8.04138779640198
2,30000,1e-05,"seasonal",4,0.4,1054,126.657110583864,NA,1,1,1,1,200,16053.4252605337,19790.3780821918,210.169863013696,651,451,194,141,116,0,2,19599.629850666,451,0,114,86,0.430155210643016,0.54863813229572,0.000102042743421098,0.0227888521445595,2.14588330378561,5.93001055717468
2,30000,1e-05,"seasonal",5,0.4,1055,126.657110583864,NA,1,1,1,1,200,16050.1553884719,19779.3287671233,221.219178082192,688,488,222,138,128,0,7,19583.8245675718,488,0,121,79,0.454918032786885,0.518796992481203,0.000357437842432017,0.0246722224877086,2.20595702520279,6.22757840156555
2,30000,1e-05,"constant",1,0,1056,126.657110583864,NA,1,1,1,1,200,14726.3586362391,20000.5479452055,0,200,0,0,0,0,0,0,19895.8982652735,0,0,0,200,NA,NA,0,0,NA,6.53110980987549
2,30000,1e-05,"constant",2,0,1057,126.657110583864,NA,1,1,1,1,200,14727.6032231111,20000.5479452055,0,200,0,0,0,0,0,0,19895.8982652735,0,0,0,200,NA,NA,0,0,NA,7.53725695610046
2,30000,1e-05,"constant",3,0,1058,126.657110583864,NA,1,1,1,1,200,14726.5408068051,20000.5479452055,0,200,0,0,0,0,0,0,19895.8982652735,0,0,0,200,NA,NA,0,0,NA,4.6311194896698
2,30000,1e-05,"constant",4,0,1059,126.657110583864,NA,1,1,1,1,200,14727.5487093858,20000.5479452055,0,200,0,0,0,0,0,0,19895.8982652735,0,0,0,200,NA,NA,0,0,NA,6.23592972755432
2,30000,1e-05,"constant",5,0,1060,126.657110583864,NA,1,1,1,1,200,14728.1162941757,20000.5479452055,0,200,0,0,0,0,0,0,19895.8982652735,0,0,0,200,NA,NA,0,0,NA,6.29732823371887
2,30000,2e-05,"seasonal",1,0.4,1061,126.657110583864,NA,1,1,1,1,200,16052.0265637499,19908.1095890411,92.4383561643845,556,356,174,74,108,0,7,19741.1231977088,356,0,101,99,0.48876404494382,0.406593406593407,0.000354589753069999,0.0178821599513381,3.85121517486659,7.37029433250427
2,30000,2e-05,"seasonal",2,0.4,1062,126.657110583864,NA,1,1,1,1,200,16051.945103556,19895.0849315068,105.463013698631,609,409,205,88,116,0,7,19720.2738826403,409,0,109,91,0.501222493887531,0.431372549019608,0.000354964644084486,0.0205578413667532,3.87813685249647,5.89598894119263
2,30000,2e-05,"seasonal",3,0.4,1063,126.657110583864,NA,1,1,1,1,200,16050.1208352967,19876.8219178082,123.726027397261,628,428,206,102,120,0,1,19695.2161127643,428,0,119,81,0.481308411214953,0.459459459459459,5.07737510608939e-05,0.0215326173253352,3.45925597874224,6.3045060634613
2,30000,2e-05,"seasonal",4,0.4,1064,126.657110583864,NA,1,1,1,1,200,16053.6169859186,19881.9315068493,118.616438356163,634,434,206,106,122,0,9,19698.0164269369,434,0,113,87,0.474654377880184,0.464912280701754,0.000456898796555605,0.0218288650602426,3.65885206143902,5.11231255531311
2,30000,2e-05,"seasonal",5,0.4,1065,126.657110583864,NA,1,1,1,1,200,16051.3575798586,19890.2904109589,110.257534246575,631,431,213,95,123,0,8,19710.5478945146,431,0,115,85,0.494199535962877,0.435779816513761,0.000405874054988922,0.0216688641088183,3.90902991750323,5.62837791442871
2,30000,2e-05,"constant",1,0,1066,126.657110583864,NA,1,1,1,1,200,14727.1413738973,20000.5479452055,0,200,0,0,0,0,0,0,19895.8982652735,0,0,0,200,NA,NA,0,0,NA,6.28694629669189
2,30000,2e-05,"constant",2,0,1067,126.657110583864,NA,1,1,1,1,200,14726.1060780231,20000.5479452055,0,200,0,0,0,0,0,0,19895.8982652735,0,0,0,200,NA,NA,0,0,NA,6.54291081428528
2,30000,2e-05,"constant",3,0,1068,126.657110583864,NA,1,1,1,1,200,14725.4611103501,20000.5479452055,0,200,0,0,0,0,0,0,19895.8982652735,0,0,0,200,NA,NA,0,0,NA,6.46834206581116
2,30000,2e-05,"constant",4,0,1069,126.657110583864,NA,1,1,1,1,200,14727.3684984384,20000.5479452055,0,200,0,0,0,0,0,0,19895.8982652735,0,0,0,200,NA,NA,0,0,NA,6.34843611717224
2,30000,2e-05,"constant",5,0,1070,126.657110583864,NA,1,1,1,1,200,14726.6253345022,20000.5479452055,0,200,0,0,0,0,0,0,19895.8982652735,0,0,0,200,NA,NA,0,0,NA,6.56278467178345
2,30000,3e-05,"seasonal",1,0.4,1071,126.657110583864,NA,1,1,1,1,200,16050.5436685661,19910.5698630137,89.9780821917811,590,390,194,71,125,0,8,19737.0081684872,390,0,117,83,0.497435897435897,0.362244897959184,0.000405329922940047,0.0195875860250727,4.33438889227208,6.69753861427307
2,30000,3e-05,"seasonal",2,0.4,1072,126.657110583864,NA,1,1,1,1,200,16051.2731516081,19920.597260274,79.9506849315076,582,382,207,58,117,0,1,19754.2462497506,382,0,116,84,0.541884816753927,0.331428571428571,5.06220276570981e-05,0.0191761318703928,4.77794530875193,6.04638147354126
2,30000,3e-05,"seasonal",3,0.4,1073,126.657110583864,NA,1,1,1,1,200,16051.4274497288,19924.802739726,75.7452054794521,551,351,173,55,123,0,4,19758.6491072913,351,0,119,81,0.492877492877493,0.308988764044944,0.000202442989815732,0.0176162346290223,4.63395666799291,6.0962507724762
2,30000,3e-05,"seasonal",4,0.4,1074,126.657110583864,NA,1,1,1,1,200,16052.3943748288,19894.8602739726,105.687671232878,673,473,254,88,131,0,2,19715.4901246386,473,0,129,71,0.536997885835095,0.401826484018265,0.000101443077872083,0.0237749847692472,4.47545105765239,6.26389861106873
2,30000,3e-05,"seasonal",5,0.4,1075,126.657110583864,NA,1,1,1,1,200,16050.9218434606,19905.0876712329,95.4602739726033,596,396,196,78,122,0,4,19732.0573264694,396,0,118,82,0.494949494949495,0.39,0.000202715810815846,0.0198944112450359,4.14832247510258,6.01240229606628
2,30000,3e-05,"constant",1,0,1076,126.657110583864,NA,1,1,1,1,200,14726.4811903457,20000.5479452055,0,200,0,0,0,0,0,0,19895.8982652735,0,0,0,200,NA,NA,0,0,NA,6.29344534873962
2,30000,3e-05,"constant",2,0,1077,126.657110583864,NA,1,1,1,1,200,14725.2630340803,20000.5479452055,0,200,0,0,0,0,0,0,19895.8982652735,0,0,0,200,NA,NA,0,0,NA,6.11084008216858
2,30000,3e-05,"constant",3,0,1078,126.657110583864,NA,1,1,1,1,200,14725.1228316257,20000.5479452055,0,200,0,0,0,0,0,0,19895.8982652735,0,0,0,200,NA,NA,0,0,NA,5.77936697006226
2,30000,3e-05,"constant",4,0,1079,126.657110583864,NA,1,1,1,1,200,14725.1458846091,20000.5479452055,0,200,0,0,0,0,0,0,19895.8982652735,0,0,0,200,NA,NA,0,0,NA,6.32561707496643
2,30000,3e-05,"constant",5,0,1080,126.657110583864,NA,1,1,1,1,200,14725.7996076927,20000.5479452055,0,200,0,0,0,0,0,0,19895.8982652735,0,0,0,200,NA,NA,0,0,NA,6.8805718421936
2,30000,5e-05,"seasonal",1,0.4,1081,126.657110583864,NA,1,1,1,1,200,16048.9700852008,19937.904109589,62.6438356164363,512,312,160,33,119,0,4,19780.9833538667,312,0,115,85,0.512820512820513,0.217105263157895,0.000202214416161374,0.0156485856429586,4.98053794008326,5.76564574241638
2,30000,5e-05,"seasonal",2,0.4,1082,126.657110583864,NA,1,1,1,1,200,16048.9941274451,19943.6054794521,56.9424657534255,460,260,113,29,118,0,3,19788.5038625403,260,0,115,85,0.434615384615385,0.197278911564626,0.000151603174289442,0.0130367600917436,4.56601231716698,6.21540355682373
2,30000,5e-05,"seasonal",3,0.4,1083,126.657110583864,NA,1,1,1,1,200,16049.1262360967,19943.7917808219,56.7561643835616,484,284,143,30,111,0,1,19793.2106333122,284,0,110,90,0.503521126760563,0.212765957446809,5.05223744912302e-05,0.0142400203091318,5.00386174937247,6.62267374992371
2,30000,5e-05,"seasonal",4,0.4,1084,126.657110583864,NA,1,1,1,1,200,16050.287157416,19946.9178082192,53.6301369862995,472,272,133,22,117,0,2,19794.7531383372,272,0,115,85,0.488970588235294,0.158273381294964,0.000101036875076079,0.0136361919478067,5.07177522349954,5.28542566299438
2,30000,5e-05,"seasonal",5,0.4,1085,126.657110583864,NA,1,1,1,1,200,16049.2775557504,19946.4712328767,54.076712328766,498,298,156,27,115,0,6,19791.7697337797,298,0,109,91,0.523489932885906,0.190140845070423,0.000303156316019556,0.014939985951441,5.5106900395178,5.66249299049377
2,30000,5e-05,"constant",1,0,1086,126.657110583864,NA,1,1,1,1,200,14723.5408339269,20000.5479452055,0,200,0,0,0,0,0,0,19895.8982652735,0,0,0,200,NA,NA,0,0,NA,6.01932072639465
2,30000,5e-05,"constant",2,0,1087,126.657110583864,NA,1,1,1,1,200,14723.7472957646,20000.5479452055,0,200,0,0,0,0,0,0,19895.8982652735,0,0,0,200,NA,NA,0,0,NA,5.59140133857727
2,30000,5e-05,"constant",3,0,1088,126.657110583864,NA,1,1,1,1,200,14723.6096879623,20000.5479452055,0,200,0,0,0,0,0,0,19895.8982652735,0,0,0,200,NA,NA,0,0,NA,5.61852431297302
2,30000,5e-05,"constant",4,0,1089,126.657110583864,NA,1,1,1,1,200,14723.5507517396,20000.5479452055,0,200,0,0,0,0,0,0,19895.8982652735,0,0,0,200,NA,NA,0,0,NA,6.30263495445251
2,30000,5e-05,"constant",5,0,1090,126.657110583864,NA,1,1,1,1,200,14724.6360451482,20000.5479452055,0,200,0,0,0,0,0,0,19895.8982652735,0,0,0,200,NA,NA,0,0,NA,6.22043347358704
2,30000,8e-05,"seasonal",1,0.4,1091,126.657110583864,NA,1,1,1,1,200,16047.6622297408,19947.2520547945,53.2958904109582,537,337,186,24,127,0,7,19789.8656634622,337,0,120,80,0.551928783382789,0.158940397350993,0.00035371639803114,0.0168945576600863,6.32318922531237,5.85729479789734
2,30000,8e-05,"seasonal",2,0.4,1092,126.657110583864,NA,1,1,1,1,200,16046.2963793765,19950.8821917808,49.6657534246551,501,301,165,14,122,0,1,19800.8352908465,301,0,121,79,0.548172757475083,0.102941176470588,5.05029199683449e-05,0.0150870521466967,6.06051412180082,5.90098810195923
2,30000,8e-05,"seasonal",3,0.4,1093,126.657110583864,NA,1,1,1,1,200,16047.3336271985,19956.0794520548,44.4684931506854,456,256,129,10,117,0,6,19808.7341173413,256,0,111,89,0.50390625,0.078740157480315,0.000302896690139698,0.0128281710150057,5.75688497319937,6.61960959434509
2,30000,8e-05,"seasonal",4,0.4,1094,126.657110583864,NA,1,1,1,1,200,16045.2232321517,19958.5561643836,41.9917808219179,440,240,122,7,111,0,4,19814.4436278393,240,0,107,93,0.508333333333333,0.0593220338983051,0.000201872940524053,0.0120249179361123,5.71540418868662,5.95051717758179
2,30000,8e-05,"seasonal",5,0.4,1095,126.657110583864,NA,1,1,1,1,200,16046.3073571311,19950.2082191781,50.339726027396,496,296,149,19,128,0,6,19794.7806926838,296,0,122,78,0.503378378378378,0.129251700680272,0.000303110203298065,0.0148369378779444,5.88004789376308,5.84701085090637
2,30000,8e-05,"constant",1,0,1096,126.657110583864,NA,1,1,1,1,200,14722.4449246617,20000.5479452055,0,200,0,0,0,0,0,0,19895.8982652735,0,0,0,200,NA,NA,0,0,NA,6.03209471702576
2,30000,8e-05,"constant",2,0,1097,126.657110583864,NA,1,1,1,1,200,14722.2328609391,20000.5479452055,0,200,0,0,0,0,0,0,19895.8982652735,0,0,0,200,NA,NA,0,0,NA,6.87970089912415
2,30000,8e-05,"constant",3,0,1098,126.657110583864,NA,1,1,1,1,200,14721.0210509013,20000.5479452055,0,200,0,0,0,0,0,0,19895.8982652735,0,0,0,200,NA,NA,0,0,NA,6.60628700256348
2,30000,8e-05,"constant",4,0,1099,126.657110583864,NA,1,1,1,1,200,14722.5846602926,20000.5479452055,0,200,0,0,0,0,0,0,19895.8982652735,0,0,0,200,NA,NA,0,0,NA,5.68863105773926
2,30000,8e-05,"constant",5,0,1100,126.657110583864,NA,1,1,1,1,200,14720.9329905211,20000.5479452055,0,200,0,0,0,0,0,0,19895.8982652735,0,0,0,200,NA,NA,0,0,NA,6.27298974990845
2,30000,1e-04,"seasonal",1,0.4,1101,126.657110583864,NA,1,1,1,1,200,16044.0996649499,19956.901369863,43.6465753424636,495,295,166,8,121,0,7,19807.4026497636,295,0,114,86,0.56271186440678,0.062015503875969,0.000353403226247009,0.0147818538826614,6.75883497583361,6.10755038261414
2,30000,1e-04,"seasonal",2,0.4,1102,126.657110583864,NA,1,1,1,1,200,16046.0693685278,19954.9808219178,45.5671232876703,487,287,156,11,120,0,2,19805.8134123098,287,0,118,82,0.543554006968641,0.083969465648855,0.000100980452474471,0.0143823741331172,6.29840067340081,7.08279323577881
2,30000,1e-04,"seasonal",3,0.4,1103,126.657110583864,NA,1,1,1,1,200,16044.8721667306,19953.6219178082,46.9260273972614,472,272,137,8,127,0,8,19803.5122780763,272,0,119,81,0.503676470588235,0.0592592592592593,0.000403968744920895,0.0136316103973708,5.79635684259678,5.60797667503357
2,30000,1e-04,"seasonal",4,0.4,1104,126.657110583864,NA,1,1,1,1,200,16042.8114848501,19955.9945205479,44.5534246575335,476,276,146,10,120,0,1,19806.2462497506,276,0,119,81,0.528985507246377,0.0769230769230769,5.04891228449001e-05,0.01383043073678,6.19480998647164,4.63650584220886
2,30000,1e-04,"seasonal",5,0.4,1105,126.657110583864,NA,1,1,1,1,200,16046.5327184812,19956.7808219178,43.767123287671,470,270,146,7,117,0,3,19810.4463282937,270,0,114,86,0.540740740740741,0.0564516129032258,0.000151435255434671,0.0135292361232664,6.16901408450708,5.56299734115601
2,30000,1e-04,"constant",1,0,1106,126.657110583864,NA,1,1,1,1,200,14720.9407681771,20000.5479452055,0,200,0,0,0,0,0,0,19895.8982652735,0,0,0,200,NA,NA,0,0,NA,4.99243807792664
2,30000,1e-04,"constant",2,0,1107,126.657110583864,NA,1,1,1,1,200,14721.103029423,20000.5479452055,0,200,0,0,0,0,0,0,19895.8982652735,0,0,0,200,NA,NA,0,0,NA,6.41142749786377
2,30000,1e-04,"constant",3,0,1108,126.657110583864,NA,1,1,1,1,200,14720.8206810586,20000.5479452055,0,200,0,0,0,0,0,0,19895.8982652735,0,0,0,200,NA,NA,0,0,NA,4.36333751678467
2,30000,1e-04,"constant",4,0,1109,126.657110583864,NA,1,1,1,1,200,14720.7744014027,20000.5479452055,0,200,0,0,0,0,0,0,19895.8982652735,0,0,0,200,NA,NA,0,0,NA,4.665114402771
2,30000,1e-04,"constant",5,0,1110,126.657110583864,NA,1,1,1,1,200,14721.1021179661,20000.5479452055,0,200,0,0,0,0,0,0,19895.8982652735,0,0,0,200,NA,NA,0,0,NA,4.251220703125
2,30000,2e-04,"seasonal",1,0.4,1111,126.657110583864,NA,1,1,1,1,200,16037.1320897485,19963.8931506849,36.6547945205457,479,279,160,1,118,0,3,19819.0846844581,279,0,115,85,0.573476702508961,0.00840336134453781,0.000151369250788487,0.0139752300763255,7.6115554226778,4.58591413497925
2,30000,2e-04,"seasonal",2,0.4,1112,126.657110583864,NA,1,1,1,1,200,16038.1340622432,19957.6109589041,42.9369863013708,496,296,167,0,129,0,1,19809.9448798876,296,0,128,72,0.564189189189189,0,5.0479696236574e-05,0.014831434514357,6.89382337927499,5.41672301292419
2,30000,2e-04,"seasonal",3,0.4,1113,126.657110583864,NA,1,1,1,1,200,16037.2368722262,19961.2356164384,39.3123287671224,510,310,185,0,125,0,3,19814.0298899376,310,0,122,78,0.596774193548387,0,0.000151407866883431,0.0155301007390901,7.88556693846279,4.28456830978394
2,30000,2e-04,"seasonal",4,0.4,1114,126.657110583864,NA,1,1,1,1,200,16036.6004977809,19970.8410958904,29.7068493150691,459,259,159,0,100,0,1,19832.0435100246,259,0,99,101,0.613899613899614,0,5.04234472607186e-05,0.0129689079571765,8.71852808263377,5.59666895866394
2,30000,2e-04,"seasonal",5,0.4,1115,126.657110583864,NA,1,1,1,1,200,16036.089845214,19969.701369863,30.8465753424643,444,244,140,0,104,0,6,19828.4163091222,244,0,98,102,0.573770491803279,0,0.000302596027159248,0.0122185102060779,7.91011635136371,4.28284502029419
2,30000,2e-04,"constant",1,0,1116,126.657110583864,NA,1,1,1,1,200,14714.5274300038,20000.5479452055,0,200,0,0,0,0,0,0,19895.8982652735,0,0,0,200,NA,NA,0,0,NA,4.24874758720398
2,30000,2e-04,"constant",2,0,1117,126.657110583864,NA,1,1,1,1,200,14712.3773952112,20000.5123287671,0.0356164383556461,201,1,0,0,1,0,0,19895.5010049996,1,0,1,199,0,0,0,4.99987192108914e-05,28.0769230773316,4.7861635684967
2,30000,2e-04,"constant",3,0,1118,126.657110583864,NA,1,1,1,1,200,14713.0918505835,20000.5479452055,0,200,0,0,0,0,0,0,19895.8982652735,0,0,0,200,NA,NA,0,0,NA,4.86761546134949
2,30000,2e-04,"constant",4,0,1119,126.657110583864,NA,1,1,1,1,200,14714.2954205249,20000.5479452055,0,200,0,0,0,0,0,0,19895.8982652735,0,0,0,200,NA,NA,0,0,NA,4.64008188247681
2,30000,2e-04,"constant",5,0,1120,126.657110583864,NA,1,1,1,1,200,14713.4512829434,20000.5479452055,0,200,0,0,0,0,0,0,19895.8982652735,0,0,0,200,NA,NA,0,0,NA,3.96453428268433
2.5,1000,1e-05,"seasonal",1,0.4,1121,115.195730552825,803,0,0,0,0,0,1000,38.4904109589041,401.509589041096,200,0,0,0,0,0,3,2.66471017126654,200,0,197,3,NA,NA,1.12582600252323,5.19609936650295,0,2.51995873451233
2.5,1000,1e-05,"seasonal",2,0.4,1122,115.195730552825,1231,0,0,0,0,0,1000,42.4821917808219,632.038356164384,200,0,0,0,0,0,5,5.63296444069537,200,0,195,5,NA,NA,0.887632090108271,4.70785502386173,0,2.00491619110107
2.5,1000,1e-05,"seasonal",3,0.4,1123,115.195730552825,823,0,0,0,0,0,1000,39.9452054794521,411.013698630137,200,0,0,0,0,0,4,3.59678251146041,200,0,196,4,NA,NA,1.11210505146053,5.00685871056241,0,2.06414890289307
2.5,1000,1e-05,"seasonal",4,0.4,1124,115.195730552825,1705,0,0,0,0,0,1000,42.5315068493151,891.715068493151,200,0,0,0,0,0,5,5.65488224891455,200,0,195,5,NA,NA,0.884191709024489,4.70239628961608,0,2.31995296478271
2.5,1000,1e-05,"seasonal",5,0.4,1125,115.195730552825,479,0,0,0,0,0,1000,39.2301369863014,223.235616438356,200,0,0,0,0,0,6,2.94859842472486,200,0,194,6,NA,NA,2.03486509037252,5.09812137719114,0,1.89456081390381
2.5,1000,1e-05,"constant",1,0,1126,115.195730552825,1794,0,0,0,0,0,1000,137.734246575342,845.279452054795,205,5,1,4,0,0,71,74.5497388934907,205,0,129,71,0.2,1,0.952384288044761,1.48837348079486,0.0059152035316196,2.27013039588928
2.5,1000,1e-05,"constant",2,0,1127,115.195730552825,1652,0,0,0,0,0,1000,126.386301369863,778.819178082192,205,5,1,4,0,0,75,62.6944666104306,205,0,125,75,0.2,1,1.19627782250758,1.62201122889163,0.00641997544579254,2.25377368927002
2.5,1000,1e-05,"constant",3,0,1128,115.195730552825,2582,0,0,0,0,0,1000,130.084931506849,1284.7095890411,206,6,4,2,0,0,67,68.0570659710714,206,0,133,67,0.666666666666667,1,0.984467946773951,1.58358080074135,0.00467031619533438,1.93370699882507
2.5,1000,1e-05,"constant",4,0,1129,115.195730552825,1775,0,0,0,0,0,1000,113.090410958904,859.512328767123,206,6,2,4,0,0,58,52.3122505257649,206,0,142,58,0.333333333333333,1,1.10872691228288,1.82155143175541,0.0069807026603171,2.51921820640564
2.5,1000,1e-05,"constant",5,0,1130,115.195730552825,2224,0,0,0,0,0,1000,139.997260273973,1078.63287671233,205,5,1,4,0,0,61,77.7112072723739,205,0,139,61,0.2,1,0.784957564565919,1.46431437014423,0.00463549749683135,2.77217221260071
2.5,1000,2e-05,"seasonal",1,0.4,1131,115.195730552825,541,0,0,0,0,0,1000,42.4191780821918,254.019178082192,202,2,1,1,0,0,7,4.11902692930229,202,0,193,7,0.5,1,1.69943050146208,4.76199702899955,0.00787342127118004,2.2672164440155
2.5,1000,2e-05,"seasonal",2,0.4,1132,115.195730552825,711,0,0,0,0,0,1000,42.2712328767123,347.317808219178,200,0,0,0,0,0,7,5.66149268272694,200,0,193,7,NA,NA,1.23642304111013,4.73135005509106,0,1.81697964668274
2.5,1000,2e-05,"seasonal",3,0.4,1133,115.195730552825,1070,0,0,0,0,0,1000,40.1452054794521,546.156164383562,202,2,1,0,1,0,5,3.13433430370907,202,0,196,4,0.5,0,1.59523506924043,5.03173411588071,0.00366195628727796,2.33139276504517
2.5,1000,2e-05,"seasonal",4,0.4,1134,115.195730552825,611,0,0,0,0,0,1000,46.0931506849315,288.701369863014,200,0,0,0,0,0,11,6.95690533117365,200,0,189,11,NA,NA,1.58116281253812,4.33903946742748,0,1.85562133789062
2.5,1000,2e-05,"seasonal",5,0.4,1135,115.195730552825,863,0,0,0,0,0,1000,41.4,431.476712328767,202,2,1,1,0,0,5,4.5069370434351,202,0,195,5,0.5,1,1.10940089728635,4.8792270531401,0.0046352443662732,2.49158430099487
2.5,1000,2e-05,"constant",1,0,1136,115.195730552825,1845,0,0,0,0,0,1000,119.945205479452,891.013698630137,211,11,6,5,0,0,57,60.4788083225574,211,0,143,57,0.545454545454545,1,0.942478887745216,1.75913659205116,0.0123454892073058,2.07109355926514
2.5,1000,2e-05,"constant",2,0,1137,115.195730552825,1914,0,0,0,0,0,1000,137.895890410959,910.871232876712,216,16,5,11,0,0,67,73.6461070669618,216,0,133,67,0.3125,1,0.909756165917651,1.5663991099102,0.0175656002983746,1.75586175918579
2.5,1000,2e-05,"constant",3,0,1138,115.195730552825,1317,0,0,0,0,0,1000,125.613698630137,596.030136986301,211,11,1,9,1,0,69,61.5403887336509,211,0,132,68,0.0909090909090909,0.9,1.12121488700103,1.67975310257585,0.0184554426318426,2.32666730880737
2.5,1000,2e-05,"constant",4,0,1139,115.195730552825,1736,0,0,0,0,0,1000,139.057534246575,812.175342465753,216,16,4,12,0,0,69,74.5677859939249,216,0,131,69,0.25,1,0.925332555879043,1.55331389392387,0.0197001794605389,1.82726049423218
2.5,1000,2e-05,"constant",5,0,1140,115.195730552825,1856,0,0,0,0,0,1000,117.191780821918,899.794520547945,218,18,5,13,0,0,61,55.1002483682643,218,0,139,61,0.277777777777778,1,1.10707304969488,1.86019871420222,0.0200045672527974,1.9719569683075
2.5,1000,3e-05,"seasonal",1,0.4,1141,115.195730552825,399,0,0,0,0,0,1000,37.4493150684931,181.180821917808,201,1,1,0,0,0,3,1.46471017126654,201,0,197,3,1,NA,2.0481867736372,5.36725437120492,0.00551934796086555,4.19212937355042
2.5,1000,3e-05,"seasonal",2,0.4,1142,115.195730552825,809,0,0,0,0,0,1000,40.4027397260274,402.884931506849,201,1,0,1,0,0,3,2.6044361986638,201,0,197,3,0,1,1.1518807800088,4.9749101512172,0.00248209829109233,7.66459774971008
2.5,1000,3e-05,"seasonal",3,0.4,1143,115.195730552825,729,0,0,0,0,0,1000,43.1095890410959,356.342465753425,201,1,1,0,0,0,6,5.7020230822591,201,0,194,6,1,NA,1.05225810443806,4.66253574833175,0.00280628916311075,3.18092036247253
2.5,1000,3e-05,"seasonal",4,0.4,1144,115.195730552825,955,0,0,0,0,0,1000,46.1424657534247,477.145205479452,203,3,1,1,1,0,8,7.23466091333177,203,0,193,7,0.333333333333333,0.5,1.10578783108658,4.39941812136326,0.00628739420526189,4.87381863594055
2.5,1000,3e-05,"seasonal",5,0.4,1145,115.195730552825,809,0,0,0,0,0,1000,42.172602739726,401.115068493151,206,6,2,3,1,0,5,4.73981375576386,206,0,196,4,0.333333333333333,0.75,1.05489376959585,4.88468784512441,0.0149583011741242,4.79948019981384
2.5,1000,3e-05,"constant",1,0,1146,115.195730552825,2013,0,0,0,0,0,1000,146.353424657534,956.660273972603,237,37,10,24,3,0,79,76.0802902177814,237,0,124,76,0.27027027027027,0.888888888888889,1.03837669091247,1.61936764072708,0.0386762166326346,3.33334302902222
2.5,1000,3e-05,"constant",2,0,1147,115.195730552825,1406,0,0,0,0,0,1000,128.972602739726,641.438356164384,230,30,17,12,1,0,68,64.9179054345529,230,0,133,67,0.566666666666667,0.923076923076923,1.04747680235238,1.78332448220924,0.0467698878804058,3.93430709838867
2.5,1000,3e-05,"constant",3,0,1148,115.195730552825,2659,0,0,0,0,0,1000,141.802739726027,1315.18356164384,230,30,11,19,0,0,67,77.9009015875098,230,0,133,67,0.366666666666667,1,0.860067067705702,1.62197148266935,0.0228105040808929,3.26176285743713
2.5,1000,3e-05,"constant",4,0,1149,115.195730552825,1395,0,0,0,0,0,1000,121.183561643836,643.2,223,23,8,15,0,0,65,56.1655240304097,223,0,135,65,0.347826086956522,1,1.15729357327472,1.84018357750045,0.0357587064676617,3.85372686386108
2.5,1000,3e-05,"constant",5,0,1150,115.195730552825,1476,0,0,0,0,0,1000,139.112328767123,669.654794520548,216,16,3,13,0,0,79,71.3597422725759,216,0,121,79,0.1875,1,1.10706677860803,1.55270206396723,0.0238929074068013,3.66238164901733
2.5,1000,5e-05,"seasonal",1,0.4,1151,115.195730552825,744,0,0,0,0,0,1000,40.0575342465753,367.613698630137,200,0,0,0,0,0,5,3.44118361877756,200,0,195,5,NA,NA,1.4529884347689,4.99281854866288,0,4.10717725753784
2.5,1000,5e-05,"seasonal",2,0.4,1152,115.195730552825,1308,0,0,0,0,0,1000,45.0164383561644,671.695890410959,206,6,1,4,1,0,5,6.13159457768167,206,0,196,4,0.166666666666667,0.8,0.815448565076277,4.57610614083135,0.00893261382964404,4.54461312294006
2.5,1000,5e-05,"seasonal",3,0.4,1153,115.195730552825,807,0,0,0,0,0,1000,41.172602739726,401.019178082192,201,1,0,1,0,0,5,3.21104663247619,201,0,195,5,0,1,1.55712469243845,4.88188714399787,0.00249364632580002,5.1369366645813
2.5,1000,5e-05,"seasonal",4,0.4,1154,115.195730552825,856,0,0,0,0,0,1000,42.1150684931507,426.92602739726,202,2,0,1,1,0,6,5.08558472609472,202,0,195,5,0,0.5,1.17980533668298,4.79638303408795,0.00468465230895603,3.78924441337585
2.5,1000,5e-05,"seasonal",5,0.4,1155,115.195730552825,820,0,0,0,0,0,1000,43.6904109589041,405.624657534247,205,5,3,1,1,0,8,5.51137324209889,205,0,193,7,0.6,0.5,1.45154386186216,4.69210509813758,0.0123266668017534,3.60742473602295
2.5,1000,5e-05,"constant",1,0,1156,115.195730552825,1789,0,0,0,0,0,1000,144.920547945205,835.353424657534,258,58,25,28,5,0,70,75.2204062793242,258,0,135,65,0.431034482758621,0.848484848484849,0.93059853652028,1.78028584392015,0.0694316899745494,3.83979845046997
2.5,1000,5e-05,"constant",2,0,1157,115.195730552825,1993,0,0,0,0,0,1000,148.202739726027,943.852054794521,254,54,22,29,3,0,73,78.3399109711387,254,0,130,70,0.407407407407407,0.90625,0.931836647438801,1.71386845121455,0.0572123562434326,3.79510951042175
2.5,1000,5e-05,"constant",3,0,1158,115.195730552825,1986,0,0,0,0,0,1000,133.328767123288,954.890410958904,235,35,14,20,1,0,67,67.1913125464138,235,0,134,66,0.4,0.952380952380952,0.997152719017333,1.76256036165622,0.0366534207468403,4.15976858139038
2.5,1000,5e-05,"constant",4,0,1159,115.195730552825,1779,0,0,0,0,0,1000,125.884931506849,848.909589041096,242,42,15,23,4,0,70,58.2313651834338,242,0,134,66,0.357142857142857,0.851851851851852,1.20210130364442,1.92239052842344,0.0494752333372061,3.75433802604675
2.5,1000,5e-05,"constant",5,0,1160,115.195730552825,1508,0,0,0,0,0,1000,131.868493150685,694.432876712329,241,41,16,24,1,0,64,65.9841366217227,241,0,137,63,0.390243902439024,0.96,0.969930096485199,1.82757832626943,0.0590409834772042,3.89627194404602
2.5,1000,8e-05,"seasonal",1,0.4,1161,115.195730552825,1173,0,0,0,0,0,1000,44.6821917808219,598.057534246575,219,19,7,12,0,0,6,5.5075025343139,219,0,194,6,0.368421052631579,1,1.08942301208536,4.90128150101171,0.0317695186700322,4.77302169799805
2.5,1000,8e-05,"seasonal",2,0.4,1162,115.195730552825,490,0,0,0,0,0,1000,44.9068493150685,223.586301369863,209,9,6,3,0,0,9,4.55851407544345,209,0,191,9,0.666666666666667,1,1.97432756618712,4.6540784576902,0.0402529132816234,3.70294141769409
2.5,1000,8e-05,"seasonal",3,0.4,1163,115.195730552825,471,0,0,0,0,0,1000,41.0602739726027,217.021917808219,208,8,3,5,0,0,5,2.51241649548989,208,0,195,5,0.375,1,1.99011589399116,5.06572362714352,0.0368626361834547,4.07760572433472
2.5,1000,8e-05,"seasonal",4,0.4,1164,115.195730552825,479,0,0,0,0,0,1000,42.8356164383562,219.630136986301,204,4,2,2,0,0,6,4.03079020554677,204,0,194,6,0.5,1,1.48854187244561,4.76239206907579,0.0182124368489989,3.93303513526917
2.5,1000,8e-05,"seasonal",5,0.4,1165,115.195730552825,828,0,0,0,0,0,1000,39.3890410958904,414.309589041096,202,2,1,1,0,0,4,2.51185100461109,202,0,196,4,0.5,1,1.59245114167085,5.12832997148223,0.00482730801531513,3.9870433807373
2.5,1000,8e-05,"constant",1,0,1166,115.195730552825,1655,0,0,0,0,0,1000,133.490410958904,773.358904109589,269,69,25,41,3,0,67,62.0762440532632,269,0,136,64,0.36231884057971,0.931818181818182,1.07931787790692,2.01512601592644,0.0892211877736683,2.89240336418152
2.5,1000,8e-05,"constant",2,0,1167,115.195730552825,2525,0,0,0,0,0,1000,110.868493150685,1272.69315068493,249,49,16,29,4,0,53,46.0080532083572,249,0,151,49,0.326530612244898,0.878787878787879,1.15197223755542,2.24590406998295,0.0385010322194548,2.77299904823303
2.5,1000,8e-05,"constant",3,0,1168,115.195730552825,1686,0,0,0,0,0,1000,163.780821917808,760.054794520548,286,86,37,46,3,0,81,87.2704622954294,286,0,122,78,0.430232558139535,0.938775510204082,0.928149088127865,1.74623619939779,0.113149736861077,3.33677792549133
2.5,1000,8e-05,"constant",4,0,1169,115.195730552825,1879,0,0,0,0,0,1000,151.005479452055,878.583561643836,292,92,29,60,3,0,70,74.0834199779544,292,0,133,67,0.315217391304348,0.952380952380952,0.94488078467261,1.93370466462253,0.104714001054,3.25780558586121
2.5,1000,8e-05,"constant",5,0,1170,115.195730552825,2355,0,0,0,0,0,1000,171.501369863014,1118.9095890411,280,80,27,46,7,0,76,96.292292375282,280,0,131,69,0.3375,0.867924528301887,0.7892635861633,1.63264002044794,0.0714981807141003,4.09931778907776
2.5,1000,1e-04,"seasonal",1,0.4,1171,115.195730552825,916,0,0,0,0,0,1000,41.5013698630137,460.416438356164,205,5,1,4,0,0,4,3.41870031967958,205,0,196,4,0.2,1,1.1700352841617,4.93959598626881,0.0108597338918906,3.14243102073669
2.5,1000,1e-04,"seasonal",2,0.4,1172,115.195730552825,882,0,0,0,0,0,1000,48.0630136986301,435.224657534247,216,16,5,10,1,0,11,7.74320670103666,216,0,190,10,0.3125,0.909090909090909,1.42060007238698,4.49410021091033,0.0367626229879703,3.46695590019226
2.5,1000,1e-04,"seasonal",3,0.4,1173,115.195730552825,892,0,0,0,0,0,1000,46.4904109589041,442.276712328767,218,18,6,12,0,0,5,6.52611512562688,218,0,195,5,0.333333333333333,1,0.766152589059593,4.68913901820968,0.0406985027658876,2.66693949699402
2.5,1000,1e-04,"seasonal",4,0.4,1174,115.195730552825,588,0,0,0,0,0,1000,43.6876712328767,278.504109589041,206,6,2,4,0,0,6,5.19517376719061,206,0,194,6,0.333333333333333,1,1.15491805835103,4.71528910071491,0.0215436677356523,2.92294263839722
2.5,1000,1e-04,"seasonal",5,0.4,1175,115.195730552825,813,0,0,0,0,0,1000,44.7616438356164,400.717808219178,223,23,7,14,2,0,6,4.85544773979335,223,0,196,4,0.304347826086957,0.875,1.23572537931494,4.98194393438609,0.0573969999042814,4.10599207878113
2.5,1000,1e-04,"constant",1,0,1176,115.195730552825,1998,0,0,0,0,0,1000,148.304109589041,946.490410958904,317,117,47,66,4,0,66,71.7386922610145,317,0,138,62,0.401709401709402,0.942857142857143,0.920005619280948,2.13749976907872,0.123614564548483,5.11592197418213
2.5,1000,1e-04,"constant",2,0,1177,115.195730552825,1804,0,0,0,0,0,1000,164.471232876712,824.021917808219,328,128,38,87,3,0,75,80.4396720898826,328,0,128,72,0.296875,0.966666666666667,0.932375755040319,1.9942697228145,0.155335674007873,3.70029449462891
2.5,1000,1e-04,"constant",3,0,1178,115.195730552825,2608,0,0,0,0,0,1000,127.742465753425,1301.29863013699,298,98,41,54,3,0,59,55.9566516330821,298,0,144,56,0.418367346938776,0.947368421052632,1.05438760680095,2.3328185990649,0.07530938535583,6.01713228225708
2.5,1000,1e-04,"constant",4,0,1179,115.195730552825,2134,0,0,0,0,0,1000,166.627397260274,1002.68767123288,326,126,41,77,8,0,78,83.4578069186834,326,0,130,70,0.325396825396825,0.905882352941176,0.934603997874025,1.95646097436656,0.125662261155634,4.14409852027893
2.5,1000,1e-04,"constant",5,0,1180,115.195730552825,3794,0,0,0,0,0,1000,171.731506849315,1907.17260273973,340,140,46,85,9,0,71,88.3141224551345,340,0,138,62,0.328571428571429,0.904255319148936,0.803948428928448,1.9798347212916,0.0734070947741619,4.23900151252747
2.5,1000,2e-04,"seasonal",1,0.4,1181,115.195730552825,816,0,0,0,0,0,1000,41.972602739726,405.150684931507,220,20,4,15,1,0,4,2.71185100461109,220,0,197,3,0.2,0.9375,1.47500728955927,5.24151436031332,0.0493643494725453,3.54885411262512
2.5,1000,2e-04,"seasonal",2,0.4,1182,115.195730552825,463,0,0,0,0,0,1000,40.6356164383562,213.06301369863,210,10,3,7,0,0,3,1.99073756852681,210,0,197,3,0.3,1,1.50697914553351,5.16788025889968,0.0469344717621644,3.49311947822571
2.5,1000,2e-04,"seasonal",3,0.4,1183,115.195730552825,883,0,0,0,0,0,1000,53.8630136986301,429.972602739726,273,73,26,43,4,0,10,5.43305216906197,273,0,194,6,0.356164383561644,0.914893617021277,1.84058604423939,5.06841302136317,0.16977825920734,3.26200652122498
2.5,1000,2e-04,"seasonal",4,0.4,1184,115.195730552825,485,0,0,0,0,0,1000,40.3369863013699,225.416438356164,215,15,8,6,1,0,4,2.03787840187136,215,0,197,3,0.533333333333333,0.857142857142857,1.96282565060155,5.33009576852544,0.0665435054754062,2.70005035400391
2.5,1000,2e-04,"seasonal",5,0.4,1185,115.195730552825,1577,0,0,0,0,0,1000,64.3671232876712,799.742465753425,320,120,33,85,2,0,13,9.20187192936961,320,0,189,11,0.275,0.977011494252874,1.41275602396811,4.9714820805312,0.1500483032209,3.15484237670898
2.5,1000,2e-04,"constant",1,0,1186,115.195730552825,1669,0,0,0,0,0,1000,208.657534246575,705.86301369863,567,367,144,211,12,0,87,90.7231703091953,567,0,125,75,0.392370572207084,0.946188340807175,0.958961197051356,2.71737132352941,0.519930911349169,3.22605991363525
2.5,1000,2e-04,"constant",2,0,1187,115.195730552825,1757,0,0,0,0,0,1000,164.602739726027,798.13698630137,453,253,103,141,9,0,76,65.8703745670628,453,0,133,67,0.407114624505929,0.94,1.15378120284748,2.75208055925433,0.316988191679253,4.05935549736023
2.5,1000,2e-04,"constant",3,0,1188,115.195730552825,2454,0,0,0,0,0,1000,218.416438356164,1126.24109589041,628,428,154,255,19,0,92,87.9698333800277,628,0,127,73,0.35981308411215,0.930656934306569,1.04581305278324,2.8752414640877,0.380025202029785,3.98981881141663
2.5,1000,2e-04,"constant",4,0,1189,115.195730552825,2050,0,0,0,0,0,1000,190.542465753425,932.745205479452,545,345,128,205,12,0,74,77.1021202976339,545,0,138,62,0.371014492753623,0.944700460829493,0.959766083141956,2.86025478806004,0.36987592964647,3.85535764694214
2.5,1000,2e-04,"constant",5,0,1190,115.195730552825,1827,0,0,0,0,0,1000,192.221917808219,808.87397260274,515,315,115,192,8,0,77,83.2983373182155,515,0,131,69,0.365079365079365,0.96,0.924388198840576,2.67919499437009,0.389430258197596,4.03820037841797
2.5,2000,1e-05,"seasonal",1,0.4,1191,115.195730552825,2328,0,0,0,0,0,2000,65.0438356164384,1210.57260273973,203,3,1,2,0,0,13,22.1224198745751,203,0,187,13,0.333333333333333,1,0.587639149501031,3.12097215787035,0.00247816611181395,4.74065685272217
2.5,2000,1e-05,"seasonal",2,0.4,1192,115.195730552825,2643,0,0,0,0,0,2000,60.8356164383562,1387.38356164384,201,1,0,0,1,0,10,18.6686686074181,201,0,191,9,0,0,0.535656838218577,3.30398558883134,0.000720781208345264,3.51403117179871
2.5,2000,1e-05,"seasonal",3,0.4,1193,115.195730552825,2274,0,0,0,0,0,2000,64.958904109589,1181.06849315069,204,4,1,3,0,0,10,22.5481206622127,204,0,190,10,0.25,1,0.443495941404932,3.14044706874736,0.00338676378482451,3.76018524169922
2.5,2000,1e-05,"seasonal",4,0.4,1194,115.195730552825,3852,0,0,0,0,0,2000,80.8109589041096,2029.87397260274,211,11,3,6,2,0,14,35.2243552284676,211,0,188,12,0.272727272727273,0.75,0.397452271565939,2.61103200433957,0.00541905564013691,3.59664154052734
2.5,2000,1e-05,"seasonal",5,0.4,1195,115.195730552825,1806,0,0,0,0,0,2000,55.5780821917808,934.01095890411,202,2,0,2,0,0,9,13.5667332535256,202,0,191,9,0,1,0.663387407404147,3.63452627427783,0.00214130249857735,4.18806409835815
2.5,2000,1e-05,"constant",1,0,1196,115.195730552825,9935,0,0,0,0,0,2000,593.542465753425,4850.29315068493,300,100,35,60,5,0,103,505.299341450927,300,0,102,98,0.35,0.923076923076923,0.203839569044843,0.505439824965496,0.0206173105198556,3.75110530853271
2.5,2000,1e-05,"constant",2,0,1197,115.195730552825,9878,0,0,0,0,0,2000,741.468493150685,4671.13424657534,329,129,39,88,2,0,110,645.615628654202,329,0,92,108,0.302325581395349,0.977777777777778,0.170380014234316,0.443714066125719,0.0276164188803987,4.13198804855347
2.5,2000,1e-05,"constant",3,0,1198,115.195730552825,9708,0,0,0,0,0,2000,641.602739726027,4677.84931506849,303,103,30,65,8,0,104,551.299906941806,303,0,104,96,0.29126213592233,0.89041095890411,0.188645052702644,0.47225484125798,0.0220186656436777,3.77880430221558
2.5,2000,1e-05,"constant",4,0,1199,115.195730552825,15591,0,0,0,0,0,2000,692.219178082192,7850.79452054794,332,132,44,81,7,0,117,595.553833665696,332,0,90,110,0.333333333333333,0.920454545454545,0.19645579188006,0.479616876434734,0.0168135848740552,4.03234791755676
2.5,2000,1e-05,"constant",5,0,1200,115.195730552825,9926,0,0,0,0,0,2000,687.145205479452,4751.75890410959,307,107,32,70,5,0,96,598.85976657642,307,0,109,91,0.299065420560748,0.933333333333333,0.160304641183053,0.446776019903671,0.0225179774814459,3.89711880683899
2.5,2000,2e-05,"seasonal",1,0.4,1201,115.195730552825,3761,0,0,0,0,0,2000,77.7671232876712,1983.05479452055,221,21,6,13,2,0,12,31.7163749316415,221,0,190,10,0.285714285714286,0.866666666666667,0.378353453881904,2.84181786154659,0.0105897225119678,3.59824204444885
2.5,2000,2e-05,"seasonal",2,0.4,1202,115.195730552825,1255,0,0,0,0,0,2000,56.2794520547945,631.391780821918,210,10,6,4,0,0,10,13.8933261416647,210,0,190,10,0.6,1,0.719770046282221,3.73137961250122,0.015838026885593,3.73891353607178
2.5,2000,2e-05,"seasonal",3,0.4,1203,115.195730552825,2022,0,0,0,0,0,2000,61.9835616438356,1045.96164383562,219,19,9,10,0,0,11,18.1103299887079,219,0,189,11,0.473684210526316,1,0.607388159512206,3.53319483734088,0.0181651020493693,3.66385698318481
2.5,2000,2e-05,"seasonal",4,0.4,1204,115.195730552825,2263,0,0,0,0,0,2000,57.7780821917808,1182.22191780822,211,11,5,6,0,0,8,16.029181461277,211,0,192,8,0.454545454545455,1,0.499089739505805,3.6519038361231,0.00930451367404307,5.15427207946777
2.5,2000,2e-05,"seasonal",5,0.4,1205,115.195730552825,1252,0,0,0,0,0,2000,66.0438356164384,619.983561643836,217,17,6,9,2,0,14,20.2983278312073,217,0,188,12,0.352941176470588,0.818181818181818,0.689711985953638,3.28569650709367,0.0274200818404377,3.94253087043762
2.5,2000,2e-05,"constant",1,0,1206,115.195730552825,13640,0,0,0,0,0,2000,641.282191780822,6832.6904109589,423,223,67,143,13,0,103,531.088382546818,423,0,110,90,0.300448430493274,0.916666666666667,0.193941353990962,0.659616009023019,0.0326372170532316,3.5597665309906
2.5,2000,2e-05,"constant",2,0,1207,115.195730552825,11668,0,0,0,0,0,2000,695.66301369863,5697.76164383562,419,219,81,129,9,0,108,587.904908631349,419,0,101,99,0.36986301369863,0.934782608695652,0.183703177868383,0.602303114797355,0.0384361462780626,3.93897294998169
2.5,2000,2e-05,"constant",3,0,1208,115.195730552825,11406,0,0,0,0,0,2000,598.134246575342,5651.72876712329,376,176,59,112,5,0,102,497.186447192925,376,0,103,97,0.335227272727273,0.957264957264957,0.205154425620175,0.628621420948245,0.0311409140905365,3.58642506599426
2.5,2000,2e-05,"constant",4,0,1209,115.195730552825,9114,0,0,0,0,0,2000,653.641095890411,4340.33150684932,388,188,58,124,6,0,103,549.518519533119,388,0,103,97,0.308510638297872,0.953846153846154,0.187436813025902,0.593597927730437,0.0433146638000632,4.01156044006348
2.5,2000,2e-05,"constant",5,0,1210,115.195730552825,9253,0,0,0,0,0,2000,608.98904109589,4461.14794520548,395,195,77,113,5,0,101,508.111909099307,395,0,104,96,0.394871794871795,0.957627118644068,0.19877510877286,0.648615941083583,0.0437107225304133,4.20673227310181
2.5,2000,3e-05,"seasonal",1,0.4,1211,115.195730552825,1602,0,0,0,0,0,2000,62.7561643835616,815.05205479452,217,17,6,9,2,0,10,19.3453809361853,217,0,192,8,0.352941176470588,0.818181818181818,0.516919260105917,3.45782764341221,0.020857563513886,3.46698522567749
2.5,2000,3e-05,"seasonal",2,0.4,1212,115.195730552825,2412,0,0,0,0,0,2000,82.441095890411,1239.20273972603,231,31,13,12,6,0,23,33.982869303911,231,0,183,17,0.419354838709677,0.666666666666667,0.676811595698688,2.8020005981855,0.0250160841371717,3.53565788269043
2.5,2000,3e-05,"seasonal",3,0.4,1213,115.195730552825,1585,0,0,0,0,0,2000,65.0904109589041,803.402739726027,218,18,6,9,3,0,12,20.4944571234223,218,0,191,9,0.333333333333333,0.75,0.585524170156509,3.34918764205741,0.022404703282613,3.78805994987488
2.5,2000,3e-05,"seasonal",4,0.4,1214,115.195730552825,1939,0,0,0,0,0,2000,57.4301369863014,1005.03561643836,216,16,5,8,3,0,10,13.205654908788,216,0,193,7,0.3125,0.727272727272727,0.757251349446158,3.76109149890278,0.0159198338231045,4.01807165145874
2.5,2000,3e-05,"seasonal",5,0.4,1215,115.195730552825,2690,0,0,0,0,0,2000,72.2493150684931,1401.72328767123,226,26,12,13,1,0,12,25.4067858905456,226,0,189,11,0.461538461538462,0.928571428571429,0.472314760776783,3.12805733570968,0.0185485967370888,3.66630864143372
2.5,2000,3e-05,"constant",1,0,1216,115.195730552825,10632,0,0,0,0,0,2000,942.413698630137,4883.3397260274,706,506,158,329,19,0,120,780.613064384908,706,0,99,101,0.312252964426877,0.945402298850575,0.153725328815186,0.749140214139734,0.103617611796104,4.89416646957397
2.5,2000,3e-05,"constant",2,0,1217,115.195730552825,11221,0,0,0,0,0,2000,728.635616438356,5419.85753424658,560,360,97,244,19,0,110,588.653984818586,560,0,109,91,0.269444444444444,0.927756653992395,0.186866992897195,0.768559740103477,0.0664224101326022,4.31130647659302
2.5,2000,3e-05,"constant",3,0,1218,115.195730552825,14700,0,0,0,0,0,2000,628.846575342466,7425.94794520548,506,306,100,197,9,0,102,506.613844453199,506,0,107,93,0.326797385620915,0.956310679611651,0.201336779712546,0.804647778712058,0.0412068603574803,3.35639929771423
2.5,2000,3e-05,"constant",4,0,1219,115.195730552825,13818,0,0,0,0,0,2000,674.904109589041,6896.60273972603,570,370,122,237,11,0,98,543.852678380095,570,0,113,87,0.32972972972973,0.955645161290323,0.180195857988417,0.844564423154989,0.053649603139922,2.97265481948853
2.5,2000,3e-05,"constant",5,0,1220,115.195730552825,11233,0,0,0,0,0,2000,987.67397260274,5167.39452054794,696,496,146,328,22,0,129,821.325003117886,696,0,93,107,0.294354838709677,0.937142857142857,0.157063281295826,0.704685978679671,0.0959864779102264,3.89082026481628
2.5,2000,5e-05,"seasonal",1,0.4,1221,115.195730552825,3416,0,0,0,0,0,2000,84.4849315068493,1787.29589041096,270,70,24,42,4,0,16,32.1871300458416,270,0,188,12,0.342857142857143,0.91304347826087,0.4970930920903,3.19583617083374,0.0391653113373996,2.89735722541809
2.5,2000,5e-05,"seasonal",2,0.4,1222,115.195730552825,3394,0,0,0,0,0,2000,98.8438356164384,1760.88219178082,273,73,21,44,8,0,21,42.9872177742082,273,0,187,13,0.287671232876712,0.846153846153846,0.48851731019912,2.76193247962747,0.0414564928538311,3.67305684089661
2.5,2000,5e-05,"seasonal",3,0.4,1223,115.195730552825,1661,0,0,0,0,0,2000,70.427397260274,839.709589041096,238,38,17,19,2,0,16,22.1186368951567,238,0,186,14,0.447368421052632,0.904761904761905,0.723371882084809,3.37936668482066,0.0452537406931294,3.81143236160278
2.5,2000,5e-05,"seasonal",4,0.4,1224,115.195730552825,6664,0,0,0,0,0,2000,99.6520547945206,3551.85479452055,251,51,15,29,7,0,25,46.5785208336138,251,0,182,18,0.294117647058824,0.805555555555556,0.536728078792028,2.51876391829104,0.0143586950904293,4.9162929058075
2.5,2000,5e-05,"seasonal",5,0.4,1225,115.195730552825,2296,0,0,0,0,0,2000,80.186301369863,1177.89589041096,253,53,16,34,3,0,16,28.3816505937868,253,0,187,13,0.30188679245283,0.918918918918919,0.56374452032408,3.15515238485718,0.0449954876585134,3.61145758628845
2.5,2000,5e-05,"constant",1,0,1226,115.195730552825,12411,0,0,0,0,0,2000,1188.20547945205,5612.34246575343,1319,1119,377,690,52,0,150,920.032768837299,1319,0,102,98,0.336907953529937,0.929919137466307,0.163037671135957,1.11007735851232,0.199381988328073,4.62035036087036
2.5,2000,5e-05,"constant",2,0,1227,115.195730552825,17480,0,0,0,0,0,2000,1405.76712328767,8172.31506849315,1489,1289,409,814,66,0,175,1097.26060473941,1489,0,91,109,0.317300232738557,0.925,0.159488091747868,1.05920815427642,0.157727643782299,3.73464369773865
2.5,2000,5e-05,"constant",3,0,1228,115.195730552825,13584,0,0,0,0,0,2000,798.676712328767,6644.61095890411,946,746,243,472,31,0,123,597.93530880275,946,0,108,92,0.32573726541555,0.938369781312127,0.205707872054393,1.1844592253625,0.112271433890395,4.16767811775208
2.5,2000,5e-05,"constant",4,0,1229,115.195730552825,23851,0.00295024930140814,0,0,0.015,0,1995.65440085475,1100.13424657534,11968.9068493151,1234,1034,312,679,43,0,144,838.782800549561,1234,0,99,101,0.30174081237911,0.940443213296399,0.171677339956962,1.12168128920754,0.0863905127692736,4.33137369155884
2.5,2000,5e-05,"constant",5,0,1230,115.195730552825,26887,0.00316475809544682,0,0,0.015,0,1995.24027916279,1236.62191780822,13495.9808219178,1378,1178,400,735,43,0,148,958.617939225405,1378,0,95,105,0.33955857385399,0.944730077120823,0.154388932174156,1.11432603624102,0.0872852455515422,4.45041632652283
2.5,2000,8e-05,"seasonal",1,0.4,1231,115.195730552825,2756,0,0,0,0,0,2000,99.9260273972603,1410.21095890411,335,135,35,91,9,0,21,34.0666698290027,335,0,188,12,0.259259259259259,0.91,0.61643829894173,3.35247991665067,0.0957303580344532,3.85411739349365
2.5,2000,8e-05,"seasonal",2,0.4,1232,115.195730552825,3444,0,0,0,0,0,2000,111.605479452055,1775.51780821918,389,189,56,122,11,0,23,37.4321843724042,389,0,188,12,0.296296296296296,0.917293233082707,0.614444505059558,3.48549194815397,0.106447819968398,3.72836494445801
2.5,2000,8e-05,"seasonal",3,0.4,1233,115.195730552825,4161,0,0,0,0,0,2000,109.358904109589,2170.64109589041,404,204,55,135,14,0,21,33.3351629796877,404,0,193,7,0.269607843137255,0.906040268456376,0.629965421581891,3.69425794167752,0.0939814510958192,3.98751020431519
2.5,2000,8e-05,"seasonal",4,0.4,1234,115.195730552825,9314,0,0,0,0,0,2000,179.068493150685,4924.49315068493,570,370,111,219,40,0,48,71.2161846580728,570,0,192,8,0.3,0.845559845559846,0.674004093738808,3.18313953488372,0.0751346359266512,4.21617913246155
2.5,2000,8e-05,"seasonal",5,0.4,1235,115.195730552825,7792,0,0,0,0,0,2000,172.391780821918,4097.19726027397,538,338,99,212,27,0,39,71.7097253771499,538,0,188,12,0.292899408284024,0.887029288702929,0.543859285402134,3.12079843618391,0.0824954178499569,3.50945806503296
2.5,2000,8e-05,"constant",1,0,1236,115.195730552825,27227,0.00722672730261356,0,0,0.04,0,1986.87200810914,1972.6,12946.304109589,3470,3270,1066,2052,152,0,263,1310.15968300523,3470,0,89,111,0.325993883792049,0.931034482758621,0.200738889626593,1.7590996654162,0.252581738565679,3.83029890060425
2.5,2000,8e-05,"constant",2,0,1237,115.195730552825,26168,0.0199567147005644,0,0,0.08,0,1966.10855213413,2454.68767123288,11883.9424657534,4376,4176,1423,2530,223,0,322,1640.34099217256,4376,0,101,99,0.340756704980843,0.918997457319288,0.196300648180184,1.78271152427394,0.351398537314885,4.59447622299194
2.5,2000,8e-05,"constant",3,0,1238,115.195730552825,36086,0.0481537997917922,0.045,0.005,0.12,0,1921.05404060052,3296.1698630137,16476.9808219178,5799,5599,1893,3438,268,0,366,2231.79053130548,5799,0,102,98,0.338096088587248,0.927684835402051,0.163993885118739,1.75931467157398,0.339807399214313,5.10528302192688
2.5,2000,8e-05,"constant",4,0,1239,115.195730552825,31534,0.0270604350446551,0.02,0,0.095,0,1955.17034463865,2218.67945205479,15060.2246575342,3825,3625,1276,2170,179,0,266,1520.2545301628,3825,0,113,87,0.352,0.92379736057897,0.174970700446796,1.72399847867052,0.240700260615734,3.47874021530151
2.5,2000,8e-05,"constant",5,0,1240,115.195730552825,22611,0.0135488466385404,0,0,0.095,0,1977.59570078352,1664.99178082192,10724.597260274,3298,3098,1028,1940,130,0,227,1048.69822944319,3298,0,103,97,0.331826985151711,0.93719806763285,0.216458837849404,1.98079055884105,0.288868656306154,4.52039313316345
2.5,2000,1e-04,"seasonal",1,0.4,1241,115.195730552825,8753,0,0,0,0,0,2000,291.630136986301,4504.53424657534,1018,818,257,501,60,0,74,113.754175092154,1018,0,186,14,0.314180929095354,0.893048128342246,0.650525573589287,3.49072290854432,0.181594800976794,3.93649220466614
2.5,2000,1e-04,"seasonal",2,0.4,1242,115.195730552825,11142,0,0,0,0,0,2000,459.432876712329,5645.77260273973,1543,1343,402,834,107,0,118,185.595495046986,1543,0,189,11,0.299329858525689,0.886291179596174,0.635791294234414,3.35848842825878,0.237877097520414,4.50896835327148
2.5,2000,1e-04,"seasonal",3,0.4,1243,115.195730552825,2747,0,0,0,0,0,2000,112.835616438356,1392.3698630137,413,213,59,147,7,0,18,34.9745623974622,413,0,189,11,0.276995305164319,0.954545454545455,0.514659763157068,3.66019181740925,0.152976594551519,3.92151260375977
2.5,2000,1e-04,"seasonal",4,0.4,1244,115.195730552825,8089,0,0,0,0,0,2000,270.46301369863,4161.86575342466,922,722,227,442,53,0,70,108.880680251927,922,0,183,17,0.314404432132964,0.892929292929293,0.64290560858028,3.40896889150012,0.173479886852643,3.5801990032196
2.5,2000,1e-04,"seasonal",5,0.4,1245,115.195730552825,5649,0,0,0,0,0,2000,264.539726027397,2830.80273972603,923,723,213,460,50,0,65,98.7710034824645,923,0,185,15,0.294605809128631,0.901960784313726,0.658087877091782,3.48907898961235,0.255404585368592,4.21378755569458
2.5,2000,1e-04,"constant",1,0,1246,115.195730552825,NA,0.292379047723412,0.29,0.225,0.37,69,1550.10010136431,6783.28767123288,13217.2602739726,12805,12605,4513,7263,800,29,853,4472.55703814929,12736,0,107,93,0.358858142493639,0.900781346893216,0.190718640975223,1.87755563633426,0.953677217420144,7.66087365150452
2.5,2000,1e-04,"constant",2,0,1247,115.195730552825,NA,0.313731302394389,0.315,0.23,0.395,43,1520.63449865761,6885.45479452055,13115.0931506849,12938,12738,4546,7420,757,15,834,4553.1148503978,12895,0,95,105,0.35730566690246,0.907423260364437,0.183171307424221,1.87278841918501,0.971247390594001,5.26002621650696
2.5,2000,1e-04,"constant",3,0,1248,115.195730552825,NA,0.312069201687579,0.31,0.21,0.425,75,1522.32392362062,5983.55616438356,14016.9917808219,12139,11939,4219,7036,657,27,707,3809.68447986007,12064,0,102,98,0.354180658159839,0.914597686208241,0.185579672998528,2.01619232252044,0.851751944117922,4.8886182308197
2.5,2000,1e-04,"constant",4,0,1249,115.195730552825,NA,0.284034299490439,0.275,0.17,0.405,40,1563.68731905101,6809.98082191781,13190.5671232877,12762,12562,4557,7191,795,19,863,4523.39030489576,12722,0,111,89,0.363310212867735,0.900450788880541,0.190786101094561,1.86814035643896,0.952347225300272,4.79814291000366
2.5,2000,1e-04,"constant",5,0,1250,115.195730552825,NA,0.170993918141472,0.17,0.1,0.255,44,1716.12446687853,4708.44931506849,15292.098630137,10574,10374,3667,6172,513,22,596,2823.65632267817,10530,0,95,105,0.354231066460587,0.923261032161556,0.211073846067325,2.23640508697858,0.678389555999553,3.74420428276062
2.5,2000,2e-04,"seasonal",1,0.4,1251,115.195730552825,NA,0.299670976932771,0.26,0.105,0.605,65,1317.9240833379,5908.63561643836,14091.9123287671,25907,25707,10768,13434,1454,51,1449,2196.42457342966,25842,0,191,9,0.419706891175553,0.902337452982268,0.659708517892525,4.37359852215378,1.82423786071404,5.31901431083679
2.5,2000,2e-04,"seasonal",2,0.4,1252,115.195730552825,NA,0.29351460193962,0.245,0.095,0.62,134,1319.20287134952,5984.34794520548,14016.2,25884,25684,10661,13439,1479,105,1462,2249.24040717426,25750,0,188,12,0.416787208256773,0.900858023863789,0.649997214764926,4.30289151562959,1.83245102096146,6.29576754570007
2.5,2000,2e-04,"seasonal",3,0.4,1253,115.195730552825,NA,0.275788175990357,0.235,0.085,0.575,110,1335.88429812065,5400.63835616438,14599.9095890411,25390,25190,10337,13555,1202,96,1203,1819.13751746799,25280,0,185,15,0.41193113891767,0.91854713017551,0.661302396574407,4.68092812975432,1.72535315005704,5.51882457733154
2.5,2000,2e-04,"seasonal",4,0.4,1254,115.195730552825,NA,0.314013204755904,0.265,0.125,0.625,114,1296.6564689606,6304.12328767123,13696.4246575342,26245,26045,10928,13478,1546,93,1540,2505.89095043989,26131,0,185,15,0.421085080147965,0.89709797657082,0.614551882127858,4.14506487382687,1.90159115617614,6.90509676933289
2.5,2000,2e-04,"seasonal",5,0.4,1255,115.195730552825,NA,0.310128760067941,0.265,0.105,0.635,110,1309.30673497343,6108.08219178082,13892.4657534247,25799,25599,10781,13187,1547,84,1539,2398.0329384308,25689,0,182,18,0.422535763276504,0.895004750916248,0.641776005381758,4.20573908363049,1.84265345363112,4.84915232658386
2.5,2000,2e-04,"constant",1,0,1256,115.195730552825,NA,0.766675250671196,0.765,0.7,0.835,167,989.840998301463,15388.7123287671,4611.83561643835,18077,17877,7913,7810,2120,34,2095,12153.0379958697,17910,0,92,108,0.443479235554559,0.7865055387714,0.172384880283596,1.16384006779564,3.87633070360953,6.06946659088135
2.5,2000,2e-04,"constant",2,0,1257,115.195730552825,NA,0.766531696893321,0.765,0.695,0.84,157,989.234294285245,15244.8301369863,4755.71780821918,18432,18232,8123,8029,2049,31,2017,11996.0693811998,18275,0,106,94,0.446294159661557,0.796685850367136,0.168138407332074,1.19876704665026,3.8337009753796,5.41461157798767
2.5,2000,2e-04,"constant",3,0,1258,115.195730552825,NA,0.747239603309408,0.75,0.66,0.825,142,1005.51551476631,15093.9178082192,4906.6301369863,18857,18657,8414,8185,2020,38,2009,11806.7291288022,18715,0,107,93,0.451903969063859,0.802057814796668,0.170157202565026,1.23990339935527,3.80240602595314,6.18509197235107
2.5,2000,2e-04,"constant",4,0,1259,115.195730552825,NA,0.774812065092324,0.775,0.705,0.83375,165,983.063093803079,15386.7205479452,4613.82739726027,17811,17611,7838,7696,2045,32,2000,12226.9240002637,17646,0,112,88,0.445872916548154,0.790062621907402,0.163573438418107,1.14683307238959,3.81700451353199,6.28566145896912
2.5,2000,2e-04,"constant",5,0,1260,115.195730552825,NA,0.770199441126514,0.77,0.7,0.83,151,988.307893266122,15162.8356164384,4837.71232876712,18598,18398,8215,8046,2108,29,2087,11879.2272515431,18447,0,99,101,0.4472208612336,0.792397084892653,0.175684828297978,1.21659302169056,3.80303721050083,7.16318225860596
2.5,3000,1e-05,"seasonal",1,0.4,1261,115.195730552825,7170,0,0,0,0,0,3000,158.268493150685,3770.49863013699,238,38,15,17,6,0,20,107.518159132644,238,0,186,14,0.394736842105263,0.739130434782609,0.186015089556417,1.50377371555186,0.0100782426218835,3.81540012359619
2.5,3000,1e-05,"seasonal",2,0.4,1262,115.195730552825,7045,0,0,0,0,0,3000,127.709589041096,3732.56438356164,227,27,7,14,6,0,19,76.8354018609438,227,0,187,13,0.259259259259259,0.7,0.247281845865609,1.77747028789634,0.00723363275899782,4.39128303527832
2.5,3000,1e-05,"seasonal",3,0.4,1263,115.195730552825,6269,0,0,0,0,0,3000,166.293150684932,3268.77534246575,241,41,15,22,4,0,19,114.947730628067,241,0,185,15,0.365853658536585,0.846153846153846,0.165292519445014,1.44924790352077,0.0125429237878037,3.50901365280151
2.5,3000,1e-05,"seasonal",4,0.4,1264,115.195730552825,8114,0,0,0,0,0,3000,223.717808219178,4222.3095890411,259,59,24,26,9,0,24,168.345078630406,259,0,185,15,0.406779661016949,0.742857142857143,0.142564310137577,1.15770846345078,0.0139733950710609,4.51027584075928
2.5,3000,1e-05,"seasonal",5,0.4,1265,115.195730552825,6668,0,0,0,0,0,3000,169.6,3484.09863013699,247,47,16,25,6,0,22,115.039838059608,247,0,184,16,0.340425531914894,0.806451612903226,0.191238099523408,1.4563679245283,0.0134898592116355,3.02512550354004
2.5,3000,1e-05,"constant",1,0,1266,115.195730552825,NA,0.122574653443647,0.105,0.055,0.23,12,2769.4323979508,4953.81643835616,15046.7315068493,1317,1117,360,708,48,1,156,4669.5684095795,1305,0,81,119,0.32258064516129,0.936507936507937,0.0334077983909541,0.263433257214722,0.074235391220448,4.24966144561768
2.5,3000,1e-05,"constant",2,0,1267,115.195730552825,NA,0.157700126020492,0.145,0.1,0.24,19,2703.67264369076,5230.19178082192,14770.3561643836,1482,1282,405,809,67,1,162,4908.50178835818,1463,0,87,113,0.31615925058548,0.92351598173516,0.0330039606757863,0.279722056343045,0.0867954696374449,5.50253987312317
2.5,3000,1e-05,"constant",3,0,1268,115.195730552825,NA,0.107342885321352,0.1,0.08,0.145,17,2797.98653936771,4012.0301369863,15988.5178082192,1267,1067,371,644,51,1,135,3746.51004665695,1250,0,100,100,0.348030018761726,0.926618705035971,0.0360335347613607,0.311562963716658,0.0667353917854406,4.08782458305359
2.5,3000,1e-05,"constant",4,0,1269,115.195730552825,NA,0.182540134787135,0.175,0.125,0.26,29,2656.22531916059,5918.17534246575,14082.3726027397,1616,1416,460,875,77,4,179,5569.9482368516,1587,0,73,127,0.325779036827195,0.919117647058823,0.032136743895699,0.268156975446894,0.100551238058033,5.19505047798157
2.5,3000,1e-05,"constant",5,0,1270,115.195730552825,NA,0.148954851788943,0.15,0.11,0.205,22,2719.99024437017,5032.68767123288,14967.8602739726,1381,1181,324,772,84,1,188,4712.46887252518,1359,0,75,125,0.274576271186441,0.901869158878505,0.039894162717145,0.270034639297829,0.0789023934204961,5.81083917617798
2.5,3000,2e-05,"seasonal",1,0.4,1271,115.195730552825,12500,0,0,0,0,0,3000,144.616438356164,6704.69863013699,288,88,36,45,7,0,19,87.429922408889,288,0,188,12,0.409090909090909,0.865384615384615,0.217316903372526,1.99147485080989,0.0131251238652918,3.1568078994751
2.5,3000,2e-05,"seasonal",2,0.4,1272,115.195730552825,5928,0,0,0,0,0,3000,210.695890410959,3037.52328767123,335,135,41,82,12,0,29,140.7479060848,335,0,183,17,0.303703703703704,0.872340425531915,0.206042141632484,1.58996931238947,0.0444441037038106,4.28991103172302
2.5,3000,2e-05,"seasonal",3,0.4,1273,115.195730552825,4098,0,0,0,0,0,3000,161.471232876712,2084.00821917808,315,115,35,67,13,0,29,94.1150293724715,315,0,184,16,0.304347826086957,0.8375,0.308133570093561,1.950811883876,0.055182124015497,2.82502937316895
2.5,3000,2e-05,"seasonal",4,0.4,1274,115.195730552825,11831,0,0,0,0,0,3000,196.739726027397,6286,289,89,34,43,12,0,29,136.860234851924,289,0,183,17,0.382022471910112,0.781818181818182,0.211895003916782,1.46894582927169,0.0141584473433026,4.66828370094299
2.5,3000,2e-05,"seasonal",5,0.4,1275,115.195730552825,4454,0,0,0,0,0,3000,134.569863013699,2305.97808219178,249,49,14,30,5,0,20,80.052405707987,249,0,185,15,0.285714285714286,0.857142857142857,0.249836339371929,1.8503399975569,0.0212491178378532,2.78736138343811
2.5,3000,2e-05,"constant",1,0,1276,115.195730552825,NA,0.422688619801655,0.42,0.38,0.49,87,2194.60928058736,9064.21095890411,10936.3369863014,3794,3594,1099,2263,226,6,263,8284.07672064313,3707,0,82,118,0.306298773690078,0.909200482121334,0.0317476538266032,0.408971063979758,0.328629229741345,4.66622114181519
2.5,3000,2e-05,"constant",2,0,1277,115.195730552825,NA,0.35401238288313,0.365,0.27,0.43,61,2321.10053668292,8630.64109589041,11369.9068493151,3668,3468,1130,2108,222,8,286,7891.32594798326,3607,0,83,117,0.326589595375723,0.904721030042918,0.0362423250395697,0.417929555860864,0.305015691505768,4.52743244171143
2.5,3000,2e-05,"constant",3,0,1278,115.195730552825,NA,0.411945372856282,0.41,0.325,0.495,70,2214.91438770478,8881.37534246575,11119.1726027397,3815,3615,1189,2187,233,6,290,8114.35908788068,3745,0,79,121,0.329454142421723,0.903719008264463,0.0357391134480521,0.421668925768007,0.32511411857293,5.1649341583252
2.5,3000,2e-05,"constant",4,0,1279,115.195730552825,NA,0.325990356692784,0.325,0.285,0.38,61,2372.65453235439,8137.09315068493,11863.4547945205,3529,3329,1092,2021,206,10,283,7422.97791504941,3468,0,72,128,0.329014763482977,0.907498877413561,0.0381248608360054,0.426196423683325,0.280609658624702,4.49618077278137
2.5,3000,2e-05,"constant",5,0,1280,115.195730552825,NA,0.369525231494165,0.38,0.295,0.425,64,2293.38350802696,8869.3095890411,11131.2383561644,3749,3549,1188,2145,211,5,272,8123.46388980965,3685,0,80,120,0.335214446952596,0.91044142614601,0.0334832534112949,0.415477660691107,0.318832450302764,4.97979688644409
2.5,3000,3e-05,"seasonal",1,0.4,1281,115.195730552825,12849,0,0,0,0,0,3000,370.501369863014,6670.04657534247,626,426,151,241,34,0,51,252.382264692353,626,0,183,17,0.354460093896714,0.876363636363636,0.202074420966812,1.6896023899492,0.0638676199915632,3.56974172592163
2.5,3000,3e-05,"seasonal",2,0.4,1282,115.195730552825,19122,0.00058435154238124,0,0,0.01,0,2998.38225110953,421.438356164384,10056.3698630137,598,398,113,240,45,0,63,299.342475240433,598,0,182,18,0.28391959798995,0.842105263157895,0.210461278338125,1.41895010563953,0.039576905525701,4.14178586006165
2.5,3000,3e-05,"seasonal",3,0.4,1283,115.195730552825,10432,0,0,0,0,0,3000,176.980821917808,5539.18356164384,346,146,52,84,10,0,23,108.495198071034,346,0,187,13,0.356164383561644,0.893617021276596,0.211990948990585,1.95501408712344,0.0263576749849886,4.03559470176697
2.5,3000,3e-05,"seasonal",4,0.4,1284,115.195730552825,8526,0,0,0,0,0,3000,150.117808219178,4521.66301369863,342,142,40,88,14,0,24,79.9478183564337,342,0,190,10,0.28169014084507,0.862745098039216,0.300195808883741,2.27821072034749,0.0314043747996706,5.35825252532959
2.5,3000,3e-05,"seasonal",5,0.4,1285,115.195730552825,19177,0.000274779464138951,0,0,0.005,0,2999.40018135993,373.627397260274,10134.3178082192,585,385,132,215,38,0,55,262.302334875046,585,0,183,17,0.342857142857143,0.849802371541502,0.209681701942152,1.56573100444366,0.0379897302695358,3.65559840202332
2.5,3000,3e-05,"constant",1,0,1286,115.195730552825,NA,0.604295655032601,0.6,0.515,0.69,119,1853.34477343707,11922.7315068493,8077.81643835616,5510,5310,1824,3084,390,12,397,10836.9507608276,5391,0,86,114,0.344280860702152,0.887737478411054,0.0366339211796587,0.452161486392863,0.657355863496273,5.54860615730286
2.5,3000,3e-05,"constant",2,0,1287,115.195730552825,NA,0.575430661333626,0.555,0.5,0.67,135,1902.9405251767,11375.1315068493,8625.41643835616,5546,5346,1767,3157,409,13,402,10261.1785090013,5411,0,85,115,0.33133320832552,0.885305664610208,0.0391767865306463,0.475686808257282,0.61979616151946,5.80559635162354
2.5,3000,3e-05,"constant",3,0,1288,115.195730552825,NA,0.555164100597228,0.55,0.515,0.615,114,1937.11511067887,11499.104109589,8501.44383561644,5631,5431,1860,3199,360,12,379,10401.296658647,5517,0,79,121,0.343236759549732,0.89884799100871,0.0364377646785917,0.479776506710588,0.638832662429299,5.49529457092285
2.5,3000,3e-05,"constant",4,0,1289,115.195730552825,NA,0.62026491699085,0.62,0.57,0.67,125,1822.86403786094,12410.498630137,7590.04931506849,5398,5198,1749,3033,408,8,408,11330.7407183278,5273,0,83,117,0.336994219653179,0.881429816913688,0.0360082372496661,0.424882203136893,0.684844035160672,5.34156823158264
2.5,3000,3e-05,"constant",5,0,1290,115.195730552825,NA,0.555406553065586,0.555,0.51,0.605,111,1937.45833296806,11165.895890411,8834.65205479452,5555,5355,1860,3148,337,10,354,10085.2052435553,5444,0,82,118,0.34798877455566,0.903299856527977,0.0351009217414007,0.487556041488368,0.606135925533578,5.72346663475037
2.5,3000,5e-05,"seasonal",1,0.4,1291,115.195730552825,NA,0.0610580242178511,0.055,0.015,0.145,3,2839.10695715303,1988.70410958904,18011.8438356164,3908,3708,1206,2172,330,0,352,1291.38431090581,3905,0,175,25,0.325242718446602,0.86810551558753,0.272575713540378,1.9635902501388,0.20586454301074,6.38402938842773
2.5,3000,5e-05,"seasonal",2,0.4,1292,115.195730552825,NA,0.126550873924716,0.115,0.045,0.255,14,2676.06147854912,2873.62191780822,17126.9260273973,5423,5223,1710,3032,475,6,483,1915.38176561053,5409,0,184,16,0.327774583093732,0.864556601083547,0.252169049884446,1.8822935496419,0.30495840243865,4.22614479064941
2.5,3000,5e-05,"seasonal",3,0.4,1293,115.195730552825,23040,0.0148276806750315,0,0,0.12,0,2958.01634567969,1453.89315068493,11170.7643835616,2826,2626,845,1533,248,0,258,945.003430893306,2826,0,190,10,0.321782178217822,0.860752386299832,0.273014881814888,1.94374669051069,0.235077914978163,4.03470706939697
2.5,3000,5e-05,"seasonal",4,0.4,1294,115.195730552825,NA,0.116898252150567,0.11,0.04,0.235,41,2706.83751986193,2003.20547945205,17997.3424657534,4011,3811,1244,2187,359,21,351,1287.90842725302,3970,0,188,12,0.328232189973615,0.858994501178319,0.272534904324407,1.98182365250215,0.211753485674445,4.42250442504883
2.5,3000,5e-05,"seasonal",5,0.4,1295,115.195730552825,26050,0.0158287217138787,0,0,0.09,0,2955.1077823133,1771.51232876712,12502.4602739726,3340,3140,1003,1815,322,0,342,1162.89750746959,3340,0,180,20,0.319426751592357,0.84932147870847,0.294092985670058,1.88539472503951,0.251150568063535,4.37163233757019
2.5,3000,5e-05,"constant",1,0,1296,115.195730552825,NA,0.805955016163498,0.805,0.755,0.855,158,1496.31422031669,15756.6246575342,4243.92328767123,6062,5862,2164,3117,571,10,541,14557.0800341744,5904,0,82,118,0.369788106630212,0.845173535791757,0.0371640465484796,0.374699539293584,1.38126907642967,5.39730668067932
2.5,3000,5e-05,"constant",2,0,1297,115.195730552825,NA,0.830219713988275,0.835,0.775,0.875,165,1459.19657470824,16046.0054794521,3954.54246575342,5827,5627,2119,2952,548,8,510,14900.4045796764,5662,0,81,119,0.377113365367503,0.843428571428571,0.0342272585467659,0.352860405491607,1.42292061565406,6.26754546165466
2.5,3000,5e-05,"constant",3,0,1298,115.195730552825,NA,0.79001808120103,0.79,0.725,0.85,167,1521.13774669881,15506.2410958904,4494.30684931507,6514,6314,2404,3354,546,10,500,14253.5222124389,6347,0,89,111,0.381345177664975,0.86,0.0350790487114586,0.409319058097332,1.40488849820351,5.63286304473877
2.5,3000,5e-05,"constant",4,0,1299,115.195730552825,NA,0.816264040326557,0.815,0.77,0.865,159,1480.25243822256,15887.7890410959,4112.75890410959,6044,5844,2165,3130,540,9,497,14700.1850506808,5885,0,93,107,0.371036846615253,0.852861035422343,0.0338090982043103,0.370410255623212,1.42094397854455,5.99551463127136
2.5,3000,5e-05,"constant",5,0,1300,115.195730552825,NA,0.801107062626705,0.8,0.765,0.845,157,1504.84890362172,15706.0931506849,4294.45479452055,6091,5891,2222,3129,530,10,493,14526.4550648474,5934,0,90,110,0.377826900187043,0.8551516807871,0.0339380804056602,0.377815153843094,1.37176900954145,6.38646864891052
2.5,3000,8e-05,"seasonal",1,0.4,1301,115.195730552825,NA,0.395156703742261,0.385,0.25,0.585,130,2047.37459865213,7408.53150684932,12592.0164383562,15061,14861,5684,7716,1392,69,1344,4882.44656947923,14931,0,187,13,0.384261763115197,0.847167325428195,0.275271829578537,2.01537915931059,1.18019223313054,4.79793691635132
2.5,3000,8e-05,"seasonal",2,0.4,1302,115.195730552825,NA,0.42302887513013,0.41,0.305,0.59,110,2018.37108569393,7526.90684931507,12473.6410958904,15004,14804,5776,7576,1402,50,1360,5027.05779156844,14894,0,182,18,0.39148705435814,0.84384049899755,0.270535978774909,1.97876767949577,1.18682266759121,4.70157718658447
2.5,3000,8e-05,"seasonal",3,0.4,1303,115.195730552825,NA,0.388993205851734,0.375,0.24,0.565,108,2051.09891814147,7092.11506849315,12908.4328767123,15080,14880,5715,7754,1364,47,1318,4573.92775712734,14972,0,185,15,0.385289557068698,0.850405790743584,0.288154966581232,2.11107685865298,1.15273481623354,6.22544527053833
2.5,3000,8e-05,"seasonal",4,0.4,1304,115.195730552825,NA,0.40377568352419,0.39,0.265,0.58,108,2040.49876719084,7610.39178082192,12390.1561643836,15170,14970,5711,7717,1496,46,1448,5031.81827478863,15062,0,186,14,0.382672205842938,0.837620753283404,0.287768739037148,1.97913595433497,1.20821721707047,4.36555361747742
2.5,3000,8e-05,"seasonal",5,0.4,1305,115.195730552825,NA,0.426799079502493,0.415,0.25,0.62,123,2006.81942496302,7862.41095890411,12138.1369863014,15101,14901,5797,7554,1492,58,1446,5309.91199096444,14978,0,181,19,0.390554470120596,0.835065222197656,0.272320897683534,1.90501362473778,1.22761837478162,4.70032811164856
2.5,3000,8e-05,"constant",1,0,1306,115.195730552825,NA,0.900484083063942,0.9,0.865,0.935,186,1341.84478823078,17957.0493150685,2043.49863013699,5393,5193,2105,2460,618,10,563,16896.3466648827,5207,0,79,121,0.406135442793749,0.799220272904483,0.0333208125499778,0.289969688707743,2.54122998832247,6.21719455718994
2.5,3000,8e-05,"constant",2,0,1307,115.195730552825,NA,0.90141115555312,0.9,0.865,0.935,177,1339.5173637061,17938.7424657534,2061.80547945205,5321,5121,2092,2422,602,5,542,16896.0969111724,5144,0,88,112,0.408913213448006,0.800925925925926,0.0320784144911957,0.286753656775013,2.48374546048881,5.79088973999023
2.5,3000,8e-05,"constant",3,0,1308,115.195730552825,NA,0.91323763081475,0.915,0.88,0.95,184,1323.27459125527,18078.504109589,1922.04383561644,5070,4870,1940,2323,600,7,547,17060.5984564921,4886,0,76,124,0.398930701213243,0.794731440301061,0.0320621812531932,0.270265723888538,2.5337611503736,6.23789095878601
2.5,3000,8e-05,"constant",4,0,1309,115.195730552825,NA,0.918096816612788,0.92,0.875,0.955,188,1316.59317626431,17928.7095890411,2071.83835616438,5347,5147,2027,2460,651,9,586,16854.7202717552,5159,0,86,114,0.394511483067341,0.790742526518804,0.0347677084253963,0.287750770593854,2.48426716528634,6.50379276275635
2.5,3000,8e-05,"constant",5,0,1310,115.195730552825,NA,0.914462769163334,0.915,0.88,0.945,180,1322.37063338995,17985.4493150685,2015.09863013698,5305,5105,2062,2420,616,7,568,16935.5121794261,5125,0,75,125,0.404472342094939,0.797101449275362,0.0335389915570447,0.284952569725695,2.53337475578204,5.86323595046997
2.5,3000,1e-04,"seasonal",1,0.4,1311,115.195730552825,NA,0.512052216316914,0.495,0.31,0.73,136,1839.77913210235,9774.76438356164,10225.7835616438,18691,18491,7893,8598,1948,52,1876,6708.22617034163,18555,0,188,12,0.428060090026574,0.815285416271572,0.279656641318112,1.89825547418864,1.80827218653037,5.41263866424561
2.5,3000,1e-04,"seasonal",2,0.4,1312,115.195730552825,NA,0.495270396142677,0.485,0.325,0.725,154,1846.72757657115,9936.95068493151,10063.597260274,18660,18460,7815,8632,1935,78,1875,6861.1991631155,18506,0,184,16,0.425144162767925,0.816882748178291,0.273275845143753,1.86234193836372,1.83433413744316,6.71356725692749
2.5,3000,1e-04,"seasonal",3,0.4,1313,115.195730552825,NA,0.521960714481398,0.505,0.35,0.74,133,1819.82384006356,9897.17534246575,10103.3726027397,18669,18469,7865,8526,2018,60,1960,6803.13868405249,18536,0,185,15,0.427236677711989,0.80861153262519,0.288102314391226,1.87285759407209,1.82800345252948,5.8714337348938
2.5,3000,1e-04,"seasonal",4,0.4,1314,115.195730552825,NA,0.538788559530985,0.525,0.375,0.73,141,1803.38372226179,10454.7589041096,9545.78904109589,18626,18426,7974,8346,2055,51,1986,7371.93012344795,18485,0,179,21,0.433959183673469,0.802422843957312,0.269400274655767,1.76809433575114,1.93027521566563,5.70119380950928
2.5,3000,1e-04,"seasonal",5,0.4,1315,115.195730552825,NA,0.56721193359268,0.555,0.365,0.77,138,1761.55518875678,10496.1616438356,9504.38630136986,18534,18334,7781,8472,2022,59,1957,7411.1979147717,18396,0,186,14,0.425772913816689,0.807318467695826,0.264059875678045,1.75264069135253,1.92900408491998,6.2654709815979
2.5,3000,1e-04,"constant",1,0,1316,115.195730552825,NA,0.93846254999726,0.94,0.905,0.965,195,1286.00998767191,18553.4164383562,1447.13150684931,4722,4522,1888,1988,637,9,559,17610.1281400198,4527,0,92,108,0.418346997562597,0.757333333333333,0.0317430966745579,0.243998188422115,3.12480239604849,6.67747235298157
2.5,3000,1e-04,"constant",2,0,1317,115.195730552825,NA,0.936209522765876,0.94,0.9,0.97,185,1288.86098350775,18436.0273972603,1564.52054794521,5056,4856,2051,2152,650,3,587,17440.755410431,4871,0,81,119,0.422625180300845,0.76802284082798,0.0336567990425991,0.264210933030175,3.10382628491376,6.61369061470032
2.5,3000,1e-04,"constant",3,0,1318,115.195730552825,NA,0.939575639690976,0.94,0.9,0.97,189,1283.52402936825,18617.7534246575,1382.79452054794,4646,4446,1849,1958,633,6,574,17678.5486245405,4457,0,76,124,0.416441441441441,0.755692782709379,0.0324687287509113,0.239395156780684,3.21522824536377,5.98918342590332
2.5,3000,1e-04,"constant",4,0,1319,115.195730552825,NA,0.938588022574106,0.94,0.905,0.97,182,1285.78450084927,18585.6109589041,1414.93698630137,4656,4456,1850,1993,604,9,554,17648.4494680333,4474,0,77,123,0.416010793793569,0.76742395071236,0.0313908596335028,0.240723859435816,3.14925685252453,6.3084704875946
2.5,3000,1e-04,"constant",5,0,1320,115.195730552825,NA,0.939077310832283,0.94,0.9,0.975,184,1285.31310832283,18552.0191780822,1448.52876712329,4846,4646,1980,2052,608,6,541,17602.4668619145,4662,0,89,111,0.426724137931034,0.771428571428571,0.0307343285599664,0.251293401286896,3.20739229033521,6.841304063797
2.5,3000,2e-04,"seasonal",1,0.4,1321,115.195730552825,NA,0.802317955180538,0.795,0.66,0.96,180,1478.18354062791,15880.0849315068,4120.46301369863,19384,19184,9798,6045,3292,49,3177,12545.5062602654,19204,0,184,16,0.512045989025346,0.647424226196851,0.253238086537991,1.20931343143501,4.65578745306586,6.72271823883057
2.5,3000,2e-04,"seasonal",2,0.4,1322,115.195730552825,NA,0.820360802147827,0.81,0.685,0.965,174,1462.19929757274,15894.0630136986,4106.48493150685,19050,18850,9530,5981,3303,36,3181,12587.0220697062,18876,0,184,16,0.506537684702881,0.644226626454115,0.252720618299055,1.18761326060752,4.59030054034147,5.90545964241028
2.5,3000,2e-04,"seasonal",3,0.4,1323,115.195730552825,NA,0.807725330118898,0.8,0.665,0.96,183,1471.21574215111,15888.0904109589,4112.45753424657,19421,19221,9809,5953,3399,60,3295,12522.3027108374,19238,0,181,19,0.511925264860915,0.636548331907613,0.2631305180914,1.21084406636624,4.67384765433727,7.32532238960266
2.5,3000,2e-04,"seasonal",4,0.4,1324,115.195730552825,NA,0.810116705933921,0.8,0.67,0.965,178,1471.26082926963,15928.9808219178,4071.56712328767,19214,19014,9701,6014,3257,42,3141,12622.0147574454,19036,0,180,20,0.511332489985241,0.648689461762485,0.248850921216614,1.19505448671311,4.66994634357072,5.92220592498779
2.5,3000,2e-04,"seasonal",5,0.4,1325,115.195730552825,NA,0.816955509287162,0.81,0.67,0.965,173,1463.94272642595,15919.7698630137,4080.77808219178,19050,18850,9495,6031,3286,38,3164,12596.8326776968,18877,0,187,13,0.504731022751435,0.647311366319631,0.251174249984441,1.1857583471641,4.61921712485666,5.68866181373596
2.5,3000,2e-04,"constant",1,0,1326,115.195730552825,NA,0.980825160265191,0.98,0.96,1,196,1227.5969793436,19547.3643835616,453.183561643837,3256,3056,1444,1025,582,5,501,18885.774881332,3060,0,90,110,0.473287446738774,0.637834474175482,0.026527902781221,0.156542843319241,6.74340434793121,6.33845734596252
2.5,3000,2e-04,"constant",2,0,1327,115.195730552825,NA,0.97835214508794,0.98,0.955,0.995,198,1229.73954796997,19518.9534246575,481.594520547944,3397,3197,1534,1103,554,6,491,18840.5752713661,3199,0,71,129,0.480727044813538,0.665660832830416,0.0260607753706025,0.163891983878543,6.6383645652001,7.37618160247803
2.5,3000,2e-04,"constant",3,0,1328,115.195730552825,NA,0.981125691742918,0.98,0.96,0.995,196,1227.93615938853,19530.8630136986,469.68493150685,3307,3107,1436,1083,584,4,526,18844.5402690263,3111,0,66,134,0.462777956815985,0.649670065986803,0.0279125939126547,0.159286356051855,6.61507276810452,6.55189275741577
2.5,3000,2e-04,"constant",4,0,1329,115.195730552825,NA,0.979942742863405,0.98,0.955,0.995,195,1227.65527669717,19508.7452054795,491.802739726027,3384,3184,1453,1119,605,7,539,18806.4850844716,3189,0,78,122,0.457349700975763,0.64907192575406,0.0286603263490767,0.16346515198242,6.47414042828176,6.33418869972229
2.5,3000,2e-04,"constant",5,0,1330,115.195730552825,NA,0.980523532957098,0.98,0.96,0.995,195,1227.86962002082,19504.098630137,496.449315068494,3404,3204,1505,1110,586,3,507,18818.8062370284,3209,0,87,113,0.470165573258357,0.654481132075472,0.026941135033444,0.164529520735789,6.45383104125736,4.39185857772827
2.5,5000,1e-05,"seasonal",1,0.4,1331,115.195730552825,NA,0.425312585611747,0.435,0.27,0.53,103,3718.61620979672,5989.47397260274,14011.0739726027,2472,2272,725,1188,349,10,272,5480.61736307487,2369,0,184,16,0.320512820512821,0.772934287573194,0.0496294453673365,0.395527221728713,0.162157448061631,3.51747369766235
2.5,5000,1e-05,"seasonal",2,0.4,1332,115.195730552825,NA,0.375932003725823,0.375,0.275,0.48,96,3859.46880965427,5959.88767123288,14040.6602739726,2548,2348,812,1182,344,10,285,5453.23993410234,2452,0,173,27,0.347305389221557,0.774574049803408,0.0522625087918333,0.411417149996851,0.16722860279958,3.52416229248047
2.5,5000,1e-05,"seasonal",3,0.4,1333,115.195730552825,NA,0.41160183003671,0.405,0.3,0.535,104,3758.07141197743,6006.4301369863,13994.1178082192,2435,2235,750,1142,330,13,257,5517.05980452445,2331,0,182,18,0.337533753375338,0.775815217391304,0.0465827830594184,0.388084094351852,0.159709960329712,3.0231761932373
2.5,5000,1e-05,"seasonal",4,0.4,1334,115.195730552825,NA,0.401939345789272,0.405,0.32,0.475,87,3787.90879869596,6801.70410958904,13198.8438356164,2702,2502,855,1264,376,7,333,6255.29108197952,2615,0,163,37,0.342685370741483,0.770731707317073,0.0532349327370742,0.384462475560113,0.18956205794696,3.98353934288025
2.5,5000,1e-05,"seasonal",5,0.4,1335,115.195730552825,NA,0.395739685496685,0.41,0.26,0.49,91,3807.06219494822,6094.39452054794,13906.1534246575,2538,2338,811,1184,337,6,285,5586.97909463885,2447,0,167,33,0.347770154373928,0.778435239973702,0.0510114670508576,0.401516506972048,0.168127010295629,4.52790236473083
2.5,5000,1e-05,"constant",1,0,1336,115.195730552825,NA,0.969024710974741,0.965,0.955,0.99,193,2088.27052353296,18548.1315068493,1452.41643835616,962,762,283,406,72,1,24,18314.642693975,769,0,56,144,0.371879106438896,0.849372384937239,0.00131042687542549,0.0414597017341628,0.524642919122031,4.52560973167419
2.5,5000,1e-05,"constant",2,0,1337,115.195730552825,NA,0.968318722261794,0.97,0.955,0.985,196,2089.50166977152,18510.3589041096,1490.18904109589,973,773,259,431,82,1,26,18265.3249734842,777,0,61,139,0.335492227979275,0.840155945419103,0.00142346221804125,0.0419764956490116,0.518726133854489,4.45528292655945
2.5,5000,1e-05,"constant",3,0,1338,115.195730552825,NA,0.96913895129034,0.975,0.93,0.99,195,2087.57789545778,18035.5068493151,1965.04109589041,1116,916,281,546,88,1,31,17756.4121669546,921,0,63,137,0.307103825136612,0.861198738170347,0.00174584818760246,0.0510659338656167,0.4661480118231,5.55644655227661
2.5,5000,1e-05,"constant",4,0,1339,115.195730552825,NA,0.968296531696893,0.97,0.95,0.99,197,2088.84341734699,18098.5643835616,1901.98356164384,1170,970,317,563,89,1,19,17817.4558271143,973,0,74,126,0.327141382868937,0.863496932515337,0.00106636997921365,0.053761170188932,0.509993892461223,4.52373862266541
2.5,5000,1e-05,"constant",5,0,1340,115.195730552825,NA,0.975946249520574,0.975,0.96,0.99,198,2068.46627472467,18503.6657534247,1496.88219178082,978,778,250,459,68,1,18,18258.1352791691,780,0,53,147,0.321750321750322,0.870967741935484,0.00098586190346264,0.0421538094339841,0.519746980939378,4.95340323448181
2.5,5000,2e-05,"seasonal",1,0.4,1341,115.195730552825,NA,0.716025149306887,0.72,0.615,0.815,159,2856.82040353953,12102.397260274,7898.15068493151,5234,5034,1810,2449,766,9,644,11068.5859860591,5075,0,172,28,0.360199004975124,0.761741835147745,0.0581826803180747,0.419338407991171,0.63736439083191,4.11030507087708
2.5,5000,2e-05,"seasonal",2,0.4,1342,115.195730552825,NA,0.757538491041587,0.76,0.68,0.825,158,2757.44928935401,12138.6109589041,7861.93698630137,4922,4722,1770,2260,683,9,559,11194.4305045285,4764,0,175,25,0.37555697008275,0.767923887189942,0.0499355460533582,0.392466651755194,0.60061534558565,3.89127039909363
2.5,5000,2e-05,"seasonal",3,0.4,1343,115.195730552825,NA,0.738052161525396,0.74,0.655,0.805,159,2812.30620103008,12052.1835616438,7948.36438356164,4835,4635,1780,2146,692,17,567,11129.3297001564,4676,0,183,17,0.385448245993937,0.756166314305849,0.0509464644570674,0.387979487375334,0.583138841695009,4.2858829498291
2.5,5000,2e-05,"seasonal",4,0.4,1344,115.195730552825,NA,0.75247082351652,0.76,0.655,0.825,144,2765.11798394609,12929.6082191781,7070.9397260274,4919,4719,1743,2303,662,11,555,11982.4986467657,4775,0,174,26,0.370220900594732,0.77672849915683,0.0463175516527018,0.369307400429767,0.667379469044242,4.32949066162109
2.5,5000,2e-05,"seasonal",5,0.4,1345,115.195730552825,NA,0.707716837433565,0.705,0.625,0.785,161,2884.24638595145,11879.6246575342,8120.92328767123,5081,4881,1843,2347,673,18,553,10915.3113898708,4920,0,177,23,0.378984166152581,0.777152317880795,0.0506627782065084,0.414154499138965,0.601040032899964,4.19898200035095
2.5,5000,2e-05,"constant",1,0,1346,115.195730552825,NA,0.99168401731412,0.99,0.98,1,199,2022.23972686428,19303.4246575342,697.123287671231,908,708,271,358,78,1,21,19079.375897297,709,0,59,141,0.383309759547383,0.821100917431193,0.00110066493333124,0.0367292339353511,1.01560227942622,4.92654967308044
2.5,5000,2e-05,"constant",2,0,1347,115.195730552825,NA,0.994004986028163,0.995,0.98,1,200,2016.85483480357,19398.5671232877,601.980821917808,836,636,194,358,83,1,18,19175.6186019317,636,0,66,134,0.305511811023622,0.811791383219955,0.000938692011645808,0.0327859267108699,1.05651206291558,4.76270341873169
2.5,5000,2e-05,"constant",3,0,1348,115.195730552825,NA,0.993225850638321,0.995,0.985,1,200,2018.7144244151,19357.7780821918,642.769863013698,881,681,234,364,83,0,22,19131.5337581532,681,0,61,139,0.343612334801762,0.814317673378076,0.00114993394037864,0.0351796573505762,1.05947717711446,4.84616637229919
2.5,5000,2e-05,"constant",4,0,1349,115.195730552825,NA,0.996849487699304,0.995,0.995,1,200,2009.069153745,19576.304109589,424.243835616438,636,436,147,222,67,0,16,19394.9194063038,436,0,51,149,0.337155963302752,0.768166089965398,0.000824958313299288,0.0222718240153633,1.02771086671532,12.2103841304779
2.5,5000,2e-05,"constant",5,0,1350,115.195730552825,NA,0.99596953591584,0.995,0.99,1,199,2010.93633992658,19319.2410958904,681.306849315068,866,666,218,368,80,0,18,19094.0788759043,667,0,63,137,0.327327327327327,0.821428571428571,0.000942700620280514,0.034525165698247,0.977533105192681,7.58116364479065
2.5,5000,3e-05,"seasonal",1,0.4,1351,115.195730552825,NA,0.83244068818147,0.83,0.76,0.915,180,2546.70973206948,15045.6082191781,4954.9397260274,5718,5518,2090,2565,847,16,713,13934.0411409802,5538,0,170,30,0.379861868411487,0.751758499413834,0.0511696494065214,0.368080832580827,1.113636150005,6.08365893363953
2.5,5000,3e-05,"seasonal",2,0.4,1352,115.195730552825,NA,0.835492027834091,0.835,0.76,0.91,167,2538.69068872938,14866.7863013699,5133.76164383562,5557,5357,2167,2413,762,15,633,13834.2137733536,5390,0,177,23,0.405653313365781,0.76,0.0457561239381191,0.362553136282275,1.04348436325096,5.69582939147949
2.5,5000,3e-05,"seasonal",3,0.4,1353,115.195730552825,NA,0.857840940222454,0.855,0.8,0.915,177,2489.01127280697,14583.8602739726,5416.68767123288,5243,5043,1935,2302,798,8,644,13567.0076892899,5066,0,185,15,0.384309831181728,0.74258064516129,0.0474680942731672,0.347370305586453,0.931011774369516,5.83949661254883
2.5,5000,3e-05,"seasonal",4,0.4,1354,115.195730552825,NA,0.85250095885157,0.85,0.805,0.905,176,2502.31569448249,15220.5780821918,4779.9698630137,5373,5173,2004,2354,805,10,666,14177.352680192,5197,0,173,27,0.388146426496223,0.745172522950301,0.0469763301388776,0.34144563839402,1.08222439643971,6.13538336753845
2.5,5000,3e-05,"seasonal",5,0.4,1355,115.195730552825,NA,0.848319544134568,0.85,0.77,0.915,168,2512.23468111336,15060.1616438356,4940.38630136986,5524,5324,2145,2313,849,17,726,14012.1397711171,5356,0,172,28,0.404183154324477,0.731499051233397,0.051812215111962,0.355640273103729,1.07764852285413,6.29854273796082
2.5,5000,3e-05,"constant",1,0,1356,115.195730552825,NA,0.997963399265794,1,0.99,1,199,2006.4870264643,19668.6767123288,331.871232876711,737,537,217,251,69,0,25,19476.6526973541,538,0,45,155,0.404096834264432,0.784375,0.00128358811898906,0.0273531365566027,1.61809746311906,6.62860608100891
2.5,5000,3e-05,"constant",2,0,1357,115.195730552825,NA,0.99439181414717,0.995,0.98,1,200,2015.28318256534,19590.1150684931,410.43287671233,854,654,249,314,91,0,25,19373.9053176395,654,0,66,134,0.380733944954128,0.775308641975309,0.00129039548764792,0.0333841836923067,1.59343960269144,6.42753386497498
2.5,5000,3e-05,"constant",3,0,1358,115.195730552825,NA,0.996197742589447,0.995,0.99,1,199,2010.5034987124,19585.8054794521,414.742465753425,855,655,240,324,90,1,24,19368.0269088381,656,0,68,132,0.36697247706422,0.782608695652174,0.0012391556513714,0.0334936441949363,1.57929330629339,6.04922890663147
2.5,5000,3e-05,"constant",4,0,1359,115.195730552825,NA,0.998374883568024,1,0.99,1,199,2004.66312366446,19621.1342465753,379.413698630135,807,607,229,295,83,0,24,19412.8219948769,608,0,60,140,0.377265238879736,0.78042328042328,0.00123629629975145,0.0309869955711719,1.59983680660862,7.44005608558655
2.5,5000,3e-05,"constant",5,0,1360,115.195730552825,NA,0.997012492466166,1,0.99,1,198,2007.99756753055,19590.7643835616,409.783561643835,844,644,257,311,76,0,17,19380.8092517718,646,0,61,139,0.399068322981366,0.803617571059432,0.000877156354987903,0.0329747215244981,1.57156133207641,7.17759609222412
2.5,5000,5e-05,"seasonal",1,0.4,1361,115.195730552825,NA,0.900049586324037,0.9,0.845,0.955,186,2369.86228206674,17093.5643835616,2906.98356164384,6266,6066,2644,2441,972,9,823,15925.3326141665,6080,0,172,28,0.436519729238897,0.715206563140932,0.0516786694469349,0.355689419922679,2.08669910626182,7.61537885665894
2.5,5000,5e-05,"seasonal",2,0.4,1362,115.195730552825,NA,0.907478768286669,0.91,0.85,0.96,189,2356.32945482439,16705.5753424658,3294.97260273973,6512,6312,2782,2571,941,18,796,15523.5303913236,6323,0,174,26,0.44200826183667,0.732061503416856,0.0512769956275473,0.378496392394632,1.91564567024067,8.86974835395813
2.5,5000,5e-05,"seasonal",3,0.4,1363,115.195730552825,NA,0.909977535477508,0.91,0.86,0.96,182,2350.28529861377,16917.1726027397,3083.37534246575,5991,5791,2489,2365,925,12,775,15802.287813538,5809,0,180,20,0.430697352483129,0.718844984802432,0.0490435314901712,0.343378892939783,1.87813657333362,6.92762327194214
2.5,5000,5e-05,"seasonal",4,0.4,1364,115.195730552825,NA,0.916727576571147,0.92,0.86,0.965,190,2339.53104049093,17256.0438356164,2744.50410958904,5916,5716,2499,2285,921,11,773,16159.8616349879,5726,0,169,31,0.438036809815951,0.712726138490331,0.0478345679845656,0.331825768093006,2.08270775767062,6.13495540618896
2.5,5000,5e-05,"seasonal",5,0.4,1365,115.195730552825,NA,0.909909046079667,0.91,0.855,0.965,186,2351.81599254835,17230.0904109589,2770.45753424658,5898,5698,2498,2218,969,13,821,16125.1785362897,5712,0,175,25,0.439401934916447,0.695952306244117,0.0509141649596214,0.331513060219753,2.05669999614326,7.05223751068115
2.5,5000,5e-05,"constant",1,0,1366,115.195730552825,NA,0.998993205851734,1,0.995,1,199,2002.9143701715,19760.2821917808,240.265753424657,789,589,229,263,96,1,22,19557.4148189522,590,0,76,124,0.389455782312925,0.732590529247911,0.00112489304970311,0.0298578731960319,2.45145215913886,6.48828649520874
2.5,5000,5e-05,"constant",2,0,1367,115.195730552825,NA,0.998928551860172,1,0.995,1,200,2002.94143444195,19858.1205479452,142.427397260275,610,410,158,179,72,1,18,19685.5227115207,410,0,55,145,0.386308068459658,0.713147410358566,0.000914377548606608,0.0206464654603189,2.87865963913359,7.04326820373535
2.5,5000,5e-05,"constant",3,0,1368,115.195730552825,NA,0.999207988603364,1,0.99,1,200,2001.72137800668,19814.7726027397,185.775342465753,690,490,191,215,84,0,17,19629.5747663152,490,0,67,133,0.389795918367347,0.719063545150502,0.000866040156365097,0.0247290246435757,2.63759438414347,6.11136984825134
2.5,5000,5e-05,"constant",4,0,1369,115.195730552825,NA,0.997812448632952,1,0.985,1,200,2005.67849104159,19846.9452054795,153.602739726026,603,403,159,169,75,0,26,19676.0209516235,403,0,49,151,0.39454094292804,0.692622950819672,0.00132140538292396,0.0203053918790856,2.62365111923663,6.21810603141785
2.5,5000,5e-05,"constant",5,0,1370,115.195730552825,NA,0.99952824502767,1,0.995,1,200,2001.89511780176,19800.5726027397,199.975342465754,731,531,216,226,89,0,21,19609.1605899226,531,0,68,132,0.406779661016949,0.717460317460317,0.00107092804425255,0.0268174062767522,2.6553273691277,6.60489940643311
2.5,5000,8e-05,"seasonal",1,0.4,1371,115.195730552825,NA,0.951417730535313,0.95,0.905,0.99,191,2266.62631773601,18440.4356164384,1560.11232876712,5313,5113,2453,1688,956,16,808,17457.7147816435,5122,0,173,27,0.481263488326467,0.638426626323752,0.0462832627354871,0.277759165051074,3.27732811652129,6.57325458526611
2.5,5000,8e-05,"seasonal",2,0.4,1372,115.195730552825,NA,0.953872938469125,0.955,0.91,0.99,189,2262.25609966577,18319.6547945205,1680.89315068493,5517,5317,2488,1835,988,6,827,17293.3656663355,5328,0,178,22,0.468461683298814,0.650017711654268,0.0478218072731727,0.290835174557635,3.16319927761823,5.24874830245972
2.5,5000,8e-05,"seasonal",3,0.4,1373,115.195730552825,NA,0.95253903895677,0.955,0.885,0.99,193,2262.84623609665,18281.4383561644,1719.10958904109,5768,5568,2675,1922,963,8,800,17241.6665975567,5575,0,178,22,0.481115107913669,0.666204506065858,0.0463992268655379,0.304954122940778,3.23888601139488,5.35720229148865
2.5,5000,8e-05,"seasonal",4,0.4,1374,115.195730552825,NA,0.946964823845269,0.945,0.905,0.99,193,2272.31747438497,18154.1232876712,1846.42465753425,6177,5977,2874,2080,1016,7,851,17040.8220304797,5984,0,179,21,0.481407035175879,0.671834625322997,0.0499389054400004,0.329622086683956,3.23706682296033,6.42386794090271
2.5,5000,8e-05,"seasonal",5,0.4,1375,115.195730552825,NA,0.951371979617555,0.95,0.905,0.99,197,2267.41456659909,18419.0438356164,1581.50410958904,5360,5160,2453,1760,938,9,774,17426.7823583898,5163,0,176,24,0.4762182100563,0.652335063009637,0.0444143952728814,0.280307710111229,3.26271678253232,6.04930591583252
2.5,5000,8e-05,"constant",1,0,1376,115.195730552825,NA,0.999764944386609,1,0.995,1,200,2000.89399978083,19924.7424657534,75.805479452054,519,319,141,111,67,0,9,19775.2633930731,319,0,58,142,0.442006269592476,0.623595505617977,0.000455114039247261,0.0160102445764755,4.20813907260838,5.65288782119751
2.5,5000,8e-05,"constant",2,0,1377,115.195730552825,NA,0.998774587693825,1,0.995,1,200,2003.37300230124,19888.3890410959,112.158904109587,676,476,225,169,82,0,15,19716.0366490321,476,0,67,133,0.472689075630252,0.673306772908366,0.000760801994184586,0.0239335623924305,4.24397869949689,5.83217406272888
2.5,5000,8e-05,"constant",3,0,1378,115.195730552825,NA,0.999151827297134,1,0.99,1,199,2002.06890088214,19908.1205479452,92.427397260275,612,412,181,148,83,0,23,19741.3748540436,413,0,61,139,0.439320388349515,0.640692640692641,0.0011650657651784,0.0207453033552495,4.45755276262741,6.74706292152405
2.5,5000,8e-05,"constant",4,0,1379,115.195730552825,NA,0.999301134184428,1,0.995,1,200,2001.53412059613,19883.695890411,116.852054794519,669,469,208,178,81,2,22,19708.9408463495,469,0,61,139,0.445396145610278,0.687258687258687,0.00111624466131953,0.0235871642065386,4.01362218939772,5.51237726211548
2.5,5000,8e-05,"constant",5,0,1380,115.195730552825,NA,0.999087721220755,1,0.995,1,199,2001.91838118459,19895.9534246575,104.594520547944,600,400,174,147,79,0,18,19731.6021635755,401,0,62,138,0.435,0.650442477876106,0.000912242191525023,0.0201548521672267,3.82429211305241,5.64338850975037
2.5,5000,1e-04,"seasonal",1,0.4,1381,115.195730552825,NA,0.962976001314996,0.965,0.915,0.995,194,2244.32334502219,18816.7342465753,1183.81369863014,5174,4974,2496,1471,996,11,842,17862.8892171919,4980,0,171,29,0.502921619987911,0.5962707742197,0.0471368315484838,0.26465803973962,4.20167464336299,4.97255897521973
2.5,5000,1e-04,"seasonal",2,0.4,1382,115.195730552825,NA,0.960790093693496,0.96,0.915,0.995,197,2245.74416442935,18631.4493150685,1369.09863013698,5608,5408,2618,1681,1096,13,931,17576.948330549,5411,0,181,19,0.485264133456905,0.605329492257832,0.0529671011424609,0.290422924620457,3.95004412462154,7.16319704055786
2.5,5000,1e-04,"seasonal",3,0.4,1383,115.195730552825,NA,0.962787792449729,0.965,0.915,0.995,194,2244.03146293354,18852.7726027397,1147.77534246575,4963,4763,2354,1444,958,7,797,17918.9509635727,4769,0,174,26,0.494953742640875,0.601165695253955,0.0444780501727035,0.252960140160337,4.14976679126744,6.7800920009613
2.5,5000,1e-04,"seasonal",4,0.4,1384,115.195730552825,NA,0.962532190016985,0.965,0.915,0.995,198,2244.9452164265,18806.8328767123,1193.71506849315,5042,4842,2373,1464,995,10,830,17857.6469025913,4844,0,177,23,0.491100993377483,0.595363969093127,0.0464786880672144,0.257565961890272,4.05624434825318,5.03306746482849
2.5,5000,1e-04,"seasonal",5,0.4,1385,115.195730552825,NA,0.959135115884061,0.96,0.915,0.995,196,2250.52474576736,18746.9753424658,1253.57260273972,5279,5079,2487,1584,992,16,840,17765.8699513813,5083,0,172,28,0.491210744617815,0.614906832298137,0.0472816699828814,0.271137071828646,4.05162013663961,5.5096960067749
2.5,5000,1e-04,"constant",1,0,1386,115.195730552825,NA,0.99953235439154,1,0.995,1,200,2000.64820393403,19926.2246575342,74.3232876712318,584,384,170,137,77,0,11,19764.6480856987,384,0,66,134,0.442708333333333,0.64018691588785,0.000556549246528673,0.0192710865504975,5.16661751695672,5.56360912322998
2.5,5000,1e-04,"constant",2,0,1387,115.195730552825,NA,0.999372089200592,1,0.995,1,200,2001.72760698044,19914.6904109589,85.8575342465738,652,452,206,149,97,0,24,19742.1211905048,452,0,73,127,0.455752212389381,0.605691056910569,0.00121567483901087,0.0226968127885768,5.2645350692451,6.20488810539246
2.5,5000,1e-04,"constant",3,0,1388,115.195730552825,NA,0.999613445838584,1,0.995,1,200,2000.4376324585,19921.7780821918,78.7698630136983,612,412,194,133,85,0,20,19758.6339970344,412,0,65,135,0.470873786407767,0.610091743119266,0.00101221572316192,0.0206808849240365,5.23042676776462,6.49807286262512
2.5,5000,1e-04,"constant",4,0,1389,115.195730552825,NA,0.999707139334831,1,0.995,1,200,2000.37245466002,19933.5068493151,67.0410958904104,563,363,155,131,77,0,18,19772.6794413951,363,0,59,141,0.426997245179063,0.629807692307692,0.00091034702976654,0.0182105438217196,5.4145892930119,6.10042572021484
2.5,5000,1e-04,"constant",5,0,1390,115.195730552825,NA,0.999896444030464,1,1,1,200,2000.3876324585,19915.1424657534,85.4054794520525,634,434,199,147,88,0,19,19747.1101438723,434,0,69,131,0.45852534562212,0.625531914893617,0.000962166102359835,0.0217924627326326,5.08164116382781,6.31091022491455
2.5,5000,2e-04,"seasonal",1,0.4,1391,115.195730552825,NA,0.985687907511917,0.985,0.96,1,198,2207.70582214673,19452.6109589041,547.936986301371,3782,3582,1872,817,884,9,715,18716.4564092339,3584,0,180,20,0.523929471032746,0.480305702527925,0.0382016758069252,0.184242619542005,6.53724805872087,6.09174203872681
2.5,5000,2e-04,"seasonal",2,0.4,1392,115.195730552825,NA,0.984778642266177,0.99,0.95,1,199,2207.67730918854,19461.3616438356,539.186301369864,3996,3796,2032,827,932,5,767,18698.3461764606,3797,0,171,29,0.536006330783434,0.470153496304719,0.0410196705506276,0.195104539419661,7.04023820775089,5.77861475944519
2.5,5000,2e-04,"seasonal",3,0.4,1393,115.195730552825,NA,0.985154786039121,0.99,0.96,1,198,2208.5380710646,19454.2849315068,546.26301369863,3971,3771,2033,798,932,8,764,18699.1723550107,3773,0,178,22,0.540260430507574,0.461271676300578,0.0408574232856502,0.193941849483735,6.90326803286089,5.77965402603149
2.5,5000,2e-04,"seasonal",4,0.4,1394,115.195730552825,NA,0.985238343104487,0.99,0.955,1,199,2208.2931737987,19517.8493150685,482.698630136987,3692,3492,1879,687,918,8,757,18802.4922497367,3493,0,170,30,0.539322617680827,0.42803738317757,0.0402606202382879,0.178964390164816,7.23432755342395,7.26032972335815
2.5,5000,2e-04,"seasonal",5,0.4,1395,115.195730552825,NA,0.986368692126459,0.99,0.96,1,200,2207.23153087502,19417.9808219178,582.56712328767,4043,3843,2030,883,927,3,745,18645.9820074763,3843,0,185,15,0.528645833333333,0.487845303867403,0.0399549886780586,0.197909351916872,6.59666473849801,6.55541086196899
2.5,5000,2e-04,"constant",1,0,1396,115.195730552825,NA,0.999801654703852,1,0.995,1,200,1998.89775409567,19969.2794520548,31.2684931506847,499,299,140,77,82,0,16,19822.1824200024,299,0,66,134,0.468227424749164,0.484276729559748,0.000807176508670131,0.0149729989365857,9.56234118987128,6.3968939781189
2.5,5000,2e-04,"constant",2,0,1397,115.195730552825,NA,0.999923017916826,1,1,1,200,1998.99392197688,19974.1506849315,26.3972602739705,461,261,114,58,89,0,17,19832.4788759043,261,0,72,128,0.436781609195402,0.394557823129252,0.000857179786065693,0.0130668885058977,9.88738972496188,6.83222651481628
2.5,5000,2e-04,"constant",3,0,1398,115.195730552825,NA,0.999580296970029,1,0.995,1,200,1999.40050189031,19976.6301369863,23.9178082191756,452,252,117,57,78,0,18,19837.3451948198,252,0,60,140,0.464285714285714,0.422222222222222,0.000907379481640538,0.0126147402375653,10.5360824742279,7.05555367469788
2.5,5000,2e-04,"constant",4,0,1399,115.195730552825,NA,0.999951235548737,1,1,1,200,1998.69299326064,19966.402739726,34.1452054794499,512,312,145,83,84,0,12,19818.8733087238,312,0,72,128,0.46474358974359,0.497005988023952,0.000605483460793801,0.0156262499593495,9.13744684265482,5.81643199920654
2.5,5000,2e-04,"constant",5,0,1400,115.195730552825,NA,0.999878636787025,1,1,1,200,1998.81194208537,19976.4767123288,24.0712328767113,428,228,96,51,81,0,16,19839.4152967148,228,0,65,135,0.421052631578947,0.386363636363636,0.000806475380484095,0.0114134240628772,9.47188709310307,5.53473377227783
2.5,7500,1e-05,"seasonal",1,0.4,1401,115.195730552825,NA,0.947509451536902,0.945,0.93,0.97,196,3460.12469097584,16046.8164383562,3953.73150684931,1997,1797,643,855,295,4,132,15631.5613012365,1801,0,171,29,0.35861684327942,0.743478260869565,0.00844445397719538,0.112234099948643,0.45450734246545,5.31567239761353
2.5,7500,1e-05,"seasonal",2,0.4,1402,115.195730552825,NA,0.976209248808284,0.98,0.95,0.995,197,3358.47712043176,16795.1397260274,3205.40821917808,1731,1531,546,718,266,1,108,16424.1198544326,1534,0,162,38,0.356862745098039,0.729674796747967,0.00657569482914193,0.0913359474838285,0.477630272125706,6.51196551322937
2.5,7500,1e-05,"seasonal",3,0.4,1403,115.195730552825,NA,0.953830475042463,0.955,0.915,0.975,189,3437.62997616569,15784.7150684932,4215.83287671233,2010,1810,650,849,308,3,147,15361.8622810654,1821,0,175,25,0.359712230215827,0.733794295592048,0.00956915231437716,0.115364768518044,0.429333906948301,6.04444456100464
2.5,7500,1e-05,"seasonal",4,0.4,1404,115.195730552825,NA,0.966692783957043,0.965,0.95,0.985,193,3395.24428140924,16061.6767123288,3938.87123287671,1877,1677,623,764,289,1,129,15671.2253581885,1684,0,168,32,0.371718377088305,0.725546058879392,0.00823164730590738,0.104845840827277,0.425756492368302,5.60196089744568
2.5,7500,1e-05,"seasonal",5,0.4,1405,115.195730552825,NA,0.960186291162128,0.96,0.94125,0.975,192,3410.29562928059,16070.997260274,3929.55068493151,1978,1778,627,858,290,3,130,15656.4406655629,1786,0,171,29,0.353239436619718,0.747386759581881,0.00830329209409269,0.111131871350313,0.452469033372703,5.32686924934387
2.5,7500,1e-05,"constant",1,0,1406,115.195730552825,NA,1,1,1,1,200,2993.45432743411,19629.7753424658,370.772602739726,487,287,93,147,47,0,3,19476.6024658813,287,0,44,156,0.32404181184669,0.757731958762887,0.000154030971533939,0.0146206461863638,0.774059350338428,6.07186245918274
2.5,7500,1e-05,"constant",2,0,1407,115.195730552825,NA,1,1,1,1,200,2993.61745548189,19675.5890410959,324.95890410959,485,285,106,131,48,0,2,19526.0676538151,285,0,46,154,0.371929824561403,0.731843575418994,0.000102427177630373,0.0144849538890413,0.877033976899079,6.17749953269958
2.5,7500,1e-05,"constant",3,0,1408,115.195730552825,NA,0.99991973042573,1,1,1,200,2993.68670894745,19569.8767123288,430.67123287671,543,343,115,177,51,0,3,19405.8627398539,343,0,48,152,0.335276967930029,0.776315789473684,0.000154592456940288,0.0175269371924001,0.796431184197975,6.3523964881897
2.5,7500,1e-05,"constant",4,0,1409,115.195730552825,NA,1,1,1,1,200,2993.47516766205,19616.8547945205,383.693150684932,509,309,98,160,51,0,3,19459.3832877991,309,0,48,152,0.317152103559871,0.758293838862559,0.000154167270135482,0.0157517605771498,0.80533102936136,6.53258109092712
2.5,7500,1e-05,"constant",5,0,1410,115.195730552825,NA,1,1,1,1,200,2993.30921264588,19392.2630136986,608.284931506849,649,449,164,227,58,0,2,19212.0320373767,449,0,56,144,0.365256124721604,0.796491228070175,0.000104101429568149,0.0231535638559991,0.738140921702159,8.0831503868103
2.5,7500,2e-05,"seasonal",1,0.4,1411,115.195730552825,NA,0.988733768012712,0.99,0.965,1,200,3308.9497797381,18414.7671232877,1585.78082191781,1732,1532,586,678,265,3,109,18054.2387936336,1532,0,159,41,0.383257030739045,0.71898197242842,0.00603736337188785,0.0831941012201345,0.96608558939894,6.26378846168518
2.5,7500,2e-05,"seasonal",2,0.4,1412,115.195730552825,NA,0.984841652512191,0.985,0.965,0.995,197,3321.59550819133,18082.4684931507,1918.07945205479,2024,1824,723,797,299,5,136,17675.3389056658,1827,0,171,29,0.397471137987905,0.727189781021898,0.00769433620061483,0.101037090189983,0.950951222612803,5.71590495109558
2.5,7500,2e-05,"seasonal",3,0.4,1413,115.195730552825,NA,0.98409676182127,0.985,0.965,1,196,3325.62778149143,17759.5506849315,2240.99726027397,2372,2172,889,967,315,1,150,17302.0635875039,2176,0,170,30,0.409488714877936,0.754290171606864,0.00866948611310936,0.122525622331553,0.969211358935112,7.44028306007385
2.5,7500,2e-05,"seasonal",4,0.4,1414,115.195730552825,NA,0.98048983617336,0.985,0.95,0.995,197,3334.3532480412,18031.4164383562,1969.13150684931,2262,2062,841,894,326,1,161,17586.6018802437,2065,0,169,31,0.408054342552159,0.732786885245902,0.0091546963476135,0.114522339776223,1.04716215896585,4.78252148628235
2.5,7500,2e-05,"seasonal",5,0.4,1415,115.195730552825,NA,0.985501068434606,0.985,0.975,0.995,199,3319.68464851241,18185.7369863014,1814.81095890411,2000,1800,740,783,274,3,114,17792.7396857341,1801,0,164,36,0.411797440178075,0.74077578051088,0.0064071077312171,0.099033654855815,0.991838842039475,6.10034465789795
2.5,7500,2e-05,"constant",1,0,1416,115.195730552825,NA,1,1,1,1,200,2993.26933510493,19848.4684931507,152.079452054793,432,232,89,95,48,0,2,19709.8101195685,232,0,46,154,0.383620689655172,0.664335664335664,0.000101472311902911,0.011688559249801,1.52551838440614,5.49977421760559
2.5,7500,2e-05,"constant",2,0,1417,115.195730552825,NA,0.99983343378445,1,0.995,1,200,2993.85748972659,19827.2547945205,173.293150684931,479,279,96,127,56,0,4,19676.6550861667,279,0,52,148,0.344086021505376,0.693989071038251,0.000203286584151802,0.0140715395495449,1.60998861696073,6.27588176727295
2.5,7500,2e-05,"constant",3,0,1418,115.195730552825,NA,1,1,1,1,200,2993.32521450879,19787.3671232877,213.180821917809,522,322,112,157,53,0,2,19629.0101195685,322,0,51,149,0.347826086956522,0.747619047619048,0.000101890008096036,0.0162730088340575,1.51045482001259,6.06442546844482
2.5,7500,2e-05,"constant",4,0,1419,115.195730552825,NA,1,1,1,1,200,2993.74340063558,19840.9369863014,159.610958904108,478,278,107,116,55,0,2,19694.2046401164,278,0,53,147,0.384892086330935,0.678362573099415,0.000101552717489594,0.014011435054299,1.74173504068113,5.36838841438293
2.5,7500,2e-05,"constant",5,0,1420,115.195730552825,NA,1,1,1,1,200,2993.46940058079,19821.8,178.747945205479,475,275,108,119,48,0,1,19676.3958554475,275,0,47,153,0.392727272727273,0.712574850299401,5.08223155981662e-05,0.0138736138998476,1.53847922382478,4.71390271186829
2.5,7500,3e-05,"seasonal",1,0.4,1421,115.195730552825,NA,0.987289737548627,0.99,0.97,1,197,3308.91354994247,18554.4273972603,1446.1205479452,2425,2225,934,959,332,0,159,18088.4451503693,2228,0,176,24,0.419775280898876,0.7428350116189,0.00879014192089108,0.120079156974091,1.53859925658446,4.58653855323792
2.5,7500,3e-05,"seasonal",2,0.4,1422,115.195730552825,NA,0.987673278176538,0.99,0.97,1,199,3307.69097446715,18585.7863013699,1414.76164383562,2238,2038,840,866,325,7,161,18142.7064675953,2039,0,172,28,0.413589364844904,0.727120067170445,0.00887408944677368,0.109707491893938,1.44052534140995,5.53871631622314
2.5,7500,3e-05,"seasonal",3,0.4,1423,115.195730552825,NA,0.991404032655745,0.99,0.98,1,197,3296.7014075941,18871.6191780822,1128.92876712329,1897,1697,692,712,291,2,128,18490.3716946497,1700,0,168,32,0.408259587020649,0.7098703888335,0.00692252173800472,0.0900823603930291,1.50319493082301,5.22123956680298
2.5,7500,3e-05,"seasonal",4,0.4,1424,115.195730552825,NA,0.991573338447208,0.995,0.975,1,198,3296.49886828119,19003.0739726027,997.47397260274,1881,1681,719,661,298,3,145,18628.7018559399,1683,0,158,42,0.428486293206198,0.689259645464025,0.00778368783403798,0.0885646186730856,1.68525700536698,5.29676103591919
2.5,7500,3e-05,"seasonal",5,0.4,1425,115.195730552825,NA,0.986986466494987,0.985,0.97,1,195,3307.34996794696,18573.1178082192,1427.4301369863,2240,2040,832,877,330,1,158,18128.9387788167,2045,0,178,22,0.408043158410986,0.726594863297432,0.00871534743029854,0.110105369551634,1.42914174721503,4.6781210899353
2.5,7500,3e-05,"constant",1,0,1426,115.195730552825,NA,0.999999726042409,1,1,1,200,2992.94451865651,19864.1698630137,136.378082191779,504,304,120,128,56,0,4,19712.6441272626,304,0,52,148,0.394736842105263,0.695652173913043,0.00020291544727214,0.0153039367915412,2.22909719153043,5.09074664115906
2.5,7500,3e-05,"constant",2,0,1427,115.195730552825,NA,1,1,1,1,200,2993.62101638266,19914.8109589041,85.7369863013701,410,210,79,86,45,0,2,19780.2429962808,210,0,43,157,0.376190476190476,0.656488549618321,0.000101110992437052,0.0105449155622593,2.4493513133508,5.54930019378662
2.5,7500,3e-05,"constant",3,0,1428,115.195730552825,NA,1,1,1,1,200,2993.719832064,19900.3287671233,100.219178082192,450,250,104,104,42,0,1,19761.149280105,250,0,41,159,0.416,0.712328767123288,5.06043442021246e-05,0.0125626065240197,2.49453253143793,4.45859837532043
2.5,7500,3e-05,"constant",4,0,1429,115.195730552825,NA,0.999980275053422,1,1,1,200,2993.38473782259,19887.2876712329,113.260273972603,475,275,110,106,59,0,4,19742.2112505502,275,0,55,145,0.4,0.642424242424242,0.00020261154889063,0.0138279289034366,2.42803580067731,4.63501954078674
2.5,7500,3e-05,"constant",5,0,1430,115.195730552825,NA,1,1,1,1,200,2993.04848200099,19863.3260273973,137.22191780822,523,323,126,132,65,0,5,19708.4912680959,323,0,60,140,0.390092879256966,0.67005076142132,0.00025369775555037,0.0162611236181941,2.3538513756339,4.38165926933289
2.5,7500,5e-05,"seasonal",1,0.4,1431,115.195730552825,NA,0.996368144211276,0.995,0.99,1,200,3280.17196290614,19392.7589041096,607.78904109589,1785,1585,677,602,306,0,139,19027.4766329148,1585,0,167,33,0.427129337539432,0.662995594713656,0.0073052251058635,0.0817315374175109,2.60781273242789,5.009765625
2.5,7500,5e-05,"seasonal",2,0.4,1432,115.195730552825,NA,0.994529340858035,0.995,0.98,1,197,3285.92632485891,19350.5342465753,650.013698630137,1953,1753,785,642,325,1,164,18962.4117958945,1756,0,165,35,0.448059360730594,0.663908996897622,0.00864868887804175,0.0907468485171554,2.69686624096436,4.32742190361023
2.5,7500,5e-05,"seasonal",3,0.4,1433,115.195730552825,NA,0.99521478275163,0.995,0.98,1,199,3284.34227576571,19445.3068493151,555.241095890411,1796,1596,766,561,269,0,107,19105.8881087021,1597,0,163,37,0.479949874686717,0.675903614457831,0.00560036777098392,0.0821277860192909,2.87442700443594,4.5794370174408
2.5,7500,5e-05,"seasonal",4,0.4,1434,115.195730552825,NA,0.995438606103775,0.995,0.985,1,200,3283.95981699633,19309.4054794521,691.142465753423,1930,1730,778,645,305,2,137,18932.0908093074,1730,0,170,30,0.450231481481481,0.678947368421053,0.0072363903902599,0.0895936439804408,2.50310187222269,4.49040031433105
2.5,7500,5e-05,"seasonal",5,0.4,1435,115.195730552825,NA,0.995837762314394,0.995,0.985,1,199,3282.03947071393,19247.8246575342,752.723287671233,2073,1873,827,720,326,0,156,18844.8336259743,1874,0,171,29,0.441537640149493,0.688336520076482,0.00827813092416912,0.0973616516849583,2.48829819759485,4.6328067779541
2.5,7500,5e-05,"constant",1,0,1436,115.195730552825,NA,1,1,1,1,200,2993.04220371487,19937.4273972603,63.1205479452037,459,259,113,83,63,0,1,19797.5054444886,259,0,62,138,0.436293436293436,0.568493150684932,5.05114143195445e-05,0.0129906429169287,4.10325969009083,4.84013724327087
2.5,7500,5e-05,"constant",2,0,1437,115.195730552825,NA,1,1,1,1,200,2993.04957070845,19939.6246575342,60.923287671234,436,236,101,73,62,0,2,19803.6155990205,236,0,60,140,0.427966101694915,0.540740740740741,0.000100991659326033,0.0118357293105227,3.87372397355751,4.73693037033081
2.5,7500,5e-05,"constant",3,0,1438,115.195730552825,NA,1,1,1,1,200,2992.3500794477,19954.2054794521,46.3424657534233,394,194,88,53,53,0,0,19826.8583036552,194,0,53,147,0.45360824742268,0.5,0,0.0097222613147776,4.18622524386651,4.47725629806519
2.5,7500,5e-05,"constant",4,0,1439,115.195730552825,NA,1,1,1,1,200,2993.0224431538,19935.1753424658,65.3726027397242,434,234,95,85,54,0,0,19798.5103584497,234,0,54,146,0.405982905982906,0.611510791366906,0,0.0117380457397601,3.57948116172844,4.340660572052
2.5,7500,5e-05,"constant",5,0,1440,115.195730552825,NA,1,1,1,1,200,2992.82548819243,19941.8520547945,58.6958904109597,420,220,84,83,53,0,3,19805.3230138265,220,0,50,150,0.381818181818182,0.610294117647059,0.000151474429268618,0.0110320746235356,3.74813293502609,4.2863941192627
2.5,7500,8e-05,"seasonal",1,0.4,1441,115.195730552825,NA,0.995705988712947,0.995,0.985,1,200,3281.20597583694,19650.4684931507,350.079452054793,1591,1391,665,415,310,1,148,19325.5441705404,1391,0,163,37,0.47841726618705,0.572413793103448,0.00765825783191187,0.070787116372561,3.97338373285126,4.28890609741211
2.5,7500,8e-05,"seasonal",2,0.4,1442,115.195730552825,NA,0.997524793162018,1,0.99,1,200,3276.66166237466,19586.8657534247,413.682191780823,1761,1561,774,493,293,1,122,19250.9048102433,1561,0,172,28,0.496153846153846,0.627226463104326,0.00633736446169971,0.0796962627737961,3.77342808323509,4.08449649810791
2.5,7500,8e-05,"seasonal",3,0.4,1443,115.195730552825,NA,0.998048052161525,1,0.99,1,200,3276.06660073421,19614.4438356164,386.10410958904,1666,1466,733,455,278,0,116,19295.904722515,1466,0,162,38,0.5,0.620736698499318,0.00601163830709882,0.0747408395713978,3.79690338328794,4.03739476203918
2.5,7500,8e-05,"seasonal",4,0.4,1444,115.195730552825,NA,0.997141526491699,1,0.985,1,199,3277.81408744726,19563.7424657534,436.805479452054,1861,1661,827,515,318,1,149,19210.8400609514,1662,0,171,29,0.498192771084337,0.618247298919568,0.00775603771241959,0.0849530708610253,3.8026079757141,4.01121425628662
2.5,7500,8e-05,"seasonal",5,0.4,1445,115.195730552825,NA,0.997769437291107,1,0.99,1,200,3275.97529998356,19650.7863013699,349.761643835616,1568,1368,663,406,298,1,135,19334.7587369672,1368,0,164,36,0.485003657644477,0.576704545454545,0.00698224383539298,0.0696155349216045,3.9112350485262,3.96729135513306
2.5,7500,8e-05,"constant",1,0,1446,115.195730552825,NA,1,1,1,1,200,2992.30442496302,19954.6931506849,45.8547945205464,469,269,124,75,70,0,3,19815.5504110868,269,0,67,133,0.460966542750929,0.517241379310345,0.00015139624879264,0.0134805380352725,5.86634402820119,4.09156012535095
2.5,7500,8e-05,"constant",2,0,1447,115.195730552825,NA,1,1,1,1,200,2992.1531324311,19971.4821917808,29.0657534246566,377,177,83,39,55,0,3,19847.9942467032,177,0,52,148,0.468926553672316,0.414893617021277,0.000151148774163833,0.00886263714932703,6.08964087095882,4.3181459903717
2.5,7500,8e-05,"constant",3,0,1448,115.195730552825,NA,1,1,1,1,200,2992.17529258671,19972.1561643836,28.3917808219157,362,162,67,44,51,0,2,19848.163544226,162,0,49,151,0.41358024691358,0.463157894736842,0.000100764989946983,0.00811129247471514,5.70587667663845,4.22148013114929
2.5,7500,8e-05,"constant",4,0,1449,115.195730552825,NA,1,1,1,1,200,2993.05789847132,19972.0876712329,28.4602739726033,400,200,91,51,58,0,4,19843.1016615091,200,0,54,146,0.455,0.467889908256881,0.000201581389252218,0.010013975669057,7.02733923758168,4.0643105506897
2.5,7500,8e-05,"constant",5,0,1450,115.195730552825,NA,1,1,1,1,200,2991.94090269026,19976.4054794521,24.1424657534226,345,145,63,39,43,0,0,19856.4117283127,145,0,43,157,0.43448275862069,0.475609756097561,0,0.00725856311582925,6.00601452564736,4.11421513557434
2.5,7500,1e-04,"seasonal",1,0.4,1451,115.195730552825,NA,0.998152703961427,1,0.99,1,200,3275.09097446715,19679.0684931507,321.479452054795,1571,1371,695,389,286,1,114,19374.974258919,1371,0,173,27,0.507299270072993,0.576296296296296,0.00588387878489807,0.0696679317152221,4.26465825805352,3.97231698036194
2.5,7500,1e-04,"seasonal",2,0.4,1452,115.195730552825,NA,0.99832995452304,1,0.99,1,200,3274.9994948222,19712.2054794521,288.342465753423,1500,1300,665,348,286,1,120,19417.4954600835,1300,0,167,33,0.511932255581216,0.548895899053628,0.00617999371992561,0.0659489878671931,4.5085277210319,3.75984239578247
2.5,7500,1e-04,"seasonal",3,0.4,1453,115.195730552825,NA,0.99691085419977,1,0.985,1,199,3278.57273574051,19672.6547945205,327.893150684929,1646,1446,728,409,306,3,136,19352.513770369,1447,0,174,26,0.504504504504504,0.572027972027972,0.00702751082436805,0.073553875423211,4.40997317870007,12.0759930610657
2.5,7500,1e-04,"seasonal",4,0.4,1454,115.195730552825,NA,0.997894909867952,1,0.99,1,200,3275.97188592406,19725.9890410959,274.558904109588,1475,1275,630,339,305,1,142,19422.8805036225,1275,0,164,36,0.494505494505495,0.52639751552795,0.00731096502259362,0.0646355423468879,4.64381224180256,8.40371251106262
2.5,7500,1e-04,"seasonal",5,0.4,1455,115.195730552825,NA,0.998069968768835,1,0.99,1,200,3275.08741959345,19710.2082191781,290.339726027396,1441,1241,604,351,286,0,121,19415.1048102433,1241,0,165,35,0.486704270749396,0.551020408163265,0.00623226097322745,0.0629622978205022,4.27430313095667,6.11799383163452
2.5,7500,1e-04,"constant",1,0,1456,115.195730552825,NA,1,1,1,1,200,2991.8690995014,19971.4082191781,29.1397260273952,408,208,96,47,65,0,4,19841.4824834269,208,0,61,139,0.461538461538462,0.419642857142857,0.000201597839442748,0.0104148890111946,7.13802181271204,6.53880310058594
2.5,7500,1e-04,"constant",2,0,1457,115.195730552825,NA,1,1,1,1,200,2992.62547065914,19978.7616438356,21.7863013698625,364,164,75,33,56,0,2,19857.1882017603,164,0,54,146,0.457317073170732,0.370786516853933,0.000100719194463933,0.00820871698274661,7.52766599597604,6.5158269405365
2.5,7500,1e-04,"constant",3,0,1458,115.195730552825,NA,1,1,1,1,200,2991.88496931675,19977.4904109589,23.0575342465745,382,182,77,46,59,0,0,19850.3487146141,182,0,59,141,0.423076923076923,0.438095238095238,0,0.0091102534030081,7.89329847908774,6.74369382858276
2.5,7500,1e-04,"constant",4,0,1459,115.195730552825,NA,1,1,1,1,200,2992.15877623144,19976.0547945205,24.4931506849316,401,201,98,44,59,0,2,19848.7416264178,201,0,57,143,0.487562189054726,0.427184466019417,0.000100762055229642,0.0100620468890151,8.20637583892614,8.69982051849365
2.5,7500,1e-04,"constant",5,0,1460,115.195730552825,NA,1,1,1,1,200,2992.19851049258,19982.797260274,17.7506849315068,342,142,58,36,48,0,0,19862.436385847,142,0,48,152,0.408450704225352,0.428571428571429,0,0.0071061122299578,7.99969131038741,6.27372241020203
2.5,7500,2e-04,"seasonal",1,0.4,1461,115.195730552825,NA,0.999513451317736,1,0.995,1,200,3270.48736507589,19862.6219178082,137.926027397261,1169,969,508,166,295,0,125,19613.118031111,969,0,170,30,0.524251805985552,0.360086767895879,0.00637328546137952,0.0487851001750793,7.02550503545671,6.56215023994446
2.5,7500,2e-04,"seasonal",2,0.4,1462,115.195730552825,NA,0.999633718700345,1,0.995,1,200,3270.08819078407,19853.7397260274,146.808219178081,1182,982,524,172,286,0,117,19605.8751510195,982,0,169,31,0.533604887983707,0.375545851528384,0.00596759895178236,0.0494617141934545,6.688998786974,7.41309642791748
2.5,7500,2e-04,"seasonal",3,0.4,1463,115.195730552825,NA,0.999550161634979,1,0.995,1,200,3269.69344885212,19870.7561643836,129.791780821917,1092,892,466,158,268,0,104,19633.8267037477,892,0,164,36,0.522421524663677,0.370892018779343,0.00529698064311368,0.0448900883600406,6.87254612234562,6.32998132705688
2.5,7500,2e-04,"seasonal",4,0.4,1464,115.195730552825,NA,0.999104980549011,1,0.995,1,200,3270.08204673717,19864.498630137,136.049315068492,1159,959,518,168,273,0,110,19621.8794117615,959,0,163,37,0.54014598540146,0.380952380952381,0.00560598695423973,0.0482770805272213,7.04891457569781,7.2130925655365
2.5,7500,2e-04,"seasonal",5,0.4,1465,115.195730552825,NA,0.999511259657005,1,0.995,1,200,3270.26800175333,19873.6767123288,126.871232876711,1069,869,458,168,243,0,85,19642.9392470922,869,0,158,42,0.527042577675489,0.408759124087591,0.0043272546399889,0.0437261817518099,6.84946445538577,6.8095018863678
2.5,7500,2e-04,"constant",1,0,1466,115.195730552825,NA,1,1,1,1,200,2990.53533861158,19987.8821917808,12.6657534246551,361,161,92,20,49,0,1,19871.6342116118,161,0,48,152,0.571428571428571,0.289855072463768,5.03229874982128e-05,0.0080548803747805,12.7114427860721,5.86623549461365
2.5,7500,2e-04,"constant",2,0,1467,115.195730552825,NA,1,1,1,1,200,2990.30924798641,19992.5369863014,8.01095890410943,311,111,59,11,41,0,1,19881.6725677762,111,0,40,160,0.531531531531532,0.211538461538462,5.029757916951e-05,0.0055520717593798,13.8560191518471,6.63327074050903
2.5,7500,2e-04,"constant",3,0,1468,115.195730552825,NA,1,1,1,1,200,2990.32850473947,19991.9178082192,8.63013698629948,307,107,43,17,47,0,3,19876.372328895,107,0,44,156,0.401869158878505,0.265625,0.000150932974607182,0.00535216286033397,12.3984126984154,6.42984390258789
2.5,7500,2e-04,"constant",4,0,1469,115.195730552825,NA,1,1,1,1,200,2990.92945372856,19992.6904109589,7.85753424657378,308,108,52,13,43,0,1,19880.5657184612,108,0,42,158,0.481481481481481,0.232142857142857,5.03003794842416e-05,0.00540197431061106,13.7447698744797,6.61164116859436
2.5,7500,2e-04,"constant",5,0,1470,115.195730552825,NA,1,1,1,1,200,2990.13773930196,19992.3260273973,8.22191780821959,311,111,55,15,41,0,2,19879.366283952,111,0,39,161,0.495495495495495,0.267857142857143,0.000100606828780781,0.00555213034480764,13.5004998333882,6.73487234115601
2.5,10000,1e-05,"seasonal",1,0.4,1471,115.195730552825,NA,0.999001150621884,1,0.995,1,199,4359.52721494713,18129.7698630137,1870.77808219178,1382,1182,430,555,197,0,43,17832.5889035872,1183,0,155,45,0.363790186125212,0.738031914893617,0.00241131561056455,0.0652517935383958,0.631822668467007,6.89084529876709
2.5,10000,1e-05,"seasonal",2,0.4,1472,115.195730552825,NA,0.998431592789436,1,0.995,1,200,4362.23791052545,17676.3123287671,2324.23561643836,1484,1284,441,631,212,0,43,17352.2305649685,1284,0,169,31,0.343457943925234,0.748517200474496,0.00247806757978484,0.0726395854586914,0.552439688523315,6.75328493118286
2.5,10000,1e-05,"seasonal",3,0.4,1473,115.195730552825,NA,0.997104542216865,1,0.99,1,199,4368.08580707906,17789.802739726,2210.74520547945,1479,1279,484,578,217,0,55,17472.0422648202,1280,0,163,37,0.37842064112588,0.727044025157233,0.00314788615814775,0.0719513318234642,0.5785379503843,5.59481334686279
2.5,10000,1e-05,"seasonal",4,0.4,1474,115.195730552825,NA,0.992495479699742,0.99,0.985,1,200,4389.37846528957,18254.4876712329,1746.0602739726,1358,1158,396,549,213,0,55,17948.8702275714,1158,0,158,42,0.341968911917098,0.720472440944882,0.00306425971677673,0.0634364557831379,0.663207345852581,6.05179071426392
2.5,10000,1e-05,"seasonal",5,0.4,1475,115.195730552825,NA,0.99711960988439,0.995,0.99,1,199,4368.83192373021,18276.0520547945,1724.49589041096,1281,1081,423,460,198,0,46,18001.2234767722,1082,0,153,47,0.391304347826087,0.699088145896657,0.0025553818638692,0.0592031581413749,0.626849855665583,6.88808822631836
2.5,10000,1e-05,"constant",1,0,1476,115.195730552825,NA,1,1,1,1,200,3986.74189934798,19834.0575342466,166.490410958904,368,168,60,73,35,0,1,19705.6122938036,168,0,34,166,0.357142857142857,0.675925925925926,5.07469641181587e-05,0.00847027894871848,1.00906712303971,6.66108441352844
2.5,10000,1e-05,"constant",2,0,1477,115.195730552825,NA,1,1,1,1,200,3986.44473371322,19783.7890410959,216.758904109589,406,206,77,89,40,0,2,19649.3169688835,206,0,38,162,0.37378640776699,0.689922480620155,0.000101784708504992,0.0104125655389919,0.950364649822415,5.47921395301819
2.5,10000,1e-05,"constant",3,0,1478,115.195730552825,NA,1,1,1,1,200,3986.17885430935,19770.8739726027,229.673972602741,439,239,87,109,43,0,0,19629.9541940662,239,0,43,157,0.364016736401674,0.717105263157895,0,0.012088489377414,1.04060550393052,6.47865200042725
2.5,10000,1e-05,"constant",4,0,1479,115.195730552825,NA,1,1,1,1,200,3986.76053997041,19888.6849315069,111.863013698628,340,140,47,59,34,0,0,19765.2555639292,140,0,34,166,0.335714285714286,0.634408602150538,0,0.00703917833090199,1.25153073720306,6.34751129150391
2.5,10000,1e-05,"constant",5,0,1480,115.195730552825,NA,1,1,1,1,200,3986.68216042957,19768.295890411,232.252054794521,425,225,79,99,47,0,1,19628.8177732557,225,0,46,154,0.351111111111111,0.678082191780822,5.09455032672677e-05,0.0113818612007493,0.968775067239183,6.26031494140625
2.5,10000,2e-05,"seasonal",1,0.4,1481,115.195730552825,NA,0.999464960824064,1,0.995,1,200,4356.94468659252,18999.4849315068,1001.06301369863,1478,1278,487,573,218,0,51,18687.5008423202,1278,0,167,33,0.381064162754304,0.724399494310999,0.00272909686695527,0.067264981372242,1.27664291109725,7.32869338989258
2.5,10000,2e-05,"seasonal",2,0.4,1482,115.195730552825,NA,0.999224152101255,1,0.99,1,200,4357.10526656074,18888.0904109589,1112.45753424658,1584,1384,543,615,226,0,61,18561.7585520235,1384,0,165,35,0.392341040462428,0.731272294887039,0.00328632655300595,0.0732736856869872,1.24409243264942,6.21708416938782
2.5,10000,2e-05,"seasonal",3,0.4,1483,115.195730552825,NA,0.999756451701277,1,0.995,1,200,4354.32998548025,18964.7616438356,1035.78630136986,1494,1294,510,575,209,0,47,18654.1972104936,1294,0,162,38,0.394126738794436,0.733418367346939,0.00251954021229929,0.0682318093051598,1.24929244409647,6.20292544364929
2.5,10000,2e-05,"seasonal",4,0.4,1484,115.195730552825,NA,0.996377458769383,0.995,0.985,1,199,4368.09315023834,19052.0191780822,948.528767123287,1542,1342,547,581,214,0,57,18734.2406560759,1343,0,158,42,0.407600596125186,0.730817610062893,0.00304255726433799,0.0704912160462768,1.41482266697091,6.16364693641663
2.5,10000,2e-05,"seasonal",5,0.4,1485,115.195730552825,NA,0.99876965645718,1,0.995,1,200,4358.84878198455,18946.6136986301,1053.93424657534,1592,1392,546,625,221,0,52,18619.1342845234,1392,0,169,31,0.392241379310345,0.738770685579196,0.00279282587500448,0.0734695931495475,1.32076550745283,6.8415846824646
2.5,10000,2e-05,"constant",1,0,1486,115.195730552825,NA,1,1,1,1,200,3986.77255520245,19950.495890411,50.0520547945198,307,107,48,32,27,0,0,19837.4802214634,107,0,27,173,0.448598130841121,0.542372881355932,0,0.0053632752081831,2.13777437188683,6.38718485832214
2.5,10000,2e-05,"constant",2,0,1487,115.195730552825,NA,1,1,1,1,200,3986.1025820503,19920.5205479452,80.0273972602736,366,166,65,63,38,0,3,19793.2134247854,166,0,35,165,0.391566265060241,0.623762376237624,0.000151567102097901,0.0083331155729825,2.07428962684013,5.80976867675781
2.5,10000,2e-05,"constant",3,0,1488,115.195730552825,NA,1,1,1,1,200,3986.55077201249,19921.4438356164,79.1041095890396,355,155,56,60,39,0,1,19796.3328417488,155,0,38,162,0.361290322580645,0.606060606060606,5.05144062788782e-05,0.00778056054967683,1.95944307830849,5.53864455223083
2.5,10000,2e-05,"constant",4,0,1489,115.195730552825,NA,1,1,1,1,200,3986.51052188921,19931.3178082192,69.2301369863017,358,158,55,66,37,0,2,19804.1991606644,158,0,35,165,0.348101265822785,0.640776699029126,0.000100988683449137,0.00792722295235515,2.28224306462463,6.52173614501953
2.5,10000,2e-05,"constant",5,0,1490,115.195730552825,NA,1,1,1,1,200,3986.15794230453,19847.5479452055,153,479,279,112,117,50,0,0,19701.9185776278,279,0,50,150,0.401433691756272,0.70059880239521,0,0.0140571520860035,1.82352941176471,6.49233174324036
2.5,10000,3e-05,"seasonal",1,0.4,1491,115.195730552825,NA,0.999590159443318,1,0.995,1,199,4354.53251739631,19332.1232876712,668.424657534248,1418,1218,507,507,204,0,39,19040.6030799798,1219,0,166,34,0.416256157635468,0.713080168776371,0.00204825445056446,0.0630556707021106,1.82219489701813,6.39259076118469
2.5,10000,3e-05,"seasonal",2,0.4,1492,115.195730552825,NA,0.999361404854529,1,0.995,1,200,4355.58830858583,19349.9863013699,650.561643835616,1540,1340,590,542,208,0,53,19044.7704664526,1340,0,155,45,0.440298507462687,0.722666666666667,0.00278291618653843,0.0692506950201374,2.05975869112043,6.25492119789124
2.5,10000,3e-05,"seasonal",3,0.4,1493,115.195730552825,NA,0.999896444030464,1,1,1,200,4353.28009698099,19401.9835616438,598.564383561643,1525,1325,579,527,219,0,65,19093.7471153569,1325,0,154,46,0.436981132075472,0.706434316353887,0.00340425583345667,0.0682919865275744,2.21362987238873,7.00498461723328
2.5,10000,3e-05,"seasonal",4,0.4,1494,115.195730552825,NA,0.999106898252151,1,0.995,1,200,4357.74738781437,19204.0109589041,796.536986301369,1747,1547,673,646,227,1,58,18864.9179338956,1547,0,170,30,0.435316946959897,0.739977090492554,0.00307448991844212,0.0805560881687958,1.94215714600187,6.63861393928528
2.5,10000,3e-05,"seasonal",5,0.4,1495,115.195730552825,NA,0.999011287052764,1,0.995,1,199,4357.18222042628,19375.2767123288,625.271232876712,1541,1341,592,528,221,0,71,19066.4814496606,1342,0,151,49,0.441461595824012,0.704939919893191,0.00372381239755508,0.0692635269124216,2.14466927229389,6.63910245895386
2.5,10000,3e-05,"constant",1,0,1496,115.195730552825,NA,1,1,1,1,200,3985.84328557339,19948.5726027397,51.9753424657538,377,177,83,52,42,0,1,19824.0890061324,177,0,41,159,0.468926553672316,0.553191489361702,5.04436798932178e-05,0.00887281528983637,3.40546096673868,6.57072401046753
2.5,10000,3e-05,"constant",2,0,1497,115.195730552825,NA,1,1,1,1,200,3986.27352747795,19946.901369863,53.6465753424636,375,175,68,65,42,0,1,19818.8287321598,175,0,41,159,0.388571428571429,0.607476635514019,5.04570685540721e-05,0.00877329249065224,3.26209080230849,6.15440821647644
2.5,10000,3e-05,"constant",3,0,1498,115.195730552825,NA,1,1,1,1,200,3986.45628787464,19950.7890410959,49.7589041095889,366,166,67,49,50,0,0,19825.1815913264,166,0,50,150,0.403614457831325,0.494949494949495,0,0.00832047292255273,3.33608633410418,6.35038495063782
2.5,10000,3e-05,"constant",4,0,1499,115.195730552825,NA,1,1,1,1,200,3986.21509698099,19945.4410958904,55.1068493150669,362,162,61,64,37,0,0,19818.4583036552,162,0,37,163,0.376543209876543,0.633663366336634,0,0.00812215679869716,2.93974346226517,6.87893295288086
2.5,10000,3e-05,"constant",5,0,1500,115.195730552825,NA,1,1,1,1,200,3985.84851268424,19951.0630136986,49.4849315068495,357,157,51,59,47,0,1,19823.4342116118,157,0,46,154,0.32484076433121,0.556603773584906,5.04453461153687e-05,0.00786925488091547,3.17268298084375,6.22743916511536
2.5,10000,5e-05,"seasonal",1,0.4,1501,115.195730552825,NA,0.999904388800614,1,1,1,200,4353.58042079886,19627.8328767123,372.715068493151,1349,1149,533,412,203,1,37,19361.5663325597,1149,0,167,33,0.464285714285714,0.669918699186992,0.0019110024139823,0.0585393205259682,3.08278386662844,6.12519264221191
2.5,10000,5e-05,"seasonal",2,0.4,1502,115.195730552825,NA,0.999609610432305,1,0.995,1,200,4354.55274039779,19642.5342465753,358.013698630137,1278,1078,486,380,212,0,49,19376.3846428453,1078,0,163,37,0.450834879406308,0.641891891891892,0.00252885153258419,0.0548809021518162,3.01105796824182,5.89573097229004
2.5,10000,5e-05,"seasonal",3,0.4,1503,115.195730552825,NA,0.999787408909101,1,0.995,1,200,4355.25724590433,19620.8,379.747945205479,1366,1166,558,391,217,0,49,19352.362725037,1166,0,168,32,0.478559176672384,0.643092105263158,0.00253199057377146,0.0594267308162766,3.07045769363962,6.29665994644165
2.5,10000,5e-05,"seasonal",4,0.4,1504,115.195730552825,NA,0.999636184318668,1,0.995,1,200,4355.69517012766,19659.8493150685,340.698630136987,1256,1056,488,355,213,0,55,19399.4510494892,1056,0,158,42,0.462121212121212,0.625,0.00283513177046565,0.0537135347823148,3.09951348960636,7.17827820777893
2.5,10000,5e-05,"seasonal",5,0.4,1505,115.195730552825,NA,0.999701386225412,1,0.995,1,200,4354.13960988439,19638.2630136986,362.284931506849,1339,1139,549,376,214,0,54,19372.220347012,1139,0,160,40,0.482001755926251,0.63728813559322,0.00278749668508334,0.0579990195265993,3.14393423779059,6.66434073448181
2.5,10000,5e-05,"constant",1,0,1506,115.195730552825,NA,1,1,1,1,200,3986.66985233686,19973.2575342466,27.2904109589035,326,126,51,39,36,0,0,19854.833646121,126,0,36,164,0.404761904761905,0.52,0,0.00630843515555526,4.6170063246663,6.11012411117554
2.5,10000,5e-05,"constant",2,0,1507,115.195730552825,NA,1,1,1,1,200,3985.66707659854,19978.5506849315,21.9972602739726,297,97,39,25,33,0,1,19865.5876362694,97,0,32,168,0.402061855670103,0.431034482758621,5.0338304524869e-05,0.0048552070432797,4.40964005480134,6.76870679855347
2.5,10000,5e-05,"constant",3,0,1508,115.195730552825,NA,1,1,1,1,200,3986.12029340858,19979.3753424658,21.1726027397235,317,117,42,33,42,0,1,19861.1410609269,117,0,41,159,0.358974358974359,0.44,5.03495744243675e-05,0.00585603893988211,5.52600931677084,6.75576519966125
2.5,10000,5e-05,"constant",4,0,1509,115.195730552825,NA,1,1,1,1,200,3985.71833872117,19979.197260274,21.3506849315054,315,115,52,24,39,0,0,19864.0007694086,115,0,39,161,0.452173913043478,0.380952380952381,0,0.00575598701498696,5.38624406518708,8.56249070167542
2.5,10000,5e-05,"constant",5,0,1510,115.195730552825,NA,1,1,1,1,200,3985.48773601447,19975.9945205479,24.5534246575335,326,126,54,36,36,0,0,19858.9048789977,126,0,36,164,0.428571428571429,0.5,0,0.00630757081307729,5.13166703860762,6.8750114440918
2.5,10000,8e-05,"seasonal",1,0.4,1511,115.195730552825,NA,0.999675634211824,1,0.995,1,200,4353.49802476577,19819.7698630137,180.77808219178,998,798,380,205,213,0,52,19597.9781201398,798,0,161,39,0.476190476190476,0.490430622009569,0.0026533349349218,0.0402628287571176,4.41425193986422,6.85100531578064
2.5,10000,8e-05,"seasonal",2,0.4,1512,115.195730552825,NA,0.999793709933702,1,0.995,1,200,4354.55351295819,19771.2876712329,229.260273972603,1177,977,502,259,216,0,53,19534.2718363156,977,0,163,37,0.51381780962129,0.545263157894737,0.00271318022212987,0.049415092038822,4.26153202676864,6.60773873329163
2.5,10000,8e-05,"seasonal",3,0.4,1513,115.195730552825,NA,0.999914525231494,1,1,1,200,4353.21003314887,19813.7178082192,186.8301369863,1046,846,422,214,210,0,47,19591.528717343,846,0,163,37,0.498817966903073,0.504716981132076,0.002398996049675,0.0426976909729208,4.52817737890989,6.37695837020874
2.5,10000,8e-05,"seasonal",4,0.4,1514,115.195730552825,NA,0.999927127280697,1,1,1,200,4353.95542627801,19788.4465753425,212.101369863012,1124,924,460,245,219,0,52,19554.698668085,924,0,167,33,0.497835497835498,0.52801724137931,0.00265920743053272,0.0466939128587969,4.35640750739505,5.81104755401611
2.5,10000,8e-05,"seasonal",5,0.4,1515,115.195730552825,NA,0.999845761876062,1,0.995,1,200,4353.25133609117,19785.3726027397,215.175342465755,1123,923,459,236,228,0,65,19549.6073893295,923,0,163,37,0.497291440953413,0.508620689655172,0.0033248749555696,0.0466506251124222,4.28952494938818,6.0408046245575
2.5,10000,8e-05,"constant",1,0,1516,115.195730552825,NA,1,1,1,1,200,3985.61254260041,19980.9863013699,19.5616438356155,346,146,65,29,52,0,2,19860.5690236781,146,0,50,150,0.445205479452055,0.358024691358025,0.000100702049252243,0.00730694660403178,7.46358543417401,6.1779682636261
2.5,10000,8e-05,"constant",2,0,1517,115.195730552825,NA,1,1,1,1,200,3985.20068297628,19985.0794520548,15.4684931506854,337,137,65,28,44,0,0,19867.3925502306,137,0,44,156,0.474452554744526,0.388888888888889,0,0.00685511410293213,8.8567127169675,5.9591908454895
2.5,10000,8e-05,"constant",3,0,1518,115.195730552825,NA,1,1,1,1,200,3985.62789874527,19987.298630137,13.2493150684932,308,108,49,24,35,0,0,19873.8172077648,108,0,35,165,0.453703703703704,0.406779661016949,0,0.00540343154913175,8.15136476426798,6.11689066886902
2.5,10000,8e-05,"constant",4,0,1519,115.195730552825,NA,1,1,1,1,200,3985.22497424799,19981.002739726,19.5452054794514,338,138,58,31,49,0,2,19860.5087497055,138,0,47,153,0.420289855072464,0.3875,0.000100702354869417,0.00690656028616771,7.06055508830974,5.80449724197388
2.5,10000,8e-05,"constant",5,0,1520,115.195730552825,NA,1,1,1,1,200,3984.67211193907,19983.4328767123,17.115068493149,327,127,55,21,51,0,1,19866.1027047625,127,0,50,150,0.433070866141732,0.291666666666667,5.03369994035251e-05,0.00635526442246063,7.42036177365208,5.95827293395996
2.5,10000,1e-04,"seasonal",1,0.4,1521,115.195730552825,NA,0.999609884389896,1,0.995,1,200,4352.48706262671,19843.6246575342,156.923287671234,1003,803,409,184,210,0,51,19626.8460477996,803,0,159,41,0.5093399750934,0.467005076142132,0.00259848168553386,0.0404663973370972,5.11714999039751,5.62315225601196
2.5,10000,1e-04,"seasonal",2,0.4,1522,115.195730552825,NA,0.999990411484302,1,1,1,200,4352.36342173032,19829.1150684931,171.43287671233,1042,842,442,200,200,0,37,19614.2956651739,842,0,163,37,0.524940617577197,0.5,0.00188637923235221,0.0424628127423533,4.91154331740524,5.41509628295898
2.5,10000,1e-04,"seasonal",3,0.4,1523,115.195730552825,NA,0.99992767519588,1,1,1,200,4352.60463645828,19835.0219178082,165.52602739726,978,778,374,196,208,0,42,19619.1916433132,778,0,166,34,0.480719794344473,0.485148514851485,0.00214076098361141,0.0392235513136236,4.70016717149148,5.12483763694763
2.5,10000,1e-04,"seasonal",4,0.4,1524,115.195730552825,NA,0.999929318941428,1,1,1,200,4352.47043723632,19852.3123287671,148.235616438356,893,693,343,147,203,0,45,19651.9549836215,693,0,158,42,0.494949494949495,0.42,0.00228984851825197,0.0349077723805405,4.67498983476878,5.5037796497345
2.5,10000,1e-04,"seasonal",5,0.4,1525,115.195730552825,NA,0.999940003287491,1,1,1,200,4352.31259410443,19842.2438356164,158.30410958904,997,797,410,180,207,0,48,19628.5046252996,797,0,159,41,0.514429109159348,0.465116279069767,0.00244542316983902,0.0401668282379133,5.03461345424969,6.2773232460022
2.5,10000,1e-04,"constant",1,0,1526,115.195730552825,NA,1,1,1,1,200,3984.41212837653,19990.5479452055,10,307,107,48,17,42,0,1,19877.1218828447,107,0,41,159,0.448598130841121,0.288135593220339,5.03090943394107e-05,0.00535252962016295,10.7,5.50538992881775
2.5,10000,1e-04,"constant",2,0,1527,115.195730552825,NA,1,1,1,1,200,3984.524799737,19990.397260274,10.1506849315047,305,105,51,11,43,0,0,19879.0802214634,105,0,43,157,0.485714285714286,0.203703703703704,0,0.00525252193004998,10.3441295546581,4.9482901096344
2.5,10000,1e-04,"constant",3,0,1528,115.195730552825,NA,1,1,1,1,200,3984.83404443592,19986.802739726,13.7452054794521,326,126,55,28,43,0,0,19869.2117283127,126,0,43,157,0.436507936507937,0.394366197183099,0,0.00630415988193853,9.16683276858676,5.35907220840454
2.5,10000,1e-04,"constant",4,0,1529,115.195730552825,NA,1,1,1,1,200,3984.51358035176,19990.8,9.74794520547948,300,100,47,13,40,0,0,19879.9541940662,100,0,40,160,0.47,0.245283018867925,0,0.0050023010584869,10.2585722315907,5.20155048370361
2.5,10000,1e-04,"constant",5,0,1530,115.195730552825,NA,1,1,1,1,200,3984.66513807463,19992.8849315069,7.66301369862776,273,73,30,11,32,0,0,19884.2446050251,73,0,32,168,0.410958904109589,0.255813953488372,0,0.00365129896211022,9.5262781551692,5.07107973098755
2.5,10000,2e-04,"seasonal",1,0.4,1531,115.195730552825,NA,0.999962193852392,1,1,1,200,4350.82791655252,19906.9452054795,93.6027397260259,882,682,379,103,200,0,44,19716.5188016922,682,0,156,44,0.555718475073314,0.33993399339934,0.00223163127540667,0.0342594000717035,7.28611151763512,4.50034117698669
2.5,10000,2e-04,"seasonal",2,0.4,1532,115.195730552825,NA,0.999912881485946,1,1,1,200,4350.75118815407,19885.0219178082,115.52602739726,915,715,368,143,203,1,34,19685.4934032104,715,0,170,30,0.515406162464986,0.413294797687861,0.00172716016325276,0.0359567116875881,6.1890815092371,4.64499092102051
2.5,10000,2e-04,"seasonal",3,0.4,1533,115.195730552825,NA,0.999974521944003,1,1,1,200,4350.57457536573,19908.901369863,91.6465753424636,813,613,319,99,195,0,33,19723.7810744433,613,0,162,38,0.520391517128874,0.336734693877551,0.00167310719356742,0.030790247468297,6.68873875220487,5.23368096351624
2.5,10000,2e-04,"seasonal",4,0.4,1534,115.195730552825,NA,0.999958906361295,1,1,1,200,4349.80868171607,19896.3205479452,104.227397260274,855,655,336,112,207,0,39,19704.3954262926,655,0,168,32,0.512977099236641,0.351097178683386,0.00197925382414729,0.0329206597984593,6.2843361459401,4.56292104721069
2.5,10000,2e-04,"seasonal",5,0.4,1535,115.195730552825,NA,0.999958632403704,1,1,1,200,4349.72286970577,19917.8136986301,82.7342465753427,809,609,320,96,193,0,40,19731.9247589068,609,0,153,47,0.525451559934319,0.332179930795848,0.00202717172747906,0.0305756449585571,7.36091794158552,5.22400546073914
2.5,10000,2e-04,"constant",1,0,1536,115.195730552825,NA,1,1,1,1,200,3982.4087028108,19995.5260273973,5.02191780821886,278,78,36,3,39,0,0,19888.2062488607,78,0,39,161,0.461538461538462,0.0714285714285714,0,0.0039008726198614,15.531914893618,5.29129362106323
2.5,10000,2e-04,"constant",2,0,1537,115.195730552825,NA,1,1,1,1,200,3982.84479453181,19993.4410958904,7.10684931506694,297,97,38,8,51,0,0,19880.8281666689,97,0,51,149,0.391752577319588,0.135593220338983,0,0.00485159105602577,13.6488049344671,4.56372165679932
2.5,10000,2e-04,"constant",3,0,1538,115.195730552825,NA,1,1,1,1,200,3982.3762106186,19995.0301369863,5.51780821917782,289,89,42,7,40,0,1,19885.3958554475,89,0,39,161,0.471910112359551,0.148936170212766,5.02881615869898e-05,0.00445110606937121,16.1295928500504,4.44201707839966
2.5,10000,2e-04,"constant",4,0,1539,115.195730552825,NA,1,1,1,1,200,3983.37526601282,19995.6246575342,4.92328767123399,288,88,50,6,32,0,0,19888.6939200936,88,0,32,168,0.568181818181818,0.157894736842105,0,0.00440096278596838,17.8742348358335,4.28287839889526
2.5,10000,2e-04,"constant",5,0,1540,115.195730552825,NA,1,1,1,1,200,3983.02075173963,19995.8273972603,4.72054794520591,282,82,36,5,41,0,1,19886.3985951735,82,0,40,160,0.439024390243902,0.108695652173913,5.02856258871681e-05,0.00410085556205767,17.3708647707471,4.20202732086182
2.5,15000,1e-05,"seasonal",1,0.4,1541,115.195730552825,NA,1,1,1,1,200,6519.8721363213,19138.597260274,861.950684931508,1116,916,356,385,175,0,31,18884.9991215437,916,0,144,56,0.388646288209607,0.6875,0.00164151450579819,0.0478613969217767,1.06270580906005,4.04555773735046
2.5,15000,1e-05,"seasonal",2,0.4,1542,115.195730552825,NA,1,1,1,1,200,6520.03593035998,19063.9753424658,936.572602739725,1050,850,332,340,178,0,26,18822.7497187468,850,0,152,48,0.390588235294118,0.656370656370656,0.00138130721539079,0.0445867131451115,0.907564450971044,3.97640872001648
2.5,15000,1e-05,"seasonal",3,0.4,1543,115.195730552825,NA,1,1,1,1,200,6519.25031614706,18945.1205479452,1055.42739726028,1216,1016,404,424,188,0,24,18679.7294096829,1016,0,164,36,0.397637795275591,0.69281045751634,0.00128481518514713,0.0536285845966916,0.962643193304795,3.94722032546997
2.5,15000,1e-05,"seasonal",4,0.4,1544,115.195730552825,NA,1,1,1,1,200,6518.5588107501,18828.7808219178,1171.76712328767,1231,1031,383,457,191,0,29,18552.3705933017,1031,0,162,38,0.371483996120272,0.705246913580247,0.00156314255658899,0.05475659894027,0.879867662703562,3.90556311607361
2.5,15000,1e-05,"seasonal",5,0.4,1545,115.195730552825,NA,1,1,1,1,200,6519.72220700236,18827.6520547945,1172.89589041096,1235,1035,393,447,195,0,32,18551.6627007332,1035,0,163,37,0.379710144927536,0.696261682242991,0.00172491277553981,0.0549723352114123,0.882431261343544,3.94768738746643
2.5,15000,1e-05,"constant",1,0,1546,115.195730552825,NA,1,1,1,1,200,5973.01246917977,19929.3452054795,71.2027397260281,328,128,51,51,26,0,0,19808.9541940662,128,0,26,174,0.3984375,0.662337662337662,0,0.00642268969101941,1.79768363538418,4.01901721954346
2.5,15000,1e-05,"constant",2,0,1547,115.195730552825,NA,1,1,1,1,200,5973.9223746644,19924.3232876712,76.2246575342469,314,114,45,37,32,0,0,19807.4802214634,114,0,32,168,0.394736842105263,0.536231884057971,0,0.00572164978223079,1.49557903817122,4.11326551437378
2.5,15000,1e-05,"constant",3,0,1548,115.195730552825,NA,1,1,1,1,200,5973.08038819791,19952.397260274,48.1506849315047,281,81,34,16,31,0,0,19841.7980296826,81,0,31,169,0.419753086419753,0.340425531914894,0,0.00405966255299428,1.68221906116651,4.11677074432373
2.5,15000,1e-05,"constant",4,0,1549,115.195730552825,NA,1,1,1,1,200,5973.18627527259,19942.1315068493,58.416438356162,290,90,22,40,28,0,1,19825.6670883242,90,0,27,173,0.244444444444444,0.588235294117647,5.04396646803842e-05,0.004513058193859,1.54066222680806,3.91400551795959
2.5,15000,1e-05,"constant",5,0,1550,115.195730552825,NA,1,1,1,1,200,5973.84328255986,19935.5424657534,65.0054794520547,305,105,36,34,35,0,0,19818.6774817374,105,0,35,165,0.342857142857143,0.492753623188406,0,0.00526697481046106,1.61524845113162,3.89754748344421
2.5,15000,2e-05,"seasonal",1,0.4,1551,115.195730552825,NA,0.999964111555531,1,1,1,200,6518.50201468413,19528.5315068493,472.016438356164,1208,1008,449,371,188,0,35,19271.3219314524,1008,0,153,47,0.445436507936508,0.663685152057245,0.00181617016852783,0.0516167843775893,2.13551884656908,4.0664165019989
2.5,15000,2e-05,"seasonal",2,0.4,1552,115.195730552825,NA,1,1,1,1,200,6518.36336529505,19485.7726027397,514.775342465753,1166,966,402,366,198,0,39,19228.6557002652,966,0,159,41,0.416149068322981,0.648936170212766,0.00202822290897132,0.049574631691236,1.87654675799524,3.54282116889954
2.5,15000,2e-05,"seasonal",3,0.4,1553,115.195730552825,NA,1,1,1,1,200,6519.71913456797,19580.4767123288,420.071232876711,1107,907,388,341,178,0,26,19338.3990338153,907,0,152,48,0.427783902976847,0.657032755298651,0.00134447530814397,0.046321650556593,2.15915761188579,3.73937201499939
2.5,15000,2e-05,"seasonal",4,0.4,1554,115.195730552825,NA,1,1,1,1,200,6518.72887348638,19451.0219178082,549.52602739726,1316,1116,474,454,188,0,35,19170.2643972058,1116,0,153,47,0.424731182795699,0.707165109034268,0.00182574425030369,0.0573748775111016,2.03084102364678,3.72322034835815
2.5,15000,2e-05,"seasonal",5,0.4,1555,115.195730552825,NA,1,1,1,1,200,6519.22609637828,19529.1068493151,471.441095890412,1188,988,430,381,177,0,25,19277.8231258587,988,0,152,48,0.435222672064777,0.682795698924731,0.00129682692059073,0.0505911513323842,2.09570189916083,3.77388405799866
2.5,15000,2e-05,"constant",1,0,1556,115.195730552825,NA,1,1,1,1,200,5973.10996794696,19980.1561643836,20.3917808219157,269,69,27,17,25,0,0,19871.5240570799,69,0,25,175,0.391304347826087,0.404761904761905,0,0.00345342646135062,3.38371624345056,3.80072999000549
2.5,15000,2e-05,"constant",2,0,1557,115.195730552825,NA,1,1,1,1,200,5972.58262615747,19976.4,24.1479452054773,291,91,44,20,27,0,1,19866.5164033927,91,0,26,174,0.483516483516484,0.425531914893617,5.03359511901758e-05,0.00455537534290463,3.76843657817143,10.1351873874664
2.5,15000,2e-05,"constant",3,0,1558,115.195730552825,NA,1,1,1,1,200,5972.96559613172,19977.9917808219,22.5561643835608,274,74,29,22,23,0,1,19868.3027047625,74,0,22,178,0.391891891891892,0.488888888888889,5.03314256310528e-05,0.00370407600582943,3.28069962346666,6.66854691505432
2.5,15000,2e-05,"constant",4,0,1559,115.195730552825,NA,1,1,1,1,200,5973.20940523807,19972.0219178082,28.5260273972599,302,102,37,28,37,0,1,19856.3876362694,102,0,36,164,0.362745098039216,0.430769230769231,5.03616276191856e-05,0.00510714440529683,3.57568190549371,7.82219791412354
2.5,15000,2e-05,"constant",5,0,1560,115.195730552825,NA,1,1,1,1,200,5972.84940386828,19970.9917808219,29.5561643835608,287,87,30,24,33,0,2,19857.7827223082,87,0,31,169,0.344827586206897,0.421052631578947,0.00010071617904013,0.00435631845202329,2.94354838709686,5.98338317871094
2.5,15000,3e-05,"seasonal",1,0.4,1561,115.195730552825,NA,1,1,1,1,200,6520.04094597556,19738.7616438356,261.786301369862,978,778,356,255,167,0,19,19523.0964452422,778,0,148,52,0.457583547557841,0.604265402843602,0.000973206276642163,0.0394148333131612,2.97188965170798,6.90255880355835
2.5,15000,3e-05,"seasonal",2,0.4,1562,115.195730552825,NA,1,1,1,1,200,6518.81936003507,19675.1287671233,325.419178082189,1129,929,416,329,184,0,26,19433.2757461441,929,0,158,42,0.447793326157158,0.641325536062378,0.00133791134030293,0.0472169717919376,2.85477950462209,6.4617714881897
2.5,15000,3e-05,"seasonal",3,0.4,1563,115.195730552825,NA,1,1,1,1,200,6518.97547394663,19656.8082191781,343.739726027397,1212,1012,459,356,197,0,35,19399.1602876168,1012,0,162,38,0.453557312252964,0.64376130198915,0.00180420180466996,0.0514834345798138,2.94408799266728,7.37357044219971
2.5,15000,3e-05,"seasonal",4,0.4,1564,115.195730552825,NA,1,1,1,1,200,6517.50731494165,19722.5178082192,278.030136986301,995,795,341,270,184,0,29,19496.302100151,795,0,155,45,0.428930817610063,0.594713656387665,0.00148746156327642,0.0403092550216226,2.85940225263843,7.14711260795593
2.5,15000,3e-05,"seasonal",5,0.4,1565,115.195730552825,NA,1,1,1,1,200,6518.57556900992,19650.9945205479,349.553424657533,1166,966,453,333,180,0,24,19408.7321494089,966,0,156,44,0.468944099378882,0.649122807017544,0.00123655681449192,0.0491578173811971,2.76352606456771,6.24374008178711
2.5,15000,3e-05,"constant",1,0,1566,115.195730552825,NA,1,1,1,1,200,5973.19549339762,19987.9780821918,12.5698630136976,258,58,24,8,26,0,0,19882.2089885867,58,0,26,174,0.413793103448276,0.235294117647059,0,0.00290174422652959,4.6142109851791,4.6785933971405
2.5,15000,3e-05,"constant",2,0,1567,115.195730552825,NA,1,1,1,1,200,5972.61436880171,19971.0849315068,29.4630136986307,331,131,61,35,35,0,0,19853.2089885867,131,0,35,165,0.465648854961832,0.5,0,0.00655948339558315,4.44625255718794,6.38858699798584
2.5,15000,3e-05,"constant",3,0,1568,115.195730552825,NA,1,1,1,1,200,5973.13824530163,19981.2794520548,19.2684931506847,285,85,29,21,35,0,0,19868.3514543401,85,0,35,165,0.341176470588235,0.375,0,0.00425398184355301,4.4113465093133,5.03630638122559
2.5,15000,3e-05,"constant",4,0,1569,115.195730552825,NA,1,1,1,1,200,5972.77395046847,19988.5506849315,11.9972602739726,272,72,32,14,26,0,0,19880.4665228333,72,0,26,174,0.444444444444444,0.35,0,0.00360206205716944,6.00137017583921,5.80878686904907
2.5,15000,3e-05,"constant",5,0,1570,115.195730552825,NA,1,1,1,1,200,5972.24620897485,19985.2630136986,15.2849315068488,279,79,33,13,33,0,0,19875.8583036552,79,0,33,167,0.417721518987342,0.282608695652174,0,0.00395291270101627,5.16848897651926,5.12013339996338
2.5,15000,5e-05,"seasonal",1,0.4,1571,115.195730552825,NA,1,1,1,1,200,6518.48673689113,19817.1287671233,183.419178082189,968,768,391,194,183,0,29,19610.9705933017,768,0,154,46,0.509114583333333,0.514588859416446,0.0014787641367381,0.038754352813921,4.18713031009147,6.07642507553101
2.5,15000,5e-05,"seasonal",2,0.4,1572,115.195730552825,NA,1,1,1,1,200,6517.62692646978,19766.3780821918,234.169863013696,1139,939,477,260,202,0,35,19533.3876848771,939,0,167,33,0.507987220447284,0.562770562770563,0.00179180388802181,0.0475049094019899,4.00990967802325,7.0923388004303
2.5,15000,5e-05,"seasonal",3,0.4,1573,115.195730552825,NA,1,1,1,1,200,6518.03558955674,19836.3698630137,164.178082191782,909,709,361,169,179,0,28,19635.4440004135,709,0,151,49,0.50916784203103,0.485632183908046,0.00142599270988781,0.0357424269105801,4.31848143512721,6.53207898139954
2.5,15000,5e-05,"seasonal",4,0.4,1574,115.195730552825,NA,1,1,1,1,200,6518.17231247603,19816.4219178082,184.126027397258,932,732,366,195,171,0,15,19614.8065120458,732,0,156,44,0.5,0.532786885245902,0.000764728420379178,0.0369390600904688,3.97553789840197,5.15046453475952
2.5,15000,5e-05,"seasonal",5,0.4,1575,115.195730552825,NA,1,1,1,1,200,6518.9399638376,19801.7835616438,198.764383561644,1020,820,411,214,195,0,38,19584.1756827196,820,0,157,43,0.501219512195122,0.523227383863081,0.00194034207084498,0.041410411211056,4.12548760148314,5.17243003845215
2.5,15000,5e-05,"constant",1,0,1576,115.195730552825,NA,1,1,1,1,200,5971.60087502055,19988.1260273973,12.4219178082167,297,97,45,16,36,0,0,19876.0062488607,97,0,36,164,0.463917525773196,0.307692307692308,0,0.00485288114889031,7.80877812086615,6.23784446716309
2.5,15000,5e-05,"constant",2,0,1577,115.195730552825,NA,1,1,1,1,200,5971.77739521122,19995.8767123288,4.67123287670984,244,44,16,3,25,0,0,19891.932276258,44,0,25,175,0.363636363636364,0.107142857142857,0,0.00220045365517137,9.4193548387147,6.06611347198486
2.5,15000,5e-05,"constant",3,0,1578,115.195730552825,NA,1,1,1,1,200,5972.0374883568,19993.1753424658,7.37260273972424,255,55,23,7,25,0,0,19888.0637831073,55,0,25,175,0.418181818181818,0.21875,0,0.00275093871072992,7.46005202527122,4.70246362686157
2.5,15000,5e-05,"constant",4,0,1579,115.195730552825,NA,1,1,1,1,200,5972.06121637171,19993.2493150685,7.29863013698559,263,63,24,8,31,0,1,19885.9054444886,63,0,30,170,0.380952380952381,0.205128205128205,5.02868729206974e-05,0.00315106359187539,8.63175675675759,5.80453515052795
2.5,15000,5e-05,"constant",5,0,1580,115.195730552825,NA,1,1,1,1,200,5972.0876472522,19989.9534246575,10.5945205479438,280,80,31,16,33,0,0,19879.3624132443,80,0,33,167,0.3875,0.326530612244898,0,0.00400201032491253,7.55107318334724,6.83398008346558
2.5,15000,8e-05,"seasonal",1,0.4,1581,115.195730552825,NA,1,1,1,1,200,6518.29721933045,19866.4438356164,134.10410958904,915,715,395,142,178,0,23,19674.6685702194,715,0,155,45,0.552447552447552,0.44375,0.00116901588039018,0.0359903365653269,5.3316785159762,7.29395580291748
2.5,15000,8e-05,"seasonal",2,0.4,1582,115.195730552825,NA,1,1,1,1,200,6518.45085310394,19876.6794520548,123.868493150683,831,631,304,127,200,0,39,19681.0420016351,631,0,161,39,0.481774960380349,0.388379204892966,0.00198160239670033,0.0317457451342442,5.09411218260646,6.02380204200745
2.5,15000,8e-05,"seasonal",3,0.4,1583,115.195730552825,NA,1,1,1,1,200,6517.86801819078,19892.3835616438,108.164383561641,729,529,248,103,178,0,22,19714.1337581532,529,0,156,44,0.468809073724008,0.366548042704626,0.00111595063064343,0.0265930926960412,4.89070415400213,6.68961381912231
2.5,15000,8e-05,"seasonal",4,0.4,1584,115.195730552825,NA,1,1,1,1,200,6516.39914634815,19870.8273972603,129.720547945206,857,657,334,135,188,0,27,19678.2406951966,657,0,161,39,0.508371385083714,0.417956656346749,0.00137207387683751,0.0330635452095259,5.06473346287064,6.53627014160156
2.5,15000,8e-05,"seasonal",5,0.4,1585,115.195730552825,NA,1,1,1,1,200,6518.38179414827,19896.4273972603,104.120547945204,788,588,308,105,175,0,24,19716.4828343404,588,0,151,49,0.523809523809524,0.375,0.00121725564349636,0.029553044285778,5.64730028418071,6.6622097492218
2.5,15000,8e-05,"constant",1,0,1586,115.195730552825,NA,1,1,1,1,200,5971.95805572297,19995.2136986301,5.33424657534124,272,72,39,4,29,0,0,19889.7952899566,72,0,29,171,0.541666666666667,0.121212121212121,0,0.00360086174047406,13.4976887519291,6.21998476982117
2.5,15000,8e-05,"constant",2,0,1587,115.195730552825,NA,1,1,1,1,200,5970.10386800723,19995.5616438356,4.98630136986321,254,54,16,4,34,0,0,19888.4857009155,54,0,34,166,0.296296296296296,0.105263157894737,0,0.00270059931107999,10.8296703296699,6.79135799407959
2.5,15000,8e-05,"constant",3,0,1588,115.195730552825,NA,1,1,1,1,200,5971.4989715632,19995.4630136986,5.08493150684808,264,64,28,4,32,0,0,19889.0993995456,64,0,32,168,0.4375,0.111111111111111,0,0.00320072608251954,12.5862068965548,5.96628403663635
2.5,15000,8e-05,"constant",4,0,1589,115.195730552825,NA,1,1,1,1,200,5970.6685310394,19995.701369863,4.84657534246435,255,55,25,2,28,0,2,19890.6923113493,55,0,26,174,0.454545454545455,0.0666666666666667,0.000100549541901004,0.00275059118870892,11.3482193329598,6.45457553863525
2.5,15000,8e-05,"constant",5,0,1590,115.195730552825,NA,1,1,1,1,200,5970.67948468577,19994.0246575342,6.52328767123254,277,77,37,6,34,0,0,19886.2528242032,77,0,34,166,0.480519480519481,0.15,0,0.00385115059718527,11.8038639227222,6.52720928192139
2.5,15000,1e-04,"seasonal",1,0.4,1591,115.195730552825,NA,1,1,1,1,200,6516.85953317626,19911.1780821918,89.3698630136969,757,557,300,83,174,0,23,19738.4411729591,557,0,151,49,0.538599640933573,0.32295719844358,0.00116523892633979,0.0279742362657171,6.23252605763348,5.45657515525818
2.5,15000,1e-04,"seasonal",2,0.4,1592,115.195730552825,NA,1,1,1,1,200,6515.97585282998,19891.5315068493,109.016438356164,818,618,325,114,179,0,18,19709.1999893403,618,0,161,39,0.52588996763754,0.389078498293515,0.000913279078285026,0.0310684976562615,5.66886984493982,5.11689162254333
2.5,15000,1e-04,"seasonal",3,0.4,1593,115.195730552825,NA,1,1,1,1,200,6516.97928305298,19909.7506849315,90.7972602739719,730,530,263,80,187,0,34,19732.2145166465,530,0,153,47,0.49622641509434,0.299625468164794,0.00172307066555135,0.0266201223906397,5.83718053166777,5.23710441589355
2.5,15000,1e-04,"seasonal",4,0.4,1594,115.195730552825,NA,1,1,1,1,200,6516.42495616679,19893.5452054795,107.002739726027,807,607,318,100,189,0,25,19713.9738107902,607,0,164,36,0.523887973640857,0.346020761245675,0.00126813600545196,0.0305124096147935,5.6727519459238,5.14645719528198
2.5,15000,1e-04,"seasonal",5,0.4,1595,115.195730552825,NA,1,1,1,1,200,6516.64828913484,19894.0301369863,106.517808219178,787,587,302,114,171,0,13,19715.5862029818,587,0,158,42,0.514480408858603,0.4,0.000659376792866237,0.0295063391358129,5.51081560739732,6.09148001670837
2.5,15000,1e-04,"constant",1,0,1596,115.195730552825,NA,1,1,1,1,200,5971.07257191387,19995.8219178082,4.72602739726062,265,65,28,3,34,0,0,19889.3843310525,65,0,34,166,0.430769230769231,0.0810810810810811,0,0.00325067908021881,13.7536231884048,6.6408269405365
2.5,15000,1e-04,"constant",2,0,1597,115.195730552825,NA,1,1,1,1,200,5969.84856254452,19997.2876712329,3.26027397260259,249,49,24,2,23,0,0,19894.2637831073,49,0,23,177,0.489795918367347,0.08,0,0.00245033230534004,15.0294117647066,6.41057872772217
2.5,15000,1e-04,"constant",3,0,1598,115.195730552825,NA,1,1,1,1,200,5970.09610322722,19996.9342465753,3.61369863013533,249,49,20,2,27,0,0,19892.8939200936,49,0,27,173,0.408163265306122,0.0689655172413793,0,0.00245037561237127,13.5595147839334,6.17894077301025
2.5,15000,1e-04,"constant",4,0,1599,115.195730552825,NA,1,1,1,1,200,5970.910678319,19996.2821917808,4.26575342465731,268,68,36,6,26,0,0,19890.439125573,68,0,26,174,0.529411764705882,0.1875,0,0.00340063214490694,15.940912010277,5.70108604431152
2.5,15000,1e-04,"constant",5,0,1600,115.195730552825,NA,1,1,1,1,200,5970.37199632897,19998.2219178082,2.32602739725917,234,34,13,1,20,0,0,19896.9815913264,34,0,20,180,0.382352941176471,0.0476190476190476,0,0.0017001511504242,14.6171967020093,6.36496710777283
2.5,15000,2e-04,"seasonal",1,0.4,1601,115.195730552825,NA,1,1,1,1,200,6512.79107528355,19943.6767123288,56.8712328767106,587,387,194,25,168,0,19,19790.8115137353,387,0,149,51,0.501291989664083,0.129533678756477,0.000960041481210283,0.0194046466748413,6.80484632430891,6.30786347389221
2.5,15000,2e-04,"seasonal",2,0.4,1602,115.195730552825,NA,1,1,1,1,200,6512.03424634267,19928.802739726,71.7452054794521,696,496,250,55,191,0,31,19756.9909023656,496,0,160,40,0.504032258064516,0.223577235772358,0.00156906485168691,0.0248886000066263,6.9133539542521,7.17796277999878
2.5,15000,2e-04,"seasonal",3,0.4,1603,115.195730552825,NA,1,1,1,1,200,6512.1733959783,19943.6328767123,56.9150684931483,640,440,238,33,169,0,26,19786.3223214866,440,0,143,57,0.540909090909091,0.163366336633663,0.00131403904058339,0.0220621790784054,7.730817367864,7.71109557151794
2.5,15000,2e-04,"seasonal",4,0.4,1604,115.195730552825,NA,1,1,1,1,200,6512.39436359652,19935.0520547945,65.495890410959,652,452,238,41,173,0,16,19775.5878994545,452,0,157,43,0.526548672566372,0.191588785046729,0.0008090783485856,0.0226736302848675,6.90119635238015,6.77656483650208
2.5,15000,2e-04,"seasonal",5,0.4,1605,115.195730552825,NA,1,1,1,1,200,6513.19578872391,19927.4547945205,73.0931506849302,725,525,284,67,174,0,14,19759.4525218974,525,0,160,40,0.540952380952381,0.278008298755187,0.000708521654862918,0.0263455622112042,7.18261554031274,6.39088559150696
2.5,15000,2e-04,"constant",1,0,1606,115.195730552825,NA,1,1,1,1,200,5967.77559065257,19998.2684931507,2.27945205479409,235,35,13,0,22,0,0,19896.7076187237,35,0,22,178,0.371428571428571,0,0,0.00175015151996721,15.3545673076952,6.44706583023071
2.5,15000,2e-04,"constant",2,0,1607,115.195730552825,NA,1,1,1,1,200,5967.34778121747,19998.5643835616,1.98356164383586,241,41,16,0,25,0,0,19895.6446050251,41,0,25,175,0.390243902439024,0,0,0.00205014716124829,20.6698895027599,5.85468649864197
2.5,15000,2e-04,"constant",3,0,1608,115.195730552825,NA,1,1,1,1,200,5967.38374472632,19997.602739726,2.94520547945285,262,62,31,4,27,0,0,19892.9624132443,62,0,27,173,0.5,0.129032258064516,0,0.00310037161988595,21.051162790692,6.42454648017883
2.5,15000,2e-04,"constant",4,0,1609,115.195730552825,NA,1,1,1,1,200,5967.48761465125,19997.8575342466,2.69041095890498,260,60,25,1,34,0,1,19891.5821568173,60,0,33,167,0.416666666666667,0.0285714285714286,5.02725219198954e-05,0.0030003214042929,22.3014256619073,6.73297667503357
2.5,15000,2e-04,"constant",5,0,1610,115.195730552825,NA,1,1,1,1,200,5967.95611281574,19997.3726027397,3.17534246575451,269,69,33,1,35,0,0,19891.3213173538,69,0,35,165,0.478260869565217,0.0277777777777778,0,0.00345045328557546,21.7299396030987,6.26798152923584
2.5,30000,1e-05,"seasonal",1,0.4,1611,115.195730552825,NA,1,1,1,1,200,13017.1807454386,19616.9506849315,383.597260273971,1008,808,344,297,167,0,17,19383.4268211097,808,0,150,50,0.425742574257426,0.640086206896552,0.00087703790237369,0.0411888683912864,2.10637583652947,6.3911337852478
2.5,30000,1e-05,"seasonal",2,0.4,1612,115.195730552825,NA,1,1,1,1,200,13019.4142063449,19645.0438356164,355.504109589041,984,784,348,279,157,0,14,19421.3648506645,784,0,143,57,0.443877551020408,0.639908256880734,0.000720855619965401,0.0399082845811018,2.20531909154664,7.44686412811279
2.5,30000,1e-05,"seasonal",3,0.4,1613,115.195730552825,NA,1,1,1,1,200,13019.0615944332,19585.0794520548,415.468493150685,1074,874,380,335,159,0,13,19345.7314084613,874,0,146,54,0.434782608695652,0.678137651821862,0.000671982864101698,0.0446258082403798,2.10364928847447,6.46943807601929
2.5,30000,1e-05,"seasonal",4,0.4,1614,115.195730552825,NA,1,1,1,1,200,13019.2258394061,19634.0931506849,366.454794520549,987,787,325,303,159,0,15,19404.228429854,787,0,144,56,0.412960609911055,0.655844155844156,0.000773027387006125,0.0400833384032583,2.1476045934388,8.03050446510315
2.5,30000,1e-05,"seasonal",5,0.4,1615,115.195730552825,NA,1,1,1,1,200,13017.6709289902,19695.6191780822,304.928767123289,898,698,321,229,148,0,11,19489.5384966576,698,0,137,63,0.459885386819484,0.607427055702918,0.000564405360439215,0.0354393529692508,2.28905920089128,6.77146816253662
2.5,30000,1e-05,"constant",1,0,1616,115.195730552825,NA,1,1,1,1,200,11934.9568615418,19997.504109589,3.04383561643772,209,9,0,0,9,0,0,19899.5569337922,9,0,9,191,0,0,0,0.000450056164543274,2.95679567956858,5.51844167709351
2.5,30000,1e-05,"constant",2,0,1617,115.195730552825,NA,1,1,1,1,200,11933.5921209797,19989.7342465753,10.8136986301361,234,34,15,3,16,0,0,19888.5569337922,34,0,16,184,0.441176470588235,0.157894736842105,0,0.00170087303716031,3.14416012161162,5.69453144073486
2.5,30000,1e-05,"constant",3,0,1618,115.195730552825,NA,1,1,1,1,200,11933.9008755685,19991.1205479452,9.42739726027503,233,33,14,6,13,0,0,19889.732276258,33,0,13,187,0.424242424242424,0.315789473684211,0,0.00165073288017324,3.50043591979037,6.29388070106506
2.5,30000,1e-05,"constant",4,0,1619,115.195730552825,NA,1,1,1,1,200,11934.2723201468,19991.2301369863,9.3178082191771,229,29,11,4,14,0,0,19890.1267968059,29,0,14,186,0.379310344827586,0.222222222222222,0,0.00145063609399135,3.11231990591036,6.14149141311646
2.5,30000,1e-05,"constant",5,0,1620,115.195730552825,NA,1,1,1,1,200,11933.2799082242,19996.3479452055,4.20000000000073,215,15,6,1,8,0,0,19898.2144680388,15,0,8,192,0.4,0.111111111111111,0,0.000750136977067182,3.57142857142795,6.25274872779846
2.5,30000,2e-05,"seasonal",1,0.4,1621,115.195730552825,NA,1,1,1,1,200,13018.8616853871,19824.6575342466,175.890410958902,826,626,293,172,161,0,17,19629.3939443974,626,0,144,56,0.468051118210863,0.516516516516517,0.000866048134147927,0.0315768380320619,3.55903426791281,6.15160369873047
2.5,30000,2e-05,"seasonal",2,0.4,1622,115.195730552825,NA,1,1,1,1,200,13017.5702805326,19795.2794520548,205.268493150685,950,750,361,223,166,0,12,19582.7472813266,750,0,154,46,0.481333333333333,0.573264781491003,0.000612784295666358,0.0378878207714389,3.65375118454948,5.92315459251404
2.5,30000,2e-05,"seasonal",3,0.4,1623,115.195730552825,NA,1,1,1,1,200,13018.2155281902,19859.3150684931,141.232876712329,744,544,268,133,143,0,12,19680.8787881759,544,0,131,69,0.492647058823529,0.481884057971014,0.000609728870806801,0.027392686914115,3.85179437439379,5.27117705345154
2.5,30000,2e-05,"seasonal",4,0.4,1624,115.195730552825,NA,1,1,1,1,200,13015.8091868939,19857.5671232877,142.980821917808,743,543,260,134,149,0,15,19676.3626764294,543,0,134,66,0.478821362799263,0.473498233215548,0.000762336019449812,0.0273447394954644,3.79771211772821,5.21551895141602
2.5,30000,2e-05,"seasonal",5,0.4,1625,115.195730552825,NA,1,1,1,1,200,13016.1407062627,19831.1616438356,169.386301369861,798,598,277,171,150,0,8,19641.8984440206,598,0,142,58,0.463210702341137,0.532710280373832,0.000407292605793681,0.03015456233679,3.53039174457352,5.01870226860046
2.5,30000,2e-05,"constant",1,0,1626,115.195730552825,NA,1,1,1,1,200,11933.3384524136,19996.4520547945,4.09589041095751,232,32,15,2,15,0,0,19895.6884406415,32,0,15,185,0.46875,0.117647058823529,0,0.00160028388597703,7.812709030103,6.13999438285828
2.5,30000,2e-05,"constant",2,0,1627,115.195730552825,NA,1,1,1,1,200,11932.7449638376,19994.0931506849,6.4547945205486,245,45,20,5,20,0,0,19890.7925502306,45,0,20,180,0.444444444444444,0.2,0,0.00225066471686706,6.97156196943902,5.69057607650757
2.5,30000,2e-05,"constant",3,0,1628,115.195730552825,NA,1,1,1,1,200,11933.9401399923,19997.0328767123,3.51506849315047,221,21,10,0,11,0,0,19898.3761118744,21,0,11,189,0.476190476190476,0,0,0.00105015579708606,5.97427903351557,5.92798376083374
2.5,30000,2e-05,"constant",4,0,1629,115.195730552825,NA,1,1,1,1,200,11932.1119900279,19996.9397260274,3.60821917808062,221,21,5,0,16,0,0,19896.7295365319,21,0,16,184,0.238095238095238,0,0,0.00105016068897118,5.8200455580891,5.51886081695557
2.5,30000,2e-05,"constant",5,0,1630,115.195730552825,NA,1,1,1,1,200,11933.5322105638,19995.0821917808,5.46575342465803,234,34,14,3,17,0,0,19892.7267968059,34,0,17,183,0.411764705882353,0.15,0,0.00170041811650947,6.22055137844555,5.85473585128784
2.5,30000,3e-05,"seasonal",1,0.4,1631,115.195730552825,NA,1,1,1,1,200,13018.3221368692,19887.0849315068,113.463013698631,702,502,247,104,151,0,12,19715.8294731074,502,0,139,61,0.49203187250996,0.407843137254902,0.000608647991014942,0.0252425130042407,4.42434925387548,4.34674334526062
2.5,30000,3e-05,"seasonal",2,0.4,1632,115.195730552825,NA,1,1,1,1,200,13016.9438532135,19873.9315068493,126.616438356163,715,515,244,119,152,0,7,19697.9608922284,515,0,145,55,0.47378640776699,0.439114391143911,0.000355366732541427,0.0259133428039898,4.06740235854165,5.14657545089722
2.5,30000,3e-05,"seasonal",3,0.4,1633,115.195730552825,NA,1,1,1,1,200,13015.130619966,19877.6739726027,122.873972602738,766,566,293,125,148,0,7,19700.0321251051,566,0,141,59,0.517667844522968,0.457875457875458,0.000355329369797293,0.0284741565225445,4.60634573792065,4.79504108428955
2.5,30000,3e-05,"seasonal",4,0.4,1634,115.195730552825,NA,1,1,1,1,200,13016.8995833105,19917.2109589041,83.3369863013686,594,394,192,69,133,0,6,19762.7356692032,394,0,127,73,0.487309644670051,0.341584158415842,0.00030360169262143,0.0197818861693514,4.7277927542903,5.20372533798218
2.5,30000,3e-05,"seasonal",5,0.4,1635,115.195730552825,NA,1,1,1,1,200,13017.2620946797,19879.1068493151,121.441095890412,771,571,302,115,154,0,9,19701.446954717,571,0,145,55,0.528896672504378,0.427509293680297,0.000456819238743538,0.0287236244730821,4.70186797816177,4.7350754737854
2.5,30000,3e-05,"constant",1,0,1636,115.195730552825,NA,1,1,1,1,200,11932.2955758589,19997.8739726027,2.67397260274083,226,26,12,1,13,0,0,19898.0993995456,26,0,13,187,0.461538461538462,0.0714285714285714,0,0.00130013820647236,9.72336065573368,4.44155883789062
2.5,30000,3e-05,"constant",2,0,1637,115.195730552825,NA,1,1,1,1,200,11933.4158878966,19999.1452054795,1.40273972602517,215,15,2,0,13,0,0,19899.9240570799,15,0,13,187,0.133333333333333,0,0,0.000750032056164592,10.6933593750169,4.27363300323486
2.5,30000,3e-05,"constant",3,0,1638,115.195730552825,NA,1,1,1,1,200,11933.8909826859,19997.2575342466,3.29041095890352,235,35,15,3,17,0,0,19895.5459748881,35,0,17,183,0.428571428571429,0.15,0,0.00175023999866283,10.6369691923416,6.05123615264893
2.5,30000,3e-05,"constant",4,0,1639,115.195730552825,NA,1,1,1,1,200,11931.5443033258,19997.3753424658,3.17260273972352,230,30,14,2,14,0,0,19896.7267968059,30,0,14,186,0.466666666666667,0.125,0,0.00150019687515156,9.45595854923028,5.20929789543152
2.5,30000,3e-05,"constant",5,0,1640,115.195730552825,NA,1,1,1,1,200,11932.4472190565,19997.6575342466,2.89041095890207,232,32,15,2,15,0,0,19896.740495436,32,0,15,185,0.46875,0.117647058823529,0,0.00160018741921143,11.0710900474012,5.31355834007263
2.5,30000,5e-05,"seasonal",1,0.4,1641,115.195730552825,NA,1,1,1,1,200,13015.9301638266,19918.1369863014,82.4109589041072,643,443,222,65,156,0,13,19756.498531749,443,0,143,57,0.501128668171558,0.294117647058824,0.000658011336326061,0.0222410359113742,5.37549867021292,4.84444427490234
2.5,30000,5e-05,"seasonal",2,0.4,1642,115.195730552825,NA,1,1,1,1,200,13016.1620870089,19934.402739726,66.1452054794499,610,410,213,56,141,0,10,19778.4310818517,410,0,131,69,0.519512195121951,0.284263959390863,0.000505601276391221,0.0205674584462436,6.19848403263906,5.38859057426453
2.5,30000,5e-05,"seasonal",3,0.4,1643,115.195730552825,NA,1,1,1,1,200,13015.7855922963,19909.0520547945,91.495890410959,715,515,275,83,157,0,11,19740.3521952878,515,0,146,54,0.533980582524272,0.345833333333333,0.000557234232255786,0.0258676303915724,5.62866810396454,4.49315428733826
2.5,30000,5e-05,"seasonal",4,0.4,1644,115.195730552825,NA,1,1,1,1,200,13016.2801805381,19926.5780821918,73.9698630136991,632,432,231,56,145,0,5,19771.2830489178,432,0,140,60,0.534722222222222,0.278606965174129,0.000252892034757131,0.0216795878458467,5.84021630430753,4.26084661483765
2.5,30000,5e-05,"seasonal",5,0.4,1645,115.195730552825,NA,1,1,1,1,200,13016.2890238891,19936.2821917808,64.2657534246573,597,397,209,50,138,0,5,19785.6857886439,397,0,133,67,0.526448362720403,0.265957446808511,0.000252707945198937,0.0199134420440573,6.17747367523556,4.44428157806396
2.5,30000,5e-05,"constant",1,0,1646,115.195730552825,NA,1,1,1,1,200,11931.9174995891,19998.1424657534,2.40547945205253,236,36,18,1,17,0,0,19896.93775571,36,0,17,183,0.5,0.0555555555555556,0,0.00180016719361058,14.9658314350938,4.16104173660278
2.5,30000,5e-05,"constant",2,0,1647,115.195730552825,NA,1,1,1,1,200,11931.5688296532,19998.7780821918,1.76986301369834,220,20,4,1,15,0,0,19898.4226872169,20,0,15,185,0.2,0.0625,0,0.00100006109962335,11.3003095975251,3.97533988952637
2.5,30000,5e-05,"constant",3,0,1648,115.195730552825,NA,1,1,1,1,200,11931.3763796504,19998.504109589,2.04383561643772,232,32,16,0,16,0,0,19897.9487146141,32,0,16,184,0.5,0,0,0.0016001196801843,15.6568364611309,3.80355834960938
2.5,30000,5e-05,"constant",4,0,1649,115.195730552825,NA,1,1,1,1,200,11930.9481129801,19998.5561643836,1.99178082191793,237,37,22,0,15,0,0,19898.4226872169,37,0,15,185,0.594594594594595,0,0,0.00185013356443678,18.5763411279219,3.94471716880798
2.5,30000,5e-05,"constant",5,0,1650,115.195730552825,NA,1,1,1,1,200,11931.232176867,19998.9150684932,1.63287671232683,223,23,9,1,13,0,0,19899.2802214634,23,0,13,187,0.391304347826087,0.0714285714285714,0,0.00115006238694592,14.0855704698153,4.08302235603333
2.5,30000,8e-05,"seasonal",1,0.4,1651,115.195730552825,NA,1,1,1,1,200,13012.6495194784,19941.095890411,59.4520547945212,616,416,231,32,153,0,14,19789.8908780618,416,0,139,61,0.555288461538462,0.172972972972973,0.000707431894711446,0.0208614412310229,6.99723502304139,4.13303470611572
2.5,30000,8e-05,"seasonal",2,0.4,1652,115.195730552825,NA,1,1,1,1,200,13013.8117853816,19939.2082191781,61.339726027396,579,379,195,25,159,0,9,19790.1154478676,379,0,150,50,0.514511873350924,0.135869565217391,0.000454772485977071,0.0190077758270997,6.1787038277727,4.11712574958801
2.5,30000,8e-05,"seasonal",3,0.4,1653,115.195730552825,NA,1,1,1,1,200,13013.0670297518,19940.7753424658,59.7726027397257,579,379,204,26,149,0,4,19795.682483427,379,0,145,55,0.538258575197889,0.148571428571429,0.000202064263424553,0.019006282027203,6.34069762112118,4.09922909736633
2.5,30000,8e-05,"seasonal",4,0.4,1654,115.195730552825,NA,1,1,1,1,200,13013.244748233,19944.2301369863,56.3178082191771,585,385,206,29,150,0,11,19796.1960309042,385,0,139,61,0.535064935064935,0.162011173184358,0.000555662309204642,0.0193038285938159,6.83620354154517,4.0972740650177
2.5,30000,8e-05,"seasonal",5,0.4,1655,115.195730552825,NA,1,1,1,1,200,13014.0376398554,19941.301369863,59.2465753424658,556,356,179,27,150,0,7,19793.8896593516,356,0,143,57,0.502808988764045,0.152542372881356,0.000353644489307984,0.0178523955581965,6.00878612716762,4.05306577682495
2.5,30000,8e-05,"constant",1,0,1656,115.195730552825,NA,1,1,1,1,200,11930.7318678429,19999.8630136986,0.684931506850262,223,23,14,0,9,0,0,19901.5185776278,23,0,9,191,0.608695652173913,0,0,0.00115000787676628,33.5799999999536,4.19915652275085
2.5,30000,8e-05,"constant",2,0,1657,115.195730552825,NA,1,1,1,1,200,11930.0671179661,19999.7452054795,0.80273972602663,219,19,9,0,10,0,0,19901.239125573,19,0,10,190,0.473684210526316,0,0,0.000950012102893914,23.6689419795448,3.8594126701355
2.5,30000,8e-05,"constant",3,0,1658,115.195730552825,NA,1,1,1,1,200,11931.055523259,19999.597260274,0.950684931507567,223,23,15,0,8,0,0,19901.8007694086,23,0,8,192,0.652173913043478,0,0,0.00115002315800058,24.1930835734688,3.88728189468384
2.5,30000,8e-05,"constant",4,0,1659,115.195730552825,NA,1,1,1,1,200,11930.125794477,19999.6712328767,0.876712328765279,221,21,9,0,12,0,0,19900.3843310525,21,0,12,188,0.428571428571429,0,0,0.00105001726055771,23.9531250000504,3.72179079055786
2.5,30000,8e-05,"constant",5,0,1660,115.195730552825,NA,1,1,1,1,200,11929.5022470002,19998.7452054795,1.80273972602663,225,25,8,0,17,0,0,19898.3952899566,25,0,17,183,0.32,0,0,0.00125007842957818,13.8677811550211,3.76611971855164
2.5,30000,1e-04,"seasonal",1,0.4,1661,115.195730552825,NA,1,1,1,1,200,13011.618882527,19953.5534246575,46.9945205479453,555,355,201,16,138,0,5,19811.8720900137,355,0,133,67,0.566197183098592,0.103896103896104,0.000252373928989794,0.0177913172879428,7.55407217396372,11.9963800907135
2.5,30000,1e-04,"seasonal",2,0.4,1662,115.195730552825,NA,1,1,1,1,200,13010.7395822147,19954.9561643836,45.5917808219165,533,333,179,13,141,0,13,19813.1505865435,333,0,128,72,0.537537537537538,0.0844155844155844,0.000656129874106404,0.0166875836387129,7.30394808004348,5.93584680557251
2.5,30000,1e-04,"seasonal",3,0.4,1663,115.195730552825,NA,1,1,1,1,200,13014.3334573448,19948.1342465753,52.4136986301346,551,351,192,15,144,0,8,19806.7888549795,351,0,136,64,0.547008547008547,0.0943396226415094,0.000403901917598762,0.0175956305317255,6.69672259683267,4.99309706687927
2.5,30000,1e-04,"seasonal",4,0.4,1664,115.195730552825,NA,1,1,1,1,200,13012.0273374062,19947.7506849315,52.7972602739719,597,397,226,21,150,0,8,19801.4052933357,397,0,142,58,0.569269521410579,0.12280701754386,0.000404011729545906,0.0199019932758581,7.51932956255523,4.84924697875977
2.5,30000,1e-04,"seasonal",5,0.4,1665,115.195730552825,NA,1,1,1,1,200,13013.3912497945,19956.0328767123,44.5150684931505,520,320,171,10,139,0,8,19816.139539911,320,0,131,69,0.534375,0.0671140939597315,0.000403711327521058,0.0160352511933082,7.18857705563765,5.51320767402649
2.5,30000,1e-04,"constant",1,0,1666,115.195730552825,NA,1,1,1,1,200,11928.2086973317,19999.4904109589,1.05753424657451,225,25,11,0,14,0,0,19899.740495436,25,0,14,186,0.44,0,0,0.00125003185012659,23.6398963730757,5.94732260704041
2.5,30000,1e-04,"constant",2,0,1667,115.195730552825,NA,1,1,1,1,200,11929.3517355213,19999.495890411,1.05205479451979,221,21,7,0,14,0,0,19899.8172077648,21,0,14,186,0.333333333333333,0,0,0.00105002646642052,19.9609375000144,6.29395651817322
2.5,30000,1e-04,"constant",3,0,1668,115.195730552825,NA,1,1,1,1,200,11928.1721724837,19999.6657534247,0.882191780819994,220,20,7,0,13,0,0,19900.2226872169,20,0,13,187,0.35,0,0,0.00100001671260807,22.6708074534656,5.41446495056152
2.5,30000,1e-04,"constant",4,0,1669,115.195730552825,NA,1,1,1,1,200,11929.4714262232,19999.6273972603,0.920547945202998,225,25,11,0,14,0,0,19899.6035091347,25,0,14,186,0.44,0,0,0.00125002328810509,27.1577380953113,7.43770670890808
2.5,30000,1e-04,"constant",5,0,1670,115.195730552825,NA,1,1,1,1,200,11929.0670664621,19999.5945205479,0.953424657534924,225,25,14,0,11,0,0,19900.7624132443,25,0,11,189,0.56,0,0,0.00125002534297956,26.2212643677975,8.31072163581848
2.5,30000,2e-04,"seasonal",1,0.4,1671,115.195730552825,NA,1,1,1,1,200,13005.8875661608,19961.3342465753,39.2136986301375,543,343,208,1,134,0,1,19827.9657184612,343,0,133,67,0.606413994169096,0.00740740740740741,5.0433817276017e-05,0.0171832201075861,8.74694333822387,7.87238955497742
2.5,30000,2e-04,"seasonal",2,0.4,1672,115.195730552825,NA,1,1,1,1,200,13006.9541014191,19961.9178082192,38.6301369862995,545,345,200,1,144,0,11,19822.4946610412,345,0,133,67,0.579710144927536,0.00689655172413793,0.00055492510847382,0.0172829085519002,8.93085106383023,6.36939549446106
2.5,30000,2e-04,"seasonal",3,0.4,1673,115.195730552825,NA,1,1,1,1,200,13004.5010218618,19960.0904109589,40.457534246576,549,349,204,3,142,0,4,19822.6112505502,349,0,138,62,0.584527220630373,0.0206896551724138,0.000201789761673754,0.0174848907401935,8.6263289767724,7.52822589874268
2.5,30000,2e-04,"seasonal",4,0.4,1674,115.195730552825,NA,1,1,1,1,200,13005.5487033587,19961.1123287671,39.4356164383571,560,360,221,1,138,0,2,19825.5114894315,360,0,136,64,0.613888888888889,0.00719424460431655,0.000100880121103869,0.018035067087979,9.12880366819486,5.49007439613342
2.5,30000,2e-04,"seasonal",5,0.4,1675,115.195730552825,NA,1,1,1,1,200,13006.0358602268,19960.3616438356,40.1863013698639,545,345,202,2,141,0,6,19823.3795048197,345,0,135,65,0.585507246376812,0.013986013986014,0.000302672911979575,0.0172842559747181,8.58501499863629,5.46854543685913
2.5,30000,2e-04,"constant",1,0,1676,115.195730552825,NA,1,1,1,1,200,11922.3595594762,20000.1534246575,0.394520547943102,213,13,5,0,8,0,0,19902.2500844771,13,0,8,192,0.384615384615385,0,0,0.000649995013736881,32.9513888890645,6.22598457336426
2.5,30000,2e-04,"constant",2,0,1677,115.195730552825,NA,1,1,1,1,200,11921.9832091392,19999.9671232877,0.580821917807043,214,14,4,0,10,0,0,19901.641865299,14,0,10,190,0.285714285714286,0,0,0.000700001150686823,24.1037735849545,5.7782256603241
2.5,30000,2e-04,"constant",3,0,1678,115.195730552825,NA,1,1,1,1,200,11922.8443400362,20000.1890410959,0.358904109587456,212,12,2,0,10,0,0,19901.7596735182,12,0,10,190,0.166666666666667,0,0,0.000599994328820728,33.4351145039644,7.06468987464905
2.5,30000,2e-04,"constant",4,0,1679,115.195730552825,NA,1,1,1,1,200,11923.1699263054,20000.0684931507,0.47945205479482,218,18,5,0,13,0,0,19900.5678926963,18,0,13,187,0.277777777777778,0,0,0.000899996917818775,37.5428571428337,6.16746735572815
2.5,30000,2e-04,"constant",5,0,1680,115.195730552825,NA,1,1,1,1,200,11922.3805577777,20000.1452054795,0.402739726025175,212,12,4,0,8,0,0,19902.4473447511,12,0,8,192,0.333333333333333,0,0,0.000599995643867243,29.7959183675114,5.72934889793396
3,1000,1e-05,"seasonal",1,0.4,1681,109.112479886919,416,0,0,0,0,0,1000,35.7890410958904,192.156164383562,201,1,0,1,0,0,4,2.33239759089997,201,0,196,4,0,1,1.71497347433659,5.61624435428309,0.00520410054607411,4.4789776802063
3,1000,1e-05,"seasonal",2,0.4,1682,109.112479886919,783,0,0,0,0,0,1000,41.0958904109589,387.945205479452,200,0,0,0,0,0,8,5.59082257906021,200,0,192,8,NA,NA,1.4309164504635,4.86666666666667,0,3.30476856231689
3,1000,1e-05,"seasonal",3,0.4,1683,109.112479886919,533,0,0,0,0,0,1000,36.213698630137,255.841095890411,200,0,0,0,0,0,4,2.62006882377668,200,0,196,4,NA,NA,1.52667745354652,5.52277197760629,0,5.0544638633728
3,1000,1e-05,"seasonal",4,0.4,1684,109.112479886919,1241,0,0,0,0,0,1000,38.0904109589041,641.909589041096,201,1,1,0,0,0,4,5.07212361829723,201,0,196,4,1,NA,0.788624312225034,5.27691865065094,0.00155785178640785,3.17502737045288
3,1000,1e-05,"seasonal",5,0.4,1685,109.112479886919,1098,0,0,0,0,0,1000,38.7808219178082,562.86301369863,203,3,3,0,0,0,6,4.97804844114447,203,0,194,6,1,NA,1.20529160592511,5.23454609678559,0.00532989364550123,4.72755002975464
3,1000,1e-05,"constant",1,0,1686,109.112479886919,925,0,0,0,0,0,1000,85.7260273972603,421.123287671233,205,5,2,3,0,0,50,32.7330520780304,205,0,150,50,0.4,1,1.52750803318945,2.39133908596996,0.0118730076117364,3.85558199882507
3,1000,1e-05,"constant",2,0,1687,109.112479886919,951,0,0,0,0,0,1000,78.8931506849315,442.202739726027,202,2,0,2,0,0,41,29.0536506491904,202,0,159,41,0,1,1.4111823844465,2.56042505903598,0.00452281232187554,2.73506760597229
3,1000,1e-05,"constant",3,0,1688,109.112479886919,1838,0,0,0,0,0,1000,82.7342465753425,924.38904109589,205,5,3,2,0,0,46,32.2033942131578,205,0,154,46,0.6,1,1.42842085823379,2.47781310020531,0.00540897801435676,3.95813012123108
3,1000,1e-05,"constant",4,0,1689,109.112479886919,1624,0,0,0,0,0,1000,103.841095890411,786.021917808219,203,3,1,2,0,0,54,50.27640857304,203,0,146,54,0.333333333333333,1,1.07406239889929,1.95491003113292,0.00381668746383732,3.48102259635925
3,1000,1e-05,"constant",5,0,1690,109.112479886919,1225,0,0,0,0,0,1000,87.0575342465753,584.175342465753,207,7,2,5,0,0,47,35.1111511451294,207,0,153,47,0.285714285714286,1,1.33860606864551,2.37773791540786,0.0119827036356133,4.38608121871948
3,1000,2e-05,"seasonal",1,0.4,1691,109.112479886919,439,0,0,0,0,0,1000,33.6,206.947945205479,201,1,1,0,0,0,2,0.85934948038149,201,0,198,2,1,NA,2.32734183898283,5.98214285714286,0.00483213302266469,4.51553893089294
3,1000,2e-05,"seasonal",2,0.4,1692,109.112479886919,482,0,0,0,0,0,1000,34.2794520547945,229.830136986301,202,2,1,1,0,0,1,0.872140493615403,202,0,199,1,0.5,1,1.14660425392538,5.89274296675192,0.00870207896242609,3.32525825500488
3,1000,2e-05,"seasonal",3,0.4,1693,109.112479886919,701,0,0,0,0,0,1000,35.0575342465753,349.052054794521,200,0,0,0,0,0,2,2.46482893243628,200,0,198,2,NA,NA,0.811415337462451,5.7049077836824,0,4.06088948249817
3,1000,2e-05,"seasonal",4,0.4,1694,109.112479886919,1593,0,0,0,0,0,1000,41.8876712328767,830.98904109589,205,5,0,4,1,0,6,6.45476076991159,205,0,195,5,0,0.8,0.92954645630998,4.89404146772189,0.00601692652096363,3.63084053993225
3,1000,2e-05,"seasonal",5,0.4,1695,109.112479886919,677,0,0,0,0,0,1000,37.586301369863,333.372602739726,200,0,0,0,0,0,5,3.20179835848797,200,0,195,5,NA,NA,1.56162238847584,5.32108754282382,0,4.05348229408264
3,1000,2e-05,"constant",1,0,1696,109.112479886919,1410,0,0,0,0,0,1000,93.1616438356164,679.441095890411,215,15,5,9,1,0,50,39.2645589273455,215,0,151,49,0.333333333333333,0.9,1.27341300567056,2.30781672744383,0.0220769689833707,5.16978311538696
3,1000,2e-05,"constant",2,0,1697,109.112479886919,1431,0,0,0,0,0,1000,85.0383561643836,699.071232876712,212,12,5,7,0,0,40,35.3787704295476,212,0,160,40,0.416666666666667,1,1.13062154264674,2.49299268662006,0.0171656326789752,3.74099135398865
3,1000,2e-05,"constant",3,0,1698,109.112479886919,2211,0,0,0,0,0,1000,89.2630136986301,1122.24383561644,211,11,4,7,0,0,45,36.6819386510493,211,0,155,45,0.363636363636364,1,1.2267617703655,2.36380098830607,0.00980179142080812,3.22846698760986
3,1000,2e-05,"constant",4,0,1699,109.112479886919,1546,0,0,0,0,0,1000,81.7780821917808,765.345205479452,205,5,2,3,0,0,46,29.7595585967195,205,0,154,46,0.4,1,1.54572185103145,2.50678414687259,0.00653299970288275,2.78462815284729
3,1000,2e-05,"constant",5,0,1700,109.112479886919,1281,0,0,0,0,0,1000,87.1397260273973,614.778082191781,207,7,3,4,0,0,47,35.8152607341705,207,0,153,47,0.428571428571429,1,1.31228976242405,2.37549518958687,0.0113862224480155,3.15052843093872
3,1000,3e-05,"seasonal",1,0.4,1701,109.112479886919,468,0,0,0,0,0,1000,34.2383561643836,222.2,201,1,0,0,1,0,3,1.1260105219421,201,0,198,2,0,0,2.66427350503414,5.87060894614708,0.0045004500450045,3.06056571006775
3,1000,3e-05,"seasonal",2,0.4,1702,109.112479886919,1240,0,0,0,0,0,1000,35.7643835616438,643.687671232877,202,2,2,0,0,0,4,3.75157567309175,202,0,196,4,1,NA,1.06621866345122,5.64807721771105,0.00310709694993743,2.88781690597534
3,1000,3e-05,"seasonal",3,0.4,1703,109.112479886919,596,0,0,0,0,0,1000,36.8876712328767,289.687671232877,200,0,0,0,0,0,5,3.95796274204962,200,0,195,5,NA,NA,1.26327616651863,5.42186571598336,0,2.71138381958008
3,1000,3e-05,"seasonal",4,0.4,1704,109.112479886919,507,0,0,0,0,0,1000,39.5780821917808,238.230136986301,200,0,0,0,0,0,8,4.85109655166295,200,0,192,8,NA,NA,1.64911168326625,5.05330195209747,0,2.72181153297424
3,1000,3e-05,"seasonal",5,0.4,1705,109.112479886919,450,0,0,0,0,0,1000,36.3808219178082,210.194520547945,205,5,4,1,0,0,5,1.79905863246057,205,0,195,5,0.8,1,2.77923126561,5.6348369606145,0.0237874897355352,3.24181389808655
3,1000,3e-05,"constant",1,0,1706,109.112479886919,1659,0,0,0,0,0,1000,85.3616438356164,823.679452054795,215,15,4,9,2,0,48,31.6161683510736,215,0,154,46,0.266666666666667,0.818181818181818,1.51821053920881,2.51869563821934,0.0182109678256271,2.58994317054749
3,1000,3e-05,"constant",2,0,1707,109.112479886919,1681,0,0,0,0,0,1000,83.3342465753425,837.761643835616,210,10,4,6,0,0,43,31.3075206775171,210,0,157,43,0.4,1,1.37347190289903,2.51997238386429,0.0119365693972523,3.27268648147583
3,1000,3e-05,"constant",3,0,1708,109.112479886919,1004,0,0,0,0,0,1000,84.9479452054795,465.18904109589,214,14,3,11,0,0,48,30.6463053373749,214,0,152,48,0.214285714285714,1,1.56625731785884,2.51918983422563,0.0300952919420003,3.91749143600464
3,1000,3e-05,"constant",4,0,1709,109.112479886919,1264,0,0,0,0,0,1000,85.8,606.802739726027,214,14,5,9,0,0,44,34.127606376612,214,0,156,44,0.357142857142857,1,1.28927881769504,2.49417249417249,0.0230717481702885,3.63945865631104
3,1000,3e-05,"constant",5,0,1710,109.112479886919,1032,0,0,0,0,0,1000,86.5643835616438,478.915068493151,217,17,5,11,1,0,48,32.6490450634023,217,0,153,47,0.294117647058824,0.916666666666667,1.47018082479249,2.50680465881757,0.0354968993844534,3.97204685211182
3,1000,5e-05,"seasonal",1,0.4,1711,109.112479886919,893,0,0,0,0,0,1000,40.6054794520548,448.709589041096,205,5,3,1,1,0,7,6.37621633202015,205,0,194,6,0.6,0.5,1.09782975286571,5.04857971796775,0.0111430647396797,3.24416732788086
3,1000,5e-05,"seasonal",2,0.4,1712,109.112479886919,510,0,0,0,0,0,1000,37.6493150684932,241.802739726027,205,5,3,2,0,0,6,2.95339090689789,205,0,194,6,0.6,1,2.03156310462882,5.44498617377383,0.0206780121915294,3.63546252250671
3,1000,5e-05,"seasonal",3,0.4,1713,109.112479886919,856,0,0,0,0,0,1000,41.0520547945206,427.98904109589,203,3,1,2,0,0,6,6.96434981100748,203,0,194,6,0.333333333333333,1,0.86153053232862,4.94494127068873,0.00700952527269934,3.661208152771
3,1000,5e-05,"seasonal",4,0.4,1714,109.112479886919,905,0,0,0,0,0,1000,38.9479452054794,456.942465753425,203,3,3,0,0,0,5,4.174401098214,203,0,195,5,1,NA,1.19777661091054,5.21208497467642,0.00656537797390637,2.2686767578125
3,1000,5e-05,"seasonal",5,0.4,1715,109.112479886919,782,0,0,0,0,0,1000,38.7232876712329,389.769863013699,205,5,2,3,0,0,5,5.18809972835099,205,0,195,5,0.4,1,0.963744002968352,5.29397198245366,0.0128280826058229,3.26015782356262
3,1000,5e-05,"constant",1,0,1716,109.112479886919,1086,0,0,0,0,0,1000,79.9068493150685,515.161643835616,231,31,8,23,0,0,44,25.44541459579,231,0,156,44,0.258064516129032,1,1.72919171092146,2.8908660769389,0.0601752874480147,3.46156692504883
3,1000,5e-05,"constant",2,0,1717,109.112479886919,1000,0,0,0,0,0,1000,80.241095890411,467.704109589041,223,23,4,19,0,0,41,27.3468013341219,223,0,159,41,0.173913043478261,1,1.49926126639324,2.7791245561322,0.0491763906462346,3.54444360733032
3,1000,5e-05,"constant",3,0,1718,109.112479886919,1758,0,0,0,0,0,1000,105.709589041096,857.578082191781,230,30,13,15,2,0,58,48.099217122844,230,0,144,56,0.433333333333333,0.882352941176471,1.2058408321256,2.17577234086668,0.0349822373297212,3.39387845993042
3,1000,5e-05,"constant",4,0,1719,109.112479886919,1095,0,0,0,0,0,1000,83.2821917808219,516.717808219178,226,26,6,19,1,0,41,29.2015958546699,226,0,160,40,0.230769230769231,0.95,1.40403285505519,2.71366537272189,0.0503176000254504,3.60668253898621
3,1000,5e-05,"constant",5,0,1720,109.112479886919,2277,0,0,0,0,0,1000,109.780821917808,1137.8904109589,237,37,11,25,1,0,63,49.8626593169484,237,0,138,62,0.297297297297297,0.961538461538462,1.26347051807937,2.15884701771899,0.0325163123299545,3.78497290611267
3,1000,8e-05,"seasonal",1,0.4,1721,109.112479886919,700,0,0,0,0,0,1000,41.027397260274,342.534246575342,211,11,6,5,0,0,7,5.37347660599275,211,0,193,7,0.545454545454545,1,1.30269479394277,5.14290484140234,0.0321135772845431,4.01591420173645
3,1000,8e-05,"seasonal",2,0.4,1722,109.112479886919,816,0,0,0,0,0,1000,35.1616438356164,411.961643835616,201,1,0,1,0,0,2,1.85660975435409,201,0,198,2,0,1,1.07723230221625,5.71645628798504,0.00242741045183087,3.54461359977722
3,1000,8e-05,"seasonal",3,0.4,1723,109.112479886919,455,0,0,0,0,0,1000,36.3780821917808,212.93698630137,207,7,2,5,0,0,4,2.32143868679038,207,0,196,4,0.285714285714286,1,1.7230694149973,5.69023949389968,0.0328735750495355,3.31929183006287
3,1000,8e-05,"seasonal",4,0.4,1724,109.112479886919,491,0,0,0,0,0,1000,40.9479452054794,228.093150684932,211,11,7,4,0,0,8,5.42095956536158,211,0,192,8,0.636363636363636,1,1.47575349041852,5.15288371470628,0.0482259110673361,3.51649951934814
3,1000,8e-05,"seasonal",5,0.4,1725,109.112479886919,906,0,0,0,0,0,1000,36.5561643835616,459.882191780822,204,4,2,1,1,0,4,3.58171265939312,204,0,197,3,0.5,0.5,1.11678417013992,5.58045417072622,0.00869787974287638,3.30816054344177
3,1000,8e-05,"constant",1,0,1726,109.112479886919,1743,0,0,0,0,0,1000,104.939726027397,850.128767123288,255,55,20,35,0,0,50,45.5960657766605,255,0,150,50,0.363636363636364,1,1.09658583801749,2.42996632117589,0.064696081496115,2.95625042915344
3,1000,8e-05,"constant",2,0,1727,109.112479886919,1144,0,0,0,0,0,1000,74.7424657534247,552.106849315069,228,28,13,14,1,0,44,21.6810310341462,228,0,157,43,0.464285714285714,0.933333333333333,2.02942378204721,3.05047468934423,0.0507148209349987,4.25554156303406
3,1000,8e-05,"constant",3,0,1728,109.112479886919,1795,0,0,0,0,0,1000,80.3780821917808,903.183561643836,237,37,9,27,1,0,43,24.6636850610787,237,0,158,42,0.243243243243243,0.964285714285714,1.74345398481662,2.94856500102256,0.0409662017460308,3.92364716529846
3,1000,8e-05,"constant",4,0,1729,109.112479886919,1638,0,0,0,0,0,1000,86.1808219178082,811.353424657534,237,37,16,21,0,0,42,32.0545582660935,237,0,158,42,0.432432432432432,1,1.31026606735138,2.75003179043744,0.0456028148468313,3.43072891235352
3,1000,8e-05,"constant",5,0,1730,109.112479886919,1967,0,0,0,0,0,1000,92.8438356164384,984.964383561644,244,44,14,30,0,0,49,35.2855691186616,244,0,151,49,0.318181818181818,1,1.38866968066232,2.62806893295562,0.0446716660361824,4.14020800590515
3,1000,1e-04,"seasonal",1,0.4,1731,109.112479886919,420,0,0,0,0,0,1000,35.0849315068493,195.052054794521,203,3,3,0,0,0,4,1.85842498816024,203,0,196,4,1,NA,2.15236021119143,5.78595970638763,0.0153805095935051,3.6122305393219
3,1000,1e-04,"seasonal",2,0.4,1732,109.112479886919,794,0,0,0,0,0,1000,40.241095890411,394.827397260274,207,7,5,2,0,0,5,5.73604493383044,207,0,195,5,0.714285714285714,1,0.87168075872465,5.14399509803922,0.0177292661263462,5.21862149238586
3,1000,1e-04,"seasonal",3,0.4,1733,109.112479886919,550,0,0,0,0,0,1000,34.7369863013699,266.632876712329,202,2,2,0,0,0,3,2.18354476851744,202,0,197,3,1,NA,1.37391275107078,5.81512737597602,0.00750095046290112,3.34199595451355
3,1000,1e-04,"seasonal",4,0.4,1734,109.112479886919,940,0,0,0,0,0,1000,38.627397260274,476.441095890411,209,9,4,4,1,0,5,4.88125041328249,209,0,196,4,0.444444444444444,0.8,1.02432769816406,5.41066742322151,0.018890058136526,3.21763277053833
3,1000,1e-04,"seasonal",5,0.4,1735,109.112479886919,516,0,0,0,0,0,1000,40.7260273972603,242.013698630137,220,20,5,15,0,0,7,3.77621633202015,220,0,193,7,0.25,1,1.85370735798265,5.40195089135553,0.0826399501896191,4.17477560043335
3,1000,1e-04,"constant",1,0,1736,109.112479886919,1267,0,0,0,0,0,1000,92.1369863013699,602.109589041096,271,71,27,44,0,0,44,32.8207570615435,271,0,156,44,0.380281690140845,1,1.34061502351984,2.94127267320845,0.117918733221095,2.8894202709198
3,1000,1e-04,"constant",2,0,1737,109.112479886919,1655,0,0,0,0,0,1000,99.5095890410959,807.339726027397,265,65,19,44,2,0,50,37.6508602972085,265,0,152,48,0.292307692307692,0.956521739130435,1.32799090393446,2.66305993777704,0.0805113360639883,4.13369202613831
3,1000,1e-04,"constant",3,0,1738,109.112479886919,1921,0,0,0,0,0,1000,93.2164383561644,959.386301369863,262,62,27,34,1,0,41,35.3632396902863,262,0,160,40,0.435483870967742,0.971428571428571,1.15939603834606,2.81066306136845,0.0646246458923513,3.44807767868042
3,1000,1e-04,"constant",4,0,1739,109.112479886919,1015,0,0,0,0,0,1000,89.041095890411,467.123287671233,257,57,27,30,0,0,49,29.6417335022232,257,0,151,49,0.473684210526316,1,1.65307470955856,2.88630769230769,0.122023460410557,4.83172655105591
3,1000,1e-04,"constant",5,0,1740,109.112479886919,1738,0,0,0,0,0,1000,95.9616438356164,856.367123287671,261,61,20,39,2,0,46,36.0773668158976,261,0,156,44,0.327868852459016,0.951219512195122,1.27503762219503,2.71983669274253,0.0712311324678316,3.47950959205627
3,1000,2e-04,"seasonal",1,0.4,1741,109.112479886919,539,0,0,0,0,0,1000,38.2958904109589,257.046575342466,224,24,8,16,0,0,4,2.34609622103695,224,0,196,4,0.333333333333333,1,1.70495990920272,5.84919158677922,0.0933682931508601,5.38696718215942
3,1000,2e-04,"seasonal",2,0.4,1742,109.112479886919,639,0,0,0,0,0,1000,36.5917808219178,313.545205479452,203,3,3,0,0,0,5,2.92782575574825,203,0,195,5,1,NA,1.70775190093995,5.54769392033543,0.00956799832232358,3.8431499004364
3,1000,2e-04,"seasonal",3,0.4,1743,109.112479886919,1283,0,0,0,0,0,1000,53.3671232876712,649.646575342466,267,67,25,38,4,0,10,9.40907616903074,267,0,194,6,0.373134328358209,0.904761904761905,1.06280359733023,5.00308024025874,0.103132999607795,3.68413758277893
3,1000,2e-04,"seasonal",4,0.4,1744,109.112479886919,585,0,0,0,0,0,1000,42.0767123287671,278.471232876712,238,38,13,25,0,0,5,3.40179835848797,238,0,195,5,0.342105263157895,1,1.46981080978074,5.6563354603464,0.13645933767537,3.66076731681824
3,1000,2e-04,"seasonal",5,0.4,1745,109.112479886919,707,0,0,0,0,0,1000,44.0356164383562,343.361643835616,232,32,9,21,2,0,8,4.55520614070404,232,0,194,6,0.28125,0.91304347826087,1.75623226543235,5.26846263920861,0.0931961987440855,3.7909734249115
3,1000,2e-04,"constant",1,0,1746,109.112479886919,1631,0,0,0,0,0,1000,98,795.698630136986,369,169,62,107,0,0,39,27.2025203468911,369,0,161,39,0.366863905325444,1,1.43369068390228,3.76530612244898,0.212391970526461,4.15682029724121
3,1000,2e-04,"constant",2,0,1747,109.112479886919,1488,0,0,0,0,0,1000,121.832876712329,693.509589041096,445,245,83,158,4,0,47,38.1330689533486,445,0,157,43,0.338775510204082,0.975308641975309,1.23252602767165,3.65254446918078,0.353275576677689,5.3021674156189
3,1000,2e-04,"constant",3,0,1748,109.112479886919,1924,0,0,0,0,0,1000,139.580821917808,914.665753424658,480,280,84,190,6,0,50,47.6809972835099,480,0,156,44,0.3,0.969387755102041,1.04863578466494,3.43886784305258,0.306122754625539,4.00052833557129
3,1000,2e-04,"constant",4,0,1749,109.112479886919,1315,0,0,0,0,0,1000,115.556164383562,604.991780821918,403,203,64,137,2,0,52,35.0992508734804,403,0,150,50,0.315270935960591,0.985611510791367,1.48151310087615,3.48748162549196,0.335541748557662,3.42853045463562
3,1000,2e-04,"constant",5,0,1750,109.112479886919,1617,0,0,0,0,0,1000,92.1479452054794,793.879452054795,347,147,48,96,3,0,32,25.9523314121312,347,0,171,29,0.326530612244898,0.96969696969697,1.23302987665462,3.76568353451864,0.185166651712071,3.05581116676331
3,2000,1e-05,"seasonal",1,0.4,1751,109.112479886919,2653,0,0,0,0,0,2000,73.8465753424658,1379.85205479452,210,10,2,1,7,0,17,31.862004829818,210,0,190,10,0.2,0.125,0.533550857543358,2.84373376864287,0.00724715375481985,2.78194880485535
3,2000,1e-05,"seasonal",2,0.4,1752,109.112479886919,1530,0,0,0,0,0,2000,58.0794520547945,780.276712328767,202,2,1,1,0,0,11,19.1688878955229,202,0,189,11,0.5,1,0.573846540287253,3.47799424501156,0.00256319324721472,4.41488170623779
3,2000,1e-05,"seasonal",3,0.4,1753,109.112479886919,1880,0,0,0,0,0,2000,57.4931506849315,972.643835616438,201,1,0,1,0,0,11,18.3469700873037,201,0,189,11,0,1,0.599554037950502,3.49606862044317,0.00102812557215892,4.02804207801819
3,2000,1e-05,"seasonal",4,0.4,1754,109.112479886919,2295,0,0,0,0,0,2000,61.5095890410959,1196.02465753425,207,7,1,6,0,0,10,22.3268843882088,207,0,190,10,0.142857142857143,1,0.447890526332512,3.36532893857735,0.00585272214573851,4.0261824131012
3,2000,1e-05,"seasonal",5,0.4,1755,109.112479886919,1675,0,0,0,0,0,2000,55.4602739726027,862.347945205479,205,5,0,4,1,0,9,17.2602233466482,205,0,192,8,0,0.8,0.521430100830516,3.6963394753742,0.0057981236318811,4.4085898399353
3,2000,1e-05,"constant",1,0,1756,109.112479886919,9010,0,0,0,0,0,2000,232.904109589041,4704.08219178082,226,26,8,17,1,0,57,173.933925944297,226,0,144,56,0.307692307692308,0.944444444444444,0.32771065041247,0.970356428655452,0.00552711431050851,3.35141015052795
3,2000,1e-05,"constant",2,0,1757,109.112479886919,3549,0,0,0,0,0,2000,233.613698630137,1711.04383561644,235,35,11,22,2,0,68,169.557608360368,235,0,134,66,0.314285714285714,0.916666666666667,0.401043637366462,1.00593416130129,0.0204553496944107,4.46134972572327
3,2000,1e-05,"constant",3,0,1758,109.112479886919,5466,0,0,0,0,0,2000,247.509589041096,2747.55890410959,231,31,12,19,0,0,70,184.855314005133,231,0,130,70,0.387096774193548,1,0.378674534604162,0.93329717404058,0.0112827426387957,3.19157958030701
3,2000,1e-05,"constant",4,0,1759,109.112479886919,4544,0,0,0,0,0,2000,245.016438356164,2244.84657534247,224,24,8,16,0,0,74,181.705519815211,224,0,126,74,0.333333333333333,1,0.407252350260222,0.914224374098467,0.0106911538024992,3.39411687850952
3,2000,1e-05,"constant",5,0,1760,109.112479886919,4652,0,0,0,0,0,2000,253.052054794521,2295.98904109589,244,44,18,26,0,0,66,188.868121893685,244,0,134,66,0.409090909090909,1,0.349450184278063,0.96422848728942,0.019163854536082,3.46879458427429
3,2000,2e-05,"seasonal",1,0.4,1761,109.112479886919,890,0,0,0,0,0,2000,44.0958904109589,443.575342465753,207,7,3,4,0,0,6,6.91229501648694,207,0,194,6,0.428571428571429,1,0.868018506977644,4.69431500465983,0.0157808591457954,3.64614868164062
3,2000,2e-05,"seasonal",2,0.4,1762,109.112479886919,2341,0,0,0,0,0,2000,60.6109589041096,1222.12876712329,208,8,4,4,0,0,9,22.7917301959633,208,0,191,9,0.5,1,0.394880069332956,3.43172264159472,0.00654595507053715,4.2853856086731
3,2000,2e-05,"seasonal",3,0.4,1763,109.112479886919,1288,0,0,0,0,0,2000,48.3479452054795,657.405479452055,206,6,1,5,0,0,6,10.2547607699116,206,0,194,6,0.166666666666667,1,0.585094097719427,4.26078086926956,0.0091267873291853,3.65329051017761
3,2000,2e-05,"seasonal",4,0.4,1764,109.112479886919,1178,0,0,0,0,0,2000,42.4575342465753,603.021917808219,203,3,0,2,1,0,4,5.73513731692736,203,0,197,3,0,0.666666666666667,0.697454965584508,4.78124798348067,0.00497494354915653,2.95198488235474
3,2000,2e-05,"seasonal",5,0.4,1765,109.112479886919,2377,0,0,0,0,0,2000,84.8657534246575,1217.6,225,25,3,19,3,0,17,40.0017308572153,225,0,186,14,0.12,0.863636363636364,0.42498161043783,2.65124612603306,0.0205321944809461,4.36298942565918
3,2000,2e-05,"constant",1,0,1766,109.112479886919,6343,0,0,0,0,0,2000,294.561643835616,3181.05479452055,286,86,18,68,0,0,72,220.599594992364,286,0,128,72,0.209302325581395,1,0.326383192147258,0.97093428823885,0.0270350577261785,6.3080632686615
3,2000,2e-05,"constant",2,0,1767,109.112479886919,6941,0,0,0,0,0,2000,270.78904109589,3532.49863013699,279,79,24,54,1,0,66,200.654423263548,279,0,135,65,0.30379746835443,0.981818181818182,0.32892372331764,1.03032234565653,0.0223637737113394,3.52441787719727
3,2000,2e-05,"constant",3,0,1768,109.112479886919,6153,0,0,0,0,0,2000,279.624657534247,3091.88219178082,286,86,20,66,0,0,75,205.374920582799,286,0,125,75,0.232558139534884,1,0.365185777246657,1.02279964335753,0.0278147725772394,5.14134907722473
3,2000,2e-05,"constant",4,0,1769,109.112479886919,5741,0,0,0,0,0,2000,245.53698630137,2900.21643835616,270,70,21,49,0,0,58,179.869080136543,270,0,142,58,0.3,1,0.322456755524468,1.09963066691958,0.0241361296606111,4.45239615440369
3,2000,2e-05,"constant",5,0,1770,109.112479886919,4456,0,0,0,0,0,2000,235.432876712329,2206.21095890411,279,79,27,51,1,0,56,168.754936135613,279,0,145,55,0.341772151898734,0.980769230769231,0.331842145079524,1.18505114449629,0.0358079990860174,4.81295585632324
3,2000,3e-05,"seasonal",1,0.4,1771,109.112479886919,1535,0,0,0,0,0,2000,61.2465753424658,779.849315068493,219,19,6,12,1,0,13,19.7871414854934,219,0,188,12,0.315789473684211,0.923076923076923,0.656992320468863,3.57571013196153,0.0243636810764285,3.77613186836243
3,2000,3e-05,"seasonal",2,0.4,1772,109.112479886919,2368,0,0,0,0,0,2000,66.1534246575342,1231.38082191781,224,24,8,14,2,0,11,24.3223125530571,224,0,191,9,0.333333333333333,0.875,0.45225962687571,3.38606808581131,0.0194903149154307,4.60652160644531
3,2000,3e-05,"seasonal",3,0.4,1773,109.112479886919,2277,0,0,0,0,0,2000,81.9150684931507,1165.75616438356,238,38,10,25,3,0,18,35.4656521727485,238,0,185,15,0.263157894736842,0.892857142857143,0.507533314552469,2.90544834275394,0.032596868162472,6.2562198638916
3,2000,3e-05,"seasonal",4,0.4,1774,109.112479886919,2319,0,0,0,0,0,2000,74.7698630136986,1195.91506849315,227,27,6,16,5,0,15,31.2437512398475,227,0,190,10,0.222222222222222,0.761904761904762,0.480096000152164,3.03598255835257,0.0225768540854828,4.88740754127502
3,2000,3e-05,"seasonal",5,0.4,1775,109.112479886919,2322,0,0,0,0,0,2000,62.8328767123288,1209.49589041096,222,22,5,16,1,0,10,22.548802196428,222,0,191,9,0.227272727272727,0.941176470588235,0.443482536805619,3.53318217493677,0.018189396238895,5.97504949569702
3,2000,3e-05,"constant",1,0,1776,109.112479886919,3754,0,0,0,0,0,2000,280.161643835616,1776.82465753425,351,151,31,120,0,0,70,196.548464690064,351,0,130,70,0.205298013245033,1,0.356146256906063,1.25284816006415,0.0849830619806612,3.72205495834351
3,2000,3e-05,"constant",2,0,1777,109.112479886919,4496,0,0,0,0,0,2000,303.098630136986,2160.46301369863,314,114,38,74,2,0,73,226.784064253102,314,0,129,71,0.333333333333333,0.973684210526316,0.321892105780979,1.03596641086133,0.0527664668532494,3.1491162776947
3,2000,3e-05,"constant",3,0,1778,109.112479886919,3406,0,0,0,0,0,2000,234.715068493151,1631.58630136986,317,117,37,78,2,0,72,158.479047047158,317,0,130,70,0.316239316239316,0.975,0.454318733873855,1.35057370638839,0.0717093542044132,4.75693583488464
3,2000,3e-05,"constant",4,0,1779,109.112479886919,6416,0,0,0,0,0,2000,321.66301369863,3193.95342465753,363,163,48,114,1,0,65,239.856255372672,363,0,136,64,0.294478527607362,0.991304347826087,0.27099564236508,1.12851022511435,0.0510339314097786,2.6951367855072
3,2000,3e-05,"constant",5,0,1780,109.112479886919,4266,0,0,0,0,0,2000,296.158904109589,2041.37534246575,339,139,43,92,4,0,75,216.136564418415,339,0,129,71,0.309352517985612,0.958333333333333,0.347002832222357,1.14465577531499,0.0680913485670418,4.37470102310181
3,2000,5e-05,"seasonal",1,0.4,1781,109.112479886919,1632,0,0,0,0,0,2000,67.758904109589,826.487671232877,233,33,15,15,3,0,14,24.2757203352732,233,0,189,11,0.454545454545455,0.833333333333333,0.576707912541639,3.43866246158823,0.0399280003182306,3.34258127212524
3,2000,5e-05,"seasonal",2,0.4,1782,109.112479886919,2346,0,0,0,0,0,2000,65.172602739726,1220.30684931507,230,30,13,17,0,0,10,23.4446926073869,230,0,190,10,0.433333333333333,1,0.426535769415429,3.52909029762906,0.0245839806740725,4.32583594322205
3,2000,5e-05,"seasonal",3,0.4,1783,109.112479886919,1536,0,0,0,0,0,2000,53.6876712328767,787.956164383562,216,16,5,10,1,0,10,12.8994871279348,216,0,191,9,0.3125,0.909090909090909,0.77522461946136,4.02327005511329,0.0203056981126827,3.4812331199646
3,2000,5e-05,"seasonal",4,0.4,1784,109.112479886919,833,0,0,0,0,0,2000,46.1123287671233,410.32602739726,217,17,8,8,1,0,7,7.46662729092426,217,0,194,6,0.470588235294118,0.888888888888889,0.937504943966944,4.70589982769889,0.041430469589835,4.34372043609619
3,2000,5e-05,"seasonal",5,0.4,1785,109.112479886919,1322,0,0,0,0,0,2000,50.7835616438356,673.6,215,15,8,7,0,0,6,11.6629799479938,215,0,194,6,0.533333333333333,1,0.514448282236144,4.23365343116098,0.0222684085510689,3.16200709342957
3,2000,5e-05,"constant",1,0,1786,109.112479886919,5076,0,0,0,0,0,2000,361.978082191781,2419.39178082192,569,369,113,250,6,0,84,244.95843160068,569,0,122,78,0.306233062330623,0.9765625,0.342915324249516,1.57191837846839,0.152517671145697,3.01610064506531
3,2000,5e-05,"constant",2,0,1787,109.112479886919,5265,0,0,0,0,0,2000,348.983561643836,2535.94794520548,527,327,96,228,3,0,73,241.26077658187,527,0,130,70,0.293577981651376,0.987012987012987,0.302577157523275,1.51009978096861,0.128945864452081,4.78409290313721
3,2000,5e-05,"constant",3,0,1788,109.112479886919,4026,0,0,0,0,0,2000,271.706849315068,1934.32054794521,424,224,67,154,3,0,72,177.802334718391,424,0,131,69,0.299107142857143,0.980891719745223,0.404944063946268,1.56050537948837,0.115802936714885,4.81891202926636
3,2000,5e-05,"constant",4,0,1789,109.112479886919,4843,0,0,0,0,0,2000,328.101369863014,2325.59726027397,464,264,78,183,3,0,80,226.90000661252,464,0,123,77,0.295454545454545,0.983870967741935,0.352578218019257,1.41419708242524,0.113519225581173,3.97158122062683
3,2000,5e-05,"constant",5,0,1790,109.112479886919,6114,0,0,0,0,0,2000,384.753424657534,2965.38356164384,547,347,101,239,7,0,77,272.143859104276,547,0,130,70,0.291066282420749,0.971544715447154,0.282938590837342,1.42168974970627,0.117016902800811,3.79948210716248
3,2000,8e-05,"seasonal",1,0.4,1791,109.112479886919,3644,0,0,0,0,0,2000,104.512328767123,1892.2,389,189,51,128,10,0,24,37.1532896549888,389,0,186,14,0.26984126984127,0.927536231884058,0.645972408442635,3.72204891603534,0.0998837332205898,3.66889190673828
3,2000,8e-05,"seasonal",2,0.4,1792,109.112479886919,3800,0,0,0,0,0,2000,81.3917808219178,2000.8,316,116,29,82,5,0,15,24.7451211028612,316,0,190,10,0.25,0.942528735632184,0.606180100620547,3.88245590413357,0.0579768092762895,4.45849752426147
3,2000,8e-05,"seasonal",3,0.4,1793,109.112479886919,1951,0,0,0,0,0,2000,63.027397260274,1006.01369863014,271,71,15,51,5,0,12,13.4355489370835,271,0,193,7,0.211267605633803,0.910714285714286,0.893152937493964,4.29971745272767,0.0705755797328395,4.23159289360046
3,2000,8e-05,"seasonal",4,0.4,1794,109.112479886919,1567,0,0,0,0,0,2000,60.1452054794521,798.484931506849,261,61,20,39,2,0,12,12.86020647133,261,0,190,10,0.327868852459016,0.951219512195122,0.93311099061685,4.33949801849406,0.0763946789639283,4.23837351799011
3,2000,8e-05,"seasonal",5,0.4,1795,109.112479886919,3822,0,0,0,0,0,2000,87.2438356164384,2007.00273972603,334,134,35,87,12,0,20,27.0044537079245,334,0,192,8,0.261194029850746,0.878787878787879,0.740618574118053,3.82835070970984,0.0667662267458051,4.07134246826172
3,2000,8e-05,"constant",1,0,1796,109.112479886919,5144,0,0,0,0,0,2000,420.92602739726,2397.70410958904,967,767,214,543,10,0,74,242.661684198773,967,0,136,64,0.279009126466754,0.981916817359855,0.304951316250587,2.29731576823442,0.319889346201046,3.739013671875
3,2000,8e-05,"constant",2,0,1797,109.112479886919,5560,0,0,0,0,0,2000,459.832876712329,2586.74246575342,1005,805,237,555,13,0,85,273.666188532652,1005,0,128,72,0.294409937888199,0.977112676056338,0.310597375787468,2.18557665381705,0.31120222080768,5.41683387756348
3,2000,8e-05,"constant",3,0,1798,109.112479886919,8694,0,0,0,0,0,2000,400.191780821918,4363.64383561644,792,592,181,403,8,0,88,249.82781549295,792,0,120,80,0.305743243243243,0.980535279805353,0.352242602875753,1.97905113986445,0.135666434361128,3.48722147941589
3,2000,8e-05,"constant",4,0,1799,109.112479886919,12386,0,0,0,0,0,2000,410.27397260274,6376.57534246575,972,772,212,552,8,0,76,230.022403542168,972,0,132,68,0.274611398963731,0.985714285714286,0.33040259918016,2.36914858096828,0.121068121764162,3.49535202980042
3,2000,8e-05,"constant",5,0,1800,109.112479886919,6496,0,0,0,0,0,2000,354.309589041096,3205.14246575342,843,643,178,448,17,0,83,193.587660970078,843,0,134,66,0.276827371695179,0.963440860215054,0.42874633426574,2.37927514827216,0.20061510740018,4.4357967376709
3,2000,1e-04,"seasonal",1,0.4,1801,109.112479886919,1957,0,0,0,0,0,2000,75.9561643835616,996.372602739726,334,134,42,88,4,0,14,19.9250354037663,334,0,190,10,0.313432835820896,0.956521739130435,0.702633632327381,4.39727312076179,0.13448784082535,3.48746252059937
3,2000,1e-04,"seasonal",2,0.4,1802,109.112479886919,1531,0,0,0,0,0,2000,69.7972602739726,769.106849315069,306,106,29,72,5,0,12,15.9314393480424,306,0,193,7,0.273584905660377,0.935064935064935,0.753227611005188,4.38412623645784,0.137822202590445,3.85361456871033
3,2000,1e-04,"seasonal",3,0.4,1803,109.112479886919,1258,0,0,0,0,0,2000,88.772602739726,600.542465753425,364,164,50,102,12,0,23,24.7359436819214,364,0,189,11,0.304878048780488,0.894736842105263,0.929821004436143,4.10036417505092,0.273086433270377,2.81126189231873
3,2000,1e-04,"seasonal",4,0.4,1804,109.112479886919,3028,0,0,0,0,0,2000,131.460273972603,1527.71780821918,585,385,102,259,24,0,29,35.149608561422,585,0,195,5,0.264935064935065,0.915194346289753,0.825044749767955,4.45001354646437,0.252009892094395,3.20710349082947
3,2000,1e-04,"seasonal",5,0.4,1805,109.112479886919,2021,0,0,0,0,0,2000,107.142465753425,1000.25479452055,438,238,70,153,15,0,25,33.4802246691522,438,0,190,10,0.294117647058824,0.910714285714286,0.746709445562184,4.08801493338788,0.237939374351193,2.82837796211243
3,2000,1e-04,"constant",1,0,1806,109.112479886919,6407,0,0,0,0,0,2000,475.73698630137,3034.94794520548,1165,965,288,655,22,0,97,263.200367606721,1165,0,125,75,0.298445595854922,0.967503692762186,0.368540518700715,2.44883209324825,0.317962619927132,2.90273571014404
3,2000,1e-04,"constant",2,0,1807,109.112479886919,5499,0,0,0,0,0,2000,525.312328767123,2487.83835616438,1268,1068,347,693,28,0,99,303.728210237788,1268,0,129,71,0.324906367041199,0.961165048543689,0.325949308174217,2.41380209555698,0.429288340761248,3.77233648300171
3,2000,1e-04,"constant",3,0,1808,109.112479886919,6814,0,0,0,0,0,2000,539.830136986301,3193.86849315069,1384,1184,383,774,27,0,99,300.111771881623,1384,0,128,72,0.32347972972973,0.966292134831461,0.32987709672065,2.56376942518702,0.370710316514005,3.70179033279419
3,2000,1e-04,"constant",4,0,1809,109.112479886919,7092,0,0,0,0,0,2000,637.293150684932,3248.73424657534,1655,1455,425,995,35,0,108,346.048707557039,1655,0,127,73,0.292096219931271,0.966019417475728,0.31209479371397,2.59692105308411,0.447866735031894,3.62658834457397
3,2000,1e-04,"constant",5,0,1810,109.112479886919,6597,0,0,0,0,0,2000,540.145205479452,3074.64931506849,1468,1268,393,847,28,0,92,283.130076097549,1468,0,136,64,0.30993690851735,0.968,0.324938986588986,2.71778770802372,0.412404755815788,3.5084867477417
3,2000,2e-04,"seasonal",1,0.4,1811,109.112479886919,NA,0.234513177360145,0.18,0.055,0.55,56,1231.97757711906,4515.38082191781,15485.1671232877,25793,25593,10138,14552,853,50,855,1199.86091020834,25737,0,192,8,0.396899346200525,0.944628367413178,0.712582594137132,5.69985146658544,1.65274289881647,5.27803039550781
3,2000,2e-04,"seasonal",2,0.4,1812,109.112479886919,NA,0.220577502602597,0.17,0.05,0.545,81,1234.4210898033,4277.05205479452,15723.495890411,25552,25352,9853,14689,739,71,743,1016.41768210336,25471,0,186,14,0.389739329931569,0.952100077780659,0.730998695794478,5.95527004901597,1.6123640809078,4.95392727851868
3,2000,2e-04,"seasonal",3,0.4,1813,109.112479886919,NA,0.218986082954359,0.175,0.035,0.545,85,1235.81824557558,4350.28493150685,15650.2630136986,25565,25365,9852,14657,790,66,784,1078.22744651015,25480,0,187,13,0.389422506818451,0.948857383310675,0.727119312847706,5.85708761636775,1.62073953503517,4.65349459648132
3,2000,2e-04,"seasonal",4,0.4,1814,109.112479886919,NA,0.208821434441948,0.16,0.035,0.52,69,1256.65279573722,4271.11232876712,15729.4356164384,25199,24999,9720,14392,825,62,829,1033.49027458028,25130,0,189,11,0.389782251273208,0.945784320168233,0.802136237166498,5.88371320293838,1.58931322201251,7.36218476295471
3,2000,2e-04,"seasonal",5,0.4,1815,109.112479886919,NA,0.19963673223385,0.145,0.04,0.515,95,1260.37321544025,3994.62739726027,16005.9205479452,24908,24708,9462,14513,650,83,648,829.015465512193,24813,0,190,10,0.384243654822335,0.957132493569874,0.78165007404252,6.21159310553421,1.54367878598347,5.28050708770752
3,2000,2e-04,"constant",1,0,1816,109.112479886919,NA,0.472591912771903,0.475,0.375,0.57,85,1093.81268533231,9543.04383561644,10457.504109589,30264,30064,12780,15587,1644,53,1688,5029.92822436096,30179,0,124,76,0.425843857252341,0.904590563519239,0.335591269836551,3.16240819175181,2.87487336222347,6.60172414779663
3,2000,2e-04,"constant",2,0,1817,109.112479886919,NA,0.471688674593173,0.475,0.375,0.56,97,1098.11915812832,9296.05753424657,10704.4904109589,30139,29939,12633,15663,1594,49,1607,4792.06101008418,30042,0,139,61,0.422649715623954,0.907631685692762,0.335346314794054,3.23169256314579,2.79686363858568,7.32070088386536
3,2000,2e-04,"constant",3,0,1818,109.112479886919,NA,0.471919346885102,0.475,0.37,0.56,95,1094.13377814914,9213.15342465753,10787.3945205479,30438,30238,12697,15891,1608,42,1636,4649.47543070272,30343,0,119,81,0.420486157106902,0.908109034801989,0.351867651390672,3.29344347167733,2.80308650456812,5.49760055541992
3,2000,2e-04,"constant",4,0,1819,109.112479886919,NA,0.458305846255,0.455,0.375,0.545,110,1116.22450742425,9366.22739726027,10634.3205479452,30174,29974,12882,15324,1710,58,1731,4890.17718504777,30064,0,127,73,0.430605695948656,0.899612539626629,0.353974904077651,3.20983024699935,2.81860978939474,7.39235043525696
3,2000,2e-04,"constant",5,0,1820,109.112479886919,NA,0.460707358500904,0.46,0.37,0.57,91,1105.74611171991,9273.02191780822,10727.5260273973,30783,30583,13012,15890,1635,46,1644,4697.66447179861,30692,0,146,54,0.426106035301438,0.906704707560628,0.349961137043608,3.30981639772231,2.85089030983411,7.15495586395264
3,3000,1e-05,"seasonal",1,0.4,1821,109.112479886919,6778,0,0,0,0,0,3000,111.202739726027,3602.7698630137,213,13,4,9,0,0,13,69.7816620334386,213,0,187,13,0.307692307692308,1,0.18629536215074,1.91542043410776,0.00360833483522191,3.38228750228882
3,3000,1e-05,"seasonal",2,0.4,1822,109.112479886919,6908,0,0,0,0,0,3000,107.364383561644,3677.84109589041,229,29,12,15,2,0,16,62.0939739252437,229,0,186,14,0.413793103448276,0.882352941176471,0.257673957528677,2.13292334388078,0.00788506062222328,4.06512331962585
3,3000,1e-05,"seasonal",3,0.4,1823,109.112479886919,4493,0,0,0,0,0,3000,118.342465753425,2343.57534246575,228,28,7,19,2,0,20,71.7770564476505,228,0,182,18,0.25,0.904761904761905,0.278640571093727,1.92661187637458,0.0119475570051613,3.77012825012207
3,3000,1e-05,"seasonal",4,0.4,1824,109.112479886919,4192,0,0,0,0,0,3000,83.8712328767123,2213.11506849315,213,13,4,8,1,0,11,41.6894358407283,213,0,190,10,0.307692307692308,0.888888888888889,0.263855813305432,2.53960735635188,0.005874073239604,3.77055287361145
3,3000,1e-05,"seasonal",5,0.4,1825,109.112479886919,4115,0,0,0,0,0,3000,90.5808219178082,2164.21369863014,212,12,2,9,1,0,13,48.3460455950824,212,0,188,12,0.166666666666667,0.9,0.268894794599753,2.34045127336519,0.00554473895419641,3.71618318557739
3,3000,1e-05,"constant",1,0,1826,109.112479886919,20830,0.000903512136321297,0,0,0.01,0,2998.06531998247,908.101369863014,10505.597260274,416,216,50,165,1,0,86,807.760246834486,416,0,115,85,0.231481481481481,0.993975903614458,0.106467234971049,0.458098637228962,0.0205604683530736,5.13447093963623
3,3000,1e-05,"constant",2,0,1827,109.112479886919,18945,0.00021094734535094,0,0,0.005,0,2999.46403155991,847.632876712329,9533.18904109589,413,213,67,143,3,0,88,750.178500424457,413,0,115,85,0.314553990610329,0.979452054794521,0.117305414578276,0.487239241594642,0.0223429955161693,3.40549826622009
3,3000,1e-05,"constant",3,0,1828,109.112479886919,18700,0.00014382773546655,0,0,0,0,2999.62153525834,586.334246575342,9660.24109589041,349,149,43,104,2,0,63,503.695536029277,349,0,139,61,0.288590604026846,0.981132075471698,0.125075557541447,0.595223632319683,0.0154240456859184,3.98126935958862
3,3000,1e-05,"constant",4,0,1829,109.112479886919,17179,0,0,0,0,0,3000,918.947945205479,8494.20273972603,393,193,59,133,1,0,99,821.763826676144,393,0,102,98,0.305699481865285,0.992537313432836,0.120472569838506,0.427662961814583,0.0227213790291783,3.79749608039856
3,3000,1e-05,"constant",5,0,1830,109.112479886919,19922,0.000532025642430552,0,0,0.005,0,2998.62821571421,981.268493150685,9934.89589041096,442,242,62,177,3,0,88,876.257952479251,442,0,115,85,0.256198347107438,0.983333333333333,0.100427048623087,0.450437370694349,0.0243585843947872,5.000168800354
3,3000,2e-05,"seasonal",1,0.4,1831,109.112479886919,4890,0,0,0,0,0,3000,155.076712328767,2524.37534246575,307,107,20,76,11,0,24,93.8053444495094,307,0,187,13,0.186915887850467,0.873563218390805,0.25584896192048,1.97966538876031,0.0423867236381278,4.11053085327148
3,3000,2e-05,"seasonal",2,0.4,1832,109.112479886919,10043,0,0,0,0,0,3000,120.495890410959,5382.51780821918,234,34,10,20,4,0,18,73.5697617617896,234,0,186,14,0.294117647058824,0.833333333333333,0.244665737239736,1.9419749437257,0.00631674640222863,4.17918181419373
3,3000,2e-05,"seasonal",3,0.4,1833,109.112479886919,2616,0,0,0,0,0,3000,86.5917808219178,1346.83287671233,225,25,7,16,2,0,12,42.2547270192752,225,0,190,10,0.28,0.888888888888889,0.283991895025756,2.59839903815731,0.0185620654442487,3.40352582931519
3,3000,2e-05,"seasonal",4,0.4,1834,109.112479886919,4078,0,0,0,0,0,3000,98.7013698630137,2135.81917808219,238,38,10,26,2,0,16,51.9761657060656,238,0,186,14,0.263157894736842,0.928571428571429,0.307833403688968,2.41131405096319,0.0177917683247517,4.08247661590576
3,3000,2e-05,"seasonal",5,0.4,1835,109.112479886919,5586,0,0,0,0,0,3000,84.558904109589,2976.26301369863,226,26,9,15,2,0,10,40.1844186347842,226,0,192,8,0.346153846153846,0.882352941176471,0.248852673243451,2.67269310523587,0.00873578708613173,3.75409698486328
3,3000,2e-05,"constant",1,0,1836,109.112479886919,15862,0,0,0,0,0,3000,838.197260273973,7853.3095890411,635,435,119,311,5,0,90,702.977575932235,635,0,115,85,0.273563218390805,0.984177215189873,0.128026843360756,0.757578233782874,0.0553906598317505,5.53084659576416
3,3000,2e-05,"constant",2,0,1837,109.112479886919,18132,0,0,0,0,0,2999.98906553066,951.416438356164,8983.92602739726,676,476,117,353,6,0,86,807.815041355034,676,0,120,80,0.245798319327731,0.983286908077994,0.106460013242317,0.710519571396073,0.0529835172894786,5.41622471809387
3,3000,2e-05,"constant",3,0,1838,109.112479886919,15911,0,0,0,0,0,3000,960.630136986301,7757.72602739726,768,568,138,424,6,0,81,801.300914229423,768,0,125,75,0.242957746478873,0.986046511627907,0.101085620347625,0.799475230299746,0.0732173317276281,4.16509246826172
3,3000,2e-05,"constant",4,0,1839,109.112479886919,17540,0,0,0,0,0,3000,1062.81095890411,8548.14794520548,759,559,155,401,3,0,91,908.446976699823,759,0,112,88,0.277280858676207,0.992574257425743,0.100170953653874,0.714143934667952,0.0653942823150989,4.16546487808228
3,3000,2e-05,"constant",5,0,1840,109.112479886919,15871,0,0,0,0,0,3000,1209.71506849315,7486.72328767123,762,562,140,414,8,0,99,1048.89259379943,762,0,109,91,0.249110320284698,0.981042654028436,0.0943852598304557,0.629900395428789,0.0750662176770275,3.78565359115601
3,3000,3e-05,"seasonal",1,0.4,1841,109.112479886919,4813,0,0,0,0,0,3000,106.912328767123,2530.34794520548,268,68,17,46,5,0,16,55.0747958430519,268,0,189,11,0.25,0.901960784313726,0.290514013807616,2.50672680214233,0.0268737744660164,4.7993061542511
3,3000,3e-05,"seasonal",2,0.4,1842,109.112479886919,3785,0,0,0,0,0,3000,125.583561643836,1948.38904109589,305,105,21,70,14,0,26,64.8235980394799,305,0,188,12,0.2,0.833333333333333,0.401088504593112,2.42866180897945,0.0538906746985919,4.44889903068542
3,3000,3e-05,"seasonal",3,0.4,1843,109.112479886919,5174,0,0,0,0,0,3000,115.780821917808,2719.28767123288,301,101,29,67,5,0,14,60.6318847188348,301,0,191,9,0.287128712871287,0.930555555555556,0.230901613316516,2.59973970657832,0.0371420799161747,4.45528841018677
3,3000,3e-05,"seasonal",4,0.4,1844,109.112479886919,4821,0,0,0,0,0,3000,146.435616438356,2495.20821917808,318,118,32,76,10,0,26,83.5441459846854,318,0,184,16,0.271186440677966,0.883720930232558,0.311212709083963,2.17160283634867,0.0472906425576255,3.91331958770752
3,3000,3e-05,"seasonal",5,0.4,1845,109.112479886919,4464,0,0,0,0,0,3000,122.106849315068,2323.92054794521,319,119,20,91,8,0,19,59.828203625268,319,0,189,11,0.168067226890756,0.919191919191919,0.317575973348722,2.61246606385604,0.051206569908433,4.03566980361938
3,3000,3e-05,"constant",1,0,1846,109.112479886919,15060,0,0,0,0,0,3000,846.068493150685,7405.98630136986,948,748,211,529,8,0,81,663.347489571889,948,0,127,73,0.282085561497326,0.985102420856611,0.122107946850414,1.12047666078396,0.100999376661235,3.94569110870361
3,3000,3e-05,"constant",2,0,1847,109.112479886919,21149,0.00103172428908005,0,0,0.01,0,2997.28829872336,1196.57808219178,10391.9150684932,1214,1014,270,726,18,0,112,959.586584599994,1214,0,106,94,0.266272189349112,0.975806451612903,0.116716929766882,1.0145597834922,0.0975758552025033,4.11989879608154
3,3000,3e-05,"constant",3,0,1848,109.112479886919,20807,0.00074571256369514,0,0,0.005,0,2998.37513807463,1366.14794520548,10034.9479452055,1280,1080,318,738,24,0,110,1127.49983785934,1280,0,114,86,0.294444444444444,0.968503937007874,0.0975609896395596,0.936940983948468,0.107623876665549,4.71859812736511
3,3000,3e-05,"constant",4,0,1849,109.112479886919,22223,0.00442770259163881,0,0,0.04,0,2988.03238671854,981.043835616438,11195.9424657534,1108,908,220,681,7,0,87,763.248825684266,1108,0,120,80,0.242290748898678,0.989825581395349,0.113986418416043,1.12940926773551,0.0811008097600917,4.40500330924988
3,3000,3e-05,"constant",5,0,1850,109.112479886919,21747,0.00123390499150731,0,0,0.01,0,2996.64246424853,1044.7698630137,10871.3945205479,1074,874,242,619,13,0,98,836.045110840063,1074,0,115,85,0.276887871853547,0.979430379746835,0.117218555230266,1.02797758436675,0.0803944699410972,3.58855962753296
3,3000,5e-05,"seasonal",1,0.4,1851,109.112479886919,5242,0,0,0,0,0,3000,153.895890410959,2718.43287671233,493,293,90,189,14,0,25,70.1678959020289,493,0,189,11,0.307167235494881,0.931034482758621,0.356288295075941,3.20346435946735,0.107782687043704,4.14604043960571
3,3000,5e-05,"seasonal",2,0.4,1852,109.112479886919,6416,0,0,0,0,0,3000,239.304109589041,3276.31232876712,659,459,137,284,38,0,49,122.830774598114,659,0,189,11,0.298474945533769,0.881987577639752,0.398922828259625,2.75381814851281,0.140096533523323,3.12519836425781
3,3000,5e-05,"seasonal",3,0.4,1853,109.112479886919,6337,0,0,0,0,0,3000,223.512328767123,3248.81643835616,642,442,115,299,28,0,36,111.229934482483,642,0,192,8,0.260180995475113,0.914373088685015,0.323653881192112,2.87232477752445,0.136049545545775,4.12296199798584
3,3000,5e-05,"seasonal",4,0.4,1854,109.112479886919,12605,0,0,0,0,0,3000,278.879452054795,6627.9698630137,787,587,151,403,33,0,46,141.236270925487,787,0,187,13,0.257240204429302,0.924311926605505,0.325695373423366,2.82200783959289,0.088564071975592,4.27865171432495
3,3000,5e-05,"seasonal",5,0.4,1855,109.112479886919,5297,0,0,0,0,0,3000,166.315068493151,2736.15068493151,429,229,72,135,22,0,38,87.5659962916319,429,0,184,16,0.314410480349345,0.859872611464968,0.433958404052686,2.57944156165061,0.0836942209583506,4.61520004272461
3,3000,5e-05,"constant",1,0,1856,109.112479886919,23159,0.00213385567914087,0,0,0.015,0,2993.4524069914,1842.43287671233,10847.4301369863,2970,2770,814,1902,54,0,143,1323.04211798426,2970,0,111,89,0.293862815884477,0.97239263803681,0.108084238631699,1.61199902451791,0.255360022145262,4.29121088981628
3,3000,5e-05,"constant",2,0,1857,109.112479886919,23805,0.00244753712125363,0,0,0.015,0,2993.00693824996,1659.90410958904,11383.9315068493,2788,2588,757,1783,48,0,125,1176.94906855124,2788,0,123,77,0.292503863987635,0.973784817039869,0.106206804814305,1.67961509577216,0.227337980595095,3.51960420608521
3,3000,5e-05,"constant",3,0,1858,109.112479886919,19283,0.000779135389841653,0,0,0.01,0,2996.85603912114,1508.41095890411,9057.61643835616,2414,2214,662,1516,36,0,109,1088.36742339312,2414,0,127,73,0.299006323396567,0.97680412371134,0.100150002340367,1.60035962729535,0.244435168464896,3.83625793457031
3,3000,5e-05,"constant",4,0,1859,109.112479886919,24792,0.0118278450495863,0,0,0.065,0,2962.79976850584,1976.16438356164,11608.4931506849,3333,3133,871,2202,60,0,149,1387.24482395965,3333,0,111,89,0.278008298755187,0.973474801061008,0.107407140705492,1.68660058228199,0.269888603053976,3.97754669189453
3,3000,5e-05,"constant",5,0,1860,109.112479886919,30439,0.0198391868938688,0.01,0,0.07,0,2935.5810574763,1898.64931506849,14780.2547945205,3518,3318,913,2344,61,0,135,1283.37184335041,3518,0,126,74,0.275165762507535,0.974636174636175,0.105191648624272,1.85289614679217,0.22448868751776,4.87606573104858
3,3000,8e-05,"seasonal",1,0.4,1861,109.112479886919,NA,0.247260972001534,0.235,0.13,0.425,56,2129.96992466166,5073.65479452055,14926.8931506849,14542,14342,4807,8435,1071,29,1056,2775.45692170877,14486,0,188,12,0.33584852930902,0.887334315169367,0.380477892393246,2.85514103475164,0.960816149430393,4.48677754402161
3,3000,8e-05,"seasonal",2,0.4,1862,109.112479886919,NA,0.166870034518657,0.15,0.07,0.32,39,2327.47301956057,3471.11780821918,16529.4301369863,12161,11961,3768,7436,737,20,730,1567.11268177273,12122,0,188,12,0.315551461351646,0.909825033647376,0.46582483090764,3.49224678323985,0.723618412787022,4.42998337745667
3,3000,8e-05,"seasonal",3,0.4,1863,109.112479886919,NA,0.188737329461399,0.17,0.085,0.375,74,2265.44481672237,3486.68219178082,16513.8657534247,12112,11912,3663,7502,701,46,679,1591.98141117787,12038,0,194,6,0.308697117815608,0.914543459709862,0.426512517817418,3.45256588867699,0.721333222509071,4.98044967651367
3,3000,8e-05,"seasonal",4,0.4,1864,109.112479886919,NA,0.175586817160704,0.16,0.075,0.33,33,2316.53745739959,3575.98904109589,16424.5589041096,12218,12018,3878,7397,727,16,722,1682.05703026123,12185,0,188,12,0.323112814530912,0.910512063023141,0.429236338013978,3.40744892111465,0.731709147878119,3.9343364238739
3,3000,8e-05,"seasonal",5,0.4,1865,109.112479886919,NA,0.195795024930141,0.185,0.07,0.385,58,2263.00371239932,4091.10136986301,15909.4465753425,13282,13082,4261,7960,819,42,815,2024.43642142728,13224,0,188,12,0.326763803680982,0.906709192390933,0.402581178333773,3.23238140648732,0.822278759858018,3.97452235221863
3,3000,8e-05,"constant",1,0,1866,109.112479886919,NA,0.427711084324147,0.425,0.345,0.505,83,1864.74992274396,8926.56438356164,11073.9835616438,16545,16345,5831,9797,686,31,712,6227.29615903998,16462,0,122,78,0.35742307220792,0.934560717351903,0.114335336206294,1.84415854663133,1.47598196340231,4.15737867355347
3,3000,8e-05,"constant",2,0,1867,109.112479886919,NA,0.449087173305572,0.45,0.355,0.525,85,1834.27935099447,9177.20821917808,10823.3397260274,16359,16159,5828,9636,678,17,697,6530.94090227332,16274,0,113,87,0.36104571924173,0.934264107038976,0.106722754106898,1.77330617452826,1.49297725184969,4.404057264328
3,3000,8e-05,"constant",3,0,1868,109.112479886919,NA,0.40270971453619,0.405,0.305,0.51,105,1908.10224754808,8441.72054794521,11558.8273972603,16592,16392,5785,9938,639,30,651,5746.02879288533,16487,0,113,87,0.353563134091187,0.939585893920772,0.113295638338266,1.95303787970251,1.41813693003888,7.90410399436951
3,3000,8e-05,"constant",4,0,1869,109.112479886919,NA,0.437522327543696,0.44,0.355,0.52,94,1851.53793490768,8813.90136986301,11186.6465753425,16406,16206,5795,9684,705,22,714,6148.45859236527,16312,0,119,81,0.358069698467622,0.932139763211089,0.116126666427679,1.85071279056683,1.44869151723459,5.26951026916504
3,3000,8e-05,"constant",5,0,1870,109.112479886919,NA,0.418922250835571,0.415,0.32,0.53,78,1890.00856583201,8508.82465753425,11491.7232876712,16202,16002,5663,9657,655,27,686,5866.90726982195,16124,0,118,82,0.354491392801252,0.936481768813033,0.116927022782281,1.89497382411363,1.39248044870412,7.76375818252563
3,3000,1e-04,"seasonal",1,0.4,1871,109.112479886919,NA,0.293172976823188,0.275,0.125,0.55,81,1935.53490329297,5840.97260273973,14159.5753424658,19219,19019,7043,10765,1159,52,1145,2991.71759703873,19138,0,185,15,0.371329150630042,0.90280107346528,0.382723289502106,3.27650911956397,1.34318999970009,4.00361180305481
3,3000,1e-04,"seasonal",2,0.4,1872,109.112479886919,NA,0.31630677771081,0.29,0.14,0.56,63,1902.14378664183,5870.92602739726,14129.6219178082,18901,18701,6917,10570,1179,35,1161,3069.92025238817,18838,0,190,10,0.370566805957356,0.899651034130564,0.378185719676864,3.20869312815229,1.32353152184704,4.11346626281738
3,3000,1e-04,"seasonal",3,0.4,1873,109.112479886919,NA,0.299321407046189,0.275,0.15,0.53,100,1918.55900608186,5571.90136986301,14428.6465753425,18995,18795,6774,10822,1133,66,1110,2738.08762880561,18895,0,189,11,0.361685087297773,0.905227938101213,0.405392430951597,3.39112248149226,1.30261697809685,5.98678469657898
3,3000,1e-04,"seasonal",4,0.4,1874,109.112479886919,NA,0.325388745822147,0.305,0.16,0.56,88,1901.43308092707,6433.30136986301,13567.2465753425,19372,19172,7168,10617,1339,48,1317,3514.64259504158,19284,0,182,18,0.374816983894583,0.888006022080964,0.374718044405997,2.99752784633042,1.41310912966259,5.72955012321472
3,3000,1e-04,"seasonal",5,0.4,1875,109.112479886919,NA,0.311236096652238,0.305,0.105,0.59,112,1909.19820256424,5585.12602739726,14415.4219178082,19080,18880,6847,10826,1153,54,1105,2737.44459955417,18968,0,190,10,0.363699139487942,0.903748226062276,0.403661137171494,3.39616329281639,1.30970845720973,5.62440156936646
3,3000,1e-04,"constant",1,0,1876,109.112479886919,NA,0.642929702482056,0.65,0.54,0.72,110,1472.06664538929,12788.5424657534,7212.00547945205,17651,17451,6972,9422,1032,25,1029,9953.7782085177,17541,0,118,82,0.400091816825433,0.90128180600727,0.103377830854163,1.37161838786345,2.41971529967915,7.96472382545471
3,3000,1e-04,"constant",2,0,1877,109.112479886919,NA,0.609662484247439,0.605,0.545,0.68,123,1521.96345296148,12537.2849315068,7463.26301369863,18008,17808,7111,9584,1079,34,1086,9641.90206629947,17885,0,104,96,0.400078766737932,0.898808965581919,0.112633377992482,1.42654490966015,2.38608768943475,5.6374044418335
3,3000,1e-04,"constant",3,0,1878,109.112479886919,NA,0.629320859131007,0.63,0.55,0.715,105,1497.36809489891,12337.8082191781,7662.7397260274,18217,18017,7323,9681,985,28,984,9457.93832399992,18112,0,124,76,0.40708210573128,0.907650478154885,0.104039587306576,1.46800790531388,2.35124781007544,5.78038549423218
3,3000,1e-04,"constant",4,0,1879,109.112479886919,NA,0.613698427483426,0.62,0.475,0.72,131,1520.92886334995,12271.5808219178,7728.96712328767,18068,17868,7063,9701,1078,26,1047,9357.25927330248,17937,0,126,74,0.395863692411165,0.899990722701549,0.111891737678706,1.46166987450903,2.31182248740107,5.86893725395203
3,3000,1e-04,"constant",5,0,1880,109.112479886919,NA,0.620953098460358,0.62,0.555,0.685,115,1506.32131362665,12490.9534246575,7509.59452054794,18066,17866,7135,9649,1050,32,1065,9586.14605379377,17951,0,102,98,0.400078501738253,0.901859986914665,0.111097827429671,1.43712008120726,2.37908983649045,5.55242657661438
3,3000,2e-04,"seasonal",1,0.4,1881,109.112479886919,NA,0.736608405018903,0.71,0.6,0.94,152,1327.18994219495,14170.6602739726,5829.88767123288,24866,24666,11990,8921,3708,47,3617,10148.1781501132,24714,0,186,14,0.487022218611641,0.706390054636155,0.356418654313793,1.74402600317732,4.23095630499237,6.21046829223633
3,3000,2e-04,"seasonal",2,0.4,1882,109.112479886919,NA,0.748995671470056,0.725,0.605,0.94,159,1313.2945652293,14573.402739726,5427.14520547945,23765,23565,11447,8483,3599,36,3486,10709.6399729648,23606,0,190,10,0.486506013855242,0.702118854494289,0.325501138114818,1.61980015385506,4.34206182215429,6.56716632843018
3,3000,2e-04,"seasonal",3,0.4,1883,109.112479886919,NA,0.729569064708783,0.705,0.56,0.945,154,1328.07157087283,14338.9150684932,5661.63287671233,24722,24522,11949,8883,3647,43,3548,10349.5785044949,24568,0,188,12,0.488132685158707,0.708938547486033,0.342815893271312,1.71337928167126,4.33125929108984,8.11766648292542
3,3000,2e-04,"seasonal",4,0.4,1884,109.112479886919,NA,0.737490274505507,0.71,0.595,0.935,156,1326.05329461399,14320.4,5680.14794520548,24480,24280,11785,8872,3590,33,3480,10358.5495957566,24324,0,187,13,0.486039510042479,0.711924249719146,0.335954369656694,1.6985559062596,4.27453654979081,6.26820254325867
3,3000,2e-04,"seasonal",5,0.4,1885,109.112479886919,NA,0.734511259657005,0.71,0.585,0.94,157,1327.30386828119,14250.1068493151,5750.44109589041,24499,24299,11883,8773,3609,34,3494,10323.5623023932,24342,0,192,8,0.48971770039151,0.708528509126151,0.338449064155889,1.70819771791185,4.2255888887142,6.76159429550171
3,3000,2e-04,"constant",1,0,1886,109.112479886919,NA,0.87849049367158,0.88,0.835,0.92,178,1129.83652512191,17563.7369863014,2436.81095890411,14420,14220,6822,5847,1530,21,1450,15240.0667595413,14242,0,123,77,0.480456370166913,0.792598617324116,0.0951439401728474,0.81087527165249,5.83549575236442,6.4409544467926
3,3000,2e-04,"constant",2,0,1887,109.112479886919,NA,0.878023669935894,0.875,0.84,0.92,180,1131.26504986028,17505.5068493151,2495.04109589041,14789,14589,7067,5954,1534,34,1464,15147.1489344468,14609,0,124,76,0.48553761593954,0.795138888888889,0.096651852195805,0.83453739019111,5.8471982782286,6.14439415931702
3,3000,2e-04,"constant",3,0,1888,109.112479886919,NA,0.882937921209797,0.885,0.84,0.925,170,1125.86456632513,17481.4136986301,2519.13424657534,14856,14656,7028,6054,1563,11,1501,15083.4436303605,14686,0,103,97,0.479890747695459,0.794801102796377,0.0995130844642622,0.840092240431951,5.8178717628583,5.77741432189941
3,3000,2e-04,"constant",4,0,1889,109.112479886919,NA,0.883194345515314,0.885,0.835,0.925,170,1124.31150183552,17552.0931506849,2448.45479452055,14549,14349,6956,5868,1509,16,1435,15233.0065868206,14379,0,120,80,0.485313611944464,0.795445302968686,0.0942033335193028,0.819218532886996,5.86043084483812,6.560706615448
3,3000,2e-04,"constant",5,0,1890,109.112479886919,NA,0.874170456413347,0.875,0.825,0.915,172,1133.93701386225,17436.5726027397,2563.97534246575,15114,14914,7235,6131,1532,16,1466,15029.6420176305,14942,0,110,90,0.485635655792724,0.800078298316586,0.0975405800271432,0.856934464153364,5.81674860634866,7.84281134605408
3,5000,1e-05,"seasonal",1,0.4,1891,109.112479886919,35583,0.0258498164484138,0.025,0,0.055,0,4901.86764670429,801.07397260274,18696.4602739726,635,435,108,286,41,0,56,677.360415587668,635,0,185,15,0.248275862068966,0.874617737003058,0.0826738597522195,0.792685846397986,0.0232664361930351,4.46286773681641
3,5000,1e-05,"seasonal",2,0.4,1892,109.112479886919,NA,0.0281568133252972,0.025,0.015,0.05,5,4895.77347816558,1061.04657534247,18939.501369863,761,561,147,335,79,0,95,907.257884977979,756,0,179,21,0.262032085561497,0.809178743961353,0.104711131832495,0.712504066804034,0.0296206319820371,4.29688549041748
3,5000,1e-05,"seasonal",3,0.4,1893,109.112479886919,33430,0.0118420908443373,0.01,0,0.03,0,4957.89188400636,711.742465753425,17606.0657534247,507,307,72,195,40,0,55,607.849918929669,507,0,185,15,0.234527687296417,0.829787234042553,0.0904828614550885,0.712336307576236,0.0174371721825635,4.19947695732117
3,5000,1e-05,"seasonal",4,0.4,1894,109.112479886919,35480,0.0212013040381349,0.015,0,0.05,0,4919.88996301572,1284.36438356164,18156.7315068493,822,622,199,353,70,0,92,1130.13007609755,822,0,178,22,0.319935691318328,0.83451536643026,0.0814065583651089,0.640005290181381,0.0342572670508104,4.60743689537048
3,5000,1e-05,"seasonal",5,0.4,1895,109.112479886919,NA,0.098563640348474,0.1,0.06,0.135,13,4641.32821681004,2035.42465753425,17965.1232876712,1264,1064,302,633,127,2,137,1793.468573877,1251,0,179,21,0.284369114877589,0.832894736842105,0.0763882913787794,0.614613759035172,0.0592258668622765,6.22484087944031
3,5000,1e-05,"constant",1,0,1896,109.112479886919,NA,0.445114788230782,0.445,0.42,0.48,86,3421.61299134294,9120.30136986301,10880.2465753425,3045,2845,726,2058,58,3,78,8533.00914002003,2959,0,97,103,0.255453905700211,0.972589792060491,0.0091409722783699,0.324441033251124,0.261483044552274,6.57609534263611
3,5000,1e-05,"constant",2,0,1897,109.112479886919,NA,0.491891951125966,0.495,0.455,0.525,101,3266.94547504246,9642.38630136986,10358.1616438356,2928,2728,734,1930,59,5,62,9084.86943086795,2827,0,101,99,0.269555637164892,0.970336852689794,0.00682453396515977,0.293184685994003,0.26336719717282,5.67235136032104
3,5000,1e-05,"constant",3,0,1898,109.112479886919,NA,0.445842693551038,0.45,0.395,0.48,79,3425.20973398718,9380.33150684932,10620.2164383562,3035,2835,777,2006,48,4,80,8810.2831463734,2956,0,93,107,0.274461321087955,0.976630963972736,0.00908029840481694,0.315127455553313,0.26694371216024,5.85514330863953
3,5000,1e-05,"constant",4,0,1899,109.112479886919,NA,0.384327982028382,0.39,0.335,0.425,64,3632.77369130459,8562.9205479452,11437.6273972603,2858,2658,708,1911,38,1,70,8024.14811030838,2794,0,105,95,0.26646593902898,0.98050282195998,0.00872366748939655,0.326290543554145,0.232390854123879,5.48512744903564
3,5000,1e-05,"constant",5,0,1900,109.112479886919,NA,0.396939619746863,0.4,0.35,0.435,76,3583.44517286724,8486.26849315068,11514.2794520548,2967,2767,733,1974,51,9,82,7921.47496094595,2891,0,102,98,0.265772298767223,0.974814814814815,0.010351607548376,0.340667986445791,0.240310304393925,5.95461511611938
3,5000,2e-05,"seasonal",1,0.4,1901,109.112479886919,NA,0.296611966467591,0.295,0.22,0.38,68,3833.70082543422,5011.90136986301,14988.6465753425,4782,4582,1304,2766,503,9,462,4122.32766292705,4714,0,182,18,0.285151979007216,0.846130315081065,0.112072605036922,0.940561206640195,0.305698047983716,4.71394872665405
3,5000,2e-05,"seasonal",2,0.4,1902,109.112479886919,NA,0.471851131444852,0.47,0.405,0.56,96,3274.33057202345,8173.01369863014,11827.5342465753,5750,5550,1705,3182,643,20,597,7114.86836042234,5654,0,170,30,0.308318264014467,0.831895424836601,0.0839087906841556,0.691788880880948,0.469244043965208,5.99726390838623
3,5000,2e-05,"seasonal",3,0.4,1903,109.112479886919,NA,0.372603966905923,0.37,0.31,0.455,84,3586.26413785546,6177.88219178082,13822.6657534247,5200,5000,1521,2906,545,28,510,5227.84247829043,5116,0,179,21,0.305913113435237,0.842074760938858,0.097554584346768,0.828115499969622,0.361724727284331,4.8287661075592
3,5000,2e-05,"seasonal",4,0.4,1904,109.112479886919,NA,0.312653279272369,0.31,0.255,0.395,72,3794.02898334338,5567.84931506849,14432.698630137,4906,4706,1351,2851,493,11,444,4662.40081228948,4834,0,188,12,0.287752928647497,0.852571770334928,0.0952299079113221,0.868198783131137,0.326065146969353,4.405109167099
3,5000,2e-05,"seasonal",5,0.4,1905,109.112479886919,NA,0.360508191331982,0.365,0.26,0.475,69,3621.10392252479,5670.75068493151,14329.797260274,4954,4754,1402,2831,509,12,474,4762.4983829317,4885,0,178,22,0.295655841417124,0.847604790419162,0.0995275928489062,0.861437977335271,0.331756263794419,6.13266110420227
3,5000,2e-05,"constant",1,0,1906,109.112479886919,NA,0.736506218837324,0.74,0.69,0.775,153,2420.60581694154,13469.5698630137,6530.97808219178,5022,4822,1470,3159,183,10,144,12547.4221298868,4869,0,96,104,0.305486284289277,0.94524236983842,0.0114764609422843,0.361481476358786,0.738327389759322,8.41453075408936
3,5000,2e-05,"constant",2,0,1907,109.112479886919,NA,0.715611199386335,0.72,0.675,0.75,152,2483.97364034847,13621.9945205479,6378.55342465753,4917,4717,1401,3138,167,11,132,12713.9464095515,4765,0,94,106,0.297705057373566,0.94947049924357,0.0103822995431877,0.349801931927978,0.739509366146488,5.78839468955994
3,5000,2e-05,"constant",3,0,1908,109.112479886919,NA,0.745032874910964,0.75,0.7,0.78,152,2398.44979918909,13926.2465753425,6074.30136986301,4838,4638,1437,3023,171,7,125,13042.5930017693,4686,0,101,99,0.310300151155258,0.946462116468378,0.0095839837970136,0.33648693311929,0.763544598397922,6.34149146080017
3,5000,2e-05,"constant",4,0,1909,109.112479886919,NA,0.766601008163936,0.765,0.68,0.83,162,2339.08536162402,13900.8767123288,6099.67123287671,4842,4642,1422,3051,163,6,98,13013.7428634605,4680,0,109,91,0.306729939603106,0.949284380833852,0.00753050071975532,0.336669412789575,0.761024622930497,7.36629223823547
3,5000,2e-05,"constant",5,0,1910,109.112479886919,NA,0.674083063941702,0.685,0.595,0.74,143,2605.515523259,12305.4520547945,7695.09589041096,5604,5404,1587,3657,154,6,114,11278.6743871851,5461,0,103,97,0.293997776954428,0.959590658619785,0.0101075708089886,0.443787028358073,0.702265452823538,5.38167953491211
3,5000,3e-05,"seasonal",1,0.4,1911,109.112479886919,NA,0.536741548408306,0.535,0.44,0.68,129,2977.13276149252,10139.6821917808,9860.86575342466,8653,8453,2853,4560,1021,19,928,8578.03251730429,8524,0,183,17,0.338273654256581,0.817057874932808,0.108183315711145,0.840657511623936,0.857226962760779,5.40740585327148
3,5000,3e-05,"seasonal",2,0.4,1912,109.112479886919,NA,0.569807133855679,0.57,0.435,0.695,123,2874.0840167662,10092.3260273973,9908.22191780822,8663,8463,2837,4626,981,19,897,8535.70030534189,8540,0,180,20,0.335978209379441,0.825040128410915,0.105088038229111,0.846187487088386,0.854139125082504,6.44825148582458
3,5000,3e-05,"seasonal",3,0.4,1913,109.112479886919,NA,0.630537230836666,0.625,0.53,0.735,131,2712.19664347159,10642.6164383562,9357.93150684931,8368,8168,2781,4367,1000,20,909,9134.26001581648,8237,0,180,20,0.341310751104566,0.813676169182038,0.0995154504498466,0.773963813100857,0.87284246460039,6.70687913894653
3,5000,3e-05,"seasonal",4,0.4,1914,109.112479886919,NA,0.599252917648348,0.595,0.495,0.705,127,2810.71614322503,10111.5369863014,9889.01095890411,8361,8161,2811,4392,934,24,853,8634.61562696482,8234,0,178,22,0.345459014378764,0.824633871573413,0.0987884159355268,0.814317349692241,0.825259475787293,5.09693574905396
3,5000,3e-05,"seasonal",5,0.4,1915,109.112479886919,NA,0.610097254944934,0.605,0.525,0.715,127,2770.34113034902,10097.9205479452,9902.62739726027,8219,8019,2754,4338,906,21,812,8652.01401423483,8092,0,188,12,0.344336084021005,0.827231121281464,0.0938509806692462,0.80135310647167,0.809785088169488,4.79227066040039
3,5000,3e-05,"constant",1,0,1916,109.112479886919,NA,0.889659744671525,0.89,0.865,0.915,173,1966.1263766369,16222.9616438356,3777.58630136986,4924,4724,1611,2891,220,2,152,15335.4411054652,4751,0,97,103,0.341168996188056,0.92928318868531,0.00991168098489394,0.29285651438406,1.25053397146399,6.37544798851013
3,5000,3e-05,"constant",2,0,1917,109.112479886919,NA,0.908880883239275,0.91,0.875,0.935,187,1912.38134924114,16434.4630136986,3566.08493150685,4679,4479,1543,2713,219,4,133,15591.9196836537,4492,0,103,97,0.344804469273743,0.925306957708049,0.00853005933191375,0.273328066530423,1.25599925016576,6.6064727306366
3,5000,3e-05,"constant",3,0,1918,109.112479886919,NA,0.903822530272314,0.905,0.88,0.935,179,1927.2495723522,16862.1808219178,3138.36712328767,4317,4117,1401,2496,215,5,152,16069.2082118775,4138,0,89,111,0.340710116731518,0.920693471043895,0.0094590846042837,0.245401235089434,1.31182867977764,6.70430827140808
3,5000,3e-05,"constant",4,0,1919,109.112479886919,NA,0.862777656018848,0.87,0.785,0.905,175,2034.493630486,16084.8712328767,3915.67671232877,5211,5011,1754,3033,217,7,155,15162.2137082049,5036,0,94,106,0.350519584332534,0.933230769230769,0.0102227816454086,0.313089233173757,1.27972771199996,6.20538258552551
3,5000,3e-05,"constant",5,0,1920,109.112479886919,NA,0.88479316201852,0.885,0.855,0.915,182,1976.3572680949,16312.8246575342,3687.72328767123,5079,4879,1659,2969,245,6,165,15389.9012781859,4897,0,104,96,0.340447363020726,0.923771001866833,0.0107213163370889,0.300193259156885,1.32303853065967,8.15280532836914
3,5000,5e-05,"seasonal",1,0.4,1921,109.112479886919,NA,0.796466494986576,0.79,0.72,0.89,161,2239.11841378555,14388.0191780822,5612.52876712329,10153,9953,3949,4702,1287,15,1157,12624.0785152357,9992,0,184,16,0.397363654658885,0.785106027717482,0.0916502538069331,0.694466686228858,1.77335393954719,5.37822198867798
3,5000,5e-05,"seasonal",2,0.4,1922,109.112479886919,NA,0.793300641060764,0.785,0.715,0.885,173,2242.8436718536,14195.1232876712,5805.42465753425,10735,10535,4190,4986,1339,20,1205,12345.298297179,10562,0,181,19,0.39847836424156,0.788300395256917,0.0976080100288341,0.744058349191889,1.81468206401193,5.50468373298645
3,5000,5e-05,"seasonal",3,0.4,1923,109.112479886919,NA,0.801043230507917,0.795,0.71,0.895,171,2225.91734124158,14568.5205479452,5432.02739726027,10154,9954,4016,4628,1289,21,1155,12812.7214263599,9983,0,184,16,0.404308869425148,0.78215311813419,0.0901447835760945,0.685244597565402,1.83246498444033,6.81553626060486
3,5000,5e-05,"seasonal",4,0.4,1924,109.112479886919,NA,0.794057037970522,0.795,0.695,0.9,168,2238.49321297463,14504.5835616438,5495.96438356164,9872,9672,3804,4556,1298,14,1160,12774.7104168298,9704,0,184,16,0.393870366535515,0.778271267509395,0.0908044066871198,0.669029893809666,1.75983673200809,6.18738436698914
3,5000,5e-05,"seasonal",5,0.4,1925,109.112479886919,NA,0.781290066297737,0.78,0.68,0.885,166,2267.9384031012,14224.1260273973,5776.42191780822,10590,10390,4194,4845,1333,18,1201,12408.4051971201,10424,0,184,16,0.404357886617817,0.784234380058271,0.0967892312445396,0.732839401164065,1.79869132619425,6.27439045906067
3,5000,5e-05,"constant",1,0,1926,109.112479886919,NA,0.956271163223933,0.955,0.93,0.98,190,1778.59090625171,18364.7534246575,1635.79452054794,4026,3826,1480,2078,267,1,180,17639.211622966,3836,0,98,102,0.386928104575163,0.886140724946695,0.0102045376997259,0.208878383025256,2.33892457270147,6.50675201416016
3,5000,5e-05,"constant",2,0,1927,109.112479886919,NA,0.962229466878527,0.96,0.935,0.985,193,1768.9870445455,18542.298630137,1458.24931506849,3663,3463,1353,1842,265,3,171,17877.8153209349,3470,0,104,96,0.391040462427746,0.874228761271951,0.00956492708590402,0.187139689054526,2.37476538765756,6.08361196517944
3,5000,5e-05,"constant",3,0,1928,109.112479886919,NA,0.958723083666648,0.96,0.935,0.975,189,1777.93728261465,18437.0876712329,1563.4602739726,3828,3628,1464,1903,255,6,171,17762.7377347399,3639,0,101,99,0.404196576477084,0.881835032437442,0.00962689437594764,0.197373905515342,2.32049388167798,6.64410424232483
3,5000,5e-05,"constant",4,0,1929,109.112479886919,NA,0.960693386663744,0.96,0.94,0.985,195,1770.0390058079,18353.095890411,1647.45205479452,3825,3625,1397,1958,266,4,159,17663.3149261901,3630,0,116,84,0.385805026235846,0.880395683453237,0.00900170781444002,0.197786794210375,2.20036752477882,6.71619176864624
3,5000,5e-05,"constant",5,0,1930,109.112479886919,NA,0.966664292367541,0.965,0.94,0.99,189,1754.85960796669,18583.5589041096,1416.98904109589,3620,3420,1347,1805,264,4,172,17925.9623753988,3431,0,107,93,0.394320843091335,0.872402126631223,0.00959502181238812,0.184625561643161,2.41356841924126,6.96295785903931
3,5000,8e-05,"seasonal",1,0.4,1931,109.112479886919,NA,0.883355158621445,0.88,0.81,0.965,182,2032.69292696291,17135.4301369863,2865.11780821918,9442,9242,4178,3577,1474,13,1330,15489.1440793815,9260,0,175,25,0.452703434825008,0.708176598693328,0.0858665910255452,0.540400790991092,3.22569633035243,7.0008499622345
3,5000,8e-05,"seasonal",2,0.4,1932,109.112479886919,NA,0.901878527203989,0.9,0.84,0.97,187,2001.43401594433,17066.0246575342,2934.52328767123,9304,9104,4177,3490,1425,12,1265,15483.7206669706,9117,0,185,15,0.459414870215574,0.710071210579858,0.0816987097098995,0.534219314863996,3.10237783364967,6.8018262386322
3,5000,8e-05,"seasonal",3,0.4,1933,109.112479886919,NA,0.897004273738425,0.895,0.83,0.965,184,2007.58293435976,16718.8191780822,3281.72876712329,10031,9831,4418,3955,1440,18,1291,15017.5141786497,9847,0,183,17,0.45021909711607,0.733086190917516,0.0859662914009701,0.588977002210125,2.99567718651462,5.51509165763855
3,5000,8e-05,"seasonal",4,0.4,1934,109.112479886919,NA,0.877576297189195,0.875,0.795,0.96,176,2037.2268262013,17081.8273972603,2918.72054794521,9452,9252,4234,3570,1435,13,1292,15469.92332232,9276,0,180,20,0.45827470505466,0.713286713286713,0.08351689747136,0.543033235512482,3.16988209320466,5.82593703269958
3,5000,8e-05,"seasonal",5,0.4,1935,109.112479886919,NA,0.892037970522163,0.895,0.805,0.965,185,2014.28568379815,17215.4602739726,2785.08767123288,8999,8799,3977,3385,1416,21,1270,15658.59741305,8814,0,182,18,0.453064479380269,0.705061445532181,0.081105603937526,0.511981664139735,3.15932603877599,5.33516550064087
3,5000,8e-05,"constant",1,0,1936,109.112479886919,NA,0.987620404361405,0.99,0.975,1,196,1706.95556873596,19419.1561643836,581.391780821916,2517,2317,996,1066,253,2,159,18949.8025805476,2321,0,100,100,0.43023758099352,0.808188021228203,0.0083905887316851,0.11952115634442,3.9852644575134,5.16270756721497
3,5000,8e-05,"constant",2,0,1937,109.112479886919,NA,0.984047997370007,0.985,0.965,0.995,196,1714.72048627472,19368.5150684932,632.032876712328,2646,2446,1087,1115,243,1,140,18891.350627005,2450,0,108,92,0.444580777096115,0.821060382916053,0.00741079887638481,0.126493951205657,3.87005184401713,5.83782553672791
3,5000,8e-05,"constant",3,0,1938,109.112479886919,NA,0.985483261191168,0.985,0.965,1,197,1710.42653525834,19389.1835616438,611.364383561642,2521,2321,1009,1047,263,2,156,18923.2747379165,2324,0,112,88,0.435101336783096,0.799236641221374,0.00824381626122159,0.119860642538729,3.79642658683924,5.117995262146
3,5000,8e-05,"constant",4,0,1939,109.112479886919,NA,0.983078735411758,0.985,0.97,0.995,198,1717.54058298175,19380.9479452055,619.599999999999,2575,2375,1053,1067,250,5,151,18911.3971517215,2377,0,106,94,0.444303797468354,0.810174639331815,0.00798460308292211,0.122646219716411,3.83311814073597,5.7241997718811
3,5000,8e-05,"constant",5,0,1940,109.112479886919,NA,0.986024053476522,0.985,0.97,1,193,1711.71473042573,19434.8246575342,565.723287671233,2415,2215,976,979,258,2,162,18985.6847723284,2222,0,105,95,0.441030275643922,0.791430881164107,0.00853274464116851,0.114330848832156,3.91534173733225,6.36842560768127
3,5000,1e-04,"seasonal",1,0.4,1941,109.112479886919,NA,0.920636129527149,0.92,0.86,0.985,192,1959.81993205852,17843.3178082192,2157.2301369863,8683,8483,3979,3044,1448,12,1289,16329.675754984,8491,0,179,21,0.469720221933656,0.677649154051647,0.0789360437611004,0.475864415534245,3.93235744974847,6.10052156448364
3,5000,1e-04,"seasonal",2,0.4,1942,109.112479886919,NA,0.924972878198455,0.92,0.865,0.985,194,1957.013507753,17809.8712328767,2190.67671232877,8895,8695,4130,3072,1480,13,1317,16268.4938566961,8701,0,182,18,0.475696844045151,0.674868189806678,0.0809540214110183,0.488549293042507,3.96909318068977,5.85939192771912
3,5000,1e-04,"seasonal",3,0.4,1943,109.112479886919,NA,0.915387649991781,0.915,0.855,0.985,187,1972.68779162786,17596.4821917808,2404.06575342466,9159,8959,4171,3231,1539,18,1383,16011.0688954062,8972,0,187,13,0.466502628341349,0.677358490566038,0.0863777433620815,0.509874638704249,3.72660356200227,5.90783047676086
3,5000,1e-04,"seasonal",4,0.4,1944,109.112479886919,NA,0.919463043120925,0.92,0.845,0.985,190,1963.0116292258,17819.7945205479,2180.75342465753,8893,8693,4090,3077,1509,17,1353,16267.5329685996,8703,0,183,17,0.471415398801291,0.670955080680331,0.083171800088657,0.488389469921474,3.98623700493106,4.52229738235474
3,5000,1e-04,"seasonal",5,0.4,1945,109.112479886919,NA,0.918623637060983,0.915,0.855,0.98,190,1966.46110761054,17783.9506849315,2216.59726027397,9063,8863,4243,3097,1502,21,1348,16226.4015123762,8873,0,185,15,0.479868807962,0.673407262448358,0.083074488140322,0.498933007473877,3.99847106140722,4.75478219985962
3,5000,1e-04,"constant",1,0,1946,109.112479886919,NA,0.990181633883075,0.99,0.975,1,199,1702.26166977152,19543.0273972603,457.520547945205,2355,2155,974,937,242,2,144,19108.2930590078,2156,0,101,99,0.452392011147236,0.794741306191688,0.00753599495021966,0.110320676329925,4.71017096320249,4.59325385093689
3,5000,1e-04,"constant",2,0,1947,109.112479886919,NA,0.9888959509068,0.99,0.975,1,196,1704.06352501233,19515.1780821918,485.369863013697,2445,2245,1022,949,273,1,162,19067.880183618,2249,0,116,84,0.455436720142603,0.776595744680851,0.00849596276250892,0.115243631932433,4.62533867690225,5.06371903419495
3,5000,1e-04,"constant",3,0,1948,109.112479886919,NA,0.990607637937647,0.99,0.975,1,198,1700.71878527204,19589.695890411,410.852054794519,2213,2013,901,871,241,0,144,19170.6501310082,2015,0,99,101,0.447590660705415,0.783273381294964,0.0075114823449353,0.102860198099672,4.89957388921121,5.92715334892273
3,5000,1e-04,"constant",4,0,1949,109.112479886919,NA,0.9907487260972,0.99,0.98,1,197,1699.49993452414,19591.0904109589,409.457534246576,2205,2005,926,845,233,1,139,19182.6821338543,2008,0,98,102,0.462075848303393,0.783858998144712,0.00724611913131207,0.102495571092702,4.89672269357385,4.61549663543701
3,5000,1e-04,"constant",5,0,1950,109.112479886919,NA,0.984881102405348,0.985,0.965,1,197,1711.17650950633,19527.0849315068,473.463013698631,2398,2198,986,950,258,4,156,19083.0838815868,2201,0,109,91,0.449407474931632,0.786423841059603,0.00817477934740535,0.11271523669407,4.6423900841367,4.79418921470642
3,5000,2e-04,"seasonal",1,0.4,1951,109.112479886919,NA,0.968129417566161,0.97,0.925,1,192,1884.13560352857,19158.3479452055,842.200000000001,6847,6647,3483,1592,1564,8,1402,17918.1326310932,6655,0,178,22,0.524627202892002,0.504435994930291,0.078244760704981,0.34736815611836,7.89242460223224,4.72808456420898
3,5000,2e-04,"seasonal",2,0.4,1952,109.112479886919,NA,0.971880992822311,0.975,0.935,1,191,1879.42740452578,19124.002739726,876.545205479451,6822,6622,3434,1705,1478,5,1312,17891.2061854633,6631,0,180,20,0.518966298927006,0.535658184103047,0.0733321155879367,0.346737034618047,7.55465885684459,4.86903834342957
3,5000,2e-04,"seasonal",3,0.4,1953,109.112479886919,NA,0.966870308476248,0.97,0.925,1,199,1885.71478247767,19131.6493150685,868.898630136984,6825,6625,3457,1612,1546,10,1376,17895.8806944259,6626,0,181,19,0.52260015117158,0.510449651678277,0.0768892028000939,0.34633710303174,7.62459482639022,4.60972189903259
3,5000,2e-04,"seasonal",4,0.4,1954,109.112479886919,NA,0.969290997753548,0.97,0.93,1,197,1883.13877513561,19128.6821917808,871.865753424656,6578,6378,3288,1636,1441,13,1272,17938.4283395259,6381,0,185,15,0.516575019638649,0.531686707832304,0.070909222141677,0.333582833152081,7.31534639931372,4.75098085403442
3,5000,2e-04,"seasonal",5,0.4,1955,109.112479886919,NA,0.969745493397622,0.97,0.925,1,197,1882.96194619473,19172.5342465753,828.013698630137,6587,6387,3321,1597,1455,14,1293,17978.5834781654,6390,0,179,21,0.52110466028558,0.523263433813893,0.07191890293083,0.333289272968252,7.71364049962776,4.83553457260132
3,5000,2e-04,"constant",1,0,1956,109.112479886919,NA,0.997132211933593,1,0.99,1,198,1687.26760067941,19860.0301369863,140.517808219178,1516,1316,677,425,213,1,112,19570.1873029381,1318,0,104,96,0.514828897338403,0.666144200626959,0.00572299070347606,0.0663644511568703,9.36536099358539,4.47071194648743
3,5000,2e-04,"constant",2,0,1957,109.112479886919,NA,0.997644512629445,1,0.99,1,200,1685.78351816339,19875.8109589041,124.73698630137,1337,1137,557,363,216,1,112,19602.8521318706,1137,0,105,95,0.490316901408451,0.626943005181347,0.00571345430994243,0.0572052130275791,9.11517933624721,4.36620831489563
3,5000,2e-04,"constant",3,0,1958,109.112479886919,NA,0.996926743740069,1,0.985,1,200,1687.09414936168,19876.6136986301,123.934246575343,1382,1182,583,380,218,1,119,19594.9050605313,1182,0,100,100,0.493649449618967,0.635451505016722,0.00607300722470421,0.0594668698562805,9.53731541250324,4.19800853729248
3,5000,2e-04,"constant",4,0,1959,109.112479886919,NA,0.996365952550545,0.995,0.99,1,200,1688.292093036,19843.3780821918,157.169863013696,1602,1402,713,448,240,1,132,19534.6867225648,1402,0,109,91,0.508922198429693,0.651162790697674,0.00675721099983267,0.0706532927101867,8.92028518137619,4.23171329498291
3,5000,2e-04,"constant",5,0,1960,109.112479886919,NA,0.996728398443921,1,0.99,1,200,1687.58337926689,19847.9726027397,152.575342465752,1708,1508,794,478,236,0,134,19528.5113632237,1508,0,102,98,0.526525198938992,0.669467787114846,0.00686176214395687,0.075977533332137,9.88364158735866,4.17531275749207
3,7500,1e-05,"seasonal",1,0.4,1961,109.112479886919,NA,0.819462221248151,0.825,0.73,0.875,178,3483.58953755959,12466.202739726,7534.34520547945,3248,3048,921,1737,383,7,232,11833.2150846804,3070,0,180,20,0.302860901019401,0.819339622641509,0.019605829720813,0.246265848879293,0.40454743137908,3.98367691040039
3,7500,1e-05,"seasonal",2,0.4,1962,109.112479886919,NA,0.838965536135006,0.845,0.77,0.885,172,3411.51288258178,13372.8904109589,6627.65753424657,3049,2849,924,1547,374,4,235,12785.3054956393,2877,0,171,29,0.324780316344464,0.805309734513274,0.0183804759362341,0.215136736456192,0.429865300866646,3.97849345207214
3,7500,1e-05,"seasonal",3,0.4,1963,109.112479886919,NA,0.851622924771245,0.855,0.76,0.905,168,3353.98133937866,13282.0493150685,6718.49863013699,3058,2858,850,1619,385,4,253,12675.0332707691,2890,0,168,32,0.297827610371409,0.807884231536926,0.0199604998736739,0.217586904810035,0.425392659481978,4.0163049697876
3,7500,1e-05,"seasonal",4,0.4,1964,109.112479886919,NA,0.818449126075284,0.815,0.73,0.89,178,3492.35097309736,12350.0191780822,7650.52876712329,3034,2834,866,1558,407,3,254,11747.9921073774,2856,0,178,22,0.305898975626987,0.792875318066158,0.0216207159213611,0.231254701617678,0.370431912128556,3.82818222045898
3,7500,1e-05,"seasonal",5,0.4,1965,109.112479886919,NA,0.85371541285409,0.855,0.795,0.9,177,3338.98608870747,13837.797260274,6162.75068493151,2906,2706,811,1496,390,9,248,13254.5967467139,2729,0,174,26,0.300704486466444,0.7932131495228,0.0187104900087953,0.197213468926482,0.43908964330107,3.85451459884644
3,7500,1e-05,"constant",1,0,1966,109.112479886919,NA,0.880916114185524,0.895,0.795,0.945,188,3038.54002684784,15529.6821917808,4470.86575342466,2812,2612,757,1752,102,1,13,14971.3130302299,2624,0,102,98,0.289927230945998,0.944983818770227,0.000868327311956575,0.168966754605498,0.584226891178565,4.22870469093323
3,7500,1e-05,"constant",2,0,1967,109.112479886919,NA,0.876848939784121,0.88,0.8,0.94,186,3055.48277272478,15551.6712328767,4448.87671232877,2876,2676,784,1796,96,0,14,14980.9541261203,2690,0,96,104,0.292974588938714,0.949260042283298,0.000934519916564595,0.17297176359498,0.601500147797813,3.96162748336792
3,7500,1e-05,"constant",3,0,1968,109.112479886919,NA,0.930291216919621,0.94,0.87,0.97,193,2817.30834995343,16717.4520547945,3283.09589041096,2302,2102,603,1403,95,1,13,16243.177842287,2109,0,90,110,0.287006187529748,0.936582109479306,0.000800336001133728,0.126155588368812,0.64024934700792,4.07748103141785
3,7500,1e-05,"constant",4,0,1969,109.112479886919,NA,0.8952569722207,0.895,0.845,0.94,185,2967.47459974796,16465.7260273973,3534.82191780822,2483,2283,692,1508,83,0,17,15973.5641605322,2298,0,81,119,0.303109943057381,0.947831552482715,0.0010642584102804,0.139562628224007,0.645859976282931,3.99509859085083
3,7500,1e-05,"constant",5,0,1970,109.112479886919,NA,0.885389567694921,0.885,0.82,0.935,189,3013.49684099501,15473.9671232877,4526.58082191781,2888,2688,781,1805,98,4,14,14902.7011637089,2699,0,99,101,0.290983606557377,0.948502364687336,0.000939427010325673,0.174421981027614,0.593825694436879,4.11656451225281
3,7500,2e-05,"seasonal",1,0.4,1971,109.112479886919,NA,0.932931072270013,0.935,0.885,0.97,178,2986.466782916,17039.7068493151,2960.84109589041,3224,3024,1083,1482,454,5,311,16422.7159989099,3046,0,170,30,0.358728055647565,0.765495867768595,0.0189371843257013,0.178758943856035,1.02133140619983,4.02959060668945
3,7500,2e-05,"seasonal",2,0.4,1972,109.112479886919,NA,0.932347268642814,0.93,0.905,0.96,189,2988.51083831023,16165.6164383562,3834.93150684931,3839,3639,1287,1887,461,4,298,15452.619200882,3650,0,178,22,0.354057771664374,0.80366269165247,0.0192847565921375,0.225787863637519,0.948908733702447,11.2372281551361
3,7500,2e-05,"seasonal",3,0.4,1973,109.112479886919,NA,0.935795572845324,0.935,0.905,0.965,189,2975.65539066353,16835.2054794521,3165.34246575342,3490,3290,1167,1660,459,4,303,16175.0045608843,3301,0,171,29,0.355143031040779,0.783388390750354,0.0187326067735856,0.196077202860932,1.03938200545289,5.8132016658783
3,7500,2e-05,"seasonal",4,0.4,1974,109.112479886919,NA,0.927428086132267,0.925,0.9,0.96,185,3004.29212974632,16227.9698630137,3772.57808219178,3597,3397,1167,1737,487,6,327,15534.261993879,3412,0,181,19,0.34414626953701,0.781025179856115,0.021050243656818,0.210254272641739,0.900445246192604,5.01910901069641
3,7500,2e-05,"seasonal",5,0.4,1975,109.112479886919,NA,0.91067037422607,0.91,0.87,0.955,188,3066.39890444359,16547.1698630137,3453.37808219178,3955,3755,1361,1876,513,5,355,15807.2252841952,3767,0,175,25,0.362933333333333,0.785265801590624,0.0224580844276917,0.227652222777988,1.08734112241101,4.86166286468506
3,7500,2e-05,"constant",1,0,1976,109.112479886919,NA,0.997187003451866,1,0.99,1,200,2528.28522765876,18608.1397260274,1392.40821917808,1947,1747,585,1054,108,0,14,18214.6188875515,1747,0,94,106,0.334859759587865,0.907056798623064,0.000768613391607555,0.0938836458518448,1.25466079267417,5.27774453163147
3,7500,2e-05,"constant",2,0,1977,109.112479886919,NA,0.990280258615966,1,0.955,1,200,2554.9059057038,18238.2164383562,1762.33150684931,2365,2165,735,1301,129,0,18,17772.9732029506,2165,0,111,89,0.339491916859122,0.90979020979021,0.00101277370952271,0.118706782942156,1.22848623632144,5.52738213539124
3,7500,2e-05,"constant",3,0,1978,109.112479886919,NA,0.998801983452961,1,0.995,1,200,2522.8496175552,18932.3698630137,1068.17808219178,1654,1454,530,815,109,0,17,18597.1942131419,1454,0,92,108,0.364511691884457,0.882034632034632,0.000914116387943443,0.076799682793042,1.36119625017633,5.59928703308105
3,7500,2e-05,"constant",4,0,1979,109.112479886919,NA,0.995820229028546,0.995,0.985,1,199,2534.37901977974,18945.4356164384,1055.11232876712,1634,1434,489,846,99,0,7,18609.5075170272,1435,0,93,107,0.341004184100418,0.895238095238095,0.00037615181345316,0.0757438376742784,1.35909699934565,6.88453769683838
3,7500,2e-05,"constant",5,0,1980,109.112479886919,NA,0.993812667799025,0.995,0.985,1,199,2542.858830749,18614.0328767123,1386.51506849315,1977,1777,602,1079,96,0,12,18215.73397292,1778,0,85,115,0.33877321328081,0.918297872340425,0.000658771149042885,0.0955193327408604,1.2816304996463,7.84424662590027
3,7500,3e-05,"seasonal",1,0.4,1981,109.112479886919,NA,0.953752671086516,0.955,0.92,0.985,194,2899.00843433237,17725.3232876712,2275.22465753425,3820,3620,1369,1724,526,1,357,17008.4827509405,3626,0,176,24,0.37828129317491,0.766222222222222,0.0209895265337679,0.204566085546211,1.59105167395783,7.1410825252533
3,7500,3e-05,"seasonal",2,0.4,1982,109.112479886919,NA,0.961393348309682,0.96,0.935,0.99,194,2870.72922908334,18206.3287671233,1794.21917808219,3422,3222,1279,1451,487,5,330,17568.1505052275,3228,0,168,32,0.397575380789556,0.748710010319917,0.0187839920828209,0.177300983701287,1.79576722808411,6.99659442901611
3,7500,3e-05,"seasonal",3,0.4,1983,109.112479886919,NA,0.959645224919182,0.96,0.935,0.985,192,2884.6177299874,17532.8739726027,2467.67397260274,3984,3784,1500,1763,518,3,346,16816.9074928514,3792,0,183,17,0.396720444326898,0.772906619903551,0.0205745319195625,0.216279430624179,1.53342785230615,4.88792014122009
3,7500,3e-05,"seasonal",4,0.4,1984,109.112479886919,NA,0.964381403758698,0.965,0.94,0.99,196,2863.31445619418,17660.2876712329,2340.2602739726,3756,3556,1369,1697,486,4,311,16974.9524217132,3560,0,183,17,0.385416666666667,0.777370590929913,0.0183211117341448,0.201582220305445,1.51948910962953,5.49774098396301
3,7500,3e-05,"seasonal",5,0.4,1985,109.112479886919,NA,0.961759903566928,0.96,0.935,0.99,194,2866.66104021697,18027.0410958904,1973.50684931507,3414,3214,1269,1486,455,4,291,17404.7571116756,3220,0,174,26,0.395327102803738,0.7655847501288,0.0167195668478929,0.178620550254032,1.62857301514584,5.68222498893738
3,7500,3e-05,"constant",1,0,1986,109.112479886919,NA,0.999222234398115,1,0.995,1,200,2521.05644512629,19396.695890411,603.852054794519,1436,1236,472,660,104,0,19,19103.1795900196,1236,0,85,115,0.381877022653722,0.863874345549738,0.000994598826361163,0.0637221930468598,2.04685897843072,5.96980905532837
3,7500,3e-05,"constant",2,0,1987,109.112479886919,NA,0.999938359541943,1,1,1,200,2518.96601884828,19467.7753424658,532.772602739726,1326,1126,435,592,99,0,15,19192.4910280451,1126,0,84,116,0.386323268206039,0.856729377713459,0.000781555660392451,0.0578391716666165,2.11347204081003,6.08354640007019
3,7500,3e-05,"constant",3,0,1988,109.112479886919,NA,0.999137307544792,1,0.995,1,200,2520.70055065476,19181.597260274,818.950684931508,1817,1617,595,908,114,0,11,18819.2161647008,1617,0,103,97,0.367965367965368,0.888454011741683,0.000584508935108185,0.0842995490969298,1.97447786509298,7.69233989715576
3,7500,3e-05,"constant",4,0,1989,109.112479886919,NA,1,1,1,1,200,2517.95414963564,19432.2794520548,568.268493150685,1379,1179,450,640,89,0,12,19144.8170723177,1179,0,77,123,0.381679389312977,0.877914951989026,0.000626801496962398,0.0606722439798657,2.07472350519241,6.02682828903198
3,7500,3e-05,"constant",5,0,1990,109.112479886919,NA,0.999752068379815,1,0.995,1,200,2518.31423264479,19448.6876712329,551.860273972601,1386,1186,459,624,103,0,14,19165.2161478255,1186,0,89,111,0.387015177065767,0.858321870701513,0.000730490065544524,0.0609809782566588,2.14909471823819,6.60443019866943
3,7500,5e-05,"seasonal",1,0.4,1991,109.112479886919,NA,0.977383431044874,0.98,0.95125,1,199,2813.77524683579,18881.9452054795,1118.60273972603,3289,3089,1358,1217,508,6,336,18286.1814992047,3090,0,179,21,0.440480051897502,0.705507246376812,0.0183745305171893,0.16364839355128,2.76148081020843,7.25223517417908
3,7500,5e-05,"seasonal",2,0.4,1992,109.112479886919,NA,0.97394224973974,0.975,0.95,0.995,195,2823.05730672292,18804.1095890411,1196.43835616438,3581,3381,1543,1344,492,2,329,18181.0135020508,3386,0,170,30,0.456643977508139,0.73202614379085,0.018095800872866,0.180067021199097,2.82588733684451,6.59235072135925
3,7500,5e-05,"seasonal",3,0.4,1993,109.112479886919,NA,0.979647690537505,0.98,0.955,1,198,2810.12946304312,18779.8383561644,1220.7095890411,3473,3273,1481,1295,495,2,322,18176.4591866517,3275,0,177,23,0.452766738000611,0.723463687150838,0.0177152214682422,0.174389147440398,2.68122740198268,6.02263736724854
3,7500,5e-05,"seasonal",4,0.4,1994,109.112479886919,NA,0.985264643033258,0.985,0.965,1,197,2795.59278505287,18646.7095890411,1353.83835616438,3748,3548,1596,1480,469,3,300,18007.2456230241,3551,0,175,25,0.450211565585331,0.759363776295536,0.0166599604559411,0.190435743263088,2.62069691248222,5.92232823371887
3,7500,5e-05,"seasonal",5,0.4,1995,109.112479886919,NA,0.977383431044874,0.98,0.95,0.995,197,2817.64157963947,18724.397260274,1276.1506849315,3516,3316,1439,1365,508,4,333,18097.2061736143,3319,0,182,18,0.434480676328502,0.728777362520021,0.0184006302854367,0.177255371901431,2.59843922755719,7.14621663093567
3,7500,5e-05,"constant",1,0,1996,109.112479886919,NA,0.99968686647307,1,0.995,1,200,2518.93735083009,19731.7753424658,268.772602739726,1128,928,366,459,103,0,14,19483.8161478255,928,0,89,111,0.394396551724138,0.816725978647687,0.000718545068059601,0.0470307402093112,3.45273286987014,6.80612921714783
3,7500,5e-05,"constant",2,0,1997,109.112479886919,NA,0.999683852939565,1,0.995,1,200,2518.33347268643,19735.797260274,264.750684931507,1076,876,356,417,103,0,15,19502.3376033876,876,0,88,112,0.406392694063927,0.801923076923077,0.000769138567132305,0.0443863497606602,3.30877330960118,6.29803967475891
3,7500,5e-05,"constant",3,0,1998,109.112479886919,NA,0.999107720124925,1,0.99,1,200,2521.18923100104,19652.5616438356,347.986301369863,1388,1188,494,584,110,0,17,19370.0517473885,1188,0,93,107,0.415824915824916,0.84149855907781,0.000877643499444546,0.0604501347727683,3.41392748887926,6.51858496665955
3,7500,5e-05,"constant",4,0,1999,109.112479886919,NA,0.999998904169635,1,1,1,200,2517.78593337351,19756.2054794521,244.342465753423,1053,853,347,401,105,0,17,19524.7832542378,853,0,88,112,0.406799531066823,0.792490118577075,0.000870688282611802,0.0431763073575634,3.49100185008692,6.47081708908081
3,7500,5e-05,"constant",5,0,2000,109.112479886919,NA,0.997856829762753,1,0.995,1,200,2524.28715330667,19733.4493150685,267.098630136985,1154,954,392,446,116,0,17,19487.4873638269,954,0,99,101,0.410901467505241,0.793594306049822,0.000872354638779948,0.048344310453192,3.57171431209037,6.09410881996155
3,7500,8e-05,"seasonal",1,0.4,2001,109.112479886919,NA,0.991665114240316,0.995,0.975,1,197,2775.23423100104,19340.997260274,659.550684931506,2860,2660,1251,917,489,3,326,18815.7431936663,2663,0,169,31,0.470831765148664,0.652204836415363,0.0173259167413455,0.137686798884448,4.03304865080421,7.37361240386963
3,7500,8e-05,"seasonal",2,0.4,2002,109.112479886919,NA,0.989845761876062,0.99,0.965,1,195,2780.56003725823,19395.9753424658,604.572602739725,2667,2467,1163,816,481,7,312,18903.9524385885,2472,0,181,19,0.472764227642276,0.629144178874325,0.0165044850283857,0.127449120570275,4.08056863447064,5.67243194580078
3,7500,8e-05,"seasonal",3,0.4,2003,109.112479886919,NA,0.990993096268698,0.99,0.97,1,198,2778.09054380582,19373.8219178082,626.726027397261,2632,2432,1111,824,493,4,322,18875.6984673083,2434,0,177,23,0.457578253706755,0.625664388762339,0.0170589713836384,0.125633445498056,3.88048348669974,6.10631370544434
3,7500,8e-05,"seasonal",4,0.4,2004,109.112479886919,NA,0.988044764670429,0.99,0.97,1,198,2783.39041614158,19287.9369863014,712.610958904108,3013,2813,1324,969,519,1,341,18745.6088458391,2815,0,181,19,0.470839260312945,0.651209677419355,0.0181909268887626,0.145946142503434,3.94745543111768,7.98039317131042
3,7500,8e-05,"seasonal",5,0.4,2005,109.112479886919,NA,0.989029916168977,0.99,0.97,1,198,2783.03897074133,19410.7095890411,589.838356164382,2620,2420,1162,778,478,2,309,18932.0720451662,2422,0,173,27,0.480562448304384,0.619426751592357,0.016321509830663,0.124776479133324,4.10281897524747,5.97038412094116
3,7500,8e-05,"constant",1,0,2006,109.112479886919,NA,0.999823845268752,1,0.995,1,200,2517.63811161032,19859.0493150685,141.498630136986,941,741,338,285,118,0,10,19656.122106399,741,0,108,92,0.456140350877193,0.707196029776675,0.000508747348325871,0.0373129643944109,5.23679981412279,5.31310296058655
3,7500,8e-05,"constant",2,0,2007,109.112479886919,NA,0.99985754205249,1,0.995,1,200,2517.51506821544,19887.7479452055,112.799999999999,830,630,300,221,109,0,19,19702.9878091977,630,0,90,110,0.476190476190476,0.66969696969697,0.000964320750943697,0.0316777948783225,5.58510638297876,5.45760774612427
3,7500,8e-05,"constant",3,0,2008,109.112479886919,NA,1,1,1,1,200,2516.77562955455,19881.7698630137,118.77808219178,886,686,321,252,113,0,19,19684.9768502936,686,0,94,106,0.467930029154519,0.69041095890411,0.000965203065489846,0.0345039704576892,5.77547631129771,5.20702433586121
3,7500,8e-05,"constant",4,0,2009,109.112479886919,NA,1,1,1,1,200,2517.4852273848,19872.0849315068,128.463013698631,910,710,320,283,107,0,10,19670.5549831113,710,0,97,103,0.450704225352113,0.725641025641026,0.00050837406512352,0.035728510744955,5.52688263771884,6.41196274757385
3,7500,8e-05,"constant",5,0,2010,109.112479886919,NA,0.999990411484302,1,1,1,200,2517.0420264643,19869.3479452055,131.200000000001,899,699,310,279,110,0,9,19668.8636645355,699,0,101,99,0.443490701001431,0.717223650385604,0.000457576002025359,0.0351798157608222,5.32774390243899,7.12316060066223
3,7500,1e-04,"seasonal",1,0.4,2011,109.112479886919,NA,0.994875075338338,0.995,0.98,1,199,2768.58558298175,19599.1095890411,401.438356164384,2122,1922,920,565,435,2,266,19191.7188567631,1923,0,172,28,0.479166666666667,0.565,0.0138601446793424,0.0981167022544357,4.78778365466643,6.18527865409851
3,7500,1e-04,"seasonal",2,0.4,2012,109.112479886919,NA,0.990266834693989,0.99,0.97,1,198,2778.2393649663,19538.9397260274,461.608219178081,2600,2400,1212,683,502,3,341,19061.3412771806,2402,0,166,34,0.505632040050063,0.576371308016878,0.0178896120184486,0.12293399916682,5.19921418269661,6.52604508399963
3,7500,1e-04,"seasonal",3,0.4,2013,109.112479886919,NA,0.992248917867514,0.995,0.975,1,199,2774.69400471207,19554.8821917808,445.665753424655,2328,2128,1006,638,481,3,314,19104.5368572233,2129,0,171,29,0.473411764705882,0.570151921358356,0.0164358865303389,0.108873067048946,4.77487889443532,7.46545886993408
3,7500,1e-04,"seasonal",4,0.4,2014,109.112479886919,NA,0.993227768341461,0.995,0.98,1,199,2772.34337543148,19523.1178082192,477.430136986302,2403,2203,1054,650,496,3,322,19068.9961729531,2204,0,178,22,0.479090909090909,0.567190226876091,0.016886048802963,0.112891804559624,4.61428768176653,5.41505813598633
3,7500,1e-04,"seasonal",5,0.4,2015,109.112479886919,NA,0.992871075557504,0.995,0.975,1,200,2772.9102383431,19490.197260274,510.350684931505,2641,2441,1193,764,482,2,304,19007.6391853292,2441,0,180,20,0.489134891348913,0.613162118780096,0.0159935695872551,0.125242447133944,4.78298564511108,4.84117102622986
3,7500,1e-04,"constant",1,0,2016,109.112479886919,NA,0.999827954632623,1,0.995,1,200,2516.94544107172,19921.5260273973,79.0219178082189,755,555,265,176,114,0,16,19747.8974151141,555,0,98,102,0.477477477477477,0.606896551724138,0.000810212837532485,0.027859311542536,7.02336788822247,6.26386427879333
3,7500,1e-04,"constant",2,0,2017,109.112479886919,NA,1,1,1,1,200,2516.89273217906,19911.5424657534,89.0054794520547,802,602,283,212,107,0,10,19728.4179968099,602,0,97,103,0.470099667774086,0.664576802507837,0.000506883015233,0.0302337200161867,6.76362852833442,6.97324681282043
3,7500,1e-04,"constant",3,0,2018,109.112479886919,NA,0.999672620678319,1,0.995,1,200,2517.66901731412,19925.6630136986,74.8849315068474,686,486,221,172,93,0,11,19758.9120551118,486,0,82,118,0.454732510288066,0.649056603773585,0.000556710813293702,0.024390656394514,6.4899571946001,6.09825754165649
3,7500,1e-04,"constant",4,0,2019,109.112479886919,NA,1,1,1,1,200,2517.78997452194,19899.3068493151,101.241095890411,860,660,314,242,104,0,14,19708.564093031,660,0,90,110,0.475757575757576,0.699421965317919,0.000710351090719515,0.0331669844079377,6.51909181933807,6.34354376792908
3,7500,1e-04,"constant",5,0,2020,109.112479886919,NA,0.999902471097474,1,1,1,200,2517.41200208208,19914.098630137,86.4493150684939,810,610,309,201,100,0,12,19737.3814558793,610,0,88,112,0.50655737704918,0.667774086378738,0.000607983385578509,0.0306315646683027,7.05615769791463,6.46396398544312
3,7500,2e-04,"seasonal",1,0.4,2021,109.112479886919,NA,0.99716179935346,1,0.985,1,200,2760.61578543641,19786.2684931507,214.279452054794,1864,1664,867,364,433,0,254,19427.6969895808,1664,0,179,21,0.521033653846154,0.456712672521957,0.0130741178502126,0.0840987273864205,7.76556027208103,6.26771426200867
3,7500,2e-04,"seasonal",2,0.4,2022,109.112479886919,NA,0.997628623089146,1,0.985,1,200,2760.75149498658,19791.3780821918,209.169863013696,1820,1620,866,328,424,2,248,19448.7691807004,1620,0,178,22,0.535228677379481,0.436170212765957,0.0127514496005278,0.0818538250986004,7.74490156784166,5.7774224281311
3,7500,2e-04,"seasonal",3,0.4,2023,109.112479886919,NA,0.997619308531039,1,0.99,1,200,2761.93553010794,19806.895890411,193.652054794518,1715,1515,770,287,456,2,279,19461.4411524408,1515,0,179,21,0.508922670191672,0.386271870794078,0.0143360400606821,0.0764885123031041,7.82330970671882,5.27500915527344
3,7500,2e-04,"seasonal",4,0.4,2024,109.112479886919,NA,0.997650813654046,1,0.99,1,200,2761.17564188264,19781.4,219.147945205477,1727,1527,774,334,418,1,234,19443.5628611327,1527,0,185,15,0.507208387942333,0.444148936170213,0.0120348313563334,0.0771937274409294,6.96789558564309,4.73572516441345
3,7500,2e-04,"seasonal",5,0.4,2025,109.112479886919,NA,0.997991068982522,1,0.99,1,200,2759.74502273848,19784.901369863,215.646575342464,1922,1722,954,349,418,1,245,19435.5290093022,1722,0,174,26,0.554328878558977,0.455019556714472,0.0126057798520811,0.0870360669385496,7.98528795212875,5.95815825462341
3,7500,2e-04,"constant",1,0,2026,109.112479886919,NA,1,1,1,1,200,2515.67283299545,19970.8301369863,29.7178082191786,540,340,163,88,89,0,6,19829.1020375752,340,0,83,117,0.479411764705882,0.497175141242938,0.000302585562807145,0.0170248305988199,11.4409514151376,5.9270396232605
3,7500,2e-04,"constant",2,0,2027,109.112479886919,NA,0.999987123993206,1,1,1,200,2515.5579935346,19967.4931506849,33.0547945205471,574,374,178,94,102,0,8,19819.9531678775,374,0,94,106,0.475935828877005,0.479591836734694,0.000403633647982869,0.0187304433850361,11.3145462080401,6.78656768798828
3,7500,2e-04,"constant",3,0,2028,109.112479886919,NA,0.999999452084817,1,1,1,200,2515.28178976494,19973.3178082192,27.2301369863017,513,313,147,66,100,0,11,19835.0956167556,313,0,89,111,0.469648562300319,0.397590361445783,0.000554572572400801,0.0156709067069067,11.4946171647046,6.28199243545532
3,7500,2e-04,"constant",4,0,2029,109.112479886919,NA,1,1,1,1,200,2515.28523039833,19972.3616438356,28.1863013698639,540,340,163,78,99,0,8,19830.301113083,340,0,91,109,0.479411764705882,0.440677966101695,0.00040342302188856,0.0170235251125116,12.0625972006217,6.53415083885193
3,7500,2e-04,"constant",5,0,2030,109.112479886919,NA,1,1,1,1,200,2515.26700536957,19974.0438356164,26.504109589041,536,336,166,78,92,0,13,19832.2481169209,336,0,79,121,0.494047619047619,0.458823529411765,0.000655498051625745,0.0168218315111969,12.6772793053546,6.87740540504456
3,10000,1e-05,"seasonal",1,0.4,2031,109.112479886919,NA,0.973027505342173,0.975,0.955,0.99,197,3804.61501671141,16858.504109589,3142.04383561644,2027,1827,592,972,262,1,98,16451.7791681366,1830,0,168,32,0.32420591456736,0.787682333873582,0.00595680254387342,0.108550556330743,0.581468654030271,6.38904595375061
3,10000,1e-05,"seasonal",2,0.4,2032,109.112479886919,NA,0.964055120267383,0.965,0.935,0.99,193,3848.18781053093,15291.3369863014,4709.21095890411,2570,2370,737,1337,292,4,123,14784.2502997614,2377,0,180,20,0.311496196111581,0.820748925721301,0.00831966433915048,0.155447493056324,0.503269023342188,5.43244981765747
3,10000,1e-05,"seasonal",3,0.4,2033,109.112479886919,NA,0.974342501780724,0.975,0.94,0.99,197,3802.16153471043,16538.8301369863,3461.71780821918,2174,1974,613,1071,288,2,122,16099.4548378459,1977,0,171,29,0.310851926977688,0.788079470198676,0.00757789634672643,0.119536870723327,0.570237121960987,6.12277007102966
3,10000,1e-05,"seasonal",4,0.4,2034,109.112479886919,NA,0.984038408854309,0.985,0.96,0.995,194,3751.24953892937,16857.2794520548,3143.26849315068,2087,1887,592,1017,278,0,112,16433.2612924162,1893,0,172,28,0.313725490196078,0.785328185328185,0.006815445699247,0.112295700227551,0.60033051713904,6.94220590591431
3,10000,1e-05,"seasonal",5,0.4,2035,109.112479886919,NA,0.979733439263602,0.98,0.965,0.995,196,3770.83124102789,16565.7123287671,3434.83561643835,2091,1891,603,1011,277,0,106,16144.6521824965,1895,0,175,25,0.318878900052882,0.784937888198758,0.00656564160080956,0.11439290761492,0.550535807579873,6.05468940734863
3,10000,1e-05,"constant",1,0,2036,109.112479886919,NA,0.982536025423264,0.985,0.96,1,199,3445.85153717604,18119.9342465753,1880.61369863014,1916,1716,538,1089,89,0,4,17717.3760270532,1717,0,86,114,0.313519813519814,0.924448217317487,0.000225767065839336,0.0947575182467625,0.912468095521136,6.34012508392334
3,10000,1e-05,"constant",2,0,2037,109.112479886919,NA,0.982685880225741,0.99,0.95,1,199,3448.54107418772,18157.2410958904,1843.30684931507,1761,1561,491,986,84,0,1,17786.5596055724,1562,0,84,116,0.314541960281871,0.921495327102804,5.62222274670087e-05,0.0860262851471159,0.846847610087291,7.20436358451843
3,10000,1e-05,"constant",3,0,2038,109.112479886919,NA,0.974883294066079,0.985,0.93,0.99,199,3494.16062517122,17817.8849315069,2182.66301369863,2060,1860,564,1207,87,2,5,17383.8573112172,1861,0,85,115,0.303552206673843,0.932766615146832,0.000287623161562289,0.104445617824664,0.852170027313626,5.99300265312195
3,10000,1e-05,"constant",4,0,2039,109.112479886919,NA,0.96359487151389,0.97,0.92,0.995,199,3551.07499780834,17800.0328767123,2200.51506849315,2157,1957,612,1254,91,0,8,17350.998835603,1958,0,84,116,0.312723556463975,0.932342007434944,0.000461068557251272,0.109999796829681,0.88933724109424,5.32145071029663
3,10000,1e-05,"constant",5,0,2040,109.112479886919,NA,0.971367870253685,0.975,0.935,0.995,198,3512.47749575366,17970.3397260274,2030.20821917808,1912,1712,541,1080,91,0,7,17572.0381162596,1714,0,86,114,0.316004672897196,0.922288642186166,0.000398360164807678,0.095379387709489,0.843263259318836,5.62156510353088
3,10000,2e-05,"seasonal",1,0.4,2041,109.112479886919,NA,0.993133526930031,0.995,0.98,1,196,3700.00330612021,18236.8520547945,1763.69589041096,2364,2164,808,1056,299,1,122,17791.2548378459,2168,0,182,18,0.373555247341655,0.779335793357934,0.00685730158507307,0.118880166022404,1.22696889626236,6.35774540901184
3,10000,2e-05,"seasonal",2,0.4,2042,109.112479886919,NA,0.992537943126404,0.995,0.98,1,200,3702.71458961153,18324.1863013699,1676.36164383561,2285,2085,772,1047,265,1,97,17893.8467367951,2085,0,169,31,0.370441458733205,0.798018292682927,0.00542085787515655,0.113784042887849,1.24376503582449,5.82516002655029
3,10000,2e-05,"seasonal",3,0.4,2043,109.112479886919,NA,0.993960056983179,0.995,0.98,1,198,3695.51702153307,18470.4630136986,1530.08493150685,2145,1945,709,958,277,1,110,18058.8704192112,1947,0,170,30,0.364711934156379,0.775708502024292,0.0060911893959315,0.105411542664415,1.27117126634568,5.52423334121704
3,10000,2e-05,"seasonal",4,0.4,2044,109.112479886919,NA,0.993956495534491,0.995,0.985,1,199,3696.59982603693,18536.0849315068,1464.46301369863,1999,1799,676,862,260,1,89,18152.9810339964,1800,0,173,27,0.375973303670745,0.768270944741533,0.00490277601421625,0.0971078847907325,1.22843662364437,4.80071544647217
3,10000,2e-05,"seasonal",5,0.4,2045,109.112479886919,NA,0.99489973152156,0.995,0.985,1,200,3690.15574050737,18583.6712328767,1416.87671232877,2071,1871,708,876,286,1,113,18181.4776970217,1871,0,174,26,0.378609625668449,0.753872633390706,0.00621511638839512,0.100679783695806,1.32051009358806,5.58799028396606
3,10000,2e-05,"constant",1,0,2046,109.112479886919,NA,1,1,1,1,200,3352.09716837434,19494.8438356164,505.704109589042,1154,954,369,494,91,0,10,19242.8316954401,954,0,81,119,0.386792452830189,0.844444444444444,0.000519674035415987,0.0489360165202798,1.88647863822041,5.28689432144165
3,10000,2e-05,"constant",2,0,2047,109.112479886919,NA,1,1,1,1,200,3352.52977727248,19468.7616438356,531.786301369862,1230,1030,378,566,86,0,10,19200.8563529743,1030,0,76,124,0.366990291262136,0.868098159509202,0.000520810104308236,0.0529052653087531,1.93686824453123,4.60529446601868
3,10000,2e-05,"constant",3,0,2048,109.112479886919,NA,1,1,1,1,200,3352.47773026136,19406.8054794521,593.742465753425,1342,1142,426,615,101,0,6,19119.4198457944,1142,0,95,105,0.373029772329247,0.858938547486033,0.000313817053466703,0.0588453365603706,1.92339282747928,4.56413316726685
3,10000,2e-05,"constant",4,0,2049,109.112479886919,NA,1,1,1,1,200,3351.98646539916,19372.7671232877,627.780821917808,1340,1140,408,631,101,0,9,19083.0855823437,1140,0,92,108,0.357894736842105,0.862021857923497,0.000471621843394503,0.0588454913407608,1.81592039800995,4.88935303688049
3,10000,2e-05,"constant",5,0,2050,109.112479886919,NA,1,1,1,1,200,3352.25911456906,19512.2410958904,488.306849315068,1079,879,301,495,83,0,5,19265.3997600953,879,0,78,122,0.342434584755404,0.856401384083045,0.000259532636865215,0.0450486438579898,1.80009762556668,5.46426153182983
3,10000,3e-05,"seasonal",1,0.4,2051,109.112479886919,NA,0.996921812503424,0.995,0.99,1,200,3680.14144101693,19145.0931506849,855.454794520549,1983,1783,711,821,250,1,85,18770.5591330635,1783,0,166,34,0.398989898989899,0.766573295985061,0.00452836803621243,0.0931309127600777,2.08427144417293,5.1506359577179
3,10000,3e-05,"seasonal",2,0.4,2052,109.112479886919,NA,0.991674154840831,0.99,0.98,1,200,3699.69286477453,18918.4794520548,1082.06849315068,2295,2095,869,933,290,3,116,18501.1279197071,2095,0,177,23,0.415391969407266,0.762878168438267,0.00626988800377077,0.110738286621257,1.93610664506083,4.39639687538147
3,10000,3e-05,"seasonal",3,0.4,2053,109.112479886919,NA,0.996366226508137,0.995,0.99,1,200,3681.75530217522,18859.8273972603,1140.72054794521,2281,2081,808,1007,266,0,93,18438.4988084649,2081,0,173,27,0.388274867851994,0.791044776119403,0.00504379456082968,0.110340352335478,1.82428553930104,4.75781178474426
3,10000,3e-05,"seasonal",4,0.4,2054,109.112479886919,NA,0.997931620185195,1,0.995,1,200,3677.42541942907,19072.0493150685,928.498630136986,1952,1752,686,792,274,0,97,18698.7955896175,1752,0,177,23,0.391552511415525,0.74296435272045,0.00518749988656271,0.0918621785764666,1.88691716189341,4.41735625267029
3,10000,3e-05,"seasonal",5,0.4,2055,109.112479886919,NA,0.9953172428908,0.995,0.99,1,199,3686.57379623034,18997.4794520548,1003.06849315068,2141,1941,759,902,279,1,108,18593.3078677586,1942,0,173,27,0.391237113402062,0.763759525825571,0.0058085414799846,0.102224087405972,1.93506227466405,4.68215990066528
3,10000,3e-05,"constant",1,0,2056,109.112479886919,NA,1,1,1,1,200,3352.81092351104,19762.7561643836,237.791780821917,882,682,265,330,87,0,4,19557.6837839852,682,0,83,117,0.388563049853372,0.79136690647482,0.000204523196314044,0.0345093566062967,2.86805539553426,4.86726903915405
3,10000,3e-05,"constant",2,0,2057,109.112479886919,NA,1,1,1,1,200,3352.09672839844,19764.8082191781,235.739726027397,876,676,270,322,84,0,3,19562.4773969163,676,0,81,119,0.399408284023669,0.793103448275862,0.000153354809778485,0.0342022038617135,2.86756929513626,4.28399538993835
3,10000,3e-05,"constant",3,0,2058,109.112479886919,NA,1,1,1,1,200,3352.64573283656,19741.8136986301,258.734246575343,932,732,292,351,89,0,7,19530.5659588907,732,0,82,118,0.398907103825137,0.797727272727273,0.000358412552648709,0.037078660105621,2.82915775429382,4.54203224182129
3,10000,3e-05,"constant",4,0,2059,109.112479886919,NA,1,1,1,1,200,3351.56635965153,19748.9671232877,251.580821917807,887,687,286,314,87,0,9,19547.2335275492,687,0,78,122,0.416302765647744,0.783042394014963,0.000460423209622769,0.0347866293822476,2.73073279100919,4.63238215446472
3,10000,3e-05,"constant",5,0,2060,109.112479886919,NA,1,1,1,1,200,3352.58059092652,19785.6602739726,214.887671232875,778,578,215,281,82,0,9,19596.5842124807,578,0,73,127,0.3719723183391,0.774104683195592,0.000459263711594599,0.0292130761367787,2.68977739245738,5.1083824634552
3,10000,5e-05,"seasonal",1,0.4,2061,109.112479886919,NA,0.99666401840995,1,0.99,1,200,3680.97402471097,19558.1232876712,442.424657534248,1697,1497,698,535,264,0,97,19243.3161375627,1497,0,167,33,0.46626586506346,0.669586983729662,0.00504071124262504,0.0765410861758734,3.38362696225655,4.58578777313232
3,10000,5e-05,"seasonal",2,0.4,2062,109.112479886919,NA,0.997663415703249,1,0.99,1,199,3678.80329050463,19394.7890410959,605.758904109589,1963,1763,776,711,276,0,103,19034.9179359212,1764,0,174,26,0.440158820192853,0.720364741641337,0.00541110817218847,0.090952265387483,2.91039882045391,4.44387269020081
3,10000,5e-05,"seasonal",3,0.4,2063,109.112479886919,NA,0.99786641827845,1,0.99,1,200,3676.5873113802,19443.7863013699,556.761643835616,1916,1716,773,661,280,2,106,19092.8457785522,1716,0,176,24,0.450991831971995,0.702444208289054,0.00555181774521397,0.0882544157502443,3.08210886830891,4.33447265625
3,10000,5e-05,"seasonal",4,0.4,2064,109.112479886919,NA,0.997431099665772,1,0.99,1,199,3679.38964330722,19416.5890410959,583.95890410959,1894,1694,762,667,265,0,92,19071.5709658339,1695,0,174,26,0.449822904368359,0.715665236051502,0.00482393402016096,0.0872964863402358,2.90088906612869,4.26159167289734
3,10000,5e-05,"seasonal",5,0.4,2065,109.112479886919,NA,0.99726015012876,1,0.99,1,199,3677.65290340255,19485.304109589,515.243835616438,1891,1691,792,607,292,0,122,19138.5844957108,1692,0,171,29,0.46836191602602,0.675194660734149,0.00637455711666355,0.0868346724528327,3.28194125404118,4.45216631889343
3,10000,5e-05,"constant",1,0,2066,109.112479886919,NA,1,1,1,1,200,3351.87649745219,19879.1424657534,121.405479452053,765,565,246,222,97,0,6,19697.0527225067,565,0,91,109,0.435398230088496,0.695924764890282,0.000304614100623498,0.0284217491259166,4.65382619095985,4.01513195037842
3,10000,5e-05,"constant",2,0,2067,109.112479886919,NA,1,1,1,1,200,3351.31081611966,19869.3589041096,131.189041095891,820,620,288,245,87,0,3,19684.5431503409,620,0,84,116,0.464516129032258,0.737951807228916,0.000152403841790356,0.0312038250953213,4.72600451090131,4.10274076461792
3,10000,5e-05,"constant",3,0,2068,109.112479886919,NA,1,1,1,1,200,3352.39103090242,19908.6876712329,91.8602739726011,678,478,202,190,86,0,3,19740.049999656,478,0,83,117,0.422594142259414,0.688405797101449,0.000151975298950726,0.0240096187098604,5.2035551313789,4.17386507987976
3,10000,5e-05,"constant",4,0,2069,109.112479886919,NA,0.999801654703852,1,0.995,1,200,3352.75567256589,19864.2383561644,136.309589041095,813,613,262,259,92,0,5,19674.1175683144,613,0,87,113,0.427406199021207,0.737891737891738,0.000254141004425662,0.0308594766639905,4.49711575181399,3.99879479408264
3,10000,5e-05,"constant",5,0,2070,109.112479886919,NA,1,1,1,1,200,3351.45292477125,19905.2630136986,95.2849315068488,701,501,232,184,85,0,6,19738.6116266163,501,0,79,121,0.463073852295409,0.684014869888476,0.000303972747095818,0.0251692228158561,5.25791425860436,3.97813940048218
3,10000,8e-05,"seasonal",1,0.4,2071,109.112479886919,NA,0.999117308640622,1,0.995,1,200,3671.48399265794,19746.6547945205,253.893150684929,1317,1117,526,343,248,0,78,19484.6714955812,1117,0,170,30,0.470904207699194,0.580372250423012,0.00400314678221231,0.0565665431245577,4.39948851312712,4.10017824172974
3,10000,8e-05,"seasonal",2,0.4,2072,109.112479886919,NA,0.998980055887349,1,0.99,1,200,3672.75270944058,19647.498630137,353.049315068492,1691,1491,731,463,297,0,114,19336.6055396528,1491,0,183,17,0.49027498323273,0.609210526315789,0.00589555388955031,0.0758875227868945,4.22320604052367,4.10646414756775
3,10000,8e-05,"seasonal",3,0.4,2073,109.112479886919,NA,0.999236206235275,1,0.99,1,200,3671.79636924004,19766.2328767123,234.31506849315,1266,1066,510,318,238,0,71,19514.5281559616,1066,0,167,33,0.478424015009381,0.571942446043165,0.00363831497398055,0.0539303572232983,4.54942999123065,3.90263652801514
3,10000,8e-05,"seasonal",4,0.4,2074,109.112479886919,NA,0.99906251712235,1,0.99,1,200,3673.49356227056,19769.8739726027,230.673972602741,1213,1013,462,305,246,0,77,19520.7527797452,1013,0,169,31,0.456071076011846,0.553539019963702,0.00394452001256302,0.0512395780268415,4.39147940519738,3.89504718780518
3,10000,8e-05,"seasonal",5,0.4,2075,109.112479886919,NA,0.999480850364364,1,0.995,1,200,3671.28747959016,19714.1753424658,286.372602739724,1403,1203,571,366,266,0,88,19443.4723525722,1203,0,178,22,0.474646716541978,0.579113924050633,0.0045259405524013,0.0610220807668608,4.20082084840138,3.95701432228088
3,10000,8e-05,"constant",1,0,2076,109.112479886919,NA,1,1,1,1,200,3351.47484028272,19949.695890411,50.8520547945191,564,364,165,115,84,0,4,19801.2947428893,364,0,80,120,0.453296703296703,0.577889447236181,0.000202006992569837,0.0182458921679583,7.15801950325973,9.83426308631897
3,10000,8e-05,"constant",2,0,2077,109.112479886919,NA,1,1,1,1,200,3351.622416032,19943.1698630137,57.378082191779,598,398,175,132,91,0,5,19788.4463354377,398,0,86,114,0.439698492462312,0.591928251121076,0.000252672691693125,0.0199567071199712,6.93644654538532,5.90798926353455
3,10000,8e-05,"constant",3,0,2078,109.112479886919,NA,1,1,1,1,200,3351.14708728289,19936.4,64.1479452054773,642,442,176,158,108,0,9,19768.5321576862,442,0,99,101,0.398190045248869,0.593984962406015,0.000455269006733043,0.0221705021969864,6.8903220295552,6.1295018196106
3,10000,8e-05,"constant",4,0,2079,109.112479886919,NA,1,1,1,1,200,3351.41663059558,19938.0602739726,62.4876712328769,623,423,195,142,86,0,5,19781.073732698,423,0,81,119,0.460992907801418,0.62280701754386,0.000252766865316064,0.0212157047469753,6.76933532094,5.46694850921631
3,10000,8e-05,"constant",5,0,2080,109.112479886919,NA,1,1,1,1,200,3351.42061119939,19938.9780821918,61.5698630136976,636,436,212,136,88,0,3,19784.3239722587,436,0,85,115,0.486238532110092,0.607142857142857,0.000151635203922386,0.0218667174517538,7.08138655275231,6.99517059326172
3,10000,1e-04,"seasonal",1,0.4,2081,109.112479886919,NA,0.999345241356638,1,0.995,1,200,3670.94860446003,19802.6191780822,197.928767123289,1302,1102,534,316,252,0,85,19540.0504516393,1102,0,167,33,0.484573502722323,0.556338028169014,0.00435003994541217,0.0556492042840327,5.56765959802887,7.77224802970886
3,10000,1e-04,"seasonal",2,0.4,2082,109.112479886919,NA,0.999381403758698,1,0.995,1,199,3671.49235904882,19776.3397260274,224.208219178083,1320,1120,561,299,260,0,85,19524.1783111457,1121,0,176,24,0.500892857142857,0.534883720930233,0.00435357630141477,0.0566838967943429,4.99535656679211,7.36563873291016
3,10000,1e-04,"seasonal",3,0.4,2083,109.112479886919,NA,0.999369349624678,1,0.995,1,200,3671.22919237302,19784.4191780822,216.128767123286,1229,1029,502,282,244,1,73,19542.6496115237,1029,0,172,28,0.488326848249027,0.536121673003802,0.00373541978447765,0.05201062466064,4.76105061670495,6.00570011138916
3,10000,1e-04,"seasonal",4,0.4,2084,109.112479886919,NA,0.999240315599145,1,0.995,1,200,3671.34342775738,19773.7260273973,226.821917808218,1292,1092,529,319,243,1,64,19522.192127903,1092,0,180,20,0.484876260311641,0.567615658362989,0.00327832036385529,0.0552247967068519,4.81434955912552,5.58664274215698
3,10000,1e-04,"seasonal",5,0.4,2085,109.112479886919,NA,0.999315927894362,1,0.995,1,200,3670.36126431428,19799.9068493151,200.641095890409,1253,1053,520,278,255,0,87,19550.945417558,1053,0,168,32,0.493827160493827,0.521575984990619,0.00444991268411339,0.0531820683811159,5.24817707622148,6.15328598022461
3,10000,1e-04,"constant",1,0,2086,109.112479886919,NA,1,1,1,1,200,3350.65556243494,19962.5287671233,38.0191780821915,515,315,147,89,79,0,2,19824.0353934089,315,0,77,123,0.466666666666667,0.529761904761905,0.000100887632629276,0.0157795639858403,8.28529221013193,5.86415839195251
3,10000,1e-04,"constant",2,0,2087,109.112479886919,NA,1,1,1,1,200,3350.84696975508,19960.6109589041,39.9369863013708,530,330,158,92,80,0,3,19821.4719174642,330,0,77,123,0.478787878787879,0.534883720930233,0.00015135102037285,0.0165325600844293,8.26301708170386,6.14744663238525
3,10000,1e-04,"constant",3,0,2088,109.112479886919,NA,1,1,1,1,200,3350.97612925319,19952.6219178082,47.9260273972614,604,404,185,123,96,0,3,19798.3047941765,404,0,93,107,0.457920792079208,0.561643835616438,0.000151528124816142,0.0202479654886569,8.42965757731645,7.59625053405762
3,10000,1e-04,"constant",4,0,2089,109.112479886919,NA,1,1,1,1,200,3350.71132513287,19972.602739726,27.9452054794529,447,247,102,64,81,0,7,19840.0426712195,247,0,74,126,0.412955465587045,0.441379310344828,0.000352821821807591,0.0123669410150892,8.83872549019583,5.97228121757507
3,10000,1e-04,"constant",5,0,2090,109.112479886919,NA,1,1,1,1,200,3350.86608761164,19954.2821917808,46.2657534246573,570,370,156,119,95,0,8,19801.8737158227,370,0,87,113,0.421621621621622,0.55607476635514,0.000404002172461468,0.0185423858620383,7.99727601113286,6.70229482650757
3,10000,2e-04,"seasonal",1,0.4,2091,109.112479886919,NA,0.99974111007616,1,0.995,1,200,3667.62729658649,19879.1808219178,121.36712328767,1126,926,513,173,239,1,64,19664.8195251633,926,0,176,24,0.554594594594595,0.419902912621359,0.00325454296278208,0.0465813963007489,7.6297433350641,6.61175227165222
3,10000,2e-04,"seasonal",2,0.4,2092,109.112479886919,NA,0.999762204810695,1,0.995,1,200,3667.83184099501,19879.5506849315,120.997260273973,1135,935,506,186,242,1,74,19658.5683273597,935,0,169,31,0.541755888650964,0.434579439252336,0.00376426191204426,0.0470332561745835,7.72744769495516,6.57694292068481
3,10000,2e-04,"seasonal",3,0.4,2093,109.112479886919,NA,0.999613445838584,1,0.995,1,200,3667.8756369514,19883.9616438356,116.586301369862,1149,949,514,199,236,0,67,19661.1738405624,949,0,169,31,0.541622760800843,0.457471264367816,0.00340773142760043,0.0477269075951073,8.13989284203609,6.86815047264099
3,10000,2e-04,"seasonal",4,0.4,2094,109.112479886919,NA,0.999662484247439,1,0.995,1,200,3668.07991233357,19881.4273972603,119.120547945204,1089,889,451,187,251,0,76,19657.3491324022,889,0,175,25,0.507311586051744,0.426940639269406,0.00386623849879764,0.0447150992852006,7.46302812852193,6.72897791862488
3,10000,2e-04,"seasonal",5,0.4,2095,109.112479886919,NA,0.999666319653718,1,0.995,1,200,3668.01220179716,19868.704109589,131.843835616437,1150,950,484,214,252,0,73,19636.7518890036,950,0,179,21,0.509473684210526,0.459227467811159,0.00371751908933979,0.047813888352261,7.20549425430675,5.33564901351929
3,10000,2e-04,"constant",1,0,2096,109.112479886919,NA,1,1,1,1,200,3349.42584789875,19980.5369863014,20.0109589041094,478,278,140,49,89,0,1,19850.5440748331,278,0,88,112,0.503597122302158,0.355072463768116,5.03764529692573e-05,0.0139135399709526,13.8923877327493,6.19878530502319
3,10000,2e-04,"constant",2,0,2097,109.112479886919,NA,1,1,1,1,200,3349.07741000493,19977.6301369863,22.9178082191756,499,299,148,60,91,0,4,19843.3303593277,299,0,87,113,0.494983277591973,0.397350993377483,0.0002015790659918,0.0149667401963977,13.0466228332351,7.09756922721863
3,10000,2e-04,"constant",3,0,2098,109.112479886919,NA,1,1,1,1,200,3348.74260396691,19983.8520547945,16.6958904109597,431,231,112,36,83,0,2,19860.2874482035,231,0,81,119,0.484848484848485,0.302521008403361,0.000100703476987234,0.0115593329737736,13.8357400722015,6.80011224746704
3,10000,2e-04,"constant",4,0,2099,109.112479886919,NA,1,1,1,1,200,3349.52531861268,19980.2465753425,20.301369863013,485,285,145,60,80,0,1,19847.2235268879,285,0,79,121,0.508771929824561,0.428571428571429,5.03848812225677e-05,0.0142640882296076,14.0384615384621,7.03516006469727
3,10000,2e-04,"constant",5,0,2100,109.112479886919,NA,1,1,1,1,200,3349.28669607145,19981.9424657534,18.6054794520533,452,252,114,54,84,0,2,19851.74498245,252,0,82,118,0.452380952380952,0.391304347826087,0.000100746811011732,0.0126113865272056,13.5443969960253,6.39186692237854
3,15000,1e-05,"seasonal",1,0.4,2101,109.112479886919,NA,0.999831242123719,1,0.995,1,200,5497.03682209194,18394.5835616438,1605.96438356164,1555,1355,445,691,219,0,48,18070.9702944714,1355,0,171,29,0.328413284132841,0.759340659340659,0.0026561938411622,0.0736629886433216,0.843729794925423,6.62822008132935
3,15000,1e-05,"seasonal",2,0.4,2102,109.112479886919,NA,0.999359213193798,1,0.995,1,200,5499.28010821325,18723.0849315068,1277.46301369863,1442,1242,402,629,211,0,49,18413.3931198965,1242,0,162,38,0.323671497584541,0.748809523809524,0.00266110649356925,0.0663352222426757,0.972239498663875,6.35045051574707
3,15000,1e-05,"seasonal",3,0.4,2103,109.112479886919,NA,0.999683031066791,1,0.995,1,200,5496.70563448578,18175.2876712329,1825.2602739726,1718,1518,498,799,221,0,48,17821.4853629646,1518,0,173,27,0.328063241106719,0.783333333333333,0.00269337819056039,0.0835199985529049,0.831662213683168,6.57639074325562
3,15000,1e-05,"seasonal",4,0.4,2104,109.112479886919,NA,1,1,1,1,200,5496.73091036108,18299.5123287671,1701.03561643836,1638,1438,484,742,212,0,42,17966.2415610988,1438,0,170,30,0.336578581363004,0.777777777777778,0.00233771764991405,0.0785813290630396,0.845367366857901,5.66069555282593
3,15000,1e-05,"seasonal",5,0.4,2105,109.112479886919,NA,0.998766916881267,1,0.995,1,200,5503.29525615035,18597.101369863,1403.44657534247,1487,1287,447,629,210,1,50,18288.8588733212,1287,0,161,39,0.347589424572317,0.749702026221692,0.00273390485138126,0.0692043332132184,0.917028138164752,6.22711968421936
3,15000,1e-05,"constant",1,0,2106,109.112479886919,NA,1,1,1,1,200,5021.94128705276,19267.3890410959,733.158904109587,1166,966,296,578,92,0,5,18988.7367463966,966,0,87,113,0.306418219461698,0.862686567164179,0.000263313988011805,0.0501365285114446,1.31758612571608,6.21596956253052
3,15000,1e-05,"constant",2,0,2107,109.112479886919,NA,1,1,1,1,200,5022.39656840721,19500.7095890411,499.838356164382,912,712,262,386,64,0,4,19283.5467976838,712,0,60,140,0.367977528089888,0.857777777777778,0.00020743072018683,0.0365114918895119,1.42446051052121,6.74027943611145
3,15000,1e-05,"constant",3,0,2108,109.112479886919,NA,1,1,1,1,200,5022.42488219824,19571.4602739726,429.087671232875,822,622,206,353,63,0,2,19364.8545714911,622,0,61,139,0.331189710610932,0.848557692307692,0.000103279887417507,0.0317809704177861,1.44958720956218,5.63398742675781
3,15000,1e-05,"constant",4,0,2109,109.112479886919,NA,1,1,1,1,200,5021.9910213139,19340.7917808219,659.756164383562,1131,931,314,537,80,0,6,19078.6417636026,931,0,74,126,0.337271750805585,0.870340356564019,0.000314487796057188,0.0481366021903595,1.41112739866534,6.48395895957947
3,15000,1e-05,"constant",5,0,2110,109.112479886919,NA,0.997680948989097,1,0.995,1,200,5041.19080214783,19455.9123287671,544.635616438354,974,774,279,428,67,0,2,19227.4463523131,774,0,65,135,0.36046511627907,0.864646464646465,0.00010401797323228,0.0397822516323523,1.42113364722927,6.26015019416809
3,15000,2e-05,"seasonal",1,0.4,2111,109.112479886919,NA,1,1,1,1,200,5494.46303901156,19316.9205479452,683.627397260272,1520,1320,523,586,211,0,39,19019.2771944124,1320,0,172,28,0.396212121212121,0.73525721455458,0.00205055111197694,0.0683338732342828,1.93087638864398,6.2980649471283
3,15000,2e-05,"seasonal",2,0.4,2112,109.112479886919,NA,1,1,1,1,200,5495.1986537724,19316.3808219178,684.167123287669,1528,1328,546,573,209,0,41,19020.5721603312,1328,0,168,32,0.411144578313253,0.732736572890026,0.00215556081354422,0.0687499388339431,1.94104620756765,6.09709000587463
3,15000,2e-05,"seasonal",3,0.4,2113,109.112479886919,NA,1,1,1,1,200,5496.11708289957,19235.0520547945,765.495890410959,1645,1445,579,658,208,0,48,18915.5839931016,1445,0,160,40,0.400692041522491,0.759815242494226,0.00253759016996279,0.075123269533332,1.88766526130434,5.3394341468811
3,15000,2e-05,"seasonal",4,0.4,2114,109.112479886919,NA,0.999729603857323,1,0.995,1,200,5497.21354336749,19082.2849315068,918.26301369863,1855,1655,650,762,243,0,62,18727.8240969985,1655,0,181,19,0.392749244712991,0.758208955223881,0.00331058214125029,0.0867296555910567,1.80231586736125,6.328449010849
3,15000,2e-05,"seasonal",5,0.4,2115,109.112479886919,NA,0.999990137526711,1,1,1,200,5497.0597887787,19171.495890411,829.05205479452,1648,1448,556,676,216,0,45,18847.4744209358,1448,0,171,29,0.383977900552486,0.757847533632287,0.00238758780062405,0.0755287958893311,1.74657307900755,6.43202185630798
3,15000,2e-05,"constant",1,0,2116,109.112479886919,NA,1,1,1,1,200,5021.18025149307,19811.2301369863,189.317808219177,746,546,203,266,77,0,3,19622.0308215738,546,0,74,126,0.371794871794872,0.775510204081633,0.000152889373545454,0.0275601260610593,2.88403930478576,5.36421346664429
3,15000,2e-05,"constant",2,0,2117,109.112479886919,NA,1,1,1,1,200,5021.07253821708,19785.9068493151,214.641095890409,799,599,247,272,80,0,1,19594.5933899016,599,0,79,121,0.412353923205342,0.772727272727273,5.10344858962659e-05,0.030274073589947,2.79070509547639,5.33938574790955
3,15000,2e-05,"constant",3,0,2118,109.112479886919,NA,1,1,1,1,200,5021.13093693496,19758.2082191781,242.339726027396,860,660,256,331,73,0,1,19552.6509241482,660,0,72,128,0.387878787878788,0.819306930693069,5.11439601657781e-05,0.0334038386820612,2.7234494765641,5.24522399902344
3,15000,2e-05,"constant",4,0,2119,109.112479886919,NA,1,1,1,1,200,5021.34060407649,19856.1178082192,144.430136986302,598,398,149,186,63,0,2,19695.8819687514,398,0,61,139,0.374371859296482,0.746987951807229,0.000101544069119276,0.0200442001726668,2.75565756776749,4.94023942947388
3,15000,2e-05,"constant",5,0,2120,109.112479886919,NA,1,1,1,1,200,5021.01978658704,19752.9205479452,247.627397260272,880,680,268,326,86,0,4,19544.1139209715,680,0,82,118,0.394117647058824,0.79126213592233,0.000204665200795205,0.0344252890781124,2.74606124977874,5.56682395935059
3,15000,3e-05,"seasonal",1,0.4,2121,109.112479886919,NA,1,1,1,1,200,5495.82598734316,19515.7452054795,484.802739726027,1517,1317,610,506,201,0,33,19238.4416117247,1317,0,168,32,0.463173880030372,0.715700141442716,0.00171531565113301,0.0674839718459854,2.71656880640623,5.76391267776489
3,15000,3e-05,"seasonal",2,0.4,2122,109.112479886919,NA,0.999766040216974,1,0.995,1,200,5498.40065338886,19526.7397260274,473.808219178081,1546,1346,606,516,223,1,55,19237.6579319537,1346,0,169,31,0.450557620817844,0.698240866035183,0.00285897587921268,0.0689311179892413,2.84081184225744,5.72653222084045
3,15000,3e-05,"seasonal",3,0.4,2123,109.112479886919,NA,0.999995616678538,1,1,1,200,5496.66560626815,19392.5150684932,608.032876712328,1804,1604,706,669,229,0,56,19062.6624869135,1604,0,173,27,0.440149625935162,0.744988864142539,0.00293767987753253,0.0827123245404102,2.63801524791378,6.78091859817505
3,15000,3e-05,"seasonal",4,0.4,2124,109.112479886919,NA,1,1,1,1,200,5495.82564900553,19583.6794520548,416.868493150683,1375,1175,512,460,203,0,40,19314.4096088787,1175,0,163,37,0.435744680851064,0.693815987933635,0.00207099263244435,0.0599989395698935,2.81863469968521,7.39339923858643
3,15000,3e-05,"seasonal",5,0.4,2125,109.112479886919,NA,1,1,1,1,200,5495.44677606707,19524.2931506849,476.254794520548,1505,1305,578,513,214,0,55,19236.4396614884,1305,0,159,41,0.442911877394636,0.705639614855571,0.00285915694212951,0.0668398077168914,2.74012989478407,7.87840914726257
3,15000,3e-05,"constant",1,0,2126,109.112479886919,NA,1,1,1,1,200,5021.12701084872,19914.3835616438,86.1643835616414,551,351,135,138,78,0,1,19762.4235268879,351,0,77,123,0.384615384615385,0.638888888888889,5.06010813218046e-05,0.0176254514187446,4.07360890302078,5.63595747947693
3,15000,3e-05,"constant",2,0,2127,109.112479886919,NA,1,1,1,1,200,5021.12994794806,19886.0684931507,114.479452054795,674,474,199,196,79,0,4,19715.9194004236,474,0,75,125,0.419831223628692,0.712727272727273,0.000202881738292867,0.0238357823298888,4.14048103386382,6.05421829223633
3,15000,3e-05,"constant",3,0,2128,109.112479886919,NA,1,1,1,1,200,5021.5100252041,19914.0465753425,86.5013698630137,603,403,175,156,72,0,3,19756.9678078752,403,0,69,131,0.43424317617866,0.684210526315789,0.000151845163143111,0.0202369718517679,4.65888575681754,6.99767327308655
3,15000,3e-05,"constant",4,0,2129,109.112479886919,NA,1,1,1,1,200,5021.06187359597,19883.3534246575,117.194520547946,688,488,215,190,83,0,4,19713.3303593277,488,0,79,121,0.440573770491803,0.695970695970696,0.00020290838367183,0.0245431436829376,4.16401720590983,7.06398582458496
3,15000,3e-05,"constant",5,0,2130,109.112479886919,NA,1,1,1,1,200,5021.54228727193,19915.2821917808,85.2657534246573,565,365,156,136,73,0,2,19764.7888180665,365,0,71,129,0.427397260273973,0.650717703349282,0.000101190051581621,0.0183276338484743,4.28073388599706,6.24801993370056
3,15000,5e-05,"seasonal",1,0.4,2131,109.112479886919,NA,1,1,1,1,200,5495.07828694318,19742.0054794521,258.542465753424,1223,1023,492,323,208,0,38,19504.5310813161,1023,0,170,30,0.480938416422287,0.608286252354049,0.00194826524367977,0.0518184437272476,3.95679679552392,6.13563299179077
3,15000,5e-05,"seasonal",2,0.4,2132,109.112479886919,NA,1,1,1,1,200,5494.71450578051,19749.2657534247,251.282191780821,1199,999,480,303,216,0,48,19513.6223492659,999,0,168,32,0.48048048048048,0.583815028901734,0.00245982007547695,0.0505841590504076,3.97561002202404,6.63562059402466
3,15000,5e-05,"seasonal",3,0.4,2133,109.112479886919,NA,1,1,1,1,200,5494.0109599474,19788.3369863014,212.21095890411,1063,863,412,256,195,0,31,19573.6973307375,863,0,164,36,0.477404403244496,0.567627494456763,0.00158375801342955,0.0436115475796384,4.06670797991142,7.3227264881134
3,15000,5e-05,"seasonal",4,0.4,2134,109.112479886919,NA,1,1,1,1,200,5495.12328255986,19723.1945205479,277.353424657533,1247,1047,472,351,224,0,50,19473.5337535408,1047,0,174,26,0.450811843361987,0.610434782608696,0.00256758740518313,0.0530847068870724,3.77496690835097,7.0423800945282
3,15000,5e-05,"seasonal",5,0.4,2135,109.112479886919,NA,0.999939181414717,1,1,1,200,5495.69559037861,19755.5616438356,244.986301369863,1233,1033,502,316,215,0,47,19514.7474690463,1033,0,168,32,0.485963213939981,0.595103578154426,0.00240843495794911,0.0522890727494113,4.21656229031536,6.23513174057007
3,15000,5e-05,"constant",1,0,2136,109.112479886919,NA,1,1,1,1,200,5021.5673404197,19959.9452054795,40.6027397260259,492,292,122,99,71,0,2,19819.1805988884,292,0,69,131,0.417808219178082,0.582352941176471,0.000100912345493848,0.0146292986776256,7.1916329284753,6.61803674697876
3,15000,5e-05,"constant",2,0,2137,109.112479886919,NA,1,1,1,1,200,5021.14015012876,19955.2520547945,45.2958904109582,522,322,145,104,73,0,2,19811.8025166966,322,0,71,129,0.450310559006211,0.587570621468927,0.000100949926101599,0.0161361028723581,7.10881267767506,6.17825484275818
3,15000,5e-05,"constant",3,0,2138,109.112479886919,NA,1,1,1,1,200,5020.08302147828,19961.2520547945,39.2958904109582,462,262,110,82,70,0,3,19825.9267119847,262,0,67,133,0.419847328244275,0.539473684210526,0.000151317012494881,0.0131254291705149,6.66736387087789,7.37380266189575
3,15000,5e-05,"constant",4,0,2139,109.112479886919,NA,1,1,1,1,200,5020.73349597282,19961.4520547945,39.0958904109575,463,263,114,76,73,0,2,19828.4134756007,263,0,71,129,0.433460076045627,0.51006711409396,0.000100865356800283,0.0131753942187202,6.72704975473044,5.39219689369202
3,15000,5e-05,"constant",5,0,2140,109.112479886919,NA,1,1,1,1,200,5020.27416634705,19945.304109589,55.2438356164384,597,397,179,136,82,0,3,19789.9979448615,397,0,79,121,0.45088161209068,0.623853211009174,0.000151591728728752,0.0199044345385105,7.18632215830191,5.28099632263184
3,15000,8e-05,"seasonal",1,0.4,2141,109.112479886919,NA,0.999873979507972,1,0.995,1,200,5495.11664703304,19839.3150684931,161.232876712329,1019,819,415,199,204,1,38,19634.0644202745,819,0,167,33,0.507334963325183,0.493796526054591,0.00193541180198841,0.041281667092462,5.07960917587085,5.02602863311768
3,15000,8e-05,"seasonal",2,0.4,2142,109.112479886919,NA,0.999997534381678,1,1,1,200,5494.02361624021,19831.5178082192,169.030136986301,1028,828,407,213,208,0,33,19622.5292829576,828,0,175,25,0.491545893719807,0.505938242280285,0.00168174038749739,0.0417517210738573,4.89853475103736,5.45817422866821
3,15000,8e-05,"seasonal",3,0.4,2143,109.112479886919,NA,0.99998794586598,1,1,1,200,5495.14806147608,19844.3863013699,156.161643835614,1002,802,383,206,213,0,43,19634.0479481677,802,0,170,30,0.477556109725686,0.491646778042959,0.00219007308699238,0.0404144521186144,5.13570413516034,5.35691380500793
3,15000,8e-05,"seasonal",4,0.4,2144,109.112479886919,NA,1,1,1,1,200,5493.97811489781,19843.4246575342,157.123287671231,1034,834,420,214,200,0,36,19634.5950195069,834,0,164,36,0.503597122302158,0.516908212560386,0.00183349847370084,0.0420290355315932,5.30793374019187,5.85892033576965
3,15000,8e-05,"seasonal",5,0.4,2145,109.112479886919,NA,0.999979727138239,1,1,1,200,5494.23658237905,19840.7397260274,159.808219178081,1000,800,387,202,211,0,45,19631.096338744,800,0,166,34,0.48375,0.48910411622276,0.00229228155287425,0.0403210772908102,5.00600034287676,5.38855910301208
3,15000,8e-05,"constant",1,0,2146,109.112479886919,NA,1,1,1,1,200,5020.64514218399,19979.1479452055,21.3999999999978,423,223,110,46,67,0,1,19856.0153077098,223,0,66,134,0.493273542600897,0.407079646017699,5.03625719714122e-05,0.011161637153476,10.4205607476646,5.243732213974
3,15000,8e-05,"constant",2,0,2147,109.112479886919,NA,1,1,1,1,200,5020.21144101693,19972.5232876712,28.0246575342462,497,297,141,69,87,0,2,19835.2627906692,297,0,85,115,0.474747474747475,0.442307692307692,0.000100830526981514,0.0148704295257142,10.5978101476196,4.77709770202637
3,15000,8e-05,"constant",3,0,2148,109.112479886919,NA,1,1,1,1,200,5020.23107583146,19969.7808219178,30.767123287671,503,303,141,68,94,0,3,19832.2746571902,303,0,91,109,0.465346534653465,0.419753086419753,0.000151268578711033,0.0151729256671382,9.84817453250231,5.3922278881073
3,15000,8e-05,"constant",4,0,2149,109.112479886919,NA,1,1,1,1,200,5019.1160665169,19974.3232876712,26.2246575342469,452,252,121,50,81,0,2,19845.9532016281,252,0,79,121,0.48015873015873,0.381679389312977,0.000100776212645504,0.0126161971232108,9.60927705808595,5.56897306442261
3,15000,8e-05,"constant",5,0,2150,109.112479886919,NA,1,1,1,1,200,5020.03921922086,19973.698630137,26.8493150684917,458,258,122,60,76,0,0,19843.5431672162,258,0,76,124,0.472868217054264,0.441176470588235,0,0.0129169867222649,9.60918367346991,5.69069766998291
3,15000,1e-04,"seasonal",1,0.4,2151,109.112479886919,NA,0.999958632403704,1,1,1,200,5494.18638321188,19880.3616438356,120.186301369864,937,737,376,158,203,0,37,19685.1822284937,737,0,166,34,0.510176390773406,0.437673130193906,0.00187958635945181,0.0370717602226579,6.13214643931791,4.83924436569214
3,15000,1e-04,"seasonal",2,0.4,2152,109.112479886919,NA,0.999959454276478,1,1,1,200,5494.06316777163,19875.295890411,125.252054794521,953,753,398,162,193,0,30,19683.0936833946,753,0,163,37,0.528552456839309,0.456338028169014,0.00152415064839676,0.0378862284190341,6.0118774197782,4.78290939331055
3,15000,1e-04,"seasonal",3,0.4,2153,109.112479886919,NA,1,1,1,1,200,5493.07781381842,19867.7616438356,132.786301369862,1019,819,440,182,197,0,32,19668.654402738,819,0,165,35,0.537240537240537,0.480211081794195,0.00162695420564945,0.0412225601797529,6.16780489817817,5.40232181549072
3,15000,1e-04,"seasonal",4,0.4,2154,109.112479886919,NA,1,1,1,1,200,5494.19977946414,19892.9917808219,107.556164383561,848,648,321,131,196,0,29,19709.5777072845,648,0,167,33,0.49537037037037,0.400611620795107,0.00147136587250582,0.0325742858158074,6.02475928473182,5.87403297424316
3,15000,1e-04,"seasonal",5,0.4,2155,109.112479886919,NA,0.999978905265465,1,1,1,200,5494.07199139773,19883.7534246575,116.794520547945,956,756,398,158,200,0,33,19688.7457213138,756,0,167,33,0.526455026455027,0.441340782122905,0.0016760844223955,0.0380209904968192,6.47290640394092,5.91972160339355
3,15000,1e-04,"constant",1,0,2156,109.112479886919,NA,1,1,1,1,200,5019.30538929374,19984.104109589,16.4438356164392,412,212,108,38,66,0,1,19862.7139378468,212,0,65,135,0.509433962264151,0.365384615384615,5.03455873718535e-05,0.0106084315232463,12.8923692102626,4.94198346138
3,15000,1e-04,"constant",2,0,2157,109.112479886919,NA,1,1,1,1,200,5019.15618103118,19984.3452054795,16.2027397260281,390,190,81,39,70,0,3,19862.3075339026,190,0,67,133,0.426315789473684,0.357798165137615,0.000151039852488406,0.00950744185243079,11.7264119039562,6.28283071517944
3,15000,1e-04,"constant",3,0,2158,109.112479886919,NA,1,1,1,1,200,5019.37645389294,19982.8136986301,17.7342465753427,417,217,102,39,76,0,2,19858.5504619021,217,0,74,126,0.470046082949309,0.339130434782609,0.000100712285311908,0.0108593315872667,12.2362119573612,4.89437103271484
3,15000,1e-04,"constant",4,0,2159,109.112479886919,NA,1,1,1,1,200,5019.31412497945,19976.8767123288,23.6712328767098,490,290,145,65,80,0,5,19842.2244176295,290,0,75,125,0.5,0.448275862068966,0.000251987876699831,0.01451678378838,12.2511574074087,4.45525813102722
3,15000,1e-04,"constant",5,0,2160,109.112479886919,NA,1,1,1,1,200,5018.93549942469,19979.9479452055,20.5999999999985,432,232,101,50,81,0,0,19850.0554959834,232,0,81,119,0.435344827586207,0.381679389312977,0,0.0116116418639455,11.2621359223309,4.40019273757935
3,15000,2e-04,"seasonal",1,0.4,2161,109.112479886919,NA,1,1,1,1,200,5490.63902936825,19931.5232876712,69.0246575342462,850,650,395,83,172,0,19,19766.3056174168,650,0,153,47,0.607692307692308,0.325490196078431,0.00096123172269776,0.0326116569525853,9.41692466460273,4.56005358695984
3,15000,2e-04,"seasonal",2,0.4,2162,109.112479886919,NA,0.999991781272259,1,1,1,200,5490.97293545559,19925.3945205479,75.153424657532,777,577,306,61,210,0,45,19755.6470236755,577,0,165,35,0.530329289428076,0.225092250922509,0.00227782972362643,0.0289580213533525,7.67762750173185,4.17864775657654
3,15000,2e-04,"seasonal",3,0.4,2163,109.112479886919,NA,1,1,1,1,200,5490.93392307271,19923.5945205479,76.9534246575349,794,594,308,83,203,0,34,19750.6288207115,594,0,169,31,0.518518518518518,0.29020979020979,0.0017214641776036,0.0298138972557078,7.7189547137567,4.30188965797424
3,15000,2e-04,"seasonal",4,0.4,2164,109.112479886919,NA,1,1,1,1,200,5490.03809215933,19921.397260274,79.1506849315047,810,610,311,92,207,0,41,19742.3283247147,610,0,166,34,0.50983606557377,0.307692307692308,0.00207675606066553,0.0306203421391744,7.70681896850143,4.46266674995422
3,15000,2e-04,"seasonal",5,0.4,2165,109.112479886919,NA,1,1,1,1,200,5490.52953564188,19915.0109589041,85.5369863013693,941,741,429,114,198,0,29,19732.2763374215,741,0,169,31,0.578947368421053,0.365384615384615,0.00146967331614967,0.0372081140969041,8.66291918900745,4.6208713054657
3,15000,2e-04,"constant",1,0,2166,109.112479886919,NA,1,1,1,1,200,5017.08437318503,19990.1369863014,10.4109589041072,358,158,76,14,68,0,0,19876.9486466683,158,0,68,132,0.481012658227848,0.170731707317073,0,0.00790389781261992,15.1763157894771,4.17328000068665
3,15000,2e-04,"constant",2,0,2167,109.112479886919,NA,1,1,1,1,200,5016.38172401512,19990.6219178082,9.92602739726135,390,190,101,24,65,0,0,19874.1459069423,190,0,65,135,0.531578947368421,0.269662921348315,0,0.0095044566787961,19.1415953629568,4.42257285118103
3,15000,2e-04,"constant",3,0,2168,109.112479886919,NA,1,1,1,1,200,5016.73108569393,19992.3753424658,8.17260273972352,340,140,69,10,61,0,2,19882.038133135,140,0,59,141,0.492857142857143,0.140845070422535,0.000100593308724564,0.00700266964789453,17.1304056319194,4.28159618377686
3,15000,2e-04,"constant",4,0,2169,109.112479886919,NA,1,1,1,1,200,5016.86212481508,19989.0438356164,11.504109589041,390,190,92,18,80,0,1,19870.8838008605,190,0,79,121,0.484210526315789,0.183673469387755,5.03248879124689e-05,0.00950520703053632,16.5158371040725,4.39032483100891
3,15000,2e-04,"constant",5,0,2170,109.112479886919,NA,1,1,1,1,200,5017.00697386445,19990.8328767123,9.71506849315119,348,148,65,13,70,0,0,19877.315769956,148,0,70,130,0.439189189189189,0.156626506024096,0,0.00740339339099812,15.2340665538627,4.23559474945068
3,30000,1e-05,"seasonal",1,0.4,2171,109.112479886919,NA,1,1,1,1,200,10974.0305117528,19438.3917808219,562.156164383559,1330,1130,472,464,194,0,36,19165.2799510138,1130,0,158,42,0.417699115044248,0.70516717325228,0.00187839677228903,0.05813238115279,2.0101176000429,4.22845554351807
3,30000,1e-05,"seasonal",2,0.4,2172,109.112479886919,NA,1,1,1,1,200,10975.0378080653,19469.4712328767,531.076712328766,1260,1060,437,446,177,0,20,19210.7503606502,1060,0,157,43,0.412264150943396,0.715890850722311,0.00104108374865807,0.0544442110071307,1.99594517212384,4.0664656162262
3,30000,1e-05,"seasonal",3,0.4,2173,109.112479886919,NA,1,1,1,1,200,10974.6717522328,19516.1342465753,484.413698630135,1130,930,375,370,185,0,32,19273.561252053,930,0,153,47,0.403225806451613,0.666666666666667,0.00166030551290003,0.0476528798300921,1.91984661587798,4.22228717803955
3,30000,1e-05,"seasonal",4,0.4,2174,109.112479886919,NA,1,1,1,1,200,10973.9231669498,19527.0904109589,473.457534246576,1224,1024,417,417,190,0,33,19269.9457213138,1024,0,157,43,0.4072265625,0.686985172981878,0.00171251131047556,0.0524399681903104,2.16281276763187,4.46886253356934
3,30000,1e-05,"seasonal",5,0.4,2175,109.112479886919,NA,1,1,1,1,200,10974.3587110295,19494.7479452055,505.799999999999,1298,1098,465,457,176,0,29,19228.9338716681,1098,0,147,53,0.423497267759563,0.721958925750395,0.00150814393525627,0.0563228620901478,2.17081850533808,3.9096212387085
3,30000,1e-05,"constant",1,0,2176,109.112479886919,NA,1,1,1,1,200,10031.5156320202,19912.7424657534,87.805479452054,467,267,101,110,56,0,2,19772.4079961487,267,0,54,146,0.378277153558052,0.662650602409639,0.000101151058605991,0.0134084996307864,3.04081250585044,3.93157529830933
3,30000,1e-05,"constant",2,0,2177,109.112479886919,NA,1,1,1,1,200,10031.0055402444,19881.8630136986,118.68493150685,535,335,122,151,62,0,1,19727.4673625044,335,0,61,139,0.364179104477612,0.708920187793427,5.06907441094381e-05,0.0168495276206855,2.82259926131115,3.69883322715759
3,30000,1e-05,"constant",3,0,2178,109.112479886919,NA,1,1,1,1,200,10030.7602728618,19911.1068493151,89.4410958904118,464,264,104,102,58,0,0,19773.2253589971,264,0,58,142,0.393939393939394,0.6375,0,0.0132589314093848,2.95166329718799,3.70105648040771
3,30000,1e-05,"constant",4,0,2179,109.112479886919,NA,1,1,1,1,200,10030.2336000767,19890.7945205479,109.753424657534,541,341,130,147,64,0,0,19736.7787836546,341,0,64,136,0.381231671554252,0.696682464454976,0,0.0171436088009322,3.10696455317025,3.62087082862854
3,30000,1e-05,"constant",5,0,2180,109.112479886919,NA,1,1,1,1,200,10031.116414717,19900.3561643836,100.191780821919,469,269,101,114,54,0,0,19760.5130302299,269,0,54,146,0.37546468401487,0.678571428571429,0,0.0135173460101905,2.68485097074102,11.581423997879
3,30000,2e-05,"seasonal",1,0.4,2181,109.112479886919,NA,1,1,1,1,200,10973.6389553997,19784.5315068493,216.016438356164,929,729,304,244,181,0,27,19575.1868509548,729,0,154,46,0.417009602194787,0.574117647058824,0.00137929717890192,0.0368469680339726,3.37474317023058,5.78125596046448
3,30000,2e-05,"seasonal",2,0.4,2182,109.112479886919,NA,1,1,1,1,200,10974.4833904992,19778.4876712329,222.060273972602,986,786,361,248,177,0,28,19566.7521421334,786,0,149,51,0.459287531806616,0.583529411764706,0.00143099885952494,0.0397401466211802,3.53957952919115,5.32307624816895
3,30000,2e-05,"seasonal",3,0.4,2183,109.112479886919,NA,1,1,1,1,200,10973.6263391047,19769.5808219178,230.967123287672,1062,862,414,265,183,0,32,19549.0900191763,862,0,151,49,0.480278422273782,0.591517857142857,0.00163690483642002,0.0436023407762057,3.73213290155747,6.04494714736938
3,30000,2e-05,"seasonal",4,0.4,2184,109.112479886919,NA,1,1,1,1,200,10972.8855947619,19776.8191780822,223.728767123288,990,790,376,240,174,0,24,19569.9183746794,790,0,150,50,0.475949367088608,0.579710144927536,0.00122637200321962,0.0399457563365662,3.53106133895004,5.89689660072327
3,30000,2e-05,"seasonal",5,0.4,2185,109.112479886919,NA,1,1,1,1,200,10974.9950167114,19776.1068493151,224.441095890412,989,789,356,257,176,0,24,19563.5265938575,789,0,152,48,0.451204055766793,0.593533487297921,0.00122677268256611,0.0398966290995402,3.51539898194601,4.99025917053223
3,30000,2e-05,"constant",1,0,2186,109.112479886919,NA,1,1,1,1,200,10030.5490033423,19969.3424657534,31.2054794520554,392,192,76,56,60,0,1,19843.8509241482,192,0,59,141,0.395833333333333,0.482758620689655,5.03934444892997e-05,0.00961473820829463,6.15276558384535,4.80801272392273
3,30000,2e-05,"constant",2,0,2187,109.112479886919,NA,1,1,1,1,200,10029.9921130349,19973.5397260274,27.0082191780821,362,162,64,44,54,0,1,19852.8728419564,162,0,53,147,0.395061728395062,0.448979591836735,5.03705437475342e-05,0.00811073060769989,5.99817407181987,6.24592685699463
3,30000,2e-05,"constant",3,0,2188,109.112479886919,NA,1,1,1,1,200,10031.3842326448,19964.1232876712,36.4246575342477,430,230,101,62,67,0,2,19834.4079961487,230,0,65,135,0.439130434782609,0.48062015503876,0.000100834872429182,0.0115206661813212,6.31440391124464,5.69128036499023
3,30000,2e-05,"constant",4,0,2189,109.112479886919,NA,1,1,1,1,200,10031.1168420908,19964.9424657534,35.6054794520533,415,215,89,66,60,0,0,19836.1267288601,215,0,60,140,0.413953488372093,0.523809523809524,0,0.0107688765128573,6.03839642967093,5.11441469192505
3,30000,2e-05,"constant",5,0,2190,109.112479886919,NA,1,1,1,1,200,10030.2608826914,19953.5095890411,47.038356164383,480,280,135,94,51,0,1,19818.8153077098,280,0,50,150,0.482142857142857,0.648275862068965,5.0457102731614e-05,0.0140326191114661,5.95258896848979,5.21353888511658
3,30000,3e-05,"seasonal",1,0.4,2191,109.112479886919,NA,1,1,1,1,200,10973.1127182072,19872.5342465753,128.013698630137,810,610,275,151,184,0,27,19685.0416454754,610,0,157,43,0.450819672131148,0.450746268656716,0.00137159984145657,0.0306956320935827,4.76511503477796,6.67787146568298
3,30000,3e-05,"seasonal",2,0.4,2192,109.112479886919,NA,1,1,1,1,200,10973.6111314449,19824.0082191781,176.539726027397,945,745,360,199,186,0,24,19623.3211144055,745,0,162,38,0.483221476510067,0.516883116883117,0.0012230345648465,0.0375806946689658,4.22001334636934,6.0477077960968
3,30000,3e-05,"seasonal",3,0.4,2193,109.112479886919,NA,1,1,1,1,200,10972.3901895787,19839.9479452055,160.599999999999,920,720,351,183,186,0,22,19645.6179293086,720,0,164,36,0.4875,0.495934959349593,0.00111984260709758,0.0362904177968872,4.48318804483192,6.69552659988403
3,30000,3e-05,"seasonal",4,0.4,2194,109.112479886919,NA,1,1,1,1,200,10973.4999572626,19879.3068493151,121.241095890411,787,587,295,131,161,0,20,19704.6489907872,587,0,141,59,0.502555366269165,0.448630136986301,0.00101498889979471,0.029528192529521,4.8415926603846,5.30092644691467
3,30000,3e-05,"seasonal",5,0.4,2195,109.112479886919,NA,1,1,1,1,200,10975.1426371158,19873.3698630137,127.178082191782,782,582,279,135,168,0,22,19695.4042306785,582,0,146,54,0.479381443298969,0.445544554455446,0.00111701185425439,0.0292854208426503,4.5762602326583,6.18945121765137
3,30000,3e-05,"constant",1,0,2196,109.112479886919,NA,1,1,1,1,200,10028.9922338502,19975.5479452055,25,383,183,82,44,57,0,2,19854.6984071076,183,0,55,145,0.448087431693989,0.435643564356436,0.000100731824729407,0.00916120050884129,7.32,5.28530740737915
3,30000,3e-05,"constant",2,0,2197,109.112479886919,NA,1,1,1,1,200,10029.5553547751,19986.8931506849,13.6547945205457,313,113,44,23,46,0,0,19876.0089206409,113,0,46,154,0.389380530973451,0.333333333333333,0,0.00565370511304943,8.27548154093234,5.09001135826111
3,30000,3e-05,"constant",3,0,2198,109.112479886919,NA,1,1,1,1,200,10030.0253709386,19979.5397260274,21.0082191780821,386,186,89,40,57,0,1,19859.3714720934,186,0,56,144,0.478494623655914,0.412371134020619,5.03540608727326e-05,0.00930952377034479,8.85367762128331,5.51218748092651
3,30000,3e-05,"constant",4,0,2199,109.112479886919,NA,1,1,1,1,200,10029.969121692,19975.9287671233,24.61917808219,400,200,86,44,70,0,3,19851.3650681491,200,0,67,133,0.43,0.385964912280702,0.000151123108647747,0.0100120501195,8.12374805252672,7.41171479225159
3,30000,3e-05,"constant",5,0,2200,109.112479886919,NA,1,1,1,1,200,10029.326033642,19972.898630137,27.649315068491,427,227,96,58,73,0,0,19841.6746740655,227,0,73,127,0.422907488986784,0.442748091603053,0,0.0113654008966671,8.20996829171686,6.92409157752991
3,30000,5e-05,"seasonal",1,0.4,2201,109.112479886919,NA,1,1,1,1,200,10971.7333431045,19905.1835616438,95.3643835616422,759,559,285,102,172,0,18,19736.614298841,559,0,154,46,0.509838998211091,0.372262773722628,0.000912010526600653,0.0280831371521316,5.86172718915202,7.21279263496399
3,30000,5e-05,"seasonal",2,0.4,2202,109.112479886919,NA,1,1,1,1,200,10973.6577160156,19908.5835616438,91.9643835616444,746,546,280,91,175,0,16,19743.289195936,546,0,159,41,0.512820512820513,0.342105263157895,0.000810401946768499,0.0274253564202293,5.93708106175705,6.8262779712677
3,30000,5e-05,"seasonal",3,0.4,2203,109.112479886919,NA,1,1,1,1,200,10972.0443830475,19902.1178082192,98.4301369863024,772,572,302,100,170,0,12,19736.345839441,572,0,158,42,0.527972027972028,0.37037037037037,0.000608015288018478,0.0287406599394048,5.81122832410159,6.0483283996582
3,30000,5e-05,"seasonal",4,0.4,2204,109.112479886919,NA,1,1,1,1,200,10973.4457807791,19883.6794520548,116.868493150683,890,690,354,150,186,0,24,19693.5923472822,690,0,162,38,0.51304347826087,0.446428571428571,0.00121867049834167,0.0347018267752599,5.90407201631628,6.08103895187378
3,30000,5e-05,"seasonal",5,0.4,2205,109.112479886919,NA,1,1,1,1,200,10972.0693430497,19897.8493150685,102.698630136987,833,633,352,108,173,0,16,19726.1439904565,633,0,157,43,0.55608214849921,0.384341637010676,0.000811106316963962,0.0318124833481694,6.16366546618643,6.85920691490173
3,30000,5e-05,"constant",1,0,2206,109.112479886919,NA,1,1,1,1,200,10029.1052753274,19986.9945205479,13.5534246575335,373,173,86,25,62,0,2,19870.1121057377,173,0,60,140,0.497109826589595,0.28735632183908,0.000100653684758149,0.00865562852994954,12.7643015969282,6.06232452392578
3,30000,5e-05,"constant",2,0,2207,109.112479886919,NA,1,1,1,1,200,10028.1386663744,19988.5068493151,12.0410958904104,328,128,52,18,58,0,1,19875.3029789427,128,0,57,143,0.40625,0.236842105263158,5.03136984155396e-05,0.00640367992291461,10.6302616609789,6.10870933532715
3,30000,5e-05,"constant",3,0,2208,109.112479886919,NA,1,1,1,1,200,10029.5993674319,19991.104109589,9.44383561643917,311,111,46,11,54,0,0,19881.9020713258,111,0,54,146,0.414414414414414,0.169230769230769,0,0.00555246970810167,11.7536988685804,6.69923567771912
3,30000,5e-05,"constant",4,0,2209,109.112479886919,NA,1,1,1,1,200,10029.9249043888,19989.6054794521,10.9424657534255,322,122,55,18,49,0,0,19879.4308384491,122,0,49,151,0.450819672131148,0.26865671641791,0,0.0061031719773263,11.1492238357528,6.40590500831604
3,30000,5e-05,"constant",5,0,2210,109.112479886919,NA,1,1,1,1,200,10029.4678466933,19991.8109589041,8.73698630137005,316,116,56,11,49,0,1,19883.5550337372,116,0,48,152,0.482758620689655,0.183333333333333,5.02928172705162e-05,0.00580237579469183,13.2768893069925,6.27982687950134
3,30000,8e-05,"seasonal",1,0.4,2211,109.112479886919,NA,1,1,1,1,200,10971.8159506328,19924.6054794521,75.9424657534255,734,534,281,75,178,0,17,19761.4764049228,534,0,161,39,0.526217228464419,0.296442687747036,0.000860259610752825,0.0268010325499647,7.03163894801392,6.92276692390442
3,30000,8e-05,"seasonal",2,0.4,2212,109.112479886919,NA,1,1,1,1,200,10970.7588907457,19931.5534246575,68.9945205479453,650,450,211,61,178,0,24,19770.9156349534,450,0,154,46,0.468888888888889,0.255230125523013,0.00121390432507688,0.0225772668297545,6.52225707818766,6.19793677330017
3,30000,8e-05,"seasonal",3,0.4,2213,109.112479886919,NA,1,1,1,1,200,10971.3433370774,19918.9917808219,81.5561643835608,800,600,319,98,183,0,24,19744.5375527616,600,0,159,41,0.531666666666667,0.348754448398576,0.00121552606313857,0.0301220065052531,7.35689330825054,5.87997817993164
3,30000,8e-05,"seasonal",4,0.4,2214,109.112479886919,NA,1,1,1,1,200,10970.7025499973,19935.7917808219,64.7561643835616,662,462,238,48,176,0,26,19780.098272105,462,0,150,50,0.515151515151515,0.214285714285714,0.00131445251900829,0.0231743993456252,7.13445591470639,5.6644651889801
3,30000,8e-05,"seasonal",5,0.4,2215,109.112479886919,NA,1,1,1,1,200,10970.3523872665,19929.3589041096,71.1890410958913,733,533,296,69,168,0,16,19770.9220726483,533,0,152,48,0.555347091932458,0.291139240506329,0.000809269286541515,0.0267444629084426,7.48710745073882,6.40848875045776
3,30000,8e-05,"constant",1,0,2216,109.112479886919,NA,1,1,1,1,200,10027.7558292696,19995.8191780822,4.72876712328798,271,71,30,3,38,0,0,19893.7924822847,71,0,38,162,0.422535211267606,0.0731707317073171,0,0.00355074225105138,15.0144843568936,5.6673686504364
3,30000,8e-05,"constant",2,0,2217,109.112479886919,NA,1,1,1,1,200,10026.677409457,19994.2630136986,6.28493150684881,301,101,47,2,52,0,0,19888.6116603669,101,0,52,148,0.465346534653465,0.037037037037037,0,0.0050514490046871,16.0701830863134,4.73574066162109
3,30000,8e-05,"constant",3,0,2218,109.112479886919,NA,1,1,1,1,200,10027.1667399047,19992.6356164384,7.91232876712093,306,106,44,4,58,0,1,19884.6810611345,106,0,57,143,0.415094339622642,0.0645161290322581,5.02899692947323e-05,0.00530195228051096,13.3968144044361,5.45856904983521
3,30000,8e-05,"constant",4,0,2219,109.112479886919,NA,1,1,1,1,200,10028.0164771793,19994.0575342466,6.49041095890425,310,110,51,7,52,0,0,19886.2746740655,110,0,52,148,0.463636363636364,0.11864406779661,0,0.00550163466377887,16.9480793583787,6.17240905761719
3,30000,8e-05,"constant",5,0,2220,109.112479886919,NA,1,1,1,1,200,10027.6281954413,19994.698630137,5.84931506849171,290,90,38,8,44,0,0,19889.0500165313,90,0,44,156,0.422222222222222,0.153846153846154,0,0.00450119312447889,15.3864168618305,6.24987363815308
3,30000,1e-04,"seasonal",1,0.4,2221,109.112479886919,NA,1,1,1,1,200,10968.7119692072,19926.495890411,74.0520547945198,761,561,291,82,188,0,23,19755.3695218571,561,0,165,35,0.518716577540107,0.303703703703704,0.00116424043471083,0.0281534697864247,7.57575197010626,6.04935574531555
3,30000,1e-04,"seasonal",2,0.4,2222,109.112479886919,NA,1,1,1,1,200,10969.7396476905,19935.2383561644,65.309589041095,742,542,311,55,176,0,24,19776.5156349534,542,0,152,48,0.57380073800738,0.238095238095238,0.0012135605909052,0.027188037098759,8.29893447436877,6.10742354393005
3,30000,1e-04,"seasonal",3,0.4,2223,109.112479886919,NA,1,1,1,1,200,10969.8010180264,19924.7863013699,75.7616438356163,749,549,296,71,182,0,18,19762.4197782931,549,0,164,36,0.539162112932605,0.280632411067194,0.00091081963655944,0.0275536204853678,7.24641087766248,6.23338031768799
3,30000,1e-04,"seasonal",4,0.4,2224,109.112479886919,NA,1,1,1,1,200,10968.8632844776,19920.5917808219,79.9561643835623,775,575,297,79,199,0,30,19748.8525875041,575,0,169,31,0.516521739130435,0.284172661870504,0.00151907559525672,0.0288646043414015,7.19144051535082,4.89362215995789
3,30000,1e-04,"seasonal",5,0.4,2225,109.112479886919,NA,1,1,1,1,200,10969.8245792011,19929.1863013699,71.3616438356148,763,563,315,62,186,0,24,19765.7430322137,563,0,162,38,0.559502664298401,0.25,0.0012142219981756,0.0282500244358347,7.88939225246687,5.40153980255127
3,30000,1e-04,"constant",1,0,2226,109.112479886919,NA,1,1,1,1,200,10026.1315999123,19994.8438356164,5.70410958904176,294,94,42,4,48,0,0,19889.2527562573,94,0,48,152,0.446808510638298,0.0769230769230769,0,0.00470121201109656,16.4793467819385,6.7891674041748
3,30000,1e-04,"constant",2,0,2227,109.112479886919,NA,1,1,1,1,200,10027.7311826749,19992.2684931507,8.27945205479409,330,130,63,8,59,0,0,19882.7102905039,130,0,59,141,0.484615384615385,0.119402985074627,0,0.0065025137114649,15.7015221707487,6.36173677444458
3,30000,1e-04,"constant",3,0,2228,109.112479886919,NA,1,1,1,1,200,10026.7346027615,19995.7424657534,4.80547945205399,293,93,41,1,51,0,1,19889.7413351071,93,0,50,150,0.440860215053763,0.0192307692307692,5.0277174707894e-05,0.0046509900874789,19.352907639684,5.88721036911011
3,30000,1e-04,"constant",4,0,2229,109.112479886919,NA,1,1,1,1,200,10027.404560572,19992.2876712329,8.26027397260259,357,157,79,5,73,0,1,19878.927636477,157,0,72,128,0.503184713375796,0.0641025641025641,5.03045243831485e-05,0.00785302825678669,19.0066334991712,7.6733832359314
3,30000,1e-04,"constant",5,0,2230,109.112479886919,NA,1,1,1,1,200,10026.5875941044,19993.2246575342,7.32328767123181,319,119,57,8,54,0,0,19884.7404274902,119,0,54,146,0.478991596638655,0.129032258064516,0,0.00595201634745579,16.2495323606458,6.904949426651
3,30000,2e-04,"seasonal",1,0.4,2231,109.112479886919,NA,1,1,1,1,200,10965.3686945921,19951.2547945205,49.2931506849309,673,473,299,9,165,0,11,19812.5860277145,473,0,154,46,0.632135306553911,0.0517241379310345,0.000555202636577216,0.0237077820353387,9.59565362383294,6.54087662696838
3,30000,2e-04,"seasonal",2,0.4,2232,109.112479886919,NA,1,1,1,1,200,10964.2765023834,19955.2328767123,45.3150684931497,636,436,271,4,161,0,11,19819.3695893583,436,0,150,50,0.621559633027523,0.0242424242424242,0.000555012607762573,0.0218489056326078,9.62152357920213,7.84504771232605
3,30000,2e-04,"seasonal",3,0.4,2233,109.112479886919,NA,1,1,1,1,200,10963.8172705605,19952.8301369863,47.7178082191786,595,395,227,11,157,0,4,19817.6125511085,395,0,153,47,0.574683544303797,0.0654761904761905,0.000201840660154407,0.019796690358617,8.27783200321517,7.11288142204285
3,30000,2e-04,"seasonal",4,0.4,2234,109.112479886919,NA,1,1,1,1,200,10963.8038093803,19949.3561643836,51.1917808219187,672,472,294,7,171,0,16,19808.7987849771,472,0,155,45,0.622881355932203,0.0393258426966292,0.00080772187014865,0.0236599114332663,9.22023013112107,5.0888614654541
3,30000,2e-04,"seasonal",5,0.4,2235,109.112479886919,NA,1,1,1,1,200,10964.6173974029,19944.3534246575,56.194520547946,694,494,298,19,177,0,16,19800.0207027853,494,0,161,39,0.603238866396761,0.0969387755102041,0.000808079963156263,0.0247689152654736,8.79089269172627,5.58700656890869
3,30000,2e-04,"constant",1,0,2236,109.112479886919,NA,1,1,1,1,200,10021.64024574,19996.3315068493,4.21643835616487,302,102,52,0,50,0,0,19891.9870028327,102,0,50,150,0.509803921568627,0,0,0.00510093563737239,24.1910331383988,5.40363240242004
3,30000,2e-04,"constant",2,0,2237,109.112479886919,NA,1,1,1,1,200,10020.6792671634,19997.0246575342,3.52328767123254,303,103,57,1,45,0,0,19893.2500165313,103,0,45,155,0.553398058252427,0.0217391304347826,0,0.00515076626467992,29.234059097981,5.45621776580811
3,30000,2e-04,"constant",3,0,2238,109.112479886919,NA,1,1,1,1,200,10021.5856774971,19996.4219178082,4.12602739725844,295,95,49,0,46,0,0,19893.4089206409,95,0,46,154,0.515789473684211,0,0,0.00475084994657948,23.0245683931045,5.29120707511902
3,30000,2e-04,"constant",4,0,2239,109.112479886919,NA,1,1,1,1,200,10020.9057344803,19995.7068493151,4.84109589040963,331,131,73,0,58,0,0,19889.0089206409,131,0,58,142,0.557251908396947,0,0,0.00655140630872408,27.0599886813883,6.58979654312134
3,30000,2e-04,"constant",5,0,2240,109.112479886919,NA,1,1,1,1,200,10020.1168314065,19996.0410958904,4.50684931506839,315,115,61,4,50,0,0,19889.7568658464,115,0,50,150,0.530434782608696,0.0740740740740741,0,0.00575113841027436,25.5167173252285,6.15313005447388
3.5,1000,1e-05,"seasonal",1,0.4,2241,105.326050180044,473,0,0,0,0,0,1000,31.9178082191781,227.260273972603,201,1,1,0,0,0,2,1.01649821769827,201,0,198,2,1,NA,1.9675391114101,6.29742489270386,0.00440024110910187,4.38972640037537
3.5,1000,1e-05,"seasonal",2,0.4,2242,105.326050180044,424,0,0,0,0,0,1000,33.8082191780822,198.520547945205,200,0,0,0,0,0,4,2.6768320518349,200,0,196,4,NA,NA,1.49430368530521,5.91572123176661,0,3.45995712280273
3.5,1000,1e-05,"seasonal",3,0.4,2243,105.326050180044,500,0,0,0,0,0,1000,32.3698630136986,241.602739726027,200,0,0,0,0,0,3,1.7343363676433,200,0,197,3,NA,NA,1.72976825947354,6.17858654253068,0,4.63695549964905
3.5,1000,1e-05,"seasonal",4,0.4,2244,105.326050180044,566,0,0,0,0,0,1000,34.5260273972603,275.61095890411,200,0,0,0,0,0,6,2.58100150240988,200,0,194,6,NA,NA,2.32467900324653,5.79273131249008,0,3.31979441642761
3.5,1000,1e-05,"seasonal",5,0.4,2245,105.326050180044,428,0,0,0,0,0,1000,32.1041095890411,202.416438356164,200,0,0,0,0,0,2,1.3891009574243,200,0,198,2,NA,NA,1.43978016090958,6.22973203618365,0,5.70334386825562
3.5,1000,1e-05,"constant",1,0,2246,105.326050180044,1054,0,0,0,0,0,1000,64.6520547945206,512.882191780822,204,4,3,1,0,0,41,17.3902682573351,204,0,159,41,0.75,1,2.35764045690937,3.15535214848716,0.00779906197583359,3.62044215202332
3.5,1000,1e-05,"constant",2,0,2247,105.326050180044,798,0,0,0,0,0,1000,68.1780821917808,369.082191780822,200,0,0,0,0,0,38,22.0915483280479,200,0,162,38,NA,NA,1.72011483467432,2.93349407273458,0,3.30024361610413
3.5,1000,1e-05,"constant",3,0,2248,105.326050180044,645,0,0,0,0,0,1000,56.6931506849315,296.731506849315,202,2,0,2,0,0,27,13.3761505964609,202,0,173,27,0,1,2.01851794395495,3.56304064176291,0.00674009990120675,4.21909832954407
3.5,1000,1e-05,"constant",4,0,2249,105.326050180044,1995,0,0,0,0,0,1000,66.5479452054795,1026.60273972603,205,5,2,3,0,0,34,22.6256751803226,205,0,166,34,0.4,1,1.50271758650409,3.08048579662413,0.0048704331349577,3.93466234207153
3.5,1000,1e-05,"constant",5,0,2250,105.326050180044,1068,0,0,0,0,0,1000,63.5424657534247,521.66301369863,201,1,1,0,0,0,34,19.310606687172,201,0,166,34,1,NA,1.76069040972111,3.16323890829129,0.00191694633075465,4.03908729553223
3.5,1000,2e-05,"seasonal",1,0.4,2251,105.326050180044,521,0,0,0,0,0,1000,33.9205479452055,251.558904109589,201,1,1,0,0,0,5,2.49330033876622,201,0,195,5,1,NA,2.00537413092968,5.92561182456991,0.00397521210207038,3.16365265846252
3.5,1000,2e-05,"seasonal",2,0.4,2252,105.326050180044,391,0,0,0,0,0,1000,31.827397260274,182.419178082192,201,1,0,1,0,0,2,1.15074479304074,201,0,198,2,0,1,1.73800482269851,6.31531376431092,0.00548187975909767,3.58827090263367
3.5,1000,2e-05,"seasonal",3,0.4,2253,105.326050180044,469,0,0,0,0,0,1000,34.7780821917808,222.208219178082,201,1,0,1,0,0,6,2.97278232432769,201,0,194,6,0,1,2.01831124697532,5.77950212698913,0.00450028357951323,3.05542325973511
3.5,1000,2e-05,"seasonal",4,0.4,2254,105.326050180044,665,0,0,0,0,0,1000,33.5095890410959,330.87397260274,200,0,0,0,0,0,3,3.0274870525748,200,0,197,3,NA,NA,0.99092083563118,5.96844084702804,0,3.82862639427185
3.5,1000,2e-05,"seasonal",5,0.4,2255,105.326050180044,720,0,0,0,0,0,1000,33.8191780821918,360.701369863014,201,1,1,0,0,0,4,2.54806492854722,201,0,196,4,1,NA,1.56981871034212,5.94337329876863,0.00277237649632375,3.96073150634766
3.5,1000,2e-05,"constant",1,0,2256,105.326050180044,1079,0,0,0,0,0,1000,69.5479452054795,521.684931506849,206,6,3,3,0,0,33,23.6475630577749,206,0,167,33,0.5,1,1.39549263149761,2.96198542446327,0.0115011947588163,3.81540369987488
3.5,1000,2e-05,"constant",2,0,2257,105.326050180044,1262,0,0,0,0,0,1000,63.1369863013699,628.369863013699,207,7,2,5,0,0,32,17.9872591544052,207,0,168,32,0.285714285714286,1,1.77903702422406,3.2785853764374,0.0111399359072181,4.32369661331177
3.5,1000,2e-05,"constant",3,0,2258,105.326050180044,818,0,0,0,0,0,1000,65.1369863013699,383.082191780822,207,7,1,6,0,0,37,19.2476827808426,207,0,163,37,0.142857142857143,1,1.92230932010301,3.17791798107256,0.0182728410513141,2.33254528045654
3.5,1000,2e-05,"constant",4,0,2259,105.326050180044,1287,0,0,0,0,0,1000,61.5178082191781,643.687671232877,206,6,0,6,0,0,28,17.3953586094196,206,0,172,28,0,1,1.60962476420796,3.34862385321101,0.0093212908498123,3.77674698829651
3.5,1000,2e-05,"constant",5,0,2260,105.326050180044,1034,0,0,0,0,0,1000,67.4547945205479,499.120547945206,206,6,1,5,0,0,34,21.1188258652541,206,0,166,34,0.166666666666667,1,1.60993798693793,3.05389707972869,0.0120211440396533,3.12784743309021
3.5,1000,3e-05,"seasonal",1,0.4,2261,105.326050180044,464,0,0,0,0,0,1000,30.6246575342466,223.621917808219,200,0,0,0,0,0,1,0.838386095150505,200,0,199,1,NA,NA,1.1927678736376,6.53068527464663,0,3.77528882026672
3.5,1000,3e-05,"seasonal",2,0.4,2262,105.326050180044,527,0,0,0,0,0,1000,35.5369863013699,253.230136986301,201,1,0,1,0,0,6,3.76730287227289,201,0,194,6,0,1,1.59265134857078,5.6560789453396,0.00394897705265663,3.68852734565735
3.5,1000,3e-05,"seasonal",3,0.4,2263,105.326050180044,1481,0,0,0,0,0,1000,38.8602739726027,772.646575342466,205,5,2,3,0,0,5,6.06042362643745,205,0,195,5,0.4,1,0.825024834598764,5.27531020868584,0.0064712640417565,2.82789850234985
3.5,1000,3e-05,"seasonal",4,0.4,2264,105.326050180044,489,0,0,0,0,0,1000,33.6794520547945,234.265753424658,200,0,0,0,0,0,3,2.2302267786022,200,0,197,3,NA,NA,1.34515468506761,5.93833889205239,0,2.75865769386292
3.5,1000,3e-05,"seasonal",5,0.4,2265,105.326050180044,547,0,0,0,0,0,1000,35.958904109589,263.767123287671,200,0,0,0,0,0,6,3.96456314624549,200,0,194,6,NA,NA,1.51340760095651,5.56190476190476,0,3.63171696662903
3.5,1000,3e-05,"constant",1,0,2266,105.326050180044,1064,0,0,0,0,0,1000,66.0246575342466,516.98904109589,207,7,4,3,0,0,32,20.2831495653641,207,0,168,32,0.571428571428571,1,1.57766425262888,3.13519233163202,0.0135399388450512,3.42290306091309
3.5,1000,3e-05,"constant",2,0,2267,105.326050180044,893,0,0,0,0,0,1000,65.241095890411,424.07397260274,207,7,5,2,0,0,36,20.1161460007606,207,0,164,36,0.714285714285714,1,1.78960721395832,3.1728467643724,0.0165065541679857,3.62009310722351
3.5,1000,3e-05,"constant",3,0,2268,105.326050180044,875,0,0,0,0,0,1000,59.1561643835616,420.295890410959,207,7,0,7,0,0,23,16.1678116953109,207,0,177,23,0,1,1.4225796560131,3.49921267135976,0.0166549332498957,4.48722386360168
3.5,1000,3e-05,"constant",4,0,2269,105.326050180044,1011,0,0,0,0,0,1000,67.7123287671233,486.260273972603,205,5,2,3,0,0,38,20.9573017527055,205,0,162,38,0.4,1,1.81321051957914,3.02751365567469,0.0102825590895005,1.96545076370239
3.5,1000,3e-05,"constant",5,0,2270,105.326050180044,941,0,0,0,0,0,1000,56.5671232876712,459.049315068493,209,9,5,3,1,0,23,13.3212363528452,209,0,178,22,0.555555555555556,0.75,1.72656646806568,3.69472562599893,0.0196057366922705,3.46869397163391
3.5,1000,5e-05,"seasonal",1,0.4,2271,105.326050180044,596,0,0,0,0,0,995,34.8657534246575,291.709589041096,203,3,1,2,0,0,5,2.93987568123198,203,0,195,5,0.333333333333333,1,1.70075218891729,5.82233223322332,0.0102842008377632,3.5295147895813
3.5,1000,5e-05,"seasonal",2,0.4,2272,105.326050180044,367,0,0,0,0,0,1000,31.3671232876712,169.728767123288,200,0,0,0,0,0,1,0.572632670492971,200,0,199,1,NA,NA,1.74632020059057,6.37610271639444,0,2.60288429260254
3.5,1000,5e-05,"seasonal",3,0.4,2273,105.326050180044,695,0,0,0,0,0,995,36.8109589041096,344.01095890411,202,2,2,0,0,0,5,4.65220444835526,202,0,195,5,1,NA,1.07475930078002,5.48749627865436,0.00581376827753178,2.95162677764893
3.5,1000,5e-05,"seasonal",4,0.4,2274,105.326050180044,772,0,0,0,0,0,1000,35.0438356164384,387.969863013699,202,2,1,1,0,0,4,4.02203753128695,202,0,196,4,0.5,1,0.994520804165669,5.7642092096005,0.0051550395808176,3.06486201286316
3.5,1000,5e-05,"seasonal",5,0.4,2275,105.326050180044,831,0,0,0,0,0,1000,38.0712328767123,417.271232876712,205,5,3,1,1,0,7,4.91527800851929,205,0,194,6,0.6,0.5,1.42413104362915,5.38464306275187,0.0119826137199286,3.35654139518738
3.5,1000,5e-05,"constant",1,0,2276,105.326050180044,1414,0,0,0,0,0,1000,72.1041095890411,702.690410958904,218,18,5,12,1,0,37,24.3517923698837,218,0,164,36,0.277777777777778,0.923076923076923,1.51939534626447,3.02340603389315,0.0256158326900133,2.47980928421021
3.5,1000,5e-05,"constant",2,0,2277,105.326050180044,1024,0,0,0,0,0,1000,69.8931506849315,491.202739726027,217,17,8,8,1,0,34,23.4996477830624,217,0,167,33,0.470588235294118,0.888888888888889,1.44683019566386,3.10473913213908,0.0346089274857911,2.42488360404968
3.5,1000,5e-05,"constant",3,0,2278,105.326050180044,1073,0,0,0,0,0,1000,74.2602739726027,513.684931506849,218,18,5,12,1,0,35,26.7352941521855,218,0,166,34,0.277777777777778,0.923076923076923,1.30913091140009,2.93562073418189,0.035040934424918,2.41418743133545
3.5,1000,5e-05,"constant",4,0,2279,105.326050180044,1215,0,0,0,0,0,1000,64.0767123287671,601.676712328767,219,19,7,12,0,0,29,18.9762104579948,219,0,171,29,0.368421052631579,1,1.52822925653115,3.4177783478707,0.031578420122762,1.98523354530334
3.5,1000,5e-05,"constant",5,0,2280,105.326050180044,1296,0,0,0,0,0,1000,66.8328767123288,643.304109589041,207,7,3,4,0,0,30,21.5735006627343,207,0,170,30,0.428571428571429,1,1.39059490015088,3.09727801918505,0.0108813233051966,2.30166697502136
3.5,1000,8e-05,"seasonal",1,0.4,2281,105.326050180044,501,0,0,0,0,0,1000,35.6904109589041,238.830136986301,209,9,1,8,0,0,4,2.7754621888212,209,0,196,4,0.111111111111111,1,1.44120140281893,5.85591463882705,0.0376836864625515,2.48077726364136
3.5,1000,8e-05,"seasonal",2,0.4,2282,105.326050180044,544,0,0,0,0,0,1000,36.5561643835616,261.52602739726,215,15,4,11,0,0,4,3.21929780525955,215,0,196,4,0.266666666666667,1,1.24250698194649,5.88136101326538,0.0573556679971086,2.5277373790741
3.5,1000,8e-05,"seasonal",3,0.4,2283,105.326050180044,762,0,0,0,0,0,1000,33.8794520547945,383.654794520548,207,7,2,4,1,0,3,2.16447335394466,207,0,198,2,0.285714285714286,0.8,1.38601844856746,6.1098981077147,0.0182455689332591,2.91237497329712
3.5,1000,8e-05,"seasonal",4,0.4,2284,105.326050180044,530,0,0,0,0,0,1000,33.4547945205479,256.956164383562,207,7,5,1,1,0,3,1.91515828545151,207,0,198,2,0.714285714285714,0.5,1.56645015860542,6.18745393497666,0.0272420006610583,4.18207311630249
3.5,1000,8e-05,"seasonal",5,0.4,2285,105.326050180044,824,0,0,0,0,0,1000,35.5315068493151,415.975342465753,211,11,3,7,1,0,4,3.68231150388969,211,0,197,3,0.272727272727273,0.875,1.08627420460619,5.93839154907857,0.0264438750979708,6.45296859741211
3.5,1000,8e-05,"constant",1,0,2286,105.326050180044,787,0,0,0,0,0,1000,69.758904109589,361.47397260274,228,28,13,15,0,0,35,21.1983078508156,228,0,165,35,0.464285714285714,1,1.651075182336,3.26839996858063,0.0774606254452849,3.33888792991638
3.5,1000,8e-05,"constant",2,0,2287,105.326050180044,1313,0,0,0,0,0,1000,72.2164383561644,647.235616438356,224,24,6,18,0,0,42,22.9985173661842,224,0,158,42,0.25,1,1.82620467794826,3.10178686596608,0.0370807776804196,6.51262259483337
3.5,1000,8e-05,"constant",3,0,2288,105.326050180044,724,0,0,0,0,0,1000,66.9123287671233,329.8,224,24,11,13,0,0,37,18.7874088082399,224,0,163,37,0.458333333333333,1,1.96940410344253,3.34766408713098,0.0727713765918739,3.51941418647766
3.5,1000,8e-05,"constant",4,0,2289,105.326050180044,904,0,0,0,0,0,1000,65.6356164383562,429.706849315068,221,21,6,15,0,0,31,18.0831196345972,221,0,169,31,0.285714285714286,1,1.71430597299649,3.36707434152857,0.0488705265775329,3.33435249328613
3.5,1000,8e-05,"constant",5,0,2290,105.326050180044,945,0,0,0,0,0,1000,60.6356164383562,457.172602739726,224,24,7,17,0,0,28,14.1816599792826,224,0,172,28,0.291666666666667,1,1.97438099918514,3.6941984456895,0.0524965841263753,2.45126533508301
3.5,1000,1e-04,"seasonal",1,0.4,2291,105.326050180044,464,0,0,0,0,0,1000,34.6082191780822,219.638356164384,203,3,3,0,0,0,4,2.06313342169791,203,0,196,4,1,NA,1.93879850810041,5.86565864471184,0.0136588164853807,2.89042592048645
3.5,1000,1e-04,"seasonal",2,0.4,2292,105.326050180044,486,0,0,0,0,0,1000,34.2356164383562,232.065753424658,206,6,1,5,0,0,3,2.40830897038302,206,0,197,3,0.166666666666667,1,1.24568734198705,6.01712548015365,0.0258547412164715,3.47787761688232
3.5,1000,1e-04,"seasonal",3,0.4,2293,105.326050180044,405,0,0,0,0,0,1000,31.813698630137,190.104109589041,200,0,0,0,0,0,2,0.906909176602379,200,0,198,2,NA,NA,2.20529249410922,6.28660006889425,0,2.9105396270752
3.5,1000,1e-04,"seasonal",4,0.4,2294,105.326050180044,801,0,0,0,0,0,1000,37.8191780821918,401.084931506849,205,5,4,1,0,0,6,6.2631932832318,205,0,194,6,0.8,1,0.957977780450041,5.42053028107795,0.0124661876007541,3.66068744659424
3.5,1000,1e-04,"seasonal",5,0.4,2295,105.326050180044,417,0,0,0,0,0,1000,32.9068493150685,195.586301369863,202,2,1,1,0,0,3,1.6302267786022,202,0,197,3,0.5,1,1.84023476940569,6.13853967196736,0.0102256650184202,3.73905324935913
3.5,1000,1e-04,"constant",1,0,2296,105.326050180044,950,0,0,0,0,0,1000,64.6438356164384,455.904109589041,232,32,9,22,1,0,22,17.699288613859,232,0,179,21,0.28125,0.956521739130435,1.24298781041253,3.58889595253232,0.0701901986118206,3.34698295593262
3.5,1000,1e-04,"constant",2,0,2297,105.326050180044,888,0,0,0,0,0,1000,62.986301369863,423.58904109589,224,24,7,16,1,0,30,16.8639116216384,224,0,171,29,0.291666666666667,0.941176470588235,1.77894670424544,3.55632883862549,0.0566586896061057,4.01606130599976
3.5,1000,1e-04,"constant",3,0,2298,105.326050180044,775,0,0,0,0,0,1000,69.8794520547945,354.778082191781,257,57,23,34,0,0,32,17.4338344968709,257,0,168,32,0.403508771929825,1,1.8355112873042,3.67776209519329,0.16066381453967,3.9153790473938
3.5,1000,1e-04,"constant",4,0,2299,105.326050180044,790,0,0,0,0,0,1000,63.827397260274,369.049315068493,220,20,3,17,0,0,34,15.5133464131994,220,0,166,34,0.15,1,2.19166123764706,3.44679572477143,0.0541932993326058,3.09098505973816
3.5,1000,1e-04,"constant",5,0,2300,105.326050180044,881,0,0,0,0,0,1000,72.7123287671233,410.027397260274,237,37,9,28,0,0,38,22.0340140814726,237,0,162,38,0.243243243243243,1,1.72460632272866,3.25941974378297,0.090237872511025,4.21214199066162
3.5,1000,2e-04,"seasonal",1,0.4,2301,105.326050180044,420,0,0,0,0,0,1000,33.4383561643836,196.698630136986,213,13,6,7,0,0,4,1.74532520251983,213,0,196,4,0.461538461538462,1,2.29183649799187,6.36993035641131,0.0660909534090118,2.75296902656555
3.5,1000,2e-04,"seasonal",2,0.4,2302,105.326050180044,426,0,0,0,0,0,995,34.2821917808219,199.142465753425,212,12,2,10,0,0,5,0.709738694930606,212,0,195,5,0.166666666666667,1,7.04484627330185,6.18396867258052,0.0602583680713195,2.39930462837219
3.5,1000,2e-04,"seasonal",3,0.4,2303,105.326050180044,996,0,0,0,0,0,1000,43.772602739726,501.980821917808,264,64,22,41,1,0,4,4.41929780525955,264,0,197,3,0.34375,0.976190476190476,0.905121169983038,6.03116980659698,0.127494910573454,3.05963683128357
3.5,1000,2e-04,"seasonal",4,0.4,2304,105.326050180044,431,0,0,0,0,0,1000,35.1260273972603,201.038356164384,206,6,4,2,0,0,4,2.61655807923216,206,0,196,4,0.666666666666667,1,1.52872586003282,5.86459714530848,0.0298450510364001,3.17543053627014
3.5,1000,2e-04,"seasonal",5,0.4,2305,105.326050180044,544,0,0,0,0,0,1000,33.7780821917808,264.304109589041,207,7,4,3,0,0,3,2.38091171010905,207,0,197,3,0.571428571428571,1,1.26002152337795,6.12823424446427,0.0264846430533528,2.5757577419281
3.5,1000,2e-04,"constant",1,0,2306,105.326050180044,1344,0,0,0,0,0,1000,79.1260273972603,657.312328767123,319,119,42,75,2,0,34,18.3900587419665,319,0,168,32,0.352941176470588,0.974025974025974,1.84882498077134,4.03154322911257,0.181040267757035,3.21464419364929
3.5,1000,2e-04,"constant",2,0,2307,105.326050180044,944,0,0,0,0,0,1000,77.4082191780822,439.852054794521,317,117,38,77,2,0,26,19.8610521725433,317,0,176,24,0.324786324786325,0.974683544303797,1.30909479387721,4.09517236497487,0.265998530016319,2.96768546104431
3.5,1000,2e-04,"constant",3,0,2308,105.326050180044,1001,0,0,0,0,0,1000,78.772602739726,469.720547945205,295,95,29,65,1,0,37,21.2613814109796,295,0,164,36,0.305263157894737,0.984848484848485,1.74024440297622,3.74495687256539,0.202247911903318,4.40862846374512
3.5,1000,2e-04,"constant",4,0,2309,105.326050180044,1030,0,0,0,0,0,1000,80.3671232876712,484.016438356164,341,141,39,97,5,0,32,16.5845194283778,341,0,173,27,0.276595744680851,0.950980392156863,1.92951023622938,4.24302856753256,0.291312420046868,2.5372359752655
3.5,1000,2e-04,"constant",5,0,2310,105.326050180044,997,0,0,0,0,0,1000,78.6164383561644,467.684931506849,327,127,36,89,2,0,37,16.8696005890618,327,0,165,35,0.283464566929134,0.978021978021978,2.19329437022893,4.15943544171458,0.271550335373891,3.43523693084717
3.5,2000,1e-05,"seasonal",1,0.4,2311,105.326050180044,1576,0,0,0,0,0,2000,51.0547945205479,812.506849315069,206,6,3,1,2,0,10,15.4359157460256,206,0,192,8,0.5,0.333333333333333,0.647839763091139,4.03488060101959,0.00738455313337717,3.65179514884949
3.5,2000,1e-05,"seasonal",2,0.4,2312,105.326050180044,859,0,0,0,0,0,2000,42.8630136986301,427.821917808219,201,1,0,1,0,0,7,8.57281225509463,201,0,193,7,0,1,0.816534853640363,4.68935762224353,0.00233742115206045,3.25592494010925
3.5,2000,1e-05,"seasonal",3,0.4,2313,105.326050180044,772,0,0,0,0,0,2000,34.386301369863,388.627397260274,200,0,0,0,0,0,2,1.74252561495854,200,0,198,2,NA,NA,1.14775931144495,5.8162696199506,0,3.43560719490051
3.5,2000,1e-05,"seasonal",4,0.4,2314,105.326050180044,1220,0,0,0,0,0,2000,50.8164383561644,617.676712328767,205,5,0,5,0,0,9,14.5865707467655,205,0,191,9,0,1,0.617005885498873,4.03412766875135,0.00809484945797775,3.56236100196838
3.5,2000,1e-05,"seasonal",5,0.4,2315,105.326050180044,548,0,0,0,0,0,2000,40.2109589041096,260.06301369863,201,1,0,1,0,0,6,5.54538506405371,201,0,194,6,0,1,1.08198076972025,4.99863732370375,0.00384522191671144,3.66625189781189
3.5,2000,1e-05,"constant",1,0,2316,105.326050180044,2165,0,0,0,0,0,2000,138.183561643836,1048.11780821918,216,16,5,11,0,0,54,83.3879176312779,216,0,146,54,0.3125,1,0.647575830335223,1.56313817237346,0.0152654595452252,3.9992311000824
3.5,2000,1e-05,"constant",2,0,2317,105.326050180044,3808,0,0,0,0,0,2000,181.150684931507,1905.42465753425,228,28,7,20,1,0,54,126.034492973744,228,0,147,53,0.25,0.952380952380952,0.428454137640317,1.25862068965517,0.0146948869845287,4.05927157402039
3.5,2000,1e-05,"constant",3,0,2318,105.326050180044,3829,0,0,0,0,0,2000,178.197260273973,1919.88493150685,220,20,4,15,1,0,65,121.026603034098,220,0,136,64,0.2,0.9375,0.537072002109214,1.23458688232219,0.010417290990613,3.90433645248413
3.5,2000,1e-05,"constant",4,0,2319,105.326050180044,3438,0,0,0,0,0,2000,167.153424657534,1716.68219178082,219,19,5,13,1,0,56,112.746881602401,219,0,145,55,0.263157894736842,0.928571428571429,0.496687794856115,1.31017357525692,0.0110678610700156,4.29494953155518
3.5,2000,1e-05,"constant",5,0,2320,105.326050180044,4015,0,0,0,0,0,2000,182.958904109589,2017.04109589041,224,24,8,16,0,0,68,124.747240771604,224,0,132,68,0.333333333333333,1,0.5451022369665,1.22431865828092,0.0118986172611448,3.96190237998962
3.5,2000,2e-05,"seasonal",1,0.4,2321,105.326050180044,1241,0,0,0,0,0,2000,46.1890410958904,633.81095890411,208,8,4,4,0,0,6,10.416617940766,208,0,194,6,0.5,1,0.576002694360004,4.50323269470313,0.0126220600758188,3.85127973556519
3.5,2000,2e-05,"seasonal",2,0.4,2322,105.326050180044,1281,0,0,0,0,0,2000,44.3616438356164,657.556164383562,205,5,1,4,0,0,5,8.78919074972513,205,0,195,5,0.2,1,0.568880587801143,4.62110918972332,0.00760391320289324,5.86818718910217
3.5,2000,2e-05,"seasonal",3,0.4,2323,105.326050180044,819,0,0,0,0,0,2000,37.6465753424658,411.120547945205,200,0,0,0,0,0,4,4.34258547649243,200,0,196,4,NA,NA,0.921110251405082,5.31256822647551,0,3.20081472396851
3.5,2000,2e-05,"seasonal",4,0.4,2324,105.326050180044,2210,0,0,0,0,0,2000,53.8986301369863,1157.0602739726,209,9,1,7,1,0,6,17.271412461314,209,0,195,5,0.111111111111111,0.875,0.347394864979302,3.8776495704773,0.00777833290317692,4.41935801506042
3.5,2000,2e-05,"seasonal",5,0.4,2325,105.326050180044,1497,0,0,0,0,0,2000,48.627397260274,771.646575342466,208,8,3,5,0,0,7,13.0330862276974,208,0,193,7,0.375,1,0.537094582028,4.27742408022987,0.0103674405558652,4.1647834777832
3.5,2000,2e-05,"constant",1,0,2326,105.326050180044,3403,0,0,0,0,0,2000,112.556164383562,1752.10136986301,228,28,4,24,0,0,41,59.4012271614447,228,0,159,41,0.142857142857143,1,0.690221430755419,2.02565538057104,0.0159808105179378,3.35189199447632
3.5,2000,2e-05,"constant",2,0,2327,105.326050180044,4448,0,0,0,0,0,2000,164.427397260274,2272.83287671233,244,44,10,32,2,0,53,106.919394549826,244,0,149,51,0.227272727272727,0.941176470588235,0.49570052489683,1.48393761663556,0.0193591004648113,3.67522859573364
3.5,2000,2e-05,"constant",3,0,2328,105.326050180044,2267,0,0,0,0,0,2000,171.46301369863,1070.72876712329,241,41,11,29,1,0,68,110.459569538727,241,0,133,67,0.268292682926829,0.966666666666667,0.615609858738033,1.40555093953726,0.0382916769016622,4.13034319877625
3.5,2000,2e-05,"constant",4,0,2329,105.326050180044,2615,0,0,0,0,0,2000,156.301369863014,1276.57534246575,225,25,10,15,0,0,50,102.985058182183,225,0,150,50,0.4,1,0.485507323902745,1.43952673093777,0.0195836463139822,3.98193860054016
3.5,2000,2e-05,"constant",5,0,2330,105.326050180044,3693,0,0,0,0,0,2000,146.186301369863,1877.37534246575,229,29,11,18,0,0,46,92.7520617467862,229,0,154,46,0.379310344827586,1,0.495945848897465,1.56649424641103,0.0154470975217514,6.36655759811401
3.5,2000,3e-05,"seasonal",1,0.4,2331,105.326050180044,4195,0,0,0,0,0,2000,67.241095890411,2231.38904109589,217,17,2,10,5,0,14,27.5127477978605,217,0,191,9,0.117647058823529,0.666666666666667,0.50885502614496,3.22719308967934,0.00761857286511136,3.57917475700378
3.5,2000,3e-05,"seasonal",2,0.4,2332,105.326050180044,683,0,0,0,0,0,2000,37.7753424657534,336.471232876712,204,4,1,3,0,0,4,4.10696903813627,204,0,196,4,0.25,1,0.973954262342137,5.40034812880766,0.0118880891118132,4.73695182800293
3.5,2000,3e-05,"seasonal",3,0.4,2333,105.326050180044,1576,0,0,0,0,0,2000,48.3068493150685,815.254794520548,207,7,3,4,0,0,10,11.6633130062996,207,0,190,10,0.428571428571429,1,0.857389319363959,4.28510662431942,0.0085862727174965,4.06355547904968
3.5,2000,3e-05,"seasonal",4,0.4,2334,105.326050180044,1870,0,0,0,0,0,2000,55.0082191780822,969.649315068493,211,11,5,5,1,0,13,17.633265812299,211,0,188,12,0.454545454545455,0.833333333333333,0.737242898642895,3.83579041737225,0.0113443075027831,5.58663582801819
3.5,2000,3e-05,"seasonal",5,0.4,2335,105.326050180044,486,0,0,0,0,0,2000,36.0575342465753,230.243835616438,203,3,0,3,0,0,2,1.64663520399964,203,0,198,2,0,1,1.2145981059691,5.62989134564243,0.0130296647984864,4.23033165931702
3.5,2000,3e-05,"constant",1,0,2336,105.326050180044,3563,0,0,0,0,0,2000,165.090410958904,1787.23835616438,271,71,17,54,0,0,56,102.475648725689,271,0,144,56,0.23943661971831,1,0.546471290461438,1.64152477679312,0.0397260945945532,3.58258318901062
3.5,2000,3e-05,"constant",2,0,2337,105.326050180044,2625,0,0,0,0,0,2000,141.602739726027,1296.75342465753,258,58,15,43,0,0,44,84.6314539400469,258,0,156,44,0.258620689655172,1,0.519901265446411,1.82199864564187,0.0447270844997518,4.42464470863342
3.5,2000,3e-05,"constant",3,0,2338,105.326050180044,2815,0,0,0,0,0,2000,141.542465753425,1400.92328767123,252,52,19,33,0,0,53,83.7056959196891,252,0,147,53,0.365384615384615,1,0.633170770730471,1.78038441437779,0.0371183778995066,3.95385599136353
3.5,2000,3e-05,"constant",4,0,2339,105.326050180044,3886,0,0,0,0,0,2000,149.147945205479,1980.16712328767,260,60,22,37,1,0,56,89.8866076297981,260,0,145,55,0.366666666666667,0.973684210526316,0.623007158426074,1.7432355480446,0.0303004727703902,3.97936987876892
3.5,2000,3e-05,"constant",5,0,2340,105.326050180044,2897,0,0,0,0,0,2000,165.309589041096,1422.08767123288,264,64,16,47,1,0,58,103.714064751606,264,0,143,57,0.25,0.979166666666667,0.559229841573651,1.597003546687,0.0450042576802001,4.212726354599
3.5,2000,5e-05,"seasonal",1,0.4,2341,105.326050180044,1171,0,0,0,0,0,2000,47.3479452054795,594.295890410959,219,19,8,10,1,0,10,9.01673766383381,219,0,191,9,0.421052631578947,0.909090909090909,1.10904856865361,4.62533271612082,0.0319706064042634,3.76539444923401
3.5,2000,5e-05,"seasonal",2,0.4,2342,105.326050180044,1857,0,0,0,0,0,2000,50.6,966.934246575342,224,24,7,17,0,0,7,12.4604834879713,224,0,193,7,0.291666666666667,1,0.561775954099808,4.42687747035573,0.0248207156639683,4.47697138786316
3.5,2000,5e-05,"seasonal",3,0.4,2343,105.326050180044,1219,0,0,0,0,0,2000,46.841095890411,621.104109589041,232,32,8,24,0,0,6,8.55086451610851,232,0,194,6,0.25,1,0.701683436650987,4.95291571620752,0.0515211532269092,4.11095714569092
3.5,2000,5e-05,"seasonal",4,0.4,2344,105.326050180044,874,0,0,0,0,0,2000,39.0109589041096,439.893150684931,206,6,3,3,0,0,4,5.23299643539654,206,0,196,4,0.5,1,0.76438041748769,5.28056745557975,0.0136396758864232,4.22187328338623
3.5,2000,5e-05,"seasonal",5,0.4,2345,105.326050180044,2272,0,0,0,0,0,2000,48.1315068493151,1196.8,205,5,2,3,0,0,7,13.2960999263275,205,0,193,7,0.4,1,0.526470170861107,4.25916438979964,0.00417780748663102,3.85463547706604
3.5,2000,5e-05,"constant",1,0,2346,105.326050180044,3402,0,0,0,0,0,2000,158.813698630137,1705.29589041096,306,106,20,86,0,0,51,90.2453620855524,306,0,149,51,0.188679245283019,1,0.565125994526479,1.92678592992565,0.0621593006797519,3.97937607765198
3.5,2000,5e-05,"constant",2,0,2347,105.326050180044,3338,0,0,0,0,0,2000,159.087671232877,1669.95342465753,338,138,24,112,2,0,46,88.2479521577451,338,0,156,44,0.173913043478261,0.982456140350877,0.521258554734211,2.12461466926137,0.082637035238453,5.17953038215637
3.5,2000,5e-05,"constant",3,0,2348,105.326050180044,4739,0,0,0,0,0,2000,236.972602739726,2359.7397260274,433,233,52,176,5,0,60,149.157960229578,433,0,145,55,0.223175965665236,0.972375690607735,0.40225811554174,1.82721544597954,0.0987397031249093,3.83489227294922
3.5,2000,5e-05,"constant",4,0,2349,105.326050180044,2342,0,0,0,0,0,2000,159.901369863014,1123.38630136986,344,144,31,111,2,0,50,87.9138253054704,344,0,152,48,0.215277777777778,0.982300884955752,0.568738760101351,2.15132615996162,0.128183866782429,3.80942058563232
3.5,2000,5e-05,"constant",5,0,2350,105.326050180044,3353,0,0,0,0,0,2000,167.684931506849,1669.57534246575,336,136,34,101,1,0,59,94.0784782440168,336,0,142,58,0.25,0.990196078431373,0.627135994344725,2.0037578629197,0.0814578393324527,4.26683378219604
3.5,2000,8e-05,"seasonal",1,0.4,2351,105.326050180044,1519,0,0,0,0,0,2000,55.5452054794521,776.783561643836,260,60,12,47,1,0,6,12.2330562969304,260,0,195,5,0.2,0.979166666666667,0.490474322553845,4.6808720528756,0.0772415933635716,3.89962482452393
3.5,2000,8e-05,"seasonal",2,0.4,2352,105.326050180044,1556,0,0,0,0,0,2000,53.1095890410959,799.493150684931,254,54,16,36,2,0,7,11.3481547208481,254,0,195,5,0.296296296296296,0.947368421052632,0.616840373804569,4.78256383801909,0.0675427925226599,3.7937548160553
3.5,2000,8e-05,"seasonal",3,0.4,2353,105.326050180044,1895,0,0,0,0,0,2000,60.0986301369863,978.257534246575,273,73,14,57,2,0,9,12.9783515686833,273,0,193,7,0.191780821917808,0.966101694915254,0.693462490391842,4.54253282275711,0.0746224766428427,4.17293643951416
3.5,2000,8e-05,"seasonal",4,0.4,2354,105.326050180044,1682,0,0,0,0,0,2000,69.7506849315069,851.893150684931,274,74,26,44,4,0,18,22.9238264250379,274,0,186,14,0.351351351351351,0.916666666666667,0.785209225818428,3.92827683726776,0.0868653538774237,4.00762104988098
3.5,2000,8e-05,"seasonal",5,0.4,2355,105.326050180044,1842,0,0,0,0,0,2000,52.7890410958904,956.52602739726,259,59,14,45,0,0,4,10.6329964353965,259,0,196,4,0.23728813559322,1,0.37618746740893,4.90632136184347,0.0616815416518681,3.77591228485107
3.5,2000,8e-05,"constant",1,0,2356,105.326050180044,3312,0,0,0,0,0,2000,213.265753424658,1601.52876712329,561,361,91,265,5,0,54,109.401616261415,561,0,151,49,0.25207756232687,0.981481481481482,0.493594170226582,2.63052079854063,0.225409625734315,3.79170608520508
3.5,2000,8e-05,"constant",2,0,2357,105.326050180044,4525,0,0,0,0,0,2000,193.978082191781,2285.47397260274,489,289,88,198,3,0,50,103.023414346566,489,0,153,47,0.304498269896194,0.985074626865672,0.48532656694722,2.52090336431174,0.126450794655465,3.59918928146362
3.5,2000,8e-05,"constant",3,0,2358,105.326050180044,2521,0,0,0,0,0,2000,191.920547945205,1189.44931506849,487,287,74,208,5,0,58,97.5825579022909,487,0,147,53,0.257839721254355,0.976525821596244,0.594368514689635,2.5375083867468,0.24128812919067,2.80441308021545
3.5,2000,8e-05,"constant",4,0,2359,105.326050180044,3376,0,0,0,0,0,2000,172.93698630137,1676.92602739726,474,274,75,195,4,0,50,84.1740992780732,474,0,154,46,0.273722627737226,0.979899497487437,0.594006950223757,2.74088273502107,0.163394207927748,4.14487147331238
3.5,2000,8e-05,"constant",5,0,2360,105.326050180044,3092,0,0,0,0,0,2000,208.953424657534,1485.29315068493,585,385,78,304,3,0,51,99.5905675650045,585,0,152,48,0.202597402597403,0.990228013029316,0.512096689947182,2.79966696386427,0.259208089542768,3.52902317047119
3.5,2000,1e-04,"seasonal",1,0.4,2361,105.326050180044,1565,0,0,0,0,0,2000,73.386301369863,784.147945205479,363,163,33,122,8,0,16,13.49636930323,363,0,192,8,0.202453987730061,0.938461538461538,1.18550401522955,4.94642723810946,0.207868937228787,6.26045942306519
3.5,2000,1e-04,"seasonal",2,0.4,2362,105.326050180044,3252,0,0,0,0,0,2000,93.0246575342466,1688.89315068493,427,227,55,165,7,0,16,25.0333556045999,427,0,191,9,0.242290748898678,0.959302325581395,0.63914723430286,4.59018083289156,0.134407555568533,3.71500062942505
3.5,2000,1e-04,"seasonal",3,0.4,2363,105.326050180044,1887,0,0,0,0,0,2000,74.7205479452055,959.252054794521,361,161,39,116,6,0,13,15.288060332847,361,0,193,7,0.242236024844721,0.950819672131147,0.850336780269568,4.83133501998313,0.167839098384301,4.50286507606506
3.5,2000,1e-04,"seasonal",4,0.4,2364,105.326050180044,3068,0,0,0,0,0,2000,99.4794520547945,1581.61643835616,454,254,58,184,12,0,18,26.8443743702433,454,0,194,6,0.228346456692913,0.938775510204082,0.670531551666661,4.56375654089782,0.160595194789447,5.48152279853821
3.5,2000,1e-04,"seasonal",5,0.4,2365,105.326050180044,1668,0,0,0,0,0,2000,66.6767123287671,847.295890410959,314,114,23,84,7,0,12,13.9729619089293,314,0,195,5,0.201754385964912,0.923076923076923,0.858801453708356,4.70929038090151,0.134545677950482,4.28820562362671
3.5,2000,1e-04,"constant",1,0,2366,105.326050180044,3433,0,0,0,0,0,2000,233.084931506849,1648.01095890411,816,616,175,437,4,0,54,95.505725850456,816,0,150,50,0.284090909090909,0.990929705215419,0.565411126077968,3.50086981052236,0.373783922171019,4.55357313156128
3.5,2000,1e-04,"constant",2,0,2367,105.326050180044,3595,0,0,0,0,0,2000,263.030136986301,1706.83287671233,764,564,160,393,11,0,75,126.352929739028,764,0,136,64,0.283687943262411,0.972772277227723,0.593575472724747,2.90461012853363,0.330436569212545,3.40994215011597
3.5,2000,1e-04,"constant",3,0,2368,105.326050180044,2474,0,0,0,0,0,2000,209.572602739726,1146.04383561644,635,435,122,302,11,0,62,93.453910502071,635,0,149,51,0.280459770114943,0.964856230031949,0.663428632005999,3.02997620728423,0.379566633038972,4.60980844497681
3.5,2000,1e-04,"constant",4,0,2369,105.326050180044,5745,0,0,0,0,0,2000,239.558904109589,2908.38630136986,803,603,162,434,7,0,50,105.289167771224,803,0,157,43,0.26865671641791,0.984126984126984,0.474882659426484,3.35199396150459,0.207331467527537,3.72747540473938
3.5,2000,1e-04,"constant",5,0,2370,105.326050180044,4421,0,0,0,0,0,2000,303.147945205479,2119.31780821918,933,733,208,513,12,0,65,147.695096184783,933,0,147,53,0.283765347885402,0.977142857142857,0.440095857473005,3.07770517582626,0.345866012712801,3.70551347732544
3.5,2000,2e-04,"seasonal",1,0.4,2371,105.326050180044,3998,0,0,0,0,0,2000,383.860273972603,1806.82465753425,2752,2552,974,1537,41,0,48,56.0726695535256,2752,0,193,7,0.38166144200627,0.974017743979721,0.856032009572513,7.16927534990614,1.41242261077103,3.74623966217041
3.5,2000,2e-04,"seasonal",2,0.4,2372,105.326050180044,10048,0,0,0,0,0,2000,940.27397260274,4565.47945205479,6799,6599,2436,4039,124,0,129,114.033998055237,6799,0,195,5,0.369146840430368,0.970213788133558,1.13124157882734,7.23087121212121,1.44541226596255,3.81226134300232
3.5,2000,2e-04,"seasonal",3,0.4,2373,105.326050180044,22231,0.0340879951783464,0,0,0.38,0,1822.71818530491,2098.24657534247,10083.1232876712,15155,14955,5511,9167,277,0,281,280.602931093456,15155,0,196,4,0.368505516549649,0.970669207962728,1.00141505616138,7.22269735983078,1.48317139177359,3.90393233299255
3.5,2000,2e-04,"seasonal",4,0.4,2374,105.326050180044,5660,0,0,0,0,0,2000,553.939726027397,2547.4301369863,3936,3736,1424,2228,84,0,89,74.0547186327785,3936,0,195,5,0.381156316916488,0.963667820069204,1.20181403215279,7.10546619977447,1.46657603902724,3.90645909309387
3.5,2000,2e-04,"seasonal",5,0.4,2375,105.326050180044,15861,0,0,0,0,0,2000,1454.65205479452,7236.30684931507,10228,10028,3717,6086,225,0,228,205.568468050479,10228,0,197,3,0.370662145991225,0.964347963872603,1.10911951702638,7.03123469718315,1.38578976939724,4.71166801452637
3.5,2000,2e-04,"constant",1,0,2376,105.326050180044,NA,0.287450276697167,0.285,0.17,0.425,65,1171.9860322722,6005.59726027397,13994.9506849315,31036,30836,12543,17264,981,48,1029,1858.2587048425,30971,0,135,65,0.407398986618163,0.946231844340915,0.553744210813325,5.15702246716875,2.20336610640589,6.77056908607483
3.5,2000,2e-04,"constant",2,0,2377,105.326050180044,NA,0.29598953482001,0.3,0.16,0.435,24,1164.76277601227,6017.90136986301,13982.6465753425,31231,31031,12751,17282,985,13,1017,1861.09378252705,31207,0,157,43,0.411083886775421,0.946077626320688,0.546452849151475,5.18569482648573,2.21925082871802,5.06890654563904
3.5,2000,2e-04,"constant",3,0,2378,105.326050180044,NA,0.289841926469782,0.29,0.155,0.43,61,1172.35337570544,5982.98630136986,14017.5616438356,31106,30906,12606,17242,1015,43,1054,1820.86496249449,31045,0,143,57,0.408450247869617,0.944404885797228,0.578845780280199,5.18888034105843,2.20480571338106,5.87219166755676
3.5,2000,2e-04,"constant",4,0,2379,105.326050180044,NA,0.300895019450989,0.3,0.185,0.43,72,1158.11121938524,6010.87397260274,13989.6739726027,31205,31005,12498,17447,1016,44,1039,1793.12508681326,31133,0,149,51,0.403669132133975,0.944971023127336,0.579435315272126,5.17944647349165,2.21627752445982,4.74654459953308
3.5,2000,2e-04,"constant",5,0,2380,105.326050180044,NA,0.299883841981261,0.3,0.185,0.425,57,1154.21142156594,6119.34794520548,13881.2,31265,31065,12661,17363,1007,34,1036,1922.83717613425,31208,0,148,52,0.408011343495214,0.945182362547632,0.538787169739883,5.09988977248001,2.23791891190963,4.46970868110657
3.5,3000,1e-05,"seasonal",1,0.4,2381,105.326050180044,2539,0,0,0,0,0,3000,65.9917808219178,1325.24109589041,207,7,1,6,0,0,10,27.6331760199982,207,0,190,10,0.142857142857143,1,0.361883845445886,3.13675426578652,0.00528205774911983,3.40266752243042
3.5,3000,1e-05,"seasonal",2,0.4,2382,105.326050180044,3121,0,0,0,0,0,3000,59.4246575342466,1650.71232876712,202,2,1,1,0,0,8,22.761883281752,202,0,192,8,0.5,1,0.35146476681978,3.39926233287229,0.00121159814774858,4.29109120368958
3.5,3000,1e-05,"seasonal",3,0.4,2383,105.326050180044,2990,0,0,0,0,0,3000,77.0438356164384,1561.31232876712,207,7,1,6,0,0,13,38.2003890999703,207,0,187,13,0.142857142857143,1,0.340310669767762,2.68678212012375,0.00448340788132217,3.8602454662323
3.5,3000,1e-05,"seasonal",4,0.4,2384,105.326050180044,3466,0,0,0,0,0,3000,74.2027397260274,1824.97534246575,213,13,2,11,0,0,10,34.5427650610941,213,0,190,10,0.153846153846154,1,0.289496222503135,2.87051395657953,0.00712338391511388,4.4850640296936
3.5,3000,1e-05,"seasonal",5,0.4,2385,105.326050180044,4193,0,0,0,0,0,3000,67.9506849315069,2229.58356164384,210,10,2,8,0,0,9,30.293420061834,210,0,191,9,0.2,1,0.297094219854658,3.0904765744698,0.00448514250465103,4.37625336647034
3.5,3000,1e-05,"constant",1,0,2386,105.326050180044,11501,0,0,0,0,0,3000,422.115068493151,5879.80273972603,317,117,30,86,1,0,67,348.878717690152,317,0,134,66,0.256410256410256,0.988505747126437,0.192043815236401,0.750980061270056,0.0198986267361499,3.98033165931702
3.5,3000,1e-05,"constant",2,0,2387,105.326050180044,6119,0,0,0,0,0,3000,312.512328767123,3040.36438356164,274,74,17,56,1,0,62,247.053910502071,274,0,139,61,0.22972972972973,0.982456140350877,0.250957371506493,0.876765409803011,0.0243391878947459,2.89987516403198
3.5,3000,1e-05,"constant",3,0,2388,105.326050180044,5431,0,0,0,0,0,3000,369.084931506849,2606.80547945205,278,78,20,57,1,0,69,301.3801474147,278,0,132,68,0.256410256410256,0.982758620689655,0.228946732529983,0.753214169066778,0.0299216802384486,4.55057835578918
3.5,3000,1e-05,"constant",4,0,2389,105.326050180044,8082,0,0,0,0,0,3000,406.731506849315,4021.76164383562,292,92,23,68,1,0,66,337.963619266235,292,0,135,65,0.25,0.985507246376812,0.195287291996976,0.717918319782833,0.022875547620037,7.20807218551636
3.5,3000,1e-05,"constant",5,0,2390,105.326050180044,10120,0,0,0,0,0,3000,360.558904109589,5184.64657534247,306,106,19,85,2,0,70,286.35551981122,306,0,132,68,0.179245283018868,0.977011494252874,0.244451373055939,0.848682410868971,0.0204449808602428,3.60604119300842
3.5,3000,2e-05,"seasonal",1,0.4,2391,105.326050180044,1228,0,0,0,0,0,3000,59.6520547945205,613.224657534247,222,22,5,15,2,0,11,19.2551237589843,222,0,191,9,0.227272727272727,0.882352941176471,0.571276515159632,3.72158177559363,0.0358759220290671,4.37866973876953
3.5,3000,2e-05,"seasonal",2,0.4,2392,105.326050180044,2053,0,0,0,0,0,3000,71.213698630137,1053.71780821918,222,22,5,16,1,0,12,29.7784413609841,222,0,189,11,0.227272727272727,0.941176470588235,0.402976094501791,3.11737775554957,0.0208784551503223,3.63060283660889
3.5,3000,2e-05,"seasonal",3,0.4,2393,105.326050180044,3105,0,0,0,0,0,3000,73.7315068493151,1627.63835616438,213,13,2,10,1,0,11,34.5318360877514,213,0,190,10,0.153846153846154,0.909090909090909,0.318546629610052,2.88885998810939,0.00798703222418228,4.97896695137024
3.5,3000,2e-05,"seasonal",4,0.4,2394,105.326050180044,2430,0,0,0,0,0,3000,56.9287671232877,1274.57808219178,223,23,6,16,1,0,8,17.361883281752,223,0,193,7,0.260869565217391,0.941176470588235,0.460779505896593,3.91717599499495,0.0180451871261186,4.04556369781494
3.5,3000,2e-05,"seasonal",5,0.4,2395,105.326050180044,3062,0,0,0,0,0,3000,81.9479452054795,1595.8602739726,232,32,4,27,1,0,14,38.5182272499153,232,0,187,13,0.125,0.964285714285714,0.363464286898894,2.83106549429976,0.0200518808080496,4.10671186447144
3.5,3000,2e-05,"constant",1,0,2396,105.326050180044,8107,0,0,0,0,0,3000,304.594520547945,4137.59726027397,363,163,27,135,1,0,68,220.662309264755,363,0,133,67,0.165644171779141,0.992647058823529,0.308163184852798,1.1917482932621,0.0393948443375581,5.0327091217041
3.5,3000,2e-05,"constant",2,0,2397,105.326050180044,8867,0,0,0,0,0,3000,320.191780821918,4538.43835616438,368,168,47,120,1,0,53,242.985147974484,368,0,148,52,0.279761904761905,0.991735537190083,0.218120327278463,1.14931120047916,0.0370171382347437,3.42883825302124
3.5,3000,2e-05,"constant",3,0,2398,105.326050180044,11605,0,0,0,0,0,3000,397.742465753425,5961.16164383562,444,244,63,177,4,0,57,307.705815642757,444,0,147,53,0.258196721311475,0.977900552486188,0.185241867726596,1.11630021491156,0.0409316194692218,3.63913536071777
3.5,3000,2e-05,"constant",4,0,2399,105.326050180044,9020,0,0,0,0,0,3000,405.498630136986,4536.96712328767,420,220,56,161,3,0,64,317.853970363605,420,0,139,61,0.254545454545455,0.981707317073171,0.201350324259873,1.03576182207598,0.0484905431363538,3.39964652061462
3.5,3000,2e-05,"constant",5,0,2400,105.326050180044,8164,0,0,0,0,0,3000,396.443835616438,4076.98082191781,392,192,33,157,2,0,69,308.434941935248,392,0,133,67,0.171875,0.987421383647799,0.223710062054142,0.988790756174759,0.0470936725941437,5.60535717010498
3.5,3000,3e-05,"seasonal",1,0.4,2401,105.326050180044,2651,0,0,0,0,0,3000,48.2493150684932,1404.35342465753,218,18,2,14,2,0,5,9.74809485931417,218,0,197,3,0.111111111111111,0.875,0.512920737042538,4.51819885298961,0.012817286363929,3.22694778442383
3.5,3000,3e-05,"seasonal",2,0.4,2402,105.326050180044,5566,0,0,0,0,0,3000,103.961643835616,2945.90136986301,279,79,11,61,7,0,15,52.8552434820521,279,0,192,8,0.139240506329114,0.897058823529412,0.283793981671724,2.68368207452696,0.0268169195371512,3.43986654281616
3.5,3000,3e-05,"seasonal",3,0.4,2403,105.326050180044,1911,0,0,0,0,0,3000,85.3698630136986,961.753424657534,256,56,11,44,1,0,17,38.0498238915312,256,0,184,16,0.196428571428571,0.977777777777778,0.446782619768806,2.9987163029525,0.0582269826800365,2.86850357055664
3.5,3000,3e-05,"seasonal",4,0.4,2404,105.326050180044,3706,0,0,0,0,0,3000,98.3671232876712,1932.31780821918,260,60,17,38,5,0,19,48.945774164024,260,0,186,14,0.283333333333333,0.883720930232558,0.388184686513046,2.64315953654189,0.0310507928586012,3.65470933914185
3.5,3000,3e-05,"seasonal",5,0.4,2405,105.326050180044,4884,0,0,0,0,0,3000,101.890410958904,2574.27397260274,279,79,24,49,6,0,18,50.9238264250378,279,0,188,12,0.30379746835443,0.890909090909091,0.35346911777136,2.73823608496908,0.0306882642798608,3.74563336372375
3.5,3000,3e-05,"constant",1,0,2406,105.326050180044,8680,0,0,0,0,0,3000,385.241095890411,4370.92328767123,493,293,65,226,2,0,54,287.516684754566,493,0,148,52,0.221843003412969,0.991228070175439,0.187815187303291,1.27971809149936,0.0670338920901324,3.12994742393494
3.5,3000,3e-05,"constant",2,0,2407,105.326050180044,6012,0,0,0,0,0,3000,379.868493150685,2914.37808219178,525,325,70,251,4,0,66,273.582797348426,525,0,138,62,0.215384615384615,0.984313725490196,0.241243238389527,1.38205723682313,0.11151607335572,3.97095942497253
3.5,3000,3e-05,"constant",3,0,2408,105.326050180044,14457,0,0,0,0,0,3000,311.586301369863,7610.05753424658,497,297,72,224,1,0,46,215.215075445416,497,0,155,45,0.242424242424242,0.995555555555556,0.213739673695241,1.59506370406844,0.0390273002094201,6.34232091903687
3.5,3000,3e-05,"constant",4,0,2409,105.326050180044,6979,0,0,0,0,0,3000,365.435616438356,3458.67397260274,516,316,72,243,1,0,66,260.878687759385,516,0,135,65,0.227848101265823,0.995901639344262,0.252991152964068,1.41201343489474,0.0913644947465811,3.620760679245
3.5,3000,3e-05,"constant",5,0,2410,105.326050180044,6992,0,0,0,0,0,3000,328.383561643836,3502.84931506849,479,279,66,210,3,0,60,231.349741051496,479,0,143,57,0.236559139784946,0.985915492957746,0.259347599557696,1.45866010345403,0.0796494438969449,4.0844292640686
3.5,3000,5e-05,"seasonal",1,0.4,2411,105.326050180044,4462,0,0,0,0,0,3000,148.060273972603,2296.87123287671,459,259,61,182,16,0,30,68.1324047723234,459,0,186,14,0.235521235521236,0.919191919191919,0.440319112472991,3.10008881980682,0.112762089703921,3.78018283843994
3.5,3000,5e-05,"seasonal",2,0.4,2412,105.326050180044,3830,0,0,0,0,0,3000,101.832876712329,1996.79726027397,371,171,47,116,8,0,14,39.5839806745728,371,0,194,6,0.274853801169591,0.935483870967742,0.353678426510375,3.64322419220318,0.0856371367299141,4.99962520599365
3.5,3000,5e-05,"seasonal",3,0.4,2413,105.326050180044,2560,0,0,0,0,0,3000,83.1424657534247,1319.59726027397,305,105,25,77,3,0,16,28.4799309470656,305,0,187,13,0.238095238095238,0.9625,0.561799114953561,3.66840214848255,0.079569731736333,5.21698474884033
3.5,3000,5e-05,"seasonal",4,0.4,2414,105.326050180044,4843,0,0,0,0,0,3000,116.972602739726,2536.72602739726,369,169,42,121,6,0,18,52.2334154661337,369,0,188,12,0.248520710059172,0.952755905511811,0.344606988445367,3.1545848460007,0.0666213056415075,3.86927247047424
3.5,3000,5e-05,"seasonal",5,0.4,2415,105.326050180044,2693,0,0,0,0,0,3000,89.186301369863,1386.4301369863,336,136,34,94,8,0,18,31.5649223154488,336,0,190,10,0.25,0.92156862745098,0.570253264687753,3.76739471016496,0.0980936553324098,4.07389307022095
3.5,3000,5e-05,"constant",1,0,2416,105.326050180044,9742,0,0,0,0,0,3000,553.649315068493,4784.43287671233,1042,842,218,612,12,0,83,367.281936308451,1042,0,129,71,0.258907363420428,0.980769230769231,0.225984432652018,1.88205777852555,0.175987420389643,3.60657954216003
3.5,3000,5e-05,"constant",2,0,2417,105.326050180044,6735,0,0,0,0,0,3000,364.542465753425,3325.86849315069,762,562,151,407,4,0,57,228.105815642757,762,0,147,53,0.268683274021352,0.990267639902676,0.249884027899005,2.09029145184807,0.168978419067797,4.01382279396057
3.5,3000,5e-05,"constant",3,0,2418,105.326050180044,9578,0,0,0,0,0,3000,463.698630136986,4784.52054794521,949,749,182,560,7,0,59,293.878478244017,949,0,148,52,0.242990654205607,0.987654320987654,0.200763255453536,2.04658788774003,0.156546511294987,3.79806017875671
3.5,3000,5e-05,"constant",4,0,2419,105.326050180044,9263,0,0,0,0,0,3000,452.287671232877,4623.32876712329,901,701,187,504,10,0,66,293.980057622399,901,0,144,56,0.266761768901569,0.980544747081712,0.224505024367242,1.99209498137323,0.151622355949429,5.89761972427368
3.5,3000,5e-05,"constant",5,0,2420,105.326050180044,8672,0,0,0,0,0,3000,392.106849315068,4359.67397260274,899,699,192,502,5,0,61,234.977168242537,899,0,144,56,0.274678111587983,0.990138067061144,0.25959968986024,2.29274240317498,0.160333090133044,3.8064067363739
3.5,3000,8e-05,"seasonal",1,0.4,2421,105.326050180044,7852,0,0,0,0,0,3000,500.328767123288,3802.13698630137,2169,1969,528,1345,96,0,112,162.028009780144,2169,0,184,16,0.268156424581006,0.933379597501735,0.691238509637764,4.33514949074581,0.517866664745133,4.8372597694397
3.5,3000,8e-05,"seasonal",2,0.4,2422,105.326050180044,9980,0,0,0,0,0,3000,408.865753424658,5059.62739726027,1796,1596,424,1118,54,0,63,135.914214405441,1796,0,191,9,0.265664160401002,0.953924914675768,0.463527676450875,4.39263984561366,0.315438247659149,3.86974668502808
3.5,3000,8e-05,"seasonal",3,0.4,2423,105.326050180044,6691,0,0,0,0,0,3000,335.243835616438,3331.05753424658,1543,1343,378,908,57,0,67,101.791046457276,1543,0,190,10,0.281459419210722,0.940932642487047,0.658211132824159,4.60262005164918,0.403175263769127,4.72851324081421
3.5,3000,8e-05,"seasonal",4,0.4,2424,105.326050180044,4457,0,0,0,0,0,3000,182.320547945205,2259.87123287671,836,636,151,466,19,0,27,51.7131368978308,836,0,192,8,0.237421383647799,0.960824742268041,0.522111046045103,4.58533066855005,0.281431964240901,4.64070439338684
3.5,3000,8e-05,"seasonal",5,0.4,2425,105.326050180044,NA,0.0985976110898033,0.085,0.015,0.26,15,2437.99339323873,1876.38082191781,18124.1671232877,8716,8516,2245,5914,347,10,358,572.125933361551,8701,0,184,16,0.263931342581707,0.944577543523399,0.62573636174217,4.63711838149513,0.469869867236979,5.27107882499695
3.5,3000,8e-05,"constant",1,0,2426,105.326050180044,15621,0,0,0,0,0,3000,1023.03287671233,7536.41917808219,3836,3636,1068,2516,52,0,117,423.959666283294,3836,0,135,65,0.293729372937294,0.979750778816199,0.275969648305694,3.74963511664216,0.4824572405121,4.49616074562073
3.5,3000,8e-05,"constant",2,0,2427,105.326050180044,25070,0.0165516957974905,0,0,0.12,0,2907.4944515369,1498.57260273973,12238.4136986301,5641,5441,1523,3838,80,0,139,620.711009691674,5641,0,141,59,0.279911780922625,0.979581419091373,0.223936740012145,3.76424871887221,0.44458376175084,4.49394178390503
3.5,3000,8e-05,"constant",3,0,2428,105.326050180044,14538,0,0,0,0,0,3000,1157.35616438356,6808.67123287671,4089,3889,1140,2681,68,0,130,518.677863602442,4089,0,138,62,0.293134481871947,0.975263732266279,0.25063726278406,3.53305242226615,0.571183402309303,5.22622537612915
3.5,3000,8e-05,"constant",4,0,2429,105.326050180044,24072,0.00871924826036929,0,0,0.09,0,2951.7936880171,1653.31232876712,11536.8246575342,6319,6119,1821,4186,112,0,169,689.144784327011,6319,0,143,57,0.297597646674293,0.973941368078176,0.245231486682495,3.82202436288132,0.530388575855136,3.93059611320496
3.5,3000,8e-05,"constant",5,0,2430,105.326050180044,15932,0,0,0,0,0,3000,1254.32876712329,7475.53424657534,4603,4403,1286,3042,75,0,135,539.212259831619,4603,0,140,60,0.292073586191233,0.975938402309913,0.250365227307993,3.6696918070026,0.588988004705762,3.80943989753723
3.5,3000,1e-04,"seasonal",1,0.4,2431,105.326050180044,32656,0.117818749657553,0.1,0,0.355,0,2299.85438523916,2800.93150684932,15092.7671232877,14521,14321,4683,9160,478,0,488,798.337893885501,14521,0,190,10,0.327002304308358,0.950404648267275,0.611269994494323,5.18434669483733,0.948865100946475,3.97281002998352
3.5,3000,1e-04,"seasonal",2,0.4,2432,105.326050180044,NA,0.140141910032327,0.125,0.03,0.34,72,2155.90774395924,2947.88493150685,17052.6630136986,15965,15765,5019,10166,521,59,515,745.676077417549,15893,0,193,7,0.319559404049408,0.951249181248246,0.69064841369669,5.39132305679112,0.924489036541435,5.11520338058472
3.5,3000,1e-04,"seasonal",3,0.4,2433,105.326050180044,NA,0.137600953372418,0.12,0.005,0.335,28,2154.84068352419,2867.52876712329,17133.0191780822,15573,15373,4952,9903,495,23,501,725.70281620095,15545,0,189,11,0.322605863192182,0.952394691286786,0.690365241549884,5.42104413327117,0.897273261659933,4.88976621627808
3.5,3000,1e-04,"seasonal",4,0.4,2434,105.326050180044,NA,0.144827132759849,0.125,0.03,0.35,48,2120.79020902964,2974.1095890411,17026.4383561644,15777,15577,4915,10107,518,37,519,786.163808511959,15729,0,188,12,0.316280566280566,0.951247058823529,0.660167759416904,5.28864170236286,0.914871312141472,4.48933577537537
3.5,3000,1e-04,"seasonal",5,0.4,2435,105.326050180044,NA,0.173168867459317,0.15,0.055,0.365,39,2025.36764971782,3054.23835616438,16946.3095890411,16134,15934,5106,10283,517,28,510,826.530662422728,16095,0,196,4,0.321010939268201,0.95212962962963,0.61703699957735,5.26972623715349,0.940263714425721,6.09902906417847
3.5,3000,1e-04,"constant",1,0,2436,105.326050180044,NA,0.26049969864665,0.255,0.155,0.375,69,1976.23050654759,5463.91506849315,14536.6328767123,20614,20414,7216,12588,570,40,605,2461.63541446241,20545,0,136,64,0.354176892117405,0.956680346557228,0.245771569764374,3.76012433254493,1.40431420213571,4.99123024940491
3.5,3000,1e-04,"constant",2,0,2437,105.326050180044,NA,0.246596076927292,0.245,0.155,0.35,47,2003.6475154786,5332.58904109589,14667.9589041096,20315,20115,6972,12611,509,23,547,2361.51298087888,20268,0,138,62,0.34700378260004,0.961204268292683,0.231631163761981,3.80078041713013,1.37135644648993,4.77003741264343
3.5,3000,1e-04,"constant",3,0,2438,105.326050180044,NA,0.249625773930196,0.25,0.14,0.37,45,2003.71774779464,5386.42465753425,14614.1232876712,20387,20187,7140,12470,549,28,579,2425.5685236686,20342,0,153,47,0.354184235329133,0.957830862585452,0.238706923490365,3.7765310560033,1.38133500057647,5.7038779258728
3.5,3000,1e-04,"constant",4,0,2439,105.326050180044,NA,0.287540682702318,0.285,0.205,0.385,49,1909.10188537614,5659.10136986301,14341.4465753425,20994,20794,7380,12820,566,28,615,2597.9916387075,20945,0,130,70,0.355388616006934,0.95771701777977,0.236721316126314,3.70111765651355,1.44992347116166,7.50956296920776
3.5,3000,1e-04,"constant",5,0,2440,105.326050180044,NA,0.287864774532902,0.285,0.185,0.41,76,1908.62843049696,5525.6301369863,14474.9178082192,20675,20475,7222,12614,593,46,624,2512.21683499555,20599,0,139,61,0.353517059082677,0.955099568410691,0.248386202698584,3.72790061754563,1.41451580390832,4.63825178146362
3.5,3000,2e-04,"seasonal",1,0.4,2441,105.326050180044,NA,0.594804942194948,0.545,0.425,0.88,128,1284.76595775574,11485.1698630137,8515.37808219178,31733,31533,14635,13191,3673,34,3594,6689.81449425753,31605,0,185,15,0.464617924378552,0.782198766603416,0.537234627818911,2.75180954021231,3.70306517169743,5.82503867149353
3.5,3000,2e-04,"seasonal",2,0.4,2442,105.326050180044,NA,0.590081639362227,0.545,0.41,0.875,100,1292.44466577174,11133.6273972603,8866.9205479452,31749,31549,14601,13429,3488,31,3426,6399.00597789348,31649,0,193,7,0.463259090043785,0.793816870603535,0.535395655487076,2.84264946820369,3.5580560161116,6.38147783279419
3.5,3000,2e-04,"seasonal",3,0.4,2443,105.326050180044,NA,0.566725658868007,0.52,0.375,0.875,123,1310.21842775738,11185.9452054795,8814.60273972603,31817,31617,14681,13401,3494,41,3425,6436.82003569282,31694,0,187,13,0.464941727894603,0.793193252441551,0.532095037768343,2.83337701175889,3.58688881774639,5.84658575057983
3.5,3000,2e-04,"seasonal",4,0.4,2444,105.326050180044,NA,0.582735192592187,0.54,0.395,0.875,136,1299.45311161032,11272.4164383562,8728.13150684931,31819,31619,14656,13315,3598,50,3516,6498.4146599376,31683,0,196,4,0.464252906332161,0.787264234612428,0.541055039419993,2.81066621103472,3.62265394090216,5.97423076629639
3.5,3000,2e-04,"seasonal",5,0.4,2445,105.326050180044,NA,0.597162347268643,0.555,0.38,0.885,114,1285.81096076927,11144.1424657534,8856.40547945205,31612,31412,14580,13345,3459,28,3385,6450.47649243179,31498,0,188,12,0.464567932704563,0.794156153296834,0.524767434463416,2.82641756391711,3.54681140931043,5.15142178535461
3.5,3000,2e-04,"constant",1,0,2446,105.326050180044,NA,0.685731466768944,0.685,0.605,0.765,138,1151.9357054408,13640.1260273973,6360.42191780822,31365,31165,15168,13874,2076,47,2049,9269.00651759468,31227,0,136,64,0.487434925123723,0.869843260188088,0.221059290023211,2.2893483489286,4.89983218137506,5.04962515830994
3.5,3000,2e-04,"constant",2,0,2447,105.326050180044,NA,0.68197906964002,0.685,0.6,0.765,135,1153.69174757548,13689.4821917808,6311.06575342466,31320,31120,15212,13655,2212,41,2181,9320.16398290575,31185,0,137,63,0.48946233791306,0.860591164051175,0.234008758215006,2.2780262659404,4.93102135453318,6.19654035568237
3.5,3000,2e-04,"constant",3,0,2448,105.326050180044,NA,0.692536573338447,0.69,0.615,0.775,131,1144.67997424799,13814.8739726027,6185.67397260274,30985,30785,15054,13593,2090,48,2067,9503.41777580646,30854,0,140,60,0.489768032013534,0.86673468086463,0.217500698039616,2.23338989998669,4.97682227294088,4.86071109771729
3.5,3000,2e-04,"constant",4,0,2449,105.326050180044,NA,0.695173963070517,0.695,0.625,0.765,125,1142.05928716235,13761.1479452055,6239.4,30736,30536,14888,13553,2056,39,2038,9468.71014829145,30611,0,132,68,0.488179165163787,0.868281119866744,0.215235229306046,2.22445105029666,4.89406032631343,5.43749833106995
3.5,3000,2e-04,"constant",5,0,2450,105.326050180044,NA,0.699129910689825,0.7,0.63,0.775,133,1137.32822228919,13919.0794520548,6081.46849315068,30649,30449,14881,13430,2105,33,2063,9633.7852881941,30516,0,142,58,0.489249079431878,0.864499517219183,0.214142202497303,2.19238636471,5.00684991368343,7.22088479995728
3.5,5000,1e-05,"seasonal",1,0.4,2451,105.326050180044,4461,0,0,0,0,0,5000,114.723287671233,2329.6602739726,242,42,17,24,1,0,13,70.5812110177785,242,0,188,12,0.404761904761905,0.96,0.18418499502262,2.1094235086211,0.0180283797037842,3.57434344291687
3.5,5000,1e-05,"seasonal",2,0.4,2452,105.326050180044,6720,0,0,0,0,0,5000,128.895890410959,3553.29589041096,245,45,4,38,3,0,12,80.0825509500252,245,0,191,9,0.0888888888888889,0.926829268292683,0.14984537652264,1.90075881565243,0.0126642985520678,3.47753834724426
3.5,5000,1e-05,"seasonal",3,0.4,2453,105.326050180044,21265,0.000825982137965043,0,0,0.005,0,4997.1069360583,312.531506849315,11339.5232876712,337,137,35,93,9,0,28,247.976180527228,337,0,181,19,0.255474452554745,0.911764705882353,0.112914070780784,1.07829128460473,0.0120816366371373,4.62545680999756
3.5,5000,1e-05,"seasonal",4,0.4,2454,105.326050180044,9316,0,0,0,0,0,5000,185.309589041096,4919.34794520548,275,75,14,59,2,0,20,130.91566710849,275,0,182,18,0.186666666666667,0.967213114754098,0.152770103393554,1.48400307519442,0.0152459230034942,5.59685802459717
3.5,5000,1e-05,"seasonal",5,0.4,2455,105.326050180044,13480,0,0,0,0,0,5000,226.684931506849,7159.61643835616,304,104,20,73,11,0,26,164.367901487612,304,0,185,15,0.192307692307692,0.869047619047619,0.158181736000077,1.34106840705825,0.0145259178191225,4.29599523544312
3.5,5000,1e-05,"constant",1,0,2456,105.326050180044,NA,0.0529957262615747,0.055,0.025,0.085,6,4784.10199194565,2221.29589041096,17779.2520547945,1190,990,223,760,5,2,72,2000.73652131363,1184,0,129,71,0.225708502024291,0.993464052287582,0.0359867474967302,0.533022189934791,0.0556828823253578,4.24421072006226
3.5,5000,1e-05,"constant",2,0,2457,105.326050180044,NA,0.0566188154073749,0.055,0.04,0.08,8,4765.21769738644,2560.18904109589,17440.3589041096,1282,1082,206,870,5,1,70,2316.59134576494,1274,0,128,72,0.190564292321924,0.994285714285714,0.0302168097657664,0.497619503696752,0.0620400076597645,5.24107813835144
3.5,5000,1e-05,"constant",3,0,2458,105.326050180044,NA,0.0374732891348419,0.03,0.015,0.075,3,4845.69403183387,2438.35068493151,17562.197260274,1224,1024,216,805,3,0,75,2207.63521131215,1221,0,125,75,0.2109375,0.996287128712871,0.0339730040614012,0.500748316288351,0.0583070549102821,4.75932598114014
3.5,5000,1e-05,"constant",4,0,2459,105.326050180044,NA,0.0262015779957263,0.02,0.005,0.075,1,4890.18721659087,2251.26575342466,17749.2821917808,1106,906,190,715,1,0,74,2040.54197083492,1105,0,126,74,0.209713024282561,0.998603351955307,0.0362648752427875,0.490834988414432,0.0510443177482153,6.43723964691162
3.5,5000,1e-05,"constant",5,0,2460,105.326050180044,NA,0.0565410114514273,0.055,0.03,0.095,6,4766.9432913265,2525.66575342466,17474.8821917808,1304,1104,210,890,3,1,75,2276.80513418738,1298,0,123,77,0.190389845874887,0.996640537513998,0.0329408955003821,0.513923902337428,0.0631763915707116,4.24659061431885
3.5,5000,2e-05,"seasonal",1,0.4,2461,105.326050180044,18319,1.89030738041751e-05,0,0,0,0,4999.82436195277,380.756164383562,9657.05205479452,679,479,95,346,38,0,50,253.976839004101,679,0,188,12,0.198329853862213,0.901041666666667,0.196868345145412,1.78329351830532,0.0496010580953829,4.69197368621826
3.5,5000,2e-05,"seasonal",2,0.4,2462,105.326050180044,15141,0,0,0,0,0,5000,207.128767123288,8089.3095890411,419,219,38,176,5,0,13,129.986690469833,419,0,192,8,0.17351598173516,0.972375690607735,0.100010239148423,2.02289621967673,0.0270727677794268,3.4255096912384
3.5,5000,2e-05,"seasonal",3,0.4,2463,105.326050180044,27923,0.0056961262396581,0.005,0,0.025,0,4967.28715193688,405.901369863014,14894.3726027397,652,452,99,320,33,0,50,283.664510236977,652,0,183,17,0.219026548672566,0.906515580736544,0.176264559701985,1.60630155108873,0.030347031866039,3.53079962730408
3.5,5000,2e-05,"seasonal",4,0.4,2464,105.326050180044,16497,0,0,0,0,0,5000,352.441095890411,8687.01095890411,585,385,85,265,35,0,51,242.683718249936,585,0,184,16,0.220779220779221,0.883333333333333,0.21015006844207,1.65985183572889,0.0443190415922497,2.88387155532837
3.5,5000,2e-05,"seasonal",5,0.4,2465,105.326050180044,18267,4.65727905320256e-06,0,0,0,0,4999.87664593721,378.66301369863,9630.65205479452,682,482,100,350,32,0,49,252.006946059635,682,0,183,17,0.20746887966805,0.916230366492147,0.194439084978255,1.80107371284693,0.0500485322548893,2.71662974357605
3.5,5000,2e-05,"constant",1,0,2466,105.326050180044,NA,0.0882318777053312,0.08,0.05,0.145,11,4568.54502794367,3360.05479452055,16640.4931506849,3374,3174,687,2456,29,2,93,2770.13455978754,3363,0,127,73,0.216582597730139,0.988329979879276,0.0335723763567401,1.0008765349554,0.190739539463069,4.34052085876465
3.5,5000,2e-05,"constant",2,0,2467,105.326050180044,NA,0.0490879951783464,0.04,0.01,0.115,3,4753.41084214564,2442.72328767123,17557.8246575342,2716,2516,555,1936,24,1,88,1966.81365267313,2713,0,134,66,0.220675944333996,0.987755102040816,0.0447424187240095,1.11064565261767,0.143297934059295,3.47134160995483
3.5,5000,2e-05,"constant",3,0,2468,105.326050180044,NA,0.0852786148704181,0.09,0.035,0.13,11,4591.56801517725,3421.20547945205,16579.3424657534,3440,3240,727,2472,36,5,101,2821.24429848247,3429,0,129,71,0.224729520865533,0.985645933014354,0.0357998065088965,1.0022782965229,0.195423914228963,4.68702125549316
3.5,5000,2e-05,"constant",4,0,2469,105.326050180044,NA,0.0733825543805819,0.07,0.035,0.135,9,4645.22320886527,3041.70684931507,16958.8410958904,3160,2960,685,2251,22,2,78,2497.57514685492,3151,0,137,63,0.2315753887762,0.990321161460625,0.0312302915482731,1.03593152006399,0.174540228501657,3.53238129615784
3.5,5000,2e-05,"constant",5,0,2470,105.326050180044,NA,0.0789932058517342,0.075,0.025,0.155,5,4610.7241951126,3022.90410958904,16977.6438356164,3247,3047,706,2316,25,0,90,2464.016542053,3242,0,130,70,0.231703314735806,0.989320803075609,0.0365257288106568,1.07247861078886,0.17947131118441,5.2546808719635
3.5,5000,3e-05,"seasonal",1,0.4,2471,105.326050180044,NA,0.118995671470056,0.115,0.05,0.23,22,4283.2166221029,2401.84931506849,17598.698630137,4824,4624,1088,3205,320,11,321,1565.58253975435,4802,0,188,12,0.235855191849122,0.909219858156028,0.205035500747451,1.999292782388,0.262746700604419,4.94815278053284
3.5,5000,3e-05,"seasonal",2,0.4,2472,105.326050180044,NA,0.0774708235165196,0.075,0.025,0.14,24,4531.20779409347,1912.11506849315,18088.4328767123,3961,3761,871,2620,259,11,259,1229.3177302097,3937,0,187,13,0.232266666666667,0.910038207711011,0.210685971279222,2.05897650453776,0.207922932054664,4.31821632385254
3.5,5000,3e-05,"seasonal",3,0.4,2473,105.326050180044,35641,0.0487406169524958,0.045,0,0.125,0,4682.59132842036,1606.39726027397,17922.9178082192,3389,3189,744,2224,221,0,236,1021.77418694867,3389,0,185,15,0.233301975540922,0.90961145194274,0.2309707986505,2.10968985307034,0.177928618215142,5.32105255126953
3.5,5000,3e-05,"seasonal",4,0.4,2474,105.326050180044,NA,0.070692290833379,0.065,0.025,0.155,18,4560.28881294176,1863.30136986301,18137.2465753425,3886,3686,862,2568,251,5,253,1192.57782459771,3868,0,185,15,0.234175495789188,0.910961333806314,0.212145484161878,2.07588534123407,0.203228201407986,4.58211016654968
3.5,5000,3e-05,"seasonal",5,0.4,2475,105.326050180044,NA,0.0291926469782478,0.025,0.005,0.075,5,4806.22709632349,1307.16164383562,18693.3863013699,2902,2702,612,1929,158,3,174,811.72307603416,2897,0,182,18,0.226750648388292,0.924293243890752,0.214358819081641,2.21625230028882,0.14454309970591,5.05119156837463
3.5,5000,3e-05,"constant",1,0,2476,105.326050180044,NA,0.294736178839516,0.295,0.225,0.365,52,3584.78005807901,6630.31232876712,13370.2356164384,8486,8286,2299,5831,141,15,180,5241.1736182641,8434,0,124,76,0.277959134324749,0.976389819156062,0.0343434530336388,1.27203660729634,0.619734777883239,5.63156819343567
3.5,5000,3e-05,"constant",2,0,2477,105.326050180044,NA,0.269679469618103,0.28,0.175,0.35,39,3687.84806777711,6008.45479452055,13992.0931506849,8161,7961,2180,5642,130,9,167,4674.88260868985,8122,0,133,67,0.274144869215292,0.977477477477477,0.0357228221494961,1.35176185521224,0.568964193867613,5.21721601486206
3.5,5000,3e-05,"constant",3,0,2478,105.326050180044,NA,0.172359322776834,0.175,0.095,0.245,22,4095.27788477344,5081.56164383562,14918.9863013699,7282,7082,1927,5044,103,8,166,3886.41360671613,7260,0,123,77,0.27240599378004,0.979988342723917,0.042712901095533,1.42869466295012,0.474697131356018,4.38659048080444
3.5,5000,3e-05,"constant",4,0,2479,105.326050180044,NA,0.298633773491863,0.3,0.235,0.37,42,3554.42983507753,6728.05753424658,13272.4904109589,8752,8552,2338,6067,144,3,174,5280.66664922596,8710,0,131,69,0.273482278629079,0.976815327644502,0.0329503851612192,1.29457870353592,0.644340265858376,4.44652628898621
3.5,5000,3e-05,"constant",5,0,2480,105.326050180044,NA,0.292900936934962,0.29,0.24,0.355,54,3586.73073420635,6799.77260273973,13200.7753424658,8634,8434,2360,5906,153,15,192,5386.08636606196,8580,0,122,78,0.280318327592351,0.9747483083017,0.0356474046182778,1.26180690168124,0.63890186607968,4.70833897590637
3.5,5000,5e-05,"seasonal",1,0.4,2481,105.326050180044,NA,0.376279929866857,0.365,0.245,0.555,101,2968.16625308202,7050.20821917808,12950.3397260274,15230,15030,5183,8785,1024,38,974,4676.61186012313,15129,0,187,13,0.345717716115261,0.895606076052605,0.208270437900817,2.14589406861004,1.16058731415307,5.15814423561096
3.5,5000,5e-05,"seasonal",2,0.4,2482,105.326050180044,NA,0.424660018629116,0.405,0.32,0.595,109,2841.51605583256,7752.61643835616,12247.9315068493,15066,14866,5121,8598,1104,43,1054,5370.66913889733,14957,0,184,16,0.345476624165149,0.886209029066172,0.196251150972298,1.92928414799423,1.21375597109492,6.28634023666382
3.5,5000,5e-05,"seasonal",3,0.4,2483,105.326050180044,NA,0.422306996876883,0.405,0.28125,0.6,78,2846.11285710372,7812.0301369863,12188.5178082192,15499,15299,5462,8678,1125,34,1095,5397.90806374629,15421,0,186,14,0.35781198820832,0.885239212485974,0.202856363440922,1.97400672163165,1.25519773943993,4.99428820610046
3.5,5000,5e-05,"seasonal",4,0.4,2484,105.326050180044,NA,0.420078077913539,0.4,0.28,0.595,110,2845.05645033149,8045.64931506849,11954.898630137,15567,15367,5420,8722,1184,41,1130,5587.62218835943,15457,0,185,15,0.353647396580973,0.880476478901676,0.202232714007419,1.92116253079176,1.28541449621844,4.00444364547729
3.5,5000,5e-05,"seasonal",5,0.4,2485,105.326050180044,NA,0.420638047230289,0.405,0.285,0.6,88,2830.38854692894,7492.52328767123,12508.0246575342,15466,15266,5329,8850,1049,38,1013,5079.31948763814,15378,0,186,14,0.349947465195692,0.894029699969694,0.199436165113339,2.05244607318126,1.2204964747015,4.5080099105835
3.5,5000,5e-05,"constant",1,0,2486,105.326050180044,NA,0.728129143608569,0.725,0.675,0.79,145,2059.62767327818,13792.4273972603,6208.12054794521,11974,11774,4412,6839,498,25,457,11923.1241193676,11829,0,121,79,0.375521320963486,0.932124846667575,0.0383288805370785,0.857644536330836,1.89654822406711,5.57589077949524
3.5,5000,5e-05,"constant",2,0,2487,105.326050180044,NA,0.727050024656183,0.73,0.65,0.785,144,2063.56537203441,13904.701369863,6095.84657534246,11894,11694,4363,6809,502,20,447,12048.5403781392,11750,0,131,69,0.373736508480384,0.931336342497606,0.0370999296156268,0.845037925479428,1.91835536794871,4.56569576263428
3.5,5000,5e-05,"constant",3,0,2488,105.326050180044,NA,0.686407320146841,0.685,0.635,0.75,124,2165.82549421949,12778.9589041096,7221.58904109589,13078,12878,4761,7591,517,9,464,10743.0639052565,12954,0,138,62,0.3699588157588,0.936235816477553,0.0431906580927036,1.01369760222283,1.78326403326403,4.25321769714355
3.5,5000,5e-05,"constant",4,0,2489,105.326050180044,NA,0.721570598871295,0.725,0.66,0.785,145,2073.24508410498,13324.9835616438,6675.56438356164,12720,12520,4760,7223,521,16,457,11365.9572654568,12575,0,135,65,0.380678182981446,0.932722107438017,0.0402077879871064,0.943715985976698,1.87549685399336,4.44170594215393
3.5,5000,5e-05,"constant",5,0,2490,105.326050180044,NA,0.75758122842584,0.765,0.68,0.805,157,1990.92890252589,13788.6931506849,6211.85479452055,12056,11856,4452,6839,549,16,486,11902.0461638511,11899,0,122,78,0.376013513513514,0.925690308608554,0.0408333149871387,0.862953426402772,1.90860868326448,4.64809513092041
3.5,5000,8e-05,"seasonal",1,0.4,2491,105.326050180044,NA,0.692759574817818,0.68,0.545,0.875,152,2086.45432962577,13079.298630137,6921.24931506849,18925,18725,8222,8463,2008,32,1904,10148.331812749,18773,0,184,16,0.43984379179372,0.80823226052908,0.187617042399823,1.43532161248645,2.70543642449538,5.44638347625732
3.5,5000,8e-05,"seasonal",2,0.4,2492,105.326050180044,NA,0.700396964549888,0.68,0.585,0.875,153,2071.54224809599,13366.9342465753,6633.61369863014,18617,18417,8031,8311,2044,31,1942,10449.3549277879,18464,0,180,20,0.436799738931796,0.802607436021246,0.185848792908321,1.38131898155559,2.77631481673453,10.6198196411133
3.5,5000,8e-05,"seasonal",3,0.4,2493,105.326050180044,NA,0.705354501123226,0.695,0.565,0.88,163,2063.39435017259,13125.3232876712,6875.22465753425,18805,18605,8111,8461,2006,27,1886,10199.8742186409,18642,0,184,16,0.436591667563785,0.808350052546097,0.184904240932032,1.42030787291241,2.70609338992459,7.12744402885437
3.5,5000,8e-05,"seasonal",4,0.4,2494,105.326050180044,NA,0.710440249849323,0.7,0.57,0.87,148,2070.07444468796,13127.0054794521,6873.54246575342,18392,18192,7908,8322,1921,41,1832,10271.6087206886,18244,0,182,18,0.435678475015151,0.812457287903934,0.178355703553044,1.38980668733305,2.64667019817502,5.96255350112915
3.5,5000,8e-05,"seasonal",5,0.4,2495,105.326050180044,NA,0.705401073913758,0.69,0.565,0.87,152,2066.88165689551,13240.6136986301,6759.93424657534,18578,18378,8110,8307,1933,28,1822,10386.1952315738,18426,0,187,13,0.441961852861035,0.81123046875,0.175425163823337,1.39162733838435,2.71866549727322,5.5358874797821
3.5,5000,8e-05,"constant",1,0,2496,105.326050180044,NA,0.868310777491644,0.87,0.82,0.915,180,1683.99213002027,16770.5178082192,3230.0301369863,11209,11009,4901,5405,692,11,587,15082.5075591667,11029,0,136,64,0.445626477541371,0.886501558143349,0.0389192578022771,0.657642186491983,3.40832733228665,5.97764444351196
3.5,5000,8e-05,"constant",2,0,2497,105.326050180044,NA,0.88675223275437,0.885,0.845,0.93,178,1654.18765684072,17294.4931506849,2706.05479452055,9601,9401,4088,4644,659,10,558,15801.1039215176,9423,0,133,67,0.435310403577894,0.875730718461248,0.0353139883625553,0.544855516602799,3.47406121229916,6.95696783065796
3.5,5000,8e-05,"constant",3,0,2498,105.326050180044,NA,0.876990027943674,0.88,0.82,0.92,173,1672.16497041258,17073.6876712329,2926.8602739726,10435,10235,4601,4970,656,8,559,15503.6655054917,10262,0,132,68,0.449887552556957,0.883398506932101,0.0360559894562993,0.601041801724547,3.49692128832243,6.38670897483826
3.5,5000,8e-05,"constant",4,0,2499,105.326050180044,NA,0.874004164155389,0.875,0.84,0.91,176,1676.70861377459,16959.3068493151,3041.24109589041,10684,10484,4656,5132,685,11,587,15339.9786723203,10508,0,133,67,0.444571755943856,0.882241705346398,0.0382660245192643,0.61960079461764,3.44727684173639,5.46495938301086
3.5,5000,8e-05,"constant",5,0,2500,105.326050180044,NA,0.873384472083721,0.875,0.825,0.92,180,1673.61531970851,16953.2,3047.34794520548,10883,10683,4745,5279,646,13,559,15312.2518667231,10703,0,120,80,0.444704779756326,0.890970464135021,0.0365067140264869,0.631326239294057,3.5056712236645,5.32776117324829
3.5,5000,1e-04,"seasonal",1,0.4,2501,105.326050180044,NA,0.798732398224755,0.785,0.69,0.93,162,1883.60837433565,15148.2438356164,4852.30410958904,17240,17040,7755,7005,2259,21,2129,12381.6460250327,17078,0,189,11,0.455667195487396,0.756152849740933,0.171948058900704,1.12739141152761,3.51173372796768,6.14432239532471
3.5,5000,1e-04,"seasonal",2,0.4,2502,105.326050180044,NA,0.787786422661772,0.77,0.68,0.93,168,1898.96738617062,14884.5534246575,5115.99452054795,17761,17561,7972,7289,2268,32,2143,12058.3202670124,17593,0,189,11,0.45478920645787,0.762687035680653,0.177719612064256,1.18196357647222,3.43256817994386,6.89418888092041
3.5,5000,1e-04,"seasonal",3,0.4,2503,105.326050180044,NA,0.776744835899403,0.76,0.655,0.925,162,1914.21023341187,14953.8712328767,5046.67671232877,18352,18152,8410,7416,2297,29,2181,12060.3350132194,18190,0,183,17,0.464051205650279,0.763512817872954,0.180840747591953,1.21640742498896,3.59682243081979,5.59110903739929
3.5,5000,1e-04,"seasonal",4,0.4,2504,105.326050180044,NA,0.789926031450331,0.77,0.69,0.935,166,1901.62946687853,14988.397260274,5012.15068493151,18044,17844,8246,7253,2323,22,2192,12129.0863566277,17878,0,187,13,0.462686567164179,0.757414369256475,0.180722598186649,1.19278930825945,3.56014835181354,6.23692584037781
3.5,5000,1e-04,"seasonal",5,0.4,2505,105.326050180044,NA,0.783511862363706,0.77,0.675,0.93,157,1907.48487260972,15130.3178082192,4870.2301369863,17831,17631,8098,7183,2323,27,2211,12268.4810268295,17674,0,182,18,0.460009088843445,0.755628024405639,0.180217909223223,1.16811822620137,3.6201574677352,5.90638780593872
3.5,5000,1e-04,"constant",1,0,2506,105.326050180044,NA,0.909923017916827,0.91,0.865,0.945,186,1600.34279628514,17913.7780821918,2086.7698630137,9528,9328,4384,4190,745,9,648,16466.7972956225,9342,0,120,80,0.470436742139715,0.84903748733536,0.0393519145445645,0.521498031132079,4.47006647226952,7.61427879333496
3.5,5000,1e-04,"constant",2,0,2507,105.326050180044,NA,0.92135280258616,0.92,0.89,0.955,187,1580.85478329955,18028.1479452055,1972.4,9087,8887,4202,3951,725,9,628,16649.9748091297,8900,0,119,81,0.473304798378013,0.844952951240376,0.0377177747833978,0.493672451937412,4.50567836138715,6.3851580619812
3.5,5000,1e-04,"constant",3,0,2508,105.326050180044,NA,0.918730480521615,0.92,0.88,0.95,182,1584.23008218728,17940.9643835616,2059.58356164383,9465,9265,4379,4126,748,12,650,16504.9039952837,9283,0,128,72,0.473251918296769,0.846532622076323,0.0393822345277342,0.517419231293136,4.49848220414288,5.56571221351624
3.5,5000,1e-04,"constant",4,0,2509,105.326050180044,NA,0.925046572790532,0.925,0.885,0.96,181,1575.81645855022,18056.5095890411,1944.03835616438,8732,8532,3946,3886,695,5,588,16711.1434150511,8551,0,131,69,0.462765333646065,0.848286400349269,0.0351861021951621,0.473568823356082,4.38880229546179,4.95471954345703
3.5,5000,1e-04,"constant",5,0,2510,105.326050180044,NA,0.917963125308202,0.92,0.875,0.95,190,1584.96616075831,17934.7835616438,2065.76438356164,9557,9357,4371,4231,744,11,633,16474.851701043,9367,0,132,68,0.46768671089236,0.850452261306533,0.0384221971454787,0.522281184370282,4.52955819863025,5.44167399406433
3.5,5000,2e-04,"seasonal",1,0.4,2511,105.326050180044,NA,0.920114788230782,0.915,0.845,0.995,193,1681.86082598214,18089.8410958904,1910.70684931507,14096,13896,7200,4164,2519,13,2356,15773.0676852469,13903,0,183,17,0.51861989483541,0.623073469998504,0.149368534201096,0.768552909132985,7.27270120216573,5.87826132774353
3.5,5000,2e-04,"seasonal",2,0.4,2512,105.326050180044,NA,0.922528628568298,0.92,0.845,0.995,171,1679.49957262616,18140.7205479452,1859.82739726027,14050,13850,7196,4203,2426,25,2290,15839.6701716222,13879,0,190,10,0.520506329113924,0.634032282395535,0.144573717456736,0.765074351005979,7.44692761296158,8.23335075378418
3.5,5000,2e-04,"seasonal",3,0.4,2513,105.326050180044,NA,0.92237247274122,0.92,0.85,0.995,187,1682.45442907238,18146.4246575342,1854.12328767123,13892,13692,7072,4099,2498,23,2347,15850.3244712243,13705,0,187,13,0.517375082303021,0.621343034712748,0.148072678528499,0.755245193400111,7.38462220449055,7.55148482322693
3.5,5000,2e-04,"seasonal",4,0.4,2514,105.326050180044,NA,0.919506602377952,0.915,0.84,0.995,182,1684.99052024547,18096.5945205479,1903.95342465753,14269,14069,7187,4211,2650,21,2505,15701.7839050137,14087,0,184,16,0.511603075170843,0.613758927270077,0.159536012923992,0.778433753599595,7.38936142964243,6.55385637283325
3.5,5000,2e-04,"seasonal",5,0.4,2515,105.326050180044,NA,0.91900443811298,0.915,0.845,0.995,186,1682.71721248151,18104.1452054795,1896.40273972603,14184,13984,7285,4185,2493,21,2342,15788.0257213642,13998,0,186,14,0.521736016615341,0.626684636118598,0.148340270109316,0.773193091478482,7.37396108277099,6.53208518028259
3.5,5000,2e-04,"constant",1,0,2516,105.326050180044,NA,0.976535258342009,0.975,0.955,0.995,200,1481.22668264753,19436.2712328767,564.276712328767,5375,5175,2632,1863,671,9,560,18554.9019300608,5175,0,120,80,0.509485094850949,0.735201262825572,0.0301807038436967,0.266254773767842,9.17103237991659,6.97256112098694
3.5,5000,2e-04,"constant",2,0,2517,105.326050180044,NA,0.97624239767684,0.975,0.955,0.995,196,1482.73416415539,19421.695890411,578.852054794519,5366,5166,2651,1811,697,7,586,18546.486210043,5170,0,122,78,0.513859275053305,0.722089314194577,0.0315962815469961,0.266197145150057,8.92456018288443,6.17881155014038
3.5,5000,2e-04,"constant",3,0,2518,105.326050180044,NA,0.979930140814202,0.98,0.96,1,195,1478.41758040655,19438.6109589041,561.936986301371,5244,5044,2661,1739,634,10,522,18610.8540377646,5049,0,127,73,0.528605482717521,0.732827644332069,0.0280481486201963,0.259740781410476,8.97609540386236,5.7903470993042
3.5,5000,2e-04,"constant",4,0,2519,105.326050180044,NA,0.976779354555915,0.98,0.955,0.995,196,1482.0462577393,19406.7506849315,593.797260273972,5559,5359,2774,1869,704,12,597,18516.522006066,5363,0,123,77,0.51879558631008,0.726389428682472,0.0322414760074502,0.276347137502216,9.02496585707959,6.98833894729614
3.5,5000,2e-04,"constant",5,0,2520,105.326050180044,NA,0.976978795682428,0.98,0.955,0.995,196,1482.32250616405,19363.0794520548,637.468493150685,5825,5625,2941,1992,684,8,562,18448.5429960204,5629,0,134,66,0.523589104504184,0.744394618834081,0.0304631102912154,0.290707891476562,8.82396551427736,6.03431367874146
3.5,7500,1e-05,"seasonal",1,0.4,2521,105.326050180044,NA,0.168055449016492,0.165,0.125,0.225,38,6419.48954331269,3377.25205479452,16623.295890411,2680,2480,573,1693,206,8,197,2873.14104085944,2642,0,179,21,0.231796116504854,0.891521853607162,0.0685660735753758,0.782292809993048,0.149188224546407,4.49426817893982
3.5,7500,1e-05,"seasonal",2,0.4,2522,105.326050180044,NA,0.193703632677661,0.19,0.145,0.25,34,6283.82375623253,3661.44657534247,16339.101369863,2690,2490,602,1669,213,6,210,3158.64000023486,2656,0,175,25,0.242351046698873,0.88682252922423,0.0664843096979667,0.725396355059906,0.152395161988084,3.72486782073975
3.5,7500,1e-05,"seasonal",3,0.4,2523,105.326050180044,NA,0.219927127280697,0.22,0.175,0.275,50,6107.92834200866,3976.2602739726,16024.2876712329,3035,2835,690,1874,264,7,238,3409.74813657291,2985,0,183,17,0.243988684582744,0.876520112254443,0.0697998768434582,0.750705385042048,0.176918940683363,3.99040865898132
3.5,7500,1e-05,"seasonal",4,0.4,2524,105.326050180044,NA,0.250213412963673,0.25,0.18,0.325,60,5972.2753643636,4323.74794520548,15676.8,2986,2786,699,1816,261,10,231,3767.75635575099,2926,0,180,20,0.251801152737752,0.874337987481945,0.0613096968564351,0.67672769945912,0.177714839763217,4.59984946250916
3.5,7500,1e-05,"seasonal",5,0.4,2525,105.326050180044,NA,0.230237795189305,0.225,0.18,0.295,66,6066.77555996932,3620.25205479452,16380.295890411,2662,2462,591,1644,215,12,177,3122.77129756881,2596,0,184,16,0.241224489795918,0.884346422807961,0.056680423615332,0.717077142891738,0.150302535221067,4.79895544052124
3.5,7500,1e-05,"constant",1,0,2526,105.326050180044,NA,0.483942523697332,0.485,0.445,0.525,99,4631.20051695798,9488.63835616438,10511.9095890411,4246,4046,1007,2980,56,3,42,8731.10824003488,4147,0,118,82,0.249072470937423,0.981554677206851,0.00481038590352331,0.437049010020059,0.38489676549521,5.47760009765625
3.5,7500,1e-05,"constant",2,0,2527,105.326050180044,NA,0.576311982905046,0.575,0.55,0.605,114,4171.39062517122,11119.504109589,8881.04383561644,4012,3812,946,2803,60,3,40,10402.2127387239,3898,0,109,91,0.24835914938304,0.979042961928048,0.00384533569969144,0.350555201165717,0.42922882383627,7.26936292648315
3.5,7500,1e-05,"constant",3,0,2528,105.326050180044,NA,0.591126787573284,0.59,0.545,0.635,126,4093.53322557668,11001.9205479452,8998.62739726027,4045,3845,946,2821,71,7,35,10272.0155682422,3919,0,117,83,0.246482542991141,0.975449515905947,0.00340731570814678,0.356210534599065,0.427287388426667,7.51285672187805
3.5,7500,1e-05,"constant",4,0,2529,105.326050180044,NA,0.538995671470056,0.535,0.49,0.595,114,4358.58578023122,10267.2520547945,9733.29589041096,4073,3873,950,2854,65,4,39,9534.95788434181,3959,0,116,84,0.24554148358749,0.977732100034258,0.00409021208830354,0.385594897142051,0.397912489623951,5.78831434249878
3.5,7500,1e-05,"constant",5,0,2530,105.326050180044,NA,0.488770204372363,0.49,0.44,0.54,108,4609.68942578489,9097.05205479452,10903.495890411,4178,3978,998,2915,55,10,31,8361.12714874017,4070,0,126,74,0.251512096774194,0.981481481481482,0.00370763408431972,0.44739768174185,0.364837116460826,7.2515766620636
3.5,7500,2e-05,"seasonal",1,0.4,2531,105.326050180044,NA,0.673091885376144,0.68,0.515,0.805,146,3611.99364390992,9565.34794520548,10435.2,7007,6807,2059,4074,653,21,542,8326.46653916402,6861,0,186,14,0.303418803418803,0.861857414850857,0.0650936381537921,0.717276573659717,0.652311407543698,7.86537861824036
3.5,7500,2e-05,"seasonal",2,0.4,2532,105.326050180044,NA,0.65699112377404,0.65,0.57,0.78,150,3661.9711402115,10826.1835616438,9174.36438356164,7635,7435,2354,4346,721,14,605,9487.57560335584,7485,0,180,20,0.31720792346045,0.857706729820407,0.0637676077949783,0.691379372738392,0.810410366228947,6.61294269561768
3.5,7500,2e-05,"seasonal",3,0.4,2533,105.326050180044,NA,0.652389732069476,0.65,0.57,0.75,137,3695.58569503041,10713.2767123288,9287.27123287671,7602,7402,2396,4253,740,13,632,9385.10481944063,7465,0,184,16,0.324265800514278,0.851792509513319,0.0673407502802583,0.696798953340702,0.797004826756551,5.93433284759521
3.5,7500,2e-05,"seasonal",4,0.4,2534,105.326050180044,NA,0.669813708837872,0.68,0.55,0.785,153,3622.78128595693,10630.0849315068,9370.46301369863,7597,7397,2382,4330,667,18,549,9317.29444524733,7444,0,183,17,0.322807968559425,0.866519911947168,0.0589226843936482,0.700276625065947,0.78939535743179,5.50491523742676
3.5,7500,2e-05,"seasonal",5,0.4,2535,105.326050180044,NA,0.640395320804339,0.635,0.57,0.735,138,3725.90056900992,10336.0602739726,9664.48767123288,7807,7607,2385,4477,729,16,629,8965.91288896488,7669,0,178,22,0.314187854037676,0.859969266231272,0.0701545963907551,0.741965487499278,0.78710845921433,5.43256735801697
3.5,7500,2e-05,"constant",1,0,2536,105.326050180044,NA,0.868021478275163,0.88,0.755,0.925,185,2685.01356035286,14537.6164383562,5462.93150684931,5799,5599,1723,3688,184,4,79,13538.0488778898,5614,0,124,76,0.307953529937444,0.952479338842975,0.00583540513943792,0.386170595696003,1.02490759640316,5.55344724655151
3.5,7500,2e-05,"constant",2,0,2537,105.326050180044,NA,0.856159388526656,0.865,0.745,0.93,187,2726.27997452194,14204.101369863,5796.44657534246,5938,5738,1738,3824,172,4,55,13183.6427399609,5751,0,134,66,0.303104290198814,0.956956956956957,0.00417183634939452,0.404883058086445,0.989916826700156,5.76825451850891
3.5,7500,2e-05,"constant",3,0,2538,105.326050180044,NA,0.869943564736179,0.87,0.81,0.925,189,2677.89296942633,15195.1917808219,4805.35616438356,5444,5244,1633,3431,172,8,80,14256.1201406973,5255,0,111,89,0.311879297173415,0.952262003885651,0.00561162498705535,0.345833081661557,1.09128227349048,5.56130194664001
3.5,7500,2e-05,"constant",4,0,2539,105.326050180044,NA,0.853706098295984,0.86,0.775,0.92,184,2744.10048106953,14791.2575342466,5209.2904109589,5845,5645,1800,3664,178,3,76,13799.199473029,5661,0,121,79,0.319035802906771,0.953669963560645,0.00550756586630583,0.382726079029653,1.08364087134103,6.66689682006836
3.5,7500,2e-05,"constant",5,0,2540,105.326050180044,NA,0.871686208974851,0.885,0.795,0.915,181,2674.3965607364,15198.5260273973,4802.02191780822,5298,5098,1608,3325,161,4,57,14296.9385106488,5117,0,127,73,0.315665488810365,0.953815261044177,0.00398686753514011,0.336677385081682,1.0616361372892,6.68409967422485
3.5,7500,3e-05,"seasonal",1,0.4,2541,105.326050180044,NA,0.808394060599419,0.81,0.72,0.9,176,2992.02460769273,13895.4164383562,6105.13150684931,8978,8778,3235,4637,895,11,748,12388.3807514478,8802,0,182,18,0.368997376525607,0.8382140274765,0.060379158100431,0.633446290656207,1.43780686626521,6.41023731231689
3.5,7500,3e-05,"seasonal",2,0.4,2542,105.326050180044,NA,0.83133472138513,0.83,0.765,0.905,169,2907.9194172922,14815.3890410959,5185.15890410959,8303,8103,2967,4232,889,15,765,13385.9535337721,8134,0,170,30,0.366839762611276,0.826401093536419,0.0571494588017166,0.549023719690207,1.56272934925443,6.21088695526123
3.5,7500,3e-05,"seasonal",3,0.4,2543,105.326050180044,NA,0.820838310229576,0.825,0.74,0.905,162,2938.06811571969,14296.8794520548,5703.66849315068,8734,8534,3143,4544,836,11,700,12830.1295806717,8572,0,185,15,0.368766866126951,0.844609665427509,0.0545590748400962,0.599571397992588,1.49623001586578,5.47336483001709
3.5,7500,3e-05,"seasonal",4,0.4,2544,105.326050180044,NA,0.834771793326393,0.83,0.78,0.905,178,2898.23846830311,14386.0383561644,5614.5095890411,8555,8355,3081,4377,884,13,736,12931.2653237854,8377,0,183,17,0.369335890673699,0.831971108154343,0.0569163172799666,0.582300685748587,1.48810859924579,6.26529383659363
3.5,7500,3e-05,"seasonal",5,0.4,2545,105.326050180044,NA,0.853525834200866,0.85,0.795,0.915,166,2837.28437948606,15140.4547945205,4860.09315068493,7960,7760,2953,3893,899,15,772,13779.0961192486,7794,0,176,24,0.381278244028405,0.812395659432387,0.0560268970706694,0.514779780777834,1.59667721572505,6.1526575088501
3.5,7500,3e-05,"constant",1,0,2546,105.326050180044,NA,0.976145690647088,0.98,0.95,0.995,193,2255.48327762862,18517.002739726,1483.54520547945,3052,2852,1041,1643,162,6,69,17985.3254704955,2859,0,106,94,0.365776528460998,0.910249307479224,0.00383646101446386,0.154398637845765,1.92242203976406,6.36984586715698
3.5,7500,3e-05,"constant",2,0,2547,105.326050180044,NA,0.973357624239768,0.975,0.95,0.995,196,2259.19096926196,17739.5780821918,2260.9698630137,4172,3972,1419,2369,184,0,68,17026.358586654,3976,0,120,80,0.357250755287009,0.927927927927928,0.00399380758098807,0.224131598935342,1.75676821923917,6.355623960495
3.5,7500,3e-05,"constant",3,0,2548,105.326050180044,NA,0.970420250945154,0.97,0.945,0.99,198,2272.73862555476,17759.2821917808,2241.26575342466,4092,3892,1387,2311,192,2,79,17055.0411076732,3894,0,117,83,0.356555269922879,0.923292049540551,0.00463206154129157,0.219265618843659,1.73651874796776,6.6761953830719
3.5,7500,3e-05,"constant",4,0,2549,105.326050180044,NA,0.971518272971344,0.975,0.945,0.99,195,2270.4556079119,18206.4493150685,1794.09863013698,3583,3383,1296,1924,160,3,74,17607.7257698032,3388,0,94,106,0.383431952662722,0.923224568138196,0.00420270061945809,0.186087904421646,1.88562654425621,6.01999139785767
3.5,7500,3e-05,"constant",5,0,2550,105.326050180044,NA,0.958539806038025,0.96,0.94,0.975,194,2314.9119903019,17655.4356164384,2345.11232876712,4415,4215,1564,2451,197,3,89,16919.4631751353,4221,0,117,83,0.371320037986705,0.925604229607251,0.00526021417339019,0.239076513981336,1.79735526878404,7.00523376464844
3.5,7500,5e-05,"seasonal",1,0.4,2551,105.326050180044,NA,0.914719741384034,0.91,0.865,0.97,190,2599.50494109912,17248.6630136986,2751.88493150685,7961,7761,3445,3335,969,12,818,15946.7174822768,7771,0,173,27,0.444573493353981,0.774860594795539,0.0512958231629255,0.45052767242472,2.82024873610915,6.0917637348175
3.5,7500,5e-05,"seasonal",2,0.4,2552,105.326050180044,NA,0.911368692126459,0.91,0.855,0.965,187,2600.78301901266,17429.4219178082,2571.12602739726,7737,7537,3292,3217,1019,9,862,16127.2119499154,7550,0,179,21,0.437300743889479,0.759442870632672,0.0534500323228232,0.433175582965601,2.93140045244288,7.03287100791931
3.5,7500,5e-05,"seasonal",3,0.4,2553,105.326050180044,NA,0.920464358117363,0.92,0.88,0.97,183,2581.32428387486,16889.9671232877,3110.58082191781,8433,8233,3569,3692,966,6,803,15516.169058179,8250,0,186,14,0.433815485596208,0.792614856161443,0.0517524652502234,0.48845565771558,2.64677257121517,6.45641660690308
3.5,7500,5e-05,"seasonal",4,0.4,2554,105.326050180044,NA,0.916517725056161,0.915,0.855,0.97,188,2582.48107747521,17086.2273972603,2914.3205479452,8270,8070,3462,3623,980,5,815,15722.0490489876,8082,0,182,18,0.429262244265344,0.787095372583098,0.0518380268030318,0.473012550523349,2.76908454894912,6.38216638565063
3.5,7500,5e-05,"seasonal",5,0.4,2555,105.326050180044,NA,0.92219193468851,0.92,0.875,0.97,186,2577.50180565448,17072.1643835616,2928.38356164383,7984,7784,3357,3486,929,12,770,15762.6803094385,7798,0,185,15,0.431935151827072,0.789580973952435,0.0488495601562719,0.456766923326283,2.65812173717793,6.71250057220459
3.5,7500,5e-05,"constant",1,0,2556,105.326050180044,NA,0.990597501506767,0.99,0.975,1,198,2201.18239685497,19084.3095890411,916.238356164384,3004,2804,1192,1411,199,2,72,18581.6080214455,2806,0,131,69,0.425410421127766,0.87639751552795,0.00387479920558559,0.147031779531145,3.06033902765028,7.06268715858459
3.5,7500,5e-05,"constant",2,0,2557,105.326050180044,NA,0.99321160484357,0.995,0.985,1,198,2191.3876776615,19144.7726027397,855.775342465753,2871,2671,1151,1317,201,2,77,18665.8054313733,2673,0,128,72,0.431247658298988,0.867588932806324,0.00412519032640183,0.139620357758518,3.12114624885548,6.12193441390991
3.5,7500,5e-05,"constant",3,0,2558,105.326050180044,NA,0.99246096104323,0.995,0.98,1,196,2195.57883540628,19123.7424657534,876.805479452054,2919,2719,1195,1338,186,0,68,18641.1750250101,2723,0,122,78,0.439499816108864,0.877952755905512,0.00364783871771855,0.142388447495375,3.10102989057413,6.00260519981384
3.5,7500,5e-05,"constant",4,0,2559,105.326050180044,NA,0.989354829872336,0.99,0.975,1,199,2202.1225982138,19244.402739726,756.14520547945,2641,2441,1048,1220,172,1,66,18794.6270798047,2442,0,108,92,0.429508196721311,0.876436781609195,0.0035116419027499,0.126894039426799,3.2282159330128,6.50992941856384
3.5,7500,5e-05,"constant",5,0,2560,105.326050180044,NA,0.98677634102241,0.985,0.975,1,198,2209.46296093365,19158.5835616438,841.964383561644,2961,2761,1192,1374,193,2,83,18661.3453369853,2763,0,114,86,0.432040594418267,0.876834716017869,0.00444769648174831,0.144217342117693,3.27923609823082,6.14907503128052
3.5,7500,8e-05,"seasonal",1,0.4,2561,105.326050180044,NA,0.958070790641609,0.96,0.915,0.995,193,2474.07889512903,18704.0109589041,1296.53698630137,6065,5865,2874,2009,975,7,811,17696.668197139,5872,0,178,22,0.490611130078525,0.673257372654156,0.0458278355544414,0.313943357545169,4.52358865344141,6.09195041656494
3.5,7500,8e-05,"seasonal",2,0.4,2562,105.326050180044,NA,0.963799791792231,0.965,0.925,0.995,192,2463.16166456633,18521.5917808219,1478.95616438356,6319,6119,2889,2279,946,5,774,17461.6698593574,6127,0,185,15,0.47252208047105,0.706666666666667,0.0443256576395084,0.330803101186161,4.13737752839377,5.55946183204651
3.5,7500,8e-05,"seasonal",3,0.4,2563,105.326050180044,NA,0.954143882526985,0.955,0.905,0.995,185,2479.21299983563,18551.3315068493,1449.21643835616,6582,6382,3066,2292,1012,12,863,17448.6337480006,6397,0,176,24,0.481318681318681,0.693704600484262,0.0494594598330021,0.344827000565333,4.40375904598422,5.69881439208984
3.5,7500,8e-05,"seasonal",4,0.4,2564,105.326050180044,NA,0.961838803353241,0.96,0.925,0.995,192,2460.26728151882,18608.6904109589,1391.85753424657,6274,6074,2822,2259,991,2,818,17531.1424989802,6082,0,183,17,0.464756258234519,0.695076923076923,0.0466598226583113,0.326836540652975,4.36395238057745,5.27496027946472
3.5,7500,8e-05,"seasonal",5,0.4,2565,105.326050180044,NA,0.955199167168922,0.955,0.91,0.995,191,2477.59460440524,18466.3863013699,1534.16164383561,6649,6449,3040,2382,1016,11,852,17351.2665049898,6458,0,184,16,0.4721963342653,0.701000588581519,0.0491030438472594,0.34971650081429,4.20359877064624,4.64407396316528
3.5,7500,8e-05,"constant",1,0,2566,105.326050180044,NA,0.998435428195715,1,0.995,1,200,2176.636014191,19681.8356164384,318.712328767124,1849,1649,784,691,173,1,62,19359.4379489165,1649,0,112,88,0.475728155339806,0.799768518518518,0.00320257231452683,0.0837828357138979,5.17394481217226,4.75061750411987
3.5,7500,8e-05,"constant",2,0,2567,105.326050180044,NA,0.998376801271163,1,0.99,1,199,2177.2484231001,19650.7506849315,349.797260273972,2056,1856,889,781,185,1,61,19299.0022726166,1857,0,126,74,0.479245283018868,0.808488612836439,0.00316078516072062,0.0945002066218252,5.30593063692473,4.81728482246399
3.5,7500,8e-05,"constant",3,0,2568,105.326050180044,NA,0.995423812393841,0.995,0.985,1,199,2183.51444633171,19679.7205479452,320.827397260273,1931,1731,820,718,193,0,77,19339.4219595218,1732,0,117,83,0.473714615829001,0.78814489571899,0.00398150472962243,0.0880093797968509,5.39542450171647,5.93239855766296
3.5,7500,8e-05,"constant",4,0,2569,105.326050180044,NA,0.995704892882582,0.995,0.985,1,198,2182.85442003178,19720.7205479452,279.827397260273,1693,1493,678,629,186,0,77,19406.0794638376,1495,0,111,89,0.454119223040857,0.771779141104294,0.00396782874889728,0.0758085890606959,5.33543182196464,5.5309431552887
3.5,7500,8e-05,"constant",5,0,2570,105.326050180044,NA,0.996460741877157,0.995,0.985,1,198,2181.94878691579,19713.8904109589,286.657534246573,1745,1545,731,640,174,0,59,19402.796733303,1547,0,117,83,0.473139158576052,0.786240786240786,0.00304079874726164,0.0784725879951137,5.38970658510948,5.51482343673706
3.5,7500,1e-04,"seasonal",1,0.4,2571,105.326050180044,NA,0.965106021587858,0.965,0.92,0.995,195,2453.38858254342,18950.2794520548,1050.26849315068,5943,5743,2846,1858,1032,7,870,17935.793310587,5748,0,174,26,0.496164574616457,0.642906574394464,0.048506357367893,0.303320065255119,5.4681255673696,4.6620569229126
3.5,7500,1e-04,"seasonal",2,0.4,2572,105.326050180044,NA,0.967431373623363,0.97,0.925,1,194,2449.55405840776,18813.3917808219,1187.15616438356,6119,5919,2924,2003,985,7,812,17795.5038734389,5925,0,186,14,0.494587280108254,0.670348058902276,0.0456295031472511,0.314935237038961,4.98586468872315,5.02603054046631
3.5,7500,1e-04,"seasonal",3,0.4,2573,105.326050180044,NA,0.966637170565996,0.97,0.93,0.995,191,2447.91228042299,18782.7534246575,1217.79452054794,5996,5796,2813,2017,961,5,789,17779.349730443,5805,0,186,14,0.485753755828009,0.677300201477502,0.0443773260531021,0.309060118543607,4.75942361556373,6.00762701034546
3.5,7500,1e-04,"seasonal",4,0.4,2574,105.326050180044,NA,0.971967563421182,0.975,0.935,1,194,2436.83527724508,18946.3835616438,1054.16438356164,5704,5504,2665,1893,943,3,772,17971.5000562053,5510,0,180,20,0.484457371387021,0.667489421720733,0.0429569038525218,0.290820672033409,5.22119707877434,5.72150754928589
3.5,7500,1e-04,"seasonal",5,0.4,2575,105.326050180044,NA,0.968740069037313,0.965,0.935,1,195,2446.5623908279,18873.0657534247,1127.48219178082,5904,5704,2752,1980,968,4,791,17864.8622687255,5709,0,186,14,0.48280701754386,0.671641791044776,0.0442768596870035,0.302494574786508,5.05905994931123,5.09835171699524
3.5,7500,1e-04,"constant",1,0,2576,105.326050180044,NA,0.998592679853159,1,0.995,1,200,2175.99069064709,19774.7589041096,225.78904109589,1650,1450,716,548,186,0,70,19479.6683552797,1450,0,116,84,0.493793103448276,0.746594005449591,0.00359349033686333,0.073325799168083,6.42192372562583,4.70847272872925
3.5,7500,1e-04,"constant",2,0,2577,105.326050180044,NA,0.995984055668183,0.995,0.985,1,200,2181.09325872555,19760.9232876712,239.624657534245,1761,1561,788,593,180,0,64,19456.0873537773,1561,0,116,84,0.504804612427931,0.767141009055627,0.00328945891515926,0.0789942846938686,6.51435464139127,5.70326542854309
3.5,7500,1e-04,"constant",3,0,2578,105.326050180044,NA,0.997010300805435,1,0.985,1,199,2179.98108158457,19782.9315068493,217.616438356163,1665,1465,729,546,190,0,77,19484.6137403437,1466,0,114,86,0.497610921501706,0.741847826086957,0.00395183610135253,0.0741042852770549,6.73202820093169,4.97031402587891
3.5,7500,1e-04,"constant",4,0,2579,105.326050180044,NA,0.995613938962249,0.995,0.99,1,198,2182.13585803518,19769.2520547945,231.295890410958,1709,1509,747,577,185,0,73,19463.9313989091,1511,0,114,86,0.495029821073559,0.757217847769029,0.00375052698778478,0.0764318243205132,6.52411072811913,5.31051182746887
3.5,7500,1e-04,"constant",5,0,2580,105.326050180044,NA,0.998031066790861,1,0.99,1,200,2177.43372527533,19789.6219178082,210.926027397261,1559,1359,655,510,194,0,68,19503.8052817195,1359,0,126,74,0.481972038263429,0.724431818181818,0.00348649912249354,0.0686723579482369,6.44301709357299,4.78446364402771
3.5,7500,2e-04,"seasonal",1,0.4,2581,105.326050180044,NA,0.990845159169361,0.99,0.97,1,199,2400.70814695085,19621.3589041096,379.189041095891,3594,3394,1760,789,840,5,664,18966.0612970364,3395,0,182,18,0.519327235172617,0.484346224677716,0.0350099047767897,0.173025732651419,8.95068061616714,4.47599697113037
3.5,7500,2e-04,"seasonal",2,0.4,2582,105.326050180044,NA,0.990445181085968,0.99,0.965,1,198,2400.59204865487,19609.0657534247,391.482191780822,3532,3332,1731,777,819,5,640,18973.4742473974,3334,0,186,14,0.520288548241659,0.486842105263158,0.0337313025361072,0.170023398458834,8.51124283544799,4.33375287055969
3.5,7500,2e-04,"seasonal",3,0.4,2583,105.326050180044,NA,0.990809270724892,0.995,0.97,1,198,2401.45627472467,19646.6931506849,353.854794520546,3710,3510,1870,822,816,2,647,18988.3896151982,3512,0,173,27,0.533067274800456,0.501831501831502,0.034073452942115,0.178757818074721,9.91932299449511,4.27160573005676
3.5,7500,2e-04,"seasonal",4,0.4,2584,105.326050180044,NA,0.990816393622267,0.995,0.97,1,196,2401.61271272807,19532.3917808219,468.156164383559,3885,3685,1904,923,852,6,672,18843.2394989512,3689,0,190,10,0.517531938026638,0.52,0.0356626576888439,0.188865759062957,7.87130509079634,4.38632202148438
3.5,7500,2e-04,"seasonal",5,0.4,2585,105.326050180044,NA,0.989652895731741,0.99,0.965,1,199,2402.73667963399,19591.4383561644,409.109589041094,3684,3484,1851,801,830,2,648,18944.0252914981,3485,0,185,15,0.531591039632395,0.491109748620478,0.0342060354137522,0.177883825405982,8.51605558345893,4.21157789230347
3.5,7500,2e-04,"constant",1,0,2586,105.326050180044,NA,0.999512355487371,1,0.995,1,200,2172.91978439538,19911.2465753425,89.301369863013,1177,977,498,302,177,0,54,19681.2980133737,977,0,123,77,0.509723643807574,0.630480167014614,0.0027437214742293,0.049067746527226,10.9404816689677,4.35859537124634
3.5,7500,2e-04,"constant",2,0,2587,105.326050180044,NA,0.999604953153252,1,0.995,1,200,2172.33930743521,19916.4821917808,84.0657534246566,1146,946,496,287,163,0,46,19694.0155821468,946,0,117,83,0.52431289640592,0.637777777777778,0.00233573492455751,0.0474983478955133,11.253096076131,4.33018970489502
3.5,7500,2e-04,"constant",3,0,2588,105.326050180044,NA,0.99954440852556,1,0.995,1,199,2172.55253520355,19916.4136986301,84.1342465753405,1137,937,482,280,174,1,58,19692.6377992626,938,0,118,82,0.514957264957265,0.616740088105727,0.00294526312783612,0.0470968325017529,11.1369631052788,4.36581134796143
3.5,7500,2e-04,"constant",4,0,2589,105.326050180044,NA,0.999661388417073,1,0.995,1,200,2172.77221248151,19917.4904109589,83.0575342465745,1152,952,506,270,176,0,58,19697.3008728228,952,0,118,82,0.531512605042017,0.605381165919282,0.00294456587602949,0.0477971863099879,11.4619342921231,4.41941499710083
3.5,7500,2e-04,"constant",5,0,2590,105.326050180044,NA,0.99929757273574,1,0.995,1,200,2173.0050413676,19926.8438356164,73.7041095890418,1060,860,435,263,162,0,52,19711.1993233752,860,0,110,90,0.505813953488372,0.618823529411765,0.0026380941690511,0.0431578631866864,11.6682774514905,4.65724658966064
3.5,10000,1e-05,"seasonal",1,0.4,2591,105.326050180044,NA,0.834457837926689,0.845,0.72125,0.89,173,4066.93110925429,12661.2931506849,7339.25479452055,3845,3645,1052,2197,394,2,244,11941.0918733231,3672,0,179,21,0.288772989294537,0.847935160169819,0.0204336422990855,0.290017769614738,0.496644428085715,3.64646148681641
3.5,10000,1e-05,"seasonal",2,0.4,2592,105.326050180044,NA,0.773507479042244,0.775,0.655,0.86,173,4392.97461591146,11388.0904109589,8612.45753424657,4217,4017,1122,2476,410,9,269,10595.900631255,4044,0,177,23,0.279940119760479,0.857934857934858,0.0253871765469869,0.355107823530133,0.466417394109266,3.52927422523499
3.5,10000,1e-05,"seasonal",3,0.4,2593,105.326050180044,NA,0.816566215549833,0.815,0.73,0.895,175,4169.32659470714,12372.5753424658,7627.97260273972,4041,3841,1110,2312,416,3,258,11618.4567058462,3866,0,186,14,0.2892131318395,0.847507331378299,0.0222060473720385,0.312465262323433,0.503541399535236,3.58925580978394
3.5,10000,1e-05,"seasonal",4,0.4,2594,105.326050180044,NA,0.806519368801709,0.825,0.645,0.89,178,4220.53996876884,12056.1780821918,7944.3698630137,4114,3914,1133,2351,425,5,269,11283.1885718647,3936,0,183,17,0.289843949859299,0.846902017291066,0.0238407785429348,0.326471620870786,0.492675953850319,3.49889516830444
3.5,10000,1e-05,"seasonal",5,0.4,2595,105.326050180044,NA,0.775893375705441,0.815,0.565,0.89,175,4413.00057257137,10416.4767123288,9584.07123287671,3778,3578,972,2215,384,7,228,9697.87486628234,3603,0,188,12,0.272192663119574,0.852250865717584,0.0235103054167787,0.345894307595922,0.373327776167419,3.24427771568298
3.5,10000,1e-05,"constant",1,0,2596,105.326050180044,NA,0.880445181085968,0.895,0.78,0.95,190,3582.35304750425,14969.7726027397,5030.77534246575,3670,3470,937,2417,114,2,16,14289.1814483422,3480,0,110,90,0.270184544405998,0.954958514421177,0.0011197282404064,0.232468461101614,0.689754513724566,11.5978727340698
3.5,10000,1e-05,"constant",2,0,2597,105.326050180044,NA,0.758868555147663,0.765,0.66,0.845,170,4286.56091912772,13330.6520547945,6669.89589041096,4639,4439,1242,3093,98,6,20,12498.0137264392,4469,0,114,86,0.280171441461764,0.969288624255719,0.0016002542834219,0.335242415872123,0.66552762935652,8.31124520301819
3.5,10000,1e-05,"constant",3,0,2598,105.326050180044,NA,0.781365130677771,0.795,0.665,0.86,172,4156.7912719851,13442.8438356164,6557.70410958904,4549,4349,1211,3028,105,5,20,12622.7781997931,4377,0,118,82,0.27877532228361,0.966485796361315,0.00158443725172385,0.325600747395671,0.663189422291965,5.7017662525177
3.5,10000,1e-05,"constant",4,0,2599,105.326050180044,NA,0.791199934250178,0.785,0.705,0.865,171,4107.43630458605,13876.8684931507,6123.67945205479,4241,4041,1069,2872,99,1,20,13097.5865087635,4070,0,109,91,0.26460396039604,0.966677886233591,0.00152699888537618,0.293293836574791,0.659897375693636,5.32253003120422
3.5,10000,1e-05,"constant",5,0,2600,105.326050180044,NA,0.775313955399704,0.775,0.69,0.85,170,4198.73207084543,13481.2931506849,6519.25479452055,4528,4328,1225,2999,99,5,16,12670.5615818524,4358,0,118,82,0.283368031459635,0.968043899289864,0.0012627696015397,0.323262757607091,0.66387955930756,5.69614720344543
3.5,10000,2e-05,"seasonal",1,0.4,2601,105.326050180044,NA,0.958795408470769,0.96,0.93,0.985,192,3353.10099309627,16988.5452054795,3012.00273972603,3988,3788,1354,1997,435,2,269,16279.7781217837,3796,0,176,24,0.357633386159535,0.821134868421053,0.0165235667211002,0.223444677227315,1.25763497822866,6.11245369911194
3.5,10000,2e-05,"seasonal",2,0.4,2602,105.326050180044,NA,0.965284367979837,0.965,0.945,0.985,193,3328.09492466166,17196.2547945205,2804.29315068493,3830,3630,1272,1889,465,4,297,16494.3926285445,3637,0,179,21,0.350799779371208,0.802463891248938,0.0180061192120542,0.211499541234926,1.29444384197615,6.72478485107422
3.5,10000,2e-05,"seasonal",3,0.4,2603,105.326050180044,NA,0.947377677935456,0.95,0.915,0.975,191,3402.82335214509,17036.597260274,2963.95068493151,4293,4093,1495,2112,479,7,325,16274.4261936645,4102,0,170,30,0.365883504650024,0.815129293708993,0.01996998211381,0.240775780358738,1.38092715941884,7.42087173461914
3.5,10000,2e-05,"seasonal",4,0.4,2604,105.326050180044,NA,0.95146731685935,0.95,0.925,0.98,194,3382.7648358994,16979.1753424658,3021.37260273972,4179,3979,1412,2122,440,5,276,16233.0906301354,3985,0,175,25,0.355309511826875,0.828259172521468,0.0170023075881575,0.234699266579415,1.31695110903962,5.74154376983643
3.5,10000,2e-05,"seasonal",5,0.4,2605,105.326050180044,NA,0.95986959618651,0.96,0.935,0.985,196,3350.82277108104,16961.2301369863,3039.31780821918,3982,3782,1336,1991,452,3,284,16246.9430440991,3786,0,175,25,0.353532680603334,0.81498158002456,0.0174802114606507,0.223214941924767,1.2443581878053,5.65719866752625
3.5,10000,2e-05,"constant",1,0,2606,105.326050180044,NA,0.985758314612898,0.99,0.95,1,200,2962.23235165196,17896.8,2103.74794520548,3502,3302,1148,2015,139,0,24,17279.0505401082,3302,0,115,85,0.347668079951545,0.935468895078923,0.00138896520640941,0.184502257386795,1.56957966733866,7.23481893539429
3.5,10000,2e-05,"constant",2,0,2607,105.326050180044,NA,0.992646704290176,1,0.965,1,200,2927.03929127171,18289.5260273973,1711.02191780822,2874,2674,910,1642,122,0,22,17768.2011651782,2674,0,100,100,0.340314136125654,0.930839002267574,0.00123816698131014,0.146203898121494,1.56280873562703,6.4736213684082
3.5,10000,2e-05,"constant",3,0,2608,105.326050180044,NA,0.983991288148595,0.985,0.955,1,200,2966.44394060599,17932.5068493151,2068.04109589041,3388,3188,1069,1981,137,1,29,17320.9712077765,3188,0,109,91,0.335425164731723,0.935316336166194,0.00167427101241182,0.177777709875614,1.54155543926818,6.55285048484802
3.5,10000,2e-05,"constant",4,0,2609,105.326050180044,NA,0.988501451975234,0.995,0.96,1,199,2947.87373732946,18024.3890410959,1976.15890410959,3173,2973,1024,1805,144,0,20,17460.7983356599,2974,0,125,75,0.34443323242516,0.926115956900975,0.00114542299931123,0.164998657830744,1.50443367373818,6.28624868392944
3.5,10000,2e-05,"constant",5,0,2610,105.326050180044,NA,0.987039614267711,0.995,0.955,1,200,2954.73838666374,18363.901369863,1636.64657534246,2879,2679,972,1590,116,1,18,17854.165399086,2679,0,99,101,0.362957430918596,0.93200468933177,0.00100816809958092,0.145884033356687,1.63688363777588,5.90858483314514
3.5,10000,3e-05,"seasonal",1,0.4,2611,105.326050180044,NA,0.964438386937702,0.965,0.94,0.99,191,3307.94555613391,17791.5205479452,2209.02739726027,4566,4366,1791,2083,489,3,313,17033.1382829855,4375,0,188,12,0.410497364198946,0.809875583203733,0.0183759442799016,0.245903658892454,1.97643542375929,6.73153972625732
3.5,10000,3e-05,"seasonal",2,0.4,2612,105.326050180044,NA,0.969150731466769,0.97,0.945,0.99,195,3282.5766725111,18092.901369863,1907.64657534246,3982,3782,1494,1804,482,2,312,17395.4205944894,3787,0,177,23,0.395238095238095,0.78915135608049,0.0179357548905048,0.209308607977487,1.98254752682428,5.88002681732178
3.5,10000,3e-05,"seasonal",3,0.4,2613,105.326050180044,NA,0.967809435099447,0.97,0.935,0.995,195,3296.56900032875,18030.9232876712,1969.62465753424,4267,4067,1683,1907,475,2,299,17317.1106163483,4072,0,183,17,0.414022140221402,0.800587741393787,0.0172661598475746,0.225834247921417,2.06486042121926,6.26559519767761
3.5,10000,3e-05,"seasonal",4,0.4,2614,105.326050180044,NA,0.981653334063887,0.985,0.96,0.995,195,3246.74135280259,18102.6109589041,1897.93698630137,3854,3654,1442,1770,439,3,265,17434.5534043879,3659,0,182,18,0.394960284853465,0.801267541874151,0.0151997010679554,0.202125539144963,1.92524832298083,6.54432225227356
3.5,10000,3e-05,"seasonal",5,0.4,2615,105.326050180044,NA,0.972910799408252,0.975,0.935,0.995,194,3273.99007917374,17761.8109589041,2238.73698630137,4682,4482,1795,2178,507,2,335,16971.295225569,4488,0,180,20,0.400669642857143,0.811173184357542,0.0197392123316132,0.252676937637946,2.00202168786461,5.23024439811707
3.5,10000,3e-05,"constant",1,0,2616,105.326050180044,NA,0.997969152375212,1,0.99,1,199,2900.02725439702,19097.7232876712,902.824657534245,2379,2179,870,1170,139,0,30,18677.8780870223,2180,0,110,90,0.399265718219367,0.893812070282659,0.00160617816757485,0.114149732256689,2.41353620751917,6.19145345687866
3.5,10000,3e-05,"constant",2,0,2617,105.326050180044,NA,0.99680044929045,0.995,0.99,1,200,2908.83290449838,19080.8465753425,919.701369863014,2456,2256,885,1227,143,1,29,18643.2369612012,2256,0,115,85,0.392461197339246,0.895620437956204,0.00155552386424914,0.118233747705689,2.45297014218433,7.04683613777161
3.5,10000,3e-05,"constant",3,0,2618,105.326050180044,NA,0.99999397293299,1,1,1,200,2892.73813763629,19240.8410958904,759.706849315069,2110,1910,772,1014,124,0,17,18865.5106045655,1910,0,107,93,0.404188481675393,0.89103690685413,0.000901115286849749,0.0992680096717784,2.51412765558452,7.07075810432434
3.5,10000,3e-05,"constant",4,0,2619,105.326050180044,NA,1,1,1,1,200,2893.9503339543,19199.3315068493,801.216438356165,2094,1894,707,1052,135,0,20,18810.4148039468,1894,0,115,85,0.373284054910243,0.886267902274642,0.00106324077424404,0.0986492680395836,2.36390556824554,6.07427310943604
3.5,10000,3e-05,"constant",5,0,2620,105.326050180044,NA,0.998257903676511,1,0.995,1,200,2900.27897320695,19043.1534246575,957.394520547943,2546,2346,944,1261,140,1,27,18597.6916958602,2346,0,114,86,0.402558635394456,0.900071377587437,0.00145179307419158,0.12319388221503,2.45040048762481,5.50805020332336
3.5,10000,5e-05,"seasonal",1,0.4,2621,105.326050180044,NA,0.99219385239165,0.995,0.975,1,199,3199.05976439647,19115.6520547945,884.895890410957,2995,2795,1226,1156,412,1,237,18595.8130198836,2796,0,177,23,0.438797423049392,0.737244897959184,0.0127448044216506,0.146267571306767,3.15856365736083,5.23266959190369
3.5,10000,5e-05,"seasonal",2,0.4,2622,105.326050180044,NA,0.987950249301408,0.99,0.97,1,199,3214.08447701496,19008.9068493151,991.641095890409,3337,3137,1405,1277,453,2,275,18441.619606774,3138,0,181,19,0.448165869218501,0.738150289017341,0.0149119223725332,0.16508050804158,3.16344291599093,5.72941422462463
3.5,10000,5e-05,"seasonal",3,0.4,2623,105.326050180044,NA,0.987190564900553,0.99,0.97,1,196,3214.44253465564,18959.602739726,1040.94520547945,3508,3308,1494,1357,454,3,285,18371.9129370436,3312,0,176,24,0.452042360060514,0.749309773605743,0.0155128102869108,0.174687204445501,3.17788100909342,5.53661823272705
3.5,10000,5e-05,"seasonal",4,0.4,2624,105.326050180044,NA,0.987599035669278,0.99,0.97,1,198,3211.35721549504,19118.1479452055,882.399999999998,3179,2979,1381,1149,445,4,273,18580.1482242435,2981,0,178,22,0.464201680672269,0.720828105395232,0.0146931012985024,0.155925145497558,3.37601994560291,6.36908102035522
3.5,10000,5e-05,"seasonal",5,0.4,2625,105.326050180044,NA,0.98020272861761,0.98,0.955,1,199,3233.83262314394,19071.0191780822,929.528767123287,3541,3341,1575,1287,478,1,311,18477.5029059932,3342,0,169,31,0.471556886227545,0.729178470254958,0.0168312786409643,0.17523971680763,3.59429435448217,6.55832457542419
3.5,10000,5e-05,"constant",1,0,2626,105.326050180044,NA,0.999567694920826,1,0.995,1,200,2894.76647334393,19640.0273972603,360.520547945205,1659,1459,680,639,140,0,27,19346.2835066129,1459,0,113,87,0.466072652501713,0.820282413350449,0.0013956168889374,0.0742870654143551,4.04692605821111,6.62563180923462
3.5,10000,5e-05,"constant",2,0,2627,105.326050180044,NA,1,1,1,1,200,2892.22586159662,19674.504109589,326.043835616438,1552,1352,606,614,132,0,15,19389.8639693615,1352,0,117,83,0.448224852071006,0.823056300268097,0.000773600063605499,0.0687183774731611,4.14668167991531,6.1246325969696
3.5,10000,5e-05,"constant",3,0,2628,105.326050180044,NA,0.999214015670374,1,0.995,1,199,2895.28603172429,19672.6849315069,327.863013698628,1566,1366,613,614,139,0,23,19386.2039049042,1367,0,117,83,0.448755490483163,0.815405046480744,0.00118641071314542,0.0694872105540956,4.16637419570488,6.17001605033875
3.5,10000,5e-05,"constant",4,0,2629,105.326050180044,NA,0.999303325845159,1,0.995,1,199,2894.69587282889,19699.3561643836,301.191780821919,1424,1224,541,552,131,0,23,19429.9463706577,1225,0,109,91,0.441993464052288,0.808199121522694,0.00118373975724059,0.0621847734402001,4.06385591485877,5.78117871284485
3.5,10000,5e-05,"constant",5,0,2630,105.326050180044,NA,0.99949016492247,1,0.995,1,198,2893.66136019944,19667.0794520548,333.468493150685,1540,1340,603,601,136,0,23,19385.2394914118,1342,0,115,85,0.45,0.815468113975577,0.00118646973694545,0.0682358559272404,4.01837063327746,6.31943845748901
3.5,10000,8e-05,"seasonal",1,0.4,2631,105.326050180044,NA,0.995413949920552,1,0.98,1,197,3187.47094624952,19606.6164383562,393.931506849316,2115,1915,893,641,380,1,210,19213.8121518914,1918,0,174,26,0.466562173458725,0.627815866797258,0.0109296374056269,0.0978241200377563,4.86125117362728,6.73528647422791
3.5,10000,8e-05,"seasonal",2,0.4,2632,105.326050180044,NA,0.993269957810531,0.995,0.98,1,198,3193.40420744069,19489.1698630137,511.378082191779,2580,2380,1122,812,443,3,268,19027.7316661643,2382,0,180,20,0.472023559108119,0.647011952191235,0.014084705665498,0.122221727079332,4.65409074592963,5.93020534515381
3.5,10000,8e-05,"seasonal",3,0.4,2633,105.326050180044,NA,0.993997315215605,0.995,0.975,1,200,3191.15393951016,19495.6630136986,504.884931506847,2647,2447,1163,809,471,4,294,19018.9735701854,2447,0,181,19,0.476054031927957,0.63203125,0.0154582474661452,0.125515095243522,4.84664890413116,6.57844924926758
3.5,10000,8e-05,"seasonal",4,0.4,2634,105.326050180044,NA,0.994010191222399,0.995,0.98,1,200,3191.23797216591,19392.3753424658,608.172602739724,3000,2800,1364,979,455,2,275,18882.1073079377,2800,0,182,18,0.487491065046462,0.682705718270572,0.0145640523864831,0.144386644263661,4.60395615880497,6.3366973400116
3.5,10000,8e-05,"seasonal",5,0.4,2635,105.326050180044,NA,0.993930743520903,0.995,0.98,1,198,3192.50475699962,19369.1369863014,631.410958904107,2797,2597,1155,986,455,1,271,18860.8605829414,2599,0,187,13,0.444915254237288,0.684247050659264,0.0143683793646778,0.134182540081064,4.11301065237673,5.54452276229858
3.5,10000,8e-05,"constant",1,0,2636,105.326050180044,NA,0.999706317462057,1,0.995,1,200,2894.01669360583,19880.6356164384,119.912328767121,1028,828,407,289,132,0,24,19676.4423209302,828,0,108,92,0.491545893719807,0.68646080760095,0.00121973269397745,0.04164856778097,6.90504478157572,6.03181791305542
3.5,10000,8e-05,"constant",2,0,2637,105.326050180044,NA,0.99999397293299,1,1,1,200,2892.24092214125,19850.0301369863,150.517808219178,1261,1061,521,404,136,0,19,19610.21203429,1061,0,117,83,0.491046182846371,0.748148148148148,0.0009688829456192,0.0534508004611566,7.04899979977795,4.99643731117249
3.5,10000,8e-05,"constant",3,0,2638,105.326050180044,NA,1,1,1,1,200,2892.69077886143,19860.4684931507,140.079452054793,1132,932,474,328,130,0,19,19646.8449110023,932,0,111,89,0.508583690987124,0.716157205240175,0.000967076397562435,0.0469273924893273,6.65336697373316,5.52615332603455
3.5,10000,8e-05,"constant",4,0,2639,105.326050180044,NA,0.999840282724234,1,0.995,1,200,2893.64895183826,19838.095890411,162.452054794521,1264,1064,508,416,140,0,14,19594.99544628,1064,0,126,74,0.477443609022556,0.748201438848921,0.000714468142561258,0.0536341797054374,6.54962475756806,5.94652628898621
3.5,10000,8e-05,"constant",5,0,2640,105.326050180044,NA,0.99999808229686,1,1,1,200,2892.53650293135,19853.1863013699,147.361643835615,1163,963,488,349,126,0,19,19633.7298425092,963,0,107,93,0.5067497403946,0.734736842105263,0.000967722391639662,0.0485060677606976,6.53494338780753,5.95562791824341
3.5,10000,1e-04,"seasonal",1,0.4,2641,105.326050180044,NA,0.993528573776779,0.995,0.98,1,198,3190.8301821818,19575.6465753425,424.901369863011,2463,2263,1130,701,431,1,254,19146.2107590499,2265,0,180,20,0.499557913351017,0.619257950530035,0.0132663326021282,0.115704990447314,5.32594187853429,5.83722352981567
3.5,10000,1e-04,"seasonal",2,0.4,2642,105.326050180044,NA,0.994425510930908,0.995,0.98,1,200,3187.67032902307,19591.6931506849,408.854794520546,2468,2268,1110,703,455,0,271,19149.5428645145,2268,0,184,16,0.489417989417989,0.607081174438687,0.0141517738526376,0.115763348402622,5.54720167256355,6.54589676856995
3.5,10000,1e-04,"seasonal",3,0.4,2643,105.326050180044,NA,0.994805490110131,0.995,0.98,1,199,3188.46152512191,19685.1945205479,315.353424657533,2077,1877,931,525,420,1,248,19302.9530751495,1878,0,174,26,0.496268656716418,0.555555555555556,0.0128477751064563,0.0954016480781885,5.95205205726998,6.25808811187744
3.5,10000,1e-04,"seasonal",4,0.4,2644,105.326050180044,NA,0.993936770587913,0.995,0.98,1,200,3191.37168785272,19629.504109589,371.043835616438,2328,2128,1068,617,442,1,265,19212.6029289718,2128,0,178,22,0.502115655853315,0.582625118035883,0.0137930295535537,0.108408240377324,5.73517141570247,5.83397841453552
3.5,10000,1e-04,"seasonal",5,0.4,2645,105.326050180044,NA,0.994640567640129,0.995,0.98,1,200,3187.00123089146,19630.7890410959,369.758904109589,2386,2186,1094,636,454,2,281,19201.6006382072,2186,0,175,25,0.500915750915751,0.58348623853211,0.0146341966638379,0.111355686998813,5.91196040366918,5.74232268333435
3.5,10000,1e-04,"constant",1,0,2646,105.326050180044,NA,0.999961371979618,1,1,1,200,2891.71368938688,19883.6739726027,116.873972602738,1149,949,483,328,138,0,17,19664.3243031956,949,0,121,79,0.50895679662803,0.703862660944206,0.000864509745561782,0.0477275980941754,8.11985747439005,6.07692313194275
3.5,10000,1e-04,"constant",2,0,2647,105.326050180044,NA,0.999818640074516,1,0.995,1,200,2892.58663854035,19894.3506849315,106.197260273973,1000,800,381,291,128,0,12,19689.8748384733,800,0,116,84,0.47625,0.694510739856802,0.000609450293536272,0.040212420735397,7.5331510241989,5.88379216194153
3.5,10000,1e-04,"constant",3,0,2648,105.326050180044,NA,1,1,1,1,200,2891.50088077366,19901.5835616438,98.9643835616444,964,764,368,267,129,0,21,19702.0751078502,764,0,108,92,0.481675392670157,0.674242424242424,0.00106587757304979,0.0383889049649522,7.71994906151372,5.77512812614441
3.5,10000,1e-04,"constant",4,0,2649,105.326050180044,NA,0.999961371979618,1,1,1,200,2891.72373349406,19909.2301369863,91.3178082191771,936,736,377,242,117,0,16,19721.537971895,736,0,101,99,0.512228260869565,0.674094707520891,0.000811295753039215,0.0369677780072821,8.05976418349293,6.39924383163452
3.5,10000,1e-04,"constant",5,0,2650,105.326050180044,NA,0.99987754095666,1,1,1,200,2892.26944797545,19923.4931506849,77.0547945205471,830,630,293,210,127,0,21,19741.3682585351,630,0,106,94,0.465079365079365,0.623145400593472,0.00106375605403748,0.0316209610049401,8.17600000000009,6.37797141075134
3.5,10000,2e-04,"seasonal",1,0.4,2651,105.326050180044,NA,0.998485288477344,1,0.99,1,200,3178.08246068709,19835.8273972603,164.720547945206,1757,1557,835,327,392,3,222,19511.3851437311,1557,0,173,27,0.537323037323037,0.454798331015299,0.0113779723153754,0.0784943309304583,9.45237263609598,6.05579853057861
3.5,10000,2e-04,"seasonal",2,0.4,2652,105.326050180044,NA,0.998920333132431,1,0.995,1,200,3175.82766752507,19841.3616438356,159.186301369864,1657,1457,777,323,357,0,181,19536.9018145811,1457,0,176,24,0.533287577213452,0.475,0.00926451909918046,0.0734324602390716,9.15279761802311,6.67656564712524
3.5,10000,2e-04,"seasonal",3,0.4,2653,105.326050180044,NA,0.998969097583694,1,0.99,1,200,3176.57107418772,19837.0657534247,163.482191780822,1603,1403,739,305,357,2,183,19537.6333214304,1403,0,176,24,0.527480371163455,0.460725075528701,0.00936653877106349,0.0707261858905613,8.58197449347253,6.45832395553589
3.5,10000,2e-04,"seasonal",4,0.4,2654,105.326050180044,NA,0.998458988548573,1,0.99,1,200,3177.63750095885,19814.6301369863,185.917808219176,1770,1570,818,357,392,3,213,19486.069805861,1570,0,182,18,0.522016592214422,0.476635514018692,0.010930885608135,0.0792343833392788,8.44459180666088,6.54831719398499
3.5,10000,2e-04,"seasonal",5,0.4,2655,105.326050180044,NA,0.99861103501178,1,0.99,1,200,3176.44795764616,19823.8547945205,176.693150684932,1721,1521,800,350,371,0,189,19507.4828759451,1521,0,182,18,0.525969756738987,0.485436893203884,0.00968858981970752,0.0767257435935424,8.60814351945168,5.15617680549622
3.5,10000,2e-04,"constant",1,0,2656,105.326050180044,NA,0.999976713604734,1,1,1,200,2889.90362966413,19962.3780821918,38.1698630136962,691,491,260,108,123,0,12,19810.8556603911,491,0,111,89,0.529531568228106,0.467532467532468,0.000605728505911648,0.0245962679385386,12.863551536033,6.61240315437317
3.5,10000,2e-04,"constant",2,0,2657,105.326050180044,NA,1,1,1,1,200,2890.51347076872,19967.1835616438,33.3643835616422,658,458,238,109,111,0,11,19817.022753748,458,0,100,100,0.519650655021834,0.495454545454545,0.00055507833526202,0.022937636576838,13.7272130070626,6.98304033279419
3.5,10000,2e-04,"constant",3,0,2658,105.326050180044,NA,1,1,1,1,200,2890.5254690154,19955.402739726,45.1452054794499,749,549,268,149,132,0,12,19787.6282631308,549,0,120,80,0.48816029143898,0.530249110320285,0.000606439530823355,0.0275113465340934,12.1607598009473,6.71039056777954
3.5,10000,2e-04,"constant",4,0,2659,105.326050180044,NA,1,1,1,1,200,2890.02613829379,19962.6054794521,37.9424657534255,701,501,256,128,117,0,10,19804.8610799816,501,0,107,93,0.510978043912176,0.522448979591837,0.000504926540994919,0.0250969243727073,13.2042024694921,6.33318495750427
3.5,10000,2e-04,"constant",5,0,2660,105.326050180044,NA,0.999993151060216,1,1,1,200,2890.2229683305,19961.0904109589,39.457534246576,726,526,276,125,125,0,14,19802.1707887458,526,0,111,89,0.524714828897338,0.5,0.00070699319530951,0.0263512658462395,13.33078739064,6.68588924407959
3.5,15000,1e-05,"seasonal",1,0.4,2661,105.326050180044,NA,0.996738808832393,1,0.98,1,200,4776.25375732837,17528.1369863014,2472.41095890411,2228,2028,642,1106,280,0,104,17092.6803318299,2028,0,176,24,0.316568047337278,0.797979797979798,0.0060844758095857,0.115699689110424,0.820251986303648,6.55441498756409
3.5,15000,1e-05,"seasonal",2,0.4,2662,105.326050180044,NA,0.995922963125308,0.995,0.99,1,200,4784.74020437236,17495.1589041096,2505.38904109589,2475,2275,754,1263,258,0,87,17027.0058504041,2275,0,171,29,0.331428571428571,0.830374753451677,0.00510953016427931,0.130035972377799,0.908042608426549,5.41505551338196
3.5,15000,1e-05,"seasonal",3,0.4,2663,105.326050180044,NA,0.988304476467043,0.995,0.96,1,199,4840.94945208482,16461.9369863014,3538.61095890411,2898,2698,879,1515,304,0,131,15921.6564524956,2699,0,174,26,0.325796886582654,0.832875206157229,0.00822778712697743,0.163953974689974,0.762446064665882,5.81172633171082
3.5,15000,1e-05,"seasonal",4,0.4,2664,105.326050180044,NA,0.993603364199222,0.995,0.98125,1,200,4797.0659799463,17003.597260274,2996.95068493151,2605,2405,787,1333,285,0,111,16513.2504043589,2405,0,174,26,0.327234927234927,0.823856613102596,0.00672187469347039,0.141440658890391,0.802482340497693,5.57493281364441
3.5,15000,1e-05,"seasonal",5,0.4,2665,105.326050180044,NA,0.996431702372473,1,0.985,1,199,4778.1547635746,17149.495890411,2851.05205479452,2509,2309,704,1311,294,0,114,16663.499779289,2310,0,181,19,0.304893893460372,0.816822429906542,0.00684129993758517,0.134697836878787,0.809876479146367,6.09999060630798
3.5,15000,1e-05,"constant",1,0,2666,105.326050180044,NA,0.98128266944277,0.985,0.955,0.995,198,4476.52262643143,17751.7232876712,2248.82465753425,2896,2696,879,1700,117,0,8,17210.8417821763,2698,0,111,89,0.326038575667656,0.935608145294441,0.000464823284139701,0.151985244264921,1.19884847000747,4.54331970214844
3.5,15000,1e-05,"constant",2,0,2667,105.326050180044,NA,0.984867404525779,0.99,0.945,1,200,4448.77349953427,17856.797260274,2143.75068493151,2752,2552,783,1654,115,0,11,17325.7679592274,2552,0,104,96,0.306818181818182,0.934991520633126,0.00063489249226275,0.142914765890154,1.19043693743778,6.22396302223206
3.5,15000,1e-05,"constant",3,0,2668,105.326050180044,NA,0.986411429510712,0.985,0.965,1,200,4439.51512410279,18000.9150684932,1999.63287671233,2553,2353,730,1508,115,0,13,17506.869388952,2353,0,102,98,0.310242243943901,0.929143561306223,0.000742565658723876,0.130715577016328,1.17671599992327,5.45733022689819
3.5,15000,1e-05,"constant",4,0,2669,105.326050180044,NA,0.974069366062134,0.975,0.945,0.995,198,4536.53701084872,17763.9698630137,2236.57808219178,2788,2588,845,1639,103,1,12,17242.477488407,2590,0,94,106,0.326633165829146,0.940872560275545,0.000695955671571456,0.14580074273784,1.15712481518367,4.88272619247437
3.5,15000,1e-05,"constant",5,0,2670,105.326050180044,NA,0.98258122842584,0.985,0.945,1,200,4467.8268785272,17842.9643835616,2157.58356164383,2641,2441,769,1547,125,0,11,17337.2967263507,2441,0,114,86,0.315034821794347,0.925239234449761,0.00063447030835443,0.136804622120349,1.13135826736659,5.33345341682434
3.5,15000,2e-05,"seasonal",1,0.4,2671,105.326050180044,NA,0.998943619527697,1,0.995,1,200,4758.87153854583,18632.0164383562,1368.53150684931,2621,2421,940,1216,264,1,89,18174.3346474581,2421,0,176,24,0.388429752066116,0.821621621621622,0.00489701558414121,0.129937626880582,1.76904951612968,4.25002551078796
3.5,15000,2e-05,"seasonal",2,0.4,2672,105.326050180044,NA,0.998306668127774,1,0.99,1,200,4764.04580981864,18765.9589041096,1234.58904109589,2387,2187,824,1099,264,0,86,18336.6085601993,2187,0,178,22,0.376771833561957,0.806309611151871,0.00469007121560461,0.116540807276364,1.77143966712899,4.47735333442688
3.5,15000,2e-05,"seasonal",3,0.4,2673,105.326050180044,NA,0.999599474001425,1,0.995,1,198,4755.7656388691,18943.3232876712,1057.22465753425,2135,1935,754,925,256,0,84,18553.4385774626,1937,0,174,26,0.389664082687338,0.783234546994073,0.00452746263983849,0.102252385739552,1.83026378188433,4.90772294998169
3.5,15000,2e-05,"seasonal",4,0.4,2674,105.326050180044,NA,0.998499534272095,1,0.995,1,200,4760.44299956167,18528.7671232877,1471.78082191781,2805,2605,1037,1293,275,0,99,18047.9185383404,2605,0,176,24,0.398080614203455,0.824617346938776,0.00548539709937673,0.14059219281384,1.76996463142219,4.55413842201233
3.5,15000,2e-05,"seasonal",5,0.4,2675,105.326050180044,NA,0.998593775683524,1,0.99,1,200,4762.2464812887,18647.1342465753,1353.41369863013,2535,2335,873,1185,277,0,104,18190.8995099121,2335,0,173,27,0.373875802997859,0.810533515731874,0.00571714444045669,0.125220313702028,1.72526700621058,4.87887859344482
3.5,15000,2e-05,"constant",1,0,2676,105.326050180044,NA,1,1,1,1,200,4332.06601364309,19360.1890410959,640.358904109587,1745,1545,569,857,119,0,11,19017.8391921042,1545,0,108,92,0.368284789644013,0.878073770491803,0.00057840430181821,0.0798029397709096,2.41270948226808,4.72468709945679
3.5,15000,2e-05,"constant",2,0,2677,105.326050180044,NA,1,1,1,1,200,4332.58113144485,19406.4246575342,594.123287671231,1663,1463,589,763,111,0,12,19089.3816877883,1463,0,99,101,0.402597402597403,0.872997711670481,0.000628621722602808,0.0753874052442737,2.46245186876024,4.4435863494873
3.5,15000,2e-05,"constant",3,0,2678,105.326050180044,NA,0.998860336419922,1,0.995,1,200,4340.33835022738,19324.2767123288,676.271232876712,1801,1601,618,864,119,0,17,18978.1763579901,1601,0,102,98,0.386008744534666,0.878942014242116,0.000895765730032471,0.0828491551758091,2.36739332115266,4.8719630241394
3.5,15000,2e-05,"constant",4,0,2679,105.326050180044,NA,1,1,1,1,200,4332.57012958194,19418.0383561644,582.509589041096,1590,1390,553,721,116,0,6,19114.3842479298,1390,0,110,90,0.397841726618705,0.861409796893668,0.000313899727146578,0.0715829258602085,2.38622681265756,4.61489105224609
3.5,15000,2e-05,"constant",5,0,2680,105.326050180044,NA,1,1,1,1,200,4332.16798586379,19278.7506849315,721.797260273972,1923,1723,653,949,121,0,10,18913.2117649131,1723,0,111,89,0.378990133488102,0.886915887850467,0.000528730927581085,0.0893730111540224,2.38709689663549,4.28743243217468
3.5,15000,3e-05,"seasonal",1,0.4,2681,105.326050180044,NA,0.9994098953482,1,0.995,1,200,4756.37836940442,19111.2,889.347945205478,2416,2216,977,977,262,0,83,18705.7646347906,2216,0,179,21,0.440884476534296,0.788539144471348,0.00443713484161077,0.115952949056051,2.49171318373936,4.74734210968018
3.5,15000,3e-05,"seasonal",2,0.4,2682,105.326050180044,NA,0.999442496301573,1,0.995,1,200,4755.71053914854,19223.3068493151,777.241095890411,2324,2124,948,918,258,0,86,18826.8551355418,2124,0,172,28,0.446327683615819,0.780612244897959,0.00456794294006369,0.110490875303053,2.73274278885979,4.89068007469177
3.5,15000,3e-05,"seasonal",3,0.4,2683,105.326050180044,NA,0.999069366062134,1,0.995,1,199,4758.08128979234,19264.7506849315,735.797260273972,2157,1957,846,862,249,0,77,18891.8685348643,1958,0,173,27,0.432294328053143,0.775877587758776,0.0040758276428771,0.101636404852699,2.6597000364901,4.0929217338562
3.5,15000,3e-05,"seasonal",4,0.4,2684,105.326050180044,NA,0.998243109966577,1,0.99,1,200,4761.57125472577,19106.8465753425,893.701369863014,2474,2274,941,1047,286,0,105,18674.3954302538,2274,0,181,19,0.413808267370273,0.785446361590398,0.00562267198379514,0.119014929597782,2.54447411258702,4.13603758811951
3.5,15000,3e-05,"seasonal",5,0.4,2685,105.326050180044,NA,0.999780833926908,1,0.995,1,200,4752.79204865487,19320.8301369863,679.717808219179,2059,1859,811,802,246,0,73,18960.9643354829,1859,0,173,27,0.436256051640667,0.765267175572519,0.00385001515262545,0.0962173978457206,2.73495850413346,4.72798871994019
3.5,15000,3e-05,"constant",1,0,2686,105.326050180044,NA,1,1,1,1,200,4331.86991178566,19768.9287671233,231.61917808219,1109,909,371,419,119,0,14,19534.9625695677,909,0,105,95,0.408140814081408,0.778810408921933,0.000716663773997179,0.0459812471736816,3.92454548680525,5.05571293830872
3.5,15000,3e-05,"constant",2,0,2687,105.326050180044,NA,1,1,1,1,200,4332.02033176264,19687.5205479452,313.027397260274,1403,1203,531,551,121,0,9,19415.0418719686,1203,0,112,88,0.44139650872818,0.819940476190476,0.000463558104038609,0.0611046981294736,3.84311408691086,4.2978732585907
3.5,15000,3e-05,"constant",3,0,2688,105.326050180044,NA,1,1,1,1,200,4332.00350364364,19693.202739726,307.345205479451,1378,1178,523,538,117,0,11,19426.1049455288,1178,0,106,94,0.443972835314092,0.821374045801527,0.000566248356571954,0.0598175936930606,3.83282374020558,4.22503900527954
3.5,15000,3e-05,"constant",4,0,2689,105.326050180044,NA,1,1,1,1,200,4332.44770176977,19759.1452054795,241.402739726025,1091,891,362,417,112,0,11,19528.6474112822,891,0,101,99,0.40628507295174,0.7882797731569,0.000563275057833498,0.0450930437898151,3.69092745596517,4.21913266181946
3.5,15000,3e-05,"constant",5,0,2690,105.326050180044,NA,1,1,1,1,200,4331.60908196811,19813.9315068493,186.616438356163,947,747,306,344,97,0,11,19607.1022058028,747,0,86,114,0.409638554216867,0.780045351473923,0.000561021199590856,0.0377007460504128,4.00286280554947,4.32068967819214
3.5,15000,5e-05,"seasonal",1,0.4,2691,105.326050180044,NA,0.999955618870199,1,1,1,200,4753.33795052326,19607.8712328767,392.676712328768,1723,1523,721,558,244,0,65,19302.4298494615,1523,0,179,21,0.473407747866054,0.695760598503741,0.00336745168908429,0.0776728887043266,3.87850858526306,4.27073621749878
3.5,15000,5e-05,"seasonal",2,0.4,2692,105.326050180044,NA,0.999193194893431,1,0.995,1,200,4756.66004191551,19678.6054794521,321.942465753425,1492,1292,625,435,232,0,63,19411.1640361753,1292,0,169,31,0.48374613003096,0.652173913043478,0.00324555497458015,0.0656550588073467,4.01313941910831,4.26478052139282
3.5,15000,5e-05,"seasonal",3,0.4,2693,105.326050180044,NA,0.999794531806476,1,0.995,1,200,4753.17463015725,19690.2739726027,310.273972602739,1479,1279,610,439,230,0,59,19421.9283000138,1279,0,171,29,0.476935105551212,0.656203288490284,0.00303780340904451,0.0649559270622448,4.12216335540839,4.28665709495544
3.5,15000,5e-05,"seasonal",4,0.4,2694,105.326050180044,NA,0.999630431209249,1,0.995,1,200,4754.70731055833,19686.3178082192,314.230136986302,1474,1274,606,434,234,0,63,19415.6736252164,1274,0,171,29,0.475667189952904,0.649700598802395,0.00324480114448246,0.0647149971066756,4.05435332275446,4.20783996582031
3.5,15000,5e-05,"seasonal",5,0.4,2695,105.326050180044,NA,0.999681387321243,1,0.995,1,199,4754.00773628842,19680.5178082192,320.030136986301,1490,1290,616,431,243,0,71,19408.199862129,1291,0,173,27,0.477519379844961,0.63946587537092,0.00365824757083945,0.0655978675246461,4.03087038035802,4.26431894302368
3.5,15000,5e-05,"constant",1,0,2696,105.326050180044,NA,1,1,1,1,200,4331.38503123117,19876.6520547945,123.895890410957,975,775,376,295,104,0,10,19676.6747786117,775,0,94,106,0.485161290322581,0.739348370927318,0.000508215951755723,0.0389904697161039,6.25525186855966,4.32040429115295
3.5,15000,5e-05,"constant",2,0,2697,105.326050180044,NA,1,1,1,1,200,4331.43382198236,19849.9780821918,150.569863013698,1163,963,479,369,115,0,13,19624.9104848424,963,0,102,98,0.497403946002077,0.762396694214876,0.000662423403665497,0.0485139074719657,6.39570217256819,4.06460762023926
3.5,15000,5e-05,"constant",3,0,2698,105.326050180044,NA,1,1,1,1,200,4331.56385184373,19871.501369863,129.046575342465,1021,821,404,314,103,0,11,19665.7624797754,821,0,92,108,0.492082825822168,0.752997601918465,0.000559347750249328,0.0413154489295471,6.36204407456162,4.01239657402039
3.5,15000,5e-05,"constant",4,0,2699,105.326050180044,NA,1,1,1,1,200,4331.59114075941,19857.3452054795,143.202739726028,1041,841,402,323,116,0,8,19647.1596502571,841,0,108,92,0.478002378121284,0.735763097949886,0.000407183539117591,0.0423520864092111,5.87279266869461,10.1190814971924
3.5,15000,5e-05,"constant",5,0,2700,105.326050180044,NA,1,1,1,1,200,4331.99069475645,19856.9287671233,143.61917808219,1134,934,462,348,124,0,13,19636.7351423766,934,0,111,89,0.494646680942184,0.73728813559322,0.00066202451200483,0.0470364783473668,6.50330974227894,5.99653387069702
3.5,15000,8e-05,"seasonal",1,0.4,2701,105.326050180044,NA,0.999981644841379,1,1,1,200,4752.17311708947,19765.0246575342,235.523287671233,1437,1237,621,376,240,0,68,19502.1258296647,1237,0,172,28,0.502021018593371,0.61038961038961,0.00348679936710105,0.0625853001164088,5.25213456482796,6.36805248260498
3.5,15000,8e-05,"seasonal",2,0.4,2702,105.326050180044,NA,0.999953975124651,1,1,1,200,4751.84137088379,19836.4273972603,164.120547945204,1148,948,474,252,222,0,61,19614.5256201494,948,0,161,39,0.5,0.531645569620253,0.00310994011179841,0.0477908637989386,5.77624198717955,6.47624182701111
3.5,15000,8e-05,"seasonal",3,0.4,2703,105.326050180044,NA,0.999718645553668,1,0.995,1,200,4753.19665086845,19797.5287671233,203.019178082192,1238,1038,508,288,242,0,71,19558.621809868,1038,0,171,29,0.489402697495183,0.543396226415094,0.00363011262706548,0.0524307862971136,5.11281746781464,6.05316424369812
3.5,15000,8e-05,"seasonal",4,0.4,2704,105.326050180044,NA,0.99992575749274,1,1,1,200,4751.69965207386,19811.104109589,189.443835616439,1185,985,503,257,225,0,58,19587.5830646036,985,0,167,33,0.510659898477157,0.533195020746888,0.00296105955536754,0.049719591323698,5.19943019943018,5.13904666900635
3.5,15000,8e-05,"seasonal",5,0.4,2705,105.326050180044,NA,0.999922743959235,1,1,1,200,4751.935923785,19793.2575342466,207.290410958904,1284,1084,536,314,234,0,59,19553.0296698769,1084,0,175,25,0.494464944649447,0.572992700729927,0.003017435200382,0.0547661241776119,5.22937841159912,6.61749196052551
3.5,15000,8e-05,"constant",1,0,2706,105.326050180044,NA,1,1,1,1,200,4331.18826146512,19939.9616438356,60.5863013698618,782,582,303,171,108,0,7,19771.9870175866,582,0,101,99,0.520618556701031,0.612903225806452,0.000354036242982241,0.0291876188327536,9.60613186216896,5.51253771781921
3.5,15000,8e-05,"constant",2,0,2707,105.326050180044,NA,1,1,1,1,200,4330.35613528026,19929.202739726,71.3452054794507,865,665,344,206,115,0,9,19748.8254336125,665,0,106,94,0.517293233082707,0.641744548286604,0.000455723305178545,0.0333681185687583,9.32087861449271,6.82537531852722
3.5,15000,8e-05,"constant",3,0,2708,105.326050180044,NA,1,1,1,1,200,4331.83762834913,19940.3315068493,60.2164383561649,735,535,252,171,112,0,8,19771.9404721749,535,0,104,96,0.471028037383178,0.604240282685512,0.000404613801627535,0.026830045419066,8.88461713453744,6.17452025413513
3.5,15000,8e-05,"constant",4,0,2709,105.326050180044,NA,1,1,1,1,200,4331.2489011561,19927.8849315069,72.6630136986278,884,684,346,224,114,0,8,19741.7760886132,684,0,106,94,0.505847953216374,0.662721893491124,0.000405232029990163,0.0343237630260784,9.41331724606018,6.23114109039307
3.5,15000,8e-05,"constant",5,0,2710,105.326050180044,NA,1,1,1,1,200,4330.58563366391,19943.2657534247,57.2821917808214,683,483,221,152,110,0,5,19782.2746289579,483,0,105,95,0.457556935817805,0.580152671755725,0.000252751520933839,0.0242187014891009,8.43193992730062,5.82100081443787
3.5,15000,1e-04,"seasonal",1,0.4,2711,105.326050180044,NA,0.999888225302723,1,1,1,200,4753.35242808613,19838.3452054795,162.202739726028,1116,916,455,238,222,1,46,19622.6593878324,916,0,177,23,0.497267759562842,0.517391304347826,0.002344228633379,0.0461732060064665,5.64725356394836,6.08065915107727
3.5,15000,1e-04,"seasonal",2,0.4,2712,105.326050180044,NA,0.999999726042409,1,1,1,200,4751.23762999288,19860.9561643836,139.591780821916,1078,878,440,218,220,0,49,19648.9827952267,878,0,171,29,0.501138952164009,0.497716894977169,0.00249376776959179,0.0442073378911388,6.28976860120514,6.17959380149841
3.5,15000,1e-04,"seasonal",3,0.4,2713,105.326050180044,NA,0.999987123993206,1,1,1,200,4751.09990822421,19827.0767123288,173.471232876713,1093,893,424,247,222,0,48,19610.4320803644,893,0,174,26,0.474804031354983,0.526652452025586,0.00244767681830231,0.0450394182136149,5.14782759764359,7.20746874809265
3.5,15000,1e-04,"seasonal",4,0.4,2714,105.326050180044,NA,0.999973700071229,1,1,1,200,4750.95305380527,19854.6876712329,145.860273972601,1180,980,509,246,225,0,60,19630.6351792597,980,0,165,35,0.519387755102041,0.522292993630573,0.00305644720367437,0.0493586208067078,6.71875880463577,7.99821805953979
3.5,15000,1e-04,"seasonal",5,0.4,2715,105.326050180044,NA,0.999958906361295,1,1,1,200,4750.57183578982,19800.8410958904,199.706849315069,1215,1015,523,264,228,0,47,19578.2512285159,1015,0,181,19,0.515270935960591,0.536585365853659,0.00240062298983804,0.0512604487397588,5.08244961793312,6.37195301055908
3.5,15000,1e-04,"constant",1,0,2716,105.326050180044,NA,1,1,1,1,200,4330.20301408142,19952.6219178082,47.9260273972614,719,519,262,137,120,0,9,19791.2446116947,519,0,111,89,0.504816955684008,0.533073929961089,0.00045474653952192,0.0260116190312201,10.8291888183843,6.01661062240601
3.5,15000,1e-04,"constant",2,0,2717,105.326050180044,NA,1,1,1,1,200,4330.55524875349,19958.1917808219,42.3561643835601,670,470,236,119,115,0,7,19803.1541408742,470,0,108,92,0.502127659574468,0.508547008547009,0.000353479044307988,0.0235492275633722,11.0963777490302,5.82426333427429
3.5,15000,1e-04,"constant",3,0,2718,105.326050180044,NA,1,1,1,1,200,4331.10504191551,19952.3287671233,48.2191780821922,665,465,220,127,118,0,4,19796.1978866984,465,0,114,86,0.473118279569892,0.518367346938776,0.000202059002586942,0.0233055502155823,9.64346590909082,6.63080787658691
3.5,15000,1e-04,"constant",4,0,2719,105.326050180044,NA,1,1,1,1,200,4330.18416826475,19945.3808219178,55.1671232876688,773,573,291,159,123,0,8,19776.7130749146,573,0,115,85,0.507853403141361,0.563829787234043,0.000404516158458478,0.0287284562333518,10.3866209773545,6.33057069778442
3.5,15000,1e-04,"constant",5,0,2720,105.326050180044,NA,1,1,1,1,200,4330.25407676292,19948.1643835616,52.3835616438337,762,562,284,165,113,0,9,19779.4144747084,562,0,104,96,0.505338078291815,0.593525179856115,0.000455018525017925,0.0281730182884957,10.728556485356,6.87729001045227
3.5,15000,2e-04,"seasonal",1,0.4,2721,105.326050180044,NA,0.99989370445455,1,1,1,200,4748.61987945866,19908.7397260274,91.8082191780813,1081,881,501,151,229,0,59,19707.14473837,881,0,170,30,0.568671963677639,0.397368421052632,0.00299383806143801,0.0442519221268556,9.59609071918839,6.63373064994812
3.5,15000,2e-04,"seasonal",2,0.4,2722,105.326050180044,NA,0.999989041696345,1,1,1,200,4749.11650923237,19884.901369863,115.646575342464,1150,950,509,205,236,0,56,19668.1967033722,950,0,180,20,0.53578947368421,0.464852607709751,0.00284723611648639,0.0477749415161693,8.21468337637124,7.40707516670227
3.5,15000,2e-04,"seasonal",3,0.4,2723,105.326050180044,NA,0.999997260424086,1,1,1,200,4749.2370316695,19884.5342465753,116.013698630137,1219,1019,558,215,246,0,66,19658.7175506251,1019,0,180,20,0.547595682041217,0.466377440347072,0.00335728919396888,0.051245857074852,8.78344550714372,5.84896969795227
3.5,15000,2e-04,"seasonal",4,0.4,2724,105.326050180044,NA,0.999993151060216,1,1,1,200,4748.65325927346,19905.5424657534,95.0054794520547,1005,805,435,143,227,0,53,19710.402093032,805,0,174,26,0.540372670807453,0.386486486486486,0.00268893550470675,0.0404409978469547,8.47319548980593,5.91073346138
3.5,15000,2e-04,"seasonal",5,0.4,2725,105.326050180044,NA,0.999999452084817,1,1,1,200,4748.30419319489,19891.4191780822,109.128767123286,1247,1047,606,198,243,0,67,19669.8901832956,1047,0,176,24,0.578796561604584,0.448979591836735,0.00340622135536369,0.0526357617134558,9.59417051616807,7.59827065467834
3.5,15000,2e-04,"constant",1,0,2726,105.326050180044,NA,1,1,1,1,200,4328.33784806312,19978.8849315069,21.6630136986278,527,327,167,54,106,0,4,19846.4061058765,327,0,102,98,0.510703363914373,0.3375,0.000201547825770612,0.0163672798117135,15.0948526621997,6.24943065643311
3.5,15000,2e-04,"constant",2,0,2727,105.326050180044,NA,1,1,1,1,200,4328.03606377733,19975.0301369863,25.5178082191778,578,378,201,59,118,0,3,19838.6636101923,378,0,115,85,0.531746031746032,0.333333333333333,0.000151219863340932,0.0189236260174689,14.813184453511,5.75488543510437
3.5,15000,2e-04,"constant",3,0,2728,105.326050180044,NA,1,1,1,1,200,4327.98006191442,19973.9095890411,26.6383561643815,583,383,194,66,123,0,7,19833.3431819701,383,0,116,84,0.506527415143603,0.349206349206349,0.000352941001210703,0.0191750142000311,14.3777640645902,6.1056797504425
3.5,15000,2e-04,"constant",4,0,2729,105.326050180044,NA,1,1,1,1,200,4328.03642293573,19981.2547945205,19.2931506849309,484,284,139,34,111,0,3,19854.6060759457,284,0,108,92,0.48943661971831,0.23448275862069,0.000151098439753714,0.0142133215816797,14.7202499289979,5.67255735397339
3.5,15000,2e-04,"constant",5,0,2730,105.326050180044,NA,1,1,1,1,200,4327.54202920388,19978.9589041096,21.5890410958891,533,333,161,53,119,0,11,19842.1953564877,333,0,108,92,0.483483483483483,0.308139534883721,0.000554374140682139,0.0166675351602782,15.4244923857877,6.18209004402161
3.5,30000,1e-05,"seasonal",1,0.4,2731,105.326050180044,NA,1,1,1,1,200,9485.11720946798,19049.4082191781,951.139726027395,1966,1766,680,855,231,0,62,18677.1503076144,1766,0,169,31,0.385050962627407,0.787292817679558,0.00331956422574399,0.0927062919583019,1.85671984007651,5.46019339561462
3.5,30000,1e-05,"seasonal",2,0.4,2732,105.326050180044,NA,1,1,1,1,200,9485.01830803792,19028.6109589041,971.936986301371,1958,1758,670,859,229,0,54,18659.2925339217,1758,0,175,25,0.381114903299204,0.789522058823529,0.00289400039695132,0.0923871954603904,1.80875923519479,5.26042437553406
3.5,30000,1e-05,"seasonal",3,0.4,2733,105.326050180044,NA,1,1,1,1,200,9483.92744808504,19144.0547945205,856.493150684932,1792,1592,620,760,212,0,45,18804.0484289283,1592,0,167,33,0.389447236180905,0.781893004115226,0.00239310168605882,0.0831589763551902,1.8587422429787,6.7073290348053
3.5,30000,1e-05,"seasonal",4,0.4,2734,105.326050180044,NA,1,1,1,1,200,9483.54049558928,19248.4082191781,752.139726027395,1617,1417,563,654,200,0,43,18936.5497389298,1417,0,157,43,0.397318278052223,0.765807962529274,0.00227074100577047,0.0736164769504513,1.88395846006462,7.35603260993958
3.5,30000,1e-05,"seasonal",5,0.4,2735,105.326050180044,NA,1,1,1,1,200,9485.36616048436,19000.4876712329,1000.0602739726,1937,1737,666,844,227,0,57,18635.4213908372,1737,0,170,30,0.383419689119171,0.788048552754435,0.00305869123131426,0.0914187061961495,1.73689531041965,5.7680926322937
3.5,30000,1e-05,"constant",1,0,2736,105.326050180044,NA,1,1,1,1,200,8652.25382965317,19614.1315068493,386.416438356162,1189,989,385,499,105,0,6,19358.6472616284,989,0,99,101,0.389282103134479,0.826158940397351,0.000309939011693904,0.0504228290533607,2.55941492605041,6.69705700874329
3.5,30000,1e-05,"constant",2,0,2737,105.326050180044,NA,1,1,1,1,200,8651.02256670867,19676.197260274,324.350684931505,1072,872,332,442,98,0,7,19438.5185244359,872,0,91,109,0.380733944954128,0.818518518518519,0.00036010974762302,0.0443175065011448,2.68844815352909,6.52435040473938
3.5,30000,1e-05,"constant",3,0,2738,105.326050180044,NA,1,1,1,1,200,8652.18043257904,19553.3616438356,447.186301369864,1285,1085,412,558,115,0,9,19280.2692692289,1085,0,106,94,0.379723502304147,0.829123328380386,0.000466798459830843,0.0554891798025971,2.42628183528056,5.815265417099
3.5,30000,1e-05,"constant",4,0,2739,105.326050180044,NA,1,1,1,1,200,8652.17786778807,19630.3945205479,370.153424657532,1176,976,384,499,93,0,8,19378.154170805,976,0,85,115,0.39344262295082,0.842905405405405,0.000412836017790216,0.0497188173665272,2.63674448211036,5.65764141082764
3.5,30000,1e-05,"constant",5,0,2740,105.326050180044,NA,1,1,1,1,200,8651.41756122952,19597.0082191781,403.539726027397,1203,1003,384,518,101,0,6,19338.507535601,1003,0,95,105,0.382851445663011,0.836833602584814,0.000310261791865498,0.051181281794761,2.48550498329849,6.29705500602722
3.5,30000,2e-05,"seasonal",1,0.4,2741,105.326050180044,NA,1,1,1,1,200,9484.73238041751,19683.6575342466,316.890410958902,1305,1105,498,392,215,0,50,19429.9252909109,1105,0,165,35,0.450678733031674,0.645799011532125,0.00257335009020284,0.0561379407296366,3.48700989927811,5.95186996459961
3.5,30000,2e-05,"seasonal",2,0.4,2742,105.326050180044,NA,1,1,1,1,200,9484.70932633828,19667.2712328767,333.276712328767,1303,1103,483,408,212,0,42,19411.0675172182,1103,0,170,30,0.437896645512239,0.658064516129032,0.00216371407511435,0.0560830217339035,3.3095621722046,6.56097888946533
3.5,30000,2e-05,"seasonal",3,0.4,2743,105.326050180044,NA,1,1,1,1,200,9483.04013506109,19604.9534246575,395.594520547944,1494,1294,592,473,229,0,55,19327.7144816606,1294,0,174,26,0.457496136012365,0.673789173789174,0.00284565461954581,0.0660037273219181,3.27102609562858,5.40097951889038
3.5,30000,2e-05,"seasonal",4,0.4,2744,105.326050180044,NA,1,1,1,1,200,9485.20794915347,19595.7452054795,404.802739726027,1486,1286,589,482,215,0,49,19317.3882746788,1286,0,166,34,0.45800933125972,0.691535150645624,0.00253657478450279,0.0656264911854642,3.17685596908354,6.74951529502869
3.5,30000,2e-05,"seasonal",5,0.4,2745,105.326050180044,NA,1,1,1,1,200,9485.53469015396,19636.9890410959,363.558904109588,1407,1207,550,439,218,0,48,19367.4348200905,1207,0,170,30,0.455675227837614,0.668188736681887,0.00247838706808028,0.061465634954219,3.3199571963617,6.11568975448608
3.5,30000,2e-05,"constant",1,0,2746,105.326050180044,NA,1,1,1,1,200,8651.68447564517,19912.0301369863,88.5178082191778,644,444,188,168,88,0,4,19751.4225442326,444,0,84,116,0.423423423423423,0.65625,0.000202517058760813,0.0222980779431062,5.01593983100685,6.22478580474854
3.5,30000,2e-05,"constant",2,0,2747,105.326050180044,NA,1,1,1,1,200,8651.24297134404,19866.0904109589,134.457534246576,889,689,317,269,103,0,3,19671.7923773156,689,0,100,100,0.460087082728592,0.723118279569892,0.000152502626220244,0.0346822140515338,5.12429447602744,6.36258244514465
3.5,30000,2e-05,"constant",3,0,2748,105.326050180044,NA,1,1,1,1,200,8651.08878910745,19886.6136986301,113.934246575343,795,595,261,235,99,0,7,19702.6555107372,595,0,92,108,0.438655462184874,0.703592814371258,0.000355282058105581,0.029919623773905,5.22231039292065,5.52787566184998
3.5,30000,2e-05,"constant",4,0,2749,105.326050180044,NA,1,1,1,1,200,8651.19922387814,19860.8575342466,139.690410958905,880,680,299,276,105,0,6,19663.1897273818,680,0,99,101,0.439705882352941,0.724409448818898,0.000305138692307116,0.0342381993741941,4.86790750583479,6.38771319389343
3.5,30000,2e-05,"constant",5,0,2750,105.326050180044,NA,1,1,1,1,200,8651.39943838694,19899.0739726027,101.47397260274,725,525,236,200,89,0,4,19729.1403524518,525,0,85,115,0.44952380952381,0.692041522491349,0.000202745782560308,0.026383137261705,5.17374048274743,6.21710991859436
3.5,30000,3e-05,"seasonal",1,0.4,2751,105.326050180044,NA,1,1,1,1,200,9483.62360582982,19798.3726027397,202.175342465755,1170,970,513,267,190,0,31,19582.7192427743,970,0,159,41,0.528865979381443,0.584245076586433,0.00158302836371606,0.0489939258879172,4.79781554055883,7.33994889259338
3.5,30000,3e-05,"seasonal",2,0.4,2752,105.326050180044,NA,1,1,1,1,200,9484.96392334667,19752.5589041096,247.989041095891,1194,994,458,330,206,0,32,19516.9795466777,994,0,174,26,0.460764587525151,0.615671641791045,0.00163959796768078,0.0503225938889971,4.00824163683768,6.92501521110535
3.5,30000,3e-05,"seasonal",3,0.4,2753,105.326050180044,NA,1,1,1,1,200,9484.4031343488,19742.5150684932,258.032876712328,1224,1024,466,326,232,0,57,19497.2186511112,1024,0,175,25,0.455078125,0.584229390681004,0.00292349391059177,0.0518677583097905,3.96848654732328,6.29393672943115
3.5,30000,3e-05,"seasonal",4,0.4,2754,105.326050180044,NA,1,1,1,1,200,9484.51248890472,19812.3726027397,188.175342465755,1060,860,404,261,195,0,36,19595.7906253048,860,0,159,41,0.469767441860465,0.572368421052632,0.00183712924312999,0.0434072191778321,4.57020557917416,5.82912635803223
3.5,30000,3e-05,"seasonal",5,0.4,2755,105.326050180044,NA,1,1,1,1,200,9482.87230809271,19758.3287671233,242.219178082192,1177,977,451,310,216,0,45,19522.818291942,977,0,171,29,0.461617195496418,0.5893536121673,0.00230499507433174,0.0494475019377991,4.03353693021151,6.22840166091919
3.5,30000,3e-05,"constant",1,0,2756,105.326050180044,NA,1,1,1,1,200,8651.07788751301,19940.101369863,60.4465753424665,658,458,228,139,91,0,3,19785.0197745758,458,0,88,112,0.497816593886463,0.604347826086956,0.000151629871194522,0.0229687899527036,7.57693876626016,6.12155270576477
3.5,30000,3e-05,"constant",2,0,2757,105.326050180044,NA,1,1,1,1,200,8651.51865486823,19952.9506849315,47.5972602739712,573,373,181,111,81,0,3,19809.4718293703,373,0,78,122,0.485254691689008,0.578125,0.000151442705077683,0.0186939769405479,7.83658550624556,5.55308628082275
3.5,30000,3e-05,"constant",3,0,2758,105.326050180044,NA,1,1,1,1,200,8651.56237329461,19934.7369863014,65.8109589041087,696,496,240,158,98,0,5,19771.28010841,496,0,93,107,0.483870967741935,0.6171875,0.000252892072368809,0.0248811910757006,7.53673868698233,5.74174356460571
3.5,30000,3e-05,"constant",4,0,2759,105.326050180044,NA,1,1,1,1,200,8651.25093118185,19926.3123287671,74.2356164383564,742,542,265,175,102,0,2,19757.5868679327,542,0,100,100,0.488929889298893,0.631768953068592,0.00010122693694168,0.0272002160288097,7.30107764983759,6.36123275756836
3.5,30000,3e-05,"constant",5,0,2760,105.326050180044,NA,1,1,1,1,200,8650.83688291053,19926.8109589041,73.7369863013701,712,512,253,162,97,0,4,19764.1759688902,512,0,93,107,0.494140625,0.625482625482625,0.000202386378581946,0.0256940260564482,6.94359812736864,5.79194498062134
3.5,30000,5e-05,"seasonal",1,0.4,2761,105.326050180044,NA,1,1,1,1,200,9481.3641808668,19872.4849315068,128.063013698629,918,718,356,162,200,0,29,19684.2561692141,718,0,171,29,0.495821727019499,0.447513812154696,0.00147325861595703,0.0361303582553808,5.6066148942088,6.20855522155762
3.5,30000,5e-05,"seasonal",2,0.4,2762,105.326050180044,NA,1,1,1,1,200,9483.53369678374,19885.7890410959,114.758904109589,897,697,362,141,194,0,38,19700.957808454,697,0,156,44,0.519368723098996,0.42089552238806,0.00192884023048329,0.0350501555940065,6.07360278845466,6.28506708145142
3.5,30000,5e-05,"seasonal",3,0.4,2763,105.326050180044,NA,1,1,1,1,200,9483.67129801107,19815.2931506849,185.254794520548,1166,966,483,262,221,0,39,19589.681126056,966,0,182,18,0.5,0.542443064182195,0.00199084404432324,0.0487502250233734,5.21443994202727,6.68840646743774
3.5,30000,5e-05,"seasonal",4,0.4,2764,105.326050180044,NA,1,1,1,1,200,9482.62429949044,19877.5753424658,122.972602739726,901,701,368,145,188,0,26,19697.8944355862,701,0,162,38,0.524964336661912,0.435435435435435,0.00131993803119527,0.0352658706065829,5.70045672273586,6.11188864707947
3.5,30000,5e-05,"seasonal",5,0.4,2765,105.326050180044,NA,1,1,1,1,200,9483.22928086132,19853.9698630137,146.57808219178,991,791,409,176,206,0,33,19660.2097135947,791,0,173,27,0.517067003792667,0.460732984293194,0.00167851719186805,0.0398408985939667,5.39644118801522,4.93818593025208
3.5,30000,5e-05,"constant",1,0,2766,105.326050180044,NA,1,1,1,1,200,8649.60355624349,19968.3534246575,32.194520547946,535,335,151,81,103,0,2,19826.918374782,335,0,101,99,0.450746268656716,0.440217391304348,0.000100872962817248,0.0167765460113668,10.405497404476,5.27828764915466
3.5,30000,5e-05,"constant",2,0,2767,105.326050180044,NA,1,1,1,1,200,8649.48257136595,19964.7342465753,35.8136986301361,565,365,188,87,90,0,1,19825.4608106047,365,0,89,111,0.515068493150685,0.491525423728814,5.04401894893206e-05,0.0182822368428275,10.1916309669525,6.1082820892334
3.5,30000,5e-05,"constant",3,0,2768,105.326050180044,NA,1,1,1,1,200,8649.71026820448,19966.4109589041,34.1369863013679,561,361,167,96,98,0,2,19821.5978268368,361,0,96,104,0.462603878116344,0.494845360824742,0.000100900039314296,0.0180803651063293,10.5750401284115,5.97054600715637
3.5,30000,5e-05,"constant",4,0,2769,105.326050180044,NA,1,1,1,1,200,8649.98792942852,19965.0904109589,35.457534246576,562,362,170,86,106,0,1,19823.0608106047,362,0,105,95,0.469613259668508,0.447916666666667,5.04462963391119e-05,0.0181316484197486,10.2093957657238,4.00538945198059
3.5,30000,5e-05,"constant",5,0,2770,105.326050180044,NA,1,1,1,1,200,8649.47371924826,19963.0328767123,37.5150684931505,589,389,190,94,105,0,2,19817.3074158779,389,0,103,97,0.488431876606684,0.472361809045226,0.000100921883989021,0.0194860170998257,10.3691667275251,5.01797533035278
3.5,30000,8e-05,"seasonal",1,0.4,2771,105.326050180044,NA,1,1,1,1,200,9482.49459426881,19920.8602739726,79.6876712328776,813,613,307,110,196,0,35,19743.3248419494,613,0,161,39,0.500815660685155,0.359477124183007,0.00177275105789852,0.0307717634464265,7.69253248985758,4.37218761444092
3.5,30000,8e-05,"seasonal",2,0.4,2772,105.326050180044,NA,1,1,1,1,200,9481.58815571749,19904.2547945205,96.2931506849309,959,759,415,132,212,0,42,19716.3195720127,759,0,170,30,0.546772068511199,0.383720930232558,0.00213021501536316,0.0381325504438853,7.88218055595077,4.51134705543518
3.5,30000,8e-05,"seasonal",3,0.4,2773,105.326050180044,NA,1,1,1,1,200,9481.69988192428,19921.904109589,78.6438356164363,840,640,335,103,202,0,43,19744.4401498887,640,0,159,41,0.5234375,0.337704918032787,0.00217782827335534,0.0321254432547915,8.13795506009428,5.51596188545227
3.5,30000,8e-05,"seasonal",4,0.4,2774,105.326050180044,NA,1,1,1,1,200,9480.13882499589,19908.3643835616,92.1835616438366,923,723,367,149,207,0,39,19715.6646876999,723,0,168,32,0.507607192254495,0.418539325842697,0.0019781225039971,0.0363163937564345,7.84304692840364,4.50799369812012
3.5,30000,8e-05,"seasonal",5,0.4,2775,105.326050180044,NA,1,1,1,1,200,9481.55016273081,19910.904109589,89.6438356164363,910,710,374,137,199,0,33,19723.2590286632,710,0,166,34,0.526760563380282,0.407738095238095,0.00167315147826442,0.0356588528623402,7.92023227383882,4.89323568344116
3.5,30000,8e-05,"constant",1,0,2776,105.326050180044,NA,1,1,1,1,200,8648.42390471755,19982.4383561644,18.1095890410943,469,269,140,42,87,0,0,19857.9292738246,269,0,87,113,0.520446096654275,0.325581395348837,0,0.0134618205849246,14.8540090771571,5.27144861221313
3.5,30000,8e-05,"constant",2,0,2777,105.326050180044,NA,1,1,1,1,200,8647.81287107556,19984.0520547945,16.495890410959,422,222,103,28,91,0,1,19863.293687317,222,0,90,110,0.463963963963964,0.235294117647059,5.03441179364182e-05,0.011108858173072,13.4578973592426,5.46021032333374
3.5,30000,8e-05,"constant",3,0,2778,105.326050180044,NA,1,1,1,1,200,8647.86395594762,19981.6383561644,18.9095890410936,461,261,134,43,84,0,0,19858.3265340986,261,0,84,116,0.513409961685824,0.338582677165354,0,0.0130619919822281,13.8025210084051,4.61459636688232
3.5,30000,8e-05,"constant",4,0,2779,105.326050180044,NA,1,1,1,1,200,8649.52064873158,19983.7780821918,16.7698630136983,423,223,97,42,84,0,0,19859.5210546465,223,0,84,116,0.434977578475336,0.333333333333333,0,0.011159051060456,13.2976637804283,4.26803803443909
3.5,30000,8e-05,"constant",5,0,2780,105.326050180044,NA,1,1,1,1,200,8647.9245561887,19980.9616438356,19.5863013698618,459,259,123,39,97,0,1,19855.2443722485,259,0,96,104,0.474903474903475,0.286764705882353,5.0364527439294e-05,0.0129623390814078,13.223527766122,4.34063363075256
3.5,30000,1e-04,"seasonal",1,0.4,2781,105.326050180044,NA,1,1,1,1,200,9480.38924415101,19919.0904109589,81.457534246576,892,692,384,113,195,0,33,19740.6480697591,692,0,162,38,0.554913294797688,0.366883116883117,0.00167167764114862,0.0347405421494187,8.49522400107622,4.58065533638
3.5,30000,1e-04,"seasonal",2,0.4,2782,105.326050180044,NA,1,1,1,1,200,9478.7761802093,19931.904109589,68.6438356164363,798,598,334,78,186,0,30,19766.9246922956,598,0,156,44,0.558528428093645,0.295454545454545,0.00151768676549331,0.0300021511598738,8.71163440431078,4.57036995887756
3.5,30000,1e-04,"seasonal",3,0.4,2783,105.326050180044,NA,1,1,1,1,200,9480.8440904608,19929.8109589041,70.7369863013701,839,639,366,80,193,0,34,19762.1330311967,639,0,159,41,0.572769953051643,0.293040293040293,0.00172046205469456,0.0320625218833053,9.03346372826211,4.107825756073
3.5,30000,1e-04,"seasonal",4,0.4,2784,105.326050180044,NA,1,1,1,1,200,9479.80167168922,19905.8876712329,94.6602739726004,988,788,433,142,213,0,43,19713.0264512586,788,0,170,30,0.549492385786802,0.4,0.00218129875218905,0.039586277839736,8.32450580301604,4.29158878326416
3.5,30000,1e-04,"seasonal",5,0.4,2785,105.326050180044,NA,1,1,1,1,200,9479.32906607857,19925.5123287671,75.0356164383556,881,681,382,96,203,0,43,19748.4428896147,681,0,160,40,0.560939794419971,0.321070234113712,0.00217738685730067,0.0341772893345793,9.0756900832482,4.72948288917542
3.5,30000,1e-04,"constant",1,0,2786,105.326050180044,NA,1,1,1,1,200,8647.72502383431,19984.1287671233,16.4191780821893,460,260,137,27,96,0,3,19861.8526512882,260,0,93,107,0.526923076923077,0.219512195121951,0.000151043311652271,0.0130103244944927,15.8351409978332,4.42398643493652
3.5,30000,1e-04,"constant",2,0,2787,105.326050180044,NA,1,1,1,1,200,8648.32405457235,19981.3698630137,19.1780821917819,485,285,139,43,103,0,6,19850.9760287517,285,0,97,103,0.487719298245614,0.294520547945205,0.000302252140716393,0.0142632863489278,14.8607142857135,4.7136447429657
3.5,30000,1e-04,"constant",3,0,2788,105.326050180044,NA,1,1,1,1,200,8647.86560243274,19984.5726027397,15.9753424657538,426,226,108,21,97,0,2,19864.5320734122,226,0,95,105,0.47787610619469,0.177966101694915,0.000100681958810241,0.011308723208272,14.1468015777736,4.36427783966064
3.5,30000,1e-04,"constant",4,0,2789,105.326050180044,NA,1,1,1,1,200,8646.57343652403,19987.8739726027,12.6739726027408,398,198,95,21,82,0,0,19871.9073560164,198,0,82,118,0.47979797979798,0.203883495145631,0,0.00990600602502284,15.6225680933839,4.4337329864502
3.5,30000,1e-04,"constant",5,0,2790,105.326050180044,NA,1,1,1,1,200,8647.14738452688,19988.1753424658,12.3726027397242,391,191,96,19,76,0,1,19873.893687317,191,0,75,125,0.50261780104712,0.2,5.03172662455255e-05,0.00955564961421026,15.4373339238286,4.01845455169678
3.5,30000,2e-04,"seasonal",1,0.4,2791,105.326050180044,NA,1,1,1,1,200,9475.37943509945,19945.4465753425,55.1013698630122,703,503,296,19,188,0,25,19801.3026248335,503,0,163,37,0.588469184890656,0.0917874396135266,0.00126254320100369,0.0252187885640943,9.12862967382681,3.90141010284424
3.5,30000,2e-04,"seasonal",2,0.4,2792,105.326050180044,NA,1,1,1,1,200,9476.32617609994,19943.0876712329,57.4602739726033,744,544,323,27,194,0,26,19793.0478602437,544,0,168,32,0.59375,0.122171945701357,0.00131359253933921,0.0272776216485624,9.46741048014104,3.83750820159912
3.5,30000,2e-04,"seasonal",3,0.4,2793,105.326050180044,NA,1,1,1,1,200,9475.18133965262,19944.9780821918,55.5698630136976,750,550,344,27,179,0,19,19801.2640890845,550,0,160,40,0.625454545454545,0.131067961165049,0.000959534700134309,0.0275758638457004,9.89745106739652,3.59735822677612
3.5,30000,2e-04,"seasonal",4,0.4,2794,105.326050180044,NA,1,1,1,1,200,9475.01487288368,19938.2739726027,62.2739726027394,737,537,311,36,190,0,18,19789.7298125784,537,0,172,28,0.579143389199255,0.15929203539823,0.000909562695927214,0.0269331237366832,8.62318521777392,3.91532135009766
3.5,30000,2e-04,"seasonal",5,0.4,2795,105.326050180044,NA,1,1,1,1,200,9475.4098249411,19940.2630136986,60.2849315068488,730,530,308,19,203,0,32,19790.9083138009,530,0,171,29,0.581132075471698,0.0855855855855856,0.00161690405981443,0.0265793886287206,8.79158334848217,4.10250926017761
3.5,30000,2e-04,"constant",1,0,2796,105.326050180044,NA,1,1,1,1,200,8642.86339899184,19989.9835616438,10.5643835616429,407,207,108,7,92,0,0,19875.471739578,207,0,92,108,0.521739130434783,0.0707070707070707,0,0.0103551861041639,19.5941390041511,4.01889228820801
3.5,30000,2e-04,"constant",2,0,2797,105.326050180044,NA,1,1,1,1,200,8642.99466138842,19990.3424657534,10.2054794520554,402,202,102,9,91,0,0,19875.1046162904,202,0,91,109,0.504950495049505,0.09,0,0.0101048794109484,19.7932885906028,4.08992719650269
3.5,30000,2e-04,"constant",3,0,2798,105.326050180044,NA,1,1,1,1,200,8644.04491973043,19988.6191780822,11.9287671232887,438,238,125,11,102,0,3,19870.1293636169,238,0,99,101,0.525210084033613,0.0973451327433628,0.00015098039600553,0.0119067754445475,19.9517684887442,3.94406914710999
3.5,30000,2e-04,"constant",4,0,2799,105.326050180044,NA,1,1,1,1,200,8643.94323132979,19990.2931506849,10.2547945205479,405,205,104,12,89,0,2,19874.5978268368,205,0,87,113,0.507317073170732,0.118811881188119,0.00010063096709808,0.0102549771759088,19.9906492118623,3.96495604515076
3.5,30000,2e-04,"constant",5,0,2800,105.326050180044,NA,1,1,1,1,200,8643.02806531149,19989.9260273973,10.6219178082174,394,194,104,1,89,0,0,19879.0498217698,194,0,89,111,0.536082474226804,0.0111111111111111,0,0.00970488833896197,18.2641217436192,3.99037981033325
