"time","S","I","result_id"
0,9990,10,1
0.01,9989.86235021568,10.0499734212507,1
0.02,9989.72412388864,10.1001944867707,1
0.03,9989.58531804428,10.1506644046513,1
0.04,9989.44592969437,10.201384388473,1
0.05,9989.30595583648,10.2523556575455,1
0.06,9989.16539345388,10.3035794369317,1
0.07,9989.0242395155,10.3550569574734,1
0.08,9988.88249097584,10.4067894558168,1
0.09,9988.74014477495,10.4587781744372,1
0.1,9988.5971978383,10.5110243616655,1
0.11,9988.45364707677,10.5635292717131,1
0.12,9988.30948938654,10.6162941646976,1
0.13,9988.16472164907,10.6693203066692,1
0.14,9988.01934073096,10.7226089696357,1
0.15,9987.87334348397,10.7761614315892,1
0.16,9987.72672674487,10.8299789765318,1
0.17,9987.57948733545,10.884062894502,1
0.18,9987.43162206238,10.9384144816005,1
0.19,9987.28312771717,10.9930350400169,1
0.2,9987.13400107613,11.0479258780563,1
0.21,9986.98423890024,11.1030883101653,1
0.22,9986.83383793514,11.158523656959,1
0.23,9986.68279491101,11.2142332452475,1
0.24,9986.53110654255,11.270218408063,1
0.25,9986.37876952885,11.3264804846863,1
0.26,9986.22578055338,11.3830208206741,1
0.27,9986.07213628387,11.4398407678858,1
0.28,9985.91783337226,11.4969416845111,1
0.29,9985.76286845464,11.5543249350966,1
0.3,9985.60723815114,11.611991890574,1
0.31,9985.45093906591,11.6699439282867,1
0.32,9985.29396778701,11.728182432018,1
0.33,9985.13632088633,11.7867087920185,1
0.34,9984.97799491954,11.8455244050335,1
0.35,9984.81898642603,11.9046306743315,1
0.36,9984.6592919288,11.9640290097315,1
0.37,9984.49890793439,12.0237208276315,1
0.38,9984.33783093283,12.0837075510361,1
0.39,9984.17605739755,12.1439906095852,1
0.4,9984.01358378532,12.204571439582,1
0.41,9983.85040653614,12.2654514840212,1
0.42,9983.6865220732,12.3266321926181,1
0.43,9983.52192680279,12.3881150218365,1
0.44,9983.35661711421,12.4499014349177,1
0.45,9983.19058937974,12.5119929019093,1
0.46,9983.0238399545,12.574390899694,1
0.47,9982.85636517641,12.6370969120182,1
0.48,9982.68816136612,12.7001124295217,1
0.49,9982.51922482692,12.7634389497663,1
0.5,9982.34955184464,12.8270779772651,1
0.51,9982.17913868762,12.8910310235122,1
0.52,9982.00798160658,12.9552996070114,1
0.53,9981.83607683457,13.0198852533066,1
0.54,9981.66342058692,13.0847894950105,1
0.55,9981.49000906107,13.1500138718351,1
0.56,9981.31583843661,13.2155599306206,1
0.57,9981.14090487508,13.2814292253664,1
0.58,9980.96520451998,13.3476233172598,1
0.59,9980.78873349665,13.4141437747072,1
0.6,9980.6114879122,13.4809921733634,1
0.61,9980.43346385541,13.5481700961625,1
0.62,9980.25465739668,13.6156791333478,1
0.63,9980.07506458791,13.6835208825022,1
0.64,9979.89468146246,13.7516969485793,1
0.65,9979.71350403503,13.8202089439333,1
0.66,9979.53152830161,13.88905848835,1
0.67,9979.34875023936,13.958247209078,1
0.68,9979.16516580656,14.0277767408587,1
0.69,9978.98077094251,14.0976487259582,1
0.7,9978.79556156745,14.1678648141978,1
0.71,9978.60953358246,14.2384266629855,1
0.72,9978.42268286942,14.3093359373469,1
0.73,9978.23500529088,14.3805943099569,1
0.74,9978.04649668997,14.452203461171,1
0.75,9977.85715289036,14.5241650790568,1
0.76,9977.66696969614,14.5964808594256,1
0.77,9977.47594289175,14.6691525058643,1
0.78,9977.28406824187,14.742181729767,1
0.79,9977.09134149135,14.815570250367,1
0.8,9976.89775836514,14.8893197947688,1
0.81,9976.70331456816,14.96343209798,1
0.82,9976.50800578526,15.0379089029437,1
0.83,9976.31182768108,15.1127519605707,1
0.84,9976.11477590002,15.1879630297716,1
0.85,9975.91684606609,15.2635438774897,1
0.86,9975.71803378289,15.339496278733,1
0.87,9975.51833463344,15.4158220166071,1
0.88,9975.31774418017,15.4925228823481,1
0.89,9975.11625796476,15.5696006753548,1
0.9,9974.91387150811,15.6470572032222,1
0.91,9974.7105803102,15.7248942817739,1
0.92,9974.50637985004,15.8031137350955,1
0.93,9974.30126558554,15.881717395568,1
0.94,9974.09523295346,15.9607071039001,1
0.95,9973.88827736927,16.0400847091625,1
0.96,9973.68039422711,16.1198520688207,1
0.97,9973.47157889966,16.2000110487687,1
0.98,9973.26182673804,16.2805635233626,1
0.99,9973.05113307177,16.361511375454,1
1,9972.83949320862,16.4428564964241,1
1.01,9972.62690243453,16.524600786217,1
1.02,9972.41335601354,16.6067461533743,1
1.03,9972.19884918767,16.6892945150685,1
1.04,9971.98337717685,16.7722477971372,1
1.05,9971.76693517878,16.8556079341175,1
1.06,9971.54951836888,16.9393768692801,1
1.07,9971.33112190019,17.0235565546632,1
1.08,9971.11174090324,17.1081489511077,1
1.09,9970.89137048598,17.193156028291,1
1.1,9970.67000573369,17.2785797647618,1
1.11,9970.44764170886,17.364422147975,1
1.12,9970.2242734511,17.4506851743258,1
1.13,9969.99989597706,17.5373708491851,1
1.14,9969.77450428031,17.6244811869339,1
1.15,9969.54809333124,17.7120182109989,1
1.16,9969.32065807699,17.7999839538866,1
1.17,9969.09219344132,17.8883804572194,1
1.18,9968.86269432453,17.9772097717699,1
1.19,9968.63215560334,18.0664739574969,1
1.2,9968.40057213081,18.1561750835803,1
1.21,9968.16793873624,18.2463152284564,1
1.22,9967.93425022505,18.336896479854,1
1.23,9967.69950137869,18.4279209348294,1
1.24,9967.46368695455,18.5193906998021,1
1.25,9967.22680168584,18.6113078905907,1
1.26,9966.98884028149,18.7036746324487,1
1.27,9966.74979742608,18.7964930601,1
1.28,9966.50966777967,18.8897653177754,1
1.29,9966.26844597778,18.9834935592481,1
1.3,9966.02612663121,19.0776799478697,1
1.31,9965.782704326,19.1723266566069,1
1.32,9965.53817362326,19.2674358680771,1
1.33,9965.29252905915,19.3630097745852,1
1.34,9965.04576514469,19.4590505781594,1
1.35,9964.79787636572,19.555560490588,1
1.36,9964.54885718274,19.6525417334555,1
1.37,9964.29870203085,19.7499965381797,1
1.38,9964.04740531964,19.8479271460477,1
1.39,9963.79496143304,19.9463358082529,1
1.4,9963.54136472928,20.0452247859316,1
1.41,9963.28660954071,20.1445963501997,1
1.42,9963.03069017376,20.2444527821898,1
1.43,9962.77360090879,20.344796373088,1
1.44,9962.51533599999,20.4456294241707,1
1.45,9962.25588967529,20.5469542468416,1
1.46,9961.99525613622,20.6487731626692,1
1.47,9961.73342955785,20.7510885034235,1
1.48,9961.47040408863,20.8539026111133,1
1.49,9961.2061738503,20.9572178380237,1
1.5,9960.94073293779,21.0610365467528,1
1.51,9960.67407541909,21.1653611102498,1
1.52,9960.40619533517,21.2701939118519,1
1.53,9960.13708669983,21.3755373453218,1
1.54,9959.86674349963,21.4813938148855,1
1.55,9959.59515969375,21.5877657352695,1
1.56,9959.32232921388,21.6946555317387,1
1.57,9959.04824596413,21.8020656401336,1
1.58,9958.77290382088,21.9099985069088,1
1.59,9958.49629663273,22.0184565891698,1
1.6,9958.2184182203,22.1274423547114,1
1.61,9957.9392623762,22.2369582820555,1
1.62,9957.65882286486,22.3470068604885,1
1.63,9957.37709342246,22.4575905901,1
1.64,9957.09406775677,22.5687119818198,1
1.65,9956.80973954707,22.6803735574566,1
1.66,9956.52410244402,22.792577849736,1
1.67,9956.23715006956,22.9053274023381,1
1.68,9955.94887601678,23.0186247699359,1
1.69,9955.65927384979,23.1324725182335,1
1.7,9955.36833710365,23.246873224004,1
1.71,9955.07605928421,23.361829475128,1
1.72,9954.78243386802,23.4773438706317,1
1.73,9954.48745430219,23.5934190207249,1
1.74,9954.1911140043,23.7100575468397,1
1.75,9953.89340636225,23.8272620816687,1
1.76,9953.59432473419,23.9450352692029,1
1.77,9953.29386244834,24.0633797647707,1
1.78,9952.99201280294,24.1822982350758,1
1.79,9952.68876906606,24.301793358236,1
1.8,9952.38412447554,24.421867823821,1
1.81,9952.07807223886,24.5425243328916,1
1.82,9951.77060553297,24.6637655980374,1
1.83,9951.46171750424,24.785594343416,1
1.84,9951.1514012683,24.9080133047908,1
1.85,9950.83964990994,25.0310252295698,1
1.86,9950.52645648296,25.1546328768444,1
1.87,9950.21181401007,25.2788390174271,1
1.88,9949.89571548278,25.403646433891,1
1.89,9949.57815386125,25.5290579206074,1
1.9,9949.25912207421,25.655076283785,1
1.91,9948.93861301877,25.7817043415081,1
1.92,9948.61661956037,25.9089449237752,1
1.93,9948.29313453261,26.0368008725375,1
1.94,9947.96815073717,26.1652750417374,1
1.95,9947.64166094363,26.294370297347,1
1.96,9947.3136578894,26.424089517407,1
1.97,9946.98413427955,26.5544355920643,1
1.98,9946.65308278673,26.6854114236116,1
1.99,9946.32049605104,26.8170199265249,1
2,9945.98636667984,26.9492640275027,1
2.01,9945.65068724774,27.0821466655039,1
2.02,9945.31345029637,27.2156707917867,1
2.03,9944.9746483343,27.3498393699467,1
2.04,9944.63427383694,27.4846553759552,1
2.05,9944.29231924636,27.620121798198,1
2.06,9943.9487769712,27.7562416375133,1
2.07,9943.60363938653,27.8930179072304,1
2.08,9943.25689883373,28.0304536332076,1
2.09,9942.90854762037,28.1685518538708,1
2.1,9942.55857802006,28.3073156202513,1
2.11,9942.20698227235,28.4467479960245,1
2.12,9941.85375258258,28.5868520575478,1
2.13,9941.49888112177,28.7276308938984,1
2.14,9941.14236002648,28.869087606912,1
2.15,9940.78418139869,29.0112253112204,1
2.16,9940.42433730568,29.1540471342894,1
2.17,9940.06281977986,29.297556216457,1
2.18,9939.69962081871,29.4417557109712,1
2.19,9939.33473238458,29.5866487840276,1
2.2,9938.96814640461,29.7322386148076,1
2.21,9938.59985477059,29.8785283955156,1
2.22,9938.22984933881,30.025521331417,1
2.23,9937.85812192996,30.1732206408756,1
2.24,9937.48466432898,30.3216295553913,1
2.25,9937.10946828493,30.4707513196373,1
2.26,9936.73252551086,30.6205891914978,1
2.27,9936.35382768371,30.7711464421049,1
2.28,9935.97336644414,30.9224263558762,1
2.29,9935.5911333964,31.0744322305516,1
2.3,9935.20712010823,31.2271673772309,1
2.31,9934.82131811071,31.3806351204101,1
2.32,9934.43371889812,31.5348387980188,1
2.33,9934.04431392782,31.6897817614568,1
2.34,9933.65309462013,31.8454673756311,1
2.35,9933.26005235817,32.001899018992,1
2.36,9932.86517848774,32.15908008357,1
2.37,9932.46846431721,32.3170139750122,1
2.38,9932.06990111735,32.4757041126186,1
2.39,9931.66948012122,32.6351539293782,1
2.4,9931.26719252403,32.7953668720053,1
2.41,9930.86302948302,32.9563464009753,1
2.42,9930.45698211731,33.1180959905606,1
2.43,9930.04904150777,33.2806191288665,1
2.44,9929.63919869691,33.443919317867,1
2.45,9929.22744468869,33.6080000734396,1
2.46,9928.81377044846,33.7728649254015,1
2.47,9928.39816690277,33.9385174175446,1
2.48,9927.98062493928,34.1049611076702,1
2.49,9927.56113540657,34.2721995676246,1
2.5,9927.13968911406,34.4402363833337,1
2.51,9926.71627683185,34.6090751548375,1
2.52,9926.29088929059,34.778719496325,1
2.53,9925.86351718135,34.9491730361684,1
2.54,9925.43415115548,35.1204394169573,1
2.55,9925.00278182447,35.292522295533,1
2.56,9924.56939975984,35.4654253430222,1
2.57,9924.13399549298,35.6391522448709,1
2.58,9923.69655951501,35.8137067008782,1
2.59,9923.25708227669,35.9890924252291,1
2.6,9922.81555418822,36.1653131465285,1
2.61,9922.37196561917,36.3423726078338,1
2.62,9921.9263068983,36.5202745666879,1
2.63,9921.47856831344,36.6990227951518,1
2.64,9921.02874011135,36.8786210798376,1
2.65,9920.57681249761,37.05907322194,1
2.66,9920.12277563644,37.2403830372692,1
2.67,9919.66661965062,37.4225543562824,1
2.68,9919.20833462128,37.6055910241154,1
2.69,9918.74791058785,37.7894969006146,1
2.7,9918.28533754788,37.9742758603679,1
2.71,9917.82060545689,38.1599317927356,1
2.72,9917.35370422826,38.3464686018819,1
2.73,9916.88462373311,38.5338902068049,1
2.74,9916.41335380011,38.7222005413673,1
2.75,9915.93988421542,38.9114035543263,1
2.76,9915.46420472246,39.1015032093639,1
2.77,9914.98630502189,39.2925034851163,1
2.78,9914.50617477138,39.4844083752033,1
2.79,9914.0238035855,39.6772218882576,1
2.8,9913.53918103561,39.8709480479538,1
2.81,9913.05229664972,40.0655908930367,1
2.82,9912.56313991232,40.2611544773501,1
2.83,9912.07170026429,40.4576428698647,1
2.84,9911.57796710273,40.6550601547059,1
2.85,9911.08192978086,40.8534104311815,1
2.86,9910.58357760783,41.0526978138089,1
2.87,9910.08289984867,41.2529264323422,1
2.88,9909.57988572407,41.4541004317987,1
2.89,9909.0745244103,41.6562239724854,1
2.9,9908.56680503906,41.8593012300251,1
2.91,9908.05671669734,42.0633363953824,1
2.92,9907.54424842728,42.2683336748886,1
2.93,9907.02938922608,42.4742972902674,1
2.94,9906.51212804581,42.6812314786596,1
2.95,9905.99245379329,42.8891404926475,1
2.96,9905.47035533001,43.0980286002789,1
2.97,9904.94582147191,43.3079000850914,1
2.98,9904.41884098931,43.5187592461354,1
2.99,9903.88940260678,43.7306103979976,1
3,9903.35749500295,43.9434578708234,1
3.01,9902.82310681043,44.1573060103399,1
3.02,9902.28622661567,44.3721591778772,1
3.03,9901.74684295881,44.5880217503907,1
3.04,9901.20494433357,44.8048981204819,1
3.05,9900.6605191871,45.0227926964199,1
3.06,9900.11355591984,45.2417099021614,1
3.07,9899.56404288544,45.4616541773711,1
3.08,9899.01196839057,45.6826299774412,1
3.09,9898.45732069482,45.9046417735112,1
3.1,9897.90008801056,46.1276940524862,1
3.11,9897.34025850283,46.351791317056,1
3.12,9896.77782028917,46.5769380857127,1
3.13,9896.21276143953,46.8031388927686,1
3.14,9895.64506997612,47.0303982883733,1
3.15,9895.07473387331,47.2587208385305,1
3.16,9894.50174105744,47.4881111251143,1
3.17,9893.92607940676,47.7185737458852,1
3.18,9893.34773675127,47.9501133145053,1
3.19,9892.76670087259,48.1827344605533,1
3.2,9892.18295950384,48.4164418295391,1
3.21,9891.59650032951,48.6512400829176,1
3.22,9891.00731098535,48.8871338981023,1
3.23,9890.41537905821,49.1241279684782,1
3.24,9889.82069208596,49.3622270034145,1
3.25,9889.22323755733,49.6014357282763,1
3.26,9888.62300291177,49.8417588844364,1
3.27,9888.0199755394,50.0832012292861,1
3.28,9887.41414278081,50.3257675362457,1
3.29,9886.80549192696,50.5694625947742,1
3.3,9886.19401021908,50.814291210379,1
3.31,9885.57968484852,51.0602582046245,1
3.32,9884.96250295664,51.3073684151404,1
3.33,9884.34245163468,51.5556266956293,1
3.34,9883.71951792368,51.8050379158742,1
3.35,9883.09368881427,52.0556069617444,1
3.36,9882.46495124665,52.3073387352024,1
3.37,9881.83329211042,52.5602381543082,1
3.38,9881.19869824446,52.814310153225,1
3.39,9880.56115643682,53.0695596822228,1
3.4,9879.92065342461,53.3259917076822,1
3.41,9879.27717589387,53.5836112120976,1
3.42,9878.63071047947,53.8424231940787,1
3.43,9877.98124376498,54.1024326683532,1
3.44,9877.32876228256,54.363644665767,1
3.45,9876.67325251284,54.626064233285,1
3.46,9876.01470088482,54.889696433991,1
3.47,9875.35309377575,55.1545463470861,1
3.48,9874.688417511,55.4206190678877,1
3.49,9874.02065836399,55.6879197078269,1
3.5,9873.34980255603,55.9564533944457,1
3.51,9872.67583625625,56.2262252713931,1
3.52,9871.99874558146,56.4972404984207,1
3.53,9871.31851659608,56.7695042513778,1
3.54,9870.63513531197,57.0430217222053,1
3.55,9869.9485876884,57.3177981189293,1
3.56,9869.25885963188,57.5938386656535,1
3.57,9868.56593699608,57.8711486025518,1
3.58,9867.86980558174,58.1497331858585,1
3.59,9867.17045113651,58.4295976878595,1
3.6,9866.46785935494,58.7107473968816,1
3.61,9865.76201587828,58.9931876172813,1
3.62,9865.05290629444,59.276923669433,1
3.63,9864.34051613789,59.561960889716,1
3.64,9863.6248308895,59.8483046305013,1
3.65,9862.90583597651,60.1359602601368,1
3.66,9862.18351677242,60.4249331629325,1
3.67,9861.45785859686,60.715228739144,1
3.68,9860.7288467155,61.0068524049559,1
3.69,9859.99646633999,61.2998095924641,1
3.7,9859.26070262785,61.5941057496566,1
3.71,9858.52154068235,61.8897463403948,1
3.72,9857.77896555246,62.1867368443924,1
3.73,9857.03296223271,62.4850827571946,1
3.74,9856.28351566317,62.7847895901557,1
3.75,9855.53061072929,63.0858628704157,1
3.76,9854.77423226184,63.3883081408769,1
3.77,9854.01436503685,63.6921309601783,1
3.78,9853.25099377549,63.9973369026701,1
3.79,9852.48410314398,64.3039315583866,1
3.8,9851.71367775355,64.6119205330185,1
3.81,9850.93970216032,64.9213094478838,1
3.82,9850.16216086523,65.2321039398985,1
3.83,9849.38103831395,65.5443096615453,1
3.84,9848.59631889684,65.8579322808422,1
3.85,9847.80798694882,66.1729774813094,1
3.86,9847.01602674933,66.4894509619354,1
3.87,9846.22042252226,66.8073584371426,1
3.88,9845.42115843583,67.1267056367508,1
3.89,9844.61821860257,67.4474983059406,1
3.9,9843.81158707924,67.7697422052151,1
3.91,9843.00124786672,68.093443110361,1
3.92,9842.18718491001,68.4186068124081,1
3.93,9841.36938209809,68.7452391175883,1
3.94,9840.54782326391,69.073345847293,1
3.95,9839.72249218431,69.4029328380292,1
3.96,9838.89337257995,69.7340059413756,1
3.97,9838.06044811524,70.0665710239361,1
3.98,9837.22370239832,70.4006339672929,1
3.99,9836.38311898096,70.7362006679587,1
4,9835.53868135852,71.0732770373268,1
4.01,9834.69037296991,71.4118690016213,1
4.02,9833.83817719751,71.7519825018445,1
4.03,9832.98207736713,72.0936234937248,1
4.04,9832.12205674798,72.4367979476618,1
4.05,9831.25809855257,72.7815118486714,1
4.06,9830.39018593672,73.1277711963291,1
4.07,9829.5183019995,73.4755820047117,1
4.08,9828.64242978314,73.8249503023385,1
4.09,9827.76255227306,74.1758821321107,1
4.1,9826.87865239778,74.5283835512498,1
4.11,9825.9907130289,74.8824606312342,1
4.12,9825.09871698108,75.2381194577349,1
4.13,9824.20264701194,75.5953661305501,1
4.14,9823.30248582213,75.9542067635378,1
4.15,9822.39821605519,76.3146474845476,1
4.16,9821.48982029761,76.6766944353505,1
4.17,9820.57728107876,77.0403537715683,1
4.18,9819.66058087086,77.4056316626006,1
4.19,9818.73970208896,77.7725342915513,1
4.2,9817.81462709095,78.1410678551525,1
4.21,9816.8853381775,78.5112385636883,1
4.22,9815.95181759207,78.8830526409163,1
4.23,9815.01404752085,79.2565163239881,1
4.24,9814.07201009282,79.6316358633677,1
4.25,9813.12568737968,80.0084175227492,1
4.26,9812.17506139586,80.3868675789724,1
4.27,9811.22011409851,80.7669923219375,1
4.28,9810.26082738749,81.1487980545174,1
4.29,9809.29718310538,81.5322910924694,1
4.3,9808.32916303748,81.9174777643447,1
4.31,9807.35674891178,82.3043644113969,1
4.32,9806.37992239902,82.6929573874879,1
4.33,9805.39866511263,83.0832630589938,1
4.34,9804.41295860879,83.4752878047078,1
4.35,9803.42278438642,83.8690380157419,1
4.36,9802.42812388719,84.2645200954274,1
4.37,9801.42895849554,84.6617404592135,1
4.38,9800.42526953869,85.0607055345638,1
4.39,9799.41703828668,85.4614217608516,1
4.4,9798.40424595238,85.863895589254,1
4.41,9797.38687369149,86.2681334826428,1
4.42,9796.36490260262,86.6741419154755,1
4.43,9795.33831372728,87.0819273736833,1
4.44,9794.30708804992,87.4914963545577,1
4.45,9793.27120649796,87.9028553666357,1
4.46,9792.23064994185,88.3160109295828,1
4.47,9791.1853991951,88.7309695740746,1
4.48,9790.13543501429,89.1477378416761,1
4.49,9789.08073809918,89.5663222847196,1
4.5,9788.02128909269,89.9867294661808,1
4.51,9786.95706858099,90.408965959553,1
4.52,9785.88805709357,90.833038348719,1
4.53,9784.81423510324,91.2589532278221,1
4.54,9783.73558302624,91.6867172011341,1
4.55,9782.65208122227,92.1163368829224,1
4.56,9781.56370999458,92.5478188973148,1
4.57,9780.47044959002,92.9811698781618,1
4.58,9779.37228019911,93.4163964688981,1
4.59,9778.26918195613,93.8535053224014,1
4.6,9777.16113493918,94.2925031008493,1
4.61,9776.04811917026,94.7333964755744,1
4.62,9774.93011461538,95.1761921269175,1
4.63,9773.80710118459,95.6208967440783,1
4.64,9772.67905873214,96.0675170249647,1
4.65,9771.54596705649,96.5160596760399,1
4.66,9770.4078059005,96.9665314121668,1
4.67,9769.26455495143,97.4189389564515,1
4.68,9768.11619384111,97.8732890400836,1
4.69,9766.96270214603,98.3295884021755,1
4.7,9765.80405938742,98.7878437895982,1
4.71,9764.64024503141,99.2480619568164,1
4.72,9763.47123848908,99.7102496657208,1
4.73,9762.29701911664,100.174413685458,1
4.74,9761.11756621553,100.640560792258,1
4.75,9759.93285903251,101.108697769263,1
4.76,9758.74287675984,101.578831406346,1
4.77,9757.54759853538,102.050968499936,1
4.78,9756.34700344275,102.525115852837,1
4.79,9755.14107051143,103.001280274043,1
4.8,9753.92977871694,103.479468578555,1
4.81,9752.71310698096,103.959687587191,1
4.82,9751.49103417151,104.4419441264,1
4.83,9750.26353910304,104.926245028065,1
4.84,9749.03060053668,105.412597129311,1
4.85,9747.79219718033,105.90100727231,1
4.86,9746.54830768882,106.391482304079,1
4.87,9745.29891066414,106.88402907628,1
4.88,9744.04398465555,107.378654445014,1
4.89,9742.78350815978,107.875365270619,1
4.9,9741.51745962123,108.374168417458,1
4.91,9740.24581743211,108.875070753709,1
4.92,9738.96855993265,109.37807915115,1
4.93,9737.68566541131,109.883200484947,1
4.94,9736.39711210493,110.39044163343,1
4.95,9735.10287819899,110.899809477877,1
4.96,9733.80294182774,111.41131090229,1
4.97,9732.49728107449,111.924952793165,1
4.98,9731.18587397174,112.440742039269,1
4.99,9729.86869850145,112.958685531405,1
5,9728.54573259525,113.478790162181,1
5.01,9727.21695413466,114.001062825775,1
5.02,9725.88234095132,114.52551041769,1
5.03,9724.5418708272,115.052139834522,1
5.04,9723.19552149488,115.580957973709,1
5.05,9721.84327063778,116.111971733289,1
5.06,9720.48509589036,116.645188011646,1
5.07,9719.12097483844,117.180613707265,1
5.08,9717.7508850194,117.718255718471,1
5.09,9716.3748039225,118.258120943178,1
5.1,9714.99270898905,118.800216278623,1
5.11,9713.60457761278,119.34454862111,1
5.12,9712.21038714006,119.891124865739,1
5.13,9710.81011487016,120.439951906141,1
5.14,9709.40373805558,120.99103663421,1
5.15,9707.99123390233,121.544385939822,1
5.16,9706.57257957018,122.100006710568,1
5.17,9705.147752173,122.657905831468,1
5.18,9703.71672877905,123.218090184692,1
5.19,9702.27948641127,123.780566649275,1
5.2,9700.83600204763,124.345342100831,1
5.21,9699.3862526214,124.91242341126,1
5.22,9697.9302150215,125.481817448457,1
5.23,9696.46786609281,126.053531076016,1
5.24,9694.99918263654,126.62757115293,1
5.25,9693.52414141051,127.203944533288,1
5.26,9692.04271912953,127.782658065975,1
5.27,9690.55489246573,128.363718594359,1
5.28,9689.06063804892,128.947132955986,1
5.29,9687.55993246695,129.53290798226,1
5.3,9686.05275226607,130.121050498131,1
5.31,9684.53907395128,130.711567321777,1
5.32,9683.01887398674,131.304465264276,1
5.33,9681.49212879609,131.899751129285,1
5.34,9679.9588147629,132.497431712712,1
5.35,9678.41890823103,133.097513802382,1
5.36,9676.87238550501,133.700004177702,1
5.37,9675.31922285044,134.304909609327,1
5.38,9673.75939649444,134.912236858817,1
5.39,9672.19288262601,135.521992678296,1
5.4,9670.61965739646,136.134183810099,1
5.41,9669.03969691985,136.74881698643,1
5.42,9667.45297727341,137.365898929004,1
5.43,9665.85947449794,137.985436348695,1
5.44,9664.25916459831,138.607435945172,1
5.45,9662.65202354387,139.23190440654,1
5.46,9661.03802726888,139.858848408975,1
5.47,9659.417151673,140.488274616354,1
5.48,9657.78937262176,141.120189679882,1
5.49,9656.154665947,141.754600237723,1
5.5,9654.51300744733,142.391512914614,1
5.51,9652.86437288868,143.030934321489,1
5.52,9651.20873800471,143.672871055094,1
5.53,9649.54607849733,144.317329697598,1
5.54,9647.87637003723,144.964316816204,1
5.55,9646.19958826432,145.61383896275,1
5.56,9644.5157087883,146.265902673321,1
5.57,9642.82470718914,146.920514467837,1
5.58,9641.12655901761,147.577680849659,1
5.59,9639.42123979584,148.237408305178,1
5.6,9637.70872501779,148.899703303402,1
5.61,9635.98899014986,149.564572295547,1
5.62,9634.26201063139,150.232021714618,1
5.63,9632.52776187523,150.902057974989,1
5.64,9630.78621926832,151.574687471978,1
5.65,9629.03735817223,152.249916581424,1
5.66,9627.28115392371,152.927751659253,1
5.67,9625.51758183536,153.608199041048,1
5.68,9623.7466171961,154.291265041609,1
5.69,9621.96823527185,154.976955954516,1
5.7,9620.1824113061,155.665278051682,1
5.71,9618.3891205205,156.356237582911,1
5.72,9616.5883381155,157.049840775445,1
5.73,9614.78003927093,157.746093833509,1
5.74,9612.96419914669,158.445002937858,1
5.75,9611.14079288331,159.146574245317,1
5.76,9609.30979560264,159.850813888313,1
5.77,9607.47118240847,160.557727974412,1
5.78,9605.62492838721,161.267322585848,1
5.79,9603.7710086085,161.97960377905,1
5.8,9601.90939812592,162.694577584165,1
5.81,9600.04007197766,163.412250004575,1
5.82,9598.16300518718,164.132627016417,1
5.83,9596.27817276391,164.855714568096,1
5.84,9594.38554970394,165.581518579791,1
5.85,9592.48511099072,166.310044942965,1
5.86,9590.57683159576,167.041299519866,1
5.87,9588.66068647937,167.775288143027,1
5.88,9586.73665059137,168.512016614763,1
5.89,9584.80469887179,169.25149070666,1
5.9,9582.86480625166,169.993716159071,1
5.91,9580.91694765371,170.738698680596,1
5.92,9578.96109799313,171.486443947568,1
5.93,9576.99723217834,172.23695760353,1
5.94,9575.02532511175,172.990245258713,1
5.95,9573.04535169053,173.746312489508,1
5.96,9571.05728680738,174.505164837934,1
5.97,9569.06110535133,175.266807811106,1
5.98,9567.05678220853,176.031246880694,1
5.99,9565.04429226306,176.798487482388,1
6,9563.0236103977,177.568535015346,1
6.01,9560.9947114948,178.341394841655,1
6.02,9558.95757043708,179.117072285772,1
6.03,9556.91216210843,179.895572633975,1
6.04,9554.85846139481,180.676901133805,1
6.05,9552.79644318504,181.461062993504,1
6.06,9550.72608237168,182.24806338145,1
6.07,9548.64735385189,183.037907425593,1
6.08,9546.56023252828,183.830600212879,1
6.09,9544.46469330981,184.626146788682,1
6.1,9542.36071111265,185.424552156221,1
6.11,9540.2482608611,186.225821275986,1
6.12,9538.12731748844,187.029959065148,1
6.13,9535.9978559379,187.836970396974,1
6.14,9533.8598511635,188.646860100239,1
6.15,9531.71327813104,189.459632958631,1
6.16,9529.55811181897,190.275293710152,1
6.17,9527.39432721938,191.093847046523,1
6.18,9525.22189933889,191.915297612577,1
6.19,9523.04080319963,192.739650005654,1
6.2,9520.85101384021,193.566908774993,1
6.21,9518.65250631667,194.397078421117,1
6.22,9516.44525570345,195.23016339522,1
6.23,9514.22923709436,196.066168098546,1
6.24,9512.00442560363,196.905096881768,1
6.25,9509.77079636683,197.746954044364,1
6.26,9507.52832454192,198.59174383399,1
6.27,9505.27698531024,199.439470445844,1
6.28,9503.01675387757,200.290138022039,1
6.29,9500.74760547512,201.14375065096,1
6.3,9498.46951536054,202.000312366628,1
6.31,9496.18245881906,202.859827148056,1
6.32,9493.88641116443,203.7222989186,1
6.33,9491.58134774006,204.587731545316,1
6.34,9489.26724392004,205.456128838305,1
6.35,9486.94407511024,206.327494550057,1
6.36,9484.61181674938,207.201832374797,1
6.37,9482.27044431012,208.079145947822,1
6.38,9479.91993330015,208.95943884484,1
6.39,9477.56025926333,209.842714581302,1
6.4,9475.19139778077,210.728976611737,1
6.41,9472.81332447195,211.618228329076,1
6.42,9470.42601499586,212.510473063981,1
6.43,9468.02944505213,213.405714084168,1
6.44,9465.62359038221,214.303954593729,1
6.45,9463.20842677044,215.205197732446,1
6.46,9460.7839300453,216.109446575109,1
6.47,9458.35007608051,217.016704130832,1
6.48,9455.90684079624,217.926973342356,1
6.49,9453.4542001603,218.840257085365,1
6.5,9450.99213018928,219.756558167786,1
6.51,9448.5206069498,220.675879329093,1
6.52,9446.03960655971,221.59822323961,1
6.53,9443.54910518925,222.523592499805,1
6.54,9441.04907906235,223.451989639592,1
6.55,9438.53950445779,224.383417117619,1
6.56,9436.02035771047,225.317877320562,1
6.57,9433.49161521266,226.255372562413,1
6.58,9430.95325341522,227.195905083768,1
6.59,9428.40524882888,228.139477051112,1
6.6,9425.84757802551,229.086090556102,1
6.61,9423.28021763937,230.035747614846,1
6.62,9420.70314436842,230.988450167181,1
6.63,9418.11633497557,231.944200075954,1
6.64,9415.51976629003,232.902999126294,1
6.65,9412.91341520856,233.864849024881,1
6.66,9410.2972586968,234.829751399226,1
6.67,9407.6712737906,235.797707796932,1
6.68,9405.03543759733,236.768719684964,1
6.69,9402.38972729721,237.742788448916,1
6.7,9399.73412014466,238.719915392276,1
6.71,9397.06859346965,239.700101735682,1
6.72,9394.39312467903,240.683348616191,1
6.73,9391.70769125792,241.669657086534,1
6.74,9389.01227077105,242.659028114372,1
6.75,9386.30684086415,243.651462581558,1
6.76,9383.59137926535,244.646961283387,1
6.77,9380.86586378654,245.64552492785,1
6.78,9378.13027232475,246.64715413489,1
6.79,9375.38458286362,247.65184943565,1
6.8,9372.62877347475,248.659611271725,1
6.81,9369.86282231912,249.670439994408,1
6.82,9367.08670764855,250.68433586394,1
6.83,9364.3004078071,251.701299048758,1
6.84,9361.50390123251,252.721329624739,1
6.85,9358.69716645766,253.744427574443,1
6.86,9355.88018211198,254.770592786362,1
6.87,9353.05292692297,255.799825054161,1
6.88,9350.2153797176,256.83212407592,1
6.89,9347.36751942382,257.867489453377,1
6.9,9344.50932507202,258.905920691168,1
6.91,9341.64077579651,259.947417196072,1
6.92,9338.76185083701,260.991978276246,1
6.93,9335.87252954015,262.039603140469,1
6.94,9332.97279136097,263.090290897382,1
6.95,9330.06261586442,264.144040554725,1
6.96,9327.14198272687,265.200851018577,1
6.97,9324.21087173766,266.260721092598,1
6.98,9321.26926280057,267.323649477263,1
6.99,9318.3171359354,268.389634769107,1
7,9315.35447127947,269.45867545996,1
7.01,9312.38124908919,270.530769936189,1
7.02,9309.3974497416,271.605916477937,1
7.03,9306.4030537359,272.68411325836,1
7.04,9303.39804169505,273.765358342873,1
7.05,9300.3823943673,274.849649688386,1
7.06,9297.35609262777,275.936985142548,1
7.07,9294.31911748002,277.027362442988,1
7.08,9291.27145005765,278.120779216557,1
7.09,9288.21307162586,279.217232978572,1
7.1,9285.14396358304,280.316721132062,1
7.11,9282.06410746239,281.419240967008,1
7.12,9278.97348493351,282.524789659596,1
7.13,9275.87207780396,283.633364271457,1
7.14,9272.75986802096,284.744961748922,1
7.15,9269.63683767291,285.859578922266,1
7.16,9266.50296899107,286.977212504964,1
7.17,9263.35824435116,288.097859092939,1
7.18,9260.20264627497,289.221515163816,1
7.19,9257.03615743205,290.348177076182,1
7.2,9253.85876064125,291.477841068837,1
7.21,9250.67043887247,292.610503260058,1
7.22,9247.47117524822,293.746159646856,1
7.23,9244.26095304529,294.884806104239,1
7.24,9241.03975569642,296.026438384479,1
7.25,9237.80756679194,297.171052116376,1
7.26,9234.56437008141,298.318642804528,1
7.27,9231.31014947534,299.469205828602,1
7.28,9228.04488904677,300.622736442606,1
7.29,9224.76857303302,301.779229774171,1
7.3,9221.4811858373,302.93868082382,1
7.31,9218.18271203042,304.101084464258,1
7.32,9214.87313635246,305.26643543965,1
7.33,9211.55244371445,306.434728364913,1
7.34,9208.22061920002,307.605957724999,1
7.35,9204.87764806716,308.780117874196,1
7.36,9201.52351574982,309.957203035418,1
7.37,9198.15820785966,311.137207299506,1
7.38,9194.78171018773,312.320124624531,1
7.39,9191.39400870615,313.505948835101,1
7.4,9187.99508956983,314.694673621669,1
7.41,9184.58493911811,315.886292539845,1
7.42,9181.16354387656,317.080799009718,1
7.43,9177.73089055858,318.278186315171,1
7.44,9174.28696606717,319.47844760321,1
7.45,9170.8317574966,320.681575883291,1
7.46,9167.36525213412,321.887564026652,1
7.47,9163.8874374617,323.096404765654,1
7.48,9160.39830115769,324.308090693121,1
7.49,9156.89783109853,325.522614261683,1
7.5,9153.38601536052,326.739967783132,1
7.51,9149.86284222145,327.960143427774,1
7.52,9146.32830016236,329.183133223791,1
7.53,9142.78237786923,330.408929056606,1
7.54,9139.22506423472,331.637522668251,1
7.55,9135.65634835981,332.868905656747,1
7.56,9132.07621955559,334.103069475482,1
7.57,9128.48466734493,335.340005432595,1
7.58,9124.88168146419,336.579704690372,1
7.59,9121.26725186492,337.822158264639,1
7.6,9117.64136871561,339.067357024169,1
7.61,9114.00402240333,340.315291690085,1
7.62,9110.3552035355,341.565952835281,1
7.63,9106.69490294155,342.819330883837,1
7.64,9103.02311167465,344.075416110451,1
7.65,9099.33982101339,345.334198639866,1
7.66,9095.64502246349,346.595668446314,1
7.67,9091.93870775951,347.859815352962,1
7.68,9088.22086886651,349.126629031361,1
7.69,9084.49149798179,350.396099000907,1
7.7,9080.75058753656,351.66821462831,1
7.71,9076.9981301976,352.942965127062,1
7.72,9073.23411886898,354.220339556922,1
7.73,9069.45854669376,355.500326823397,1
7.74,9065.67140705562,356.782915677246,1
7.75,9061.87269358057,358.068094713973,1
7.76,9058.06240013862,359.355852373342,1
7.77,9054.24052084543,360.646176938893,1
7.78,9050.40705006401,361.939056537465,1
7.79,9046.56198240635,363.234479138735,1
7.8,9042.70531273511,364.532432554752,1
7.81,9038.83703616523,365.832904439489,1
7.82,9034.95714806564,367.135882288404,1
7.83,9031.06564406084,368.441353438,1
7.84,9027.16252003259,369.749305065403,1
7.85,9023.24777212152,371.059724187946,1
7.86,9019.32139672877,372.372597662755,1
7.87,9015.38339051762,373.687912186358,1
7.88,9011.43375041507,375.005654294288,1
7.89,9007.47247361353,376.325810360705,1
7.9,9003.49955757235,377.648366598021,1
7.91,8999.51500001948,378.973309056542,1
7.92,8995.51879895301,380.30062362411,1
7.93,8991.51095264283,381.630296025764,1
7.94,8987.49145963214,382.9623118234,1
7.95,8983.46031873907,384.296656415453,1
7.96,8979.41752905824,385.633315036579,1
7.97,8975.36308996233,386.972272757354,1
7.98,8971.29700110359,388.313514483976,1
7.99,8967.21926241547,389.657024957984,1
8,8963.12987411406,391.002788755986,1
8.01,8959.02883669971,392.350790289392,1
8.02,8954.9161509585,393.701013804168,1
8.03,8950.79181796375,395.053443380587,1
8.04,8946.65583907758,396.408062933007,1
8.05,8942.50821595234,397.764856209647,1
8.06,8938.34895053216,399.123806792376,1
8.07,8934.17804505438,400.484898096524,1
8.08,8929.99550205104,401.848113370689,1
8.09,8925.80132435036,403.213435696565,1
8.1,8921.59551507815,404.580847988782,1
8.11,8917.37807765929,405.950332994753,1
8.12,8913.14901581913,407.321873294531,1
8.13,8908.90833358494,408.695451300691,1
8.14,8904.65603528729,410.071049258205,1
8.15,8900.39212556146,411.448649244345,1
8.16,8896.11660934886,412.828233168592,1
8.17,8891.82949189836,414.209782772555,1
8.18,8887.53077876767,415.593279629906,1
8.19,8883.22047582472,416.978705146328,1
8.2,8878.89858924897,418.366040559471,1
8.21,8874.56512553276,419.755266938931,1
8.22,8870.22009148261,421.146365186225,1
8.23,8865.86349422056,422.539316034798,1
8.24,8861.49534118544,423.934100050031,1
8.25,8857.11564013415,425.330697629263,1
8.26,8852.72439914293,426.729089001833,1
8.27,8848.32162660863,428.129254229128,1
8.28,8843.90733124993,429.531173204649,1
8.29,8839.48152210859,430.934825654089,1
8.3,8835.04420855065,432.340191135424,1
8.31,8830.59540026763,433.747249039023,1
8.32,8826.13510727774,435.155978587762,1
8.33,8821.66333992702,436.566358837162,1
8.34,8817.18010889051,437.978368675535,1
8.35,8812.68542517339,439.391986824147,1
8.36,8808.17930011215,440.807191837394,1
8.37,8803.66174537562,442.223962102993,1
8.38,8799.13277296615,443.642275842188,1
8.39,8794.59239522063,445.062111109969,1
8.4,8790.0406248116,446.483445795306,1
8.41,8785.47747474828,447.906257621401,1
8.42,8780.90295837762,449.330524145948,1
8.43,8776.31708938528,450.756222761417,1
8.44,8771.71988179668,452.183330695343,1
8.45,8767.11134997795,453.611825010641,1
8.46,8762.49150863694,455.041682605924,1
8.47,8757.86037282411,456.472880215847,1
8.48,8753.2179579335,457.90539441146,1
8.49,8748.56427970366,459.33920160058,1
8.5,8743.89935421853,460.774278028174,1
8.51,8739.22319790829,462.210599776763,1
8.52,8734.53582755031,463.648142766837,1
8.53,8729.83726026988,465.086882757291,1
8.54,8725.12751354113,466.526795345866,1
8.55,8720.40660518781,467.967855969622,1
8.56,8715.67455338403,469.410039905412,1
8.57,8710.93137665513,470.853322270381,1
8.58,8706.17709387831,472.297678022475,1
8.59,8701.41172428346,473.743081960973,1
8.6,8696.63528745384,475.189508727028,1
8.61,8691.84780332673,476.636932804228,1
8.62,8687.04929219417,478.085328519174,1
8.63,8682.23977470356,479.53467004207,1
8.64,8677.41927185833,480.984931387336,1
8.65,8672.58780501853,482.436086414228,1
8.66,8667.74539590141,483.888108827487,1
8.67,8662.89206658202,485.340972177991,1
8.68,8658.02783949372,486.794649863433,1
8.69,8653.15273742876,488.249115129012,1
8.7,8648.26678353874,489.704341068142,1
8.71,8643.37000133512,491.160300623173,1
8.72,8638.46241468968,492.616966586137,1
8.73,8633.54404783495,494.074311599501,1
8.74,8628.61492536464,495.532308156948,1
8.75,8623.67507223404,496.990928604162,1
8.76,8618.72451376041,498.450145139638,1
8.77,8613.76327562328,499.90992981551,1
8.78,8608.79138386485,501.370254538389,1
8.79,8603.80886489026,502.831091070224,1
8.8,8598.81574546787,504.292411029173,1
8.81,8593.81205272953,505.754185890502,1
8.82,8588.79781417085,507.216386987489,1
8.83,8583.77305765137,508.678985512351,1
8.84,8578.73781139477,510.141952517187,1
8.85,8573.69210398904,511.605258914939,1
8.86,8568.63596438666,513.068875480365,1
8.87,8563.56942190464,514.532772851037,1
8.88,8558.4925062247,515.996921528346,1
8.89,8553.4052473933,517.461291878535,1
8.9,8548.30767582171,518.925854133738,1
8.91,8543.19982228601,520.390578393044,1
8.92,8538.08171792711,521.855434623572,1
8.93,8532.95339425075,523.320392661567,1
8.94,8527.81488312738,524.785422213512,1
8.95,8522.66621679216,526.250492857256,1
8.96,8517.50742784484,527.715574043155,1
8.97,8512.33854924962,529.180635095238,1
8.98,8507.159614335,530.645645212383,1
8.99,8501.97065679365,532.110573469513,1
9,8496.77171068215,533.575388818806,1
9.01,8491.56281042083,535.040060090924,1
9.02,8486.34399079346,536.504555996258,1
9.03,8481.11528694702,537.968845126187,1
9.04,8475.87673439137,539.43289595436,1
9.05,8470.62836899896,540.896676837982,1
9.06,8465.37022700443,542.360156019134,1
9.07,8460.10234500427,543.823301626092,1
9.08,8454.8247599564,545.286081674675,1
9.09,8449.53750917973,546.748464069599,1
9.1,8444.24063035372,548.210416605859,1
9.11,8438.93416151793,549.671906970112,1
9.12,8433.61814107141,551.132902742092,1
9.13,8428.29260777228,552.593371396027,1
9.14,8422.9576007371,554.053280302084,1
9.15,8417.61315944029,555.512596727817,1
9.16,8412.25932371356,556.971287839644,1
9.17,8406.89613374519,558.429320704329,1
9.18,8401.52363007943,559.886662290486,1
9.19,8396.1418536158,561.343279470093,1
9.2,8390.75084560831,562.799139020029,1
9.21,8385.35064766479,564.254207623617,1
9.22,8379.94130174606,565.708451872192,1
9.23,8374.52285016517,567.161838266676,1
9.24,8369.09533558653,568.614333219168,1
9.25,8363.65880102507,570.065903054558,1
9.26,8358.21328984541,571.516514012148,1
9.27,8352.75884576084,572.966132247285,1
9.28,8347.29551283251,574.414723833017,1
9.29,8341.82333546838,575.86225476176,1
9.3,8336.34235842226,577.308690946974,1
9.31,8330.8526267928,578.753998224862,1
9.32,8325.35418602244,580.198142356077,1
9.33,8319.84708189635,581.641089027445,1
9.34,8314.3313605413,583.082803853701,1
9.35,8308.80706842459,584.523252379241,1
9.36,8303.27425235286,585.962400079885,1
9.37,8297.73295947092,587.400212364653,1
9.38,8292.18323726055,588.836654577557,1
9.39,8286.62513353928,590.271691999402,1
9.4,8281.05869645912,591.70528984961,1
9.41,8275.48397450527,593.137413288037,1
9.42,8269.90101649482,594.568027416829,1
9.43,8264.30987157543,595.997097282267,1
9.44,8258.71058922391,597.424587876635,1
9.45,8253.1032192449,598.850464140105,1
9.46,8247.48781176941,600.274690962624,1
9.47,8241.86441725338,601.697233185816,1
9.48,8236.23308647622,603.1180556049,1
9.49,8230.59387053931,604.537122970617,1
9.5,8224.94682086448,605.954399991165,1
9.51,8219.29198919247,607.369851334148,1
9.52,8213.62942758134,608.783441628541,1
9.53,8207.95918840485,610.195135466655,1
9.54,8202.28132435091,611.604897406125,1
9.55,8196.59588841984,613.012691971894,1
9.56,8190.90293392274,614.418483658225,1
9.57,8185.20251447978,615.822236930707,1
9.58,8179.49468401847,617.223916228279,1
9.59,8173.77949677189,618.623485965265,1
9.6,8168.05700727694,620.020910533412,1
9.61,8162.32727037251,621.416154303945,1
9.62,8156.59034119766,622.809181629625,1
9.63,8150.84627518976,624.199956846818,1
9.64,8145.09512808263,625.588444277577,1
9.65,8139.33695590459,626.974608231722,1
9.66,8133.57181497658,628.358413008942,1
9.67,8127.7997619102,629.739822900893,1
9.68,8122.02085360568,631.118802193312,1
9.69,8116.23514724994,632.495315168134,1
9.7,8110.44270031454,633.869326105619,1
9.71,8104.64357055363,635.240799286484,1
9.72,8098.83781600185,636.609698994047,1
9.73,8093.0254949723,637.97598951637,1
9.74,8087.20666605434,639.339635148415,1
9.75,8081.38138811148,640.700600194204,1
9.76,8075.54972027925,642.058848968985,1
9.77,8069.71172196293,643.414345801407,1
9.78,8063.86745283542,644.767055035691,1
9.79,8058.01697283492,646.116941033821,1
9.8,8052.16034216274,647.463968177729,1
9.81,8046.297621281,648.808100871488,1
9.82,8040.42887091031,650.149303543511,1
9.83,8034.55415202745,651.487540648754,1
9.84,8028.67352586305,652.822776670924,1
9.85,8022.78705389917,654.154976124687,1
9.86,8016.89479786697,655.484103557886,1
9.87,8010.99681974427,656.810123553756,1
9.88,8005.09318175309,658.133000733148,1
9.89,7999.18394635727,659.452699756753,1
9.9,7993.26917625992,660.769185327328,1
9.91,7987.34893440098,662.082422191928,1
9.92,7981.42328395469,663.392375144136,1
9.93,7975.49228832704,664.699009026298,1
9.94,7969.55601115325,666.002288731759,1
9.95,7963.61451629518,667.302179207099,1
9.96,7957.66786783874,668.598645454372,1
9.97,7951.71613009126,669.891652533349,1
9.98,7945.75936757891,671.181165563751,1
9.99,7939.79764504401,672.467149727498,1
10,7933.83102744239,673.749570270944,1
10.01,7927.85957994067,675.028392507118,1
10.02,7921.88336791362,676.303581817969,1
10.03,7915.90245694137,677.575103656603,1
10.04,7909.91691280673,678.842923549521,1
10.05,7903.92680149241,680.107007098858,1
10.06,7897.93218917827,681.367319984622,1
10.07,7891.93314223851,682.623827966926,1
10.08,7885.92972723886,683.876496888223,1
10.09,7879.92201093382,685.125292675533,1
10.1,7873.91006026375,686.370181342679,1
10.11,7867.89394235208,687.611128992505,1
10.12,7861.8737245024,688.848101819105,1
10.13,7855.84947419563,690.081066110038,1
10.14,7849.82125908708,691.309988248546,1
10.15,7843.78914700355,692.534834715767,1
10.16,7837.75320594046,693.755572092945,1
10.17,7831.71350405882,694.972167063628,1
10.18,7825.67010968238,696.184586415874,1
10.19,7819.62309129457,697.392797044442,1
10.2,7813.57251753562,698.596765952983,1
10.21,7807.5184571995,699.796460256224,1
10.22,7801.46097923095,700.991847182146,1
10.23,7795.40015272246,702.182894074157,1
10.24,7789.33604691126,703.369568393259,1
10.25,7783.26873117627,704.55183772021,1
10.26,7777.19827503504,705.729669757671,1
10.27,7771.12474814072,706.90303233236,1
10.28,7765.04822027899,708.071893397187,1
10.29,7758.96876136495,709.236221033388,1
10.3,7752.88644144006,710.395983452647,1
10.31,7746.80133066906,711.551148999214,1
10.32,7740.71349933681,712.701686152011,1
10.33,7734.6230178452,713.847563526734,1
10.34,7728.52995671006,714.988749877941,1
10.35,7722.43438655795,716.125214101135,1
10.36,7716.33637812311,717.256925234835,1
10.37,7710.23600224422,718.383852462641,1
10.38,7704.13332986133,719.505965115285,1
10.39,7698.02843201261,720.623232672674,1
10.4,7691.92137983127,721.735624765923,1
10.41,7685.8122445423,722.843111179379,1
10.42,7679.70109745934,723.945661852629,1
10.43,7673.58800998149,725.043246882501,1
10.44,7667.47305359008,726.135836525055,1
10.45,7661.3562998455,727.22340119756,1
10.46,7655.23782038399,728.305911480456,1
10.47,7649.11768691442,729.383338119313,1
10.48,7642.99597121511,730.455652026768,1
10.49,7636.87274513056,731.522824284457,1
10.5,7630.74808056829,732.584826144928,1
10.51,7624.62204949556,733.641629033549,1
10.52,7618.49472393619,734.693204550392,1
10.53,7612.36617596728,735.739524472114,1
10.54,7606.23647771603,736.780560753819,1
10.55,7600.10570135649,737.816285530904,1
10.56,7593.97391910632,738.846671120899,1
10.57,7587.84120322352,739.871690025284,1
10.58,7581.70762600328,740.891314931295,1
10.59,7575.57325977463,741.905518713718,1
10.6,7569.43817689731,742.914274436662,1
10.61,7563.30244975845,743.917555355321,1
10.62,7557.16615076938,744.915334917721,1
10.63,7551.02935236236,745.907586766449,1
10.64,7544.89212698738,746.894284740365,1
10.65,7538.75454710888,747.875402876305,1
10.66,7532.61668520256,748.850915410759,1
10.67,7526.47861375213,749.820796781536,1
10.68,7520.34040524606,750.785021629415,1
10.69,7514.20213217439,751.743564799776,1
10.7,7508.06386702549,752.696401344215,1
10.71,7501.92568228282,753.64350652214,1
10.72,7495.78765042176,754.584855802354,1
10.73,7489.64984390634,755.520424864616,1
10.74,7483.51233518607,756.450189601184,1
10.75,7477.37519669273,757.374126118347,1
10.76,7471.23850083715,758.292210737927,1
10.77,7465.10232000604,759.204419998774,1
10.78,7458.96672655877,760.110730658238,1
10.79,7452.83179282424,761.011119693619,1
10.8,7446.69759109763,761.905564303604,1
10.81,7440.56419363729,762.794041909681,1
10.82,7434.43167266154,763.676530157536,1
10.83,7428.30010034553,764.553006918431,1
10.84,7422.16954881808,765.423450290557,1
10.85,7416.04009015853,766.287838600378,1
10.86,7409.91179639361,767.146150403945,1
10.87,7403.78473949435,767.998364488196,1
10.88,7397.65899137289,768.844459872232,1
10.89,7391.53462387943,769.684415808578,1
10.9,7385.41170879908,770.518211784417,1
10.91,7379.29031784883,771.34582752281,1
10.92,7373.1705226744,772.167242983892,1
10.93,7367.05239484723,772.982438366049,1
10.94,7360.93600586135,773.791394107068,1
10.95,7354.82142713039,774.594090885277,1
10.96,7348.70872998452,775.390509620655,1
10.97,7342.59798566739,776.180631475926,1
10.98,7336.48926533317,776.964437857624,1
10.99,7330.38264004346,777.741910417151,1
11,7324.2781807644,778.513031051796,1
11.01,7318.17595836357,779.277781905747,1
11.02,7312.07604360713,780.03614537107,1
11.03,7305.97850715677,780.788104088677,1
11.04,7299.88341956683,781.533640949265,1
11.05,7293.79085128134,782.27273909423,1
11.06,7287.70087263108,783.005381916571,1
11.07,7281.61355383072,783.731553061759,1
11.08,7275.52896497589,784.451236428591,1
11.09,7269.44717604034,785.164416170021,1
11.1,7263.36825687303,785.871076693967,1
11.11,7257.29227719532,786.571202664093,1
11.12,7251.21930659813,787.264779000579,1
11.13,7245.1494145391,787.951790880854,1
11.14,7239.08267033981,788.632223740317,1
11.15,7233.01914318298,789.306063273031,1
11.16,7226.95890210972,789.973295432397,1
11.17,7220.90201601673,790.633906431802,1
11.18,7214.84855365361,791.287882745245,1
11.19,7208.79858362012,791.935211107942,1
11.2,7202.75217436344,792.575878516909,1
11.21,7196.70939417554,793.209872231515,1
11.22,7190.67031119046,793.837179774024,1
11.23,7184.6349933817,794.457788930101,1
11.24,7178.60350855951,795.071687749307,1
11.25,7172.57592436837,795.67886454556,1
11.26,7166.55230828431,796.279307897585,1
11.27,7160.53272761233,796.873006649326,1
11.28,7154.51724948391,797.459949910352,1
11.29,7148.50594085437,798.040127056227,1
11.3,7142.4988685004,798.613527728861,1
11.31,7136.49609901754,799.18014183684,1
11.32,7130.49769881767,799.739959555732,1
11.33,7124.50373412657,800.292971328367,1
11.34,7118.51427098145,800.8391678651,1
11.35,7112.52937522852,801.378540144044,1
11.36,7106.54911252059,801.911079411287,1
11.37,7100.57354831466,802.436777181079,1
11.38,7094.60274786956,802.955625236004,1
11.39,7088.63677624361,803.467615627122,1
11.4,7082.67569829227,803.972740674091,1
11.41,7076.71957866584,804.470992965269,1
11.42,7070.76848180715,804.96236535779,1
11.43,7064.82247194935,805.446850977615,1
11.44,7058.88161311358,805.924443219566,1
11.45,7052.94596910681,806.395135747336,1
11.46,7047.0156035196,806.858922493471,1
11.47,7041.09057972394,807.315797659338,1
11.48,7035.17096087107,807.765755715064,1
11.49,7029.25680988933,808.208791399454,1
11.5,7023.34818948208,808.64489971989,1
11.51,7017.44516212557,809.074075952206,1
11.52,7011.54779006688,809.496315640535,1
11.53,7005.65613532186,809.911614597145,1
11.54,6999.7702596731,810.319968902243,1
11.55,6993.89022466793,810.721374903766,1
11.56,6988.01609161644,811.11582921714,1
11.57,6982.14792158949,811.503328725025,1
11.58,6976.2857754168,811.883870577036,1
11.59,6970.42971368502,812.257452189442,1
11.6,6964.57979673583,812.624071244846,1
11.61,6958.73608466408,812.983725691837,1
11.62,6952.89863731593,813.336413744629,1
11.63,6947.06751428704,813.682133882674,1
11.64,6941.24277492076,814.020884850255,1
11.65,6935.42447830634,814.352665656058,1
11.66,6929.61268327718,814.677475572722,1
11.67,6923.80744840912,814.995314136371,1
11.68,6918.0088320187,815.306181146124,1
11.69,6912.21689216148,815.610076663582,1
11.7,6906.43168663041,815.907001012301,1
11.71,6900.65327295414,816.196954777237,1
11.72,6894.88170839545,816.479938804174,1
11.73,6889.11704994964,816.755954199139,1
11.74,6883.35935434294,817.025002327781,1
11.75,6877.60867803102,817.287084814749,1
11.76,6871.86507719744,817.542203543035,1
11.77,6866.12860775213,817.790360653309,1
11.78,6860.39932532996,818.031558543225,1
11.79,6854.67728528927,818.265799866715,1
11.8,6848.96254271045,818.493087533262,1
11.81,6843.25515239455,818.713424707151,1
11.82,6837.55516886187,818.926814806708,1
11.83,6831.86264635066,819.13326150351,1
11.84,6826.17763881573,819.33276872159,1
11.85,6820.5001999272,819.52534063661,1
11.86,6814.83038306919,819.710981675029,1
11.87,6809.16824133857,819.889696513241,1
11.88,6803.51382754372,820.061490076701,1
11.89,6797.86719420334,820.226367539039,1
11.9,6792.22839354525,820.384334321144,1
11.91,6786.59747750524,820.535396090241,1
11.92,6780.9744977259,820.679558758944,1
11.93,6775.35950555555,820.8168284843,1
11.94,6769.75255204714,820.947211666807,1
11.95,6764.15368795717,821.070714949424,1
11.96,6758.56296374465,821.187345216556,1
11.97,6752.9804295701,821.297109593031,1
11.98,6747.40613529453,821.400015443055,1
11.99,6741.8401304785,821.496070369153,1
12,6736.28246438114,821.585282211096,1
12.01,6730.73318595927,821.667659044812,1
12.02,6725.19234386644,821.743209181276,1
12.03,6719.65998645212,821.811941165394,1
12.04,6714.13616176079,821.873863774866,1
12.05,6708.62091753118,821.928986019033,1
12.06,6703.11430119536,821.977317137719,1
12.07,6697.61635987808,822.018866600042,1
12.08,6692.12714039592,822.05364410323,1
12.09,6686.64668925659,822.081659571407,1
12.1,6681.17505265822,822.102923154374,1
12.11,6675.71227648865,822.117445226372,1
12.12,6670.2584063248,822.125236384838,1
12.13,6664.81348743198,822.126307449136,1
12.14,6659.37756476332,822.120669459289,1
12.15,6653.95068295911,822.108333674688,1
12.16,6648.5328863463,822.089311572792,1
12.17,6643.12421893788,822.063614847814,1
12.18,6637.72472443239,822.031255409398,1
12.19,6632.33444621341,821.992245381281,1
12.2,6626.95342734904,821.946597099942,1
12.21,6621.5817105915,821.894323113244,1
12.22,6616.21933837663,821.835436179062,1
12.23,6610.86635282349,821.769949263896,1
12.24,6605.52279573398,821.697875541478,1
12.25,6600.18870859245,821.619228391369,1
12.26,6594.86413256536,821.534021397541,1
12.27,6589.54910850093,821.442268346948,1
12.28,6584.24367692884,821.343983228095,1
12.29,6578.94787805995,821.239180229585,1
12.3,6573.66175178603,821.127873738667,1
12.31,6568.38533767949,821.010078339767,1
12.32,6563.11867499321,820.885808813012,1
12.33,6557.86180266028,820.755080132748,1
12.34,6552.61475929385,820.617907466043,1
12.35,6547.37758318696,820.474306171185,1
12.36,6542.1503123124,820.32429179617,1
12.37,6536.9329843226,820.167880077184,1
12.38,6531.72563654952,820.005086937074,1
12.39,6526.52830600455,819.83592848381,1
12.4,6521.3410293785,819.660421008944,1
12.41,6516.16384304152,819.478580986057,1
12.42,6510.99678304311,819.2904250692,1
12.43,6505.83988511209,819.095970091329,1
12.44,6500.69318465664,818.895233062731,1
12.45,6495.55671676434,818.688231169444,1
12.46,6490.43051620224,818.474981771671,1
12.47,6485.31461741691,818.255502402188,1
12.48,6480.20905453455,818.029810764744,1
12.49,6475.11386136113,817.797924732457,1
12.5,6470.02907138248,817.559862346201,1
12.51,6464.95471776451,817.315641812993,1
12.52,6459.89083335331,817.065281504369,1
12.53,6454.83745067538,816.808799954758,1
12.54,6449.79460193787,816.546215859851,1
12.55,6444.76231902873,816.277548074963,1
12.56,6439.74063351703,816.002815613392,1
12.57,6434.7295766532,815.722037644775,1
12.58,6429.72917936927,815.435233493437,1
12.59,6424.73947227926,815.142422636736,1
12.6,6419.7604856794,814.843624703408,1
12.61,6414.79224954853,814.538859471907,1
12.62,6409.83479354842,814.228146868736,1
12.63,6404.88814702414,813.911506966782,1
12.64,6399.95233900449,813.588959983647,1
12.65,6395.02739820231,813.260526279969,1
12.66,6390.113353015,812.926226357752,1
12.67,6385.21023152487,812.586080858683,1
12.68,6380.31806149966,812.240110562455,1
12.69,6375.43687039295,811.888336385078,1
12.7,6370.56668534467,811.5307793772,1
12.71,6365.70753318163,811.167460722419,1
12.72,6360.85944041794,810.79840173559,1
12.73,6356.02243325566,810.423623861143,1
12.74,6351.19653758525,810.043148671387,1
12.75,6346.38177898617,809.656997864819,1
12.76,6341.57818272745,809.265193264436,1
12.77,6336.78577376829,808.867756816034,1
12.78,6332.00457675863,808.464710586522,1
12.79,6327.23461603982,808.056076762223,1
12.8,6322.4759156452,807.641877647184,1
12.81,6317.72849930079,807.222135661478,1
12.82,6312.99239042593,806.796873339515,1
12.83,6308.26761213394,806.366113328344,1
12.84,6303.55418723285,805.929878385965,1
12.85,6298.85213822607,805.488191379632,1
12.86,6294.16148731311,805.041075284167,1
12.87,6289.48225639031,804.588553180268,1
12.88,6284.8144670516,804.130648252818,1
12.89,6280.15814058922,803.667383789204,1
12.9,6275.51329799452,803.198783177624,1
12.91,6270.87995995872,802.724869905407,1
12.92,6266.2581468737,802.245667557333,1
12.93,6261.64787883283,801.761199813945,1
12.94,6257.04917563174,801.271490449883,1
12.95,6252.4620567692,800.776563332197,1
12.96,6247.88654144792,800.276442418681,1
12.97,6243.32264857543,799.7711517562,1
12.98,6238.77039676492,799.260715479024,1
12.99,6234.22980433613,798.745157807162,1
13,6229.70088931622,798.224503044702,1
13.01,6225.18366944067,797.69877557815,1
13.02,6220.6781621542,797.167999874777,1
13.03,6216.18438461168,796.63220048097,1
13.04,6211.70235367905,796.091402020581,1
13.05,6207.23208593426,795.545629193281,1
13.06,6202.77359766822,794.994906772927,1
13.07,6198.32690488577,794.439259605919,1
13.08,6193.89202330663,793.878712609575,1
13.09,6189.46896836636,793.313290770497,1
13.1,6185.05775521742,792.743019142953,1
13.11,6180.65839873006,792.167922847256,1
13.12,6176.27091349343,791.588027068152,1
13.13,6171.89531381651,791.003357053211,1
13.14,6167.53161372917,790.413938111224,1
13.15,6163.17982698323,789.819795610601,1
13.16,6158.83996705344,789.220954977782,1
13.17,6154.51204713856,788.617441695646,1
13.18,6150.19608016242,788.009281301931,1
13.19,6145.89207877498,787.396499387654,1
13.2,6141.60005535341,786.77912159554,1
13.21,6137.32002200313,786.15717361846,1
13.22,6133.05199055896,785.530681197867,1
13.23,6128.79597258618,784.899670122244,1
13.24,6124.55197938163,784.264166225558,1
13.25,6120.32002197482,783.624195385717,1
13.26,6116.10011112907,782.979783523033,1
13.27,6111.8922573426,782.330956598698,1
13.28,6107.69647084968,781.67774061326,1
13.29,6103.51276162179,781.020161605107,1
13.3,6099.34113936869,780.358245648958,1
13.31,6095.18161353966,779.692018854363,1
13.32,6091.03419332459,779.021507364207,1
13.33,6086.89888765515,778.346737353221,1
13.34,6082.775705206,777.667735026505,1
13.35,6078.66465439591,776.984526618049,1
13.36,6074.56574338897,776.297138389272,1
13.37,6070.47898009577,775.605596627559,1
13.38,6066.40437217457,774.909927644812,1
13.39,6062.34192703252,774.210157776007,1
13.4,6058.29165182684,773.506313377752,1
13.41,6054.25355346602,772.798420826865,1
13.42,6050.22763861108,772.08650651895,1
13.43,6046.21391367668,771.370596866985,1
13.44,6042.21238483246,770.650718299915,1
13.45,6038.22305800416,769.926897261257,1
13.46,6034.24593887491,769.19916020771,1
13.47,6030.28103288643,768.467533607774,1
13.48,6026.32834524027,767.732043940377,1
13.49,6022.38788089904,766.992717693513,1
13.5,6018.45964458768,766.249581362882,1
13.51,6014.54364079466,765.502661450546,1
13.52,6010.63987377328,764.751984463585,1
13.53,6006.74834754287,763.997576912773,1
13.54,6002.86906589007,763.239465311249,1
13.55,5999.00203237011,762.477676173208,1
13.5555925437809,5996.84471849739,762.050048682177,1
0,9990,10,2
0.01,9989.81180627722,10.1002977654194,2
0.02,9989.62183833648,10.2015976367636,2
0.03,9989.43007838485,10.3039095512386,2
0.04,9989.23650845533,10.4072435426336,2
0.05,9989.04111040442,10.5116097426929,2
0.06,9988.84386591038,10.6170183820297,2
0.07,9988.64475647165,10.7234797910295,2
0.08,9988.44376340489,10.831004400875,2
0.09,9988.24086784344,10.9396027444328,2
0.1,9988.03605073552,11.0492854571975,2
0.11,9987.82929284243,11.160063278288,2
0.12,9987.62057473677,11.2719470514162,2
0.13,9987.40987680066,11.3849477258692,2
0.14,9987.19717922387,11.4990763575011,2
0.15,9986.98246200203,11.6143441097332,2
0.16,9986.76570493475,11.7307622545625,2
0.17,9986.54688762376,11.8483421735799,2
0.18,9986.32598947101,11.967095358996,2
0.19,9986.10298967679,12.0870334146766,2
0.2,9985.87786723779,12.2081680571868,2
0.21,9985.65060094516,12.3305111168436,2
0.22,9985.42116938258,12.4540745387783,2
0.23,9985.18955092424,12.578870384007,2
0.24,9984.95572373291,12.7049108305114,2
0.25,9984.71966575787,12.8322081743273,2
0.26,9984.48135473292,12.9607748306437,2
0.27,9984.24076817435,13.0906233349103,2
0.28,9983.99788337884,13.2217663439549,2
0.29,9983.75267742138,13.3542166371096,2
0.3,9983.50512715323,13.487987117347,2
0.31,9983.25520919972,13.6230908124258,2
0.32,9983.00289995817,13.7595408760456,2
0.33,9982.74817559573,13.8973505890121,2
0.34,9982.49101204719,14.0365333604111,2
0.35,9982.23138501278,14.1771027287929,2
0.36,9981.96926995598,14.3190723633663,2
0.37,9981.7046421013,14.4624560652023,2
0.38,9981.43747643198,14.6072677684482,2
0.39,9981.16774768777,14.7535215415511,2
0.4,9980.89543036261,14.9012315884919,2
0.41,9980.62049870234,15.0504122500289,2
0.42,9980.34292670235,15.2010780049523,2
0.43,9980.06268810524,15.3532434713482,2
0.44,9979.77975639846,15.5069234078733,2
0.45,9979.49410481191,15.6621327150395,2
0.46,9979.20570631551,15.8188864365094,2
0.47,9978.91453361681,15.977199760402,2
0.48,9978.62055915851,16.1370880206085,2
0.49,9978.32375511597,16.2985666981194,2
0.5,9978.02409339475,16.4616514223616,2
0.51,9977.72154562809,16.6263579725464,2
0.52,9977.41608317435,16.7927022790279,2
0.53,9977.10767711445,16.9607004246727,2
0.54,9976.79629824933,17.1303686462399,2
0.55,9976.4819170973,17.3017233357723,2
0.56,9976.16450389145,17.4747810419982,2
0.57,9975.84402857696,17.6495584717442,2
0.58,9975.52046080851,17.8260724913593,2
0.59,9975.19376994748,18.0043401281499,2
0.6,9974.86392505935,18.1843785718254,2
0.61,9974.53089491087,18.3662051759562,2
0.62,9974.19464796736,18.5498374594411,2
0.63,9973.85515238991,18.7352931079878,2
0.64,9973.51237603257,18.9225899756034,2
0.65,9973.16628643951,19.1117460860963,2
0.66,9972.81685084221,19.3027796345908,2
0.67,9972.46403615655,19.495708989051,2
0.68,9972.1078089799,19.6905526918181,2
0.69,9971.74813558827,19.8873294611578,2
0.7,9971.38498193325,20.0860581928203,2
0.71,9971.01831363916,20.2867579616108,2
0.72,9970.64809599995,20.4894480229729,2
0.73,9970.27429397627,20.6941478145823,2
0.74,9969.89687219236,20.900876957953,2
0.75,9969.51579493302,21.1096552600552,2
0.76,9969.13102614052,21.3205027149446,2
0.77,9968.74252941146,21.5334395054037,2
0.78,9968.35026799364,21.7484860045948,2
0.79,9967.95420478289,21.965662777725,2
0.8,9967.5543023199,22.1849905837228,2
0.81,9967.15052278695,22.406490376927,2
0.82,9966.74282800476,22.6301833087869,2
0.83,9966.3311794291,22.8560907295752,2
0.84,9965.91553814762,23.0842341901121,2
0.85,9965.49586487642,23.3146354435021,2
0.86,9965.07211995679,23.547316446882,2
0.87,9964.64426335181,23.7822993631819,2
0.88,9964.21225464292,24.0196065628971,2
0.89,9963.77605302655,24.2592606258729,2
0.9,9963.33561731064,24.5012843431013,2
0.91,9962.89090591116,24.7457007185293,2
0.92,9962.44187684862,24.99253297088,2
0.93,9961.98848774456,25.2418045354849,2
0.94,9961.53069581793,25.4935390661292,2
0.95,9961.06845788159,25.7477604369082,2
0.96,9960.60173033864,26.0044927440969,2
0.97,9960.13046917879,26.2637603080308,2
0.98,9959.65462997472,26.5255876749986,2
0.99,9959.17416787838,26.7899996191482,2
1,9958.68903761727,27.0570211444034,2
1.01,9958.19919349068,27.3266774863932,2
1.02,9957.70458936593,27.5989941143932,2
1.03,9957.20517867458,27.873996733279,2
1.04,9956.70091440857,28.1517112854912,2
1.05,9956.19174911639,28.4321639530128,2
1.06,9955.6776348992,28.7153811593581,2
1.07,9955.15852340689,29.0013895715742,2
1.08,9954.63436583415,29.2902161022535,2
1.09,9954.10511291652,29.5818879115584,2
1.1,9953.57071492638,29.8764324092582,2
1.11,9953.03112166892,30.1738772567771,2
1.12,9952.48628247811,30.4742503692541,2
1.13,9951.93614621257,30.7775799176148,2
1.14,9951.38066125152,31.0838943306546,2
1.15,9950.81977549061,31.3932222971332,2
1.16,9950.25343633777,31.7055927678814,2
1.17,9949.68159070898,32.0210349579181,2
1.18,9949.10418502411,32.3395783485801,2
1.19,9948.52116520259,32.6612526896615,2
1.2,9947.93247665922,32.986088001566,2
1.21,9947.33806429976,33.3141145774692,2
1.22,9946.7378725167,33.6453629854923,2
1.23,9946.13184518482,33.9798640708869,2
1.24,9945.51992565681,34.3176489582303,2
1.25,9944.90205675886,34.6587490536319,2
1.26,9944.27818078622,35.0031960469504,2
1.27,9943.64823949869,35.3510219140208,2
1.28,9943.01217411615,35.7022589188928,2
1.29,9942.36992531396,36.0569396160791,2
1.3,9941.72143321848,36.4150968528137,2
1.31,9941.06663740241,36.7767637713208,2
1.32,9940.40547688021,37.141973811093,2
1.33,9939.7378901034,37.5107607111802,2
1.34,9939.06381495595,37.8831585124875,2
1.35,9938.38318874951,38.2592015600824,2
1.36,9937.69594821872,38.6389245055128,2
1.37,9937.00202951641,39.0223623091322,2
1.38,9936.30136820885,39.4095502424357,2
1.39,9935.59389927089,39.8005238904039,2
1.4,9934.87955708115,40.1953191538561,2
1.41,9934.15827541711,40.5939722518112,2
1.42,9933.42998745025,40.9965197238581,2
1.43,9932.69462574107,41.4029984325334,2
1.44,9931.95212223418,41.8134455657071,2
1.45,9931.20240825329,42.2278986389764,2
1.46,9930.44541449621,42.6463954980669,2
1.47,9929.68107102978,43.0689743212409,2
1.48,9928.90930728486,43.4956736217128,2
1.49,9928.13005205121,43.9265322500717,2
1.5,9927.34323347235,44.3615893967101,2
1.51,9926.54877904045,44.800884594259,2
1.52,9925.74661559114,45.2444577200294,2
1.53,9924.93666929833,45.6923489984593,2
1.54,9924.11886566897,46.1445990035663,2
1.55,9923.2931295378,46.6012486614054,2
1.56,9922.4593850621,47.0623392525316,2
1.57,9921.61755571638,47.5279124144676,2
1.58,9920.76756428705,47.9980101441753,2
1.59,9919.90933286707,48.4726748005313,2
1.6,9919.04278285062,48.9519491068068,2
1.61,9918.16783492763,49.4358761531499,2
1.62,9917.28440907843,49.9244993990712,2
1.63,9916.3924245683,50.4178626759323,2
1.64,9915.49179994194,50.9160101894365,2
1.65,9914.58245301808,51.4189865221207,2
1.66,9913.66430088389,51.9268366358499,2
1.67,9912.73725988948,52.4396058743116,2
1.68,9911.80124564238,52.9573399655118,2
1.69,9910.85617300188,53.480085024271,2
1.7,9909.90195607354,54.0078875547196,2
1.71,9908.93850820348,54.5407944527931,2
1.72,9907.96574197282,55.0788530087263,2
1.73,9906.98356919197,55.6221109095456,2
1.74,9905.99190089501,56.1706162415594,2
1.75,9904.99064733393,56.7244174928462,2
1.76,9903.97971797298,57.2835635557395,2
1.77,9902.95902148293,57.848103729309,2
1.78,9901.92846573532,58.4180877218382,2
1.79,9900.88795779667,58.9935656532969,2
1.8,9899.83740392276,59.5745880578091,2
1.81,9898.7767095528,60.1612058861144,2
1.82,9897.70577930364,60.7534705080239,2
1.83,9896.62451696395,61.3514337148688,2
1.84,9895.53282548836,61.9551477219416,2
1.85,9894.43060699166,62.5646651709291,2
1.86,9893.3177627429,63.1800391323368,2
1.87,9892.19419315957,63.8013231079034,2
1.88,9891.05979780165,64.4285710330062,2
1.89,9889.91447536578,65.0618372790547,2
1.9,9888.75812367934,65.7011766558733,2
1.91,9887.59063969454,66.3466444140718,2
1.92,9886.41191948251,66.998296247403,2
1.93,9885.22185822735,67.6561882951062,2
1.94,9884.02035022028,68.3203771442373,2
1.95,9882.8072888536,68.9909198319825,2
1.96,9881.58256661485,69.6678738479572,2
1.97,9880.3460750808,70.3512971364871,2
1.98,9879.09770491154,71.0412480988725,2
1.99,9877.83734584454,71.7377855956335,2
2,9876.56488668869,72.4409689487365,2
2.01,9875.28021531836,73.1508579438,2
2.02,9873.98321866744,73.8675128322794,2
2.03,9872.67378272346,74.5909943336301,2
2.04,9871.35179252157,75.3213636374472,2
2.05,9870.01713213867,76.0586824055814,2
2.06,9868.66968468745,76.8030127742306,2
2.07,9867.3093323105,77.5544173560044,2
2.08,9865.93595617438,78.3129592419628,2
2.09,9864.54943646373,79.0787020036267,2
2.1,9863.14965237534,79.8517096949591,2
2.11,9861.73648211233,80.6320468543159,2
2.12,9860.30980287827,81.4197785063672,2
2.13,9858.86949087129,82.2149701639838,2
2.14,9857.41542127827,83.0176878300926,2
2.15,9855.94746826906,83.8279979994958,2
2.16,9854.46550499061,84.6459676606552,2
2.17,9852.96940356124,85.4716642974393,2
2.18,9851.45903506486,86.3051558908317,2
2.19,9849.93426954525,87.1465109206008,2
2.2,9848.39497600035,87.9957983669284,2
2.21,9846.84102237655,88.8530877119958,2
2.22,9845.27227556309,89.7184489415277,2
2.23,9843.68860138636,90.5919525462898,2
2.24,9842.08986460437,91.4736695235418,2
2.25,9840.47592890114,92.363671378442,2
2.26,9838.84665688123,93.2620301254033,2
2.27,9837.20191006416,94.1688182893986,2
2.28,9835.54154887905,95.084108907215,2
2.29,9833.86543265915,96.0079755286537,2
2.3,9832.17341963648,96.9404922176764,2
2.31,9830.46536693651,97.8817335534935,2
2.32,9828.74113057289,98.8317746315961,2
2.33,9827.00056544217,99.7906910647274,2
2.34,9825.24352531866,100.758558983793,2
2.35,9823.46986284931,101.73545503871,2
2.36,9821.67942954856,102.721456399186,2
2.37,9819.8720757934,103.716640755441,2
2.38,9818.04765081835,104.721086318854,2
2.39,9816.20600271059,105.734871822542,2
2.4,9814.34697840511,106.758076521865,2
2.41,9812.47042367992,107.790780194868,2
2.42,9810.57618315135,108.833063142629,2
2.43,9808.66410026945,109.885006189551,2
2.44,9806.73401731335,110.946690683559,2
2.45,9804.78577538686,112.018198496224,2
2.46,9802.81921441398,113.0996120228,2
2.47,9800.83417313461,114.191014182181,2
2.48,9798.83048910029,115.292488416768,2
2.49,9796.80799867002,116.404118692243,2
2.5,9794.76653700624,117.525989497261,2
2.51,9792.70593807075,118.658185843043,2
2.52,9790.62603462093,119.800793262873,2
2.53,9788.52665820585,120.953897811497,2
2.54,9786.40763916263,122.117586064432,2
2.55,9784.26880661282,123.291945117158,2
2.56,9782.10998845893,124.477062584214,2
2.57,9779.93101138106,125.673026598193,2
2.58,9777.73170083358,126.879925808613,2
2.59,9775.51188104206,128.097849380692,2
2.6,9773.27137500014,129.326886994,2
2.61,9771.01000446671,130.567128840999,2
2.62,9768.72758996305,131.818665625464,2
2.63,9766.4239507702,133.081588560779,2
2.64,9764.09890492644,134.355989368119,2
2.65,9761.75226922486,135.641960274495,2
2.66,9759.38385921113,136.939594010676,2
2.67,9756.99348918138,138.248983808982,2
2.68,9754.58097218023,139.570223400936,2
2.69,9752.14611999895,140.903407014788,2
2.7,9749.68874317382,142.248629372894,2
2.71,9747.2086509846,143.60598568895,2
2.72,9744.70565145319,144.975571665095,2
2.73,9742.17955134242,146.357483488847,2
2.74,9739.63015615506,147.751817829908,2
2.75,9737.05727013294,149.158671836799,2
2.76,9734.4606962563,150.578143133353,2
2.77,9731.84023624332,152.010329815037,2
2.78,9729.19569054974,153.455330445123,2
2.79,9726.5268583688,154.913244050683,2
2.8,9723.83353763132,156.384170118427,2
2.81,9721.11552500594,157.868208590363,2
2.82,9718.37261589957,159.365459859283,2
2.83,9715.60460445813,160.876024764076,2
2.84,9712.8112835674,162.400004584858,2
2.85,9709.9924448541,163.93750103792,2
2.86,9707.14787868726,165.488616270487,2
2.87,9704.27737417972,167.05345285529,2
2.88,9701.38071918994,168.632113784947,2
2.89,9698.45770032396,170.22470246614,2
2.9,9695.50810293768,171.831322713601,2
2.91,9692.53171113934,173.452078743891,2
2.92,9689.52830779222,175.087075168975,2
2.93,9686.49767451766,176.736416989586,2
2.94,9683.43959169831,178.400209588377,2
2.95,9680.35383848159,180.078558722858,2
2.96,9677.24019278347,181.77157051811,2
2.97,9674.09843129257,183.479351459284,2
2.98,9670.92832947439,185.20200838386,2
2.99,9667.72966157599,186.939648473695,2
3,9664.50220063084,188.692379246819,2
3.01,9661.24571846401,190.460308549008,2
3.02,9657.95998569764,192.243544545109,2
3.03,9654.64477175677,194.042195710127,2
3.04,9651.29984487536,195.856370820057,2
3.05,9647.92497210278,197.686178942476,2
3.06,9644.51991931048,199.531729426873,2
3.07,9641.08445119905,201.393131894719,2
3.08,9637.61833130563,203.270496229286,2
3.09,9634.12132201161,205.163932565192,2
3.1,9630.5931845507,207.07355127768,2
3.11,9627.03367901733,208.999462971627,2
3.12,9623.44256437544,210.941778470275,2
3.13,9619.81959846755,212.900608803681,2
3.14,9616.16453802433,214.876065196894,2
3.15,9612.47713867437,216.86825905783,2
3.16,9608.75715495446,218.877301964872,2
3.17,9605.00434032021,220.903305654168,2
3.18,9601.21844715703,222.946382006633,2
3.19,9597.39922679157,225.006643034655,2
3.2,9593.54642950346,227.084200868492,2
3.21,9589.65980453755,229.179167742361,2
3.22,9585.73910011653,231.291655980224,2
3.23,9581.78406345392,233.421777981247,2
3.24,9577.79444076758,235.569646204955,2
3.25,9573.76997729356,237.735373156049,2
3.26,9569.71041730044,239.91907136892,2
3.27,9565.61550410405,242.12085339181,2
3.28,9561.48498008273,244.340831770663,2
3.29,9557.31858669297,246.579119032627,2
3.3,9553.1160644855,248.835827669225,2
3.31,9548.87715312192,251.111070119183,2
3.32,9544.60159139174,253.404958750912,2
3.33,9540.2891172299,255.717605844644,2
3.34,9535.93946773478,258.049123574216,2
3.35,9531.55237918673,260.399623988499,2
3.36,9527.12758706704,262.769218992476,2
3.37,9522.66482607745,265.15802032795,2
3.38,9518.16383016017,267.566139553899,2
3.39,9513.62433251833,269.993688026461,2
3.4,9509.04606563711,272.440776878547,2
3.41,9504.42876130519,274.907516999088,2
3.42,9499.77215063693,277.394019011911,2
3.43,9495.0759640949,279.900393254227,2
3.44,9490.33993151312,282.426749754751,2
3.45,9485.5637821207,284.973198211437,2
3.46,9480.74724456612,287.539847968829,2
3.47,9475.89004694204,290.126807995023,2
3.48,9470.99191681068,292.734186858249,2
3.49,9466.05258122974,295.362092703054,2
3.5,9461.07176677891,298.010633226097,2
3.51,9456.04919958698,300.67991565155,2
3.52,9450.98460535949,303.370046706104,2
3.53,9445.87770940699,306.081132593574,2
3.54,9440.72823667391,308.813278969108,2
3.55,9435.53591176795,311.566590912993,2
3.56,9430.30045899019,314.341172904064,2
3.57,9425.02160236571,317.137128792704,2
3.58,9419.69906567486,319.954561773445,2
3.59,9414.33257248513,322.793574357158,2
3.6,9408.92184618364,325.654268342847,2
3.61,9403.46661001027,328.536744789025,2
3.62,9397.96658709142,331.441103984692,2
3.63,9392.42150047435,334.367445419902,2
3.64,9386.83107316219,337.315867755924,2
3.65,9381.19502814963,340.286468794993,2
3.66,9375.51308845917,343.279345449658,2
3.67,9369.78497717805,346.294593711719,2
3.68,9364.01041749584,349.33230862076,2
3.69,9358.18913274267,352.392584232276,2
3.7,9352.32084642812,355.475513585394,2
3.71,9346.40528228072,358.581188670188,2
3.72,9340.44216428817,361.7097003946,2
3.73,9334.43121673819,364.861138550948,2
3.74,9328.37216426002,368.035591782043,2
3.75,9322.26473186662,371.233147546907,2
3.76,9316.10864499748,374.453892086088,2
3.77,9309.90362956215,377.697910386595,2
3.78,9303.64941198439,380.965286146428,2
3.79,9297.34571924704,384.256101738731,2
3.8,9290.99227893749,387.570438175552,2
3.81,9284.58881929386,390.908375071226,2
3.82,9278.1350692519,394.269990605377,2
3.83,9271.6307584924,397.655361485547,2
3.84,9265.07561748946,401.06456290945,2
3.85,9258.46937755928,404.497668526865,2
3.86,9251.8117709097,407.954750401164,2
3.87,9245.10253069033,411.435878970481,2
3.88,9238.34139104345,414.941123008529,2
3.89,9231.52808715544,418.470549585075,2
3.9,9224.66235530898,422.024224026065,2
3.91,9217.74393293584,425.60220987342,2
3.92,9210.77255867033,429.204568844499,2
3.93,9203.74797240345,432.831360791241,2
3.94,9196.66991533758,436.482643658984,2
3.95,9189.53813004198,440.158473444987,2
3.96,9182.3523605087,443.858904156638,2
3.97,9175.11235220935,447.583987769376,2
3.98,9167.81785215235,451.333774184317,2
3.99,9160.46860894086,455.108311185615,2
4,9153.0643728313,458.907644397542,2
4.01,9145.60489579252,462.731817241312,2
4.02,9138.08993156554,466.580870891658,2
4.03,9130.51923572387,470.454844233155,2
4.04,9122.89256573449,474.35377381633,2
4.05,9115.20968101935,478.277693813531,2
4.06,9107.47034301743,482.226635974601,2
4.07,9099.67431524748,486.200629582341,2
4.08,9091.82136337112,490.199701407794,2
4.09,9083.91125525671,494.223875665347,2
4.1,9075.94376104357,498.273173967666,2
4.11,9067.91865320684,502.347615280488,2
4.12,9059.83570662283,506.447215877266,2
4.13,9051.69469863483,510.571989293688,2
4.14,9043.49540911948,514.72194628209,2
4.15,9035.23762055358,518.897094765761,2
4.16,9026.92111808135,523.097439793174,2
4.17,9018.54568958225,527.322983492135,2
4.18,9010.11112573906,531.573725023888,2
4.19,9001.61722010659,535.849660537178,2
4.2,8993.06376918065,540.150783122282,2
4.21,8984.4505724675,544.477082765044,2
4.22,8975.77743255365,548.828546300912,2
4.23,8967.04415517604,553.205157369001,2
4.24,8958.25054929257,557.606896366201,2
4.25,8949.39642715297,562.033740401347,2
4.26,8940.48160436993,566.485663249459,2
4.27,8931.50589999066,570.96263530609,2
4.28,8922.46913656858,575.464623541779,2
4.29,8913.37114023536,579.991591456648,2
4.3,8904.21174077319,584.543499035144,2
4.31,8894.99077168725,589.12030270096,2
4.32,8885.7080702784,593.721955272148,2
4.33,8876.36347771606,598.348405916444,2
4.34,8866.95683911123,602.999600106833,2
4.35,8857.48800358961,607.675479577362,2
4.36,8847.95682436496,612.375982279239,2
4.37,8838.36315881241,617.101042337222,2
4.38,8828.70686854194,621.850590006341,2
4.39,8818.98781947182,626.624551628947,2
4.4,8809.20588190219,631.422849592147,2
4.41,8799.36093058849,636.245402285609,2
4.42,8789.45284481498,641.092124059792,2
4.43,8779.48150846817,645.962925184613,2
4.44,8769.44681011013,650.857711808561,2
4.45,8759.34864305173,655.776385918312,2
4.46,8749.18690542578,660.718845298838,2
4.47,8738.96150025992,665.684983494061,2
4.48,8728.6723355494,670.674689768057,2
4.49,8718.31932432957,675.687849066843,2
4.5,8707.90238474825,680.724341980782,2
4.51,8697.42144013763,685.784044707611,2
4.52,8686.87641908606,690.866829016135,2
4.53,8676.26725550936,695.972562210601,2
4.54,8665.59388872188,701.101107095794,2
4.55,8654.85626350703,706.252321942862,2
4.56,8644.05433018752,711.426060455909,2
4.57,8633.18804469506,716.622171739376,2
4.58,8622.25736863956,721.840500266243,2
4.59,8611.26226937788,727.080885847078,2
4.6,8600.20272008194,732.343163599949,2
4.61,8589.0786998063,737.627163921239,2
4.62,8577.89019355508,742.932712457388,2
4.63,8566.63719234826,748.259630077583,2
4.64,8555.3196932873,753.607732847429,2
4.65,8543.93769961994,758.976832003625,2
4.66,8532.4912208044,764.366733929675,2
4.67,8520.98027257265,769.777240132655,2
4.68,8509.40487699298,775.208147221071,2
4.69,8497.76506253155,780.659246883832,2
4.7,8486.06086411325,786.130325870354,2
4.71,8474.29232318143,791.621165971842,2
4.72,8462.45948775682,797.131544003762,2
4.73,8450.5624124954,802.661231789529,2
4.74,8438.60115874518,808.209996145443,2
4.75,8426.57579460199,813.777598866905,2
4.76,8414.48639496418,819.363796715916,2
4.77,8402.33304158606,824.968341409913,2
4.78,8390.11582313032,830.590979611942,2
4.79,8377.83483521914,836.23145292222,2
4.8,8365.49018048409,841.889497871074,2
4.81,8353.08196861474,847.564845913326,2
4.82,8340.610316406,853.257223424103,2
4.83,8328.07534780404,858.966351696138,2
4.84,8315.4771939509,864.691946938544,2
4.85,8302.81599322764,870.433720277122,2
4.86,8290.09189129603,876.191377756198,2
4.87,8277.30504113883,881.964620342022,2
4.88,8264.45560309846,887.753143927752,2
4.89,8251.54374491418,893.55663934004,2
4.9,8238.56964175764,899.374792347241,2
4.91,8225.5334762669,905.207283669263,2
4.92,8212.4354385787,911.053788989086,2
4.93,8199.27572635909,916.913978965955,2
4.94,8186.05454483239,922.78751925028,2
4.95,8172.77210680836,928.674070500243,2
4.96,8159.42863270758,934.57328840015,2
4.97,8146.02435058512,940.48482368052,2
4.98,8132.55949615226,946.408322139951,2
4.99,8119.03431279643,952.343424668754,2
5,8105.44905159926,958.28976727439,2
5.01,8091.80397135267,964.246981108703,2
5.02,8078.09933857303,970.214692496981,2
5.03,8064.33542751342,976.192522968836,2
5.04,8050.51252017377,982.180089290935,2
5.05,8036.63090630908,988.177003501576,2
5.06,8022.69088343559,994.182872947113,2
5.07,8008.69275683483,1000.19730032026,2
5.08,7994.63683955563,1006.21988370028,2
5.09,7980.52345241397,1012.25021659499,2
5.1,7966.3529239908,1018.28788798476,2
5.11,7952.12559062757,1024.33248236827,2
5.12,7937.84179641968,1030.38357981029,2
5.13,7923.50189320777,1036.44075599122,2
5.14,7909.10624056669,1042.50358225864,2
5.15,7894.65520579238,1048.57162568067,2
5.16,7880.14916388639,1054.64444910128,2
5.17,7865.58849753828,1060.72161119744,2
5.18,7850.97359710565,1066.80266653822,2
5.19,7836.30486059193,1072.88716564568,2
5.2,7821.58269362192,1078.97465505772,2
5.21,7806.80750941498,1085.06467739277,2
5.22,7791.97972875597,1091.15677141634,2
5.23,7777.09977996382,1097.2504721094,2
5.24,7762.16809885781,1103.34531073865,2
5.25,7747.18512872157,1109.44081492858,2
5.26,7732.15132026469,1115.53650873537,2
5.27,7717.06713158202,1121.6319127226,2
5.28,7701.93302811064,1127.7265440387,2
5.29,7686.74948258453,1133.81991649625,2
5.3,7671.51697498688,1139.91154065298,2
5.31,7656.23599250004,1146.00092389452,2
5.32,7640.90702945323,1152.08757051889,2
5.33,7625.53058726787,1158.17098182265,2
5.34,7610.1071744006,1164.25065618875,2
5.35,7594.637306284,1170.32608917605,2
5.36,7579.12150526506,1176.3967736104,2
5.37,7563.56030054128,1182.46219967742,2
5.38,7547.95422809455,1188.52185501676,2
5.39,7532.30383062278,1194.57522481797,2
5.4,7516.60965746921,1200.62179191784,2
5.41,7500.87226454959,1206.66103689931,2
5.42,7485.09221427704,1212.69243819173,2
5.43,7469.27007548475,1218.71547217263,2
5.44,7453.40642334659,1224.72961327082,2
5.45,7437.50183929537,1230.73433407091,2
5.46,7421.55691093914,1236.72910541908,2
5.47,7405.5722319753,1242.71339653019,2
5.48,7389.54840210262,1248.68667509611,2
5.49,7373.48602693118,1254.64840739526,2
5.5,7357.38571789037,1260.59805840335,2
5.51,7341.2480921347,1266.53509190516,2
5.52,7325.07377244786,1272.4589706075,2
5.53,7308.8633871446,1278.36915625319,2
5.54,7292.61756997089,1284.26510973599,2
5.55,7276.33696000206,1290.14629121653,2
5.56,7260.02220153915,1296.01216023915,2
5.57,7243.67394400346,1301.86217584958,2
5.58,7227.29284182928,1307.69579671346,2
5.59,7210.87955435488,1313.5124812356,2
5.6,7194.43474571189,1319.31168767998,2
5.61,7177.95908471285,1325.09287429043,2
5.62,7161.45324473732,1330.85549941192,2
5.63,7144.91790361631,1336.59902161239,2
5.64,7128.35374351515,1342.32289980518,2
5.65,7111.76145081498,1348.02659337182,2
5.66,7095.14171599269,1353.70956228534,2
5.67,7078.49523349952,1359.3712672339,2
5.68,7061.82270163825,1365.01116974467,2
5.69,7045.12482243914,1370.62873230809,2
5.7,7028.40230153462,1376.22341850225,2
5.71,7011.65584803269,1381.7946931174,2
5.72,6994.88617438922,1387.34202228065,2
5.73,6978.09399627917,1392.86487358058,2
5.74,6961.28003246671,1398.36271619196,2
5.75,6944.4450046743,1403.83502100032,2
5.76,6927.58963745093,1409.2812607264,2
5.77,6910.71465803933,1414.70091005045,2
5.78,6893.82079624244,1420.09344573627,2
5.79,6876.90878428904,1425.45834675495,2
5.8,6859.97935669863,1430.79509440828,2
5.81,6843.03325014567,1436.10317245172,2
5.82,6826.07120332318,1441.38206721697,2
5.83,6809.09395680576,1446.63126773396,2
5.84,6792.1022529121,1451.8502658523,2
5.85,6775.09683556701,1457.03855636208,2
5.86,6758.07845016314,1462.19563711407,2
5.87,6741.04784342225,1467.32100913904,2
5.88,6724.00576325622,1472.41417676641,2
5.89,6706.95295862791,1477.47464774202,2
5.9,6689.89017941171,1482.50193334499,2
5.91,6672.81817625414,1487.49554850366,2
5.92,6655.73770043422,1492.45501191045,2
5.93,6638.64950372397,1497.3798461358,2
5.94,6621.55433824895,1502.26957774086,2
5.95,6604.45295634882,1507.12373738912,2
5.96,6587.34611043818,1511.94185995683,2
5.97,6570.23455286763,1516.72348464207,2
5.98,6553.11903578498,1521.46815507267,2
5.99,6536.000310997,1526.17541941259,2
6,6518.87912983144,1530.84483046713,2
6.01,6501.75624299947,1535.47594578643,2
6.02,6484.63240045875,1540.06832776773,2
6.03,6467.50835127699,1544.62154375593,2
6.04,6450.38484349607,1549.1351661426,2
6.05,6433.26262399693,1553.60877246348,2
6.06,6416.14243836515,1558.04194549411,2
6.07,6399.02503075723,1562.43427334398,2
6.08,6381.91114376782,1566.78534954877,2
6.09,6364.80151829769,1571.09477316091,2
6.1,6347.69689342276,1575.36214883824,2
6.11,6330.598006264,1579.58708693091,2
6.12,6313.50559185838,1583.76920356631,2
6.13,6296.42038303096,1587.90812073208,2
6.14,6279.34311026798,1592.00346635723,2
6.15,6262.27450159123,1596.05487439124,2
6.16,6245.21528243357,1600.06198488105,2
6.17,6228.16617551569,1604.02444404619,2
6.18,6211.12790072423,1607.94190435163,2
6.19,6194.10117499119,1611.81402457871,2
6.2,6177.08671217476,1615.64046989379,2
6.21,6160.08522294152,1619.42091191488,2
6.22,6143.09741465019,1623.15502877596,2
6.23,6126.1239912368,1626.84250518927,2
6.24,6109.16565310142,1630.48303250521,2
6.25,6092.22309699654,1634.07630877015,2
6.26,6075.29701591692,1637.6220387819,2
6.27,6058.38809899126,1641.11993414294,2
6.28,6041.49703137536,1644.56971331141,2
6.29,6024.62449414717,1647.97110164973,2
6.3,6007.77116420346,1651.32383147094,2
6.31,5990.93771415831,1654.62764208281,2
6.32,5974.12481224339,1657.88227982945,2
6.33,5957.3331222101,1661.08749813076,2
6.34,5940.56330323348,1664.24305751942,2
6.35,5923.81600981809,1667.34872567563,2
6.36,5907.09189170577,1670.40427745939,2
6.37,5890.39159378526,1673.40949494054,2
6.38,5873.71575600385,1676.36416742636,2
6.39,5857.06501328095,1679.2680914869,2
6.4,5840.43999542367,1682.12107097788,2
6.41,5823.84132704436,1684.9229170613,2
6.42,5807.2696274802,1687.67344822365,2
6.43,5790.72551071486,1690.37249029187,2
6.44,5774.20958530208,1693.0198764469,2
6.45,5757.72245429151,1695.61544723492,2
6.46,5741.26471515638,1698.15905057632,2
6.47,5724.83695972347,1700.6505417723,2
6.48,5708.43977410506,1703.08978350926,2
6.49,5692.07373863294,1705.47664586081,2
6.5,5675.73942779466,1707.81100628762,2
6.51,5659.43741017175,1710.09274963495,2
6.52,5643.16824838014,1712.32176812793,2
6.53,5626.93249901267,1714.49796136474,2
6.54,5610.73071258371,1716.62123630743,2
6.55,5594.56343347591,1718.69150727068,2
6.56,5578.43119988908,1720.70869590836,2
6.57,5562.3345437912,1722.67273119794,2
6.58,5546.27399087147,1724.58354942284,2
6.59,5530.25006049557,1726.44109415257,2
6.6,5514.26326566295,1728.24531622097,2
6.61,5498.31411296631,1729.99617370226,2
6.62,5482.40310255306,1731.69363188517,2
6.63,5466.53072808898,1733.33766324498,2
6.64,5450.69747672385,1734.92824741375,2
6.65,5434.90382905927,1736.46537114845,2
6.66,5419.15025911843,1737.9490282973,2
6.67,5403.437234318,1739.37921976419,2
6.68,5387.765215442,1740.75595347127,2
6.69,5372.13465661772,1742.0792443197,2
6.7,5356.54600529369,1743.34911414866,2
6.71,5340.99970221954,1744.56559169259,2
6.72,5325.49618142791,1745.72871253671,2
6.73,5310.03587021831,1746.83851907087,2
6.74,5294.61918914293,1747.89506044175,2
6.75,5279.24655199431,1748.89839250341,2
6.76,5263.91836579502,1749.84857776636,2
6.77,5248.63503078912,1750.74568534496,2
6.78,5233.39694043556,1751.58979090341,2
6.79,5218.2044814034,1752.38097660025,2
6.8,5203.05803356883,1753.11933103137,2
6.81,5187.95797001403,1753.80494917169,2
6.82,5172.90465702779,1754.43793231547,2
6.83,5157.89845410787,1755.01838801526,2
6.84,5142.93971396509,1755.54643001959,2
6.85,5128.0287825292,1756.02217820945,2
6.86,5113.16599895629,1756.44575853348,2
6.87,5098.35169563802,1756.81730294204,2
6.88,5083.58619821232,1757.13694932017,2
6.89,5068.86982557583,1757.40484141941,2
6.9,5054.20288989784,1757.62112878858,2
6.91,5039.5856966358,1757.78596670356,2
6.92,5025.01854455236,1757.89951609605,2
6.93,5010.5017257339,1757.96194348148,2
6.94,4996.03552561053,1757.97342088587,2
6.95,4981.62022297753,1757.93412577199,2
6.96,4967.2560900182,1757.84424096458,2
6.97,4952.94339232809,1757.70395457484,2
6.98,4938.68238894062,1757.51345992415,2
6.99,4924.47333235395,1757.27295546708,2
7,4910.31646855923,1756.98264471375,2
7.01,4896.21203707006,1756.64273615151,2
7.02,4882.16027095322,1756.25344316606,2
7.03,4868.16139686057,1755.81498396203,2
7.04,4854.2156350622,1755.32758148294,2
7.05,4840.32319948063,1754.7914633308,2
7.06,4826.48429772624,1754.20686168515,2
7.07,4812.69913113367,1753.57401322178,2
7.08,4798.96789479941,1752.89315903094,2
7.09,4785.2907776203,1752.1645445354,2
7.1,4771.66796233311,1751.38841940796,2
7.11,4758.09962555508,1750.56503748892,2
7.12,4744.58593782536,1749.69465670314,2
7.13,4731.1270636474,1748.77753897696,2
7.14,4717.72316153222,1747.81395015497,2
7.15,4704.37438404255,1746.80415991657,2
7.16,4691.08087783772,1745.74844169248,2
7.17,4677.84278371945,1744.64707258115,2
7.18,4664.66023667832,1743.50033326513,2
7.19,4651.53336594106,1742.30850792743,2
7.2,4638.46229501846,1741.07188416785,2
7.21,4625.44714175405,1739.79075291946,2
7.22,4612.48801837334,1738.46540836503,2
7.23,4599.58503153382,1737.09614785367,2
7.24,4586.73828237539,1735.68327181755,2
7.25,4573.94786657153,1734.22708368874,2
7.26,4561.21387438088,1732.72788981639,2
7.27,4548.53639069943,1731.18599938392,2
7.28,4535.91549511313,1729.60172432662,2
7.29,4523.35126195106,1727.97537924943,2
7.3,4510.84376033893,1726.30728134504,2
7.31,4498.39305425307,1724.59775031231,2
7.32,4485.99920257478,1722.84710827498,2
7.33,4473.66225914505,1721.05567970087,2
7.34,4461.38227281966,1719.2237913213,2
7.35,4449.15928752448,1717.35177205108,2
7.36,4436.99334231121,1715.43995290878,2
7.37,4424.88447141328,1713.48866693761,2
7.38,4412.83270430204,1711.49824912662,2
7.39,4400.83806574319,1709.46903633253,2
7.4,4388.90057585334,1707.40136720197,2
7.41,4377.02025015683,1705.29558209429,2
7.42,4365.19709964265,1703.15202300494,2
7.43,4353.43113082155,1700.9710334894,2
7.44,4341.72234578316,1698.75295858768,2
7.45,4330.07074225336,1696.49814474942,2
7.46,4318.47631365158,1694.20693975968,2
7.47,4306.9390491482,1691.87969266523,2
7.48,4295.45893372206,1689.51675370163,2
7.49,4284.03594821787,1687.11847422086,2
7.5,4272.67006940366,1684.68520661967,2
7.51,4261.36127002826,1682.21730426868,2
7.52,4250.10951887868,1679.71512144203,2
7.53,4238.91478083742,1677.17901324791,2
7.54,4227.77701693979,1674.6093355597,2
7.55,4216.69618443106,1672.00644494791,2
7.56,4205.67223682354,1669.37069861281,2
7.57,4194.70512395351,1666.7024543179,2
7.58,4183.79479203809,1664.00207032404,2
7.59,4172.94118373184,1661.26990532448,2
7.6,4162.14423818328,1658.50631838053,2
7.61,4151.40389109122,1655.71166885815,2
7.62,4140.72007476084,1652.88631636529,2
7.63,4130.09271815965,1650.03062068997,2
7.64,4119.52174697313,1647.14494173933,2
7.65,4109.00708366024,1644.22963947933,2
7.66,4098.54864750857,1641.28507387537,2
7.67,4088.14635468933,1638.31160483376,2
7.68,4077.80011831203,1635.3095921439,2
7.69,4067.50984847887,1632.27939542146,2
7.7,4057.27545233883,1629.22137405228,2
7.71,4047.09683414153,1626.13588713719,2
7.72,4036.97389529067,1623.0232934376,2
7.73,4026.90653439722,1619.88395132206,2
7.74,4016.89464733227,1616.71821871353,2
7.75,4006.93812727952,1613.52645303762,2
7.76,3997.03686478744,1610.30901117166,2
7.77,3987.19074782105,1607.06624939456,2
7.78,3977.39966181335,1603.79852333762,2
7.79,3967.66348971638,1600.50618793616,2
7.8,3957.98211205188,1597.18959738198,2
7.81,3948.35540696162,1593.84910507674,2
7.82,3938.78325025721,1590.48506358614,2
7.83,3929.26551546967,1587.09782459498,2
7.84,3919.80207389847,1583.6877388631,2
7.85,3910.3927946602,1580.2551561821,2
7.86,3901.03754473684,1576.80042533302,2
7.87,3891.73618902357,1573.32389404475,2
7.88,3882.4885903762,1569.82590895338,2
7.89,3873.29460965808,1566.30681556235,2
7.9,3864.15410578668,1562.76695820343,2
7.91,3855.06693577967,1559.20667999858,2
7.92,3846.03295480053,1555.62632282263,2
7.93,3837.05201620376,1552.0262272667,2
7.94,3828.12397157963,1548.40673260264,2
7.95,3819.24867079844,1544.76817674806,2
7.96,3810.42596205438,1541.11089623237,2
7.97,3801.65569190885,1537.43522616351,2
7.98,3792.93770533338,1533.74150019556,2
7.99,3784.27184575208,1530.03005049707,2
8,3775.65795508359,1526.30120772028,2
8.01,3767.09587378256,1522.55530097108,2
8.02,3758.58544088072,1518.79265777972,2
8.03,3750.12649402741,1515.01360407239,2
8.04,3741.71886952965,1511.2184641435,2
8.05,3733.36240239177,1507.40756062872,2
8.06,3725.05692635454,1503.58121447887,2
8.07,3716.80227393382,1499.73974493442,2
8.08,3708.59827645875,1495.88346950089,2
8.09,3700.44476410945,1492.01270392487,2
8.1,3692.34156595425,1488.12776217082,2
8.11,3684.28850998647,1484.22895639864,2
8.12,3676.28542316067,1480.31659694184,2
8.13,3668.3321314285,1476.39099228655,2
8.14,3660.42845977398,1472.45244905118,2
8.15,3652.5742322484,1468.50127196673,2
8.16,3644.76927200471,1464.53776385787,2
8.17,3637.0134013314,1460.56222562464,2
8.18,3629.30644168603,1456.57495622487,2
8.19,3621.64821372811,1452.57625265722,2
8.2,3614.03853735172,1448.56640994493,2
8.21,3606.47723171745,1444.54572112016,2
8.22,3598.96411528412,1440.51447720901,2
8.23,3591.49900583979,1436.47296721717,2
8.24,3584.08172053249,1432.4214781162,2
8.25,3576.71207590042,1428.3602948304,2
8.26,3569.38988790172,1424.2897002243,2
8.27,3562.11497194374,1420.20997509081,2
8.28,3554.88714291196,1416.12139813984,2
8.29,3547.70621519833,1412.02424598764,2
8.3,3540.57200272927,1407.91879314661,2
8.31,3533.48431899319,1403.80531201574,2
8.32,3526.44297706759,1399.68407287158,2
8.33,3519.44778964566,1395.5553438598,2
8.34,3512.49856906255,1391.4193909872,2
8.35,3505.59512732112,1387.27647811442,2
8.36,3498.73727611731,1383.12686694896,2
8.37,3491.92482686507,1378.97081703894,2
8.38,3485.15759072086,1374.8085857672,2
8.39,3478.43537860778,1370.64042834598,2
8.4,3471.75800123921,1366.46659781209,2
8.41,3465.12526914211,1362.28734502256,2
8.42,3458.53699267986,1358.10291865074,2
8.43,3451.99298207475,1353.9135651829,2
8.44,3445.49304743,1349.71952891528,2
8.45,3439.03699875145,1345.52105195163,2
8.46,3432.62464596879,1341.31837420107,2
8.47,3426.25579895652,1337.11173337659,2
8.48,3419.93026755435,1332.90136499375,2
8.49,3413.64786158735,1328.68750237001,2
8.5,3407.40839088571,1324.47037662431,2
8.51,3401.21166530404,1320.25021667714,2
8.52,3395.05749474039,1316.027249251,2
8.53,3388.94568915488,1311.80169887122,2
8.54,3382.87605858793,1307.57378786719,2
8.55,3376.84841317816,1303.34373637393,2
8.56,3370.86256317996,1299.11176233407,2
8.57,3364.91831898062,1294.87808150016,2
8.58,3359.01549111723,1290.64290743731,2
8.59,3353.15389029315,1286.40645152623,2
8.6,3347.33332739416,1282.16892296658,2
8.61,3341.55361350429,1277.93052878059,2
8.62,3335.81455992133,1273.69147381712,2
8.63,3330.11597817192,1269.45196075593,2
8.64,3324.45768002648,1265.2121901123,2
8.65,3318.83947751364,1260.97236024197,2
8.66,3313.26118293449,1256.7326673463,2
8.67,3307.72260887644,1252.49330547782,2
8.68,3302.22356822681,1248.25446654595,2
8.69,3296.76387418608,1244.01634032311,2
8.7,3291.34334028089,1239.77911445094,2
8.71,3285.96178037667,1235.54297444697,2
8.72,3280.61900869009,1231.30810371139,2
8.73,3275.31483980104,1227.07468353409,2
8.74,3270.04908866455,1222.84289310204,2
8.75,3264.82157062223,1218.61290950677,2
8.76,3259.63210141356,1214.38490775217,2
8.77,3254.48049718682,1210.15906076246,2
8.78,3249.36657450981,1205.93553939041,2
8.79,3244.29015038031,1201.71451242574,2
8.8,3239.25104223618,1197.49614660372,2
8.81,3234.24906796535,1193.28060661401,2
8.82,3229.2840459154,1189.06805510964,2
8.83,3224.35579490301,1184.8586527162,2
8.84,3219.4641342231,1180.65255804119,2
8.85,3214.60888365773,1176.44992768361,2
8.86,3209.78986348479,1172.25091624359,2
8.87,3205.00689448641,1168.05567633231,2
8.88,3200.25979795716,1163.86435858204,2
8.89,3195.54839571203,1159.67711165625,2
8.9,3190.87251009415,1155.49408226003,2
8.91,3186.23196398232,1151.31541515046,2
8.92,3181.62658079831,1147.14125314729,2
8.93,3177.05618451394,1142.97173714364,2
8.94,3172.52059965791,1138.80700611687,2
8.95,3168.01965132251,1134.64719713957,2
8.96,3163.55316517007,1130.49244539065,2
8.97,3159.12096743914,1126.34288416656,2
8.98,3154.72288495063,1122.19864489262,2
8.99,3150.35874511358,1118.05985713445,2
9,3146.0283759309,1113.92664860947,2
9.01,3141.73160600476,1109.79914519855,2
9.02,3137.46826454192,1105.67747095769,2
9.03,3133.23818135882,1101.56174812985,2
9.04,3129.0411868865,1097.45209715681,2
9.05,3124.87711217532,1093.34863669112,2
9.06,3120.74578889954,1089.25148360815,2
9.07,3116.64704936174,1085.16075301817,2
9.08,3112.58072649699,1081.07655827855,2
9.09,3108.54665387696,1076.99901100593,2
9.1,3104.54466571379,1072.92822108858,2
9.11,3100.57459686385,1068.86429669868,2
9.12,3096.63628283128,1064.80734430476,2
9.13,3092.72955977149,1060.75746868412,2
9.14,3088.85426449435,1056.71477293532,2
9.15,3085.01023446737,1052.67935849069,2
9.16,3081.1973078187,1048.65132512895,2
9.17,3077.41532333989,1044.63077098773,2
9.18,3073.66412048868,1040.61779257628,2
9.19,3069.94353939149,1036.61248478807,2
9.2,3066.25342084589,1032.61494091352,2
9.21,3062.59360632288,1028.62525265267,2
9.22,3058.96393796902,1024.64351012791,2
9.23,3055.36425860853,1020.66980189676,2
9.24,3051.79441174514,1016.70421496457,2
9.25,3048.25424156391,1012.74683479735,2
9.26,3044.74359293288,1008.79774533447,2
9.27,3041.26231140464,1004.85702900151,2
9.28,3037.81024321774,1000.924766723,2
9.29,3034.38723529802,997.001037935214,2
9.3,3030.99313525984,993.085920598956,2
9.31,3027.62779140712,989.179491212334,2
9.32,3024.29105273443,985.281824823529,2
9.33,3020.98276892778,981.392995043559,2
9.34,3017.70279036547,977.513074059022,2
9.35,3014.45096811876,973.642132644837,2
9.36,3011.22715395247,969.780240176965,2
9.37,3008.03120032545,965.927464645107,2
9.38,3004.86296039101,962.083872665391,2
9.39,3001.72228799721,958.24952949303,2
9.4,2998.60903768706,954.424499034961,2
9.41,2995.52306469872,950.608843862455,2
9.42,2992.46422496546,946.802625223705,2
9.43,2989.43237511567,943.005903056377,2
9.44,2986.42737247275,939.218736000137,2
9.45,2983.44907505487,935.441181409142,2
9.46,2980.4973415747,931.673295364497,2
9.47,2977.57203143908,927.915132686679,2
9.48,2974.67300474857,924.166746947917,2
9.49,2971.80012229693,920.428190484542,2
9.49928329378981,2969.15642081284,916.966421174641,2
0,9990,10,3
0.01,9989.76100986865,10.1508738469335,3
0.02,9989.51852988453,10.3040177834448,3
0.03,9989.2725075764,10.4594657811656,3
0.04,9989.02288969485,10.6172523134706,3
0.05,9988.7696221993,10.7774123638348,3
0.06,9988.51265024677,10.9399814329904,3
0.07,9988.25191817994,11.10499554658,3
0.08,9987.98736951502,11.2724912628599,3
0.09,9987.71894693041,11.4425056799608,3
0.1,9987.44659225407,11.6150764439584,3
0.11,9987.17024645121,11.7902417567059,3
0.12,9986.88984961178,11.9680403838222,3
0.13,9986.60534093774,12.1485116627994,3
0.14,9986.31665873019,12.3316955112135,3
0.15,9986.0237403763,12.5176324350473,3
0.16,9985.72652233607,12.7063635371294,3
0.17,9985.42494012889,12.8979305256842,3
0.18,9985.1189283199,13.0923757229986,3
0.19,9984.80842050625,13.2897420742031,3
0.2,9984.49334930306,13.4900731561722,3
0.21,9984.17364632923,13.6934131865427,3
0.22,9983.8492421931,13.8998070328533,3
0.23,9983.52006647784,14.1093002218053,3
0.24,9983.18604772668,14.3219389486459,3
0.25,9982.84711342794,14.5377700866772,3
0.26,9982.50318999986,14.7568411968898,3
0.27,9982.15420277519,14.9792005377237,3
0.28,9981.8000759856,15.2048970749584,3
0.29,9981.44073274588,15.4339804917318,3
0.3,9981.07609503792,15.6665011986912,3
0.31,9980.70608369446,15.9025103442763,3
0.32,9980.33061838264,16.142059825137,3
0.33,9979.94961758734,16.3852022966854,3
0.34,9979.56299859424,16.631991183786,3
0.35,9979.17067747273,16.882480691583,3
0.36,9978.77256905853,17.1367258164676,3
0.37,9978.36858693613,17.3947823571862,3
0.38,9977.95864342093,17.6567069260913,3
0.39,9977.5426495412,17.9225569605355,3
0.4,9977.12051501981,18.1923907344113,3
0.41,9976.69214825565,18.4662673698373,3
0.42,9976.25745630483,18.744246848992,3
0.43,9975.81634486174,19.0263900260974,3
0.44,9975.36871823967,19.3127586395533,3
0.45,9974.91447935132,19.6034153242233,3
0.46,9974.45352968902,19.8984236238745,3
0.47,9973.98576930468,20.1978480037725,3
0.48,9973.51109678947,20.5017538634321,3
0.49,9973.02940925324,20.8102075495252,3
0.5,9972.54060230374,21.1232763689492,3
0.51,9972.04457002547,21.4410286020535,3
0.52,9971.5412049583,21.7635335160296,3
0.53,9971.03039807586,22.0908613784627,3
0.54,9970.5120387636,22.4230834710482,3
0.55,9969.98601479657,22.7602721034736,3
0.56,9969.45221231694,23.1025006274673,3
0.57,9968.91051581127,23.4498434510148,3
0.58,9968.36080808738,23.8023760527453,3
0.59,9967.80297025108,24.1601749964877,3
0.6,9967.23688168249,24.5233179459991,3
0.61,9966.66242001208,24.891883679866,3
0.62,9966.07946109652,25.2659521065792,3
0.63,9965.48787899405,25.6456042797844,3
0.64,9964.88754593972,26.030922413709,3
0.65,9964.27833232021,26.4219898987663,3
0.66,9963.6601066484,26.8188913173378,3
0.67,9963.03273553759,27.2217124597358,3
0.68,9962.39608367544,27.6305403403455,3
0.69,9961.7500137976,28.0454632139497,3
0.7,9961.09438666094,28.4665705922348,3
0.71,9960.42906101661,28.8939532604808,3
0.72,9959.75389358261,29.3277032944354,3
0.73,9959.06873901615,29.7679140773723,3
0.74,9958.37344988565,30.2146803173366,3
0.75,9957.66787664239,30.6680980645752,3
0.76,9956.95186759184,31.1282647291552,3
0.77,9956.22526886467,31.59527909877,3
0.78,9955.4879243874,32.0692413567332,3
0.79,9954.73967585273,32.550253100162,3
0.8,9953.98036268951,33.0384173583497,3
0.81,9953.20982203237,33.5338386113274,3
0.82,9952.42788869105,34.0366228086168,3
0.83,9951.63439511927,34.5468773881724,3
0.84,9950.82917138341,35.0647112955144,3
0.85,9950.01204513067,35.5902350030533,3
0.86,9949.18284155704,36.1235605296035,3
0.87,9948.34138337476,36.6648014600896,3
0.88,9947.48749077955,37.2140729654415,3
0.89,9946.62098141742,37.7714918226817,3
0.9,9945.74167035112,38.3371764352014,3
0.91,9944.84937002624,38.9112468532278,3
0.92,9943.94389023699,39.4938247944796,3
0.93,9943.02503809151,40.0850336650124,3
0.94,9942.09261797696,40.684998580252,3
0.95,9941.14643152408,41.293846386215,3
0.96,9940.18627757157,41.9117056809168,3
0.97,9939.21195212992,42.5387068359647,3
0.98,9938.22324834501,43.1749820183358,3
0.99,9937.21995646128,43.8206652123385,3
1,9936.20186378454,44.4758922417564,3
1.01,9935.16875464441,45.140800792172,3
1.02,9934.12041035639,45.8155304334708,3
1.03,9933.0566091836,46.5002226425215,3
1.04,9931.97712629808,47.1950208260328,3
1.05,9930.8817337418,47.9000703435829,3
1.06,9929.77020038722,48.6155185308209,3
1.07,9928.64229189759,49.3415147228368,3
1.08,9927.49777068676,50.0782102776982,3
1.09,9926.33639587871,50.8257586001512,3
1.1,9925.15792326674,51.5843151654813,3
1.11,9923.96210527217,52.3540375435336,3
1.12,9922.74869090284,53.1350854228868,3
1.13,9921.51742571112,53.9276206351791,3
1.14,9920.26805175165,54.7318071795815,3
1.15,9919.00030753869,55.5478112474154,3
1.16,9917.7139280031,56.3758012469102,3
1.17,9916.40864444903,57.2159478280964,3
1.18,9915.0841845102,58.0684239078299,3
1.19,9913.74027210587,58.9334046949431,3
1.2,9912.3766273965,59.8110677155177,3
1.21,9910.992966739,60.7015928382734,3
1.22,9909.58900264171,61.6051623000684,3
1.23,9908.16444371904,62.5219607315041,3
1.24,9906.71899464577,63.4521751826305,3
1.25,9905.2523561111,64.3959951487435,3
1.26,9903.76422477224,65.3536125962693,3
1.27,9902.25429320789,66.3252219887281,3
1.28,9900.72224987128,67.3110203127709,3
1.29,9899.16777904293,68.3112071042809,3
1.3,9897.59056078323,69.3259844745324,3
1.31,9895.99027088459,70.355557136399,3
1.32,9894.36658082344,71.4001324306026,3
1.33,9892.71915771192,72.4599203519938,3
1.34,9891.04766424929,73.5351335758564,3
1.35,9889.35175867314,74.6259874842236,3
1.36,9887.63109471035,75.7327001921991,3
1.37,9885.8853215278,76.8554925742703,3
1.38,9884.11408368291,77.9945882906045,3
1.39,9882.31702107389,79.1502138133162,3
1.4,9880.49376888994,80.3225984526946,3
1.41,9878.64395756109,81.5119743833781,3
1.42,9876.76721270802,82.7185766704657,3
1.43,9874.86315509161,83.9426432955497,3
1.44,9872.93140056244,85.184415182659,3
1.45,9870.9715600101,86.4441362240967,3
1.46,9868.9832393124,87.7220533061604,3
1.47,9866.96603928445,89.018416334728,3
1.48,9864.91955562773,90.3334782606954,3
1.49,9862.84337887902,91.6674951052495,3
1.5,9860.73709435931,93.0207259849602,3
1.51,9858.60028212266,94.3934331366753,3
1.52,9856.43251690506,95.7858819421993,3
1.53,9854.23336807328,97.1983409527403,3
1.54,9852.00239957376,98.6310819131037,3
1.55,9849.73916988151,100.084379785616,3
1.56,9847.44323194915,101.558512773758,3
1.57,9845.1141331559,103.053762345487,3
1.58,9842.75141525687,104.570413256221,3
1.59,9840.35461433227,106.108753571483,3
1.6,9837.92326073696,107.669074689152,3
1.61,9835.45687905008,109.251671361326,3
1.62,9832.95498802493,110.856841715759,3
1.63,9830.41710053907,112.484887276847,3
1.64,9827.84272354466,114.136112986145,3
1.65,9825.23135801918,115.810827222387,3
1.66,9822.58249891635,117.509341820973,3
1.67,9819.89563511753,119.23197209291,3
1.68,9817.17024938337,120.97903684317,3
1.69,9814.40581830603,122.750858388438,3
1.7,9811.60181226173,124.547762574221,3
1.71,9808.75769536381,126.370078791281,3
1.72,9805.8729254164,128.218139991378,3
1.73,9802.9469538685,130.092282702264,3
1.74,9799.97922576882,131.992847041926,3
1.75,9796.96917972109,133.920176732013,3
1.76,9793.91624784023,135.874619110434,3
1.77,9790.81985570905,137.856525143088,3
1.78,9787.67942233587,139.866249434676,3
1.79,9784.49436011285,141.904150238577,3
1.8,9781.26407477518,143.970589465729,3
1.81,9777.98796536122,146.065932692497,3
1.82,9774.66542417354,148.190549167468,3
1.83,9771.29583674092,150.344811817144,3
1.84,9767.8785817815,152.529097250487,3
1.85,9764.41303116689,154.743785762273,3
1.86,9760.89854988756,156.989261335205,3
1.87,9757.3344960193,159.265911640756,3
1.88,9753.72022069104,161.574128038673,3
1.89,9750.05506805395,163.914305575113,3
1.9,9746.33837525186,166.286842979354,3
1.91,9742.56947239324,168.692142659035,3
1.92,9738.74768252448,171.130610693872,3
1.93,9734.87232160492,173.602656827799,3
1.94,9730.9426984834,176.108694459485,3
1.95,9726.95811487647,178.649140631169,3
1.96,9722.9178653484,181.224416015758,3
1.97,9718.82123729302,183.834944902139,3
1.98,9714.66751091739,186.481155178643,3
1.99,9710.45595922751,189.163478314597,3
2,9706.18584801597,191.882349339924,3
2.01,9701.85643585179,194.63820682271,3
2.02,9697.46697407239,197.431492844691,3
2.03,9693.01670677787,200.262652974594,3
2.04,9688.50487082754,203.132136239263,3
2.05,9683.93069583902,206.040395092522,3
2.06,9679.29340418967,208.987885381691,3
2.07,9674.59221102072,211.975066311701,3
2.08,9669.82632424408,215.002400406741,3
2.09,9664.99494455179,218.070353469358,3
2.1,9660.09726542844,221.179394536962,3
2.11,9655.13247316648,224.32999583564,3
2.12,9650.09974688454,227.522632731232,3
2.13,9644.99825854889,230.757783677582,3
2.14,9639.82717299806,234.035930161902,3
2.15,9634.58564797091,237.357556647163,3
2.16,9629.27283413789,240.723150511456,3
2.17,9623.88787513599,244.133201984232,3
2.18,9618.42990760722,247.588204079356,3
2.19,9612.89806124074,251.088652524896,3
2.2,9607.29145881892,254.63504568957,3
2.21,9601.60921626718,258.227884505765,3
2.22,9595.8504427079,261.867672389073,3
2.23,9590.0142405185,265.554915154238,3
2.24,9584.09970539362,269.290120927454,3
2.25,9578.10592641178,273.073800054927,3
2.26,9572.03198610633,276.906465007624,3
2.27,9565.87696054111,280.788630282122,3
2.28,9559.63991939061,284.720812297495,3
2.29,9553.31992602506,288.703529288132,3
2.3,9546.91603760032,292.737301192433,3
2.31,9540.42730515273,296.822649537276,3
2.32,9533.85277369922,300.960097318205,3
2.33,9527.19148234246,305.150168875227,3
2.34,9520.44246438156,309.393389764161,3
2.35,9513.60474742802,313.690286623453,3
2.36,9506.67735352742,318.041387036376,3
2.37,9499.6592992867,322.447219388532,3
2.38,9492.5495960073,326.908312720593,3
2.39,9485.3472498242,331.425196576189,3
2.4,9478.05126185097,335.998400844871,3
2.41,9470.66062833104,340.628455600086,3
2.42,9463.17434079515,345.315890932063,3
2.43,9455.59138622528,350.061236775571,3
2.44,9447.91074722496,354.865022732443,3
2.45,9440.13140219629,359.727777888835,3
2.46,9432.25232552363,364.650030627104,3
2.47,9424.27248776411,369.632308432292,3
2.48,9416.19085584511,374.675137693103,3
2.49,9408.00639326877,379.779043497346,3
2.5,9399.71806032365,384.944549421762,3
2.51,9391.32481430365,390.172177316191,3
2.52,9382.82560973431,395.46244708202,3
2.53,9374.21939860654,400.815876444848,3
2.54,9365.50513061795,406.232980721346,3
2.55,9356.68175342175,411.714272580236,3
2.56,9347.74821288353,417.260261797364,3
2.57,9338.70345334576,422.871455004828,3
2.58,9329.54641790024,428.548355434116,3
2.59,9320.27604866865,434.291462653228,3
2.6,9310.891287091,440.10127229776,3
2.61,9301.39107422245,445.978275795912,3
2.62,9291.77435103818,451.922960087423,3
2.63,9282.04005874674,457.935807336396,3
2.64,9272.18713911155,464.017294638028,3
2.65,9262.21453478103,470.167893719213,3
2.66,9252.12118962708,476.388070633057,3
2.67,9241.90604909208,482.678285447275,3
2.68,9231.56806054452,489.03899192651,3
2.69,9221.10617364313,495.470637208585,3
2.7,9210.51934070975,501.973661474707,3
2.71,9199.80651711074,508.548497613674,3
2.72,9188.9666616471,515.195570880103,3
2.73,9177.99873695326,521.915298546744,3
2.74,9166.90170990456,528.708089550922,3
2.75,9155.67455203334,535.574344135178,3
2.76,9144.31623995375,542.514453482171,3
2.77,9132.82575579511,549.52879934392,3
2.78,9121.20208764396,556.61775366548,3
2.79,9109.44422999455,563.781678203135,3
2.8,9097.55118420797,571.020924137221,3
2.81,9085.52195897962,578.335831679678,3
2.82,9073.35557081507,585.726729676479,3
2.83,9061.05104451431,593.193935205031,3
2.84,9048.60741366408,600.737753166719,3
2.85,9036.02372113843,608.358475874729,3
2.86,9023.29901960717,616.056382637316,3
2.87,9010.43237205228,623.831739336683,3
2.88,8997.42285229203,631.684798003657,3
2.89,8984.26954551268,639.615796388357,3
2.9,8970.97154880767,647.624957527048,3
2.91,8957.52797172401,655.712489305404,3
2.92,8943.93793681582,663.878584018402,3
2.93,8930.20058020472,672.123417927082,3
2.94,8916.31505214693,680.447150812427,3
2.95,8902.28051760683,688.84992552662,3
2.96,8888.09615683669,697.331867541938,3
2.97,8873.76116596249,705.893084497597,3
2.98,8859.27475757536,714.533665744805,3
2.99,8844.63616132847,723.253681890363,3
3,8829.84462453913,732.053184339109,3
3.01,8814.89941279565,740.932204835557,3
3.02,8799.79981056882,749.890755005054,3
3.03,8784.54512182747,758.928825894831,3
3.04,8769.13467065795,768.046387515298,3
3.05,8753.5678018871,777.243388381971,3
3.06,8737.84388170824,786.519755058424,3
3.07,8721.96229830997,795.875391700661,3
3.08,8705.92246250716,805.310179603328,3
3.09,8689.72380837395,814.823976748195,3
3.1,8673.36579387809,824.416617355339,3
3.11,8656.84790151633,834.08791143747,3
3.12,8640.16963895032,843.837644357879,3
3.13,8623.33053964254,853.665576392464,3
3.14,8606.33016349189,863.571442296309,3
3.15,8589.16809746815,873.554950875328,3
3.16,8571.84395624517,883.615784563446,3
3.17,8554.3573828319,893.753599005851,3
3.18,8536.70804920098,903.968022648825,3
3.19,8518.89565691416,914.258656336672,3
3.2,8500.91993774402,924.625072916299,3
3.21,8482.78065429156,935.066816849969,3
3.22,8464.47760059872,945.583403836794,3
3.23,8446.01060275565,956.174320443513,3
3.24,8427.37951950176,966.83902374512,3
3.25,8408.58424282008,977.576940975908,3
3.26,8389.62469852437,988.387469191499,3
3.27,8370.50084683813,999.269974942444,3
3.28,8351.21268296504,1010.22379395995,3
3.29,8331.76023765009,1021.24823085435,3
3.3,8312.14357773071,1032.34255882685,3
3.31,8292.36280667731,1043.50601939519,3
3.32,8272.41806512249,1054.73782213374,3
3.33,8252.30953137826,1066.0371444287,3
3.34,8232.03742194053,1077.40313124888,3
3.35,8211.60199198031,1088.83489493273,3
3.36,8191.00353582081,1100.33151499211,3
3.37,8170.24238739975,1111.89203793347,3
3.38,8149.31892071635,1123.51547709689,3
3.39,8128.23355026204,1135.20081251361,3
3.4,8106.98673143448,1146.94699078264,3
3.41,8085.57896093406,1158.75292496683,3
3.42,8064.01077714217,1170.61749450911,3
3.43,8042.28276048065,1182.53954516933,3
3.44,8020.39553375181,1194.51788898217,3
3.45,7998.34976245815,1206.55130423678,3
3.46,7976.14615510136,1218.63853547836,3
3.47,7953.78546345981,1230.77829353246,3
3.48,7931.26848284402,1242.96925555215,3
3.49,7908.59605232932,1255.21006508873,3
3.5,7885.76905496538,1267.49933218627,3
3.51,7862.7884179617,1279.83563350035,3
3.52,7839.65511284874,1292.21751244149,3
3.53,7816.37015561403,1304.64347934347,3
3.54,7792.93460681276,1317.11201165704,3
3.55,7769.34957165227,1329.62155416911,3
3.56,7745.61620005009,1342.17051924792,3
3.57,7721.73568666489,1354.75728711431,3
3.58,7697.70927090009,1367.38020613926,3
3.59,7673.53823687945,1380.0375931681,3
3.6,7649.22391339454,1392.72773387134,3
3.61,7624.7676738235,1405.44888312241,3
3.62,7600.17093602088,1418.1992654023,3
3.63,7575.43516217811,1430.97707523129,3
3.64,7550.56185865456,1443.7804776277,3
3.65,7525.55257577861,1456.60760859375,3
3.66,7500.40890761888,1469.45657562849,3
3.67,7475.13249172511,1482.3254582677,3
3.68,7449.72500883873,1495.21230865068,3
3.69,7424.18818257301,1508.11515211388,3
3.7,7398.52377906253,1521.03198781108,3
3.71,7372.73360658219,1533.96078935996,3
3.72,7346.81951513552,1546.89950551493,3
3.73,7320.78339601246,1559.84606086574,3
3.74,7294.62718131661,1572.79835656172,3
3.75,7268.35284346208,1585.75427106129,3
3.76,7241.96239464007,1598.71166090622,3
3.77,7215.45788625543,1611.66836152039,3
3.78,7188.84140833327,1624.62218803247,3
3.79,7162.11508889606,1637.57093612204,3
3.8,7135.2810933114,1650.51238288865,3
3.81,7108.34162361083,1663.44428774326,3
3.82,7081.29891778007,1676.36439332139,3
3.83,7054.15524902111,1689.27042641737,3
3.84,7026.91292498659,1702.16009893901,3
3.85,6999.57428698697,1715.03110888201,3
3.86,6972.141709171,1727.88114132336,3
3.87,6944.61759768015,1740.70786943282,3
3.88,6917.00438977744,1753.50895550194,3
3.89,6889.30455295153,1766.28205198946,3
3.9,6861.5205839965,1779.02480258255,3
3.91,6833.65500806829,1791.7348432727,3
3.92,6805.71037771832,1804.40980344548,3
3.93,6777.68927190524,1817.04730698329,3
3.94,6749.59429498552,1829.64497337995,3
3.95,6721.42807568371,1842.20041886622,3
3.96,6693.19326604343,1854.71125754526,3
3.97,6664.89254035966,1867.17510253699,3
3.98,6636.52859409359,1879.58956713015,3
3.99,6608.10414277073,1891.9522659412,3
4,6579.62192086349,1904.2608160788,3
4.01,6551.08468065895,1916.51283831285,3
4.02,6522.49519111311,1928.70595824689,3
4.03,6493.8562366925,1940.83780749288,3
4.04,6465.17061620426,1952.90602484708,3
4.05,6436.44114161574,1964.90825746589,3
4.06,6407.67063686479,1976.84216204064,3
4.07,6378.86193666168,1988.70540597003,3
4.08,6350.01788528393,2000.49566852916,3
4.09,6321.14133536513,2012.21064203393,3
4.1,6292.23514667875,2023.84803299974,3
4.11,6263.30218491832,2035.40556329327,3
4.12,6234.34532047485,2046.88097127627,3
4.13,6205.36742721286,2058.2720129402,3
4.14,6176.37138124599,2069.57646303056,3
4.15,6147.36005971348,2080.79211615992,3
4.16,6118.33633955849,2091.91678790842,3
4.17,6089.30309630956,2102.9483159108,3
4.18,6060.2632028662,2113.88456092877,3
4.19,6031.21952828981,2124.72340790778,3
4.2,6002.17493660099,2135.46276701716,3
4.21,5973.13228558431,2146.10057467258,3
4.22,5944.09442560174,2156.6347945399,3
4.23,5915.06419841561,2167.06341851948,3
4.24,5886.0444360223,2177.38446771,3
4.25,5857.0379594976,2187.5959933509,3
4.26,5828.04757785484,2197.69607774264,3
4.27,5799.0760869166,2207.68283514385,3
4.28,5770.12626820114,2217.55441264467,3
4.29,5741.20088782439,2227.30899101548,3
4.3,5712.30269541843,2236.9447855303,3
4.31,5683.43442306727,2246.46004676411,3
4.32,5654.59878426099,2255.85306136356,3
4.33,5625.79847286875,2265.12215279035,3
4.34,5597.03616213174,2274.26568203674,3
4.35,5568.31450367667,2283.28204831258,3
4.36,5539.63612655063,2292.16968970356,3
4.37,5511.00363627787,2300.92708379992,3
4.38,5482.41961393932,2309.55274829547,3
4.39,5453.88661527539,2318.04524155639,3
4.4,5425.40716981263,2326.40316315947,3
4.41,5396.98378001487,2334.62515439959,3
4.42,5368.61892045926,2342.7098987661,3
4.43,5340.31503703777,2350.65612238787,3
4.44,5312.0745461846,2358.46259444692,3
4.45,5283.89983412987,2366.12812756037,3
4.46,5255.79325617989,2373.65157813077,3
4.47,5227.75713602452,2381.03184666461,3
4.48,5199.79376507178,2388.26787805906,3
4.49,5171.90540181001,2395.35866185698,3
4.5,5144.09427119775,2402.30323247025,3
4.51,5116.36256408167,2409.10066937145,3
4.52,5088.71243664253,2415.75009725416,3
4.53,5061.14600986934,2422.25068616196,3
4.54,5033.6653690619,2428.60165158633,3
4.55,5006.27256336158,2434.80225453376,3
4.56,4978.96960531053,2440.85180156233,3
4.57,4951.75847043911,2446.74964478802,3
4.58,4924.64109688169,2452.49518186119,3
4.59,4897.61938502056,2458.08785591346,3
4.6,4870.69519715784,2463.52715547558,3
4.61,4843.87035721541,2468.81261436657,3
4.62,4817.14665046245,2473.94381155468,3
4.63,4790.52582327047,2478.9203709906,3
4.64,4764.00958289568,2483.74196141345,3
4.65,4737.59959728827,2488.40829613019,3
4.66,4711.29749492842,2492.91913276879,3
4.67,4685.10486468869,2497.27427300597,3
4.68,4659.02325572238,2501.47356226992,3
4.69,4633.05417737766,2505.51688941883,3
4.7,4607.19909913688,2509.40418639564,3
4.71,4581.45945058077,2513.13542785984,3
4.72,4555.83662137711,2516.71063079687,3
4.73,4530.33196129333,2520.12985410592,3
4.74,4504.94678023268,2523.39319816672,3
4.75,4479.68234829336,2526.50080438608,3
4.76,4454.53989585029,2529.45285472485,3
4.77,4429.52061365884,2532.24957120614,3
4.78,4404.62565298002,2534.89121540535,3
4.79,4379.85612572672,2537.37808792295,3
4.8,4355.2131046303,2539.71052784053,3
4.81,4330.69762342703,2541.88891216115,3
4.82,4306.31067706383,2543.91365523437,3
4.83,4282.0532219227,2545.78520816713,3
4.84,4257.92617606327,2547.50405822088,3
4.85,4233.93041948292,2549.07072819584,3
4.86,4210.06679439375,2550.48577580326,3
4.87,4186.336105516,2551.7497930262,3
4.88,4162.73912038713,2552.86340546971,3
4.89,4139.27656968606,2553.82727170115,3
4.9,4115.94914757195,2554.64208258128,3
4.91,4092.75751203691,2555.308560587,3
4.92,4069.70228527204,2555.8274591263,3
4.93,4046.78405404616,2556.19956184619,3
4.94,4024.00337009673,2556.42568193436,3
4.95,4001.36075053222,2556.5066614152,3
4.96,3978.8566782455,2556.44337044084,3
4.97,3956.49160233751,2556.23670657796,3
4.98,3934.26593855074,2555.88759409094,3
4.99,3912.18006971187,2555.39698322204,3
5,3890.23434618304,2554.76584946926,3
5.01,3868.42908632119,2553.9951928624,3
5.02,3846.76457694484,2553.08603723811,3
5.03,3825.24107380792,2552.03942951429,3
5.04,3803.8588020799,2550.85643896459,3
5.05,3782.61795683186,2549.53815649354,3
5.06,3761.51870352792,2548.08569391274,3
5.07,3740.56117852149,2546.50018321882,3
5.08,3719.74548955584,2544.78277587355,3
5.09,3699.07171626861,2542.93464208667,3
5.1,3678.53991069962,2540.95697010185,3
5.11,3658.15009780155,2538.85096548633,3
5.12,3637.90227595318,2536.61785042468,3
5.13,3617.79641747451,2534.25886301704,3
5.14,3597.83246914349,2531.77525658233,3
5.15,3578.01035271391,2529.1682989668,3
5.16,3558.32996543397,2526.43927185836,3
5.17,3538.79118056521,2523.58947010693,3
5.18,3519.39384790137,2520.62020105135,3
5.19,3500.13779428677,2517.532783853,3
5.2,3481.02282413399,2514.32854883658,3
5.21,3462.04871994031,2511.00883683827,3
5.22,3443.21524280268,2507.5749985617,3
5.23,3424.52213293091,2504.02839394174,3
5.24,3405.96911015873,2500.37039151667,3
5.25,3387.55587445234,2496.60236780878,3
5.26,3369.28210641635,2492.72570671364,3
5.27,3351.14746779664,2488.7417988984,3
5.28,3333.15160198004,2484.65204120907,3
5.29,3315.29413449037,2480.45783608722,3
5.3,3297.57467348084,2476.16059099609,3
5.31,3279.99281022241,2471.76171785635,3
5.32,3262.54811958791,2467.26263249164,3
5.33,3245.24016053182,2462.66475408396,3
5.34,3228.06847656535,2457.96950463916,3
5.35,3211.03259622677,2453.17830846248,3
5.36,3194.13203354675,2448.29259164431,3
5.37,3177.36628850857,2443.3137815563,3
5.38,3160.73484750299,2438.24330635772,3
5.39,3144.23718377777,2433.08259451234,3
5.4,3127.87275788148,2427.83307431572,3
5.41,3111.64101810173,2422.49617343299,3
5.42,3095.54140089752,2417.07331844716,3
5.43,3079.57333132567,2411.56593441796,3
5.44,3063.73622346128,2405.97544445124,3
5.45,3048.02948081196,2400.30326927887,3
5.46,3032.45249672602,2394.55082684918,3
5.47,3017.00465479426,2388.7195319279,3
5.48,3001.68532924553,2382.81079570956,3
5.49,2986.49388533586,2376.82602543933,3
5.5,2971.42967973112,2370.76662404525,3
5.51,2956.4920608833,2364.63398978078,3
5.52,2941.68036940017,2358.42951587762,3
5.53,2926.99393840847,2352.15459020878,3
5.54,2912.43209391054,2345.8105949617,3
5.55,2897.99415513431,2339.39890632154,3
5.56,2883.67943487675,2332.92089416431,3
5.57,2869.48723984076,2326.37792176002,3
5.58,2855.4168709654,2319.77134548548,3
5.59,2841.46762374956,2313.10251454691,3
5.6,2827.63878856913,2306.37277071205,3
5.61,2813.92965098751,2299.58344805176,3
5.62,2800.33949205968,2292.73587269104,3
5.63,2786.8675886297,2285.8313625692,3
5.64,2773.51321362181,2278.87122720923,3
5.65,2760.27563632502,2271.85676749616,3
5.66,2747.15412267138,2264.78927546429,3
5.67,2734.14793550779,2257.67003409314,3
5.68,2721.25633486164,2250.50031711208,3
5.69,2708.47857820005,2243.28138881343,3
5.7,2695.81392068299,2236.01450387384,3
5.71,2683.26161541023,2228.70090718398,3
5.72,2670.82091366221,2221.34183368627,3
5.73,2658.49106513478,2213.93850822052,3
5.74,2646.27131816815,2206.49214537739,3
5.75,2634.16091996974,2199.0039493595,3
5.76,2622.15911683133,2191.47511385002,3
5.77,2610.26515434039,2183.9068218887,3
5.78,2598.47827758568,2176.300245755,3
5.79,2586.7977313573,2168.65654685842,3
5.8,2575.22276034114,2160.97687563565,3
5.81,2563.75260930781,2153.26237145459,3
5.82,2552.38652329632,2145.51416252497,3
5.83,2541.12374779223,2137.73336581546,3
5.84,2529.96352890076,2129.92108697712,3
5.85,2518.90511351456,2122.07842027313,3
5.86,2507.94774947659,2114.20644851445,3
5.87,2497.09068573776,2106.30624300152,3
5.88,2486.33317250989,2098.37886347169,3
5.89,2475.67446141366,2090.42535805224,3
5.9,2465.1138056219,2082.44676321899,3
5.91,2454.65045999815,2074.44410376017,3
5.92,2444.28368123066,2066.41839274557,3
5.93,2434.0127279619,2058.37063150073,3
5.94,2423.83686091358,2050.3018095861,3
5.95,2413.75534300743,2042.21290478099,3
5.96,2403.76743948159,2034.1048830722,3
5.97,2393.87241800297,2025.97869864719,3
5.98,2384.06954877539,2017.83529389169,3
5.99,2374.35810464382,2009.67559939152,3
6,2364.73736119457,2001.50053393869,3
6.01,2355.20659685172,1993.3110045414,3
6.02,2345.76509296979,1985.10790643803,3
6.03,2336.41213392262,1976.89212311492,3
6.04,2327.1470071888,1968.66452632775,3
6.05,2317.96900343338,1960.4259761265,3
6.06,2308.87741658629,1952.17732088391,3
6.07,2299.87154391735,1943.91939732714,3
6.08,2290.95068610787,1935.65303057271,3
6.09,2282.11414731921,1927.37903416449,3
6.1,2273.36123525803,1919.09821011475,3
6.11,2264.69126123859,1910.81134894794,3
6.12,2256.10354024198,1902.51922974742,3
6.13,2247.59739097245,1894.22262020469,3
6.14,2239.17213591086,1885.92227667134,3
6.15,2230.82710136542,1877.61894421333,3
6.16,2222.56161751962,1869.31335666771,3
6.17,2214.37501847758,1861.00623670165,3
6.18,2206.26664230679,1852.69829587352,3
6.19,2198.23583107839,1844.39023469624,3
6.2,2190.28193090493,1836.08274270243,3
6.21,2182.40429197583,1827.77649851163,3
6.22,2174.60226859045,1819.47216989929,3
6.23,2166.87521918897,1811.17041386745,3
6.24,2159.22250638104,1802.87187671716,3
6.25,2151.64349697233,1794.57719412241,3
6.26,2144.13756198898,1786.28699120564,3
6.27,2136.70407670006,1778.00188261455,3
6.28,2129.34242063806,1769.72247260041,3
6.29,2122.0519776175,1761.4493550975,3
6.3,2114.83213575168,1753.18311380387,3
6.31,2107.68228746766,1744.92432226314,3
6.32,2100.60182951949,1736.67354394745,3
6.33,2093.59016299978,1728.43133234137,3
6.34,2086.64669334961,1720.19823102671,3
6.35,2079.77083036688,1711.97477376829,3
6.36,2072.96198821315,1703.76148460045,3
6.37,2066.21958541892,1695.55887791437,3
6.38,2059.54304488759,1687.36745854602,3
6.39,2052.93179389793,1679.18772186483,3
6.4,2046.38526410527,1671.02015386285,3
6.41,2039.90289154135,1662.86523124458,3
6.42,2033.48411661298,1654.72342151712,3
6.43,2027.12838409935,1646.59518308089,3
6.44,2020.83514314839,1638.48096532066,3
6.45,2014.60384727173,1630.38120869693,3
6.46,2008.43395433884,1622.29634483758,3
6.47,2002.3249265699,1614.22679662987,3
6.48,1996.27623052776,1606.1729783125,3
6.49,1990.28733710895,1598.13529556791,3
6.5,1984.35772153364,1590.11414561474,3
6.51,1978.48686333482,1582.10991730027,3
6.52,1972.67424634651,1574.12299119301,3
6.53,1966.91935869118,1566.15373967526,3
6.54,1961.22169276637,1558.20252703561,3
6.55,1955.58074523048,1550.26970956145,3
6.56,1949.99601698793,1542.35563563132,3
6.57,1944.46701317345,1534.46064580724,3
6.58,1938.99324313587,1526.58507292674,3
6.59,1933.57422042109,1518.72924219486,3
6.6,1928.20946275451,1510.89347127582,3
6.61,1922.89849202288,1503.07807038453,3
6.62,1917.64083425553,1495.28334237783,3
6.63,1912.43601960504,1487.50958284538,3
6.64,1907.28358232748,1479.75708020029,3
6.65,1902.18306076204,1472.02611576945,3
6.66,1897.13399731027,1464.31696388341,3
6.67,1892.13593841486,1456.62989196595,3
6.68,1887.18843453792,1448.96516062322,3
6.69,1882.29104013896,1441.32302373248,3
6.7,1877.44331365243,1433.70372853041,3
6.71,1872.64481746489,1426.10751570091,3
6.72,1867.89511789187,1418.5346194625,3
6.73,1863.19378515437,1410.98526765517,3
6.74,1858.54039335508,1403.45968182679,3
6.75,1853.93452045434,1395.95807731893,3
6.76,1849.37574824574,1388.48066335219,3
6.77,1844.86366233158,1381.02764311099,3
6.78,1840.39785209804,1373.59921382776,3
6.79,1835.97791069008,1366.1955668666,3
6.8,1831.60343498629,1358.81688780634,3
6.81,1827.27402557337,1351.463356523,3
6.82,1822.98928672058,1344.13514727167,3
6.83,1818.74882635395,1336.83242876774,3
6.84,1814.55225603037,1329.55536426754,3
6.85,1810.39919091159,1322.30411164834,3
6.86,1806.289249738,1315.07882348771,3
6.87,1802.22205480243,1307.87964714223,3
6.88,1798.19723192376,1300.70672482556,3
6.89,1794.21441042051,1293.56019368583,3
6.9,1790.27322308429,1286.44018588241,3
6.91,1786.37330615329,1279.34682866194,3
6.92,1782.51429928564,1272.28024443372,3
6.93,1778.69584553273,1265.2405508445,3
6.94,1774.91759131258,1258.22786085241,3
6.95,1771.17918638311,1251.24228280038,3
6.96,1767.48028381544,1244.28392048874,3
6.97,1763.82053996718,1237.35287324722,3
6.98,1760.19961445571,1230.44923600621,3
6.99,1756.61717013152,1223.5730993673,3
7,1753.07287305152,1216.72454967318,3
7.01,1749.56639245243,1209.90366907677,3
7.02,1746.09740072416,1203.11053560972,3
7.03,1742.66557338329,1196.34522325015,3
7.04,1739.27058904655,1189.60780198971,3
7.05,1735.91212940438,1182.89833789994,3
7.06,1732.5898791946,1176.2168931979,3
7.07,1729.30352617603,1169.56352631115,3
7.08,1726.05276110235,1162.93829194195,3
7.09,1722.83727769589,1156.34124113083,3
7.1,1719.6567726216,1149.77242131942,3
7.11,1716.51094546112,1143.23187641258,3
7.12,1713.39949868683,1136.71964683987,3
7.13,1710.32213763617,1130.23576961626,3
7.14,1707.27857048595,1123.78027840218,3
7.15,1704.26850822679,1117.35320356292,3
7.16,1701.29166463769,1110.95457222724,3
7.17,1698.34775626075,1104.58440834539,3
7.18,1695.43650237593,1098.24273274639,3
7.19,1692.55762497602,1091.92956319461,3
7.2,1689.71084874168,1085.64491444577,3
7.21,1686.89590101664,1079.38879830213,3
7.22,1684.11251178303,1073.1612236671,3
7.23,1681.36041363685,1066.96219659916,3
7.24,1678.63934176358,1060.79172036508,3
7.25,1675.94903391391,1054.64979549255,3
7.26,1673.28923037965,1048.53641982205,3
7.27,1670.65967396979,1042.45158855815,3
7.28,1668.06010998663,1036.39529432013,3
7.29,1665.49028620222,1030.36752719197,3
7.3,1662.94995283476,1024.36827477163,3
7.31,1660.43886252532,1018.39752221979,3
7.32,1657.9567703146,1012.4552523079,3
7.33,1655.50343361995,1006.5414454656,3
7.34,1653.07861221243,1000.65607982752,3
7.35,1650.68206819417,994.799131279479,3
7.36,1648.31356597576,988.970573504052,3
7.37,1645.9728722539,983.170378025521,3
7.38,1643.65975598914,977.398514254231,3
7.39,1641.37398838386,971.654949530343,3
7.4,1639.11534286035,965.939649166989,3
7.41,1636.88359503911,960.252576492831,3
7.42,1634.67852271725,954.593692894044,3
7.43,1632.49990584713,948.962957855706,3
7.44,1630.34752651514,943.360329002621,3
7.45,1628.22116892062,937.785762139571,3
7.46,1626.12061935498,932.239211290988,3
7.47,1624.045666181,926.720628740084,3
7.48,1621.99609981226,921.22996506741,3
7.49,1619.97171269278,915.767169188877,3
7.5,1617.97229927679,910.33218839322,3
7.51,1615.99765600871,904.924968378927,3
7.52,1614.04758130325,899.545453290636,3
7.53,1612.12187552576,894.193585754998,3
7.54,1610.22034097263,888.869306916014,3
7.55,1608.34278185199,883.572556469857,3
7.56,1606.48900426446,878.303272699181,3
7.57,1604.65881618417,873.061392506912,3
7.58,1602.85202743987,867.846851449547,3
7.59,1601.06844969623,862.659583769948,3
7.6,1599.30789643537,857.499522429644,3
7.61,1597.57018293843,852.366599140645,3
7.62,1595.85512626744,847.260744396774,3
7.63,1594.16254524724,842.181887504526,3
7.64,1592.49226044766,837.12995661344,3
7.65,1590.84409416581,832.104878746026,3
7.66,1589.21787040852,827.106579827212,3
7.67,1587.61341487503,822.134984713338,3
7.68,1586.0305549397,817.190017220709,3
7.69,1584.46911963505,812.271600153687,3
7.7,1582.92893963479,807.379655332351,3
7.71,1581.40984723716,802.514103619718,3
7.72,1579.91167634833,797.674864948531,3
7.73,1578.43426246598,792.861858347624,3
7.74,1576.97744266309,788.075001967864,3
7.75,1575.5410555718,783.314213107677,3
7.76,1574.1249413675,778.57940823816,3
7.77,1572.72894175303,773.870503027795,3
7.77931962402032,1571.44589295412,769.505221924749,3
0,9990,10,4
0.01,9989.70995973191,10.2017029215642,4
0.02,9989.41418831175,10.4074651040386,4
0.03,9989.11257061568,10.6173678716376,4
0.04,9988.80498922942,10.8314941618385,4
0.05,9988.49132440199,11.0499285578026,4
0.06,9988.17145399994,11.2727573203695,4
0.07,9987.8452534607,11.5000684207168,4
0.08,9987.51259574512,11.7319515735484,4
0.09,9987.17335128905,11.9684982709417,4
0.1,9986.82738795405,12.2098018168198,4
0.11,9986.47457097712,12.4559573620562,4
0.12,9986.11476291954,12.7070619402279,4
0.13,9985.74782361475,12.9632145040296,4
0.14,9985.37361011519,13.2245159623564,4
0.15,9984.99197663826,13.4910692180676,4
0.16,9984.60277451113,13.7629792064424,4
0.17,9984.20585211467,14.0403529343388,4
0.18,9983.80105482621,14.323299520066,4
0.19,9983.38822496135,14.6119302339829,4
0.2,9982.96720171457,14.9063585398329,4
0.21,9982.53782109891,15.206700136828,4
0.22,9982.09991588433,15.513073002492,4
0.23,9981.65331553514,15.8255974362766,4
0.24,9981.19784614612,16.1443961039608,4
0.25,9980.73333037758,16.4695940828457,4
0.26,9980.25958738918,16.8013189077576,4
0.27,9979.77643277253,17.1397006178703,4
0.28,9979.28367848261,17.4848718043602,4
0.29,9978.78113276794,17.8369676589049,4
0.3,9978.26860009941,18.1961260230392,4
0.31,9977.74588109793,18.562487438379,4
0.32,9977.21277246072,18.9361951977281,4
0.33,9976.66906688626,19.3173953970779,4
0.34,9976.11455299795,19.7062369885142,4
0.35,9975.54901526634,20.102871834043,4
0.36,9974.97223393002,20.507454760348,4
0.37,9974.38398491511,20.9201436144925,4
0.38,9973.78403975328,21.3410993205788,4
0.39,9973.17216549835,21.7704859373766,4
0.4,9972.54812464141,22.2084707169346,4
0.41,9971.91167502447,22.6552241641869,4
0.42,9971.26256975259,23.1109200975666,4
0.43,9970.60055710444,23.5757357106406,4
0.44,9969.92538044138,24.0498516347766,4
0.45,9969.23677811488,24.5334520028557,4
0.46,9968.53448337244,25.0267245140424,4
0.47,9967.81822426175,25.5298604996256,4
0.48,9967.08772353342,26.0430549899407,4
0.49,9966.3426985418,26.5665067823871,4
0.5,9965.58286114434,27.1004185105516,4
0.51,9964.80791759908,27.6449967144505,4
0.52,9964.01756846053,28.2004519119013,4
0.53,9963.21150847374,28.7669986710358,4
0.54,9962.38942646662,29.3448556839665,4
0.55,9961.55100524044,29.9342458416164,4
0.56,9960.69592145858,30.5353963097233,4
0.57,9959.82384553343,31.1485386060297,4
0.58,9958.93444151138,31.7739086786684,4
0.59,9958.02736695599,32.4117469857528,4
0.6,9957.10227282928,33.0622985761831,4
0.61,9956.15880337109,33.7258131716767,4
0.62,9955.19659597647,34.4025452500316,4
0.63,9954.21528107115,35.0927541296317,4
0.64,9953.21448198509,35.7967040552024,4
0.65,9952.19381482394,36.5146642848224,4
0.66,9951.15288833856,37.246909178201,4
0.67,9950.09130379249,37.9937182862256,4
0.68,9949.00865482739,38.7553764417857,4
0.69,9947.90452732642,39.5321738518796,4
0.7,9946.77849927553,40.3244061910073,4
0.71,9945.63014062264,41.1323746958538,4
0.72,9944.45901313481,41.9563862612667,4
0.73,9943.26467025315,42.7967535375292,4
0.74,9942.04665694571,43.6537950289318,4
0.75,9940.80450955813,44.5278351936415,4
0.76,9939.53775566228,45.4192045448698,4
0.77,9938.2459139025,46.3282397533375,4
0.78,9936.92849383994,47.2552837510348,4
0.79,9935.58499579444,48.2006858362723,4
0.8,9934.21491068444,49.1648017800195,4
0.81,9932.81771986454,50.1479939335249,4
0.82,9931.39289496092,51.1506313372105,4
0.83,9929.93989770457,52.1730898308326,4
0.84,9928.45817976222,53.2157521648998,4
0.85,9926.94718256516,54.2790081133367,4
0.86,9925.40633713578,55.3632545873805,4
0.87,9923.83506391194,56.4688957506971,4
0.88,9922.23277256909,57.5963431357001,4
0.89,9920.59886184023,58.7460157610557,4
0.9,9918.93271933368,59.9183402503534,4
0.91,9917.2337213486,61.113750951922,4
0.92,9915.50123268848,62.3326900597675,4
0.93,9913.73460647228,63.5756077356052,4
0.94,9911.93318394363,64.8429622319626,4
0.95,9910.09629427775,66.1352200163197,4
0.96,9908.22325438637,67.4528558962558,4
0.97,9906.31336872053,68.7963531455675,4
0.98,9904.36592907136,70.1662036313214,4
0.99,9902.38021436879,71.5629079418004,4
1,9900.35549047834,72.9869755153012,4
1.01,9898.29100999592,74.4389247697382,4
1.02,9896.18601204075,75.9192832330027,4
1.03,9894.03972204637,77.4285876740278,4
1.04,9891.85135154986,78.9673842345022,4
1.05,9889.6200979793,80.5362285611749,4
1.06,9887.3451444395,82.1356859386881,4
1.07,9885.02565949608,83.7663314228734,4
1.08,9882.66079695791,85.4287499744399,4
1.09,9880.24969565812,87.1235365929817,4
1.1,9877.79147923357,88.8512964512273,4
1.11,9875.28525590297,90.6126450294471,4
1.12,9872.73011824373,92.4082082499346,4
1.13,9870.12514296752,94.2386226114684,4
1.14,9867.46939069483,96.1045353236603,4
1.15,9864.76190572842,98.0066044410886,4
1.16,9862.00171582584,99.9454989971099,4
1.17,9859.18783197126,101.92189913724,4
1.18,9856.31924814647,103.936496251985,4
1.19,9853.3949411014,105.989993109004,4
1.2,9850.41387012416,108.083103984472,4
1.21,9847.3749768108,110.216554793509,4
1.22,9844.27718483488,112.391083219542,4
1.23,9841.11939971706,114.607438842444,4
1.24,9837.90050859478,116.866383265301,4
1.25,9834.61937999239,119.168690239654,4
1.26,9831.27486359153,121.515145789032,4
1.27,9827.86579000245,123.906548330629,4
1.28,9824.39097053597,126.343708794913,4
1.29,9820.84919697661,128.827450743004,4
1.3,9817.23924135698,131.358610481609,4
1.31,9813.55985573363,133.93803717532,4
1.32,9809.80977196461,136.566592956048,4
1.33,9805.98770148902,139.245153029392,4
1.34,9802.09233510872,141.974605777695,4
1.35,9798.12234277255,144.75585285956,4
1.36,9794.0763733632,147.589809305572,4
1.37,9789.9530544872,150.47740360997,4
1.38,9785.75099226812,153.419577818012,4
1.39,9781.46877114342,156.417287608742,4
1.4,9777.1049536652,159.471502372879,4
1.41,9772.65808030527,162.583205285547,4
1.42,9768.12666926472,165.753393373508,4
1.43,9763.5092162885,168.983077576617,4
1.44,9758.80419448528,172.273282803139,4
1.45,9754.01005415307,175.625047978624,4
1.46,9749.12522261081,179.039426087952,4
1.47,9744.14810403658,182.517484210223,4
1.48,9739.07707931268,186.060303546098,4
1.49,9733.91050587802,189.668979437221,4
1.5,9728.64671758841,193.344621377308,4
1.51,9723.28402458505,197.088353014528,4
1.52,9717.8207131718,200.901312144724,4
1.53,9712.2550457017,204.784650695063,4
1.54,9706.58526047328,208.73953469767,4
1.55,9700.80957163709,212.767144252785,4
1.56,9694.92616911317,216.868673480982,4
1.57,9688.9332185198,221.045330463968,4
1.58,9682.82886111431,225.298337173472,4
1.59,9676.61121374641,229.628929387717,4
1.6,9670.27836882473,234.03835659496,4
1.61,9663.82839429709,238.527881883583,4
1.62,9657.25933364525,243.098781818169,4
1.63,9650.56920589479,247.752346301041,4
1.64,9643.75600564068,252.48987841868,4
1.65,9636.81770308936,257.312694272451,4
1.66,9629.752244118,262.222122793051,4
1.67,9622.55755035158,267.21950553809,4
1.68,9615.2315192587,272.306196472172,4
1.69,9607.77202426664,277.483561728887,4
1.7,9600.1769148967,282.752979354056,4
1.71,9592.4440169204,288.115839029612,4
1.72,9584.57113253743,293.573541777454,4
1.73,9576.55604057612,299.127499642622,4
1.74,9568.39649671737,304.779135355125,4
1.75,9560.09023374269,310.529881969755,4
1.76,9551.6349618074,316.381182483199,4
1.77,9543.02836873967,322.334489427766,4
1.78,9534.26812036649,328.391264441039,4
1.79,9525.3518608672,334.552977810755,4
1.8,9516.27721315575,340.821107994217,4
1.81,9507.04177929238,347.197141111523,4
1.82,9497.64314092572,353.682570411932,4
1.83,9488.07885976626,360.27889571264,4
1.84,9478.34647809204,366.98762280928,4
1.85,9468.44351928758,373.810262857442,4
1.86,9458.36748841687,380.748331724504,4
1.87,9448.11587283146,387.803349311112,4
1.88,9437.68614281454,394.976838841591,4
1.89,9427.07575226189,402.270326122637,4
1.9,9416.28213940078,409.685338769614,4
1.91,9405.30272754748,417.223405399799,4
1.92,9394.13492590464,424.886054791951,4
1.93,9382.77613039914,432.67481501156,4
1.94,9371.22372456141,440.59121250119,4
1.95,9359.47508044723,448.636771135318,4
1.96,9347.52755960261,456.813011239119,4
1.97,9335.37851407286,465.121448570644,4
1.98,9323.02528745646,473.563593265905,4
1.99,9310.4652160047,482.140948746365,4
2,9297.6956297677,490.855010588401,4
2.01,9284.71385378765,499.707265354331,4
2.02,9271.51720934001,508.699189384622,4
2.03,9258.10301522324,517.832247550964,4
2.04,9244.46858909767,527.107891969912,4
2.05,9230.61124887432,536.527560676875,4
2.06,9216.52831415388,546.092676260242,4
2.07,9202.21710771663,555.804644455542,4
2.08,9187.67495706357,565.664852699541,4
2.09,9172.89919600916,575.674668644275,4
2.1,9157.88716632606,585.835438631072,4
2.11,9142.63621944202,596.148486124677,4
2.12,9127.14371818915,606.615110107676,4
2.13,9111.40703860568,617.236583435489,4
2.14,9095.42357179028,628.014151152274,4
2.15,9079.19072580867,638.949028768177,4
2.16,9062.70592765271,650.042400498442,4
2.17,9045.96662525147,661.295417464983,4
2.18,9028.97028953404,672.70919586113,4
2.19,9011.71441654368,684.284815080333,4
2.2,8994.19652960271,696.023315809736,4
2.21,8976.41418152758,707.925698089608,4
2.22,8958.36495689326,719.992919339766,4
2.23,8940.04647434617,732.225892354182,4
2.24,8921.45638896463,744.625483265145,4
2.25,8902.59239466567,757.192509478394,4
2.26,8883.45222665698,769.927737580845,4
2.27,8864.03366393269,782.831881222554,4
2.28,8844.33453181128,795.905598974797,4
2.29,8824.35270451425,809.149492166172,4
2.3,8804.08610778339,822.564102698841,4
2.31,8783.53272153505,836.149910847102,4
2.32,8762.6905825491,849.907333040662,4
2.33,8741.55778719038,863.836719635077,4
2.34,8720.13249416034,877.938352671984,4
2.35,8698.41292727613,892.212443631901,4
2.36,8676.39737827463,906.659131182457,4
2.37,8654.08420963843,921.27847892511,4
2.38,8631.47185744076,936.070473143511,4
2.39,8608.55883420618,951.035020556816,4
2.4,8585.34373178373,966.171946081383,4
2.41,8561.82522422897,981.480990604433,4
2.42,8538.00207069135,996.961808773359,4
2.43,8513.87311830293,1012.61396680452,4
2.44,8489.43730506471,1028.43694031546,4
2.45,8464.69366272624,1044.43011218464,4
2.46,8439.64131965441,1060.59277044281,4
2.47,8414.27950368687,1076.92410620042,4
2.48,8388.60754496569,1093.4232116153,4
2.49,8362.62487874647,1110.08907790531,4
2.5,8336.33104817812,1126.92059341031,4
2.51,8309.72570704842,1143.91654170831,4
2.52,8282.80862249031,1161.07559979046,4
2.53,8255.57967764373,1178.39633629958,4
2.54,8228.03887426787,1195.8772098373,4
2.55,8200.18633529836,1213.51656734454,4
2.56,8172.02230734413,1231.31264256027,4
2.57,8143.54716311847,1249.26355456365,4
2.58,8114.7614037986,1267.36730640431,4
2.59,8085.66566130844,1285.62178382594,4
2.6,8056.26070051878,1304.02475408797,4
2.61,8026.54742135935,1322.57386489034,4
2.62,7996.52686083711,1341.26664340622,4
2.63,7966.20019495527,1360.10049542752,4
2.64,7935.56874052732,1379.07270462785,4
2.65,7904.63395688064,1398.1804319477,4
2.66,7873.39744744417,1417.42071510624,4
2.67,7841.86096121486,1436.79046824435,4
2.68,7810.02639409736,1456.28648170297,4
2.69,7777.895790112,1475.90542194103,4
2.7,7745.47134246591,1495.64383159692,4
2.71,7712.75539448221,1515.49812969718,4
2.72,7679.75044038281,1535.4646120161,4
2.73,7646.45912591992,1555.53945158945,4
2.74,7612.88424885213,1575.7186993856,4
2.75,7579.02875926075,1595.99828513675,4
2.76,7544.8957597025,1616.3740183329,4
2.77,7510.48850519494,1636.84158938096,4
2.78,7475.81040303112,1657.3965709308,4
2.79,7440.86501242036,1678.03441937018,4
2.8,7405.65604395232,1698.75047648965,4
2.81,7370.18735888186,1719.53997131872,4
2.82,7334.46296823245,1740.39802213367,4
2.83,7298.48703171633,1761.31963863763,4
2.84,7262.26385646987,1782.29972431251,4
2.85,7225.7978956031,1803.3330789426,4
2.86,7189.09374656257,1824.41440130888,4
2.87,7152.15614930727,1845.53829205275,4
2.88,7114.98998429758,1866.69925670759,4
2.89,7077.60027029777,1887.89170889606,4
2.9,7039.99216199295,1909.10997369068,4
2.91,7002.17094742167,1930.34829113477,4
2.92,6964.14204522592,1951.60081992046,4
2.93,6925.91100172075,1972.86164122001,4
2.94,6887.48348778602,1994.12476266642,4
2.95,6848.86529558317,2015.38412247863,4
2.96,6810.06233510074,2036.63359372646,4
2.97,6771.08063053213,2057.86698873003,4
2.98,6731.9263164901,2079.07806358775,4
2.99,6692.60563406264,2100.26052282696,4
3,6653.1249267152,2121.40802417069,4
3.01,6613.49063604486,2142.51418341373,4
3.02,6573.70929739224,2163.57257940093,4
3.03,6533.78753531734,2184.57675910019,4
3.04,6493.73205894595,2205.5202427625,4
3.05,6453.54965719351,2226.39652916087,4
3.06,6413.24719387362,2247.19910089998,4
3.07,6372.83160269881,2267.92142978791,4
3.08,6332.30988218129,2288.55698226133,4
3.09,6291.68909044189,2309.09922485507,4
3.1,6250.97633993538,2329.54162970709,4
3.11,6210.1787921008,2349.87768008958,4
3.12,6169.30365194554,2370.10087595669,4
3.13,6128.35816257197,2390.20473949972,4
3.14,6087.34959965576,2410.18282070002,4
3.15,6046.28526588511,2430.02870287008,4
3.16,6005.17248536996,2449.73600817346,4
3.17,5964.0185980307,2469.29840311377,4
3.18,5922.83095397559,2488.7096039834,4
3.19,5881.61690787645,2507.96338226251,4
3.2,5840.38381335166,2527.0535699591,4
3.21,5799.13901736622,2545.9740648808,4
3.22,5757.88985465766,2564.71883582954,4
3.23,5716.64364219735,2583.28192771032,4
3.24,5675.4076736959,2601.65746654521,4
3.25,5634.1892141618,2619.8396643845,4
3.26,5592.99549452183,2637.82282410674,4
3.27,5551.83370631185,2655.60134409982,4
3.28,5510.71099644622,2673.16972281557,4
3.29,5469.63446207392,2690.52256319074,4
3.3,5428.61114552921,2707.65457692736,4
3.31,5387.6480293842,2724.56058862603,4
3.32,5346.75203161076,2741.23553976606,4
3.33,5305.93000085848,2757.67449252649,4
3.34,5265.18871185536,2773.87263344296,4
3.35,5224.53486093738,2789.82527689515,4
3.36,5183.97506171289,2805.52786842045,4
3.37,5143.51584086722,2820.97598784985,4
3.38,5103.16363411267,2836.16535226211,4
3.39,5062.9247822886,2851.09181875331,4
3.4,5022.80552761598,2865.75138701875,4
3.41,4982.81201011017,2880.14020174512,4
3.42,4942.95026415564,2894.25455481078,4
3.43,4903.22621524562,2908.09088729301,4
3.44,4863.64567688939,2921.64579128097,4
3.45,4824.21434768949,2934.91601149404,4
3.46,4784.93780859081,2947.8984467052,4
3.47,4745.82152030294,2960.59015096995,4
3.48,4706.87082089687,2972.98833466131,4
3.49,4668.09092357678,2985.09036531213,4
3.5,4629.48691462719,2996.89376826612,4
3.51,4591.06375153532,3008.39622713963,4
3.52,4552.82626128837,3019.59558409623,4
3.53,4514.77913884471,3030.48983993692,4
3.54,4476.92694577801,3041.07715400873,4
3.55,4439.27410909268,3051.35584393512,4
3.56,4401.82492020889,3061.32438517167,4
3.57,4364.58353411499,3070.98141039096,4
3.58,4327.55396868498,3080.32570870075,4
3.59,4290.74010415824,3089.35622469992,4
3.6,4254.14568277868,3098.07205737669,4
3.61,4217.77430858993,3106.47245885406,4
3.62,4181.62944738335,3114.55683298742,4
3.63,4145.71442679494,3122.32473381966,4
3.64,4110.03243654751,3129.77586389906,4
3.65,4074.58652883396,3136.91007246552,4
3.66,4039.37961883747,3143.7273535108,4
3.67,4004.41448538418,3150.22784371844,4
3.68,3969.69377172402,3156.41182028938,4
3.69,3935.2199864349,3162.27969865889,4
3.7,3900.9955044456,3167.8320301111,4
3.71,3867.0225681726,3173.06949929686,4
3.72,3833.30328876592,3177.9929216611,4
3.73,3799.83964745901,3182.60324078566,4
3.74,3766.6334970178,3186.90152565355,4
3.75,3733.68656328377,3190.88896784068,4
3.76,3701.00044680615,3194.56687864102,4
3.77,3668.57662455814,3197.93668613094,4
3.78,3636.41645173222,3200.99993217871,4
3.79,3604.52116360938,3203.75826940478,4
3.8,3572.89187749759,3206.21345809856,4
3.81,3541.52959473432,3208.3673630972,4
3.82,3510.43520274849,3210.22195063183,4
3.83,3479.60947717683,3211.77928514658,4
3.84,3449.05308403019,3213.04152609559,4
3.85,3418.76658190491,3214.01092472302,4
3.86,3388.7504242349,3214.68982083099,4
3.87,3359.00496157987,3215.08063954033,4
3.88,3329.5304439454,3215.18588804854,4
3.89,3300.32702313062,3215.00815238962,4
3.9,3271.39475509939,3214.55009419998,4
3.91,3242.7336023709,3213.81444749452,4
3.92,3214.34343642595,3212.80401545703,4
3.93,3186.22404012502,3211.52166724839,4
3.94,3158.37511013454,3209.97033483657,4
3.95,3130.79625935794,3208.15300985157,4
3.96,3103.48701936807,3206.07274046874,4
3.97,3076.44684283771,3203.7326283236,4
3.98,3049.67510596521,3201.13582546099,4
3.99,3023.17111089217,3198.28553132139,4
4,2996.9340881105,3195.18498976702,4
4.01,2970.96319885604,3191.83748615011,4
4.02,2945.25753748629,3188.2463444256,4
4.03,2919.81613383985,3184.41492431038,4
4.04,2894.6379555752,3180.34661849101,4
4.05,2869.72191048688,3176.04484988177,4
4.06,2845.06684879677,3171.51306893447,4
4.07,2820.67156541897,3166.75475100175,4
4.08,2796.53480219616,3161.77339375504,4
4.09,2772.65525010605,3156.57251465836,4
4.1,2749.03155143636,3151.15564849915,4
4.11,2725.66230192691,3145.52634497691,4
4.12,2702.54605287757,3139.68816635045,4
4.13,2679.68131322087,3133.64468514454,4
4.14,2657.06655155835,3127.39948191633,4
4.15,2634.70019815956,3120.95614308209,4
4.16,2612.5806469229,3114.31825880453,4
4.17,2590.70625729764,3107.48942094093,4
4.18,2569.07535616634,3100.47322105215,4
4.19,2547.68623968726,3093.27324847263,4
4.2,2526.53717509619,3085.89308844117,4
4.21,2505.62640246726,3078.33632029242,4
4.22,2484.95213643263,3070.60651570873,4
4.23,2464.51256786063,3062.70723703221,4
4.24,2444.30586549226,3054.64203563634,4
4.25,2424.33017753601,3046.41445035692,4
4.26,2404.58363322095,3038.0280059816,4
4.27,2385.0643443081,3029.48621179758,4
4.28,2365.7704065602,3020.79256019664,4
4.29,2346.69990117013,3011.950525337,4
4.3,2327.85089614799,3002.96356186102,4
4.31,2309.22144766735,2993.83510366818,4
4.32,2290.80960137075,2984.56856274231,4
4.33,2272.61339363494,2975.16732803226,4
4.34,2254.63085279624,2965.63476438514,4
4.35,2236.86000033633,2955.97421153111,4
4.36,2219.29885202912,2946.1889831188,4
4.37,2201.94541904901,2936.28236580037,4
4.38,2184.79770904123,2926.25761836509,4
4.39,2167.85372715462,2916.11797092059,4
4.4,2151.11147703761,2905.86662412057,4
4.41,2134.56896179792,2895.50674843798,4
4.42,2118.2241849265,2885.04148348254,4
4.43,2102.07515118655,2874.47393736162,4
4.44,2086.11986746805,2863.80718608327,4
4.45,2070.35634360863,2853.04427300042,4
4.46,2054.78259318134,2842.18820829501,4
4.47,2039.3966342501,2831.24196850113,4
4.48,2024.19649009339,2820.20849606597,4
4.49,2009.18018989703,2809.0906989475,4
4.5,1994.34576941667,2797.89145024775,4
4.51,1979.69127161063,2786.61358788082,4
4.52,1965.21474724395,2775.25991427422,4
4.53,1950.9142554643,2763.8331961028,4
4.54,1936.78786435032,2752.33616405399,4
4.55,1922.83365143337,2740.77151262342,4
4.56,1909.04970419309,2729.14189993989,4
4.57,1895.4341205278,2717.44994761862,4
4.58,1881.98500920003,2705.69824064185,4
4.59,1868.70049025837,2693.88932726573,4
4.6,1855.57869543579,2682.0257189526,4
4.61,1842.61776852562,2670.10989032767,4
4.62,1829.81586573542,2658.14427915916,4
4.63,1817.17115601971,2646.13128636099,4
4.64,1804.68182139212,2634.07327601714,4
4.65,1792.34605721749,2621.97257542672,4
4.66,1780.16207248479,2609.83147516903,4
4.67,1768.12809006124,2597.65222918755,4
4.68,1756.24234692844,2585.43705489224,4
4.69,1744.50309440099,2573.18813327925,4
4.7,1732.9085983283,2560.9076090672,4
4.71,1721.45713928004,2548.59759084933,4
4.72,1710.14701271594,2536.26015126079,4
4.73,1698.97652914039,2523.89732716023,4
4.74,1687.94401424252,2511.5111198251,4
4.75,1677.04780902211,2499.10349515984,4
4.76,1666.28626990201,2486.67638391645,4
4.77,1655.65776882758,2474.23168192655,4
4.78,1645.16069335351,2461.77125034457,4
4.79,1634.79344671868,2449.29691590118,4
4.8,1624.55444790945,2436.81047116658,4
4.81,1614.4421317118,2424.31367482293,4
4.82,1604.45494875291,2411.80825194538,4
4.83,1594.59136553252,2399.29589429123,4
4.84,1584.84986444445,2386.77826059656,4
4.85,1575.2289437889,2374.25697687998,4
4.86,1565.7271177757,2361.73363675281,4
4.87,1556.34291651907,2349.20980173538,4
4.88,1547.07488602414,2336.68700157896,4
4.89,1537.92158816583,2324.16673459273,4
4.9,1528.88160066013,2311.65046797558,4
4.91,1519.95351702839,2299.13963815214,4
4.92,1511.13594655488,2286.63565111274,4
4.93,1502.42751423792,2274.13988275691,4
4.94,1493.82686073487,2261.65367924002,4
4.95,1485.33264230143,2249.17835732267,4
4.96,1476.94353072542,2236.71520472261,4
4.97,1468.65821325534,2224.26548046871,4
4.98,1460.47539252401,2211.83041525679,4
4.99,1452.39378646767,2199.41121180698,4
5,1444.41212824054,2187.00904522218,4
5.01,1436.5291661254,2174.6250633476,4
5.02,1428.74366344017,2162.26038713088,4
5.03,1421.05439844089,2149.9161109827,4
5.04,1413.46016422128,2137.59330313749,4
5.05,1405.95976860908,2125.29300601413,4
5.06,1398.55203405936,2113.01623657639,4
5.07,1391.2357975451,2100.76398669287,4
5.08,1384.00991044512,2088.53722349618,4
5.09,1376.87323842961,2076.33688974138,4
5.1,1369.82466134341,2064.16390416324,4
5.11,1362.86307308729,2052.01916183231,4
5.12,1355.98738149725,2039.90353450961,4
5.13,1349.19650822215,2027.81787099971,4
5.14,1342.48938859974,2015.76299750217,4
5.15,1335.86497153125,2003.73971796109,4
5.16,1329.32221935467,1991.74881441275,4
5.17,1322.86010771696,1979.79104733106,4
5.18,1316.4776254451,1967.86715597086,4
5.19,1310.17377441632,1955.97785870891,4
5.2,1303.94756942759,1944.12385338242,4
5.21,1297.79803806427,1932.30581762502,4
5.22,1291.72422056843,1920.52440920021,4
5.23,1285.72516970647,1908.78026633201,4
5.24,1279.79995063659,1897.07400803292,4
5.25,1273.94764077584,1885.40623442893,4
5.26,1268.16732966708,1873.77752708172,4
5.27,1262.45811884584,1862.18844930776,4
5.28,1256.81912170711,1850.63954649449,4
5.29,1251.2494633723,1839.13134641328,4
5.3,1245.74828055626,1827.66435952934,4
5.31,1240.31472143454,1816.23907930838,4
5.32,1234.94794551095,1804.85598252013,4
5.33,1229.64712348544,1793.51552953844,4
5.34,1224.41143712237,1782.21816463826,4
5.35,1219.24007911931,1770.96431628915,4
5.36,1214.13225297625,1759.75439744555,4
5.37,1209.08717286545,1748.58880583355,4
5.38,1204.10406350188,1737.46792423444,4
5.39,1199.18216001433,1726.39212076464,4
5.4,1194.32070781719,1715.36174915243,4
5.41,1189.51896248297,1704.37714901107,4
5.42,1184.77618961566,1693.43864610858,4
5.43,1180.09166472482,1682.54655263408,4
5.44,1175.46467310055,1671.70116746062,4
5.45,1170.89450968937,1660.90277640461,4
5.46,1166.38047897093,1650.15165248183,4
5.47,1161.92189483572,1639.44805615999,4
5.48,1157.5180804637,1628.79223560778,4
5.49,1153.16836820391,1618.18442694065,4
5.5,1148.87209945511,1607.62485446303,4
5.51,1144.62862454738,1597.11373090724,4
5.52,1140.43730262483,1586.651257669,4
5.53,1136.2975015293,1576.23762503952,4
5.54,1132.2085976852,1565.8730124343,4
5.55,1128.16997598531,1555.55758861854,4
5.56,1124.18102967784,1545.29151192927,4
5.57,1120.24116025445,1535.07493049414,4
5.58,1116.34977733945,1524.90798244698,4
5.59,1112.50629858015,1514.79079614005,4
5.6,1108.71014953825,1504.72349035313,4
5.61,1104.96076358246,1494.7061744993,4
5.62,1101.25758178222,1484.73894882766,4
5.63,1097.60005280254,1474.82190462278,4
5.64,1093.98763280007,1464.95512440108,4
5.65,1090.41978532021,1455.13868210412,4
5.66,1086.89598119547,1445.37264328876,4
5.67,1083.41569844494,1435.65706531429,4
5.68,1079.97842217491,1425.99199752661,4
5.69,1076.58364448067,1416.3774814393,4
5.7,1073.23086434942,1406.81355091182,4
5.71,1069.91958756438,1397.30023232479,4
5.72,1066.64932661002,1387.83754475228,4
5.73,1063.41960057844,1378.42550013133,4
5.74,1060.22993507684,1369.06410342861,4
5.75,1057.07986213627,1359.7533528042,4
5.76,1053.96892012131,1350.49323977274,4
5.77,1050.89665364104,1341.28374936169,4
5.78,1047.86261346109,1332.124860267,4
5.79,1044.86635641674,1323.01654500604,4
5.8,1041.90744532717,1313.95877006787,4
5.81,1038.98544891089,1304.95149606099,4
5.82,1036.09994170212,1295.9946778584,4
5.83,1033.25050396833,1287.08826474017,4
5.84,1030.43672162893,1278.23220053353,4
5.85,1027.65818617485,1269.42642375037,4
5.86,1024.91449458941,1260.67086772243,4
5.87,1022.20524927003,1251.96546073395,4
5.88,1019.53005795114,1243.31012615199,4
5.89,1016.88853362805,1234.70478255444,4
5.9,1014.28029448188,1226.14934385559,4
5.91,1011.70496380549,1217.64371942956,4
5.92,1009.16216993045,1209.18781423134,4
5.93,1006.65154615494,1200.78152891567,4
5.94,1004.17273067274,1192.42475995375,4
5.95,1001.72536650315,1184.11739974772,4
5.96,999.309101421836,1175.85933674308,4
5.97,996.92358789273,1167.65045553892,4
5.98,994.568483000815,1159.49063699618,4
5.99,992.243448385873,1151.37975834381,4
6,989.948150177168,1143.31769328291,4
6.01,987.682258929038,1135.30431208897,4
6.02,985.445449557409,1127.33948171203,4
6.03,983.237401277202,1119.42306587506,4
6.04,981.057797540638,1111.55492517035,4
6.05,978.906325976416,1103.73491715409,4
6.06,976.782678329761,1095.96289643908,4
6.07,974.686550403343,1088.23871478566,4
6.08,972.617641999028,1080.56222119087,4
6.09,970.575656860482,1072.93326197584,4
6.1,968.560302616598,1065.35168087146,4
6.11,966.571290725744,1057.81731910238,4
6.12,964.608336420817,1050.33001546931,4
6.13,962.671158655097,1042.88960642972,4
6.14,960.759480048892,1035.49592617687,4
6.15,958.873026836955,1028.14880671731,4
6.16,957.011528816676,1020.84807794681,4
6.17,955.174719297032,1013.59356772468,4
6.18,953.362335048278,1006.3851019467,4
6.19,951.574116252384,999.222504616452,4
6.2,949.809806454204,992.105597915284,4
6.21,948.069152513351,985.034202270753,4
6.22,946.351904556795,978.008136423711,4
6.23,944.657815932159,971.027217493985,4
6.24,942.986643161695,964.091261044689,4
6.25,941.338145896955,957.20008114519,4
6.26,939.712086874127,950.353490432765,4
6.27,938.108231870033,943.551300172949,4
6.28,936.526349658783,936.793320318613,4
6.29,934.966211969071,930.07935956779,4
6.3,933.427593442109,923.409225420263,4
6.31,931.910271590188,916.782724232948,4
6.32,930.414026755851,910.199661274087,4
6.33,928.938642071681,903.659840776266,4
6.34,927.483903420686,897.163065988292,4
6.35,926.049599397278,890.709139225938,4
6.36,924.635521268832,884.297861921581,4
6.37,923.241462937823,877.929034672746,4
6.38,921.867220904527,871.602457289588,4
6.39,920.512594230282,865.317928841317,4
6.4,919.177384501298,859.075247701599,4
6.41,917.861395793011,852.874211592928,4
6.42,916.564434634969,846.71461763002,4
6.43,915.286309976246,840.596262362222,4
6.44,914.026833151372,834.518941814955,4
6.45,912.785817846781,828.48245153023,4
6.46,911.563080067753,822.486586606217,4
6.47,910.358438105857,816.53114173593,4
6.48,909.171712506886,810.615911244997,4
6.49,908.002726039268,804.740689128572,4
6.5,906.85130366295,798.905269087376,4
6.51,905.717272498756,793.109444562898,4
6.52,904.6004617982,787.35300877177,4
6.53,903.500702913754,781.635754739325,4
6.54,902.41782926956,775.95747533236,4
6.55,901.351676332583,770.317963291114,4
6.56,900.302081584203,764.717011260476,4
6.57,899.268884492221,759.154411820448,4
6.58,898.251926483296,753.629957515853,4
6.59,897.25105091579,748.143440885329,4
6.6,896.266103053024,742.694654489607,4
6.61,895.296930036931,737.283390939087,4
6.62,894.343380862107,731.909442920735,4
6.63,893.405306350249,726.572603224297,4
6.64,892.482559124982,721.272664767865,4
6.65,891.57499358705,716.009420622787,4
6.66,890.682465889896,710.782664037945,4
6.67,889.804833915592,705.592188463411,4
6.68,888.941957251138,700.437787573489,4
6.69,888.093697165115,695.319255289163,4
6.7,887.259916584682,690.236385799955,4
6.71,886.440480072923,685.188973585202,4
6.72,885.635253806528,680.176813434779,4
6.73,884.84410555381,675.199700469257,4
6.74,884.066904653048,670.257430159528,4
6.75,883.303521991153,665.349798345884,4
6.76,882.553829982657,660.476601256593,4
6.77,881.817702549007,655.637635525942,4
6.77779627189047,881.253127507612,651.888662892588,4
0,9990,10,5
0.01,9989.6070932022,10.3041251098504,5
0.02,9989.20236439988,10.6174824903751,5
0.03,9988.7854555859,10.940351363901,5
0.04,9988.35599798923,11.2730193324287,5
0.05,9987.91361175472,11.6157826260454,5
0.06,9987.45790561419,11.9689463578503,5
0.07,9986.98847654882,12.332824785667,5
0.08,9986.50490944159,12.7077415813749,5
0.09,9986.00677671963,13.0940301079623,5
0.1,9985.49363798652,13.4920337043281,5
0.11,9984.96503964403,13.9021059781403,5
0.12,9984.4205145031,14.3246111069515,5
0.13,9983.85958138383,14.7599241477566,5
0.14,9983.28174470405,15.2084313552286,5
0.15,9982.68649405638,15.6705305088382,5
0.16,9982.07330377323,16.146631249088,5
0.17,9981.4416324797,16.6371554230789,5
0.18,9980.79092263385,17.1425374396411,5
0.19,9980.12060005417,17.6632246342642,5
0.2,9979.43007343383,18.1996776440601,5
0.21,9978.71873384147,18.7523707930011,5
0.22,9977.98595420809,19.3217924876762,5
0.23,9977.23108879987,19.9084456238114,5
0.24,9976.45347267631,20.5128480038055,5
0.25,9975.65242113369,21.1355327655327,5
0.26,9974.82722913313,21.7770488226692,5
0.27,9973.97717071318,22.4379613168002,5
0.28,9973.10149838643,23.1188520815703,5
0.29,9972.1994425198,23.8203201191374,5
0.3,9971.27021069811,24.5429820891967,5
0.31,9970.3129870707,25.2874728108392,5
0.32,9969.32693168043,26.0544457775137,5
0.33,9968.31117977501,26.844573685359,5
0.34,9967.26484110004,27.6585489751751,5
0.35,9966.18699917343,28.4970843883025,5
0.36,9965.07671054091,29.3609135366774,5
0.37,9963.93300401202,30.2507914873296,5
0.38,9962.75487987645,31.1674953615895,5
0.39,9961.54130910012,32.1118249492671,5
0.4,9960.29123250072,33.084603338064,5
0.41,9959.00355990229,34.0866775584763,5
0.42,9957.67716926841,35.1189192444403,5
0.43,9956.31090581372,36.1822253099719,5
0.44,9954.90358109321,37.2775186420383,5
0.45,9953.45397206908,38.405748809902,5
0.46,9951.96082015467,39.5678927911611,5
0.47,9950.42283023517,40.7649557147088,5
0.48,9948.83866966462,41.9979716208183,5
0.49,9947.20696723908,43.2680042385528,5
0.5,9945.52631214532,44.5761477806869,5
0.51,9943.79525288499,45.9235277563095,5
0.52,9942.01229617378,47.3113018012671,5
0.53,9940.17590581526,48.7406605265851,5
0.54,9938.28450154923,50.2128283849907,5
0.55,9936.33645787424,51.7290645556366,5
0.56,9934.33010284393,53.2906638471062,5
0.57,9932.26371683726,54.8989576187531,5
0.58,9930.13553130204,56.5553147204054,5
0.59,9927.94372747193,58.2611424504341,5
0.6,9925.68643505655,60.017887532153,5
0.61,9923.36173090468,61.8270371084899,5
0.62,9920.9676376405,63.6901197548247,5
0.63,9918.50212227272,65.6087065098559,5
0.64,9915.96309477673,67.5844119243168,5
0.65,9913.34840664981,69.6188951273112,5
0.66,9910.65584943932,71.7138609099983,5
0.67,9907.88315324436,73.8710608262964,5
0.68,9905.02798519075,76.0922943102263,5
0.69,9902.08794787989,78.3794098094519,5
0.7,9899.06057781163,80.734305934513,5
0.71,9895.9433437817,83.1589326231787,5
0.72,9892.7336452541,85.6552923192762,5
0.73,9889.42881070908,88.2254411652741,5
0.74,9886.02609596726,90.8714902078237,5
0.75,9882.52268249077,93.5956066153263,5
0.76,9878.91567566216,96.4000149066255,5
0.77,9875.20210304197,99.2869981896703,5
0.78,9871.37891260619,102.258899409002,5
0.79,9867.44297096461,105.318122600748,5
0.8,9863.39106156149,108.467134153729,5
0.81,9859.21988285988,111.708464075143,5
0.82,9854.92604651118,115.04470725916,5
0.83,9850.50607551178,118.478524756629,5
0.84,9845.95640234846,122.012645043952,5
0.85,9841.27336713474,125.649865289034,5
0.86,9836.45321574035,129.39305261205,5
0.87,9831.49209791621,133.245145338602,5
0.88,9826.38606541754,137.209154242681,5
0.89,9821.13107012788,141.288163776632,5
0.9,9815.72296218702,145.485333285162,5
0.91,9810.15748812614,149.803898200203,5
0.92,9804.43028901352,154.247171213241,5
0.93,9798.53689861467,158.818543421501,5
0.94,9792.47274157073,163.521485444152,5
0.95,9786.23313159954,168.359548504436,5
0.96,9779.81326972362,173.336365473413,5
0.97,9773.20824253032,178.455651870715,5
0.98,9766.41302046878,183.721206817457,5
0.99,9759.42245618949,189.136913936174,5
1,9752.23128293201,194.70674219235,5
1.01,9744.83411296715,200.434746671833,5
1.02,9737.22543609975,206.325069288088,5
1.03,9729.39961823931,212.381939412963,5
1.04,9721.3509000452,218.609674424285,5
1.05,9713.07339565443,225.012680163301,5
1.06,9704.56109149969,231.595451294606,5
1.07,9695.80784522619,238.362571560882,5
1.08,9686.80738471594,245.318713924402,5
1.09,9677.55330722896,252.468640586891,5
1.1,9668.03907867072,259.817202878982,5
1.11,9658.25803299627,267.369341010134,5
1.12,9648.20337176129,275.130083669499,5
1.13,9637.86816383128,283.104547467855,5
1.14,9627.2453452602,291.297936210369,5
1.15,9616.32771935051,299.715539989555,5
1.16,9605.107956907,308.362734087441,5
1.17,9593.57859669716,317.244977675605,5
1.18,9581.73204613135,326.367812301357,5
1.19,9569.56058217661,335.736860148052,5
1.2,9557.05635251799,345.357822057128,5
1.21,9544.21137698222,355.236475299205,5
1.22,9531.01754923854,365.378671081234,5
1.23,9517.46663879207,375.790331776464,5
1.24,9503.55029328542,386.477447863698,5
1.25,9489.26004112468,397.446074562124,5
1.26,9474.58729444603,408.7023281478,5
1.27,9459.52335243971,420.252381937747,5
1.28,9444.05940504818,432.102461927465,5
1.29,9428.18653705554,444.258842067664,5
1.3,9411.89573258541,456.727839165968,5
1.31,9395.17788002458,469.515807399419,5
1.32,9378.0237773897,482.629132423694,5
1.33,9360.42413815438,496.074225065174,5
1.34,9342.36959755364,509.857514582198,5
1.35,9323.85071938295,523.985441482237,5
1.36,9304.85800330828,538.464449882082,5
1.37,9285.38189270357,553.300979398706,5
1.38,9265.41278303143,568.50145655904,5
1.39,9244.94103078222,584.072285717633,5
1.4,9223.95696298609,600.019839472006,5
1.41,9202.45088731166,616.350448566439,5
1.42,9180.41310276403,633.07039127603,5
1.43,9157.83391099381,650.185882264045,5
1.44,9134.70362822754,667.703060906939,5
1.45,9111.01259782849,685.627979082901,5
1.46,9086.75120349538,703.966588421402,5
1.47,9061.90988310467,722.724727013024,5
1.48,9036.47914320045,741.908105580776,5
1.49,9010.44957413359,761.522293116186,5
1.5,8983.81186584991,781.572701985742,5
1.51,8956.55682432451,802.064572515657,5
1.52,8928.67538863688,823.002957065526,5
1.53,8900.1586486787,844.392703604171,5
1.54,8870.99786348314,866.238438803908,5
1.55,8841.18448016163,888.5445506725,5
1.56,8810.71015343031,911.31517074529,5
1.57,8779.5667657055,934.554155863379,5
1.58,8747.74644774321,958.265069567179,5
1.59,8715.2415997946,982.451163138322,5
1.6,8682.04491324479,1007.11535632664,5
1.61,8648.14939269869,1032.26021780272,5
1.62,8613.54837847324,1057.8879453806,5
1.63,8578.23556945121,1084.00034605885,5
1.64,8542.20504624714,1110.59881593277,5
1.65,8505.45129463194,1137.68432003395,5
1.66,8467.96922915794,1165.257372158,5
1.67,8429.75421692175,1193.31801474471,5
1.68,8390.80210139811,1221.86579887947,5
1.69,8351.10922627315,1250.89976448791,5
1.7,8310.67245920152,1280.41842080014,5
1.71,8269.4892154077,1310.41972716391,5
1.72,8227.55748104745,1340.9010742897,5
1.73,8184.8758362421,1371.85926601379,5
1.74,8141.44347769456,1403.29050166798,5
1.75,8097.26024079261,1435.1903591473,5
1.76,8052.32662110249,1467.55377876911,5
1.77,8006.64379515296,1500.37504801862,5
1.78,7960.21364040794,1533.64778727709,5
1.79,7913.0387543246,1567.36493662989,5
1.8,7865.12247239206,1601.51874385159,5
1.81,7816.46888504567,1636.10075366507,5
1.82,7767.08285335195,1671.10179837059,5
1.83,7716.97002335952,1706.51198993914,5
1.84,7666.13683901308,1742.32071366242,5
1.85,7614.59055352918,1778.51662344835,5
1.86,7562.33923913542,1815.08763884795,5
1.87,7509.39179507805,1852.02094389451,5
1.88,7455.75795380718,1889.3029878315,5
1.89,7401.44828525371,1926.91948779926,5
1.9,7346.47419911771,1964.85543354433,5
1.91,7290.84794509458,2003.09509420811,5
1.92,7234.58261097234,2041.6220272433,5
1.93,7177.69211854124,2080.41908949834,5
1.94,7120.19121726565,2119.46845050063,5
1.95,7062.09547567708,2158.75160795968,5
1.96,7003.42127045732,2198.24940550097,5
1.97,6944.18577319076,2237.94205263065,5
1.98,6884.40693477585,2277.80914691987,5
1.99,6824.10346749715,2317.82969838618,5
2,6763.29482477051,2357.98215603781,5
2.01,6702.00117858646,2398.24443653446,5
2.02,6640.24339468811,2438.59395490658,5
2.03,6578.04300553283,2479.00765726311,5
2.04,6515.42218109832,2519.46205540572,5
2.05,6452.40369760625,2559.93326325619,5
2.06,6389.01090424805,2600.39703499232,5
2.07,6325.26768800912,2640.82880477679,5
2.08,6261.19843669873,2681.20372795327,5
2.09,6196.8280003034,2721.4967235743,5
2.1,6132.18165079155,2761.68251811658,5
2.11,6067.28504050649,2801.73569023104,5
2.12,6002.16415929322,2841.63071636794,5
2.13,5936.84529051223,2881.34201711077,5
2.14,5871.35496610005,2920.84400404755,5
2.15,5805.71992084223,2960.11112700374,5
2.16,5739.96704602874,2999.11792145804,5
2.17,5674.12334266569,3037.83905596022,5
2.18,5608.21587441951,3076.24937936954,5
2.19,5542.27172047098,3114.32396773242,5
2.2,5476.31792845682,3152.03817061998,5
2.21,5410.38146767542,3189.36765674851,5
2.22,5344.4891827311,3226.28845871004,5
2.23,5278.667747788,3262.77701664511,5
2.24,5212.94362160052,3298.81022069598,5
2.25,5147.34300348161,3334.36545208561,5
2.26,5081.89179036384,3369.42062267587,5
2.27,5016.61553510115,3403.95421286709,5
2.28,4951.53940615054,3437.94530771129,5
2.29,4886.68814876457,3471.37363112125,5
2.3,4822.08604781556,3504.21957806896,5
2.31,4757.75689236229,3536.4642446785,5
2.32,4693.72394205943,3568.08945613019,5
2.33,4630.00989549862,3599.0777923051,5
2.34,4566.63686055894,3629.4126111115,5
2.35,4503.62632683261,3659.07806944736,5
2.36,4440.99914018051,3688.05914176546,5
2.37,4378.7754794598,3716.34163622003,5
2.38,4316.97483545479,3743.91220838619,5
2.39,4255.61599203035,3770.75837255533,5
2.4,4194.71700951619,3796.86851062097,5
2.41,4134.29521031926,3822.23187858106,5
2.42,4074.367166751,3846.83861069288,5
2.43,4014.94869104629,3870.67972132711,5
2.44,3956.0548275413,3893.74710457666,5
2.45,3897.69984696843,3916.03353168479,5
2.46,3839.89724281839,3937.532646365,5
2.47,3782.6597297115,3958.23895809224,5
2.48,3725.99924371363,3978.14783345179,5
2.49,3669.92694452544,3997.25548563749,5
2.5,3614.45321946845,4015.55896219628,5
2.51,3559.58768918604,4033.0561311198,5
2.52,3505.3392149738,4049.74566538751,5
2.53,3451.71590764982,4065.6270260681,5
2.54,3398.72513787272,4080.7004440881,5
2.55,3346.37354781339,4094.96690077746,5
2.56,3294.66706408447,4108.4281073027,5
2.57,3243.61091183122,4121.08648309781,5
2.58,3193.20962988666,4132.94513340247,5
2.59,3143.46708689466,4144.00782601566,5
2.6,3094.38649830503,4154.27896737117,5
2.61,3045.97044414613,4163.76357803883,5
2.62,2998.22088748227,4172.46726775281,5
2.63,2951.13919346522,4180.39621006506,5
2.64,2904.72614889164,4187.55711671855,5
2.65,2858.98198218101,4193.9572118309,5
2.66,2813.90638369192,4199.6042059756,5
2.67,2769.49852629746,4204.50627024285,5
2.68,2725.75708614455,4208.67201035865,5
2.69,2682.68026352518,4212.11044093528,5
2.7,2640.26580379166,4214.83095992253,5
2.71,2598.51101825184,4216.8433233236,5
2.72,2557.4128049841,4218.15762023559,5
2.73,2516.96766951606,4218.78424826923,5
2.74,2477.17174531481,4218.73388939818,5
2.75,2438.02081404054,4218.01748628361,5
2.76,2399.51032551943,4216.64621911515,5
2.77,2361.63541739536,4214.63148300499,5
2.78,2324.39093442393,4211.98486596765,5
2.79,2287.77144737605,4208.71812751386,5
2.8,2251.77127152167,4204.84317788278,5
2.81,2216.38448466794,4200.37205793346,5
2.82,2181.60494472929,4195.31691971223,5
2.83,2147.42630681015,4189.6900077097,5
2.84,2113.84203978403,4183.50364081774,5
2.85,2080.84544235547,4176.77019499342,5
2.86,2048.42965859438,4169.50208663443,5
2.87,2016.58769293441,4161.71175666754,5
2.88,1985.31242462986,4153.41165534925,5
2.89,1954.59662166747,4144.61422777553,5
2.9,1924.4329541318,4135.33190009527,5
2.91,1894.81400702465,4125.57706642029,5
2.92,1865.73229254094,4115.36207642295,5
2.93,1837.18026180474,4104.69922361071,5
2.94,1809.15031607116,4093.60073426564,5
2.95,1781.63481740053,4082.07875703572,5
2.96,1754.62609881304,4070.14535316333,5
2.97,1728.11647393272,4057.81248733576,5
2.98,1702.09824613077,4045.09201914142,5
2.99,1676.56371717907,4031.99569511478,5
3,1651.50519542536,4018.53514135266,5
3.01,1626.91500350223,4004.72185668379,5
3.02,1602.78548558269,3990.56720637322,5
3.03,1579.10901419527,3976.08241634308,5
3.04,1555.87799661224,3961.27856789076,5
3.05,1533.08488082458,3946.16659288557,5
3.06,1510.72216111769,3930.75726942512,5
3.07,1488.78238326176,3915.06121793222,5
3.08,1467.2581493311,3899.08889767379,5
3.09,1446.14212216626,3882.85060368305,5
3.1,1425.42702949327,3866.35646406657,5
3.11,1405.10566771386,3849.61643767812,5
3.12,1385.1709053804,3832.64031214149,5
3.13,1365.61568636948,3815.43770220473,5
3.14,1346.43303276729,3798.01804840889,5
3.15,1327.6160474803,3780.39061605433,5
3.16,1309.15791658405,3762.56449444856,5
3.17,1291.05191142273,3744.54859641965,5
3.18,1273.29139047211,3726.35165807989,5
3.19,1255.86980097765,3707.98223882485,5
3.2,1238.7806803797,3689.44872155335,5
3.21,1222.01765753716,3670.75931309449,5
3.22,1205.5744537606,3651.92204482836,5
3.23,1189.44488366556,3632.94477348732,5
3.24,1173.62285585638,3613.83518212568,5
3.25,1158.10237345053,3594.60078124563,5
3.26,1142.87753445304,3575.24891006798,5
3.27,1127.94253199025,3555.78673793694,5
3.28,1113.29165441185,3536.22126584817,5
3.29,1098.91928526964,3516.5593280903,5
3.3,1084.81990318128,3496.80759399017,5
3.31,1070.98808158683,3476.97256975292,5
3.32,1057.41848840549,3457.06060038791,5
3.33,1044.10588559984,3437.07787171262,5
3.34,1031.04512865435,3417.03041242638,5
3.35,1018.23116597455,3396.92409624663,5
3.36,1005.65903821333,3376.76464410078,5
3.37,993.323877529902,3356.5576263668,5
3.38,981.220906787397,3336.30846515648,5
3.39,969.345438694124,3316.02243663529,5
3.4,957.692874893687,3295.70467337329,5
3.41,946.258705008675,3275.36016672189,5
3.42,935.038505642458,3254.99376921145,5
3.43,924.027939343337,3234.61019696515,5
3.44,913.222753535112,3214.21403212469,5
3.45,902.618779417816,3193.80972528393,5
3.46,892.211930842247,3173.40159792646,5
3.47,881.998203161615,3152.99384486375,5
3.48,871.973672063513,3132.59053667047,5
3.49,862.134492385136,3112.19562211398,5
3.5,852.476896914579,3091.81293057507,5
3.51,842.997195180781,3071.44617445744,5
3.52,833.69177223458,3051.09895158339,5
3.53,824.557087423139,3030.77474757348,5
3.54,815.589673159881,3010.47693820823,5
3.55,806.786133691891,2990.20879176976,5
3.56,798.143143866652,2969.97347136187,5
3.57,789.657447899783,2949.77403720682,5
3.58,781.325858145398,2929.61344891744,5
3.59,773.145253870523,2909.49456774339,5
3.6,765.11258003493,2889.42015879013,5
3.61,757.22484607763,2869.39289320995,5
3.62,749.479124711173,2849.41535036372,5
3.63,741.872550724788,2829.49001995293,5
3.64,734.402319797333,2809.61930412102,5
3.65,727.06568732093,2789.80551952349,5
3.66,719.859967236061,2770.05089936634,5
3.67,712.782530878859,2750.35759541222,5
3.68,705.830805841234,2730.72767995407,5
3.69,699.002274844412,2711.16314775584,5
3.7,692.294474626408,2691.66591796022,5
3.71,685.704994843889,2672.23783596299,5
3.72,679.231476988831,2652.8806752541,5
3.73,672.871613320326,2633.59613922528,5
3.74,666.623145811835,2614.38586294432,5
3.75,660.483865114157,2595.25141489587,5
3.76,654.451609534313,2576.19429868903,5
3.77,648.524264030552,2557.21595473182,5
3.78,642.699759223579,2538.31776187261,5
3.79,636.97607042416,2519.50103900881,5
3.8,631.351216677133,2500.767046663,5
3.81,625.823259821906,2482.11698852679,5
3.82,620.390303569448,2463.55201297266,5
3.83,615.05049259576,2445.0732145341,5
3.84,609.802011651812,2426.68163535445,5
3.85,604.643084689885,2408.37826660468,5
3.86,599.571974006255,2390.16404987052,5
3.87,594.586979400119,2372.03987850934,5
3.88,589.686437348681,2354.00659897724,5
3.89,584.868720198251,2336.06501212653,5
3.9,580.132235371248,2318.21587447435,5
3.91,575.475424588946,2300.45989944254,5
3.92,570.896763109812,2282.79775856938,5
3.93,566.394758983273,2265.23008269368,5
3.94,561.967952318724,2247.75746311142,5
3.95,557.614914569605,2230.38045270573,5
3.96,553.334247832353,2213.09956705036,5
3.97,549.12458416002,2195.91528548731,5
3.98,544.984584890376,2178.82805217896,5
3.99,540.912939988259,2161.8382771352,5
4,536.908367401991,2144.94633721603,5
4.01,532.969612433621,2128.15257711009,5
4.02,529.095447122781,2111.4573102895,5
4.03,525.284669643946,2094.86081994162,5
4.04,521.536103716861,2078.36335987799,5
4.05,517.848598029912,2061.96515542114,5
4.06,514.221025676224,2045.66640426943,5
4.07,510.652283602255,2029.46727734061,5
4.08,507.141292068659,2013.36791959445,5
4.09,503.686994123194,1997.36845083478,5
4.1,500.288355085447,1981.46896649158,5
4.11,496.944362043158,1965.66953838333,5
4.12,493.654023359917,1949.97021546022,5
4.13,490.416368194004,1934.37102452842,5
4.14,487.230446028164,1918.87197095614,5
4.15,484.095326210093,1903.47303936153,5
4.16,481.010097503417,1888.17419428305,5
4.17,477.97386764895,1872.97538083265,5
4.18,474.985762936021,1857.87652533213,5
4.19,472.044927783662,1842.87753593299,5
4.2,469.150524331439,1827.97830322033,5
4.21,466.301732039739,1813.17870080097,5
4.22,463.497747299291,1798.47858587624,5
4.23,460.737783049744,1783.87779979982,5
4.24,458.021068407082,1769.37616862096,5
4.25,455.346848299703,1754.97350361332,5
4.26,452.714383112963,1740.66960178995,5
4.27,450.122948341993,1726.46424640461,5
4.28,447.571834252619,1712.35720743978,5
4.29,445.060345550189,1698.34824208166,5
4.3,442.58780105614,1684.43709518255,5
4.31,440.153533392119,1670.62349971079,5
4.32,437.756888671506,1656.90717718868,5
4.33,435.397226198147,1643.28783811862,5
4.34,433.073918172147,1629.76518239765,5
4.35,430.786349402558,1616.33889972093,5
4.36,428.533917026799,1603.00866997415,5
4.37,426.316030236662,1589.77416361529,5
4.38,424.132110010732,1576.63504204604,5
4.39,421.981588853099,1563.59095797296,5
4.4,419.863910538187,1550.64155575876,5
4.41,417.778529861578,1537.78647176401,5
4.42,415.724912396677,1525.02533467926,5
4.43,413.702534257088,1512.35776584814,5
4.44,411.710881864565,1499.78337958136,5
4.45,409.749451722398,1487.30178346211,5
4.46,407.817750194123,1474.91257864282,5
4.47,405.915293287406,1462.6153601337,5
4.48,404.041606443,1450.40971708316,5
4.49,402.196224328642,1438.29523305033,5
4.5,400.378690637769,1426.27148626992,5
4.51,398.588557892954,1414.33804990954,5
4.52,396.825387253929,1402.49449231977,5
4.53,395.088748330098,1390.74037727706,5
4.54,393.378218997432,1379.07526421974,5
4.55,391.693385219631,1367.49870847721,5
4.56,390.03384087346,1356.01026149261,5
4.57,388.39918757816,1344.609471039,5
4.58,386.789034528824,1333.29588142935,5
4.59,385.202998333651,1322.06903372036,5
4.6,383.64070285499,1310.92846591043,5
4.61,382.101779054068,1299.8737131318,5
4.62,380.585864839321,1288.90430783698,5
4.63,379.09260491825,1278.01977997986,5
4.64,377.621650652694,1267.21965719129,5
4.65,376.172659917463,1256.50346494958,5
4.66,374.74529696223,1245.87072674586,5
4.67,373.339232276617,1235.32096424448,5
4.68,371.954142458383,1224.85369743868,5
4.69,370.589710084658,1214.46844480147,5
4.7,369.245623586132,1204.16472343199,5
4.71,367.921577124138,1193.94204919743,5
4.72,366.617270470555,1183.7999368706,5
4.73,365.332408890458,1173.73790026327,5
4.74,364.066703027467,1163.75545235543,5
4.75,362.819868791701,1153.8521054205,5
4.76,361.591627250303,1144.02737114672,5
4.77,360.381704520452,1134.28076075467,5
4.78,359.189831664817,1124.61178511112,5
4.79,358.015744589382,1115.01995483932,5
4.8,356.859183943597,1105.50478042572,5
4.81,355.719895022786,1096.06577232333,5
4.82,354.59762767277,1086.70244105175,5
4.83,353.492136196644,1077.41429729398,5
4.84,352.403179263654,1068.20085199003,5
4.85,351.330519820134,1059.06161642752,5
4.86,350.273925002446,1049.9961023293,5
4.87,349.233166051869,1041.00382193812,5
4.88,348.208018231408,1032.08428809855,5
4.89,347.198260744457,1023.23701433605,5
4.9,346.203676655286,1014.46151493346,5
4.91,345.224052811302,1005.75730500484,5
4.92,344.259179767041,997.123900566767,5
4.93,343.308851709856,988.560818607185,5
4.94,342.37286638725,980.067577151847,5
4.95,341.451025035824,971.643695328423,5
4.96,340.543132311798,963.288693428326,5
4.97,339.648996223068,955.002092966341,5
4.98,338.768428062763,946.783416738086,5
4.99,337.901242344261,938.632188875391,5
5,337.047256737642,930.547934899631,5
5.01,336.206292007528,922.53018177308,5
5.02,335.378171952291,914.578457948338,5
5.03,334.562723344591,906.692293415886,5
5.04,333.759775873205,898.8712197498,5
5.05,332.969162086133,891.114770151712,5
5.06,332.190717334939,883.422479493027,5
5.07,331.424279720297,875.793884355472,5
5.08,330.669690038725,868.228523070008,5
5.09,329.926791730464,860.72593575415,5
5.1,329.19543082849,853.285664347749,5
5.11,328.47545590862,845.907252647273,5
5.12,327.766718040693,838.590246338619,5
5.13,327.069070740803,831.334193028516,5
5.14,326.382369924553,824.138642274539,5
5.15,325.70647386131,817.003145613788,5
5.16,325.041243129437,809.927256590261,5
5.17,324.386540572482,802.910530780955,5
5.18,323.742231256295,795.952525820738,5
5.19,323.108182427061,789.052801426025,5
5.2,322.484263470218,782.210919417287,5
5.21,321.870345870248,775.426443740431,5
5.22,321.266303171311,768.698940487078,5
5.23,320.672010938722,762.027977913774,5
5.24,320.087346721221,755.413126460172,5
5.25,319.512190014049,748.853958766189,5
5.26,318.94642222279,742.350049688199,5
5.27,318.389926627974,735.90097631427,5
5.28,317.842588350417,729.506317978477,5
5.29,317.304294317279,723.165656274314,5
5.3,316.774933228837,716.878575067247,5
5.31,316.254395525938,710.644660506407,5
5.32,315.742573358133,704.463501035474,5
5.33,315.239360552464,698.334687402759,5
5.34,314.744652582899,692.257812670506,5
5.35,314.258346540396,686.232472223459,5
5.36,313.780341103578,680.258263776689,5
5.37,313.310536510016,674.33478738271,5
5.38,312.848834528092,668.461645437926,5
5.39,312.39513842944,662.638442688398,5
5.4,311.949352961956,656.864786234966,5
5.41,311.511384323339,651.14028553776,5
5.42,311.081140135191,645.464552420085,5
5.43,310.658529417622,639.837201071731,5
5.44,310.243462564383,634.257848051706,5
5.45,309.835851318491,628.726112290421,5
5.46,309.435608748351,623.241615091336,5
5.47,309.042649224353,617.803980132087,5
5.48,308.656888395943,612.412833465108,5
5.49,308.278243169148,607.067803517776,5
5.5,307.906631684554,601.768521092073,5
5.51,307.54197329572,596.514619363793,5
5.52,307.184188548022,591.305733881312,5
5.53,306.833199157918,586.141502563927,5
5.54,306.488927992621,581.021565699781,5
5.55,306.15129905018,575.945565943386,5
5.56,305.820237439943,570.913148312758,5
5.57,305.495669363415,565.923960186186,5
5.58,305.177522095487,560.97765129862,5
5.59,304.865723966034,556.073873737732,5
5.6,304.560204341873,551.212281939616,5
5.61,304.26089360907,546.39253268418,5
5.61985178483258,303.972023884614,541.684804605071,5
0,9990,10,6
0.01,9989.5031964862,10.4075745097384,6
0.02,9988.98628276523,10.8317332693082,6
0.03,9988.44844263682,11.2731488181519,6
0.04,9987.88882698862,11.7325207783387,6
0.05,9987.3065524834,12.2105769317156,6
0.06,9986.7007001989,12.708074335754,6
0.07,9986.07031421488,13.2258004823517,6
0.08,9985.41440014474,13.7645745018056,6
0.09,9984.73192361138,14.3252484121818,6
0.1,9984.02180866458,14.908708416285,6
0.11,9983.28293613768,15.5158762479289,6
0.12,9982.51414194184,16.1477105689802,6
0.13,9981.71421529534,16.8052084191108,6
0.14,9980.88189688588,17.4894067199487,6
0.15,9980.01587696337,18.2013838355236,6
0.16,9979.11479336108,18.9422611908379,6
0.17,9978.17722944246,19.7132049504942,6
0.18,9977.20171197138,20.515427759347,6
0.19,9976.18670890307,21.350190547178,6
0.2,9975.13062709318,22.2188043994314,6
0.21,9974.03180992238,23.1226324960938,6
0.22,9972.88853483373,24.0630921208258,6
0.23,9971.69901077997,25.041656742495,6
0.24,9970.4613755781,26.0598581712838,6
0.25,9969.17369316817,27.1192887915743,6
0.26,9967.83395077355,28.2216038738358,6
0.27,9966.44005595958,29.3685239677557,6
0.28,9964.9898335878,30.5618373788731,6
0.29,9963.48102266249,31.8034027309774,6
0.3,9961.91127306682,33.0951516165385,6
0.31,9960.27814218518,34.4390913374314,6
0.32,9958.57909140895,35.837307738202,6
0.33,9956.81148252248,37.2919681341027,6
0.34,9954.97257396624,38.8053243360941,6
0.35,9953.05951697415,40.3797157749681,6
0.36,9951.06935158209,42.0175727266973,6
0.37,9948.99900250456,43.7214196410451,6
0.38,9946.84527487663,45.4938785753989,6
0.39,9944.60484985842,47.3376727356875,6
0.4,9942.27428009921,49.2556301261367,6
0.41,9939.84998505875,51.2506873094863,6
0.42,9937.32824618313,53.3258932791426,6
0.43,9934.70520193287,55.4844134445676,6
0.44,9931.97684266114,57.7295337310149,6
0.45,9929.1390053402,60.0646647944977,6
0.46,9926.18736813406,62.4933463526287,6
0.47,9923.11744481628,65.0192516316927,6
0.48,9919.92457903144,67.64619193,6
0.49,9916.60393839963,70.378121297226,6
0.5,9913.15050846349,73.219141329053,6
0.51,9909.55908647768,76.1735060760099,6
0.52,9905.82427504138,79.2456270649339,6
0.53,9901.94047557475,82.4400784309606,6
0.54,9897.90188164072,85.7616021573859,6
0.55,9893.70247211464,89.2151134201154,6
0.56,9889.33600420425,92.8057060327456,6
0.57,9884.79600632397,96.5386579875716,6
0.58,9880.07577082776,100.419437087014,6
0.59,9875.16834660598,104.453706659076,6
0.6,9870.0665315527,108.647331349496,6
0.61,9864.76286491079,113.006382982216,6
0.62,9859.24961950356,117.537146478687,6
0.63,9853.51879386269,122.24612582531,6
0.64,9847.56210426388,127.140050077038,6
0.65,9841.37097668279,132.225879383734,6
0.66,9834.93653868577,137.510811024412,6
0.67,9828.24961127132,143.002285432866,6
0.68,9821.30070068026,148.707992196465,6
0.69,9814.0799901944,154.635876008075,6
0.7,9806.57733194574,160.794142549073,6
0.71,9798.78223876044,167.19126427938,6
0.72,9790.6838760641,173.835986108164,6
0.73,9782.27105387762,180.737330916571,6
0.74,9773.53221893548,187.904604901302,6
0.75,9764.45544696123,195.347402705275,6
0.76,9755.02843513788,203.075612298788,6
0.77,9745.23849481426,211.099419571753,6
0.78,9735.0725444917,219.429312594455,6
0.79,9724.51710313873,228.07608550115,6
0.8,9713.55828388554,237.050841947469,6
0.81,9702.18178815356,246.364998089127,6
0.82,9690.37290027944,256.030285025872,6
0.83,9678.11648269712,266.058750650891,6
0.84,9665.39697174583,276.462760842104,6
0.85,9652.19837417625,287.254999927839,6
0.86,9638.50426443167,298.448470355462,6
0.87,9624.29778278552,310.056491487446,6
0.88,9609.56163442148,322.09269744534,6
0.89,9594.278089547,334.571033918006,6
0.9,9578.42898463583,347.505753846439,6
0.91,9561.99572489991,360.911411893524,6
0.92,9544.95928809575,374.802857603156,6
0.93,9527.30022977477,389.195227149439,6
0.94,9508.99869009174,404.103933573105,6
0.95,9490.03440228949,419.544655399025,6
0.96,9470.38670298199,435.533323525667,6
0.97,9450.03454436172,452.086106274799,6
0.98,9428.95650845997,469.219392487552,6
0.99,9407.13082359181,486.949772551389,6
1,9384.53538311924,505.294017241531,6
1.01,9361.14776666742,524.269054260149,6
1.02,9336.94526392965,543.891942357177,6
1.03,9311.90490119605,564.179842918121,6
1.04,9286.00347073984,585.149988906743,6
1.05,9259.21756319237,606.819651054198,6
1.06,9231.52360303447,629.206101191139,6
1.07,9202.897887326,652.326572625679,6
1.08,9173.31662778937,676.198217477939,6
1.09,9142.75599635372,700.838060891428,6
1.1,9111.19217425659,726.262952052782,6
1.11,9078.60140478755,752.489511964512,6
1.12,9044.96004974395,779.534077930562,6
1.13,9010.24464965254,807.412644731695,6
1.14,8974.43198779199,836.140802487137,6
1.15,8937.49915803005,865.733671220549,6
1.16,8899.42363646565,896.205832172365,6
1.17,8860.1833568399,927.571255926817,6
1.18,8819.75678965165,959.843227450621,6
1.19,8778.12302488158,993.03426817121,6
1.2,8735.26185819559,1027.15605525563,6
1.21,8691.15388046184,1062.21933828656,6
1.22,8645.78057037751,1098.23385356915,6
1.23,8599.12438996079,1135.2082363418,6
1.24,8551.16888262125,1173.14993120436,6
1.25,8501.89877347758,1212.06510111953,6
1.26,8451.30007154646,1251.95853538596,6
1.27,8399.36017337993,1292.83355702507,6
1.28,8346.06796768223,1334.69193006698,6
1.29,8291.41394038993,1377.53376726386,6
1.3,8235.39027965397,1421.35743880104,6
1.31,8177.99098011671,1466.15948261612,6
1.32,8119.21194583523,1511.93451697422,6
1.33,8059.05109116126,1558.67515598223,6
1.34,7997.50843885245,1606.37192875524,6
1.35,7934.58621465668,1655.01320297496,6
1.36,7870.28893758456,1704.58511360001,6
1.37,7804.62350506356,1755.07149750265,6
1.38,7737.59927215317,1806.45383481374,6
1.39,7669.22812399296,1858.71119775728,6
1.4,7599.52454065715,1911.8202077471,6
1.41,7528.50565359913,1965.75500150052,6
1.42,7456.19129288909,2020.48720689617,6
1.43,7382.6040244776,2075.98592926614,6
1.44,7307.76917675782,2132.21774876502,6
1.45,7231.71485574936,2189.1467294006,6
1.46,7154.47194828812,2246.73444024309,6
1.47,7076.07411267747,2304.93998925165,6
1.48,6996.55775633799,2363.72007006935,6
1.49,6915.96200008388,2423.02902204136,6
1.5,6834.32862875441,2482.81890360615,6
1.51,6751.70202803654,2543.03957909783,6
1.52,6668.12910742974,2603.63881888011,6
1.53,6583.65920942468,2664.56241260957,6
1.54,6498.34400509149,2725.7542953012,6
1.55,6412.23737640098,2787.15668574177,6
1.56,6325.39528572937,2848.71023667092,6
1.57,6237.8756331245,2910.35419602533,6
1.58,6149.73810203486,2972.02657842162,6
1.59,6061.04399432245,3033.66434593981,6
1.6,5971.8560554925,3095.20359716305,6
1.61,5882.23829117754,3156.57976333304,6
1.62,5792.25577600713,3217.72781039547,6
1.63,5701.97445607671,3278.58244563747,6
1.64,5611.46094629843,3339.07832756094,6
1.65,5520.78232397173,3399.15027759214,6
1.66,5430.00591995121,3458.7334922011,6
1.67,5339.19910881328,3517.76375399332,6
1.68,5248.42909943118,3576.17764034211,6
1.69,5157.76272735897,3633.9127281525,6
1.7,5067.26625040081,3690.90779338642,6
1.71,4977.00514870136,3747.10300403321,6
1.72,4887.04393063802,3802.44010527851,6
1.73,4797.44594572634,3856.86259570766,6
1.74,4708.27320566857,3910.31589347418,6
1.75,4619.5862145815,3962.74749146973,6
1.76,4531.44380933761,4014.1071006463,6
1.77,4443.90301084224,4064.34678076279,6
1.78,4357.01888695266,4113.42105795507,6
1.79,4270.84442762352,4161.28702865813,6
1.8,4185.43043273929,4207.9044495407,6
1.81,4100.82541296964,4253.23581324284,6
1.82,4017.07550386031,4297.24640983593,6
1.83,3934.22439325103,4339.90437404846,6
1.84,3852.31326199573,4381.18071841993,6
1.85,3771.38073784902,4421.0493526573,6
1.86,3691.46286227908,4459.48708957228,6
1.87,3612.59306987049,4496.47363807238,6
1.88,3534.80217989323,4531.99158376428,6
1.89,3458.11839953556,4566.02635780236,6
1.9,3382.56733822995,4598.56619467952,6
1.91,3308.17203244293,4629.6020797107,6
1.92,3234.95298025115,4659.12768700154,6
1.93,3162.9281849876,4687.13930872661,6
1.94,3092.11320721359,4713.63577656282,6
1.95,3022.52122425263,4738.61837613503,6
1.96,2954.16309651255,4762.09075533324,6
1.97,2887.04743982021,4784.05882735418,6
1.98,2821.18070299927,4804.53066930593,6
1.99,2756.56724993428,4823.51641719289,6
2,2693.20944538398,4841.0281580707,6
2.01,2631.10774383114,4857.07982012815,6
2.02,2570.26078068612,4871.68706141509,6
2.03,2510.66546519451,4884.86715789474,6
2.04,2452.3170744363,4896.63889145438,6
2.05,2395.20934784306,4907.02243846226,6
2.06,2339.33458170046,4916.03925941096,6
2.07,2284.6837231462,4923.711990139,6
2.08,2231.24646321574,4930.06433507404,6
2.09,2179.01132853135,4935.12096289269,6
2.1,2127.96577127254,4938.90740494479,6
2.11,2078.09625710742,4941.44995674395,6
2.12,2029.38835080527,4942.77558278182,6
2.13,1981.82679928932,4942.91182488119,6
2.14,1935.39561192631,4941.88671426259,6
2.15,1890.07813788453,4939.72868746141,6
2.16,1845.85714042547,4936.46650619704,6
2.17,1802.71486802516,4932.12918126277,6
2.18,1760.63312225004,4926.74590047494,6
2.19,1719.59332233901,4920.34596069242,6
2.2,1679.57656646711,4912.95870389249,6
2.21,1640.56368968852,4904.61345726679,6
2.22,1602.53531857617,4895.33947728132,6
2.23,1565.47192259284,4885.16589762683,6
2.24,1529.35386224404,4874.12168097076,6
2.25,1494.16143407656,4862.2355744092,6
2.26,1459.87491259807,4849.53606850587,6
2.27,1426.47458920323,4836.05135979661,6
2.28,1393.94080819974,4821.80931663012,6
2.29,1362.25400003465,4806.83744821046,6
2.3,1331.39471182644,4791.16287670232,6
2.31,1301.34363531252,4774.81231225751,6
2.32,1272.08163232443,4757.81203081932,6
2.33,1243.58975790518,4740.18785456116,6
2.34,1215.84928118357,4721.9651348161,6
2.35,1188.84170412087,4703.16873735551,6
2.36,1162.54877824412,4683.82302987682,6
2.37,1136.95251947907,4663.95187156338,6
2.38,1112.03522119414,4643.5786045824,6
2.39,1087.77946556397,4622.72604739091,6
2.4,1064.1681333587,4601.41648972359,6
2.41,1041.1844122618,4579.67168914072,6
2.42,1018.81180381609,4557.51286901917,6
2.43,997.034129093796,4534.9607178742,6
2.44,975.83553318291,4512.03538990449,6
2.45,955.200488578172,4488.75650665815,6
2.46,935.113797561133,4465.14315972221,6
2.47,915.560593649707,4441.21391434306,6
2.48,896.526342193747,4416.98681389063,6
2.49,877.996840189137,4392.47938508341,6
2.5,859.958215379066,4367.70864389671,6
2.51,842.396924707265,4342.69110208103,6
2.52,825.299752184254,4317.44277422185,6
2.53,808.653806223996,4291.9791852768,6
2.54,792.446516504786,4266.31537853019,6
2.55,776.665630404792,4240.4659239092,6
2.56,761.299209059364,4214.44492660966,6
2.57,746.335623084025,4188.26603598352,6
2.58,731.763548004057,4161.94245464317,6
2.59,717.571959428651,4135.48694774168,6
2.6,703.750128004852,4108.9118523909,6
2.61,690.28761418388,4082.22908718273,6
2.62,677.174262829919,4055.45016178134,6
2.63,664.400197699107,4028.58618655748,6
2.64,651.955815814203,4001.64788223783,6
2.65,639.831781758345,3974.64558954554,6
2.66,628.019021909294,3947.5892788097,6
2.67,616.508718633707,3920.48855952412,6
2.68,605.292304459254,3893.35268983736,6
2.69,594.361456240739,3866.19058595826,6
2.7,583.708089334865,3839.01083146235,6
2.71,573.324351796871,3811.82168648688,6
2.72,563.202618610913,3784.63109680282,6
2.73,553.335485964853,3757.44670275443,6
2.74,543.71576557897,3730.27584805756,6
2.75,534.336479097022,3703.12558844951,6
2.76,525.190852547127,3676.002700184,6
2.77,516.272310879017,3648.91368836611,6
2.78,507.574472583372,3621.86479512277,6
2.79,499.091144398165,3594.86200760522,6
2.8,490.816316106263,3567.91106582074,6
2.81,482.744155427835,3541.01747029154,6
2.82,474.869003010564,3514.18648953942,6
2.83,467.185367520069,3487.42316739531,6
2.84,459.687920832493,3460.7323301334,6
2.85,452.371493330703,3434.11859342992,6
2.86,445.231069305181,3407.58636914728,6
2.87,438.261782460281,3381.13987194439,6
2.88,431.458911526209,3354.78312571449,6
2.89,424.817875976747,3328.51996985217,6
2.9,418.334231852508,3302.35406535129,6
2.91,412.003667689218,3276.28890073601,6
2.92,405.822000550345,3250.32779782724,6
2.93,399.785172163147,3224.47391734697,6
2.94,393.889245157098,3198.73026436305,6
2.95,388.130399403445,3173.09969357744,6
2.96,382.504928454538,3147.5849144605,6
2.97,377.009236081469,3122.18849623455,6
2.98,371.639832908427,3096.91287270969,6
2.99,366.393333142115,3071.76034697494,6
3,361.266451394492,3046.73309594797,6
3.01,356.255999597037,3021.83317478652,6
3.02,351.358884004692,2997.06252116485,6
3.03,346.572102287604,2972.4229594183,6
3.04,341.892740708741,2947.91620455935,6
3.05,337.317971385441,2923.54386616827,6
3.06,332.845049632957,2899.30745216171,6
3.07,328.471311388018,2875.20837244223,6
3.08,324.194170710463,2851.24794243217,6
3.09,320.011117360966,2827.42738649476,6
3.1,315.919714452926,2803.74784124567,6
3.11,311.917596176575,2780.21035875807,6
3.12,308.002465593371,2756.81590966414,6
3.13,304.172092498804,2733.56538615597,6
3.14,300.424311351709,2710.45960488881,6
3.15,296.757019268252,2687.4993097895,6
3.16,293.168174078763,2664.68517477282,6
3.17,289.655792445621,2642.0178063685,6
3.18,286.217948040418,2619.4977462617,6
3.19,282.852769778698,2597.12547374934,6
3.2,279.558440110554,2574.901408115,6
3.21,276.333193365427,2552.8259109249,6
3.22,273.175314149492,2530.89928824724,6
3.23,270.083135794036,2509.12179279747,6
3.24,267.055038853269,2487.4936260116,6
3.25,264.089449650079,2466.01494005001,6
3.26,261.184838868215,2444.68583973379,6
3.27,258.339720189498,2423.50638441579,6
3.28,255.552648974625,2402.47658978854,6
3.29,252.822220986221,2381.59642963092,6
3.3,250.14707115279,2360.86583749568,6
3.31,247.525872372292,2340.28470833955,6
3.32,244.95733435407,2319.852900098,6
3.33,242.440202497909,2299.57023520625,6
3.34,239.973256809049,2279.43650206841,6
3.35,237.555310847979,2259.45145647633,6
3.36,235.185210713914,2239.61482297996,6
3.37,232.861834060845,2219.9262962106,6
3.38,230.584089145128,2200.38554215877,6
3.39,228.350913903573,2180.99219940808,6
3.4,226.161275061052,2161.7458803266,6
3.41,224.014167266657,2142.64617221715,6
3.42,221.908612257478,2123.69263842778,6
3.43,219.843658049104,2104.88481942386,6
3.44,217.818378151961,2086.22223382303,6
3.45,215.83187081265,2067.70437939415,6
3.46,213.883258279458,2049.33073402162,6
3.47,211.971686091255,2031.10075663602,6
3.48,210.096322388995,2013.01388811243,6
3.49,208.256357249097,1995.06955213721,6
3.5,206.451002037961,1977.26715604463,6
3.51,204.679488786952,1959.60609162406,6
3.52,202.941069587146,1942.0857358989,6
3.53,201.235016003211,1924.70545187809,6
3.54,199.560618505784,1907.46458928118,6
3.55,197.917185921728,1890.3624852378,6
3.56,196.304044901692,1873.39846496243,6
3.57,194.720539404389,1856.57184240528,6
3.58,193.166030197056,1839.88192088004,6
3.59,191.63989437155,1823.32799366936,6
3.6,190.141524875574,1806.90934460873,6
3.61,188.670330058532,1790.62524864954,6
3.62,187.225733231526,1774.47497240199,6
3.63,185.807172241043,1758.45777465852,6
3.64,184.414099055866,1742.57290689845,6
3.65,183.045979366789,1726.81961377443,6
3.66,181.702292198708,1711.19713358129,6
3.67,180.382529534682,1695.70469870798,6
3.68,179.086195951578,1680.34153607302,6
3.69,177.812808266913,1665.10686754418,6
3.7,176.561895196534,1649.99991034275,6
3.71,175.332997022778,1635.01987743304,6
3.72,174.125665272771,1620.16597789758,6
3.73,172.939462406536,1605.43741729849,6
3.74,171.77396151459,1590.83339802544,6
3.75,170.628746024726,1576.35311963074,6
3.76,169.503409417673,1561.99577915194,6
3.77,168.397554951356,1547.76057142232,6
3.78,167.310795393473,1533.64668936981,6
3.79,166.242752762116,1519.65332430455,6
3.8,165.193058074186,1505.77966619563,6
3.81,164.161351101344,1492.02490393728,6
3.82,163.147280133258,1478.38822560489,6
3.83,162.150501747909,1464.86881870119,6
3.84,161.170680588732,1451.465870393,6
3.85,160.207489148376,1438.17856773871,6
3.86,159.260607558867,1425.00609790694,6
3.87,158.329723387966,1411.94764838667,6
3.88,157.414531441536,1399.00240718898,6
3.89,156.514733571716,1386.16956304088,6
3.9,155.630038490731,1373.44830557138,6
3.91,154.760161590133,1360.83782549006,6
3.92,153.90482476534,1348.33731475845,6
3.93,153.063756245269,1335.9459667544,6
3.94,152.236690426927,1323.66297642974,6
3.95,151.423367714789,1311.48754046137,6
3.96,150.623534364826,1299.4188573961,6
3.97,149.836942333022,1287.4561277894,6
3.98,149.063349128259,1275.59855433821,6
3.99,148.30251766941,1263.84534200816,6
4,147.554216146535,1252.19569815522,6
4.01,146.818217886028,1240.64883264206,6
4.02,146.09430121961,1229.20395794935,6
4.03,145.382249357043,1217.86028928199,6
4.04,144.681850262444,1206.61704467066,6
4.05,143.992896534106,1195.47344506866,6
4.06,143.31518528769,1184.42871444439,6
4.07,142.648518042713,1173.48207986938,6
4.08,141.992700612216,1162.63277160228,6
4.09,141.347542995513,1151.88002316871,6
4.1,140.712859273939,1141.22307143731,6
4.11,140.08846750949,1130.66115669197,6
4.12,139.474189646284,1120.19352270047,6
4.13,138.869851414742,1109.81941677959,6
4.14,138.275282238422,1099.53808985684,6
4.15,137.690315143407,1089.34879652892,6
4.16,137.114786670192,1079.25079511702,6
4.17,136.548536787979,1069.24334771907,6
4.18,135.991408811312,1059.32572025906,6
4.19,135.443249318988,1049.49718253348,6
4.2,134.903908075163,1039.75700825506,6
4.21,134.373237952607,1030.10447509382,6
4.22,133.851094858021,1020.53886471559,6
4.23,133.337337659381,1011.05946281802,6
4.24,132.831828115219,1001.66555916428,6
4.25,132.334430805817,992.356447614371,6
4.26,131.845013066227,983.13142615427,6
4.27,131.363444921085,973.989796922927,6
4.28,130.889599021158,964.93086623718,6
4.29,130.423350581574,955.953944614683,6
4.3,129.964577321682,947.058346794906,6
4.31,129.513159406506,938.243391758287,6
4.32,129.068979389734,929.508402743589,6
4.33,128.631922158209,920.852707263527,6
4.34,128.201874877864,912.275637118739,6
4.35,127.778726941077,903.776528410145,6
4.36,127.362369915395,895.354721549769,6
4.37,126.952697493584,887.009561270054,6
4.38,126.549605444979,878.740396631761,6
4.39,126.152991568087,870.546581030465,6
4.4,125.762755644412,862.427472201731,6
4.41,125.378799393463,854.382432225003,6
4.42,125.001026428923,846.410827526245,6
4.43,124.629342215925,838.512028879408,6
4.44,124.263654029433,830.685411406739,6
4.45,123.903870913661,822.930354577995,6
4.46,123.54990364254,815.246242208584,6
4.47,123.20166468117,807.632462456695,6
4.48,122.859068148252,800.088407819445,6
4.49,122.522029779461,792.613475128075,6
4.5,122.190466891736,785.207065542242,6
4.51,121.86429834847,777.868584543439,6
4.52,121.543444525555,770.597441927576,6
4.53,121.227827278289,763.393051796757,6
4.54,120.917369909089,756.254832550276,6
4.55,120.611997136007,749.182206874886,6
4.56,120.31163506203,742.174601734338,6
4.57,120.016211145125,735.231448358254,6
4.58,119.725654169023,728.35218223033,6
4.59,119.439894214725,721.536243075923,6
4.6,119.158862632688,714.783074849026,6
4.61,118.882492015707,708.09212571868,6
4.62,118.610716172439,701.462848054818,6
4.63,118.343470101576,694.8946984136,6
4.64,118.080689966643,688.387137522225,6
4.65,117.822313071401,681.939630263278,6
4.66,117.568277835836,675.551645658603,6
4.67,117.318523772731,669.222656852745,6
4.68,117.072991464797,662.95214109597,6
4.69,116.831622542338,656.739579726881,6
4.7,116.594359661465,650.584458154662,6
4.71,116.36114648281,644.48626584095,6
4.72,116.131927650752,638.44449628137,6
4.73,115.90664877313,632.458646986737,6
4.74,115.685256401435,626.528219463949,6
4.75,115.467698011461,620.652719196586,6
4.76,115.25392198442,614.831655625226,6
4.77,115.04387758848,609.064542127498,6
4.78,114.837514960754,603.350895997891,6
4.79,114.634785089685,597.690238427314,6
4.8,114.435639797858,592.082094482443,6
4.81,114.240031725193,586.525993084858,6
4.82,114.047914312536,581.021466989984,6
4.83,113.859241785621,575.568052765838,6
4.84,113.673969139403,570.165290771616,6
4.85,113.492052122744,564.81272513611,6
4.86,113.313447223449,559.509903735983,6
4.87,113.138111653649,554.256378173895,6
4.88,112.966003335505,549.051703756503,6
4.89,112.797080887241,543.895439472352,6
4.9,112.63130360949,538.787147969639,6
4.91,112.468631471949,533.726395533889,6
4.92,112.30902510033,528.712752065539,6
4.93,112.152445763605,523.745791057432,6
4.94,111.998855361535,518.825089572248,6
4.95,111.848216412476,513.950228219858,6
4.9528051546366,111.806484896078,512.590930352049,6
0,990,10,7
0.01,989.76321541373,10.1485632136269,7
0.02,989.52308075361,10.2992721314835,7
0.03,989.279549228985,10.4521559265939,7
0.04,989.032573465727,10.6072441137572,7
0.05,988.782105500213,10.7645665523471,7
0.06,988.528096774194,10.9241534485654,7
0.07,988.27049812944,11.0860353577556,7
0.08,988.009259802489,11.2502431866373,7
0.09,987.744331419717,11.416808195363,7
0.1,987.475661992081,11.5857619996801,7
0.11,987.203199909988,11.7571365729969,7
0.12,986.926892938239,11.9309642483765,7
0.13,986.646688211,12.1072777204735,7
0.14,986.36253222681,12.2861100474118,7
0.15,986.074370843639,12.4674946525961,7
0.16,985.782149273994,12.6514653264527,7
0.17,985.485812080078,12.8380562280982,7
0.18,985.18530316901,13.0273018869323,7
0.19,984.880565788105,13.2192372041511,7
0.2,984.571542520214,13.4138974541776,7
0.21,984.258175279145,13.6113182860057,7
0.22,983.940405305147,13.811535724453,7
0.23,983.618173160481,14.0145861713205,7
0.24,983.291418725069,14.2205064064534,7
0.25,982.960081192232,14.4293335886997,7
0.26,982.624099064523,14.6411052567625,7
0.27,982.283410149657,14.8558593299423,7
0.28,981.937951556538,15.0736341087631,7
0.29,981.587659691407,15.2944682754802,7
0.3,981.232470254089,15.5184008944635,7
0.31,980.87231823437,15.7454714124524,7
0.32,980.507137908493,15.9757196586773,7
0.33,980.136862835785,16.2091858448428,7
0.34,979.761425855424,16.4459105649676,7
0.35,979.380759083345,16.6859347950762,7
0.36,978.994793909295,16.9292998927371,7
0.37,978.603460994049,17.1760475964423,7
0.38,978.206690266775,17.4262200248223,7
0.39,977.804410922584,17.6798596756914,7
0.4,977.396551420245,17.9370094249177,7
0.41,976.983039480083,18.1977125251123,7
0.42,976.563802082068,18.4620126041306,7
0.43,976.138765464106,18.7299536633815,7
0.44,975.707855120525,19.0015800759369,7
0.45,975.270995800783,19.2769365844367,7
0.46,974.828111508385,19.5560682987812,7
0.47,974.379125500042,19.8390206936065,7
0.48,973.923960285052,20.1258396055346,7
0.49,973.462537624934,20.4165712301929,7
0.5,972.994778533314,20.7112621189957,7
0.51,972.520603276071,21.0099591756807,7
0.52,972.03993137175,21.3127096525939,7
0.53,971.552681592264,21.6195611467158,7
0.54,971.058771963874,21.9305615954221,7
0.55,970.558119768472,22.2457592719701,7
0.56,970.05064154517,22.5652027807056,7
0.57,969.536253092208,22.8889410519814,7
0.58,969.014869469183,23.21702333678,7
0.59,968.486404999618,23.5494992010338,7
0.6,967.950773273882,23.8864185196332,7
0.61,967.407887152455,24.2278314701174,7
0.62,966.857658769571,24.5737885260369,7
0.63,966.299999537229,24.9243404499831,7
0.64,965.734820149605,25.2795382862739,7
0.65,965.162030587848,25.6394333532889,7
0.66,964.581540125294,26.0040772354462,7
0.67,963.993257333101,26.3735217748108,7
0.68,963.397090086313,26.747819062329,7
0.69,962.792945570369,27.1270214286774,7
0.7,962.180730288065,27.511181434721,7
0.71,961.560350066981,27.9003518615698,7
0.72,960.931710067393,28.2945857002266,7
0.73,960.294714790664,28.6939361408176,7
0.74,959.649268088141,29.098456561396,7
0.75,958.995273170569,29.5082005163121,7
0.76,958.332632618022,29.92322172414,7
0.77,957.661248390373,30.3435740551525,7
0.78,956.981021838321,30.7693115183362,7
0.79,956.291853714965,31.2004882479387,7
0.8,955.593644187966,31.6371584895385,7
0.81,954.886292852282,32.0793765856295,7
0.82,954.169698743506,32.5271969607133,7
0.83,953.443760351817,32.9806741058882,7
0.84,952.708375636546,33.4398625629301,7
0.85,951.963442041382,33.9048169078547,7
0.86,951.208856510217,34.3755917339539,7
0.87,950.44451550366,34.8522416342997,7
0.88,949.670315016211,35.3348211837057,7
0.89,948.886150594123,35.8233849201408,7
0.9,948.091917353957,36.3179873255868,7
0.91,947.287510001842,36.8186828063323,7
0.92,946.472822853452,37.3255256726972,7
0.93,945.647749854717,37.8385701181797,7
0.94,944.812184603265,38.3578701980201,7
0.95,943.966020370626,38.8834798071746,7
0.96,943.10915012519,39.4154526576941,7
0.97,942.241466555945,39.9538422555004,7
0.98,941.362862096992,40.4987018765565,7
0.99,940.473228952861,41.0500845424241,7
1,939.572459124626,41.6080429952047,7
1.01,938.660444436833,42.172629671859,7
1.02,937.737076565259,42.7438966779018,7
1.03,936.802247065492,43.3218957604671,7
1.04,935.85584740236,43.9066782807417,7
1.05,934.897768980204,44.4982951857631,7
1.06,933.927903174011,45.0967969795817,7
1.07,932.946141361412,45.702233693782,7
1.08,931.952374955544,46.3146548573652,7
1.09,930.946495438798,46.9341094659902,7
1.1,929.928394397447,47.5606459505727,7
1.11,928.89796355716,48.1943121452447,7
1.12,927.855094819411,48.8351552546732,7
1.13,926.799680298791,49.4832218207412,7
1.14,925.731612361211,50.1385576885931,7
1.15,924.650783663014,50.8012079720465,7
1.16,923.557087190997,51.4712170183754,7
1.17,922.450416303329,52.1486283724691,7
1.18,921.330664771389,52.8334847403707,7
1.19,920.197726822503,53.5258279522031,7
1.2,919.051497183591,54.2256989244878,7
1.21,917.891871125716,54.9331376218648,7
1.22,916.71874450954,55.6481830182227,7
1.23,915.532013831672,56.370873057247,7
1.24,914.331576271914,57.1012446123987,7
1.25,913.117329741389,57.8393334463323,7
1.26,911.889172931557,58.5851741697682,7
1.27,910.647005364101,59.3388001998305,7
1.28,909.390727441672,60.1002437178656,7
1.29,908.120240499502,60.8695356267559,7
1.3,906.835446857841,61.6467055077467,7
1.31,905.536249875248,62.4317815768021,7
1.32,904.222554002678,63.2247906405092,7
1.33,902.894264838386,64.0257580515503,7
1.34,901.55128918361,64.8347076637639,7
1.35,900.193535099031,65.6516617868162,7
1.36,898.820911961976,66.476641140507,7
1.37,897.433330524358,67.3096648087334,7
1.38,896.030702971323,68.150750193138,7
1.39,894.612942980583,68.9999129664671,7
1.4,893.179965782416,69.8571670256687,7
1.41,891.731688220299,70.722524444758,7
1.42,890.268028812155,71.5959954274819,7
1.43,888.788907812177,72.4775882598139,7
1.44,887.294247273208,73.367309262313,7
1.45,885.783971109644,74.2651627423807,7
1.46,884.258005160812,75.1711509464513,7
1.47,882.716277254817,76.085274012154,7
1.48,881.158717272795,77.0075299204827,7
1.49,879.585257213545,77.9379144480153,7
1.5,877.995831258509,78.8764211192221,7
1.51,876.390375837042,79.8230411589049,7
1.52,874.768829691942,80.7777634448114,7
1.53,873.131133945196,81.7405744604683,7
1.54,871.477232163889,82.7114582482791,7
1.55,869.807070426235,83.6903963629336,7
1.56,868.120597387684,84.6773678251775,7
1.57,866.417764347043,85.6723490759901,7
1.58,864.698525312575,86.6753139312221,7
1.59,862.962837068013,87.6862335367434,7
1.6,861.210659238437,88.705076324154,7
1.61,859.441954355961,89.7318079671116,7
1.62,857.656687925164,90.7663913383303,7
1.63,855.854828488223,91.8087864673044,7
1.64,854.036347689668,92.858950498816,7
1.65,852.201220340715,93.9168376522808,7
1.66,850.349424483102,94.9823991819919,7
1.67,848.480941452376,96.0555833383179,7
1.68,846.595755940553,97.1363353299178,7
1.69,844.693856058102,98.2245972870275,7
1.7,842.775233395166,99.3203082258834,7
1.71,840.839883081971,100.423404014339,7
1.72,838.887803848344,101.53381733874,7
1.73,836.918998082275,102.651477672112,7
1.74,834.933471887446,103.776311243734,7
1.75,832.93123513967,104.908241010148,7
1.76,830.91230154215,106.047186627665,7
1.77,828.876688679505,107.193064426447,7
1.78,826.82441807048,108.345787386205,7
1.79,824.755515219263,109.505265113579,7
1.8,822.670009665355,110.671403821277,7
1.81,820.567935031902,111.844106309007,7
1.82,818.449329072418,113.023271946284,7
1.83,816.314233715841,114.208796657158,7
1.84,814.162695109835,115.400572906927,7
1.85,811.994763662269,116.598489690889,7
1.86,809.810494080807,117.802432525191,7
1.87,807.609945410531,119.01228343983,7
1.88,805.393181069537,120.22792097386,7
1.89,803.160268882415,121.449220172856,7
1.9,800.911281111573,122.676052588688,7
1.91,798.646294486309,123.90828628165,7
1.92,796.365390229582,125.145785825,7
1.93,794.06865408242,126.388412311949,7
1.94,791.756176325879,127.636023365141,7
1.95,789.428051800524,128.888473148681,7
1.96,787.084379923342,130.145612382729,7
1.97,784.725264702047,131.407288360711,7
1.98,782.350814746713,132.673344969184,7
1.99,779.961143278687,133.943622710372,7
2,777.556368136723,135.217958727423,7
2.01,775.136611780289,136.496186832391,7
2.02,772.702001290008,137.778137536993,7
2.03,770.252668365178,139.063638086133,7
2.04,767.788749318333,140.352512494241,7
2.05,765.310385066811,141.644581584409,7
2.06,762.817721121286,142.939663030372,7
2.07,760.31090757124,144.237571401304,7
2.08,757.790099067331,145.538118209467,7
2.09,755.255454800647,146.841111960691,7
2.1,752.707138478818,148.146358207693,7
2.11,750.145318298958,149.453659606227,7
2.12,747.570166917433,150.762815974054,7
2.13,744.981861416437,152.073624352723,7
2.14,742.380583267368,153.385879072132,7
2.15,739.766518291006,154.699371817868,7
2.16,737.139856614476,156.013891701285,7
2.17,734.500792625022,157.329225332292,7
2.18,731.849524920578,158.645156894831,7
2.19,729.186256257168,159.96146822499,7
2.2,726.511193493126,161.277938891722,7
2.21,723.824547530182,162.594346280124,7
2.22,721.126533251416,163.910465677218,7
2.23,718.417369456123,165.226070360195,7
2.24,715.697278791611,166.540931687057,7
2.25,712.966487681975,167.854819189591,7
2.26,710.225226253883,169.167500668627,7
2.27,707.473728259421,170.478742291494,7
2.28,704.712230996043,171.788308691616,7
2.29,701.940975223683,173.095963070164,7
2.3,699.160205079085,174.401467299688,7
2.31,696.3701679874,175.704582029651,7
2.32,693.571114571139,177.005066793767,7
2.33,690.763298556523,178.302680119069,7
2.34,687.946976677324,179.597179636604,7
2.35,685.122408576255,180.88832219367,7
2.36,682.289856704008,182.175863967479,7
2.37,679.449586216003,183.459560580171,7
2.38,676.601864866945,184.739167215051,7
2.39,673.746962903282,186.014438733964,7
2.4,670.885152953647,187.285129795676,7
2.41,668.016709917382,188.550994975184,7
2.42,665.141910851248,189.811788883806,7
2.43,662.261034854418,191.067266289965,7
2.44,659.374362951856,192.317182240543,7
2.45,656.482177976185,193.561292182675,7
2.46,653.584764448165,194.799352085893,7
2.47,650.682408455873,196.031118564468,7
2.48,647.775397532712,197.256348999857,7
2.49,644.864020534353,198.47480166312,7
2.5,641.948567514735,199.68623583719,7
2.51,639.029329601228,200.890411938871,7
2.52,636.106598869082,202.087091640448,7
2.53,633.180668215289,203.276037990788,7
2.54,630.251831231961,204.4570155358,7
2.55,627.320382079352,205.629790438152,7
2.56,624.386615358656,206.794130596105,7
2.57,621.450825984672,207.949805761365,7
2.58,618.513309058489,209.096587655819,7
2.59,615.574359740291,210.234250087048,7
2.6,612.634273122401,211.362569062503,7
2.61,609.693344102699,212.481322902224,7
2.62,606.751867258513,213.59029235,7
2.63,603.810136721117,214.689260682852,7
2.64,600.868446050931,215.778013818741,7
2.65,597.927088113566,216.856340422392,7
2.66,594.986354956798,217.924032009136,7
2.67,592.046537688603,218.980883046662,7
2.68,589.107926356349,220.026691054599,7
2.69,586.170809827264,221.061256701823,7
2.7,583.235475670271,222.084383901402,7
2.71,580.302210039304,223.095879903098,7
2.72,577.371297558202,224.095555383339,7
2.73,574.443021207275,225.083224532582,7
2.74,571.517662211635,226.058705139992,7
2.75,568.595499931396,227.021818675371,7
2.76,565.676811753812,227.972390368261,7
2.77,562.761872987454,228.910249284164,7
2.78,559.850956758502,229.835228397817,7
2.79,556.94433390923,230.747164663466,7
2.8,554.042272898755,231.645899082094,7
2.81,551.145039706135,232.531276765542,7
2.82,548.252897735864,233.403146997502,7
2.83,545.366107725851,234.26136329132,7
2.84,542.484927657917,235.105783444599,7
2.85,539.609612670889,235.936269590546,7
2.86,536.740414976336,236.752688246068,7
2.87,533.877583776987,237.554910356566,7
2.88,531.021365187889,238.342811337439,7
2.89,528.172002160339,239.116271112257,7
2.9,525.329734408626,239.87517414762,7
2.91,522.494798339619,240.619409484691,7
2.92,519.667426985229,241.348870767391,7
2.93,516.847849937769,242.063456267277,7
2.94,514.036293288234,242.763068905115,7
2.95,511.232979567516,243.447616269133,7
2.96,508.438127690577,244.117010630005,7
2.97,505.651952903573,244.771168952566,7
2.98,502.874666733951,245.410012904282,7
2.99,500.10647694351,246.033468860518,7
3,497.347587484432,246.641467906614,7
3.01,494.598198458276,247.233945836824,7
3.02,491.858506077923,247.810843150141,7
3.03,489.128702632465,248.372105043064,7
3.04,486.40897645502,248.917681399332,7
3.05,483.699511893459,249.447526776693,7
3.06,481.000489284017,249.961600390743,7
3.07,478.312084927767,250.459866095904,7
3.08,475.634471069932,250.942292363571,7
3.09,472.967815882,251.408852257516,7
3.1,470.312283446617,251.859523406593,7
3.11,467.668033745207,252.2942879748,7
3.12,465.035222648302,252.713132628785,7
3.13,462.414001908523,253.116048502841,7
3.14,459.804519156181,253.503031161468,7
3.15,457.206917897451,253.874080559573,7
3.16,454.621337515062,254.229201000378,7
3.17,452.047913271474,254.568401091106,7
3.18,449.486776314472,254.89169369652,7
3.19,446.938053685136,255.199095890399,7
3.2,444.401868328132,255.490628905007,7
3.21,441.878339104265,255.766318078662,7
3.22,439.367580805237,256.026192801447,7
3.23,436.869704170562,256.27028645917,7
3.24,434.384815906566,256.498636375642,7
3.25,431.913018707421,256.711283753342,7
3.26,429.454411278148,256.908273612568,7
3.27,427.009088359534,257.08965472913,7
3.28,424.577140754886,257.255479570686,7
3.29,422.158655358585,257.405804231785,7
3.3,419.753715186348,257.540688367701,7
3.31,417.362399407157,257.660195127134,7
3.32,414.984783376778,257.76439108386,7
3.33,412.620938672816,257.853346167404,7
3.34,410.270933131234,257.92713359281,7
3.35,407.934830884276,257.985829789589,7
3.36,405.612692399738,258.029514329915,7
3.37,403.304574521502,258.05826985615,7
3.38,401.010530511301,258.072182007757,7
3.39,398.730610091624,258.071339347692,7
3.4,396.464859489717,258.055833288325,7
3.41,394.213321482607,258.02575801698,7
3.42,391.9760354431,257.981210421141,7
3.43,389.753037386682,257.92229001341,7
3.44,387.544360019269,257.849098856269,7
3.45,385.350032785743,257.761741486718,7
3.46,383.170081919225,257.660324840841,7
3.47,381.004530491017,257.544958178379,7
3.48,378.853398461162,257.415753007348,7
3.49,376.716702729571,257.272823008774,7
3.5,374.594457187656,257.116283961599,7
3.51,372.486672770418,256.946253667809,7
3.52,370.393357508942,256.762851877833,7
3.53,368.314516583243,256.566200216278,7
3.54,366.250152375418,256.356422108036,7
3.55,364.200264523051,256.133642704814,7
3.56,362.164849972831,255.897988812135,7
3.57,360.143903034325,255.649588816859,7
3.58,358.137415433876,255.388572615248,7
3.59,356.145376368574,255.115071541644,7
3.6,354.167772560255,254.82921829777,7
3.61,352.204588309497,254.531146882712,7
3.62,350.255805549567,254.22099252361,7
3.63,348.321403900277,253.898891607088,7
3.64,346.401360721725,253.564981611462,7
3.65,344.49565116787,253.219401039753,7
3.66,342.604248239919,252.862289353535,7
3.67,340.727122839485,252.493786907643,7
3.68,338.86424382149,252.11403488577,7
3.69,337.015578046778,251.72317523697,7
3.7,335.181090434409,251.321350613104,7
3.71,333.360744013614,250.908704307228,7
3.72,331.554499975368,250.485380192964,7
3.73,329.762317723581,250.051522664858,7
3.74,327.984154925849,249.607276579745,7
3.75,326.219967563775,249.152787199139,7
3.76,324.469709982821,248.688200132657,7
3.77,322.733334941664,248.21366128249,7
3.78,321.010793661062,247.729316788938,7
3.79,319.302035872177,247.235312977006,7
3.8,317.607009864372,246.731796304084,7
3.81,315.925662532442,246.218913308705,7
3.82,314.25793942327,245.696810560396,7
3.83,312.603784781905,245.165634610621,7
3.84,310.963141597028,244.625531944826,7
3.85,309.335951645817,244.076648935575,7
3.86,307.722155538181,243.519131796801,7
3.87,306.121692760363,242.953126539145,7
3.88,304.534501717905,242.378778926408,7
3.89,302.960519777953,241.796234433098,7
3.9,301.399683310912,241.205638203072,7
3.91,299.851927731431,240.607135009275,7
3.92,298.317187538724,240.000869214573,7
3.93,296.795396356203,239.386984733666,7
3.94,295.286486970445,238.765624996078,7
3.95,293.790391369469,238.136932910231,7
3.96,292.307040780324,237.501050828573,7
3.97,290.836365705994,236.85812051377,7
3.98,289.378295961615,236.208283105953,7
3.99,287.93276070999,235.55167909099,7
4,286.499688496428,234.888448269812,7
4.01,285.079007282885,234.218729728736,7
4.02,283.670644481413,233.54266181082,7
4.03,282.274526986928,232.860382088202,7
4.04,280.890581209291,232.172027335439,7
4.05,279.518733104698,231.47773350381,7
4.06,278.158908206401,230.777635696593,7
4.07,276.811031654742,230.071868145292,7
4.08,275.475028226523,229.360564186794,7
4.09,274.1508223637,228.643856241463,7
4.1,272.838338201413,227.921875792133,7
4.11,271.537499595366,227.194753364009,7
4.12,270.248230148539,226.462618505448,7
4.13,268.970453237263,225.725599769602,7
4.14,267.704092036648,224.983824696929,7
4.15,266.449069545376,224.237419798533,7
4.16,265.205308609864,223.486510540335,7
4.17,263.972731947803,222.731221328049,7
4.18,262.751262171084,221.971675492963,7
4.19,261.540821808112,221.207995278489,7
4.2,260.341333325523,220.440301827486,7
4.21,259.152719149302,219.668715170329,7
4.22,257.974901685321,218.893354213715,7
4.23,256.807803339293,218.114336730185,7
4.24,255.651346536158,217.331779348355,7
4.25,254.505453738913,216.54579754383,7
4.26,253.370047466876,215.756505630798,7
4.27,252.245050313417,214.964016754274,7
4.28,251.130384963146,214.168442882998,7
4.29,250.025974208572,213.36989480295,7
4.3,248.931740966246,212.568482111485,7
4.31,247.84760829239,211.764313212066,7
4.32,246.773499398024,210.957495309576,7
4.33,245.709337663603,210.148134406202,7
4.34,244.655046653161,209.336335297874,7
4.35,243.610550127987,208.522201571238,7
4.36,242.575772059829,207.705835601159,7
4.37,241.550636643643,206.887338548734,7
4.38,240.535068309887,206.066810359801,7
4.39,239.528991736375,205.244349763929,7
4.4,238.532331859704,204.420054273879,7
4.41,237.545013886254,203.594020185523,7
4.42,236.566963302764,202.766342578196,7
4.43,235.598105886517,201.937115315491,7
4.44,234.638367715117,201.106431046451,7
4.45,233.687675175877,200.274381207181,7
4.46,232.745954974827,199.44105602284,7
4.47,231.813134145353,198.606544510013,7
4.48,230.889140056463,197.770934479445,7
4.49,229.973900420705,196.934312539137,7
4.5,229.067343301732,196.096764097766,7
4.51,228.169397121527,195.258373368456,7
4.52,227.279990667299,194.419223372845,7
4.53,226.39905309805,193.579395945474,7
4.54,225.52651395083,192.738971738459,7
4.55,224.662303146678,191.898030226461,7
4.56,223.806350996267,191.056649711911,7
4.57,222.958588205254,190.214907330516,7
4.58,222.118945879339,189.372879057006,7
4.59,221.28735552905,188.530639711122,7
4.6,220.463749074254,187.688262963848,7
4.61,219.648058848406,186.845821343854,7
4.62,218.840217602534,186.003386244153,7
4.63,218.040158508977,185.161027928971,7
4.64,217.247815164884,184.3188155408,7
4.65,216.46312159546,183.476817107645,7
4.66,215.686012257002,182.635099550444,7
4.67,214.916422039692,181.793728690656,7
4.68,214.154286270179,180.952769258011,7
4.69,213.399540713954,180.112284898412,7
4.7,212.65212157751,179.27233818198,7
4.71,211.911965510306,178.432990611234,7
4.72,211.17900960654,177.594302629404,7
4.73,210.453191406729,176.756333628863,7
4.74,209.734448899106,175.919141959667,7
4.75,209.022720520845,175.082784938217,7
4.76,208.317945159112,174.247318856006,7
4.77,207.620062151946,173.412798988468,7
4.78,206.929011288983,172.579279603915,7
4.79,206.244732812023,171.746813972549,7
4.8,205.567167415449,170.915454375557,7
4.81,204.896256246492,170.085252114267,7
4.82,204.231940905362,169.256257519371,7
4.83,203.574163445242,168.42851996021,7
4.84,202.922866372145,167.6020878541,7
4.85,202.27799264465,166.777008675719,7
4.86,201.639485673508,165.953328966523,7
4.87,201.007289321137,165.131094344206,7
4.88,200.381347900996,164.31034951219,7
4.89,199.761606176849,163.491138269146,7
4.9,199.14800936193,162.673503518529,7
4.91,198.540503117995,161.857487278139,7
4.92,197.939033554281,161.043130689698,7
4.93,197.343547226371,160.230474028425,7
4.94,196.753991134964,159.419556712634,7
4.95,196.17031272456,158.610417313319,7
4.96,195.592459882057,157.803093563747,7
4.97,195.020380935273,156.997622369043,7
4.98,194.454024651385,156.194039815766,7
4.99,193.893340235294,155.392381181473,7
5,193.33827732792,154.59268094427,7
5.01,192.788786004431,153.794972792345,7
5.02,192.244816772402,152.999289633475,7
5.03,191.706320569911,152.205663604515,7
5.04,191.173248763583,151.414126080859,7
5.05,190.645553146566,150.624707685866,7
5.06,190.123185936463,149.837438300265,7
5.07,189.606099773203,149.052347071513,7
5.08,189.094247716871,148.269462423127,7
5.09,188.587583245485,147.48881206397,7
5.1,188.086060252731,146.710422997499,7
5.11,187.589633045659,145.934321530969,7
5.12,187.098256342328,145.160533284594,7
5.13,186.611885269429,144.389083200654,7
5.14,186.130475359862,143.619995552563,7
5.15,185.653982550278,142.85329395388,7
5.16,185.182363178598,142.089001367265,7
5.17,184.715573981496,141.327140113391,7
5.18,184.253572091853,140.567731879793,7
5.19,183.796315036191,139.810797729662,7
5.2,183.343760732078,139.056358110578,7
5.21,182.895867485512,138.304432863194,7
5.22,182.452593988284,137.555041229845,7
5.23,182.013899315321,136.808201863108,7
5.24,181.579742922013,136.063932834291,7
5.25,181.150084641523,135.322251641861,7
5.26,180.724884682079,134.58317521981,7
5.27,180.30410362426,133.846719945952,7
5.28,179.887702418263,133.112901650152,7
5.29,179.475642381162,132.381735622495,7
5.3,179.067885194156,131.653236621378,7
5.31,178.664392899814,130.92741888154,7
5.32,178.265127899306,130.204296122023,7
5.33,177.870052949632,129.483881554054,7
5.34,177.479131160848,128.766187888873,7
5.35,177.09232599328,128.051227345475,7
5.36,176.709601254748,127.339011658287,7
5.37,176.330921097777,126.629552084776,7
5.38,175.956250016813,125.92285941298,7
5.39,175.585552845439,125.218943968972,7
5.4,175.218794753589,124.517815624245,7
5.41,174.855941244769,123.819483803032,7
5.42,174.496958153275,123.123957489547,7
5.43,174.141811641417,122.431245235153,7
5.44,173.790468196751,121.741355165466,7
5.45,173.442894629311,121.054294987371,7
5.46,173.099058068846,120.370071995978,7
5.47,172.75892596207,119.688693081497,7
5.48,172.422466069912,119.010164736041,7
5.49,172.08964646478,118.334493060358,7
5.5,171.760435527825,117.661683770491,7
5.51,171.434801946224,116.991742204355,7
5.52,171.112714710464,116.324673328257,7
5.53,170.794143111641,115.660481743327,7
5.54,170.479056738767,114.99917169189,7
5.55,170.167425476087,114.340747063753,7
5.56,169.859219500413,113.68521140243,7
5.57,169.554409278462,113.032567911291,7
5.58,169.252965564213,112.382819459634,7
5.59,168.954859396269,111.735968588696,7
5.6,168.660062095243,111.092017517583,7
5.61,168.368545261146,110.450968149134,7
5.62,168.080280770796,109.812822075715,7
5.63,167.79524077524,109.177580584935,7
5.64,167.513397697183,108.545244665305,7
5.65,167.234724228446,107.915815011814,7
5.66,166.959193327424,107.289292031444,7
5.67,166.68677821657,106.665675848616,7
5.68,166.417452379887,106.044966310559,7
5.69,166.15118956044,105.427162992623,7
5.7,165.887963757883,104.812265203515,7
5.71,165.627749226001,104.200271990472,7
5.72,165.370520470268,103.591182144367,7
5.73,165.116252245424,102.984994204746,7
5.74,164.864919553064,102.381706464801,7
5.75,164.61649763925,101.781316976279,7
5.76,164.370961992133,101.183823554323,7
5.77,164.128288339597,100.589223782251,7
5.78,163.888452646917,99.9975150162679,7
5.79,163.651431114437,99.4086943901184,7
5.8,163.417200175264,98.8227588196724,7
5.81,163.185736492975,98.2397050074506,7
5.82,162.957016959352,97.6595294470872,7
5.83,162.731018692125,97.0822284277313,7
5.84,162.507719032734,96.5077980383872,7
5.85,162.287095544112,95.9362341721944,7
5.86,162.069126008487,95.3675325306478,7
5.87,161.853788425192,94.8016886277579,7
5.88,161.641061008507,94.2386977941535,7
5.89,161.430922185505,93.6785551811243,7
5.9,161.223350593927,93.1212557646073,7
5.91,161.018325080067,92.5667943491156,7
5.92,160.815824696678,92.0151655716095,7
5.93,160.615828700896,91.4663639053132,7
5.94,160.418316552181,90.9203836634743,7
5.95,160.223267910276,90.3772190030696,7
5.96,160.030662633185,89.8368639284555,7
5.97,159.840480775163,89.2993122949649,7
5.98,159.652702584735,88.7645578124505,7
5.99,159.46730850272,88.2325940487758,7
6,159.284279160281,87.7034144332529,7
6.01,159.10359537699,87.1770122600293,7
6.02,158.925238158908,86.6533806914234,7
6.03,158.749188696688,86.1325127612095,7
6.04,158.575428363692,85.6144013778517,7
6.05,158.403938714122,85.0990393276899,7
6.06,158.234701481177,84.5864192780753,7
6.07,158.067698575218,84.0765337804587,7
6.08,157.902912081955,83.5693752734296,7
6.09,157.740324260654,83.064936085709,7
6.1,157.579917542351,82.5632084390949,7
6.11,157.421674528094,82.0641844513613,7
6.12,157.265577987195,81.5678561391119,7
6.13,157.111610855501,81.0742154205884,7
6.14,156.959756233681,80.5832541184334,7
6.15,156.80999738553,80.0949639624106,7
6.16,156.662317736289,79.6093365920795,7
6.17,156.516700870983,79.1263635594285,7
6.18,156.373130532771,78.6460363314645,7
6.19,156.231590621319,78.1683462927605,7
6.2,156.092065191183,77.6932847479621,7
6.21,155.954538450207,77.220842924252,7
6.22,155.818994757946,76.7510119737747,7
6.23,155.685418624096,76.2837829760206,7
6.24,155.553794706939,75.8191469401709,7
6.25,155.424107811813,75.357094807403,7
6.26,155.296342889586,74.8976174531576,7
6.27,155.170485035155,74.4407056893673,7
6.28,155.046519485953,73.9863502666483,7
6.29,154.924431620471,73.5345418764536,7
6.3,154.804206956808,73.085271153191,7
6.31,154.685831151213,72.6385286763039,7
6.32,154.569289996665,72.1943049723168,7
6.33,154.454569421451,71.7525905168453,7
6.34,154.341655487767,71.3133757365711,7
6.35,154.230534390332,70.8766510111834,7
6.36,154.121192455013,70.4424066752852,7
6.37,154.013616137467,70.0106330202675,7
6.38,153.9077920218,69.581320296149,7
6.39,153.803706819233,69.1544587133845,7
6.4,153.701347366786,68.7300384446407,7
6.41,153.600700625977,68.3080496265397,7
6.42,153.501753681532,67.8884823613723,7
6.43,153.404493740108,67.4713267187796,7
6.44,153.308908129032,67.0565727374045,7
6.45,153.214984295051,66.6442104265132,7
6.46,153.122709803098,66.2342297675871,7
6.47,153.032072335065,65.8266207158852,7
6.48,152.943059688599,65.421373201978,7
6.49,152.855659775899,65.0184771332534,7
6.5,152.769860622534,64.6179223953934,7
6.51,152.685650366271,64.2196988538247,7
6.52,152.603017255916,63.8237963551409,7
6.53,152.521949650163,63.4302047284984,7
6.54,152.442436016464,63.038913786986,7
6.55,152.364464929903,62.649913328968,7
6.56,152.288025072087,62.2631931394017,7
6.57,152.213105230042,61.8787429911301,7
6.58,152.139694295134,61.4965526461488,7
6.59,152.067781261984,61.1166118568489,7
6.6,151.997355227411,60.7389103672354,7
6.61,151.928405389374,60.3634379141221,7
6.62,151.860921045935,59.9901842283018,7
6.63,151.794891594226,59.6191390356953,7
6.64,151.730306529427,59.2502920584751,7
6.65,151.667155443766,58.883633016169,7
6.66,151.605428025513,58.5191516267395,7
6.67,151.545114057998,58.1568376076426,7
6.68,151.486203418634,57.7966806768646,7
6.69,151.42868607795,57.4386705539374,7
6.7,151.372552098638,57.0827969609339,7
6.71,151.317791634608,56.7290496234417,7
6.72,151.264394930053,56.3774182715168,7
6.73,151.212352318523,56.0278926406181,7
6.74,151.161654222014,55.6804624725211,7
6.75,151.112291150062,55.3351175162133,7
6.76,151.064253698847,54.9918475287694,7
6.77,151.017532550308,54.650642276209,7
6.78,150.972118471272,54.3114915343347,7
6.79,150.928002312582,53.9743850895528,7
6.8,150.885175008245,53.6393127396752,7
6.81,150.843627574583,53.306264294705,7
6.82,150.803351109395,52.9752295776033,7
6.83,150.764336791129,52.6461984250395,7
6.84,150.726575878062,52.3191606881252,7
6.85,150.690059707488,51.9941062331309,7
6.86,150.654779694919,51.6710249421869,7
6.87,150.620727333286,51.3499067139672,7
6.88,150.58789419216,51.030741464359,7
6.89,150.556271916974,50.7135191271155,7
6.9,150.525852228255,50.3982296544944,7
6.91,150.496626920863,50.0848630178798,7
6.92,150.468587863243,49.7734092083915,7
6.93,150.441726996679,49.4638582374775,7
6.94,150.416036334563,49.1562001374938,7
6.95,150.391507961666,48.8504249622692,7
6.96,150.368134033417,48.5465227876565,7
6.97,150.345906775195,48.2444837120702,7
6.98,150.324818481628,47.9442978570105,7
6.99,150.304861515889,47.6459553675745,7
7,150.286028309018,47.3494464129534,7
7.01,150.268311359234,47.0547611869184,7
7.02,150.251703231265,46.7618899082931,7
7.03,150.236196555682,46.4708228214136,7
7.04,150.221784028241,46.1815501965763,7
7.05,150.208458409229,45.8940623304748,7
7.06,150.196212522823,45.6083495466234,7
7.07,150.18503925645,45.3244021957706,7
7.08,150.174931560161,45.0422106563002,7
7.09,150.165882446,44.7617653346218,7
7.1,150.157884987394,44.4830566655497,7
7.11,150.150932318542,44.2060751126722,7
7.12,150.145017633808,43.9308111687087,7
7.13,150.140134187127,43.6572553558577,7
7.14,150.136275291416,43.385398226134,7
7.15,150.133434317987,43.1152303616957,7
7.16,150.13160469597,42.8467423751615,7
7.17,150.130779911743,42.5799249099185,7
7.18,150.130953508369,42.3147686404199,7
7.19,150.132119085031,42.0512642724738,7
7.2,150.134270296483,41.7894025435225,7
7.21,150.137400852504,41.5291742229127,7
7.22,150.141504517355,41.2705701121573,7
7.23,150.146575109245,41.0135810451876,7
7.24,150.1526064998,40.7581978885975,7
7.25,150.159592613542,40.5044115418795,7
7.26,150.167527427368,40.2522129376514,7
7.27,150.17640497004,40.0015930418759,7
7.28,150.186219321679,39.7525428540719,7
7.29,150.19696461326,39.5050534075174,7
7.3,150.20863502612,39.2591157694455,7
7.31,150.221224791463,39.0147210412323,7
7.32,150.234728189881,38.7718603585778,7
7.33,150.249139550867,38.5305248916788,7
7.34,150.264453252347,38.2907058453952,7
7.35,150.280663720203,38.0523944594094,7
7.36,150.297765427814,37.8155820083783,7
7.37,150.315752895595,37.5802598020788,7
7.38,150.33462069054,37.3464191855466,7
7.39,150.354363425774,37.1140515392086,7
7.4,150.374975760109,36.8831482790085,7
7.41,150.396452397599,36.6537008565268,7
7.42,150.418788087112,36.425700759094,7
7.43,150.441977621891,36.1991395098978,7
7.44,150.466015839135,35.9740086680851,7
7.45,150.49089761957,35.7502998288573,7
7.46,150.516617887038,35.52800462356,7
7.47,150.543171608083,35.3071147197678,7
7.48,150.570553791538,35.087621821363,7
7.49,150.598759488128,34.8695176686091,7
7.5,150.627783790064,34.6527940382186,7
7.51,150.657621830652,34.4374427434166,7
7.52,150.6882687839,34.2234556339985,7
7.53,150.71971986413,34.0108245963828,7
7.54,150.751970325597,33.7995415536596,7
7.55,150.785015462109,33.5895984656334,7
7.56,150.818850606653,33.3809873288623,7
7.57,150.853471131023,33.1737001766917,7
7.58,150.888872445453,32.9677290792838,7
7.59,150.925049998255,32.7630661436431,7
7.6,150.961999275459,32.559703513637,7
7.61,150.999715800458,32.3576333700124,7
7.62,151.038195133656,32.1568479304084,7
7.63,151.077432872121,31.9573394493646,7
7.64,151.117424649238,31.7591002183253,7
7.65,151.158166134371,31.5621225656406,7
7.66,151.199653032526,31.3663988565629,7
7.67,151.241881084016,31.1719214932398,7
7.68,151.28484606413,30.9786829147038,7
7.69,151.32854378281,30.7866755968579,7
7.7,151.372970084325,30.5958920524581,7
7.71,151.418120846951,30.4063248310924,7
7.72,151.463991982657,30.217966519156,7
7.73,151.510579436791,30.0308097398241,7
7.74,151.557879187767,29.8448471530209,7
7.75,151.605887246763,29.6600714553853,7
7.76,151.654599657416,29.4764753802344,7
7.77,151.70401249552,29.2940516975227,7
7.77931962402032,151.750690543222,29.125088810216,7
0,2990,10,8
0.01,2989.76158177112,10.1502746950757,8
0.02,2989.51971013093,10.3027870204734,8
0.03,2989.27433410587,10.4575696798391,8
0.04,2989.02540199593,10.6146558357687,8
0.05,2988.77286136426,10.7740791161855,8
0.06,2988.51665902744,10.9358736202166,8
0.07,2988.25674104552,11.1000739242631,8
0.08,2987.99305271174,11.2667150882356,8
0.09,2987.72553854309,11.4358326612542,8
0.1,2987.45414226962,11.6074626881124,8
0.11,2987.1788068242,11.7816417154608,8
0.12,2986.89947433213,11.9584067980934,8
0.13,2986.61608610054,12.1377955053012,8
0.14,2986.32858260772,12.3198459272785,8
0.15,2986.03690349244,12.5045966815867,8
0.16,2985.74098754295,12.6920869196761,8
0.17,2985.44077268608,12.8823563334636,8
0.18,2985.13619597609,13.0754451619659,8
0.19,2984.82719358346,13.271394197988,8
0.2,2984.51370078357,13.4702447948673,8
0.21,2984.19565194527,13.6720388732717,8
0.22,2983.87298051928,13.8768189280523,8
0.23,2983.54561902662,14.0846280351492,8
0.24,2983.21349904672,14.2955098585509,8
0.25,2982.87655120564,14.509508657305,8
0.26,2982.534705164,14.7266692925814,8
0.27,2982.18788960491,14.947037234786,8
0.28,2981.83603222175,15.1706585707248,8
0.29,2981.47905970579,15.3975800108165,8
0.3,2981.11689773384,15.6278488963545,8
0.31,2980.74947095563,15.8615132068155,8
0.32,2980.37670298118,16.0986215672145,8
0.33,2979.99851636802,16.3392232555061,8
0.34,2979.61483260835,16.5833682100288,8
0.35,2979.225572116,16.8311070369926,8
0.36,2978.83065421341,17.0824910180091,8
0.37,2978.4299971184,17.337572117661,8
0.38,2978.02351793087,17.5964029911111,8
0.39,2977.61113261943,17.8590369917487,8
0.4,2977.19275600786,18.1255281788726,8
0.41,2976.76830176157,18.3959313254069,8
0.42,2976.3376823738,18.6703019256515,8
0.43,2975.90080915194,18.9486962030619,8
0.44,2975.45759220353,19.2311711180585,8
0.45,2975.00794042233,19.5177843758635,8
0.46,2974.55176147421,19.8085944343618,8
0.47,2974.08896178299,20.1036605119857,8
0.48,2973.61944651618,20.4030425956195,8
0.49,2973.14311957058,20.7068014485232,8
0.5,2972.65988355791,21.014998618271,8
0.51,2972.16963979025,21.3276964447048,8
0.52,2971.67228826543,21.6449580678965,8
0.53,2971.16772765237,21.9668474361198,8
0.54,2970.65585527634,22.2934293138266,8
0.55,2970.13656710408,22.6247692896252,8
0.56,2969.60975772896,22.9609337842584,8
0.57,2969.07532035597,23.3019900585769,8
0.58,2968.53314678673,23.6480062215051,8
0.59,2967.98312740435,23.9990512379968,8
0.6,2967.42515115835,24.3551949369757,8
0.61,2966.85910554942,24.716508019258,8
0.62,2966.28487661417,25.0830620654528,8
0.63,2965.70234890986,25.4549295438367,8
0.64,2965.11140549905,25.8321838181979,8
0.65,2964.51192793423,26.2148991556462,8
0.66,2963.90379624244,26.6031507343838,8
0.67,2963.28688890981,26.997014651433,8
0.68,2962.66108286611,27.3965679303149,8
0.69,2962.02625346931,27.8018885286759,8
0.7,2961.38227449007,28.2130553458554,8
0.71,2960.72901809625,28.6301482303903,8
0.72,2960.06635483745,29.0532479874502,8
0.73,2959.39415362947,29.482436386199,8
0.74,2958.71228173891,29.9177961670752,8
0.75,2958.02060476766,30.3594110489866,8
0.76,2957.31898663748,30.8073657364129,8
0.77,2956.60728957459,31.261745926409,8
0.78,2955.88537409436,31.7226383155032,8
0.79,2955.15309898592,32.1901306064839,8
0.8,2954.41032129693,32.664311515067,8
0.81,2953.65689631841,33.1452707764372,8
0.82,2952.89267756952,33.6330991516558,8
0.83,2952.11751678261,34.1278884339282,8
0.84,2951.33126388816,34.6297314547215,8
0.85,2950.53376699995,35.1387220897259,8
0.86,2949.72487240029,35.654955264651,8
0.87,2948.90442452534,36.1785269608483,8
0.88,2948.07226595059,36.7095342207512,8
0.89,2947.22823737649,37.2480751531242,8
0.9,2946.37217761412,37.794248938111,8
0.91,2945.50392357118,38.3481558320726,8
0.92,2944.62331023799,38.9098971722061,8
0.93,2943.73017067376,39.4795753809337,8
0.94,2942.82433599305,40.0572939700507,8
0.95,2941.90563535234,40.6431575446246,8
0.96,2940.97389593695,41.2372718066315,8
0.97,2940.02894294809,41.8397435583211,8
0.98,2939.07059959015,42.4506807052972,8
0.99,2938.09868705832,43.0701922593035,8
1,2937.11302452642,43.6983883407017,8
1.01,2936.11342913497,44.3353801806307,8
1.02,2935.09971597968,44.9812801228332,8
1.03,2934.07169810016,45.6362016251382,8
1.04,2933.02918646892,46.3002592605852,8
1.05,2931.97198998088,46.9735687181778,8
1.06,2930.89991544302,47.6562468032518,8
1.07,2929.8127675646,48.3484114374451,8
1.08,2928.71034894765,49.0501816582536,8
1.09,2927.59246007793,49.7616776181607,8
1.1,2926.45889931629,50.4830205833222,8
1.11,2925.30946289051,51.2143329317955,8
1.12,2924.14394488756,51.9557381512931,8
1.13,2922.96213724638,52.7073608364485,8
1.14,2921.76382975118,53.4693266855757,8
1.15,2920.54881002522,54.2417624969066,8
1.16,2919.31686352515,55.0247961642899,8
1.17,2918.06777353598,55.8185566723338,8
1.18,2916.80132116653,56.6231740909752,8
1.19,2915.51728534555,57.4387795694573,8
1.2,2914.21544281853,58.2655053296984,8
1.21,2912.89556814503,59.1034846590325,8
1.22,2911.55743369685,59.9528519023031,8
1.23,2910.20080965674,60.8137424532923,8
1.24,2908.82546401797,61.6862927454637,8
1.25,2907.43116258459,62.5706402420017,8
1.26,2906.01766897251,63.4669234251259,8
1.27,2904.58474461127,64.3752817846599,8
1.28,2903.13214874685,65.2958558058362,8
1.29,2901.65963844509,66.2287869563131,8
1.3,2900.1669685962,67.1742176723857,8
1.31,2898.65389192006,68.132291344367,8
1.32,2897.1201589725,69.1031523011189,8
1.33,2895.56551815255,70.086945793711,8
1.34,2893.98971571069,71.0838179781842,8
1.35,2892.39249575809,72.0939158973978,8
1.36,2890.77360027697,73.1173874619364,8
1.37,2889.13276913197,74.1543814300545,8
1.38,2887.4697400827,75.2050473866348,8
1.39,2885.78424879739,76.2695357211382,8
1.4,2884.07602886779,77.3479976045208,8
1.41,2882.34481182516,78.4405849650943,8
1.42,2880.59032715762,79.5474504633072,8
1.43,2878.81230232875,80.6687474654214,8
1.44,2877.01046279738,81.8046300160606,8
1.45,2875.18453203895,82.9552528096068,8
1.46,2873.33423156798,84.1207711604198,8
1.47,2871.45928096218,85.3013409718562,8
1.48,2869.55939788784,86.4971187040623,8
1.49,2867.63429812676,87.7082613405181,8
1.5,2865.6836956047,88.9349263533064,8
1.51,2863.70730242137,90.1772716670836,8
1.52,2861.70482888195,91.4354556217273,8
1.53,2859.6759835303,92.7096369336368,8
1.54,2857.62047318373,93.9999746556622,8
1.55,2855.53800296958,95.3066281356377,8
1.56,2853.42827636337,96.6297569734957,8
1.57,2851.29099522881,97.9695209769379,8
1.58,2849.12585985958,99.3260801156397,8
1.59,2846.93256902291,100.699594473965,8
1.6,2844.71082000499,102.090224202167,8
1.61,2842.4603086584,103.498129466059,8
1.62,2840.18072945132,104.923470395117,8
1.63,2837.87177551876,106.366407029017,8
1.64,2835.53313871587,107.82709926256,8
1.65,2833.16450967313,109.305706788982,8
1.66,2830.76557785373,110.802389041621,8
1.67,2828.33603161296,112.317305133921,8
1.68,2825.87555825984,113.850613797758,8
1.69,2823.3838441208,115.402473320068,8
1.7,2820.86057460561,116.973041477752,8
1.71,2818.30543427555,118.562475470859,8
1.72,2815.71810691381,120.170931854007,8
1.73,2813.09827559819,121.798566466052,8
1.74,2810.44562277613,123.445534357967,8
1.75,2807.75983034205,125.11198971894,8
1.76,2805.0405797171,126.79808580066,8
1.77,2802.2875519313,128.503974839792,8
1.78,2799.50042770805,130.229807978629,8
1.79,2796.67888755123,131.975735183906,8
1.8,2793.82261183459,133.741905163779,8
1.81,2790.93128089377,135.528465282955,8
1.82,2788.00457512078,137.335561475971,8
1.83,2785.04217506103,139.163338158626,8
1.84,2782.04376151289,141.011938137548,8
1.85,2779.00901562983,142.881502517915,8
1.86,2775.93761902516,144.772170609321,8
1.87,2772.82925387934,146.684079829795,8
1.88,2769.6836030499,148.617365607975,8
1.89,2766.50035018399,150.57216128345,8
1.9,2763.27917983353,152.548598005276,8
1.91,2760.01977757302,154.546804628677,8
1.92,2756.72183011991,156.566907609949,8
1.93,2753.38502545771,158.609030899578,8
1.94,2750.00905296162,160.673295833599,8
1.95,2746.59360352686,162.759821023201,8
1.96,2743.13836969957,164.868722242622,8
1.97,2739.64304581036,167.000112315341,8
1.98,2736.10732811042,169.154100998608,8
1.99,2732.53091491023,171.330794866337,8
2,2728.91350672085,173.530297190394,8
2.01,2725.25480639769,175.752707820331,8
2.02,2721.5545192869,177.998123061578,8
2.03,2717.81235337419,180.266635552165,8
2.04,2714.02801943607,182.558334138,8
2.05,2710.20123119366,184.873303746759,8
2.06,2706.33170546874,187.211625260441,8
2.07,2702.41916234224,189.573375386633,8
2.08,2698.46332531503,191.95862652856,8
2.09,2694.46392147095,194.367446653961,8
2.1,2690.42068164206,196.799899162878,8
2.11,2686.33334057605,199.256042754401,8
2.12,2682.20163710577,201.735931292469,8
2.13,2678.02531432071,204.239613670773,8
2.14,2673.80411974056,206.767133676864,8
2.15,2669.53780549059,209.318529855536,8
2.16,2665.22612847885,211.893835371564,8
2.17,2660.86885057516,214.493077871906,8
2.18,2656.46573879173,217.116279347444,8
2.19,2652.01656546532,219.763455994364,8
2.2,2647.52110844096,222.434618075285,8
2.21,2642.97915125692,225.129769780231,8
2.22,2638.39048333113,227.848909087555,8
2.23,2633.75490014859,230.592027624934,8
2.24,2629.07220345002,233.359110530536,8
2.25,2624.3422014213,236.150136314495,8
2.26,2619.5647088839,238.9650767208,8
2.27,2614.73954748586,241.803896589735,8
2.28,2609.86654589347,244.66655372099,8
2.29,2604.94553998335,247.552998737588,8
2.3,2599.97637303483,250.463174950751,8
2.31,2594.95889592255,253.39701822585,8
2.32,2589.89296730902,256.354456849585,8
2.33,2584.77845383709,259.335411398536,8
2.34,2579.61523032218,262.33979460923,8
2.35,2574.403179944,265.367511249895,8
2.36,2569.14219443773,268.41845799402,8
2.37,2563.83217428439,271.492523295926,8
2.38,2558.47302890035,274.589587268455,8
2.39,2553.06467682563,277.709521562989,8
2.4,2547.60704591102,280.852189251929,8
2.41,2542.1000735037,284.017444713812,8
2.42,2536.54370663113,287.205133521242,8
2.43,2530.93790218328,290.415092331796,8
2.44,2525.28262709266,293.64714878208,8
2.45,2519.57785851222,296.901121385107,8
2.46,2513.82358399085,300.176819431178,8
2.47,2508.01980164624,303.474042892437,8
2.48,2502.16652033488,306.792582331269,8
2.49,2496.26375981916,310.132218812738,8
2.5,2490.31155093116,313.49272382122,8
2.51,2484.30993573303,316.873859181422,8
2.52,2478.25896767377,320.27537698396,8
2.53,2472.15871174215,323.697019515675,8
2.54,2466.00924461559,327.138519194852,8
2.55,2459.81065480478,330.599598511536,8
2.56,2453.56304279379,334.079969973095,8
2.57,2447.2665211756,337.579336055223,8
2.58,2440.92121478264,341.097389158534,8
2.59,2434.52726081233,344.63381157093,8
2.6,2428.08480894722,348.18827543589,8
2.61,2421.59402146971,351.760442726865,8
2.62,2415.05507337097,355.349965227908,8
2.63,2408.46815245409,358.956484520717,8
2.64,2401.8334594309,362.579631978235,8
2.65,2395.15120801271,366.219028764944,8
2.66,2388.42162499435,369.874285844008,8
2.67,2381.64495033165,373.545003991389,8
2.68,2374.82143721197,377.230773817081,8
2.69,2367.95135211769,380.931175793575,8
2.7,2361.03497488242,384.645780291679,8
2.71,2354.07259873985,388.374147623806,8
2.72,2347.06453036498,392.115828094842,8
2.73,2340.01108990764,395.87036206068,8
2.74,2332.91261101805,399.637279994531,8
2.75,2325.76944086437,403.416102561073,8
2.76,2318.5819401421,407.206340698538,8
2.77,2311.35048307505,411.007495708789,8
2.78,2304.07545740796,414.819059355451,8
2.79,2296.75726439047,418.640513970156,8
2.8,2289.39631875246,422.471332566922,8
2.81,2281.99304867053,426.310978964724,8
2.82,2274.54789572573,430.158907918263,8
2.83,2267.06131485215,434.014565256945,8
2.84,2259.53377427658,437.877388032089,8
2.85,2251.96575544908,441.746804672333,8
2.86,2244.35775296426,445.622235147243,8
2.87,2236.71027447349,449.503091139075,8
2.88,2229.02384058781,453.388776222674,8
2.89,2221.29898477151,457.278686053431,8
2.9,2213.53625322655,461.172208563263,8
2.91,2205.73620476759,465.068724164532,8
2.92,2197.89941068781,468.967605961808,8
2.93,2190.02645461543,472.868219971409,8
2.94,2182.11793236107,476.769925348577,8
2.95,2174.17445175583,480.672074622203,8
2.96,2166.19663248041,484.57401393695,8
2.97,2158.18510588498,488.475083302646,8
2.98,2150.14051480023,492.374616850787,8
2.99,2142.06351333949,496.271943097995,8
3,2133.95476669203,500.166385216252,8
3.01,2125.81495090776,504.057261309725,8
3.02,2117.64475267335,507.943884697986,8
3.03,2109.44486907998,511.82556420543,8
3.04,2101.21600738282,515.701604456657,8
3.05,2092.95888475245,519.571306177609,8
3.06,2084.67422801834,523.433966502213,8
3.07,2076.36277340465,527.288879284295,8
3.08,2068.02526625844,531.135335414493,8
3.09,2059.66246077062,534.972623141924,8
3.1,2051.27511968973,538.800028400322,8
3.11,2042.86401402892,542.616835138359,8
3.12,2034.4299227662,546.422325653872,8
3.13,2025.97363253838,550.215780931697,8
3.14,2017.49593732878,553.996480984801,8
3.15,2008.99763814921,557.763705198399,8
3.16,2000.47954271616,561.516732676753,8
3.17,1991.94246512188,565.254842592314,8
3.18,1983.38722550027,568.977314536898,8
3.19,1974.81464968811,572.683428874541,8
3.2,1966.2255688819,576.372467095719,8
3.21,1957.62081929053,580.043712172581,8
3.22,1949.00124178415,583.696448914851,8
3.23,1940.36768153966,587.329964326058,8
3.24,1931.72098768288,590.943547959754,8
3.25,1923.06201292809,594.536492275346,8
3.26,1914.391613215,598.108092993226,8
3.27,1905.71064734351,601.657649448817,8
3.28,1897.01997660683,605.184464945216,8
3.29,1888.320464423,608.687847104052,8
3.3,1879.61297596538,612.167108214243,8
3.31,1870.89837779231,615.621565578291,8
3.32,1862.17753747644,619.050541855766,8
3.33,1853.45132323388,622.453365403659,8
3.34,1844.72060355371,625.829370613255,8
3.35,1835.98624682808,629.177898243192,8
3.36,1827.24912098325,632.498295748393,8
3.37,1818.51009311193,635.78991760454,8
3.38,1809.77002910737,639.052125627775,8
3.39,1801.02979329923,642.284289289326,8
3.4,1792.29024809196,645.485786024749,8
3.41,1783.55225360565,648.656001537499,8
3.42,1774.81666731998,651.794330096537,8
3.43,1766.08434372131,654.900174827701,8
3.44,1757.35613395345,657.972947998563,8
3.45,1748.63288547227,661.012071296527,8
3.46,1739.91544170451,664.016976099901,8
3.47,1731.20464171109,666.987103741714,8
3.48,1722.50131985511,669.921905766041,8
3.49,1713.80630547494,672.820844176619,8
3.5,1705.12042256263,675.683391677549,8
3.51,1696.4444894478,678.509031905879,8
3.52,1687.77931848739,681.297259655882,8
3.53,1679.12571576146,684.047581094865,8
3.54,1670.48448077524,686.759513970333,8
3.55,1661.85640616767,689.432587808361,8
3.56,1653.24227742668,692.066344103045,8
3.57,1644.64287261132,694.660336496887,8
3.58,1636.05896208105,697.214130952017,8
3.59,1627.49130823221,699.727305912143,8
3.6,1618.94066524202,702.199452455135,8
3.61,1610.40777882011,704.630174436174,8
3.62,1601.89338596778,707.019088621404,8
3.63,1593.3982147452,709.365824812016,8
3.64,1584.9229840465,711.670025958757,8
3.65,1576.46840338306,713.931348266799,8
3.66,1568.03517267494,716.149461290983,8
3.67,1559.62398205061,718.324048021421,8
3.68,1551.23551165508,720.454804959466,8
3.69,1542.87043146639,722.541442184075,8
3.7,1534.52940112072,724.583683408585,8
3.71,1526.21306974586,726.581266027971,8
3.72,1517.9220758034,728.533941156605,8
3.73,1509.65704693938,730.441473656612,8
3.74,1501.41859984364,732.30364215689,8
3.75,1493.20734011772,734.120239062862,8
3.76,1485.02386215131,735.891070557092,8
3.77,1476.86874900737,737.615956590834,8
3.78,1468.7425723157,739.294730866659,8
3.79,1460.64589217502,740.927240812263,8
3.8,1452.57925706359,742.513347545602,8
3.81,1444.5432037581,744.052925831491,8
3.82,1436.53825726099,745.54586402982,8
3.83,1428.56493073597,746.992064035536,8
3.84,1420.62372545171,748.391441210564,8
3.85,1412.71513073368,749.743924307833,8
3.86,1404.83962392388,751.04945538759,8
3.87,1396.9976703485,752.307989726179,8
3.88,1389.18972329334,753.519495717479,8
3.89,1381.41622398686,754.683954767195,8
3.9,1373.67760159075,755.801361180201,8
3.91,1365.97427319794,756.871722041137,8
3.92,1358.30664383774,757.895057088475,8
3.93,1350.67510648822,758.871398582257,8
3.94,1343.08004209545,759.800791165727,8
3.95,1335.52181959964,760.68329172107,8
3.96,1328.00079596782,761.518969219486,8
3.97,1320.51731623308,762.307904565809,8
3.98,1313.07171354015,763.050190437911,8
3.99,1305.66430919707,763.745931121104,8
4,1298.29541273291,764.395242337775,8
4.01,1290.96532196128,764.998251072478,8
4.02,1283.67432304945,765.55509539271,8
4.03,1276.42269059299,766.065924265603,8
4.04,1269.21068769561,766.530897370758,8
4.05,1262.03856605421,766.950184909442,8
4.06,1254.90656604874,767.323967410389,8
4.07,1247.81491683685,767.652435532409,8
4.08,1240.76383645309,767.93578986405,8
4.09,1233.75353191247,768.174240720516,8
4.1,1226.78419931822,768.368007938074,8
4.11,1219.8560239735,768.517320666163,8
4.12,1212.96918049705,768.622417157409,8
4.13,1206.12383294229,768.683544555778,8
4.14,1199.3201349201,768.700958683063,8
4.15,1192.55822972465,768.674923823904,8
4.16,1185.83825046255,768.605712509565,8
4.17,1179.16032018471,768.493605300642,8
4.18,1172.52455202114,768.338890568917,8
4.19,1165.93104931817,768.141864278533,8
4.2,1159.37990577816,767.902829766693,8
4.21,1152.87120560141,767.622097524047,8
4.22,1146.40502363019,767.299984974962,8
4.23,1139.98142549458,766.936816257843,8
4.24,1133.60046776014,766.532922005669,8
4.25,1127.26219807713,766.088639126917,8
4.26,1120.96665533118,765.604310587032,8
4.27,1114.71386979519,765.080285190594,8
4.28,1108.50386328245,764.516917364337,8
4.29,1102.33664930069,763.914566941165,8
4.3,1096.21223320692,763.273598945306,8
4.31,1090.13061236313,762.594383378738,8
4.32,1084.09177629239,761.877295009019,8
4.33,1078.09570683553,761.122713158643,8
4.34,1072.14237830802,760.331021496059,8
4.35,1066.23175765713,759.502607828438,8
4.36,1060.36380461909,758.637863896336,8
4.37,1054.53847187624,757.737185170327,8
4.38,1048.75570521401,756.80097064973,8
4.39,1043.0154436776,755.829622663509,8
4.4,1037.31761972836,754.82354667345,8
4.41,1031.66215939956,753.783151079699,8
4.42,1026.04898245174,752.708847028733,8
4.43,1020.47800252727,751.601048223855,8
4.44,1014.94912730417,750.460170738277,8
4.45,1009.46225864914,749.286632830862,8
4.46,1004.01729276961,748.080854764585,8
4.47,998.614120364742,746.843258627778,8
4.48,993.252626775447,745.574268158205,8
4.49,987.932692133133,744.27430857003,8
4.5,982.654191507288,742.943806383711,8
4.51,977.416995051747,741.583189258866,8
4.52,972.220968149603,740.192885830157,8
4.53,967.0659715567,738.77332554622,8
4.54,961.951861543652,737.324938511664,8
4.55,956.87849003634,735.848155332181,8
4.56,951.845704754832,734.343406962781,8
4.57,946.853349350688,732.811124559168,8
4.58,941.90126354259,731.25173933229,8
4.59,936.98928325028,729.665682406047,8
4.6,932.117240726752,728.053384678201,8
4.61,927.284964688667,726.415276684469,8
4.62,922.492280444963,724.751788465808,8
4.63,917.739010023632,723.063349438904,8
4.64,913.024972296627,721.35038826985,8
4.65,908.349983102894,719.613332751012,8
4.66,903.713855369485,717.85260968108,8
4.67,899.116399230755,716.068644748291,8
4.68,894.557422145611,714.261862416806,8
4.69,890.036729012804,712.432685816238,8
4.7,885.554122284258,710.581536634307,8
4.71,881.109402076411,708.708835012603,8
4.72,876.702366279576,706.814999445441,8
4.73,872.33281066531,704.900446681778,8
4.74,868.000528991779,702.965591630177,8
4.75,863.705313107131,701.010847266784,8
4.76,859.446953050867,699.036624546293,8
4.77,855.225237153213,697.043332315869,8
4.78,851.039952132496,695.031377232004,8
4.79,846.89088319053,693.001163680264,8
4.8,842.777814106015,690.953093697901,8
4.81,838.70052732596,688.887566899292,8
4.82,834.658804055134,686.804980404174,8
4.83,830.652424343556,684.70572876863,8
4.84,826.681167172038,682.590203918801,8
4.85,822.744810535794,680.458795087268,8
4.86,818.843131526119,678.311888752087,8
4.87,814.975906410161,676.149868578416,8
4.88,811.142910708803,673.973115362702,8
4.89,807.343919272663,671.782006979395,8
4.9,803.578706356237,669.576918330132,8
4.91,799.847045690194,667.35822129536,8
4.92,796.148710551852,665.126284688347,8
4.93,792.483473833846,662.881474211546,8
4.94,788.851108111016,660.624152415268,8
4.95,785.251385705526,658.354678658607,8
4.96,781.684078750242,656.073409072596,8
4.97,778.148959250389,653.780696525529,8
4.98,774.645799143512,651.476890590416,8
4.99,771.174370357756,649.162337514528,8
5,767.734444868498,646.837380190976,8
5.01,764.325794753344,644.5023581323,8
5.02,760.948192245527,642.157607446004,8
5.03,757.601409785717,639.803460812003,8
5.04,754.285220072277,637.440247461935,8
5.05,750.999396109986,635.068293160305,8
5.06,747.743711257251,632.687920187395,8
5.07,744.517939271841,630.299447323923,8
5.08,741.321854355156,627.903189837388,8
5.09,738.155231195071,625.499459470069,8
5.1,735.017845007361,623.088564428631,8
5.11,731.909471575754,620.670809375304,8
5.12,728.829887290619,618.246495420575,8
5.13,725.778869186325,615.81592011738,8
5.14,722.756194977292,613.379377456728,8
5.15,719.761643092759,610.937157864731,8
5.16,716.794992710296,608.489548201001,8
5.17,713.856023788081,606.036831758366,8
5.18,710.944517095977,603.579288263874,8
5.19,708.060254245416,601.117193881044,8
5.2,705.203017718137,598.650821213327,8
5.21,702.372590893777,596.180439308732,8
5.22,699.568758076366,593.706313665593,8
5.23,696.791304519728,591.228706239436,8
5.24,694.040016451827,588.7478754509,8
5.25,691.314681098067,586.264076194693,8
5.26,688.615086703589,583.777559849539,8
5.27,685.941022554569,581.288574289079,8
5.28,683.292278998549,578.797363893708,8
5.29,680.66864746383,576.304169563291,8
5.3,678.069920477932,573.809228730746,8
5.31,675.495891685159,571.312775376459,8
5.32,672.94635586329,568.815040043488,8
5.33,670.421108939404,566.316249853537,8
5.34,667.919948004878,563.81662852367,8
5.35,665.442671329562,561.316396383723,8
5.36,662.989078375171,558.815770394409,8
5.37,660.558969807894,556.314964166053,8
5.38,658.15214751026,553.814187977972,8
5.39,655.76841459226,551.313648798432,8
5.4,653.407575401765,548.813550305185,8
5.41,651.069435534245,546.314092906545,8
5.42,648.753801841817,543.815473762981,8
5.43,646.460482441629,541.317886809207,8
5.44,644.189286723614,538.821522776737,8
5.45,641.940025357623,536.326569216888,8
5.46,639.712510299945,533.833210524205,8
5.47,637.506554799259,531.341627960285,8
5.48,635.321973402,528.851999677976,8
5.49,633.158581957191,526.364500745944,8
5.5,631.016197620727,523.879303173559,8
5.51,628.894638859143,521.39657593611,8
5.52,626.793725452885,518.916485000309,8
5.53,624.713278499087,516.439193350077,8
5.54,622.653120413878,513.964861012576,8
5.55,620.613074934232,511.493645084495,8
5.56,618.592967119373,509.025699758545,8
5.57,616.592623351754,506.56117635017,8
5.58,614.61187133762,504.100223324433,8
5.59,612.65054010717,501.642986323081,8
5.6,610.708460014328,499.189608191767,8
5.61,608.78546273615,496.740229007404,8
5.62,606.881381271851,494.294986105651,8
5.63,604.996049941503,491.854014108506,8
5.64,603.129304384381,489.417444951995,8
5.65,601.280981556988,486.98540791395,8
5.66,599.450919730771,484.558029641844,8
5.67,597.638958489527,482.135434180699,8
5.68,595.844938726524,479.717743001022,8
5.69,594.06870264134,477.305075026787,8
5.7,592.310093736428,474.897546663431,8
5.71,590.568956813432,472.495271825856,8
5.72,588.845137969239,470.098361966444,8
5.73,587.138484591806,467.70692610304,8
5.74,585.448845355749,465.321070846935,8
5.75,583.776070217713,462.940900430797,8
5.76,582.12001041153,460.566516736579,8
5.77,580.480518443174,458.198019323361,8
5.78,578.857448085528,455.835505455149,8
5.79,577.250654372956,453.479070128593,8
5.8,575.659993595704,451.128806100637,8
5.81,574.085323294127,448.784803916088,8
5.82,572.526502252765,446.447151935087,8
5.83,570.983390494247,444.11593636049,8
5.84,569.455849273064,441.791241265136,8
5.85,567.943741069198,439.473148619017,8
5.86,566.446929581611,437.161738316314,8
5.87,564.965279721621,434.857088202322,8
5.88,563.498657606144,432.559274100241,8
5.89,562.046930550838,430.26836983783,8
5.9,560.609967063128,427.984447273925,8
5.91,559.187636835134,425.70757632481,8
5.92,557.779810736509,423.437824990434,8
5.93,556.38636080718,421.175259380478,8
5.94,555.007160250009,418.919943740262,8
5.95,553.642083423374,416.671940476489,8
5.96,552.291005833681,414.431310182815,8
5.97,550.953804127798,412.198111665258,8
5.98,549.630356085437,409.972401967426,8
5.99,548.320540611471,407.754236395569,8
6,547.024237728193,405.543668543446,8
6.01,545.741328567533,403.340750317016,8
6.02,544.471695363225,401.145531958934,8
6.03,543.215221442934,398.958062072861,8
6.04,541.971791220341,396.77838764758,8
6.05,540.741290187206,394.606554080921,8
6.06,539.523604905384,392.442605203484,8
6.07,538.31862299883,390.286583302171,8
6.08,537.126233145574,388.138529143509,8
6.09,535.946325069678,385.998481996777,8
6.1,534.778789533174,383.866479656926,8
6.11,533.623518327997,381.742558467296,8
6.12,532.480404267897,379.626753342127,8
6.13,531.349341180356,377.519097788859,8
6.14,530.230223898487,375.419623930224,8
6.15,529.122948252948,373.328362526135,8
6.16,528.027411063842,371.245342995355,8
6.17,526.943510132628,369.170593436961,8
6.18,525.871144234039,367.104140651592,8
6.19,524.810213108009,365.046010162492,8
6.2,523.760617451602,362.996226236332,8
6.21,522.722258910967,360.954811903826,8
6.22,521.695040073296,358.921788980125,8
6.23,520.67886445881,356.897178085012,8
6.24,519.673636512755,354.880998662866,8
6.25,518.679261597422,352.87326900243,8
6.26,517.695645984192,350.874006256353,8
6.27,516.722696845604,348.883226460525,8
6.28,515.760322247444,346.9009445532,8
6.29,514.808431140868,344.927174393904,8
6.3,513.866933354554,342.961928782131,8
6.31,512.935739586877,341.005219475832,8
6.32,512.014761398124,339.05705720969,8
6.33,511.103911202739,337.117451713183,8
6.34,510.203102261599,335.186411728439,8
6.35,509.312248674333,333.263945027887,8
6.36,508.43126537167,331.350058431693,8
6.37,507.560068107829,329.444757824992,8
6.38,506.698573452945,327.548048174915,8
6.39,505.84669878554,325.659933547405,8
6.4,505.004362285028,323.780417123839,8
6.41,504.171482924264,321.909501217436,8
6.42,503.347980462138,320.047187289468,8
6.43,502.533775436208,318.193475965269,8
6.44,501.728789155381,316.348367050044,8
6.45,500.932943692631,314.511859544479,8
6.46,500.146161877775,312.683951660155,8
6.47,499.368367290281,310.864640834759,8
6.48,498.599484252129,309.053923747109,8
6.49,497.839437820722,307.251796331977,8
6.5,497.088153781838,305.458253794728,8
6.51,496.345558642633,303.673290625755,8
6.52,495.611579624691,301.896900614741,8
6.53,494.886144657127,300.129076864714,8
6.54,494.169182369733,298.36981180593,8
6.55,493.460622086174,296.619097209562,8
6.56,492.760393817241,294.876924201208,8
6.57,492.068428254145,293.143283274215,8
6.58,491.384656761865,291.418164302821,8
6.59,490.70901137255,289.701556555118,8
6.6,490.041424778963,287.99344870584,8
6.61,489.381830327984,286.293828848965,8
6.62,488.730162014161,284.602684510154,8
6.63,488.08635447331,282.920002659004,8
6.64,487.45034297617,281.24576972114,8
6.65,486.822063422108,279.579971590126,8
6.66,486.201452332872,277.922593639217,8
6.67,485.588446846402,276.273620732932,8
6.68,484.982984710684,274.633037238475,8
6.69,484.385004277664,273.000827036977,8
6.7,483.79444449721,271.376973534588,8
6.71,483.211244911121,269.761459673396,8
6.72,482.635345647192,268.1542679422,8
6.73,482.066687413335,266.555380387109,8
6.74,481.505211491737,264.964778622002,8
6.75,480.950859733085,263.382443838816,8
6.76,480.403574550832,261.808356817693,8
6.77,479.863298915515,260.242497936971,8
6.78,479.329976349129,258.684847183026,8
6.79,478.803550919546,257.135384159962,8
6.8,478.283967234985,255.594088099158,8
6.81,477.771170438538,254.060937868672,8
6.82,477.265106202738,252.53591198249,8
6.83,476.765720724183,251.018988609649,8
6.84,476.272960718206,249.510145583207,8
6.85,475.786773413598,248.009360409076,8
6.86,475.307106547378,246.516610274724,8
6.87,474.83390835961,245.031872057734,8
6.88,474.367127588276,243.555122334233,8
6.89,473.906713464187,242.086337387183,8
6.9,473.452615705955,240.625493214547,8
6.91,473.004784515,239.172565537324,8
6.92,472.563170570618,237.72752980745,8
6.93,472.127725025084,236.290361215578,8
6.94,471.698399498812,234.861034698733,8
6.95,471.275146075555,233.43952494784,8
6.96,470.857917297659,232.025806415131,8
6.97,470.446666161357,230.619853321431,8
6.98,470.041346112112,229.221639663328,8
6.99,469.641911040007,227.831139220219,8
7,469.248315275178,226.448325561243,8
7.01,468.860513583292,225.073172052104,8
7.02,468.478461161076,223.705651861767,8
7.03,468.102113631879,222.345737969059,8
7.04,467.731427041295,220.993403169144,8
7.05,467.366357852812,219.648620079901,8
7.06,467.006862943516,218.311361148182,8
7.07,466.652899599839,216.981598655977,8
7.08,466.304425513342,215.659304726461,8
7.09,465.961398776547,214.344451329947,8
7.1,465.623777878812,213.037010289731,8
7.11,465.291521702242,211.736953287835,8
7.12,464.964589517649,210.444251870658,8
7.13,464.64294098055,209.15887745452,8
7.14,464.326536127204,207.880801331109,8
7.15,464.015335370693,206.609994672843,8
7.16,463.709299497045,205.346428538121,8
7.17,463.408389661389,204.090073876494,8
7.18,463.11256738416,202.840901533738,8
7.19,462.821794547338,201.598882256838,8
7.2,462.536033390726,200.363986698878,8
7.21,462.255246508265,199.136185423851,8
7.22,461.979396844396,197.915448911373,8
7.23,461.708447690448,196.701747561319,8
7.24,461.442362681073,195.495051698365,8
7.25,461.181105790714,194.295331576454,8
7.26,460.924641330111,193.10255738318,8
7.27,460.672933942845,191.916699244083,8
7.28,460.425948601919,190.737727226869,8
7.29,460.183650606367,189.565611345554,8
7.3,459.946005577913,188.400321564523,8
7.31,459.712979457651,187.241827802516,8
7.32,459.484538502772,186.090099936541,8
7.33,459.260649283317,184.945107805705,8
7.34,459.041278678969,183.806821214976,8
7.35,458.826393875877,182.675209938875,8
7.36,458.615962363516,181.550243725093,8
7.37,458.409951931577,180.431892298033,8
7.38,458.208330666895,179.320125362295,8
7.39,458.011066950406,178.214912606078,8
7.4,457.818129454136,177.116223704528,8
7.41,457.629487138224,176.024028323008,8
7.42,457.44510924798,174.938296120311,8
7.43,457.264965310966,173.858996751804,8
7.44,457.089025134115,172.786099872508,8
7.45,456.917258800883,171.71957514012,8
7.46,456.749636668422,170.65939221797,8
7.47,456.586129364791,169.605520777914,8
7.48,456.426707786198,168.557930503174,8
7.49,456.271343094265,167.516591091117,8
7.5,456.120006713327,166.481472255968,8
7.51,455.972670327761,165.452543731482,8
7.52,455.82930587934,164.429775273541,8
7.53,455.689885564618,163.413136662712,8
7.54,455.554381832345,162.402597706737,8
7.55,455.422767380902,161.39812824298,8
7.56,455.295015155775,160.399698140814,8
7.57,455.171098347049,159.407277303959,8
7.58,455.050990386928,158.420835672766,8
7.59,454.934664947286,157.440343226455,8
7.6,454.822095937246,156.4657699853,8
7.61,454.713257500776,155.497086012765,8
7.62,454.608124014322,154.53426141759,8
7.63,454.506670084459,153.577266355837,8
7.64,454.408870545571,152.626071032881,8
7.65,454.314700457556,151.680645705358,8
7.66,454.224135103553,150.74096068307,8
7.67,454.137149987695,149.806986330841,8
7.68,454.053720832892,148.878693070335,8
7.69,453.973823578626,147.956051381823,8
7.7,453.897434378782,147.039031805919,8
7.71,453.824529599495,146.127604945259,8
7.72,453.755085817025,145.221741466154,8
7.73,453.689079815646,144.321412100194,8
7.74,453.626488585574,143.426587645814,8
7.75,453.567289320901,142.537238969819,8
7.76,453.51145941756,141.653337008877,8
7.77,453.458976471312,140.774852770967,8
7.77931962402032,453.413057923053,139.960990394339,8
0,9990,10,9
0.01,9989.76100986865,10.1508738469335,9
0.02,9989.51852988453,10.3040177834448,9
0.03,9989.2725075764,10.4594657811656,9
0.04,9989.02288969485,10.6172523134706,9
0.05,9988.7696221993,10.7774123638348,9
0.06,9988.51265024677,10.9399814329904,9
0.07,9988.25191817994,11.10499554658,9
0.08,9987.98736951502,11.2724912628599,9
0.09,9987.71894693041,11.4425056799608,9
0.1,9987.44659225407,11.6150764439584,9
0.11,9987.17024645121,11.7902417567059,9
0.12,9986.88984961178,11.9680403838222,9
0.13,9986.60534093774,12.1485116627994,9
0.14,9986.31665873019,12.3316955112135,9
0.15,9986.0237403763,12.5176324350473,9
0.16,9985.72652233607,12.7063635371294,9
0.17,9985.42494012889,12.8979305256842,9
0.18,9985.1189283199,13.0923757229986,9
0.19,9984.80842050625,13.2897420742031,9
0.2,9984.49334930306,13.4900731561722,9
0.21,9984.17364632923,13.6934131865427,9
0.22,9983.8492421931,13.8998070328533,9
0.23,9983.52006647784,14.1093002218053,9
0.24,9983.18604772668,14.3219389486459,9
0.25,9982.84711342794,14.5377700866772,9
0.26,9982.50318999986,14.7568411968898,9
0.27,9982.15420277519,14.9792005377237,9
0.28,9981.8000759856,15.2048970749584,9
0.29,9981.44073274588,15.4339804917318,9
0.3,9981.07609503792,15.6665011986912,9
0.31,9980.70608369446,15.9025103442763,9
0.32,9980.33061838264,16.142059825137,9
0.33,9979.94961758734,16.3852022966854,9
0.34,9979.56299859424,16.631991183786,9
0.35,9979.17067747273,16.882480691583,9
0.36,9978.77256905853,17.1367258164676,9
0.37,9978.36858693613,17.3947823571862,9
0.38,9977.95864342093,17.6567069260913,9
0.39,9977.5426495412,17.9225569605355,9
0.4,9977.12051501981,18.1923907344113,9
0.41,9976.69214825565,18.4662673698373,9
0.42,9976.25745630483,18.744246848992,9
0.43,9975.81634486174,19.0263900260974,9
0.44,9975.36871823967,19.3127586395533,9
0.45,9974.91447935132,19.6034153242233,9
0.46,9974.45352968902,19.8984236238745,9
0.47,9973.98576930468,20.1978480037725,9
0.48,9973.51109678947,20.5017538634321,9
0.49,9973.02940925324,20.8102075495252,9
0.5,9972.54060230374,21.1232763689492,9
0.51,9972.04457002547,21.4410286020535,9
0.52,9971.5412049583,21.7635335160296,9
0.53,9971.03039807586,22.0908613784627,9
0.54,9970.5120387636,22.4230834710482,9
0.55,9969.98601479657,22.7602721034736,9
0.56,9969.45221231694,23.1025006274673,9
0.57,9968.91051581127,23.4498434510148,9
0.58,9968.36080808738,23.8023760527453,9
0.59,9967.80297025108,24.1601749964877,9
0.6,9967.23688168249,24.5233179459991,9
0.61,9966.66242001208,24.891883679866,9
0.62,9966.07946109652,25.2659521065792,9
0.63,9965.48787899405,25.6456042797844,9
0.64,9964.88754593972,26.030922413709,9
0.65,9964.27833232021,26.4219898987663,9
0.66,9963.6601066484,26.8188913173378,9
0.67,9963.03273553759,27.2217124597358,9
0.68,9962.39608367544,27.6305403403455,9
0.69,9961.7500137976,28.0454632139497,9
0.7,9961.09438666094,28.4665705922348,9
0.71,9960.42906101661,28.8939532604808,9
0.72,9959.75389358261,29.3277032944354,9
0.73,9959.06873901615,29.7679140773723,9
0.74,9958.37344988565,30.2146803173366,9
0.75,9957.66787664239,30.6680980645752,9
0.76,9956.95186759184,31.1282647291552,9
0.77,9956.22526886467,31.59527909877,9
0.78,9955.4879243874,32.0692413567332,9
0.79,9954.73967585273,32.550253100162,9
0.8,9953.98036268951,33.0384173583497,9
0.81,9953.20982203237,33.5338386113274,9
0.82,9952.42788869105,34.0366228086168,9
0.83,9951.63439511927,34.5468773881724,9
0.84,9950.82917138341,35.0647112955144,9
0.85,9950.01204513067,35.5902350030533,9
0.86,9949.18284155704,36.1235605296035,9
0.87,9948.34138337476,36.6648014600896,9
0.88,9947.48749077955,37.2140729654415,9
0.89,9946.62098141742,37.7714918226817,9
0.9,9945.74167035112,38.3371764352014,9
0.91,9944.84937002624,38.9112468532278,9
0.92,9943.94389023699,39.4938247944796,9
0.93,9943.02503809151,40.0850336650124,9
0.94,9942.09261797696,40.684998580252,9
0.95,9941.14643152408,41.293846386215,9
0.96,9940.18627757157,41.9117056809168,9
0.97,9939.21195212992,42.5387068359647,9
0.98,9938.22324834501,43.1749820183358,9
0.99,9937.21995646128,43.8206652123385,9
1,9936.20186378454,44.4758922417564,9
1.01,9935.16875464441,45.140800792172,9
1.02,9934.12041035639,45.8155304334708,9
1.03,9933.0566091836,46.5002226425215,9
1.04,9931.97712629808,47.1950208260328,9
1.05,9930.8817337418,47.9000703435829,9
1.06,9929.77020038722,48.6155185308209,9
1.07,9928.64229189759,49.3415147228368,9
1.08,9927.49777068676,50.0782102776982,9
1.09,9926.33639587871,50.8257586001512,9
1.1,9925.15792326674,51.5843151654813,9
1.11,9923.96210527217,52.3540375435336,9
1.12,9922.74869090284,53.1350854228868,9
1.13,9921.51742571112,53.9276206351791,9
1.14,9920.26805175165,54.7318071795815,9
1.15,9919.00030753869,55.5478112474154,9
1.16,9917.7139280031,56.3758012469102,9
1.17,9916.40864444903,57.2159478280964,9
1.18,9915.0841845102,58.0684239078299,9
1.19,9913.74027210587,58.9334046949431,9
1.2,9912.3766273965,59.8110677155177,9
1.21,9910.992966739,60.7015928382734,9
1.22,9909.58900264171,61.6051623000684,9
1.23,9908.16444371904,62.5219607315041,9
1.24,9906.71899464577,63.4521751826305,9
1.25,9905.2523561111,64.3959951487435,9
1.26,9903.76422477224,65.3536125962693,9
1.27,9902.25429320789,66.3252219887281,9
1.28,9900.72224987128,67.3110203127709,9
1.29,9899.16777904293,68.3112071042809,9
1.3,9897.59056078323,69.3259844745324,9
1.31,9895.99027088459,70.355557136399,9
1.32,9894.36658082344,71.4001324306026,9
1.33,9892.71915771192,72.4599203519938,9
1.34,9891.04766424929,73.5351335758564,9
1.35,9889.35175867314,74.6259874842236,9
1.36,9887.63109471035,75.7327001921991,9
1.37,9885.8853215278,76.8554925742703,9
1.38,9884.11408368291,77.9945882906045,9
1.39,9882.31702107389,79.1502138133162,9
1.4,9880.49376888994,80.3225984526946,9
1.41,9878.64395756109,81.5119743833781,9
1.42,9876.76721270802,82.7185766704657,9
1.43,9874.86315509161,83.9426432955497,9
1.44,9872.93140056244,85.184415182659,9
1.45,9870.9715600101,86.4441362240967,9
1.46,9868.9832393124,87.7220533061604,9
1.47,9866.96603928445,89.018416334728,9
1.48,9864.91955562773,90.3334782606954,9
1.49,9862.84337887902,91.6674951052495,9
1.5,9860.73709435931,93.0207259849602,9
1.51,9858.60028212266,94.3934331366753,9
1.52,9856.43251690506,95.7858819421993,9
1.53,9854.23336807328,97.1983409527403,9
1.54,9852.00239957376,98.6310819131037,9
1.55,9849.73916988151,100.084379785616,9
1.56,9847.44323194915,101.558512773758,9
1.57,9845.1141331559,103.053762345487,9
1.58,9842.75141525687,104.570413256221,9
1.59,9840.35461433227,106.108753571483,9
1.6,9837.92326073696,107.669074689152,9
1.61,9835.45687905008,109.251671361326,9
1.62,9832.95498802493,110.856841715759,9
1.63,9830.41710053907,112.484887276847,9
1.64,9827.84272354466,114.136112986145,9
1.65,9825.23135801918,115.810827222387,9
1.66,9822.58249891635,117.509341820973,9
1.67,9819.89563511753,119.23197209291,9
1.68,9817.17024938337,120.97903684317,9
1.69,9814.40581830603,122.750858388438,9
1.7,9811.60181226173,124.547762574221,9
1.71,9808.75769536381,126.370078791281,9
1.72,9805.8729254164,128.218139991378,9
1.73,9802.9469538685,130.092282702264,9
1.74,9799.97922576882,131.992847041926,9
1.75,9796.96917972109,133.920176732013,9
1.76,9793.91624784023,135.874619110434,9
1.77,9790.81985570905,137.856525143088,9
1.78,9787.67942233587,139.866249434676,9
1.79,9784.49436011285,141.904150238577,9
1.8,9781.26407477518,143.970589465729,9
1.81,9777.98796536122,146.065932692497,9
1.82,9774.66542417354,148.190549167468,9
1.83,9771.29583674092,150.344811817144,9
1.84,9767.8785817815,152.529097250487,9
1.85,9764.41303116689,154.743785762273,9
1.86,9760.89854988756,156.989261335205,9
1.87,9757.3344960193,159.265911640756,9
1.88,9753.72022069104,161.574128038673,9
1.89,9750.05506805395,163.914305575113,9
1.9,9746.33837525186,166.286842979354,9
1.91,9742.56947239324,168.692142659035,9
1.92,9738.74768252448,171.130610693872,9
1.93,9734.87232160492,173.602656827799,9
1.94,9730.9426984834,176.108694459485,9
1.95,9726.95811487647,178.649140631169,9
1.96,9722.9178653484,181.224416015758,9
1.97,9718.82123729302,183.834944902139,9
1.98,9714.66751091739,186.481155178643,9
1.99,9710.45595922751,189.163478314597,9
2,9706.18584801597,191.882349339924,9
2.01,9701.85643585179,194.63820682271,9
2.02,9697.46697407239,197.431492844691,9
2.03,9693.01670677787,200.262652974594,9
2.04,9688.50487082754,203.132136239263,9
2.05,9683.93069583902,206.040395092522,9
2.06,9679.29340418967,208.987885381691,9
2.07,9674.59221102072,211.975066311701,9
2.08,9669.82632424408,215.002400406741,9
2.09,9664.99494455179,218.070353469358,9
2.1,9660.09726542844,221.179394536962,9
2.11,9655.13247316648,224.32999583564,9
2.12,9650.09974688454,227.522632731232,9
2.13,9644.99825854889,230.757783677582,9
2.14,9639.82717299806,234.035930161902,9
2.15,9634.58564797091,237.357556647163,9
2.16,9629.27283413789,240.723150511456,9
2.17,9623.88787513599,244.133201984232,9
2.18,9618.42990760722,247.588204079356,9
2.19,9612.89806124074,251.088652524896,9
2.2,9607.29145881892,254.63504568957,9
2.21,9601.60921626718,258.227884505765,9
2.22,9595.8504427079,261.867672389073,9
2.23,9590.0142405185,265.554915154238,9
2.24,9584.09970539362,269.290120927454,9
2.25,9578.10592641178,273.073800054927,9
2.26,9572.03198610633,276.906465007624,9
2.27,9565.87696054111,280.788630282122,9
2.28,9559.63991939061,284.720812297495,9
2.29,9553.31992602506,288.703529288132,9
2.3,9546.91603760032,292.737301192433,9
2.31,9540.42730515273,296.822649537276,9
2.32,9533.85277369922,300.960097318205,9
2.33,9527.19148234246,305.150168875227,9
2.34,9520.44246438156,309.393389764161,9
2.35,9513.60474742802,313.690286623453,9
2.36,9506.67735352742,318.041387036376,9
2.37,9499.6592992867,322.447219388532,9
2.38,9492.5495960073,326.908312720593,9
2.39,9485.3472498242,331.425196576189,9
2.4,9478.05126185097,335.998400844871,9
2.41,9470.66062833104,340.628455600086,9
2.42,9463.17434079515,345.315890932063,9
2.43,9455.59138622528,350.061236775571,9
2.44,9447.91074722496,354.865022732443,9
2.45,9440.13140219629,359.727777888835,9
2.46,9432.25232552363,364.650030627104,9
2.47,9424.27248776411,369.632308432292,9
2.48,9416.19085584511,374.675137693103,9
2.49,9408.00639326877,379.779043497346,9
2.5,9399.71806032365,384.944549421762,9
2.51,9391.32481430365,390.172177316191,9
2.52,9382.82560973431,395.46244708202,9
2.53,9374.21939860654,400.815876444848,9
2.54,9365.50513061795,406.232980721346,9
2.55,9356.68175342175,411.714272580236,9
2.56,9347.74821288353,417.260261797364,9
2.57,9338.70345334576,422.871455004828,9
2.58,9329.54641790024,428.548355434116,9
2.59,9320.27604866865,434.291462653228,9
2.6,9310.891287091,440.10127229776,9
2.61,9301.39107422245,445.978275795912,9
2.62,9291.77435103818,451.922960087423,9
2.63,9282.04005874674,457.935807336396,9
2.64,9272.18713911155,464.017294638028,9
2.65,9262.21453478103,470.167893719213,9
2.66,9252.12118962708,476.388070633057,9
2.67,9241.90604909208,482.678285447275,9
2.68,9231.56806054452,489.03899192651,9
2.69,9221.10617364313,495.470637208585,9
2.7,9210.51934070975,501.973661474707,9
2.71,9199.80651711074,508.548497613674,9
2.72,9188.9666616471,515.195570880103,9
2.73,9177.99873695326,521.915298546744,9
2.74,9166.90170990456,528.708089550922,9
2.75,9155.67455203334,535.574344135178,9
2.76,9144.31623995375,542.514453482171,9
2.77,9132.82575579511,549.52879934392,9
2.78,9121.20208764396,556.61775366548,9
2.79,9109.44422999455,563.781678203135,9
2.8,9097.55118420797,571.020924137221,9
2.81,9085.52195897962,578.335831679678,9
2.82,9073.35557081507,585.726729676479,9
2.83,9061.05104451431,593.193935205031,9
2.84,9048.60741366408,600.737753166719,9
2.85,9036.02372113843,608.358475874729,9
2.86,9023.29901960717,616.056382637316,9
2.87,9010.43237205228,623.831739336683,9
2.88,8997.42285229203,631.684798003657,9
2.89,8984.26954551268,639.615796388357,9
2.9,8970.97154880767,647.624957527048,9
2.91,8957.52797172401,655.712489305404,9
2.92,8943.93793681582,663.878584018402,9
2.93,8930.20058020472,672.123417927082,9
2.94,8916.31505214693,680.447150812427,9
2.95,8902.28051760683,688.84992552662,9
2.96,8888.09615683669,697.331867541938,9
2.97,8873.76116596249,705.893084497597,9
2.98,8859.27475757536,714.533665744805,9
2.99,8844.63616132847,723.253681890363,9
3,8829.84462453913,732.053184339109,9
3.01,8814.89941279565,740.932204835557,9
3.02,8799.79981056882,749.890755005054,9
3.03,8784.54512182747,758.928825894831,9
3.04,8769.13467065795,768.046387515298,9
3.05,8753.5678018871,777.243388381971,9
3.06,8737.84388170824,786.519755058424,9
3.07,8721.96229830997,795.875391700661,9
3.08,8705.92246250716,805.310179603328,9
3.09,8689.72380837395,814.823976748195,9
3.1,8673.36579387809,824.416617355339,9
3.11,8656.84790151633,834.08791143747,9
3.12,8640.16963895032,843.837644357879,9
3.13,8623.33053964254,853.665576392464,9
3.14,8606.33016349189,863.571442296309,9
3.15,8589.16809746815,873.554950875328,9
3.16,8571.84395624517,883.615784563446,9
3.17,8554.3573828319,893.753599005851,9
3.18,8536.70804920098,903.968022648825,9
3.19,8518.89565691416,914.258656336672,9
3.2,8500.91993774402,924.625072916299,9
3.21,8482.78065429156,935.066816849969,9
3.22,8464.47760059872,945.583403836794,9
3.23,8446.01060275565,956.174320443513,9
3.24,8427.37951950176,966.83902374512,9
3.25,8408.58424282008,977.576940975908,9
3.26,8389.62469852437,988.387469191499,9
3.27,8370.50084683813,999.269974942444,9
3.28,8351.21268296504,1010.22379395995,9
3.29,8331.76023765009,1021.24823085435,9
3.3,8312.14357773071,1032.34255882685,9
3.31,8292.36280667731,1043.50601939519,9
3.32,8272.41806512249,1054.73782213374,9
3.33,8252.30953137826,1066.0371444287,9
3.34,8232.03742194053,1077.40313124888,9
3.35,8211.60199198031,1088.83489493273,9
3.36,8191.00353582081,1100.33151499211,9
3.37,8170.24238739975,1111.89203793347,9
3.38,8149.31892071635,1123.51547709689,9
3.39,8128.23355026204,1135.20081251361,9
3.4,8106.98673143448,1146.94699078264,9
3.41,8085.57896093406,1158.75292496683,9
3.42,8064.01077714217,1170.61749450911,9
3.43,8042.28276048065,1182.53954516933,9
3.44,8020.39553375181,1194.51788898217,9
3.45,7998.34976245815,1206.55130423678,9
3.46,7976.14615510136,1218.63853547836,9
3.47,7953.78546345981,1230.77829353246,9
3.48,7931.26848284402,1242.96925555215,9
3.49,7908.59605232932,1255.21006508873,9
3.5,7885.76905496538,1267.49933218627,9
3.51,7862.7884179617,1279.83563350035,9
3.52,7839.65511284874,1292.21751244149,9
3.53,7816.37015561403,1304.64347934347,9
3.54,7792.93460681276,1317.11201165704,9
3.55,7769.34957165227,1329.62155416911,9
3.56,7745.61620005009,1342.17051924792,9
3.57,7721.73568666489,1354.75728711431,9
3.58,7697.70927090009,1367.38020613926,9
3.59,7673.53823687945,1380.0375931681,9
3.6,7649.22391339454,1392.72773387134,9
3.61,7624.7676738235,1405.44888312241,9
3.62,7600.17093602088,1418.1992654023,9
3.63,7575.43516217811,1430.97707523129,9
3.64,7550.56185865456,1443.7804776277,9
3.65,7525.55257577861,1456.60760859375,9
3.66,7500.40890761888,1469.45657562849,9
3.67,7475.13249172511,1482.3254582677,9
3.68,7449.72500883873,1495.21230865068,9
3.69,7424.18818257301,1508.11515211388,9
3.7,7398.52377906253,1521.03198781108,9
3.71,7372.73360658219,1533.96078935996,9
3.72,7346.81951513552,1546.89950551493,9
3.73,7320.78339601246,1559.84606086574,9
3.74,7294.62718131661,1572.79835656172,9
3.75,7268.35284346208,1585.75427106129,9
3.76,7241.96239464007,1598.71166090622,9
3.77,7215.45788625543,1611.66836152039,9
3.78,7188.84140833327,1624.62218803247,9
3.79,7162.11508889606,1637.57093612204,9
3.8,7135.2810933114,1650.51238288865,9
3.81,7108.34162361083,1663.44428774326,9
3.82,7081.29891778007,1676.36439332139,9
3.83,7054.15524902111,1689.27042641737,9
3.84,7026.91292498659,1702.16009893901,9
3.85,6999.57428698697,1715.03110888201,9
3.86,6972.141709171,1727.88114132336,9
3.87,6944.61759768015,1740.70786943282,9
3.88,6917.00438977744,1753.50895550194,9
3.89,6889.30455295153,1766.28205198946,9
3.9,6861.5205839965,1779.02480258255,9
3.91,6833.65500806829,1791.7348432727,9
3.92,6805.71037771832,1804.40980344548,9
3.93,6777.68927190524,1817.04730698329,9
3.94,6749.59429498552,1829.64497337995,9
3.95,6721.42807568371,1842.20041886622,9
3.96,6693.19326604343,1854.71125754526,9
3.97,6664.89254035966,1867.17510253699,9
3.98,6636.52859409359,1879.58956713015,9
3.99,6608.10414277073,1891.9522659412,9
4,6579.62192086349,1904.2608160788,9
4.01,6551.08468065895,1916.51283831285,9
4.02,6522.49519111311,1928.70595824689,9
4.03,6493.8562366925,1940.83780749288,9
4.04,6465.17061620426,1952.90602484708,9
4.05,6436.44114161574,1964.90825746589,9
4.06,6407.67063686479,1976.84216204064,9
4.07,6378.86193666168,1988.70540597003,9
4.08,6350.01788528393,2000.49566852916,9
4.09,6321.14133536513,2012.21064203393,9
4.1,6292.23514667875,2023.84803299974,9
4.11,6263.30218491832,2035.40556329327,9
4.12,6234.34532047485,2046.88097127627,9
4.13,6205.36742721286,2058.2720129402,9
4.14,6176.37138124599,2069.57646303056,9
4.15,6147.36005971348,2080.79211615992,9
4.16,6118.33633955849,2091.91678790842,9
4.17,6089.30309630956,2102.9483159108,9
4.18,6060.2632028662,2113.88456092877,9
4.19,6031.21952828981,2124.72340790778,9
4.2,6002.17493660099,2135.46276701716,9
4.21,5973.13228558431,2146.10057467258,9
4.22,5944.09442560174,2156.6347945399,9
4.23,5915.06419841561,2167.06341851948,9
4.24,5886.0444360223,2177.38446771,9
4.25,5857.0379594976,2187.5959933509,9
4.26,5828.04757785484,2197.69607774264,9
4.27,5799.0760869166,2207.68283514385,9
4.28,5770.12626820114,2217.55441264467,9
4.29,5741.20088782439,2227.30899101548,9
4.3,5712.30269541843,2236.9447855303,9
4.31,5683.43442306727,2246.46004676411,9
4.32,5654.59878426099,2255.85306136356,9
4.33,5625.79847286875,2265.12215279035,9
4.34,5597.03616213174,2274.26568203674,9
4.35,5568.31450367667,2283.28204831258,9
4.36,5539.63612655063,2292.16968970356,9
4.37,5511.00363627787,2300.92708379992,9
4.38,5482.41961393932,2309.55274829547,9
4.39,5453.88661527539,2318.04524155639,9
4.4,5425.40716981263,2326.40316315947,9
4.41,5396.98378001487,2334.62515439959,9
4.42,5368.61892045926,2342.7098987661,9
4.43,5340.31503703777,2350.65612238787,9
4.44,5312.0745461846,2358.46259444692,9
4.45,5283.89983412987,2366.12812756037,9
4.46,5255.79325617989,2373.65157813077,9
4.47,5227.75713602452,2381.03184666461,9
4.48,5199.79376507178,2388.26787805906,9
4.49,5171.90540181001,2395.35866185698,9
4.5,5144.09427119775,2402.30323247025,9
4.51,5116.36256408167,2409.10066937145,9
4.52,5088.71243664253,2415.75009725416,9
4.53,5061.14600986934,2422.25068616196,9
4.54,5033.6653690619,2428.60165158633,9
4.55,5006.27256336158,2434.80225453376,9
4.56,4978.96960531053,2440.85180156233,9
4.57,4951.75847043911,2446.74964478802,9
4.58,4924.64109688169,2452.49518186119,9
4.59,4897.61938502056,2458.08785591346,9
4.6,4870.69519715784,2463.52715547558,9
4.61,4843.87035721541,2468.81261436657,9
4.62,4817.14665046245,2473.94381155468,9
4.63,4790.52582327047,2478.9203709906,9
4.64,4764.00958289568,2483.74196141345,9
4.65,4737.59959728827,2488.40829613019,9
4.66,4711.29749492842,2492.91913276879,9
4.67,4685.10486468869,2497.27427300597,9
4.68,4659.02325572238,2501.47356226992,9
4.69,4633.05417737766,2505.51688941883,9
4.7,4607.19909913688,2509.40418639564,9
4.71,4581.45945058077,2513.13542785984,9
4.72,4555.83662137711,2516.71063079687,9
4.73,4530.33196129333,2520.12985410592,9
4.74,4504.94678023268,2523.39319816672,9
4.75,4479.68234829336,2526.50080438608,9
4.76,4454.53989585029,2529.45285472485,9
4.77,4429.52061365884,2532.24957120614,9
4.78,4404.62565298002,2534.89121540535,9
4.79,4379.85612572672,2537.37808792295,9
4.8,4355.2131046303,2539.71052784053,9
4.81,4330.69762342703,2541.88891216115,9
4.82,4306.31067706383,2543.91365523437,9
4.83,4282.0532219227,2545.78520816713,9
4.84,4257.92617606327,2547.50405822088,9
4.85,4233.93041948292,2549.07072819584,9
4.86,4210.06679439375,2550.48577580326,9
4.87,4186.336105516,2551.7497930262,9
4.88,4162.73912038713,2552.86340546971,9
4.89,4139.27656968606,2553.82727170115,9
4.9,4115.94914757195,2554.64208258128,9
4.91,4092.75751203691,2555.308560587,9
4.92,4069.70228527204,2555.8274591263,9
4.93,4046.78405404616,2556.19956184619,9
4.94,4024.00337009673,2556.42568193436,9
4.95,4001.36075053222,2556.5066614152,9
4.96,3978.8566782455,2556.44337044084,9
4.97,3956.49160233751,2556.23670657796,9
4.98,3934.26593855074,2555.88759409094,9
4.99,3912.18006971187,2555.39698322204,9
5,3890.23434618304,2554.76584946926,9
5.01,3868.42908632119,2553.9951928624,9
5.02,3846.76457694484,2553.08603723811,9
5.03,3825.24107380792,2552.03942951429,9
5.04,3803.8588020799,2550.85643896459,9
5.05,3782.61795683186,2549.53815649354,9
5.06,3761.51870352792,2548.08569391274,9
5.07,3740.56117852149,2546.50018321882,9
5.08,3719.74548955584,2544.78277587355,9
5.09,3699.07171626861,2542.93464208667,9
5.1,3678.53991069962,2540.95697010185,9
5.11,3658.15009780155,2538.85096548633,9
5.12,3637.90227595318,2536.61785042468,9
5.13,3617.79641747451,2534.25886301704,9
5.14,3597.83246914349,2531.77525658233,9
5.15,3578.01035271391,2529.1682989668,9
5.16,3558.32996543397,2526.43927185836,9
5.17,3538.79118056521,2523.58947010693,9
5.18,3519.39384790137,2520.62020105135,9
5.19,3500.13779428677,2517.532783853,9
5.2,3481.02282413399,2514.32854883658,9
5.21,3462.04871994031,2511.00883683827,9
5.22,3443.21524280268,2507.5749985617,9
5.23,3424.52213293091,2504.02839394174,9
5.24,3405.96911015873,2500.37039151667,9
5.25,3387.55587445234,2496.60236780878,9
5.26,3369.28210641635,2492.72570671364,9
5.27,3351.14746779664,2488.7417988984,9
5.28,3333.15160198004,2484.65204120907,9
5.29,3315.29413449037,2480.45783608722,9
5.3,3297.57467348084,2476.16059099609,9
5.31,3279.99281022241,2471.76171785635,9
5.32,3262.54811958791,2467.26263249164,9
5.33,3245.24016053182,2462.66475408396,9
5.34,3228.06847656535,2457.96950463916,9
5.35,3211.03259622677,2453.17830846248,9
5.36,3194.13203354675,2448.29259164431,9
5.37,3177.36628850857,2443.3137815563,9
5.38,3160.73484750299,2438.24330635772,9
5.39,3144.23718377777,2433.08259451234,9
5.4,3127.87275788148,2427.83307431572,9
5.41,3111.64101810173,2422.49617343299,9
5.42,3095.54140089752,2417.07331844716,9
5.43,3079.57333132567,2411.56593441796,9
5.44,3063.73622346128,2405.97544445124,9
5.45,3048.02948081196,2400.30326927887,9
5.46,3032.45249672602,2394.55082684918,9
5.47,3017.00465479426,2388.7195319279,9
5.48,3001.68532924553,2382.81079570956,9
5.49,2986.49388533586,2376.82602543933,9
5.5,2971.42967973112,2370.76662404525,9
5.51,2956.4920608833,2364.63398978078,9
5.52,2941.68036940017,2358.42951587762,9
5.53,2926.99393840847,2352.15459020878,9
5.54,2912.43209391054,2345.8105949617,9
5.55,2897.99415513431,2339.39890632154,9
5.56,2883.67943487675,2332.92089416431,9
5.57,2869.48723984076,2326.37792176002,9
5.58,2855.4168709654,2319.77134548548,9
5.59,2841.46762374956,2313.10251454691,9
5.6,2827.63878856913,2306.37277071205,9
5.61,2813.92965098751,2299.58344805176,9
5.62,2800.33949205968,2292.73587269104,9
5.63,2786.8675886297,2285.8313625692,9
5.64,2773.51321362181,2278.87122720923,9
5.65,2760.27563632502,2271.85676749616,9
5.66,2747.15412267138,2264.78927546429,9
5.67,2734.14793550779,2257.67003409314,9
5.68,2721.25633486164,2250.50031711208,9
5.69,2708.47857820005,2243.28138881343,9
5.7,2695.81392068299,2236.01450387384,9
5.71,2683.26161541023,2228.70090718398,9
5.72,2670.82091366221,2221.34183368627,9
5.73,2658.49106513478,2213.93850822052,9
5.74,2646.27131816815,2206.49214537739,9
5.75,2634.16091996974,2199.0039493595,9
5.76,2622.15911683133,2191.47511385002,9
5.77,2610.26515434039,2183.9068218887,9
5.78,2598.47827758568,2176.300245755,9
5.79,2586.7977313573,2168.65654685842,9
5.8,2575.22276034114,2160.97687563565,9
5.81,2563.75260930781,2153.26237145459,9
5.82,2552.38652329632,2145.51416252497,9
5.83,2541.12374779223,2137.73336581546,9
5.84,2529.96352890076,2129.92108697712,9
5.85,2518.90511351456,2122.07842027313,9
5.86,2507.94774947659,2114.20644851445,9
5.87,2497.09068573776,2106.30624300152,9
5.88,2486.33317250989,2098.37886347169,9
5.89,2475.67446141366,2090.42535805224,9
5.9,2465.1138056219,2082.44676321899,9
5.91,2454.65045999815,2074.44410376017,9
5.92,2444.28368123066,2066.41839274557,9
5.93,2434.0127279619,2058.37063150073,9
5.94,2423.83686091358,2050.3018095861,9
5.95,2413.75534300743,2042.21290478099,9
5.96,2403.76743948159,2034.1048830722,9
5.97,2393.87241800297,2025.97869864719,9
5.98,2384.06954877539,2017.83529389169,9
5.99,2374.35810464382,2009.67559939152,9
6,2364.73736119457,2001.50053393869,9
6.01,2355.20659685172,1993.3110045414,9
6.02,2345.76509296979,1985.10790643803,9
6.03,2336.41213392262,1976.89212311492,9
6.04,2327.1470071888,1968.66452632775,9
6.05,2317.96900343338,1960.4259761265,9
6.06,2308.87741658629,1952.17732088391,9
6.07,2299.87154391735,1943.91939732714,9
6.08,2290.95068610787,1935.65303057271,9
6.09,2282.11414731921,1927.37903416449,9
6.1,2273.36123525803,1919.09821011475,9
6.11,2264.69126123859,1910.81134894794,9
6.12,2256.10354024198,1902.51922974742,9
6.13,2247.59739097245,1894.22262020469,9
6.14,2239.17213591086,1885.92227667134,9
6.15,2230.82710136542,1877.61894421333,9
6.16,2222.56161751962,1869.31335666771,9
6.17,2214.37501847758,1861.00623670165,9
6.18,2206.26664230679,1852.69829587352,9
6.19,2198.23583107839,1844.39023469624,9
6.2,2190.28193090493,1836.08274270243,9
6.21,2182.40429197583,1827.77649851163,9
6.22,2174.60226859045,1819.47216989929,9
6.23,2166.87521918897,1811.17041386745,9
6.24,2159.22250638104,1802.87187671716,9
6.25,2151.64349697233,1794.57719412241,9
6.26,2144.13756198898,1786.28699120564,9
6.27,2136.70407670006,1778.00188261455,9
6.28,2129.34242063806,1769.72247260041,9
6.29,2122.0519776175,1761.4493550975,9
6.3,2114.83213575168,1753.18311380387,9
6.31,2107.68228746766,1744.92432226314,9
6.32,2100.60182951949,1736.67354394745,9
6.33,2093.59016299978,1728.43133234137,9
6.34,2086.64669334961,1720.19823102671,9
6.35,2079.77083036688,1711.97477376829,9
6.36,2072.96198821315,1703.76148460045,9
6.37,2066.21958541892,1695.55887791437,9
6.38,2059.54304488759,1687.36745854602,9
6.39,2052.93179389793,1679.18772186483,9
6.4,2046.38526410527,1671.02015386285,9
6.41,2039.90289154135,1662.86523124458,9
6.42,2033.48411661298,1654.72342151712,9
6.43,2027.12838409935,1646.59518308089,9
6.44,2020.83514314839,1638.48096532066,9
6.45,2014.60384727173,1630.38120869693,9
6.46,2008.43395433884,1622.29634483758,9
6.47,2002.3249265699,1614.22679662987,9
6.48,1996.27623052776,1606.1729783125,9
6.49,1990.28733710895,1598.13529556791,9
6.5,1984.35772153364,1590.11414561474,9
6.51,1978.48686333482,1582.10991730027,9
6.52,1972.67424634651,1574.12299119301,9
6.53,1966.91935869118,1566.15373967526,9
6.54,1961.22169276637,1558.20252703561,9
6.55,1955.58074523048,1550.26970956145,9
6.56,1949.99601698793,1542.35563563132,9
6.57,1944.46701317345,1534.46064580724,9
6.58,1938.99324313587,1526.58507292674,9
6.59,1933.57422042109,1518.72924219486,9
6.6,1928.20946275451,1510.89347127582,9
6.61,1922.89849202288,1503.07807038453,9
6.62,1917.64083425553,1495.28334237783,9
6.63,1912.43601960504,1487.50958284538,9
6.64,1907.28358232748,1479.75708020029,9
6.65,1902.18306076204,1472.02611576945,9
6.66,1897.13399731027,1464.31696388341,9
6.67,1892.13593841486,1456.62989196595,9
6.68,1887.18843453792,1448.96516062322,9
6.69,1882.29104013896,1441.32302373248,9
6.7,1877.44331365243,1433.70372853041,9
6.71,1872.64481746489,1426.10751570091,9
6.72,1867.89511789187,1418.5346194625,9
6.73,1863.19378515437,1410.98526765517,9
6.74,1858.54039335508,1403.45968182679,9
6.75,1853.93452045434,1395.95807731893,9
6.76,1849.37574824574,1388.48066335219,9
6.77,1844.86366233158,1381.02764311099,9
6.78,1840.39785209804,1373.59921382776,9
6.79,1835.97791069008,1366.1955668666,9
6.8,1831.60343498629,1358.81688780634,9
6.81,1827.27402557337,1351.463356523,9
6.82,1822.98928672058,1344.13514727167,9
6.83,1818.74882635395,1336.83242876774,9
6.84,1814.55225603037,1329.55536426754,9
6.85,1810.39919091159,1322.30411164834,9
6.86,1806.289249738,1315.07882348771,9
6.87,1802.22205480243,1307.87964714223,9
6.88,1798.19723192376,1300.70672482556,9
6.89,1794.21441042051,1293.56019368583,9
6.9,1790.27322308429,1286.44018588241,9
6.91,1786.37330615329,1279.34682866194,9
6.92,1782.51429928564,1272.28024443372,9
6.93,1778.69584553273,1265.2405508445,9
6.94,1774.91759131258,1258.22786085241,9
6.95,1771.17918638311,1251.24228280038,9
6.96,1767.48028381544,1244.28392048874,9
6.97,1763.82053996718,1237.35287324722,9
6.98,1760.19961445571,1230.44923600621,9
6.99,1756.61717013152,1223.5730993673,9
7,1753.07287305152,1216.72454967318,9
7.01,1749.56639245243,1209.90366907677,9
7.02,1746.09740072416,1203.11053560972,9
7.03,1742.66557338329,1196.34522325015,9
7.04,1739.27058904655,1189.60780198971,9
7.05,1735.91212940438,1182.89833789994,9
7.06,1732.5898791946,1176.2168931979,9
7.07,1729.30352617603,1169.56352631115,9
7.08,1726.05276110235,1162.93829194195,9
7.09,1722.83727769589,1156.34124113083,9
7.1,1719.6567726216,1149.77242131942,9
7.11,1716.51094546112,1143.23187641258,9
7.12,1713.39949868683,1136.71964683987,9
7.13,1710.32213763617,1130.23576961626,9
7.14,1707.27857048595,1123.78027840218,9
7.15,1704.26850822679,1117.35320356292,9
7.16,1701.29166463769,1110.95457222724,9
7.17,1698.34775626075,1104.58440834539,9
7.18,1695.43650237593,1098.24273274639,9
7.19,1692.55762497602,1091.92956319461,9
7.2,1689.71084874168,1085.64491444577,9
7.21,1686.89590101664,1079.38879830213,9
7.22,1684.11251178303,1073.1612236671,9
7.23,1681.36041363685,1066.96219659916,9
7.24,1678.63934176358,1060.79172036508,9
7.25,1675.94903391391,1054.64979549255,9
7.26,1673.28923037965,1048.53641982205,9
7.27,1670.65967396979,1042.45158855815,9
7.28,1668.06010998663,1036.39529432013,9
7.29,1665.49028620222,1030.36752719197,9
7.3,1662.94995283476,1024.36827477163,9
7.31,1660.43886252532,1018.39752221979,9
7.32,1657.9567703146,1012.4552523079,9
7.33,1655.50343361995,1006.5414454656,9
7.34,1653.07861221243,1000.65607982752,9
7.35,1650.68206819417,994.799131279479,9
7.36,1648.31356597576,988.970573504052,9
7.37,1645.9728722539,983.170378025521,9
7.38,1643.65975598914,977.398514254231,9
7.39,1641.37398838386,971.654949530343,9
7.4,1639.11534286035,965.939649166989,9
7.41,1636.88359503911,960.252576492831,9
7.42,1634.67852271725,954.593692894044,9
7.43,1632.49990584713,948.962957855706,9
7.44,1630.34752651514,943.360329002621,9
7.45,1628.22116892062,937.785762139571,9
7.46,1626.12061935498,932.239211290988,9
7.47,1624.045666181,926.720628740084,9
7.48,1621.99609981226,921.22996506741,9
7.49,1619.97171269278,915.767169188877,9
7.5,1617.97229927679,910.33218839322,9
7.51,1615.99765600871,904.924968378927,9
7.52,1614.04758130325,899.545453290636,9
7.53,1612.12187552576,894.193585754998,9
7.54,1610.22034097263,888.869306916014,9
7.55,1608.34278185199,883.572556469857,9
7.56,1606.48900426446,878.303272699181,9
7.57,1604.65881618417,873.061392506912,9
7.58,1602.85202743987,867.846851449547,9
7.59,1601.06844969623,862.659583769948,9
7.6,1599.30789643537,857.499522429644,9
7.61,1597.57018293843,852.366599140645,9
7.62,1595.85512626744,847.260744396774,9
7.63,1594.16254524724,842.181887504526,9
7.64,1592.49226044766,837.12995661344,9
7.65,1590.84409416581,832.104878746026,9
7.66,1589.21787040852,827.106579827212,9
7.67,1587.61341487503,822.134984713338,9
7.68,1586.0305549397,817.190017220709,9
7.69,1584.46911963505,812.271600153687,9
7.7,1582.92893963479,807.379655332351,9
7.71,1581.40984723716,802.514103619718,9
7.72,1579.91167634833,797.674864948531,9
7.73,1578.43426246598,792.861858347624,9
7.74,1576.97744266309,788.075001967864,9
7.75,1575.5410555718,783.314213107677,9
7.76,1574.1249413675,778.57940823816,9
7.77,1572.72894175303,773.870503027795,9
7.77931962402032,1571.44589295412,769.505221924749,9
0,29990,10,10
0.01,29989.7608464561,10.1510450456673,10
0.02,29989.5181926213,10.3043694823188,10
0.03,29989.2719855935,10.4600076467782,10
0.04,29989.0221716772,10.6179943902556,10
0.05,29988.7686963699,10.7783650869767,10
0.06,29988.5115043504,10.9411556419855,10
0.07,29988.2505394666,11.1064024990452,10
0.08,29987.9857447226,11.2741426486616,10
0.09,29987.7170622667,11.444413636221,10
0.1,29987.444433378,11.6172535702451,10
0.11,29987.1677984541,11.7927011307707,10
0.12,29986.8870969974,11.9707955778508,10
0.13,29986.6022676021,12.15157676018,10
0.14,29986.3132479405,12.3350851238448,10
0.15,29986.0199747491,12.5213617212036,10
0.16,29985.722383815,12.710448219895,10
0.17,29985.4204099616,12.9023869119776,10
0.18,29985.1139870339,13.0972207232043,10
0.19,29984.8030478846,13.29499322243,10
0.2,29984.4875243587,13.4957486311577,10
0.21,29984.1673472788,13.6995318332234,10
0.22,29983.8424464298,13.9063883846209,10
0.23,29983.5127505435,14.116364523471,10
0.24,29983.1781872828,14.3295071801341,10
0.25,29982.838683226,14.5458639874709,10
0.26,29982.4941638505,14.7654832912512,10
0.27,29982.1445535164,14.9884141607139,10
0.28,29981.7897754501,15.2147063992802,10
0.29,29981.4297517272,15.4444105554219,10
0.3,29981.0644032557,15.6775779336873,10
0.31,29980.6936497581,15.9142606058857,10
0.32,29980.3174097546,16.1545114224349,10
0.33,29979.9356005445,16.3983840238713,10
0.34,29979.5481381885,16.6459328525275,10
0.35,29979.1549374902,16.8972131643771,10
0.36,29978.7559119774,17.1522810410507,10
0.37,29978.3509738833,17.4111934020255,10
0.38,29977.9400341271,17.6740080169897,10
0.39,29977.5230022947,17.9407835183846,10
0.4,29977.0997866191,18.2115794141274,10
0.41,29976.6702939599,18.4864561005166,10
0.42,29976.2344297834,18.7654748753221,10
0.43,29975.7920981415,19.0486979510635,10
0.44,29975.3432016513,19.3361884684782,10
0.45,29974.8876414737,19.6280105101822,10
0.46,29974.4253172915,19.9242291145268,10
0.47,29973.956127288,20.224910289652,10
0.48,29973.4799681248,20.530121027742,10
0.49,29972.9967349188,20.8399293194826,10
0.5,29972.5063212202,21.1544041687254,10
0.51,29972.0086189887,21.4736156073604,10
0.52,29971.5035185702,21.7976347103997,10
0.53,29970.9909086732,22.1265336112764,10
0.54,29970.4706763446,22.4603855173593,10
0.55,29969.9427069448,22.7992647256885,10
0.56,29969.4068841233,23.1432466389333,10
0.57,29968.8630897935,23.492407781576,10
0.58,29968.3112041067,23.8468258163246,10
0.59,29967.7511054267,24.2065795607565,10
0.6,29967.1826703031,24.5717490041972,10
0.61,29966.6057734448,24.9424153248371,10
0.62,29966.0202876929,25.3186609070882,10
0.63,29965.4260839931,25.7005693591856,10
0.64,29964.8230313684,26.088225531035,10
0.65,29964.2109968901,26.4817155323111,10
0.66,29963.5898456498,26.8811267508091,10
0.67,29962.9594407299,27.2865478710526,10
0.68,29962.3196431745,27.6980688931615,10
0.69,29961.6703119592,28.115781151983,10
0.7,29961.0113039613,28.539777336489,10
0.71,29960.3424739284,28.9701515094431,10
0.72,29959.6636744478,29.4069991273406,10
0.73,29958.9747559146,29.8504170606259,10
0.74,29958.2755664999,30.3005036141888,10
0.75,29957.5659521179,30.7573585481446,10
0.76,29956.8457563935,31.2210830989017,10
0.77,29956.1148206284,31.6917800005187,10
0.78,29955.3729837673,32.1695535063562,10
0.79,29954.6200823639,32.6545094110259,10
0.8,29953.8559505456,33.1467550726411,10
0.81,29953.0804199785,33.6463994353718,10
0.82,29952.2933198313,34.1535530523084,10
0.83,29951.4944767392,34.6683281086378,10
0.84,29950.683714767,35.1908384451352,10
0.85,29949.8608553717,35.7211995819755,10
0.86,29949.0257173647,36.2595287428685,10
0.87,29948.1781168734,36.805944879521,10
0.88,29947.3178673023,37.36056869643,10
0.89,29946.4447792934,37.9235226760113,10
0.9,29945.5586606866,38.4949311040664,10
0.91,29944.6593164786,39.0749200955921,10
0.92,29943.7465487821,39.6636176209369,10
0.93,29942.8201567842,40.2611535323084,10
0.94,29941.8799367038,40.8676595906343,10
0.95,29940.9256817493,41.4832694927827,10
0.96,29939.9571820746,42.1081188991444,10
0.97,29938.9742247355,42.7423454615825,10
0.98,29937.9765936448,43.3860888517516,10
0.99,29936.9640695276,44.0394907897926,10
1,29935.9364298747,44.7026950734056,10
1.01,29934.8934488967,45.375847607306,10
1.02,29933.8348974768,46.0590964330675,10
1.03,29932.760543123,46.7525917593556,10
1.04,29931.6701499198,47.4564859925577,10
1.05,29930.5634784791,48.1709337678107,10
1.06,29929.4402858906,48.8960919804336,10
1.07,29928.3003256716,49.6321198177668,10
1.08,29927.1433477154,50.3791787914241,10
1.09,29925.9690982406,51.1374327699597,10
1.1,29924.7773197376,51.9070480119561,10
1.11,29923.5677509163,52.6881931995357,10
1.12,29922.340126652,53.4810394723022,10
1.13,29921.094177931,54.2857604617127,10
1.14,29919.8296317953,55.1025323258886,10
1.15,29918.5462112866,55.9315337848661,10
1.16,29917.2436353898,56.7729461562929,10
1.17,29915.9216189754,57.6269533915737,10
1.18,29914.5798727413,58.4937421124691,10
1.19,29913.2181031539,59.3735016481522,10
1.2,29911.8360123885,60.2664240727273,10
1.21,29910.4332982688,61.1727042432138,10
1.22,29909.0096542053,62.0925398379999,10
1.23,29907.5647691337,63.026131395771,10
1.24,29906.0983274516,63.9736823549151,10
1.25,29904.6100089553,64.9353990934103,10
1.26,29903.0994887748,65.9114909691986,10
1.27,29901.5664373088,66.9021703610486,10
1.28,29900.0105201587,67.9076527099129,10
1.29,29898.4313980611,68.9281565607817,10
1.3,29896.8287268205,69.9639036050388,10
1.31,29895.2021572403,71.0151187233216,10
1.32,29893.5513350532,72.0820300288908,10
1.33,29891.8759008511,73.1648689115111,10
1.34,29890.1754900136,74.2638700818488,10
1.35,29888.4497326356,75.3792716163885,10
1.36,29886.6982534547,76.5113150028721,10
1.37,29884.9206717766,77.6602451862648,10
1.38,29883.1166014008,78.8263106152495,10
1.39,29881.2856505444,80.0097632892549,10
1.4,29879.4274217654,81.2108588060183,10
1.41,29877.541511885,82.4298564096881,10
1.42,29875.6275119092,83.6670190394672,10
1.43,29873.685006949,84.9226133788013,10
1.44,29871.7135761398,86.1969099051143,10
1.45,29869.7127925601,87.4901829400938,10
1.46,29867.6822231492,88.802710700528,10
1.47,29865.621428623,90.1347753496982,10
1.48,29863.5299633905,91.4866630493276,10
1.49,29861.4073754679,92.8586640120894,10
1.5,29859.253206392,94.2510725546749,10
1.51,29857.0669911331,95.6641871514254,10
1.52,29854.8482580067,97.0983104885274,10
1.53,29852.5965285834,98.5537495187739,10
1.54,29850.311317599,100.030815516893,10
1.55,29847.9921328628,101.529824135443,10
1.56,29845.638475165,103.051095461279,10
1.57,29843.2498381831,104.594954072588,10
1.58,29840.8257083874,106.161729096492,10
1.59,29838.3655649451,107.751754267226,10
1.6,29835.8688796235,109.365367984883,10
1.61,29833.3351166925,111.002913374731,10
1.62,29830.7637328255,112.664738347097,10
1.63,29828.1541769993,114.351195657828,10
1.64,29825.5058903934,116.06264296931,10
1.65,29822.8183062876,117.79944291206,10
1.66,29820.0908499589,119.561963146886,10
1.67,29817.3229385771,121.350576427605,10
1.68,29814.5139810996,123.165660664325,10
1.69,29811.6633781649,125.00759898729,10
1.7,29808.7705219848,126.876779811273,10
1.71,29805.834796236,128.773596900534,10
1.72,29802.8555759501,130.698449434319,10
1.73,29799.8322274031,132.651742072907,10
1.74,29796.7641080029,134.633885024204,10
1.75,29793.6505661766,136.645294110867,10
1.76,29790.4909412563,138.686390837967,10
1.77,29787.2845633636,140.757602461175,10
1.78,29784.0307532937,142.859362055473,10
1.79,29780.7288223971,144.992108584376,10
1.8,29777.3780724619,147.156286969661,10
1.81,29773.9777955937,149.352348161606,10
1.82,29770.5272740948,151.58074920971,10
1.83,29767.0257803425,153.841953333907,10
1.84,29763.4725766661,156.136429996251,10
1.85,29759.866915223,158.46465497307,10
1.86,29756.2080378733,160.827110427574,10
1.87,29752.495176054,163.224284982915,10
1.88,29748.7275506517,165.656673795674,10
1.89,29744.9043718741,168.124778629778,10
1.9,29741.0248391211,170.629107930824,10
1.91,29737.088140854,173.170176900801,10
1.92,29733.0934544644,175.748507573201,10
1.93,29729.0399461417,178.364628888488,10
1.94,29724.9267707398,181.019076769937,10
1.95,29720.7530716424,183.712394199796,10
1.96,29716.5179806281,186.445131295781,10
1.97,29712.2206177336,189.217845387867,10
1.98,29707.8600911167,192.031101095373,10
1.99,29703.4354969178,194.885470404301,10
2,29698.9459191212,197.781532744937,10
2.01,29694.3904294145,200.719875069664,10
2.02,29689.7680870478,203.701091930983,10
2.03,29685.0779386923,206.725785559719,10
2.04,29680.319018297,209.794565943378,10
2.05,29675.4903469458,212.908050904637,10
2.06,29670.5909327131,216.06686617994,10
2.07,29665.6197705182,219.271645498177,10
2.08,29660.5758419806,222.523030659408,10
2.09,29655.4581152725,225.821671613611,10
2.1,29650.2655449721,229.168226539428,10
2.11,29644.9970719157,232.563361922856,10
2.12,29639.651623049,236.007752635884,10
2.13,29634.2281112785,239.502082015009,10
2.14,29628.7254353212,243.047041939619,10
2.15,29623.1424795552,246.643332910191,10
2.16,29617.4781138683,250.29166412628,10
2.17,29611.7311935075,253.992753564248,10
2.18,29605.9005589271,257.747328054697,10
2.19,29599.9850356372,261.55612335957,10
2.2,29593.9834340511,265.419884248862,10
2.21,29587.8945493332,269.339364576908,10
2.22,29581.7171612461,273.315327358206,10
2.23,29575.4500339977,277.348544842701,10
2.24,29569.0919160885,281.439798590516,10
2.25,29562.6415401583,285.589879546049,10
2.26,29556.0976228332,289.799588111401,10
2.27,29549.4588645724,294.069734219066,10
2.28,29542.7239495158,298.401137403842,10
2.29,29535.8915453307,302.794626873889,10
2.3,29528.9603030594,307.251041580889,10
2.31,29521.9288569672,311.771230289228,10
2.32,29514.7958243905,316.356051644153,10
2.33,29507.5598055852,321.006374238827,10
2.34,29500.219383576,325.723076680219,10
2.35,29492.7731240061,330.507047653754,10
2.36,29485.2195749874,335.359185986658,10
2.37,29477.5572669518,340.280400709919,10
2.38,29469.7847125032,345.27161111878,10
2.39,29461.9004062703,350.333746831706,10
2.4,29453.9028247607,355.467747847721,10
2.41,29445.7904262156,360.674564602042,10
2.42,29437.5616504665,365.955158019933,10
2.43,29429.2149187923,371.310499568669,10
2.44,29420.7486337787,376.741571307542,10
2.45,29412.1611791784,382.249365935804,10
2.46,29403.4509197734,387.83488683845,10
2.47,29394.6162012387,393.499148129754,10
2.48,29385.6553500081,399.243174694444,10
2.49,29376.566673142,405.068002226422,10
2.5,29367.348458197,410.974677264923,10
2.51,29357.9989730979,416.964257227998,10
2.52,29348.5164660124,423.037810443215,10
2.53,29338.8991652275,429.196416175463,10
2.54,29329.1452790294,435.441164651746,10
2.55,29319.2529955854,441.773157082833,10
2.56,29309.2204828292,448.193505681664,10
2.57,29299.0458883491,454.703333678371,10
2.58,29288.7273392795,461.30377533178,10
2.59,29278.2629421955,467.995975937288,10
2.6,29267.6507830113,474.78109183095,10
2.61,29256.8889268823,481.660290389668,10
2.62,29245.9754181106,488.634750027313,10
2.63,29234.9082800554,495.705660186661,10
2.64,29223.6855150465,502.874221326985,10
2.65,29212.3051043035,510.141644907152,10
2.66,29200.7650078579,517.509153364083,10
2.67,29189.0631644819,524.977980086402,10
2.68,29177.1974916204,532.549369383137,10
2.69,29165.1658853293,540.224576447296,10
2.7,29152.9662202185,548.00486731416,10
2.71,29140.5963494013,555.891518814114,10
2.72,29128.0541044481,563.885818519868,10
2.73,29115.3372953479,571.989064687862,10
2.74,29102.4437104745,580.202566193708,10
2.75,29089.3711165599,588.527642461466,10
2.76,29076.1172586745,596.965623386579,10
2.77,29062.6798602133,605.517849252286,10
2.78,29049.0566228905,614.185670639307,10
2.79,29035.2452267404,622.970448328629,10
2.8,29021.2433301264,631.873553197172,10
2.81,29007.0485697579,640.896366106162,10
2.82,28992.6585607154,650.040277781985,10
2.83,28978.0708964836,659.30668868934,10
2.84,28963.2831489937,668.69700889646,10
2.85,28948.2928686742,678.212657932221,10
2.86,28933.097584511,687.855064634886,10
2.87,28917.6948041173,697.625666992316,10
2.88,28902.0820138129,707.525911973386,10
2.89,28886.2566787138,717.557255350417,10
2.9,28870.2162428318,727.721161512384,10
2.91,28853.9581291853,738.019103268688,10
2.92,28837.4797399205,748.452561643247,10
2.93,28820.7784564445,759.023025658703,10
2.94,28803.8516395689,769.731992110485,10
2.95,28786.6966296664,780.580965330522,10
2.96,28769.3107468391,791.571456940353,10
2.97,28751.6912910991,802.704985593411,10
2.98,28733.8355425621,813.983076706234,10
2.99,28715.7407616545,825.407262178375,10
3,28697.4041893333,836.979080100764,10
3.01,28678.8230473203,848.70007445229,10
3.02,28659.9945383504,860.571794784355,10
3.03,28640.915846434,872.595795893171,10
3.04,28621.5841371349,884.773637479541,10
3.05,28601.9965578623,897.106883795911,10
3.06,28582.1502381795,909.597103280425,10
3.07,28562.0422901277,922.245868177767,10
3.08,28541.6698085661,935.054754146532,10
3.09,28521.0298715282,948.025339852908,10
3.1,28500.1195405962,961.159206550424,10
3.11,28478.9358612907,974.457937645522,10
3.12,28457.4758634798,987.923118248745,10
3.13,28435.736561805,1001.55633471129,10
3.14,28413.7149561256,1015.35917414669,10
3.15,28391.4080319819,1029.33322393749,10
3.16,28368.8127610772,1043.48007122652,10
3.17,28345.9261017789,1057.80130239274,10
3.18,28322.7449996395,1072.29850251137,10
3.19,28299.2663879375,1086.97325479801,10
3.2,28275.4871882384,1101.82714003671,10
3.21,28251.4043109766,1116.86173599173,10
3.22,28227.014656058,1132.07861680267,10
3.23,28202.3151134837,1147.47935236306,10
3.24,28177.302563996,1163.06550768199,10
3.25,28151.9738797454,1178.83864222868,10
3.26,28126.3259249803,1194.80030925996,10
3.27,28100.3555567593,1210.95205513027,10
3.28,28074.0596256855,1227.29541858428,10
3.29,28047.434976665,1243.83193003181,10
3.3,28020.4784496875,1260.56311080509,10
3.31,27993.1868806318,1277.49047239803,10
3.32,27965.5571020939,1294.61551568772,10
3.33,27937.5859442398,1311.93973013771,10
3.34,27909.2702356828,1329.46459298331,10
3.35,27880.606804385,1347.19156839861,10
3.36,27851.5924785833,1365.12210664537,10
3.37,27822.2240877413,1383.25764320356,10
3.38,27792.498463525,1401.59959788373,10
3.39,27762.4124408047,1420.14937392098,10
3.4,27731.9628586822,1438.9083570508,10
3.41,27701.1465615434,1457.87791456659,10
3.42,27669.9604001363,1477.05939435906,10
3.43,27638.4012326753,1496.45412393746,10
3.44,27606.4659259713,1516.0634094329,10
3.45,27574.1513565868,1535.88853458364,10
3.46,27541.4544120183,1555.93075970269,10
3.47,27508.3719919037,1576.19132062778,10
3.48,27474.9010092558,1596.6714276538,10
3.49,27441.0383917218,1617.3722644481,10
3.5,27406.781082869,1638.29498694869,10
3.51,27372.1260434952,1659.44072224565,10
3.52,27337.0702529661,1680.81056744607,10
3.53,27301.6107105774,1702.40558852275,10
3.54,27265.7444369421,1724.22681914697,10
3.55,27229.4684754035,1746.2752595058,10
3.56,27192.7798934732,1768.55187510418,10
3.57,27155.675784293,1791.05759555223,10
3.58,27118.153268122,1813.79331333835,10
3.59,27080.2094938473,1836.75988258832,10
3.6,27041.8416405189,1859.95811781116,10
3.61,27003.0469189073,1883.3887926321,10
3.62,26963.8225730847,1907.05263851334,10
3.63,26924.1658820283,1930.95034346307,10
3.64,26884.0741612454,1955.08255073351,10
3.65,26843.5447644208,1979.44985750852,10
3.66,26802.5750850837,2004.05281358151,10
3.67,26761.1625582964,2028.89192002444,10
3.68,26719.3046623615,2053.96762784852,10
3.69,26676.9989205487,2079.28033665759,10
3.7,26634.2429028395,2104.83039329483,10
3.71,26591.0342276896,2130.61809048389,10
3.72,26547.3705638076,2156.64366546502,10
3.73,26503.2496319501,2182.90729862752,10
3.74,26458.669206731,2209.40911213916,10
3.75,26413.6271184454,2236.14916857375,10
3.76,26368.1212549063,2263.1274695379,10
3.77,26322.1495632929,2290.34395429798,10
3.78,26275.7100520105,2317.79849840844,10
3.79,26228.8007925598,2345.49091234268,10
3.8,26181.4199214148,2373.42094012754,10
3.81,26133.5656419084,2401.58825798281,10
3.82,26085.236226124,2429.99247296685,10
3.83,26036.4300167923,2458.63312162971,10
3.84,25987.1454291914,2487.50966867505,10
3.85,25937.3809530495,2516.62150563218,10
3.86,25887.135154448,2545.96794953972,10
3.87,25836.4066777245,2575.54824164217,10
3.88,25785.194247373,2605.36154610089,10
3.89,25733.4966699411,2635.40694872108,10
3.9,25681.3128359218,2665.68345569602,10
3.91,25628.6417216381,2696.18999237041,10
3.92,25575.4823911192,2726.92540202413,10
3.93,25521.8339979673,2757.88844467817,10
3.94,25467.6957872111,2789.07779592417,10
3.95,25413.0670971467,2820.49204577943,10
3.96,25357.9473611627,2852.12969756882,10
3.97,25302.3361095475,2883.98916683543,10
3.98,25246.2329712786,2916.06878028154,10
3.99,25189.6376757894,2948.36677474162,10
4,25132.5500547142,2980.88129618919,10
4.01,25074.9700436075,3013.61039877907,10
4.02,25016.8976836372,3046.55204392698,10
4.03,24958.333123248,3079.70409942798,10
4.04,24899.2766197946,3113.06433861572,10
4.05,24839.7285411421,3146.63043956411,10
4.06,24779.689367231,3180.3999843332,10
4.07,24719.1596916056,3214.37045826096,10
4.08,24658.1402229031,3248.53924930277,10
4.09,24596.631786302,3282.90364742027,10
4.1,24534.6353249273,3317.46084402134,10
4.11,24472.15190121,3352.20793145281,10
4.12,24409.1826982002,3387.14190254767,10
4.13,24345.72902083,3422.25965022845,10
4.14,24281.7922971258,3457.55796716823,10
4.15,24217.3740793667,3493.03354551111,10
4.16,24152.4760451878,3528.68297665351,10
4.17,24087.0999986256,3564.50275108801,10
4.18,24021.2478711051,3600.48925831104,10
4.19,23954.9217223642,3636.6387867961,10
4.2,23888.1237413156,3672.94752403366,10
4.21,23820.8562468436,3709.41155663939,10
4.22,23753.1216885335,3746.02687053178,10
4.23,23684.9226473328,3782.7893511806,10
4.24,23616.2618361406,3819.69478392725,10
4.25,23547.1421003264,3856.73885437832,10
4.26,23477.5664181732,3893.91714887322,10
4.27,23407.5379012464,3931.2251550271,10
4.28,23337.0597946844,3968.65826234984,10
4.29,23266.1354774111,4006.2117629421,10
4.3,23194.7684622686,4043.88085226912,10
4.31,23122.9623960676,4081.66063001305,10
4.32,23050.7210595556,4119.54610100437,10
4.33,22978.0483673014,4157.53217623302,10
4.34,22904.9483674932,4195.61367393969,10
4.35,22831.4252416524,4233.78532078745,10
4.36,22757.4833042586,4272.04175311435,10
4.37,22683.1270022876,4310.37751826675,10
4.38,22608.3609146597,4348.78707601378,10
4.39,22533.1897515999,4387.26480004274,10
4.4,22457.6183539063,4425.80497953537,10
4.41,22381.651692129,4464.40182082468,10
4.42,22305.2948656578,4503.04944913218,10
4.43,22228.5531017183,4541.74191038483,10
4.44,22151.4317542769,4580.4731731114,10
4.45,22073.9363028539,4619.23713041738,10
4.46,21996.0723512452,4658.02760203776,10
4.47,21917.845626153,4696.83833646687,10
4.48,21839.2619757247,4735.66301316413,10
4.49,21760.3273680014,4774.49524483468,10
4.5,21681.0478892764,4813.32857978376,10
4.51,21601.4297423636,4852.15650434342,10
4.52,21521.4792447771,4890.97244537006,10
4.53,21441.2028268229,4929.76977281142,10
4.54,21360.6070296033,4968.54180234131,10
4.55,21279.6985029351,5007.28179806018,10
4.56,21198.4840031835,5045.98297525986,10
4.57,21116.9703910115,5084.63850325039,10
4.58,21035.1646290482,5123.24150824687,10
4.59,20953.0737794756,5161.78507631417,10
4.6,20870.7050015368,5200.26225636721,10
4.61,20788.0655489674,5238.66606322447,10
4.62,20705.1627673509,5276.98948071223,10
4.63,20622.0040914007,5315.225464817,10
4.64,20538.5970421719,5353.36694688349,10
4.65,20454.9492242025,5391.40683685541,10
4.66,20371.0683225889,5429.3380265563,10
4.67,20286.9620999965,5467.1533930075,10
4.68,20202.6383936085,5504.84580178026,10
4.69,20118.1051120151,5542.40811037911,10
4.7,20033.370232046,5579.8331716532,10
4.71,19948.4417955495,5617.11383723272,10
4.72,19863.3279061189,5654.24296098695,10
4.73,19778.0367257727,5691.21340250093,10
4.74,19692.5764715871,5728.01803056722,10
4.75,19606.9554122883,5764.64972668973,10
4.76,19521.181864804,5801.10138859593,10
4.77,19435.2641907796,5837.36593375432,10
4.78,19349.2107930609,5873.43630289361,10
4.79,19263.030112148,5909.30546352019,10
4.8,19176.7306226215,5944.96641343057,10
4.81,19090.3208295469,5980.41218421517,10
4.82,19003.8092648582,6015.63584475016,10
4.83,18917.2044837257,6050.63050467387,10
4.84,18830.5150609106,6085.38931784427,10
4.85,18743.7495871101,6119.90548577427,10
4.86,18656.9166652962,6154.17226104133,10
4.87,18570.0249070515,6188.18295066799,10
4.88,18483.0829289061,6221.93091947017,10
4.89,18396.0993486785,6255.40959336977,10
4.9,18309.0827818231,6288.61246266843,10
4.91,18222.04183779,6321.53308527923,10
4.92,18134.985116397,6354.16508991324,10
4.93,18047.9212042213,6386.50217921774,10
4.94,17960.8586710096,6418.53813286324,10
4.95,17873.8060661143,6450.26681057624,10
4.96,17786.7719149554,6481.68215511492,10
4.97,17699.7647155134,6512.77819518501,10
4.98,17612.7929348555,6543.54904829308,10
4.99,17525.8650056982,6573.98892353457,10
5,17438.9893230094,6604.09212431432,10
5.01,17352.1742406528,6633.85305099675,10
5.02,17265.4280680775,6663.26620348374,10
5.03,17178.7590670555,6692.32618371773,10
5.04,17092.1754484695,6721.02769810814,10
5.05,17005.6853691546,6749.36555987881,10
5.06,16919.2969287947,6777.33469133487,10
5.07,16833.0181668782,6804.93012604697,10
5.08,16746.8570597128,6832.14701095145,10
5.09,16660.8215175039,6858.98060836462,10
5.1,16574.9193814975,6885.42629791,10
5.11,16489.1584211898,6911.47957835691,10
5.12,16403.5463316055,6937.13606936945,10
5.13,16318.0907306468,6962.39151316465,10
5.14,16232.7991565145,6987.24177607881,10
5.15,16147.6790652032,7011.68285004141,10
5.16,16062.7378280713,7035.71085395552,10
5.17,15977.9827294886,7059.32203498451,10
5.18,15893.4209645607,7082.51276974427,10
5.19,15809.0596369342,7105.27956540077,10
5.2,15724.9057566803,7127.61906067272,10
5.21,15640.9662382614,7149.52802673912,10
5.22,15557.2478985778,7171.00336805184,10
5.23,15473.757455099,7192.04212305328,10
5.24,15390.501524077,7212.64146479929,10
5.25,15307.4866188441,7232.79870148796,10
5.26,15224.7191481945,7252.51127689434,10
5.27,15142.205414851,7271.77677071206,10
5.28,15059.9516140158,7290.59289880227,10
5.29,14977.9638320066,7308.95751335078,10
5.3,14896.248044977,7326.86860293431,10
5.31,14814.8101177218,7344.32429249669,10
5.32,14733.6558025671,7361.3228432363,10
5.33,14652.7907383435,7377.86265240573,10
5.34,14572.2204494439,7393.94225302494,10
5.35,14491.9503449643,7409.5603135094,10
5.36,14411.9857179268,7424.71563721442,10
5.37,14332.331744585,7439.40716189737,10
5.38,14252.9934838104,7453.63395909914,10
5.39,14173.9758765589,7467.3952334467,10
5.4,14095.2837454172,7480.6903218783,10
5.41,14016.9217942272,7493.51869279318,10
5.42,13938.8946077877,7505.87994512754,10
5.43,13861.2066516331,7517.77380735872,10
5.44,13783.862271886,7529.20013643943,10
5.45,13706.8656951845,7540.15891666416,10
5.46,13630.2210286816,7550.6502584696,10
5.47,13553.9322601154,7560.67439717128,10
5.48,13478.0032579499,7570.23169163843,10
5.49,13402.4377715832,7579.32262290931,10
5.5,13327.2394316225,7587.94779274894,10
5.51,13252.4117502244,7596.1079221517,10
5.52,13177.9581214993,7603.80384979075,10
5.53,13103.8818219764,7611.03653041658,10
5.54,13030.1860111307,7617.80703320695,10
5.55,12956.8737319668,7624.11654007043,10
5.56,12883.9479116612,7629.96634390572,10
5.57,12811.4113622586,7635.35784681907,10
5.58,12739.2667814223,7640.29255830206,10
5.59,12667.5167532357,7644.77209337187,10
5.6,12596.163749054,7648.7981706764,10
5.61,12525.210128404,7652.37261056634,10
5.62,12454.6581399298,7655.49733313654,10
5.63,12384.5099223835,7658.17435623874,10
5.64,12314.7675056578,7660.40579346791,10
5.65,12245.4328118602,7662.19385212431,10
5.66,12176.5076564257,7663.5408311535,10
5.67,12107.9937492672,7664.44911906624,10
5.68,12039.8926959609,7664.92119184053,10
5.69,11972.2059989658,7664.95961080767,10
5.7,11904.9350588747,7664.56702052456,10
5.71,11838.0811756958,7663.74614663399,10
5.72,11771.6455501622,7662.49979371506,10
5.73,11705.6292850689,7660.83084312551,10
5.74,11640.0333866338,7658.74225083792,10
5.75,11574.858765883,7656.23704527156,10
5.76,11510.1062400571,7653.31832512164,10
5.77,11445.7765340378,7649.98925718785,10
5.78,11381.8702817933,7646.25307420371,10
5.79,11318.3880278398,7642.11307266853,10
5.8,11255.3302287189,7637.5726106835,10
5.81,11192.6972544888,7632.63510579353,10
5.82,11130.4893902278,7627.30403283635,10
5.83,11068.7068375483,7621.58292180034,10
5.84,11007.3497161207,7615.47535569242,10
5.85,10946.4180652052,7608.98496841762,10
5.86,10885.9118451904,7602.11544267136,10
5.87,10825.8309391369,7594.87050784587,10
5.88,10766.1751543257,7587.25393795207,10
5.89,10706.9442238087,7579.26954955785,10
5.9,10648.1378079614,7570.92119974408,10
5.91,10589.7554960357,7562.21278407938,10
5.92,10531.7968077121,7553.14823461464,10
5.93,10474.2611946505,7543.73151789827,10
5.94,10417.1480420374,7533.96663301325,10
5.95,10360.4566701298,7523.85760963668,10
5.96,10304.186335794,7513.4085061228,10
5.97,10248.3362340385,7502.62340761026,10
5.98,10192.9054995402,7491.5064241543,10
5.99,10137.8932081632,7480.06168888473,10
6,10083.2983784685,7468.29335619013,10
6.01,10029.1199732149,7456.20559992908,10
6.02,9975.35690084953,7443.80261166894,10
6.03,9922.00801698766,7431.08859895264,10
6.04,9869.07212588095,7418.06778359405,10
6.05,9816.54798187342,7404.74440000236,10
6.06,9764.43429084454,7391.12269353585,10
6.07,9712.72971163893,7377.20691888541,10
6.08,9661.4328574819,7363.00133848825,10
6.09,9610.54229738048,7348.51022097192,10
6.1,9560.05655750927,7333.73783962903,10
6.11,9509.97412258081,7318.68847092283,10
6.12,9460.2934371998,7303.3663930239,10
6.13,9411.01290720089,7287.77588437799,10
6.14,9362.13090096971,7271.92122230525,10
6.15,9313.64575074657,7255.80668163089,10
6.16,9265.55575391269,7239.4365333473,10
6.17,9217.85917425855,7222.81504330771,10
6.18,9170.55424323413,7205.94647095141,10
6.19,9123.63916118072,7188.83506806041,10
6.2,9077.11209854419,7171.48507754759,10
6.21,9030.97119706933,7153.90073227621,10
6.22,8985.21457097524,7136.08625391069,10
6.23,8939.84030811158,7118.04585179857,10
6.24,8894.84647109549,7099.78372188343,10
6.25,8850.23109842903,7081.30404564866,10
6.26,8805.99220559719,7062.61098909191,10
6.27,8762.12778614627,7043.70870172995,10
6.28,8718.63581274259,7024.60131563376,10
6.29,8675.51423821155,7005.2929444936,10
6.3,8632.76099655696,6985.78768271378,10
6.31,8590.37400396063,6966.08960453687,10
6.32,8548.35115976233,6946.20276319712,10
6.33,8506.69034742002,6926.1311901026,10
6.34,8465.38943545044,6905.87889404605,10
6.35,8424.44627835021,6885.44986044372,10
6.36,8383.85871749738,6864.84805060228,10
6.37,8343.62458203353,6844.07740101305,10
6.38,8303.74168972665,6823.14182267353,10
6.39,8264.20784781471,6802.04520043561,10
6.4,8225.02085383027,6780.79139238022,10
6.41,8186.17849640601,6759.38422921793,10
6.42,8147.67855606153,6737.82751371529,10
6.43,8109.51880597148,6716.12502014622,10
6.44,8071.69701271515,6694.28049376833,10
6.45,8034.21093700779,6672.29765032362,10
6.46,7997.05833441371,6650.18017556307,10
6.47,7960.23695604148,6627.93172479491,10
6.48,7923.7445492213,6605.55592245591,10
6.49,7887.5788581648,6583.05636170549,10
6.5,7851.73762460748,6560.436604042,10
6.51,7816.21858843395,6537.70017894093,10
6.52,7781.01948828627,6514.85058351447,10
6.53,7746.13806215548,6491.89128219211,10
6.54,7711.57204795668,6468.82570642172,10
6.55,7677.31918408781,6445.6572543908,10
6.56,7643.37720997235,6422.38929076736,10
6.57,7609.74386658624,6399.02514646011,10
6.58,7576.41689696919,6375.56811839734,10
6.59,7543.39404672063,6352.02146932436,10
6.6,7510.67306448062,6328.38842761869,10
6.61,7478.25170239584,6304.67218712294,10
6.62,7446.12771657099,6280.8759069947,10
6.63,7414.2988675058,6257.00271157314,10
6.64,7382.76292051795,6233.05569026185,10
6.65,7351.5176461521,6209.03789742755,10
6.66,7320.5608205753,6184.95235231419,10
6.67,7289.89022595897,6160.80203897214,10
6.68,7259.50365084785,6136.5899062019,10
6.69,7229.39889051597,6112.31886751211,10
6.7,7199.57374731002,6087.99180109137,10
6.71,7170.02603098038,6063.61154979342,10
6.72,7140.7535589999,6039.18092113543,10
6.73,7111.75415687086,6014.70268730894,10
6.74,7083.0256584203,5990.17958520302,10
6.75,7054.5659060838,5965.61431643942,10
6.76,7026.37275117829,5941.00954741922,10
6.77,6998.4440541637,5916.3679093806,10
6.78,6970.77768489413,5891.69199846754,10
6.79,6943.37152285837,5866.98437580892,10
6.8,6916.22345741035,5842.24756760771,10
6.81,6889.33138798944,5817.48406524,10
6.82,6862.69322433114,5792.6963253635,10
6.83,6836.30688666808,5767.88677003502,10
6.84,6810.17030592179,5743.05778683689,10
6.85,6784.28142388535,5718.21172901177,10
6.86,6758.63819339715,5693.35091560566,10
6.87,6733.23857850598,5668.47763161871,10
6.88,6708.08055462771,5643.59412816364,10
6.89,6683.16210869368,5618.70262263139,10
6.9,6658.48123929109,5593.80529886377,10
6.91,6634.03595679554,5568.90430733271,10
6.92,6609.82428349594,5544.00176532602,10
6.93,6585.84425371204,5519.09975713923,10
6.94,6562.09391390468,5494.20033427331,10
6.95,6538.57132277901,5469.30551563801,10
6.96,6515.27455138084,5444.41728776052,10
6.97,6492.20168318641,5419.53760499927,10
6.98,6469.35081418555,5394.66838976258,10
6.99,6446.72005295868,5369.81153273195,10
7,6424.30752074756,5344.96889308969,10
7.01,6402.11135152019,5320.14229875077,10
7.02,6380.12969202988,5295.3335465986,10
7.03,6358.36070186872,5270.54440272451,10
7.04,6336.80255351562,5245.77660267078,10
7.05,6315.45343237904,5221.03185167696,10
7.06,6294.31153683464,5196.31182492931,10
7.07,6273.37507825791,5171.61816781315,10
7.08,6252.64228105201,5146.95249616795,10
7.09,6232.11138267095,5122.31639654493,10
7.1,6211.78063363826,5097.71142646706,10
7.11,6191.6482975612,5073.13911469123,10
7.12,6171.71265114088,5048.6009614724,10
7.13,6151.97198417813,5024.09843882969,10
7.14,6132.4245995755,4999.63299081403,10
7.15,6113.06881333543,4975.20603377749,10
7.16,6093.90295455461,4950.81895664386,10
7.17,6074.92536541493,4926.47312118054,10
7.18,6056.1344011708,4902.16986227153,10
7.19,6037.52843013327,4877.91048819128,10
7.2,6019.10583365087,4853.69628087949,10
7.21,6000.86500608735,4829.52849621651,10
7.22,5982.80435479643,4805.4083642993,10
7.23,5964.92230009369,4781.33708971788,10
7.24,5947.21727522568,4757.31585183208,10
7.25,5929.68772633634,4733.34580504846,10
7.26,5912.33211243086,4709.42807909741,10
7.27,5895.1489053371,4685.56377931014,10
7.28,5878.13658966459,4661.75398689566,10
7.29,5861.29366276131,4637.99975921743,10
7.3,5844.61863466822,4614.30213006985,10
7.31,5828.11002807176,4590.66210995417,10
7.32,5811.76637825429,4567.0806863541,10
7.33,5795.58623304265,4543.55882401066,10
7.34,5779.56815275484,4520.09746519652,10
7.35,5763.71071014495,4496.69752998949,10
7.36,5748.01249034648,4473.35991654529,10
7.37,5732.47209081393,4450.08550136932,10
7.38,5717.08812126295,4426.87513958757,10
7.39,5701.85920360905,4403.72966521643,10
7.4,5686.78397190482,4380.64989143145,10
7.41,5671.86107227594,4357.6366108349,10
7.42,5657.08916285589,4334.69059572214,10
7.43,5642.46691371948,4311.81259834675,10
7.44,5627.99300681524,4289.0033511842,10
7.45,5613.66613589679,4266.26356719431,10
7.46,5599.48500645314,4243.59394008215,10
7.47,5585.44833563815,4220.9951445575,10
7.48,5571.55485219895,4198.46783659279,10
7.49,5557.80329640369,4176.01265367944,10
7.5,5544.19241996838,4153.63021508266,10
7.51,5530.72098598304,4131.3211220945,10
7.52,5517.38776883719,4109.08595828529,10
7.53,5504.1915541447,4086.92528975331,10
7.54,5491.13113866799,4064.83966537274,10
7.55,5478.20533024179,4042.82961703979,10
7.56,5465.4129476963,4020.89565991705,10
7.57,5452.75282077999,3999.03829267594,10
7.58,5440.22379008186,3977.25799773733,10
7.59,5427.82470695348,3955.55524151029,10
7.6,5415.55443343054,3933.93047462882,10
7.61,5403.4118421542,3912.38413218679,10
7.62,5391.39581629214,3890.91663397075,10
7.63,5379.50524945934,3869.52838469089,10
7.64,5367.73904563877,3848.21977420999,10
7.65,5356.09611910178,3826.99117777028,10
7.66,5344.57539432846,3805.84295621835,10
7.67,5333.17580592785,3784.77545622801,10
7.68,5321.89629855806,3763.78901052105,10
7.69,5310.73582684642,3742.88393808604,10
7.7,5299.69335530951,3722.06054439495,10
7.71,5288.76785827323,3701.31912161777,10
7.72,5277.95831979298,3680.659948835,10
7.73,5267.26373357375,3660.08329224808,10
7.74,5256.68310289043,3639.58940538771,10
7.75,5246.21544050814,3619.17852932005,10
7.76,5235.85976860267,3598.85089285089,10
7.77,5225.61511868114,3578.60671272762,10
7.77931962402032,5216.16659446238,3559.815210694,10
0,99990,10,11
0.01,99989.7607892605,10.1511049665585,11
0.02,99989.5180745739,10.3044925824651,11
0.03,99989.2718028871,10.4601973126797,11
0.04,99989.021920348,10.6182541409803,11
0.05,99988.7683722922,10.7786985787398,11
0.06,99988.5111032308,10.9415666728784,11
0.07,99988.2500568378,11.1068950139171,11
0.08,99987.9851759378,11.2747207441601,11
0.09,99987.7164024928,11.4450815659958,11
0.1,99987.4436775895,11.6180157503199,11
0.11,99987.1669414261,11.7935621450893,11
0.12,99986.886133299,11.9717601840019,11
0.13,99986.6011915887,12.1526498953071,11
0.14,99986.3120537467,12.3362719107465,11
0.15,99986.0186562813,12.5226674746308,11
0.16,99985.7209347431,12.71187845305,11
0.17,99985.4188237109,12.9039473432234,11
0.18,99985.1122567769,13.0989172829882,11
0.19,99984.8011665322,13.2968320604307,11
0.2,99984.4854845512,13.497736123661,11
0.21,99984.1651413767,13.7016745907339,11
0.22,99983.8400665041,13.9086932597186,11
0.23,99983.510188366,14.1188386189186,11
0.24,99983.1754343159,14.3321578572434,11
0.25,99982.8357306121,14.548698874737,11
0.26,99982.4910024012,14.7685102932619,11
0.27,99982.1411737012,14.9916414673434,11
0.28,99981.786167385,15.2181424951763,11
0.29,99981.4259051626,15.4480642297948,11
0.3,99981.0603075641,15.6814582904099,11
0.31,99980.6892939217,15.9183770739159,11
0.32,99980.3127823516,16.1588737665683,11
0.33,99979.9306897359,16.4030023558361,11
0.34,99979.5429317043,16.6508176424307,11
0.35,99979.1494226145,16.9023752525143,11
0.36,99978.750075534,17.1577316500905,11
0.37,99978.3448022199,17.4169441495788,11
0.38,99977.9335130999,17.6800709285774,11
0.39,99977.5161172517,17.9471710408157,11
0.4,99977.0925223832,18.2183044292994,11
0.41,99976.6626348117,18.4935319396523,11
0.42,99976.2263594431,18.7729153336554,11
0.43,99975.7835997505,19.0565173029888,11
0.44,99975.334257753,19.3444014831773,11
0.45,99974.8782339935,19.6366324677436,11
0.46,99974.4154275168,19.9332758225723,11
0.47,99973.9457358472,20.2343981004873,11
0.48,99973.4690549651,20.5400668560457,11
0.49,99972.9852792845,20.8503506605519,11
0.5,99972.4943016293,21.1653191172947,11
0.51,99971.9960132091,21.4850428770107,11
0.52,99971.4903035953,21.8095936535772,11
0.53,99970.9770606964,22.1390442399386,11
0.54,99970.4561707331,22.4734685242683,11
0.55,99969.927518213,22.8129415063714,11
0.56,99969.3909859048,23.15753931433,11
0.57,99968.8464548122,23.5073392213957,11
0.58,99968.2938041478,23.8624196631324,11
0.59,99967.7329113055,24.2228602548134,11
0.6,99967.1636518341,24.5887418090759,11
0.61,99966.5858994089,24.9601463538372,11
0.62,99965.9995258041,25.3371571504764,11
0.63,99965.404400864,25.7198587122849,11
0.64,99964.8003924744,26.1083368231899,11
0.65,99964.1873665329,26.5026785567554,11
0.66,99963.5651869193,26.9029722954636,11
0.67,99962.9337154653,27.3093077502816,11
0.68,99962.2928119241,27.7217759805175,11
0.69,99961.6423339387,28.1404694139691,11
0.7,99960.9821370109,28.5654818673714,11
0.71,99960.3120744689,28.9969085671442,11
0.72,99959.6319974348,29.434846170448,11
0.73,99958.9417547916,29.8793927865484,11
0.74,99958.2411931497,30.3306479984974,11
0.75,99957.5301568131,30.7887128851328,11
0.76,99956.8084877444,31.2536900434027,11
0.77,99956.0760255303,31.7256836110184,11
0.78,99955.3326073456,32.2047992894412,11
0.79,99954.5780679177,32.6911443672071,11
0.8,99953.8122394894,33.1848277435944,11
0.81,99953.034951782,33.6859599526406,11
0.82,99952.2460319578,34.1946531875105,11
0.83,99951.4453045817,34.711021325224,11
0.84,99950.6325915823,35.2351799517458,11
0.85,99949.8077122125,35.767246387444,11
0.86,99948.9704830099,36.3073397129226,11
0.87,99948.1207177557,36.8555807952318,11
0.88,99947.2582274341,37.4120923144633,11
0.89,99946.38282019,37.9769987907355,11
0.9,99945.4943012872,38.5504266115728,11
0.91,99944.5924730648,39.1325040596871,11
0.92,99943.677134894,39.7233613411642,11
0.93,99942.7480831337,40.3231306140641,11
0.94,99941.8051110856,40.9319460174373,11
0.95,99940.8480089486,41.5499437007672,11
0.96,99939.8765637723,42.1772618538401,11
0.97,99938.8905594105,42.8140407370531,11
0.98,99937.8897764735,43.4604227121623,11
0.99,99936.8739922792,44.1165522734802,11
1,99935.842980805,44.7825760795276,11
1.01,99934.7965126371,45.4586429851455,11
1.02,99933.7343549209,46.1449040740751,11
1.03,99932.656271309,46.841512692011,11
1.04,99931.5620219097,47.5486244801352,11
1.05,99930.4513632343,48.2663974091378,11
1.06,99929.3240481433,48.9949918137314,11
1.07,99928.1798257921,49.7345704276669,11
1.08,99927.0184415763,50.4852984192557,11
1.09,99925.8396370756,51.2473434274079,11
1.1,99924.6431499969,52.0208755981906,11
1.11,99923.4287141171,52.8060676219168,11
1.12,99922.1960592245,53.603094770769,11
1.13,99920.9449110598,54.4121349369674,11
1.14,99919.6749912557,55.2333686714884,11
1.15,99918.3860172762,56.0669792233423,11
1.16,99917.0777023548,56.9131525794163,11
1.17,99915.7497554315,57.7720775048925,11
1.18,99914.4018810893,58.6439455842469,11
1.19,99913.0337794897,59.5289512628381,11
1.2,99911.6451463069,60.427291889094,11
1.21,99910.2356726618,61.339167757304,11
1.22,99908.805045054,62.2647821510255,11
1.23,99907.3529452939,63.204341387112,11
1.24,99905.8790504329,64.1580548603724,11
1.25,99904.3830326933,65.1261350888696,11
1.26,99902.8645593966,66.108797759866,11
1.27,99901.3232928914,67.1062617764261,11
1.28,99899.7588904795,68.118749304684,11
1.29,99898.1710043416,69.146485821785,11
1.3,99896.5592814617,70.18970016451,11
1.31,99894.9233635502,71.2486245785922,11
1.32,99893.2628869659,72.323494768735,11
1.33,99891.5774826378,73.4145499493406,11
1.34,99889.8667759839,74.5220328959577,11
1.35,99888.1303868311,75.6461899974598,11
1.36,99886.3679293319,76.7872713089615,11
1.37,99884.5790118814,77.9455306054837,11
1.38,99882.7632370322,79.1212254363771,11
1.39,99880.9202014084,80.3146171805143,11
1.4,99879.0494956187,81.5259711022598,11
1.41,99877.1507041675,82.7555564082284,11
1.42,99875.2234053655,84.0036463048425,11
1.43,99873.2671712386,85.2705180566973,11
1.44,99871.2815674354,86.5564530457462,11
1.45,99869.2661531338,87.8617368313156,11
1.46,99867.2204809458,89.1866592109595,11
1.47,99865.1440968216,90.5315142821658,11
1.48,99863.0365399516,91.8966005049237,11
1.49,99860.8973426674,93.2822207651644,11
1.5,99858.7260303411,94.6886824390854,11
1.51,99856.5221212841,96.116297458369,11
1.52,99854.2851266431,97.5653823763077,11
1.53,99852.0145502955,99.036258434846,11
1.54,99849.7098887432,100.529251632552,11
1.55,99847.3706310051,102.044692793527,11
1.56,99844.9962585071,103.582917637272,11
1.57,99842.586244972,105.14426684951,11
1.58,99840.1400563069,106.729086153992,11
1.59,99837.657150489,108.337726385282,11
1.6,99835.1369774505,109.970543562548,11
1.61,99832.5789789609,111.627898964362,11
1.62,99829.9825885089,113.310159204523,11
1.63,99827.3472311813,115.017696308914,11
1.64,99824.672323541,116.75088779341,11
1.65,99821.9572735035,118.510116742849,11
1.66,99819.2014802111,120.295771891067,11
1.67,99816.4043339055,122.108247702029,11
1.68,99813.565215799,123.947944452052,11
1.69,99810.6834979434,125.815268313144,11
1.7,99807.7585430973,127.710631437461,11
1.71,99804.7897045921,129.634452042905,11
1.72,99801.7763261951,131.587154499876,11
1.73,99798.7177419714,133.569169419178,11
1.74,99795.613276144,135.580933741109,11
1.75,99792.4622429516,137.622890825738,11
1.76,99789.2639465046,139.695490544385,11
1.77,99786.0176806392,141.799189372317,11
1.78,99782.7227287693,143.934450482677,11
1.79,99779.3783637369,146.101743841649,11
1.8,99775.9838476597,148.30154630489,11
1.81,99772.5384317771,150.534341715225,11
1.82,99769.0413562943,152.800621001629,11
1.83,99765.4918502237,155.100882279503,11
1.84,99761.8891312248,157.435630952273,11
1.85,99758.2324054414,159.805379814297,11
1.86,99754.5208673369,162.210649155129,11
1.87,99750.7536995272,164.651966865123,11
1.88,99746.930072612,167.129868542409,11
1.89,99743.0491450026,169.644897601253,11
1.9,99739.1100627486,172.197605381804,11
1.91,99735.111959362,174.788551261259,11
1.92,99731.0539556382,177.41830276644,11
1.93,99726.9351594757,180.087435687818,11
1.94,99722.7546656927,182.79653419498,11
1.95,99718.5115558416,185.546190953563,11
1.96,99714.204898021,188.337007243665,11
1.97,99709.8337466852,191.16959307975,11
1.98,99705.3971424512,194.044567332056,11
1.99,99700.8941119029,196.962557849523,11
2,99696.3236673936,199.924201584259,11
2.01,99691.6848068449,202.930144717543,11
2.02,99686.9765135435,205.981042787395,11
2.03,99682.1977559357,209.077560817722,11
2.04,99677.3474874182,212.220373449043,11
2.05,99672.4246461277,215.410165070822,11
2.06,99667.4281547263,218.64762995541,11
2.07,99662.3569201853,221.933472393617,11
2.08,99657.2098335653,225.26840683192,11
2.09,99651.9857697945,228.653158011327,11
2.1,99646.6835874435,232.088461107904,11
2.11,99641.3021284973,235.57506187498,11
2.12,99635.8402181247,239.113716787042,11
2.13,99630.2966644446,242.705193185331,11
2.14,99624.6702582894,246.350269425156,11
2.15,99618.9597729658,250.049735024929,11
2.16,99613.1639640118,253.804390816938,11
2.17,99607.2815689519,257.615049099873,11
2.18,99601.3113070478,261.482533793102,11
2.19,99595.2518790475,265.407680592733,11
2.2,99589.1019669305,269.391337129436,11
2.21,99582.8602336498,273.434363128075,11
2.22,99576.5253228713,277.53763056913,11
2.23,99570.0958587098,281.70202385193,11
2.24,99563.5704454615,285.928439959712,11
2.25,99556.9476673339,290.217788626497,11
2.26,99550.226088172,294.570992505813,11
2.27,99543.4042511818,298.988987341256,11
2.28,99536.4806786493,303.472722138908,11
2.29,99529.453871658,308.023159341607,11
2.3,99522.3223098015,312.641275005089,11
2.31,99515.0844508936,317.328058976,11
2.32,99507.7387306749,322.084515071781,11
2.33,99500.2835625157,326.911661262445,11
2.34,99492.7173371159,331.810529854227,11
2.35,99485.0384222013,336.78216767514,11
2.36,99477.2451622162,341.82763626241,11
2.37,99469.3358780133,346.94801205182,11
2.38,99461.308866539,352.144386568942,11
2.39,99453.1624005161,357.417866622278,11
2.4,99444.8947281229,362.769574498291,11
2.41,99436.5040726679,368.200648158344,11
2.42,99427.9886322623,373.712241437533,11
2.43,99419.3465794877,379.305524245418,11
2.44,99410.5760610609,384.981682768645,11
2.45,99401.675197495,390.741919675466,11
2.46,99392.6420827568,396.587454322132,11
2.47,99383.4747839206,402.519522961177,11
2.48,99374.1713408184,408.539378951567,11
2.49,99364.7297656863,414.648292970722,11
2.5,99355.1480428077,420.847553228385,11
2.51,99345.4241281522,427.13846568235,11
2.52,99335.5559490115,433.522354256012,11
2.53,99325.5414036312,440.000561057752,11
2.54,99315.3783608388,446.574446602124,11
2.55,99305.0646596689,453.245390032844,11
2.56,99294.5981089833,460.014789347548,11
2.57,99283.9764870891,466.884061624325,11
2.58,99273.1975413516,473.854643249977,11
2.59,99262.2589878045,480.927990150012,11
2.6,99251.1585107563,488.105578020335,11
2.61,99239.8937623926,495.388902560606,11
2.62,99228.4623623754,502.779479709265,11
2.63,99216.8618974381,510.278845880163,11
2.64,99205.0899209776,517.888558200803,11
2.65,99193.143952642,525.610194752132,11
2.66,99181.0214779157,533.445354809878,11
2.67,99168.7199476999,541.395659087374,11
2.68,99156.23677789,549.462749979849,11
2.69,99143.5693489501,557.648291810137,11
2.7,99130.7150054829,565.953971075775,11
2.71,99117.6710557968,574.381496697431,11
2.72,99104.4347714694,582.932600268632,11
2.73,99091.0033869078,591.609036306737,11
2.74,99077.3740989051,600.41258250511,11
2.75,99063.544066194,609.345039986426,11
2.76,99049.5104089971,618.408233557083,11
2.77,99035.2702085736,627.604011962631,11
2.78,99020.8205067628,636.934248144183,11
2.79,99006.1583055255,646.400839495726,11
2.8,98991.2805664805,656.005708122287,11
2.81,98976.18421044,665.750801098853,11
2.82,98960.8661169405,675.638090730017,11
2.83,98945.3231237716,685.66957481023,11
2.84,98929.5520265021,695.847276884613,11
2.85,98913.5495780026,706.173246510234,11
2.86,98897.312487966,716.649559517761,11
2.87,98880.8374224256,727.278318273418,11
2.88,98864.1210032698,738.061651941135,11
2.89,98847.1598077554,749.001716744806,11
2.9,98829.9503680179,760.100696230551,11
2.91,98812.4891705796,771.360801528884,11
2.92,98794.7726558562,782.784271616673,11
2.93,98776.7972176605,794.373373578785,11
2.94,98758.5592027048,806.130402869295,11
2.95,98740.0549101013,818.057683572149,11
2.96,98721.2805908608,830.157568661145,11
2.97,98702.2324473902,842.432440259109,11
2.98,98682.9066329879,854.88470989613,11
2.99,98663.2992513387,867.516818766723,11
3,98643.4063560069,880.331237985761,11
3.01,98623.2239499293,893.330468843046,11
3.02,98602.7479849064,906.51704305635,11
3.03,98581.9743610936,919.89352302278,11
3.04,98560.898926492,933.462502068293,11
3.05,98539.5174764381,947.226604695195,11
3.06,98517.8257530946,961.188486827452,11
3.07,98495.8194449403,975.350836053635,11
3.08,98473.4941862607,989.716371867289,11
3.09,98450.845556639,1004.28784590457,11
3.1,98427.8690804478,1019.06804217894,11
3.11,98404.5602263419,1034.05977731265,11
3.12,98380.9144067521,1049.26590076494,11
3.13,98356.9269773799,1064.68929505662,11
3.14,98332.5932366953,1080.33287599079,11
3.15,98307.9084254344,1096.1995928696,11
3.16,98282.8677261011,1112.29242870672,11
3.17,98257.4662624702,1128.6144004352,11
3.18,98231.699099093,1145.16855911069,11
3.19,98205.5612408069,1161.95799010949,11
3.2,98179.0476322473,1178.9858133214,11
3.21,98152.1531573636,1196.25518333694,11
3.22,98124.8726389389,1213.76928962869,11
3.23,98097.2008381145,1231.53135672658,11
3.24,98069.1324539179,1249.54464438655,11
3.25,98040.6621227969,1267.81244775266,11
3.26,98011.7844181584,1286.33809751196,11
3.27,97982.4938499127,1305.12496004206,11
3.28,97952.7848640243,1324.17643755097,11
3.29,97922.6518420692,1343.49596820877,11
3.3,97892.0891007983,1363.08702627104,11
3.31,97861.0908917088,1382.95312219333,11
3.32,97829.6514006231,1403.09780273662,11
3.33,97797.7647472759,1423.5246510632,11
3.34,97765.4249849094,1444.23728682267,11
3.35,97732.6260998782,1465.2393662276,11
3.36,97699.3620112633,1486.53458211857,11
3.37,97665.6265704962,1508.12666401797,11
3.38,97631.4135609938,1530.01937817236,11
3.39,97596.7166978038,1552.21652758286,11
3.4,97561.529627262,1574.72195202298,11
3.41,97525.8459266616,1597.53952804378,11
3.42,97489.6591039355,1620.67316896554,11
3.43,97452.9625973511,1644.12682485566,11
3.44,97415.7497752194,1667.90448249231,11
3.45,97378.0139356186,1692.01016531325,11
3.46,97339.7483061325,1716.44793334938,11
3.47,97300.9460436042,1741.22188314242,11
3.48,97261.6002339071,1766.33614764639,11
3.49,97221.7038917315,1791.79489611207,11
3.5,97181.2499603901,1817.60233395415,11
3.51,97140.2313116407,1843.76270260039,11
3.52,97098.6407455285,1870.28027932221,11
3.53,97056.4709902484,1897.1593770462,11
3.54,97013.7147020264,1924.40434414588,11
3.55,96970.3644650239,1952.01956421328,11
3.56,96926.4127912627,1980.00945580942,11
3.57,96881.8521205732,2008.37847219345,11
3.58,96836.6748205661,2037.13110102955,11
3.59,96790.8731866279,2066.27186407097,11
3.6,96744.4394419426,2095.80531682078,11
3.61,96697.3657375382,2125.7360481684,11
3.62,96649.6441523606,2156.06868000139,11
3.63,96601.266693375,2186.8078667918,11
3.64,96552.2252956961,2217.9582951564,11
3.65,96502.5118227475,2249.52468339002,11
3.66,96452.1180664515,2281.51178097143,11
3.67,96401.0357474501,2313.9243680409,11
3.68,96349.2565153585,2346.76725484887,11
3.69,96296.7719490514,2380.04528117477,11
3.7,96243.5735569838,2413.76331571558,11
3.71,96189.6527775467,2447.92625544307,11
3.72,96135.0009794589,2482.53902492913,11
3.73,96079.6094621959,2517.60657563844,11
3.74,96023.4694564572,2553.1338851876,11
3.75,95966.5721246726,2589.12595657011,11
3.76,95908.9085615483,2625.58781734623,11
3.77,95850.4697946553,2662.52451879714,11
3.78,95791.2467850587,2699.94113504242,11
3.79,95731.2304279921,2737.84276212025,11
3.8,95670.4115535748,2776.23451702937,11
3.81,95608.780927576,2815.12153673208,11
3.82,95546.3292522246,2854.5089771175,11
3.83,95483.0471670678,2894.40201192426,11
3.84,95418.9252498777,2934.80583162181,11
3.85,95353.9540176088,2975.72564224958,11
3.86,95288.1239274063,3017.16666421314,11
3.87,95221.4253776662,3059.13413103669,11
3.88,95153.8487091503,3101.63328807087,11
3.89,95085.3842061543,3144.66939115536,11
3.9,95016.0220977327,3188.24770523522,11
3.91,94945.7525589801,3232.37350293042,11
3.92,94874.565712371,3277.05206305764,11
3.93,94802.4516291582,3322.28866910365,11
3.94,94729.4003308325,3368.08860764944,11
3.95,94655.4017906432,3414.45716674448,11
3.96,94580.4459351811,3461.39963423021,11
3.97,94504.5226460266,3508.92129601219,11
3.98,94427.6217614609,3557.0274342801,11
3.99,94349.7330782449,3605.723325675,11
4,94270.8463534641,3655.01423940299,11
4.01,94190.9513064427,3704.90543529488,11
4.02,94110.0376207262,3755.40216181101,11
4.03,94028.0949461351,3806.50965399064,11
4.04,93945.1129008896,3858.23313134549,11
4.05,93861.0810738072,3910.57779569664,11
4.06,93775.9890265739,3963.54882895432,11
4.07,93689.8262960891,4017.15139084019,11
4.08,93602.5823968873,4071.39061655149,11
4.09,93514.2468236351,4126.27161436664,11
4.1,93424.8090537064,4181.79946319189,11
4.11,93334.2585498352,4237.97921004871,11
4.12,93242.5847628478,4294.81586750135,11
4.13,93149.7771344754,4352.3144110246,11
4.14,93055.8251002463,4410.47977631118,11
4.15,92960.7180924608,4469.31685651868,11
4.16,92864.4455432471,4528.83049945588,11
4.17,92766.9968877012,4589.02550470836,11
4.18,92668.3615671091,4649.90662070315,11
4.19,92568.5290322538,4711.47854171261,11
4.2,92467.4887468064,4773.74590479746,11
4.21,92365.2301908021,4836.71328668906,11
4.22,92261.7428642023,4900.38520061107,11
4.23,92157.016290541,4964.76609304083,11
4.24,92051.0400206586,5029.86034041045,11
4.25,91943.803636521,5095.67224574836,11
4.26,91835.2967551255,5162.20603526131,11
4.27,91725.5090324923,5229.46585485757,11
4.28,91614.4301677438,5297.45576661185,11
4.29,91502.0499072688,5366.17974517242,11
4.3,91388.3580489733,5435.64167411138,11
4.31,91273.3444466178,5505.84534221863,11
4.32,91156.9990142393,5576.79443974051,11
4.33,91039.3117306591,5648.49255456422,11
4.34,90920.2726440746,5720.94316834876,11
4.35,90799.8718767356,5794.1496526038,11
4.36,90678.0996297042,5868.11526471749,11
4.37,90554.9461876962,5942.8431439348,11
4.38,90430.4019240051,6018.33630728752,11
4.39,90304.4573055064,6094.59764547762,11
4.4,90177.1028977408,6171.62991871558,11
4.41,90048.3293700769,6249.43575251527,11
4.42,89918.1275009492,6328.01763344749,11
4.43,89786.4881831725,6407.37790485376,11
4.44,89653.4024293303,6487.51876252267,11
4.45,89518.8613772342,6568.44225033083,11
4.46,89382.8562954548,6650.15025585074,11
4.47,89245.3785889201,6732.64450592785,11
4.48,89106.4198045799,6815.92656222946,11
4.49,88965.9716371353,6899.99781676791,11
4.5,88824.0259348284,6984.859487401,11
4.51,88680.574705292,7070.51261331217,11
4.52,88535.6101214554,7156.95805047377,11
4.53,88389.1245275039,7244.19646709614,11
4.54,88241.110444889,7332.22833906603,11
4.55,88091.5605783866,7421.05394537744,11
4.56,87940.4678221992,7510.67336355844,11
4.57,87787.8252660998,7601.08646509746,11
4.58,87633.6262016126,7692.29291087284,11
4.59,87477.8641282288,7784.29214658931,11
4.6,87320.5327596515,7877.08339822541,11
4.61,87161.626030068,7970.66566749576,11
4.62,87001.138100443,8065.03772733258,11
4.63,86839.0633648313,8160.19811739038,11
4.64,86675.3964567027,8256.14513957847,11
4.65,86510.1322552768,8352.87685362569,11
4.66,86343.2658918623,8450.39107268182,11
4.67,86174.7927561956,8548.68535896066,11
4.68,86004.7085027741,8647.75701942925,11
4.69,85833.0090571796,8747.60310154841,11
4.7,85659.6906223859,8848.22038906933,11
4.71,85484.7496850452,8949.60539789159,11
4.72,85308.1830217489,9051.75437198754,11
4.73,85129.9877052556,9154.66327939842,11
4.74,84950.1611106824,9258.32780830753,11
4.75,84768.7009216517,9362.74336319581,11
4.76,84585.6051363896,9467.9050610855,11
4.77,84400.8720737678,9573.8077278771,11
4.78,84214.500379285,9680.44589478553,11
4.79,84026.4890309795,9787.81379488105,11
4.8,83836.8373452681,9895.90535974047,11
4.81,83645.5449827042,10004.7142162147,11
4.82,83452.6119536487,10114.2336833179,11
4.83,83258.0386238471,10224.456769245,11
4.84,83061.8257199069,10335.3761685219,11
4.85,82863.9743346667,10446.9842592953,11
4.86,82664.4859324527,10559.2731007682,11
4.87,82463.3623542135,10672.2344307851,11
4.88,82260.6058225285,10785.8596635754,11
4.89,82056.2189464812,10900.1398876576,11
4.9,81850.2047263917,11015.065863913,11
4.91,81642.5665584008,11130.6280238324,11
4.92,81433.3082388998,11246.8164679423,11
4.93,81222.4339687981,11363.6209644164,11
4.94,81009.9483576221,11481.030947877,11
4.95,80795.8564274393,11599.0355183922,11
4.96,80580.1636165996,11717.6234406745,11
4.97,80362.8757832886,11836.7831434853,11
4.98,80143.9992088843,11956.5027192502,11
4.99,79923.5406011133,12076.7699238911,11
5,79701.5070969975,12197.5721768788,11
5.01,79477.9062655865,12318.8965615111,11
5.02,79252.746110469,12440.7298254206,11
5.03,79026.0350720576,12563.058381317,11
5.04,78797.7820296394,12685.8683079675,11
5.05,78567.9963031892,12809.1453514192,11
5.06,78336.6876549376,12932.8749264676,11
5.07,78103.8662906891,13057.042118374,11
5.08,77869.5428608853,13181.6316848351,11
5.09,77633.7284614079,13306.6280582092,11
5.1,77396.4346341164,13432.015347999,11
5.11,77157.6733671166,13557.777343596,11
5.12,76917.4570947541,13683.8975172877,11
5.13,76675.7986973306,13810.3590275288,11
5.14,76432.7115005373,13937.1447224793,11
5.15,76188.209274603,14064.2371438104,11
5.16,75942.3062331528,14191.6185307783,11
5.17,75695.0170317751,14319.2708245679,11
5.18,75446.3567662932,14447.1756729064,11
5.19,75196.3409707399,14575.314434946,11
5.2,74944.9856150332,14703.6681864165,11
5.21,74692.3071023495,14832.2177250467,11
5.22,74438.3222661957,14960.9435762533,11
5.23,74183.0483671764,15089.8259990967,11
5.24,73926.5030894573,15218.8449925014,11
5.25,73668.7045369232,15347.9803017388,11
5.26,73409.6712290319,15477.2114251708,11
5.27,73149.4220963629,15606.5176212507,11
5.28,72887.9764758622,15735.877915778,11
5.29,72625.3541057852,15865.2711094044,11
5.3,72361.5751203372,15994.6757853869,11
5.31,72096.660044016,16124.0703175829,11
5.32,71830.6297856558,16253.4328786832,11
5.33,71563.5056321782,16382.7414486787,11
5.34,71295.3092420507,16511.9738235542,11
5.35,71026.0626384576,16641.1076242033,11
5.36,70755.788202187,16770.1203055605,11
5.37,70484.5086642377,16898.9891659412,11
5.38,70212.2470981505,17027.6913565848,11
5.39,69939.0269120693,17156.2038913935,11
5.4,69664.8718405375,17284.503656858,11
5.41,69389.8059360347,17412.5674221643,11
5.42,69113.8535602604,17540.3718494718,11
5.43,68837.0393751706,17667.8935043556,11
5.44,68559.3883337749,17795.1088664034,11
5.45,68280.9256707006,17921.9943399582,11
5.46,68001.6768925316,18048.5262649981,11
5.47,67721.6677679291,18174.6809281433,11
5.48,67440.9243175439,18300.4345737801,11
5.49,67159.4728037271,18425.763415293,11
5.5,66877.3397200486,18550.6436463936,11
5.51,66594.5517806325,18675.051452537,11
5.52,66311.1359093184,18798.9630224139,11
5.53,66027.119228658,18922.354559509,11
5.54,65742.5290487575,19045.2022937134,11
5.55,65457.3928559749,19167.4824929817,11
5.56,65171.7383014827,19289.1714750201,11
5.57,64885.5931897067,19410.2456189978,11
5.58,64598.9854666507,19530.6813772667,11
5.59,64311.9432081191,19650.4552870806,11
5.6,64024.4946078468,19769.5439823011,11
5.61,63736.6679655482,19887.92420508,11
5.62,63448.4916748966,20005.5728175046,11
5.63,63159.9942114445,20122.4668131975,11
5.64,62871.2041204963,20238.583328856,11
5.65,62582.1500049453,20353.8996557231,11
5.66,62292.8605130858,20468.393250976,11
5.67,62003.3643264109,20582.0417490227,11
5.68,61713.6901474095,20694.8229726949,11
5.69,61423.8666873715,20806.7149443262,11
5.7,61133.9226542141,20917.6958967045,11
5.71,60843.8867403398,21027.7442838892,11
5.72,60553.787610537,21136.8387918806,11
5.73,60263.6538899354,21244.9583491333,11
5.74,59973.5141520259,21352.0821369015,11
5.75,59683.3969067562,21458.1895994088,11
5.76,59393.3305887138,21563.2604538298,11
5.77,59103.3435454054,21667.2747000769,11
5.78,58813.4640256439,21770.2126303817,11
5.79,58523.7201680538,21872.0548386623,11
5.8,58234.1399897028,21972.7822296688,11
5.81,57944.7513748727,22072.3760278973,11
5.82,57655.5820639757,22170.8177862667,11
5.83,57366.6596426275,22268.0893945482,11
5.84,57078.0115308855,22364.1730875424,11
5.85,56789.6649726613,22459.0514529961,11
5.86,56501.6470253149,22552.7074392531,11
5.87,56213.9845494397,22645.124362631,11
5.88,55926.7041988464,22736.2859145216,11
5.89,55639.832410752,22826.1761682058,11
5.9,55353.3953961821,22914.7795853813,11
5.91,55067.4191305937,23002.0810223959,11
5.92,54781.9293447239,23088.0657361846,11
5.93,54496.9515156714,23172.7193899047,11
5.94,54212.5108582169,23256.0280582673,11
5.95,53928.632316387,23337.9782325607,11
5.96,53645.3405552675,23418.5568253642,11
5.97,53362.6599530704,23497.7511749505,11
5.98,53080.6145934596,23575.5490493732,11
5.99,52799.2282581381,23651.9386502406,11
6,52518.5244197018,23726.9086161724,11
6.01,52238.5262347624,23800.4480259409,11
6.02,51959.2565373416,23872.5464012951,11
6.03,51680.7378325416,23943.193709469,11
6.04,51402.9922904907,24012.3803653736,11
6.05,51126.0417405682,24080.0972334752,11
6.06,50849.90766591,24146.3356293596,11
6.07,50574.6111981946,24211.0873209861,11
6.08,50300.1731127109,24274.344529631,11
6.09,50026.6138237089,24336.0999305253,11
6.1,49753.9533800327,24396.3466531877,11
6.11,49482.2114610352,24455.0782814576,11
6.12,49211.407372774,24512.2888532296,11
6.13,48941.5600444891,24567.9728598956,11
6.14,48672.6880253583,24622.1252454966,11
6.15,48404.8094815315,24674.7414055895,11
6.16,48137.9421934401,24725.8171858335,11
6.17,47872.1035533805,24775.3488803005,11
6.18,47607.3105633689,24823.3332295152,11
6.19,47343.5798332646,24869.7674182301,11
6.2,47080.9275791587,24914.6490729406,11
6.21,46819.3696220259,24957.9762591465,11
6.22,46558.9213866345,24999.7474783659,11
6.23,46299.5979007124,25039.9616649073,11
6.24,46041.4137943641,25078.6181824065,11
6.25,45784.383299735,25115.716820135,11
6.26,45528.5202509192,25151.2577890864,11
6.27,45273.8380841053,25185.2417178474,11
6.28,45020.3498379565,25217.6696482606,11
6.29,44768.0681542193,25248.5430308864,11
6.3,44517.0052785566,25277.8637202705,11
6.31,44267.1730615998,25305.6339700248,11
6.32,44018.5829602147,25331.8564277284,11
6.33,43771.2460389749,25356.5341296567,11
6.34,43525.1729718393,25379.6704953456,11
6.35,43280.3740440259,25401.2693219984,11
6.36,43036.8591540776,25421.3347787428,11
6.37,42794.6378161141,25439.8714007452,11
6.38,42553.7191622631,25456.8840831902,11
6.39,42314.1119452666,25472.378075133,11
6.4,42075.8245412548,25486.3589732309,11
6.41,41838.8649526825,25498.832715363,11
6.42,41603.2408114218,25509.8055741438,11
6.43,41368.9593820056,25519.2841503398,11
6.44,41136.0275650144,25527.2753661945,11
6.45,40904.4519006025,25533.7864586707,11
6.46,40674.2385721558,25538.8249726156,11
6.47,40445.3934100761,25542.3987538577,11
6.48,40217.921895686,25544.51594224,11
6.49,39991.8291652477,25545.1849645991,11
6.5,39767.1200140909,25544.4145276945,11
6.51,39543.7989008429,25542.2136110962,11
6.52,39321.8699517559,25538.5914600368,11
6.53,39101.336965125,25533.5575782343,11
6.54,38882.2034157923,25527.121720692,11
6.55,38664.4724597303,25519.2938864818,11
6.56,38448.1469386995,25510.0843115164,11
6.57,38233.2293849757,25499.5034613172,11
6.58,38019.7220261396,25487.5620237826,11
6.59,37807.6267899255,25474.2709019625,11
6.6,37596.9453091228,25459.6412068458,11
6.61,37387.6789265252,25443.6842501633,11
6.62,37179.8286999229,25426.4115372146,11
6.63,36973.395407133,25407.8347597207,11
6.64,36768.3795510633,25387.9657887101,11
6.65,36564.7813648042,25366.8166674396,11
6.66,36362.6008167452,25344.3996043586,11
6.67,36161.8376157107,25320.7269661165,11
6.68,35962.4912161111,25295.8112706216,11
6.69,35764.5608231049,25269.6651801522,11
6.7,35568.0453977684,25242.3014945261,11
6.71,35372.9436622673,25213.7331443303,11
6.72,35179.2541050285,25183.9731842161,11
6.73,34986.9749859067,25153.0347862616,11
6.74,34796.1043413433,25120.9312334054,11
6.75,34606.6399895131,25087.6759129544,11
6.76,34418.5795354561,25053.2823101689,11
6.77,34231.920376192,25017.7640019269,11
6.78,34046.6597058116,24981.1346504711,11
6.79,33862.7945205454,24943.4079972402,11
6.8,33680.3216238038,24904.5978567872,11
6.81,33499.2376311883,24864.7181107872,11
6.82,33319.5389754692,24823.7827021354,11
6.83,33141.2219115285,24781.8056291385,11
6.84,32964.2825212653,24738.8009398002,11
6.85,32788.716718461,24694.7827262029,11
6.86,32614.5202536031,24649.7651189871,11
6.87,32441.688718664,24603.7622819288,11
6.88,32270.2175518344,24556.7884066175,11
6.89,32100.1020422085,24508.8577072348,11
6.9,31931.3373344196,24459.9844154345,11
6.91,31763.9184332246,24410.1827753255,11
6.92,31597.840208035,24359.4670385583,11
6.93,31433.0973973947,24307.8514595147,11
6.94,31269.684613401,24255.3502906019,11
6.95,31107.5963460696,24201.9777776514,11
6.96,30946.8269676414,24147.7481554225,11
6.97,30787.37073683,24092.6756432107,11
6.98,30629.2218030092,24036.7744405616,11
6.99,30472.37421034,23980.0587230887,11
7,30316.8219018354,23922.5426383974,11
7.01,30162.5587233629,23864.2403021123,11
7.02,30009.5784275841,23805.1657940098,11
7.03,29857.8746778305,23745.3331542537,11
7.04,29707.4410519151,23684.7563797353,11
7.05,29558.2710458798,23623.4494205153,11
7.06,29410.3580776775,23561.4261763688,11
7.07,29263.6954907894,23498.700493432,11
7.08,29118.2765577767,23435.2861609489,11
7.09,28974.0944837667,23371.1969081195,11
7.1,28831.1424098735,23306.4464010463,11
7.11,28689.4134165533,23241.0482397793,11
7.12,28548.9005268932,23175.0159554592,11
7.13,28409.5967098353,23108.3630075562,11
7.14,28271.494883335,23041.1027812046,11
7.15,28134.5879174542,22973.2485846318,11
7.16,27998.8686373893,22904.8136466807,11
7.17,27864.3298264344,22835.8111144234,11
7.18,27730.9642288806,22766.2540508667,11
7.19,27598.7645528502,22696.1554327468,11
7.2,27467.7234730683,22625.5281484125,11
7.21,27337.8336335701,22554.3849957954,11
7.22,27209.0876503463,22482.7386804658,11
7.23,27081.4781139252,22410.6018137739,11
7.24,26954.9975918938,22337.986911073,11
7.25,26829.6386313575,22264.9063900251,11
7.26,26705.3937613384,22191.3725689871,11
7.27,26582.2554951143,22117.3976654755,11
7.28,26460.2163324981,22042.9937947089,11
7.29,26339.268762058,21968.1729682268,11
7.3,26219.4052632802,21892.947092583,11
7.31,26100.6183086733,21817.3279681124,11
7.32,25982.9003658168,21741.3272877696,11
7.33,25866.2438993531,21664.9566360378,11
7.34,25750.6413729243,21588.2274879073,11
7.35,25636.0852510547,21511.1512079207,11
7.36,25522.568000979,21433.7390492847,11
7.37,25410.0820944181,21356.0021530463,11
7.38,25298.6200093025,21277.951547333,11
7.39,25188.1742314438,21199.5981466531,11
7.4,25078.7372561568,21120.9527512583,11
7.41,24970.3015898301,21042.0260465638,11
7.42,24862.8597514493,20962.8286026264,11
7.43,24756.4042740711,20883.370873679,11
7.44,24650.9277062504,20803.663197719,11
7.45,24546.4226134204,20723.715796151,11
7.46,24442.8815792279,20643.5387734805,11
7.47,24340.2972068228,20563.1421170587,11
7.48,24238.6621201039,20482.5356968765,11
7.49,24137.9689649218,20401.7292654059,11
7.5,24038.2104102388,20320.7324574886,11
7.51,23939.3791492477,20239.5547902695,11
7.52,23841.4679004493,20158.2056631738,11
7.53,23744.4694086909,20076.6943579275,11
7.54,23648.3764461643,19995.0300386185,11
7.55,23553.1818133668,19913.2217517985,11
7.56,23458.878340024,19831.2784266234,11
7.57,23365.4588859758,19749.2088750315,11
7.58,23272.9163420268,19667.021791958,11
7.59,23181.2436307611,19584.7257555855,11
7.6,23090.4337073235,19502.3292276277,11
7.61,23000.4795601663,19419.8405536467,11
7.62,22911.3742117637,19337.2679634025,11
7.63,22823.1107192938,19254.619571232,11
7.64,22735.6821752898,19171.9033764593,11
7.65,22649.08170826,19089.1272638336,11
7.66,22563.3024832785,19006.2990039951,11
7.67,22478.337702546,18923.4262539671,11
7.68,22394.1806059234,18840.5165576738,11
7.69,22310.8244714362,18757.5773464833,11
7.7,22228.2626157532,18674.6159397731,11
7.71,22146.4883946377,18591.6395455186,11
7.72,22065.4952033743,18508.655260904,11
7.73,21985.2764771693,18425.670072953,11
7.74,21905.8256915283,18342.69085918,11
7.75,21827.1363626082,18259.7243882602,11
7.76,21749.2020475484,18176.7773207174,11
7.77,21672.0163447774,18093.8562096302,11
7.77931962402032,21600.7505197316,18016.6058926291,11
0,9990,10,12
0.01,9989.76100986865,10.1508738469335,12
0.02,9989.51852988453,10.3040177834448,12
0.03,9989.2725075764,10.4594657811656,12
0.04,9989.02288969485,10.6172523134706,12
0.05,9988.7696221993,10.7774123638348,12
0.06,9988.51265024677,10.9399814329904,12
0.07,9988.25191817994,11.10499554658,12
0.08,9987.98736951502,11.2724912628599,12
0.09,9987.71894693041,11.4425056799608,12
0.1,9987.44659225407,11.6150764439584,12
0.11,9987.17024645121,11.7902417567059,12
0.12,9986.88984961178,11.9680403838222,12
0.13,9986.60534093774,12.1485116627994,12
0.14,9986.31665873019,12.3316955112135,12
0.15,9986.0237403763,12.5176324350473,12
0.16,9985.72652233607,12.7063635371294,12
0.17,9985.42494012889,12.8979305256842,12
0.18,9985.1189283199,13.0923757229986,12
0.19,9984.80842050625,13.2897420742031,12
0.2,9984.49334930306,13.4900731561722,12
0.21,9984.17364632923,13.6934131865427,12
0.22,9983.8492421931,13.8998070328533,12
0.23,9983.52006647784,14.1093002218053,12
0.24,9983.18604772668,14.3219389486459,12
0.25,9982.84711342794,14.5377700866772,12
0.26,9982.50318999986,14.7568411968898,12
0.27,9982.15420277519,14.9792005377237,12
0.28,9981.8000759856,15.2048970749584,12
0.29,9981.44073274588,15.4339804917318,12
0.3,9981.07609503792,15.6665011986912,12
0.31,9980.70608369446,15.9025103442763,12
0.32,9980.33061838264,16.142059825137,12
0.33,9979.94961758734,16.3852022966854,12
0.34,9979.56299859424,16.631991183786,12
0.35,9979.17067747273,16.882480691583,12
0.36,9978.77256905853,17.1367258164676,12
0.37,9978.36858693613,17.3947823571862,12
0.38,9977.95864342093,17.6567069260913,12
0.39,9977.5426495412,17.9225569605355,12
0.4,9977.12051501981,18.1923907344113,12
0.41,9976.69214825565,18.4662673698373,12
0.42,9976.25745630483,18.744246848992,12
0.43,9975.81634486174,19.0263900260974,12
0.44,9975.36871823967,19.3127586395533,12
0.45,9974.91447935132,19.6034153242233,12
0.46,9974.45352968902,19.8984236238745,12
0.47,9973.98576930468,20.1978480037725,12
0.48,9973.51109678947,20.5017538634321,12
0.49,9973.02940925324,20.8102075495252,12
0.5,9972.54060230374,21.1232763689492,12
0.51,9972.04457002547,21.4410286020535,12
0.52,9971.5412049583,21.7635335160296,12
0.53,9971.03039807586,22.0908613784627,12
0.54,9970.5120387636,22.4230834710482,12
0.55,9969.98601479657,22.7602721034736,12
0.56,9969.45221231694,23.1025006274673,12
0.57,9968.91051581127,23.4498434510148,12
0.58,9968.36080808738,23.8023760527453,12
0.59,9967.80297025108,24.1601749964877,12
0.6,9967.23688168249,24.5233179459991,12
0.61,9966.66242001208,24.891883679866,12
0.62,9966.07946109652,25.2659521065792,12
0.63,9965.48787899405,25.6456042797844,12
0.64,9964.88754593972,26.030922413709,12
0.65,9964.27833232021,26.4219898987663,12
0.66,9963.6601066484,26.8188913173378,12
0.67,9963.03273553759,27.2217124597358,12
0.68,9962.39608367544,27.6305403403455,12
0.69,9961.7500137976,28.0454632139497,12
0.7,9961.09438666094,28.4665705922348,12
0.71,9960.42906101661,28.8939532604808,12
0.72,9959.75389358261,29.3277032944354,12
0.73,9959.06873901615,29.7679140773723,12
0.74,9958.37344988565,30.2146803173366,12
0.75,9957.66787664239,30.6680980645752,12
0.76,9956.95186759184,31.1282647291552,12
0.77,9956.22526886467,31.59527909877,12
0.78,9955.4879243874,32.0692413567332,12
0.79,9954.73967585273,32.550253100162,12
0.8,9953.98036268951,33.0384173583497,12
0.81,9953.20982203237,33.5338386113274,12
0.82,9952.42788869105,34.0366228086168,12
0.83,9951.63439511927,34.5468773881724,12
0.84,9950.82917138341,35.0647112955144,12
0.85,9950.01204513067,35.5902350030533,12
0.86,9949.18284155704,36.1235605296035,12
0.87,9948.34138337476,36.6648014600896,12
0.88,9947.48749077955,37.2140729654415,12
0.89,9946.62098141742,37.7714918226817,12
0.9,9945.74167035112,38.3371764352014,12
0.91,9944.84937002624,38.9112468532278,12
0.92,9943.94389023699,39.4938247944796,12
0.93,9943.02503809151,40.0850336650124,12
0.94,9942.09261797696,40.684998580252,12
0.95,9941.14643152408,41.293846386215,12
0.96,9940.18627757157,41.9117056809168,12
0.97,9939.21195212992,42.5387068359647,12
0.98,9938.22324834501,43.1749820183358,12
0.99,9937.21995646128,43.8206652123385,12
1,9936.20186378454,44.4758922417564,12
1.01,9935.16875464441,45.140800792172,12
1.02,9934.12041035639,45.8155304334708,12
1.03,9933.0566091836,46.5002226425215,12
1.04,9931.97712629808,47.1950208260328,12
1.05,9930.8817337418,47.9000703435829,12
1.06,9929.77020038722,48.6155185308209,12
1.07,9928.64229189759,49.3415147228368,12
1.08,9927.49777068676,50.0782102776982,12
1.09,9926.33639587871,50.8257586001512,12
1.1,9925.15792326674,51.5843151654813,12
1.11,9923.96210527217,52.3540375435336,12
1.12,9922.74869090284,53.1350854228868,12
1.13,9921.51742571112,53.9276206351791,12
1.14,9920.26805175165,54.7318071795815,12
1.15,9919.00030753869,55.5478112474154,12
1.16,9917.7139280031,56.3758012469102,12
1.17,9916.40864444903,57.2159478280964,12
1.18,9915.0841845102,58.0684239078299,12
1.19,9913.74027210587,58.9334046949431,12
1.2,9912.3766273965,59.8110677155177,12
1.21,9910.992966739,60.7015928382734,12
1.22,9909.58900264171,61.6051623000684,12
1.23,9908.16444371904,62.5219607315041,12
1.24,9906.71899464577,63.4521751826305,12
1.25,9905.2523561111,64.3959951487435,12
1.26,9903.76422477224,65.3536125962693,12
1.27,9902.25429320789,66.3252219887281,12
1.28,9900.72224987128,67.3110203127709,12
1.29,9899.16777904293,68.3112071042809,12
1.3,9897.59056078323,69.3259844745324,12
1.31,9895.99027088459,70.355557136399,12
1.32,9894.36658082344,71.4001324306026,12
1.33,9892.71915771192,72.4599203519938,12
1.34,9891.04766424929,73.5351335758564,12
1.35,9889.35175867314,74.6259874842236,12
1.36,9887.63109471035,75.7327001921991,12
1.37,9885.8853215278,76.8554925742703,12
1.38,9884.11408368291,77.9945882906045,12
1.39,9882.31702107389,79.1502138133162,12
1.4,9880.49376888994,80.3225984526946,12
1.41,9878.64395756109,81.5119743833781,12
1.42,9876.76721270802,82.7185766704657,12
1.43,9874.86315509161,83.9426432955497,12
1.44,9872.93140056244,85.184415182659,12
1.45,9870.9715600101,86.4441362240967,12
1.46,9868.9832393124,87.7220533061604,12
1.47,9866.96603928445,89.018416334728,12
1.48,9864.91955562773,90.3334782606954,12
1.49,9862.84337887902,91.6674951052495,12
1.5,9860.73709435931,93.0207259849602,12
1.51,9858.60028212266,94.3934331366753,12
1.52,9856.43251690506,95.7858819421993,12
1.53,9854.23336807328,97.1983409527403,12
1.54,9852.00239957376,98.6310819131037,12
1.55,9849.73916988151,100.084379785616,12
1.56,9847.44323194915,101.558512773758,12
1.57,9845.1141331559,103.053762345487,12
1.58,9842.75141525687,104.570413256221,12
1.59,9840.35461433227,106.108753571483,12
1.6,9837.92326073696,107.669074689152,12
1.61,9835.45687905008,109.251671361326,12
1.62,9832.95498802493,110.856841715759,12
1.63,9830.41710053907,112.484887276847,12
1.64,9827.84272354466,114.136112986145,12
1.65,9825.23135801918,115.810827222387,12
1.66,9822.58249891635,117.509341820973,12
1.67,9819.89563511753,119.23197209291,12
1.68,9817.17024938337,120.97903684317,12
1.69,9814.40581830603,122.750858388438,12
1.7,9811.60181226173,124.547762574221,12
1.71,9808.75769536381,126.370078791281,12
1.72,9805.8729254164,128.218139991378,12
1.73,9802.9469538685,130.092282702264,12
1.74,9799.97922576882,131.992847041926,12
1.75,9796.96917972109,133.920176732013,12
1.76,9793.91624784023,135.874619110434,12
1.77,9790.81985570905,137.856525143088,12
1.78,9787.67942233587,139.866249434676,12
1.79,9784.49436011285,141.904150238577,12
1.8,9781.26407477518,143.970589465729,12
1.81,9777.98796536122,146.065932692497,12
1.82,9774.66542417354,148.190549167468,12
1.83,9771.29583674092,150.344811817144,12
1.84,9767.8785817815,152.529097250487,12
1.85,9764.41303116689,154.743785762273,12
1.86,9760.89854988756,156.989261335205,12
1.87,9757.3344960193,159.265911640756,12
1.88,9753.72022069104,161.574128038673,12
1.89,9750.05506805395,163.914305575113,12
1.9,9746.33837525186,166.286842979354,12
1.91,9742.56947239324,168.692142659035,12
1.92,9738.74768252448,171.130610693872,12
1.93,9734.87232160492,173.602656827799,12
1.94,9730.9426984834,176.108694459485,12
1.95,9726.95811487647,178.649140631169,12
1.96,9722.9178653484,181.224416015758,12
1.97,9718.82123729302,183.834944902139,12
1.98,9714.66751091739,186.481155178643,12
1.99,9710.45595922751,189.163478314597,12
2,9706.18584801597,191.882349339924,12
2.01,9701.85643585179,194.63820682271,12
2.02,9697.46697407239,197.431492844691,12
2.03,9693.01670677787,200.262652974594,12
2.04,9688.50487082754,203.132136239263,12
2.05,9683.93069583902,206.040395092522,12
2.06,9679.29340418967,208.987885381691,12
2.07,9674.59221102072,211.975066311701,12
2.08,9669.82632424408,215.002400406741,12
2.09,9664.99494455179,218.070353469358,12
2.1,9660.09726542844,221.179394536962,12
2.11,9655.13247316648,224.32999583564,12
2.12,9650.09974688454,227.522632731232,12
2.13,9644.99825854889,230.757783677582,12
2.14,9639.82717299806,234.035930161902,12
2.15,9634.58564797091,237.357556647163,12
2.16,9629.27283413789,240.723150511456,12
2.17,9623.88787513599,244.133201984232,12
2.18,9618.42990760722,247.588204079356,12
2.19,9612.89806124074,251.088652524896,12
2.2,9607.29145881892,254.63504568957,12
2.21,9601.60921626718,258.227884505765,12
2.22,9595.8504427079,261.867672389073,12
2.23,9590.0142405185,265.554915154238,12
2.24,9584.09970539362,269.290120927454,12
2.25,9578.10592641178,273.073800054927,12
2.26,9572.03198610633,276.906465007624,12
2.27,9565.87696054111,280.788630282122,12
2.28,9559.63991939061,284.720812297495,12
2.29,9553.31992602506,288.703529288132,12
2.3,9546.91603760032,292.737301192433,12
2.31,9540.42730515273,296.822649537276,12
2.32,9533.85277369922,300.960097318205,12
2.33,9527.19148234246,305.150168875227,12
2.34,9520.44246438156,309.393389764161,12
2.35,9513.60474742802,313.690286623453,12
2.36,9506.67735352742,318.041387036376,12
2.37,9499.6592992867,322.447219388532,12
2.38,9492.5495960073,326.908312720593,12
2.39,9485.3472498242,331.425196576189,12
2.4,9478.05126185097,335.998400844871,12
2.41,9470.66062833104,340.628455600086,12
2.42,9463.17434079515,345.315890932063,12
2.43,9455.59138622528,350.061236775571,12
2.44,9447.91074722496,354.865022732443,12
2.45,9440.13140219629,359.727777888835,12
2.46,9432.25232552363,364.650030627104,12
2.47,9424.27248776411,369.632308432292,12
2.48,9416.19085584511,374.675137693103,12
2.49,9408.00639326877,379.779043497346,12
2.5,9399.71806032365,384.944549421762,12
2.51,9391.32481430365,390.172177316191,12
2.52,9382.82560973431,395.46244708202,12
2.53,9374.21939860654,400.815876444848,12
2.54,9365.50513061795,406.232980721346,12
2.55,9356.68175342175,411.714272580236,12
2.56,9347.74821288353,417.260261797364,12
2.57,9338.70345334576,422.871455004828,12
2.58,9329.54641790024,428.548355434116,12
2.59,9320.27604866865,434.291462653228,12
2.6,9310.891287091,440.10127229776,12
2.61,9301.39107422245,445.978275795912,12
2.62,9291.77435103818,451.922960087423,12
2.63,9282.04005874674,457.935807336396,12
2.64,9272.18713911155,464.017294638028,12
2.65,9262.21453478103,470.167893719213,12
2.66,9252.12118962708,476.388070633057,12
2.67,9241.90604909208,482.678285447275,12
2.68,9231.56806054452,489.03899192651,12
2.69,9221.10617364313,495.470637208585,12
2.7,9210.51934070975,501.973661474707,12
2.71,9199.80651711074,508.548497613674,12
2.72,9188.9666616471,515.195570880103,12
2.73,9177.99873695326,521.915298546744,12
2.74,9166.90170990456,528.708089550922,12
2.75,9155.67455203334,535.574344135178,12
2.76,9144.31623995375,542.514453482171,12
2.77,9132.82575579511,549.52879934392,12
2.78,9121.20208764396,556.61775366548,12
2.79,9109.44422999455,563.781678203135,12
2.8,9097.55118420797,571.020924137221,12
2.81,9085.52195897962,578.335831679678,12
2.82,9073.35557081507,585.726729676479,12
2.83,9061.05104451431,593.193935205031,12
2.84,9048.60741366408,600.737753166719,12
2.85,9036.02372113843,608.358475874729,12
2.86,9023.29901960717,616.056382637316,12
2.87,9010.43237205228,623.831739336683,12
2.88,8997.42285229203,631.684798003657,12
2.89,8984.26954551268,639.615796388357,12
2.9,8970.97154880767,647.624957527048,12
2.91,8957.52797172401,655.712489305404,12
2.92,8943.93793681582,663.878584018402,12
2.93,8930.20058020472,672.123417927082,12
2.94,8916.31505214693,680.447150812427,12
2.95,8902.28051760683,688.84992552662,12
2.96,8888.09615683669,697.331867541938,12
2.97,8873.76116596249,705.893084497597,12
2.98,8859.27475757536,714.533665744805,12
2.99,8844.63616132847,723.253681890363,12
3,8829.84462453913,732.053184339109,12
3.01,8814.89941279565,740.932204835557,12
3.02,8799.79981056882,749.890755005054,12
3.03,8784.54512182747,758.928825894831,12
3.04,8769.13467065795,768.046387515298,12
3.05,8753.5678018871,777.243388381971,12
3.06,8737.84388170824,786.519755058424,12
3.07,8721.96229830997,795.875391700661,12
3.08,8705.92246250716,805.310179603328,12
3.09,8689.72380837395,814.823976748195,12
3.1,8673.36579387809,824.416617355339,12
3.11,8656.84790151633,834.08791143747,12
3.12,8640.16963895032,843.837644357879,12
3.13,8623.33053964254,853.665576392464,12
3.14,8606.33016349189,863.571442296309,12
3.15,8589.16809746815,873.554950875328,12
3.16,8571.84395624517,883.615784563446,12
3.17,8554.3573828319,893.753599005851,12
3.18,8536.70804920098,903.968022648825,12
3.19,8518.89565691416,914.258656336672,12
3.2,8500.91993774402,924.625072916299,12
3.21,8482.78065429156,935.066816849969,12
3.22,8464.47760059872,945.583403836794,12
3.23,8446.01060275565,956.174320443513,12
3.24,8427.37951950176,966.83902374512,12
3.25,8408.58424282008,977.576940975908,12
3.26,8389.62469852437,988.387469191499,12
3.27,8370.50084683813,999.269974942444,12
3.28,8351.21268296504,1010.22379395995,12
3.29,8331.76023765009,1021.24823085435,12
3.3,8312.14357773071,1032.34255882685,12
3.31,8292.36280667731,1043.50601939519,12
3.32,8272.41806512249,1054.73782213374,12
3.33,8252.30953137826,1066.0371444287,12
3.34,8232.03742194053,1077.40313124888,12
3.35,8211.60199198031,1088.83489493273,12
3.36,8191.00353582081,1100.33151499211,12
3.37,8170.24238739975,1111.89203793347,12
3.38,8149.31892071635,1123.51547709689,12
3.39,8128.23355026204,1135.20081251361,12
3.4,8106.98673143448,1146.94699078264,12
3.41,8085.57896093406,1158.75292496683,12
3.42,8064.01077714217,1170.61749450911,12
3.43,8042.28276048065,1182.53954516933,12
3.44,8020.39553375181,1194.51788898217,12
3.45,7998.34976245815,1206.55130423678,12
3.46,7976.14615510136,1218.63853547836,12
3.47,7953.78546345981,1230.77829353246,12
3.48,7931.26848284402,1242.96925555215,12
3.49,7908.59605232932,1255.21006508873,12
3.5,7885.76905496538,1267.49933218627,12
3.51,7862.7884179617,1279.83563350035,12
3.52,7839.65511284874,1292.21751244149,12
3.53,7816.37015561403,1304.64347934347,12
3.54,7792.93460681276,1317.11201165704,12
3.55,7769.34957165227,1329.62155416911,12
3.56,7745.61620005009,1342.17051924792,12
3.57,7721.73568666489,1354.75728711431,12
3.58,7697.70927090009,1367.38020613926,12
3.59,7673.53823687945,1380.0375931681,12
3.6,7649.22391339454,1392.72773387134,12
3.61,7624.7676738235,1405.44888312241,12
3.62,7600.17093602088,1418.1992654023,12
3.63,7575.43516217811,1430.97707523129,12
3.64,7550.56185865456,1443.7804776277,12
3.65,7525.55257577861,1456.60760859375,12
3.66,7500.40890761888,1469.45657562849,12
3.67,7475.13249172511,1482.3254582677,12
3.68,7449.72500883873,1495.21230865068,12
3.69,7424.18818257301,1508.11515211388,12
3.7,7398.52377906253,1521.03198781108,12
3.71,7372.73360658219,1533.96078935996,12
3.72,7346.81951513552,1546.89950551493,12
3.73,7320.78339601246,1559.84606086574,12
3.74,7294.62718131661,1572.79835656172,12
3.75,7268.35284346208,1585.75427106129,12
3.76,7241.96239464007,1598.71166090622,12
3.77,7215.45788625543,1611.66836152039,12
3.78,7188.84140833327,1624.62218803247,12
3.79,7162.11508889606,1637.57093612204,12
3.8,7135.2810933114,1650.51238288865,12
3.81,7108.34162361083,1663.44428774326,12
3.82,7081.29891778007,1676.36439332139,12
3.83,7054.15524902111,1689.27042641737,12
3.84,7026.91292498659,1702.16009893901,12
3.85,6999.57428698697,1715.03110888201,12
3.86,6972.141709171,1727.88114132336,12
3.87,6944.61759768015,1740.70786943282,12
3.88,6917.00438977744,1753.50895550194,12
3.89,6889.30455295153,1766.28205198946,12
3.9,6861.5205839965,1779.02480258255,12
3.91,6833.65500806829,1791.7348432727,12
3.92,6805.71037771832,1804.40980344548,12
3.93,6777.68927190524,1817.04730698329,12
3.94,6749.59429498552,1829.64497337995,12
3.95,6721.42807568371,1842.20041886622,12
3.96,6693.19326604343,1854.71125754526,12
3.97,6664.89254035966,1867.17510253699,12
3.98,6636.52859409359,1879.58956713015,12
3.99,6608.10414277073,1891.9522659412,12
4,6579.62192086349,1904.2608160788,12
4.01,6551.08468065895,1916.51283831285,12
4.02,6522.49519111311,1928.70595824689,12
4.03,6493.8562366925,1940.83780749288,12
4.04,6465.17061620426,1952.90602484708,12
4.05,6436.44114161574,1964.90825746589,12
4.06,6407.67063686479,1976.84216204064,12
4.07,6378.86193666168,1988.70540597003,12
4.08,6350.01788528393,2000.49566852916,12
4.09,6321.14133536513,2012.21064203393,12
4.1,6292.23514667875,2023.84803299974,12
4.11,6263.30218491832,2035.40556329327,12
4.12,6234.34532047485,2046.88097127627,12
4.13,6205.36742721286,2058.2720129402,12
4.14,6176.37138124599,2069.57646303056,12
4.15,6147.36005971348,2080.79211615992,12
4.16,6118.33633955849,2091.91678790842,12
4.17,6089.30309630956,2102.9483159108,12
4.18,6060.2632028662,2113.88456092877,12
4.19,6031.21952828981,2124.72340790778,12
4.2,6002.17493660099,2135.46276701716,12
4.21,5973.13228558431,2146.10057467258,12
4.22,5944.09442560174,2156.6347945399,12
4.23,5915.06419841561,2167.06341851948,12
4.24,5886.0444360223,2177.38446771,12
4.25,5857.0379594976,2187.5959933509,12
4.26,5828.04757785484,2197.69607774264,12
4.27,5799.0760869166,2207.68283514385,12
4.28,5770.12626820114,2217.55441264467,12
4.29,5741.20088782439,2227.30899101548,12
4.3,5712.30269541843,2236.9447855303,12
4.31,5683.43442306727,2246.46004676411,12
4.32,5654.59878426099,2255.85306136356,12
4.33,5625.79847286875,2265.12215279035,12
4.34,5597.03616213174,2274.26568203674,12
4.35,5568.31450367667,2283.28204831258,12
4.36,5539.63612655063,2292.16968970356,12
4.37,5511.00363627787,2300.92708379992,12
4.38,5482.41961393932,2309.55274829547,12
4.39,5453.88661527539,2318.04524155639,12
4.4,5425.40716981263,2326.40316315947,12
4.41,5396.98378001487,2334.62515439959,12
4.42,5368.61892045926,2342.7098987661,12
4.43,5340.31503703777,2350.65612238787,12
4.44,5312.0745461846,2358.46259444692,12
4.45,5283.89983412987,2366.12812756037,12
4.46,5255.79325617989,2373.65157813077,12
4.47,5227.75713602452,2381.03184666461,12
4.48,5199.79376507178,2388.26787805906,12
4.49,5171.90540181001,2395.35866185698,12
4.5,5144.09427119775,2402.30323247025,12
4.51,5116.36256408167,2409.10066937145,12
4.52,5088.71243664253,2415.75009725416,12
4.53,5061.14600986934,2422.25068616196,12
4.54,5033.6653690619,2428.60165158633,12
4.55,5006.27256336158,2434.80225453376,12
4.56,4978.96960531053,2440.85180156233,12
4.57,4951.75847043911,2446.74964478802,12
4.58,4924.64109688169,2452.49518186119,12
4.59,4897.61938502056,2458.08785591346,12
4.6,4870.69519715784,2463.52715547558,12
4.61,4843.87035721541,2468.81261436657,12
4.62,4817.14665046245,2473.94381155468,12
4.63,4790.52582327047,2478.9203709906,12
4.64,4764.00958289568,2483.74196141345,12
4.65,4737.59959728827,2488.40829613019,12
4.66,4711.29749492842,2492.91913276879,12
4.67,4685.10486468869,2497.27427300597,12
4.68,4659.02325572238,2501.47356226992,12
4.69,4633.05417737766,2505.51688941883,12
4.7,4607.19909913688,2509.40418639564,12
4.71,4581.45945058077,2513.13542785984,12
4.72,4555.83662137711,2516.71063079687,12
4.73,4530.33196129333,2520.12985410592,12
4.74,4504.94678023268,2523.39319816672,12
4.75,4479.68234829336,2526.50080438608,12
4.76,4454.53989585029,2529.45285472485,12
4.77,4429.52061365884,2532.24957120614,12
4.78,4404.62565298002,2534.89121540535,12
4.79,4379.85612572672,2537.37808792295,12
4.8,4355.2131046303,2539.71052784053,12
4.81,4330.69762342703,2541.88891216115,12
4.82,4306.31067706383,2543.91365523437,12
4.83,4282.0532219227,2545.78520816713,12
4.84,4257.92617606327,2547.50405822088,12
4.85,4233.93041948292,2549.07072819584,12
4.86,4210.06679439375,2550.48577580326,12
4.87,4186.336105516,2551.7497930262,12
4.88,4162.73912038713,2552.86340546971,12
4.89,4139.27656968606,2553.82727170115,12
4.9,4115.94914757195,2554.64208258128,12
4.91,4092.75751203691,2555.308560587,12
4.92,4069.70228527204,2555.8274591263,12
4.93,4046.78405404616,2556.19956184619,12
4.94,4024.00337009673,2556.42568193436,12
4.95,4001.36075053222,2556.5066614152,12
4.96,3978.8566782455,2556.44337044084,12
4.97,3956.49160233751,2556.23670657796,12
4.98,3934.26593855074,2555.88759409094,12
4.99,3912.18006971187,2555.39698322204,12
5,3890.23434618304,2554.76584946926,12
5.01,3868.42908632119,2553.9951928624,12
5.02,3846.76457694484,2553.08603723811,12
5.03,3825.24107380792,2552.03942951429,12
5.04,3803.8588020799,2550.85643896459,12
5.05,3782.61795683186,2549.53815649354,12
5.06,3761.51870352792,2548.08569391274,12
5.07,3740.56117852149,2546.50018321882,12
5.08,3719.74548955584,2544.78277587355,12
5.09,3699.07171626861,2542.93464208667,12
5.1,3678.53991069962,2540.95697010185,12
5.11,3658.15009780155,2538.85096548633,12
5.12,3637.90227595318,2536.61785042468,12
5.13,3617.79641747451,2534.25886301704,12
5.14,3597.83246914349,2531.77525658233,12
5.15,3578.01035271391,2529.1682989668,12
5.16,3558.32996543397,2526.43927185836,12
5.17,3538.79118056521,2523.58947010693,12
5.18,3519.39384790137,2520.62020105135,12
5.19,3500.13779428677,2517.532783853,12
5.2,3481.02282413399,2514.32854883658,12
5.21,3462.04871994031,2511.00883683827,12
5.22,3443.21524280268,2507.5749985617,12
5.23,3424.52213293091,2504.02839394174,12
5.24,3405.96911015873,2500.37039151667,12
5.25,3387.55587445234,2496.60236780878,12
5.26,3369.28210641635,2492.72570671364,12
5.27,3351.14746779664,2488.7417988984,12
5.28,3333.15160198004,2484.65204120907,12
5.29,3315.29413449037,2480.45783608722,12
5.3,3297.57467348084,2476.16059099609,12
5.31,3279.99281022241,2471.76171785635,12
5.32,3262.54811958791,2467.26263249164,12
5.33,3245.24016053182,2462.66475408396,12
5.34,3228.06847656535,2457.96950463916,12
5.35,3211.03259622677,2453.17830846248,12
5.36,3194.13203354675,2448.29259164431,12
5.37,3177.36628850857,2443.3137815563,12
5.38,3160.73484750299,2438.24330635772,12
5.39,3144.23718377777,2433.08259451234,12
5.4,3127.87275788148,2427.83307431572,12
5.41,3111.64101810173,2422.49617343299,12
5.42,3095.54140089752,2417.07331844716,12
5.43,3079.57333132567,2411.56593441796,12
5.44,3063.73622346128,2405.97544445124,12
5.45,3048.02948081196,2400.30326927887,12
5.46,3032.45249672602,2394.55082684918,12
5.47,3017.00465479426,2388.7195319279,12
5.48,3001.68532924553,2382.81079570956,12
5.49,2986.49388533586,2376.82602543933,12
5.5,2971.42967973112,2370.76662404525,12
5.51,2956.4920608833,2364.63398978078,12
5.52,2941.68036940017,2358.42951587762,12
5.53,2926.99393840847,2352.15459020878,12
5.54,2912.43209391054,2345.8105949617,12
5.55,2897.99415513431,2339.39890632154,12
5.56,2883.67943487675,2332.92089416431,12
5.57,2869.48723984076,2326.37792176002,12
5.58,2855.4168709654,2319.77134548548,12
5.59,2841.46762374956,2313.10251454691,12
5.6,2827.63878856913,2306.37277071205,12
5.61,2813.92965098751,2299.58344805176,12
5.62,2800.33949205968,2292.73587269104,12
5.63,2786.8675886297,2285.8313625692,12
5.64,2773.51321362181,2278.87122720923,12
5.65,2760.27563632502,2271.85676749616,12
5.66,2747.15412267138,2264.78927546429,12
5.67,2734.14793550779,2257.67003409314,12
5.68,2721.25633486164,2250.50031711208,12
5.69,2708.47857820005,2243.28138881343,12
5.7,2695.81392068299,2236.01450387384,12
5.71,2683.26161541023,2228.70090718398,12
5.72,2670.82091366221,2221.34183368627,12
5.73,2658.49106513478,2213.93850822052,12
5.74,2646.27131816815,2206.49214537739,12
5.75,2634.16091996974,2199.0039493595,12
5.76,2622.15911683133,2191.47511385002,12
5.77,2610.26515434039,2183.9068218887,12
5.78,2598.47827758568,2176.300245755,12
5.79,2586.7977313573,2168.65654685842,12
5.8,2575.22276034114,2160.97687563565,12
5.81,2563.75260930781,2153.26237145459,12
5.82,2552.38652329632,2145.51416252497,12
5.83,2541.12374779223,2137.73336581546,12
5.84,2529.96352890076,2129.92108697712,12
5.85,2518.90511351456,2122.07842027313,12
5.86,2507.94774947659,2114.20644851445,12
5.87,2497.09068573776,2106.30624300152,12
5.88,2486.33317250989,2098.37886347169,12
5.89,2475.67446141366,2090.42535805224,12
5.9,2465.1138056219,2082.44676321899,12
5.91,2454.65045999815,2074.44410376017,12
5.92,2444.28368123066,2066.41839274557,12
5.93,2434.0127279619,2058.37063150073,12
5.94,2423.83686091358,2050.3018095861,12
5.95,2413.75534300743,2042.21290478099,12
5.96,2403.76743948159,2034.1048830722,12
5.97,2393.87241800297,2025.97869864719,12
5.98,2384.06954877539,2017.83529389169,12
5.99,2374.35810464382,2009.67559939152,12
6,2364.73736119457,2001.50053393869,12
6.01,2355.20659685172,1993.3110045414,12
6.02,2345.76509296979,1985.10790643803,12
6.03,2336.41213392262,1976.89212311492,12
6.04,2327.1470071888,1968.66452632775,12
6.05,2317.96900343338,1960.4259761265,12
6.06,2308.87741658629,1952.17732088391,12
6.07,2299.87154391735,1943.91939732714,12
6.08,2290.95068610787,1935.65303057271,12
6.09,2282.11414731921,1927.37903416449,12
6.1,2273.36123525803,1919.09821011475,12
6.11,2264.69126123859,1910.81134894794,12
6.12,2256.10354024198,1902.51922974742,12
6.13,2247.59739097245,1894.22262020469,12
6.14,2239.17213591086,1885.92227667134,12
6.15,2230.82710136542,1877.61894421333,12
6.16,2222.56161751962,1869.31335666771,12
6.17,2214.37501847758,1861.00623670165,12
6.18,2206.26664230679,1852.69829587352,12
6.19,2198.23583107839,1844.39023469624,12
6.2,2190.28193090493,1836.08274270243,12
6.21,2182.40429197583,1827.77649851163,12
6.22,2174.60226859045,1819.47216989929,12
6.23,2166.87521918897,1811.17041386745,12
6.24,2159.22250638104,1802.87187671716,12
6.25,2151.64349697233,1794.57719412241,12
6.26,2144.13756198898,1786.28699120564,12
6.27,2136.70407670006,1778.00188261455,12
6.28,2129.34242063806,1769.72247260041,12
6.29,2122.0519776175,1761.4493550975,12
6.3,2114.83213575168,1753.18311380387,12
6.31,2107.68228746766,1744.92432226314,12
6.32,2100.60182951949,1736.67354394745,12
6.33,2093.59016299978,1728.43133234137,12
6.34,2086.64669334961,1720.19823102671,12
6.35,2079.77083036688,1711.97477376829,12
6.36,2072.96198821315,1703.76148460045,12
6.37,2066.21958541892,1695.55887791437,12
6.38,2059.54304488759,1687.36745854602,12
6.39,2052.93179389793,1679.18772186483,12
6.4,2046.38526410527,1671.02015386285,12
6.41,2039.90289154135,1662.86523124458,12
6.42,2033.48411661298,1654.72342151712,12
6.43,2027.12838409935,1646.59518308089,12
6.44,2020.83514314839,1638.48096532066,12
6.45,2014.60384727173,1630.38120869693,12
6.46,2008.43395433884,1622.29634483758,12
6.47,2002.3249265699,1614.22679662987,12
6.48,1996.27623052776,1606.1729783125,12
6.49,1990.28733710895,1598.13529556791,12
6.5,1984.35772153364,1590.11414561474,12
6.51,1978.48686333482,1582.10991730027,12
6.52,1972.67424634651,1574.12299119301,12
6.53,1966.91935869118,1566.15373967526,12
6.54,1961.22169276637,1558.20252703561,12
6.55,1955.58074523048,1550.26970956145,12
6.56,1949.99601698793,1542.35563563132,12
6.57,1944.46701317345,1534.46064580724,12
6.58,1938.99324313587,1526.58507292674,12
6.59,1933.57422042109,1518.72924219486,12
6.6,1928.20946275451,1510.89347127582,12
6.61,1922.89849202288,1503.07807038453,12
6.62,1917.64083425553,1495.28334237783,12
6.63,1912.43601960504,1487.50958284538,12
6.64,1907.28358232748,1479.75708020029,12
6.65,1902.18306076204,1472.02611576945,12
6.66,1897.13399731027,1464.31696388341,12
6.67,1892.13593841486,1456.62989196595,12
6.68,1887.18843453792,1448.96516062322,12
6.69,1882.29104013896,1441.32302373248,12
6.7,1877.44331365243,1433.70372853041,12
6.71,1872.64481746489,1426.10751570091,12
6.72,1867.89511789187,1418.5346194625,12
6.73,1863.19378515437,1410.98526765517,12
6.74,1858.54039335508,1403.45968182679,12
6.75,1853.93452045434,1395.95807731893,12
6.76,1849.37574824574,1388.48066335219,12
6.77,1844.86366233158,1381.02764311099,12
6.78,1840.39785209804,1373.59921382776,12
6.79,1835.97791069008,1366.1955668666,12
6.8,1831.60343498629,1358.81688780634,12
6.81,1827.27402557337,1351.463356523,12
6.82,1822.98928672058,1344.13514727167,12
6.83,1818.74882635395,1336.83242876774,12
6.84,1814.55225603037,1329.55536426754,12
6.85,1810.39919091159,1322.30411164834,12
6.86,1806.289249738,1315.07882348771,12
6.87,1802.22205480243,1307.87964714223,12
6.88,1798.19723192376,1300.70672482556,12
6.89,1794.21441042051,1293.56019368583,12
6.9,1790.27322308429,1286.44018588241,12
6.91,1786.37330615329,1279.34682866194,12
6.92,1782.51429928564,1272.28024443372,12
6.93,1778.69584553273,1265.2405508445,12
6.94,1774.91759131258,1258.22786085241,12
6.95,1771.17918638311,1251.24228280038,12
6.96,1767.48028381544,1244.28392048874,12
6.97,1763.82053996718,1237.35287324722,12
6.98,1760.19961445571,1230.44923600621,12
6.99,1756.61717013152,1223.5730993673,12
7,1753.07287305152,1216.72454967318,12
7.01,1749.56639245243,1209.90366907677,12
7.02,1746.09740072416,1203.11053560972,12
7.03,1742.66557338329,1196.34522325015,12
7.04,1739.27058904655,1189.60780198971,12
7.05,1735.91212940438,1182.89833789994,12
7.06,1732.5898791946,1176.2168931979,12
7.07,1729.30352617603,1169.56352631115,12
7.08,1726.05276110235,1162.93829194195,12
7.09,1722.83727769589,1156.34124113083,12
7.1,1719.6567726216,1149.77242131942,12
7.11,1716.51094546112,1143.23187641258,12
7.12,1713.39949868683,1136.71964683987,12
7.13,1710.32213763617,1130.23576961626,12
7.14,1707.27857048595,1123.78027840218,12
7.15,1704.26850822679,1117.35320356292,12
7.16,1701.29166463769,1110.95457222724,12
7.17,1698.34775626075,1104.58440834539,12
7.18,1695.43650237593,1098.24273274639,12
7.19,1692.55762497602,1091.92956319461,12
7.2,1689.71084874168,1085.64491444577,12
7.21,1686.89590101664,1079.38879830213,12
7.22,1684.11251178303,1073.1612236671,12
7.23,1681.36041363685,1066.96219659916,12
7.24,1678.63934176358,1060.79172036508,12
7.25,1675.94903391391,1054.64979549255,12
7.26,1673.28923037965,1048.53641982205,12
7.27,1670.65967396979,1042.45158855815,12
7.28,1668.06010998663,1036.39529432013,12
7.29,1665.49028620222,1030.36752719197,12
7.3,1662.94995283476,1024.36827477163,12
7.31,1660.43886252532,1018.39752221979,12
7.32,1657.9567703146,1012.4552523079,12
7.33,1655.50343361995,1006.5414454656,12
7.34,1653.07861221243,1000.65607982752,12
7.35,1650.68206819417,994.799131279479,12
7.36,1648.31356597576,988.970573504052,12
7.37,1645.9728722539,983.170378025521,12
7.38,1643.65975598914,977.398514254231,12
7.39,1641.37398838386,971.654949530343,12
7.4,1639.11534286035,965.939649166989,12
7.41,1636.88359503911,960.252576492831,12
7.42,1634.67852271725,954.593692894044,12
7.43,1632.49990584713,948.962957855706,12
7.44,1630.34752651514,943.360329002621,12
7.45,1628.22116892062,937.785762139571,12
7.46,1626.12061935498,932.239211290988,12
7.47,1624.045666181,926.720628740084,12
7.48,1621.99609981226,921.22996506741,12
7.49,1619.97171269278,915.767169188877,12
7.5,1617.97229927679,910.33218839322,12
7.51,1615.99765600871,904.924968378927,12
7.52,1614.04758130325,899.545453290636,12
7.53,1612.12187552576,894.193585754998,12
7.54,1610.22034097263,888.869306916014,12
7.55,1608.34278185199,883.572556469857,12
7.56,1606.48900426446,878.303272699181,12
7.57,1604.65881618417,873.061392506912,12
7.58,1602.85202743987,867.846851449547,12
7.59,1601.06844969623,862.659583769948,12
7.6,1599.30789643537,857.499522429644,12
7.61,1597.57018293843,852.366599140645,12
7.62,1595.85512626744,847.260744396774,12
7.63,1594.16254524724,842.181887504526,12
7.64,1592.49226044766,837.12995661344,12
7.65,1590.84409416581,832.104878746026,12
7.66,1589.21787040852,827.106579827212,12
7.67,1587.61341487503,822.134984713338,12
7.68,1586.0305549397,817.190017220709,12
7.69,1584.46911963505,812.271600153687,12
7.7,1582.92893963479,807.379655332351,12
7.71,1581.40984723716,802.514103619718,12
7.72,1579.91167634833,797.674864948531,12
7.73,1578.43426246598,792.861858347624,12
7.74,1576.97744266309,788.075001967864,12
7.75,1575.5410555718,783.314213107677,12
7.76,1574.1249413675,778.57940823816,12
7.77,1572.72894175303,773.870503027795,12
7.77931962402032,1571.44589295412,769.505221924749,12
0,9990,10,13
0.01,9989.76100986865,10.1508738469335,13
0.02,9989.51852988453,10.3040177834448,13
0.03,9989.2725075764,10.4594657811656,13
0.04,9989.02288969485,10.6172523134706,13
0.05,9988.7696221993,10.7774123638348,13
0.06,9988.51265024677,10.9399814329904,13
0.07,9988.25191817994,11.10499554658,13
0.08,9987.98736951502,11.2724912628599,13
0.09,9987.71894693041,11.4425056799608,13
0.1,9987.44659225407,11.6150764439584,13
0.11,9987.17024645121,11.7902417567059,13
0.12,9986.88984961178,11.9680403838222,13
0.13,9986.60534093774,12.1485116627994,13
0.14,9986.31665873019,12.3316955112135,13
0.15,9986.0237403763,12.5176324350473,13
0.16,9985.72652233607,12.7063635371294,13
0.17,9985.42494012889,12.8979305256842,13
0.18,9985.1189283199,13.0923757229986,13
0.19,9984.80842050625,13.2897420742031,13
0.2,9984.49334930306,13.4900731561722,13
0.21,9984.17364632923,13.6934131865427,13
0.22,9983.8492421931,13.8998070328533,13
0.23,9983.52006647784,14.1093002218053,13
0.24,9983.18604772668,14.3219389486459,13
0.25,9982.84711342794,14.5377700866772,13
0.26,9982.50318999986,14.7568411968898,13
0.27,9982.15420277519,14.9792005377237,13
0.28,9981.8000759856,15.2048970749584,13
0.29,9981.44073274588,15.4339804917318,13
0.3,9981.07609503792,15.6665011986912,13
0.31,9980.70608369446,15.9025103442763,13
0.32,9980.33061838264,16.142059825137,13
0.33,9979.94961758734,16.3852022966854,13
0.34,9979.56299859424,16.631991183786,13
0.35,9979.17067747273,16.882480691583,13
0.36,9978.77256905853,17.1367258164676,13
0.37,9978.36858693613,17.3947823571862,13
0.38,9977.95864342093,17.6567069260913,13
0.39,9977.5426495412,17.9225569605355,13
0.4,9977.12051501981,18.1923907344113,13
0.41,9976.69214825565,18.4662673698373,13
0.42,9976.25745630483,18.744246848992,13
0.43,9975.81634486174,19.0263900260974,13
0.44,9975.36871823967,19.3127586395533,13
0.45,9974.91447935132,19.6034153242233,13
0.46,9974.45352968902,19.8984236238745,13
0.47,9973.98576930468,20.1978480037725,13
0.48,9973.51109678947,20.5017538634321,13
0.49,9973.02940925324,20.8102075495252,13
0.5,9972.54060230374,21.1232763689492,13
0.51,9972.04457002547,21.4410286020535,13
0.52,9971.5412049583,21.7635335160296,13
0.53,9971.03039807586,22.0908613784627,13
0.54,9970.5120387636,22.4230834710482,13
0.55,9969.98601479657,22.7602721034736,13
0.56,9969.45221231694,23.1025006274673,13
0.57,9968.91051581127,23.4498434510148,13
0.58,9968.36080808738,23.8023760527453,13
0.59,9967.80297025108,24.1601749964877,13
0.6,9967.23688168249,24.5233179459991,13
0.61,9966.66242001208,24.891883679866,13
0.62,9966.07946109652,25.2659521065792,13
0.63,9965.48787899405,25.6456042797844,13
0.64,9964.88754593972,26.030922413709,13
0.65,9964.27833232021,26.4219898987663,13
0.66,9963.6601066484,26.8188913173378,13
0.67,9963.03273553759,27.2217124597358,13
0.68,9962.39608367544,27.6305403403455,13
0.69,9961.7500137976,28.0454632139497,13
0.7,9961.09438666094,28.4665705922348,13
0.71,9960.42906101661,28.8939532604808,13
0.72,9959.75389358261,29.3277032944354,13
0.73,9959.06873901615,29.7679140773723,13
0.74,9958.37344988565,30.2146803173366,13
0.75,9957.66787664239,30.6680980645752,13
0.76,9956.95186759184,31.1282647291552,13
0.77,9956.22526886467,31.59527909877,13
0.78,9955.4879243874,32.0692413567332,13
0.79,9954.73967585273,32.550253100162,13
0.8,9953.98036268951,33.0384173583497,13
0.81,9953.20982203237,33.5338386113274,13
0.82,9952.42788869105,34.0366228086168,13
0.83,9951.63439511927,34.5468773881724,13
0.84,9950.82917138341,35.0647112955144,13
0.85,9950.01204513067,35.5902350030533,13
0.86,9949.18284155704,36.1235605296035,13
0.87,9948.34138337476,36.6648014600896,13
0.88,9947.48749077955,37.2140729654415,13
0.89,9946.62098141742,37.7714918226817,13
0.9,9945.74167035112,38.3371764352014,13
0.91,9944.84937002624,38.9112468532278,13
0.92,9943.94389023699,39.4938247944796,13
0.93,9943.02503809151,40.0850336650124,13
0.94,9942.09261797696,40.684998580252,13
0.95,9941.14643152408,41.293846386215,13
0.96,9940.18627757157,41.9117056809168,13
0.97,9939.21195212992,42.5387068359647,13
0.98,9938.22324834501,43.1749820183358,13
0.99,9937.21995646128,43.8206652123385,13
1,9936.20186378454,44.4758922417564,13
1.01,9935.16875464441,45.140800792172,13
1.02,9934.12041035639,45.8155304334708,13
1.03,9933.0566091836,46.5002226425215,13
1.04,9931.97712629808,47.1950208260328,13
1.05,9930.8817337418,47.9000703435829,13
1.06,9929.77020038722,48.6155185308209,13
1.07,9928.64229189759,49.3415147228368,13
1.08,9927.49777068676,50.0782102776982,13
1.09,9926.33639587871,50.8257586001512,13
1.1,9925.15792326674,51.5843151654813,13
1.11,9923.96210527217,52.3540375435336,13
1.12,9922.74869090284,53.1350854228868,13
1.13,9921.51742571112,53.9276206351791,13
1.14,9920.26805175165,54.7318071795815,13
1.15,9919.00030753869,55.5478112474154,13
1.16,9917.7139280031,56.3758012469102,13
1.17,9916.40864444903,57.2159478280964,13
1.18,9915.0841845102,58.0684239078299,13
1.19,9913.74027210587,58.9334046949431,13
1.2,9912.3766273965,59.8110677155177,13
1.21,9910.992966739,60.7015928382734,13
1.22,9909.58900264171,61.6051623000684,13
1.23,9908.16444371904,62.5219607315041,13
1.24,9906.71899464577,63.4521751826305,13
1.25,9905.2523561111,64.3959951487435,13
1.26,9903.76422477224,65.3536125962693,13
1.27,9902.25429320789,66.3252219887281,13
1.28,9900.72224987128,67.3110203127709,13
1.29,9899.16777904293,68.3112071042809,13
1.3,9897.59056078323,69.3259844745324,13
1.31,9895.99027088459,70.355557136399,13
1.32,9894.36658082344,71.4001324306026,13
1.33,9892.71915771192,72.4599203519938,13
1.34,9891.04766424929,73.5351335758564,13
1.35,9889.35175867314,74.6259874842236,13
1.36,9887.63109471035,75.7327001921991,13
1.37,9885.8853215278,76.8554925742703,13
1.38,9884.11408368291,77.9945882906045,13
1.39,9882.31702107389,79.1502138133162,13
1.4,9880.49376888994,80.3225984526946,13
1.41,9878.64395756109,81.5119743833781,13
1.42,9876.76721270802,82.7185766704657,13
1.43,9874.86315509161,83.9426432955497,13
1.44,9872.93140056244,85.184415182659,13
1.45,9870.9715600101,86.4441362240967,13
1.46,9868.9832393124,87.7220533061604,13
1.47,9866.96603928445,89.018416334728,13
1.48,9864.91955562773,90.3334782606954,13
1.49,9862.84337887902,91.6674951052495,13
1.5,9860.73709435931,93.0207259849602,13
1.51,9858.60028212266,94.3934331366753,13
1.52,9856.43251690506,95.7858819421993,13
1.53,9854.23336807328,97.1983409527403,13
1.54,9852.00239957376,98.6310819131037,13
1.55,9849.73916988151,100.084379785616,13
1.56,9847.44323194915,101.558512773758,13
1.57,9845.1141331559,103.053762345487,13
1.58,9842.75141525687,104.570413256221,13
1.59,9840.35461433227,106.108753571483,13
1.6,9837.92326073696,107.669074689152,13
1.61,9835.45687905008,109.251671361326,13
1.62,9832.95498802493,110.856841715759,13
1.63,9830.41710053907,112.484887276847,13
1.64,9827.84272354466,114.136112986145,13
1.65,9825.23135801918,115.810827222387,13
1.66,9822.58249891635,117.509341820973,13
1.67,9819.89563511753,119.23197209291,13
1.68,9817.17024938337,120.97903684317,13
1.69,9814.40581830603,122.750858388438,13
1.7,9811.60181226173,124.547762574221,13
1.71,9808.75769536381,126.370078791281,13
1.72,9805.8729254164,128.218139991378,13
1.73,9802.9469538685,130.092282702264,13
1.74,9799.97922576882,131.992847041926,13
1.75,9796.96917972109,133.920176732013,13
1.76,9793.91624784023,135.874619110434,13
1.77,9790.81985570905,137.856525143088,13
1.78,9787.67942233587,139.866249434676,13
1.79,9784.49436011285,141.904150238577,13
1.8,9781.26407477518,143.970589465729,13
1.81,9777.98796536122,146.065932692497,13
1.82,9774.66542417354,148.190549167468,13
1.83,9771.29583674092,150.344811817144,13
1.84,9767.8785817815,152.529097250487,13
1.85,9764.41303116689,154.743785762273,13
1.86,9760.89854988756,156.989261335205,13
1.87,9757.3344960193,159.265911640756,13
1.88,9753.72022069104,161.574128038673,13
1.89,9750.05506805395,163.914305575113,13
1.9,9746.33837525186,166.286842979354,13
1.91,9742.56947239324,168.692142659035,13
1.92,9738.74768252448,171.130610693872,13
1.93,9734.87232160492,173.602656827799,13
1.94,9730.9426984834,176.108694459485,13
1.95,9726.95811487647,178.649140631169,13
1.96,9722.9178653484,181.224416015758,13
1.97,9718.82123729302,183.834944902139,13
1.98,9714.66751091739,186.481155178643,13
1.99,9710.45595922751,189.163478314597,13
2,9706.18584801597,191.882349339924,13
2.01,9701.85643585179,194.63820682271,13
2.02,9697.46697407239,197.431492844691,13
2.03,9693.01670677787,200.262652974594,13
2.04,9688.50487082754,203.132136239263,13
2.05,9683.93069583902,206.040395092522,13
2.06,9679.29340418967,208.987885381691,13
2.07,9674.59221102072,211.975066311701,13
2.08,9669.82632424408,215.002400406741,13
2.09,9664.99494455179,218.070353469358,13
2.1,9660.09726542844,221.179394536962,13
2.11,9655.13247316648,224.32999583564,13
2.12,9650.09974688454,227.522632731232,13
2.13,9644.99825854889,230.757783677582,13
2.14,9639.82717299806,234.035930161902,13
2.15,9634.58564797091,237.357556647163,13
2.16,9629.27283413789,240.723150511456,13
2.17,9623.88787513599,244.133201984232,13
2.18,9618.42990760722,247.588204079356,13
2.19,9612.89806124074,251.088652524896,13
2.2,9607.29145881892,254.63504568957,13
2.21,9601.60921626718,258.227884505765,13
2.22,9595.8504427079,261.867672389073,13
2.23,9590.0142405185,265.554915154238,13
2.24,9584.09970539362,269.290120927454,13
2.25,9578.10592641178,273.073800054927,13
2.26,9572.03198610633,276.906465007624,13
2.27,9565.87696054111,280.788630282122,13
2.28,9559.63991939061,284.720812297495,13
2.29,9553.31992602506,288.703529288132,13
2.3,9546.91603760032,292.737301192433,13
2.31,9540.42730515273,296.822649537276,13
2.32,9533.85277369922,300.960097318205,13
2.33,9527.19148234246,305.150168875227,13
2.34,9520.44246438156,309.393389764161,13
2.35,9513.60474742802,313.690286623453,13
2.36,9506.67735352742,318.041387036376,13
2.37,9499.6592992867,322.447219388532,13
2.38,9492.5495960073,326.908312720593,13
2.39,9485.3472498242,331.425196576189,13
2.4,9478.05126185097,335.998400844871,13
2.41,9470.66062833104,340.628455600086,13
2.42,9463.17434079515,345.315890932063,13
2.43,9455.59138622528,350.061236775571,13
2.44,9447.91074722496,354.865022732443,13
2.45,9440.13140219629,359.727777888835,13
2.46,9432.25232552363,364.650030627104,13
2.47,9424.27248776411,369.632308432292,13
2.48,9416.19085584511,374.675137693103,13
2.49,9408.00639326877,379.779043497346,13
2.5,9399.71806032365,384.944549421762,13
2.51,9391.32481430365,390.172177316191,13
2.52,9382.82560973431,395.46244708202,13
2.53,9374.21939860654,400.815876444848,13
2.54,9365.50513061795,406.232980721346,13
2.55,9356.68175342175,411.714272580236,13
2.56,9347.74821288353,417.260261797364,13
2.57,9338.70345334576,422.871455004828,13
2.58,9329.54641790024,428.548355434116,13
2.59,9320.27604866865,434.291462653228,13
2.6,9310.891287091,440.10127229776,13
2.61,9301.39107422245,445.978275795912,13
2.62,9291.77435103818,451.922960087423,13
2.63,9282.04005874674,457.935807336396,13
2.64,9272.18713911155,464.017294638028,13
2.65,9262.21453478103,470.167893719213,13
2.66,9252.12118962708,476.388070633057,13
2.67,9241.90604909208,482.678285447275,13
2.68,9231.56806054452,489.03899192651,13
2.69,9221.10617364313,495.470637208585,13
2.7,9210.51934070975,501.973661474707,13
2.71,9199.80651711074,508.548497613674,13
2.72,9188.9666616471,515.195570880103,13
2.73,9177.99873695326,521.915298546744,13
2.74,9166.90170990456,528.708089550922,13
2.75,9155.67455203334,535.574344135178,13
2.76,9144.31623995375,542.514453482171,13
2.77,9132.82575579511,549.52879934392,13
2.78,9121.20208764396,556.61775366548,13
2.79,9109.44422999455,563.781678203135,13
2.8,9097.55118420797,571.020924137221,13
2.81,9085.52195897962,578.335831679678,13
2.82,9073.35557081507,585.726729676479,13
2.83,9061.05104451431,593.193935205031,13
2.84,9048.60741366408,600.737753166719,13
2.85,9036.02372113843,608.358475874729,13
2.86,9023.29901960717,616.056382637316,13
2.87,9010.43237205228,623.831739336683,13
2.88,8997.42285229203,631.684798003657,13
2.89,8984.26954551268,639.615796388357,13
2.9,8970.97154880767,647.624957527048,13
2.91,8957.52797172401,655.712489305404,13
2.92,8943.93793681582,663.878584018402,13
2.93,8930.20058020472,672.123417927082,13
2.94,8916.31505214693,680.447150812427,13
2.95,8902.28051760683,688.84992552662,13
2.96,8888.09615683669,697.331867541938,13
2.97,8873.76116596249,705.893084497597,13
2.98,8859.27475757536,714.533665744805,13
2.99,8844.63616132847,723.253681890363,13
3,8829.84462453913,732.053184339109,13
3.01,8814.89941279565,740.932204835557,13
3.02,8799.79981056882,749.890755005054,13
3.03,8784.54512182747,758.928825894831,13
3.04,8769.13467065795,768.046387515298,13
3.05,8753.5678018871,777.243388381971,13
3.06,8737.84388170824,786.519755058424,13
3.07,8721.96229830997,795.875391700661,13
3.08,8705.92246250716,805.310179603328,13
3.09,8689.72380837395,814.823976748195,13
3.1,8673.36579387809,824.416617355339,13
3.11,8656.84790151633,834.08791143747,13
3.12,8640.16963895032,843.837644357879,13
3.13,8623.33053964254,853.665576392464,13
3.14,8606.33016349189,863.571442296309,13
3.15,8589.16809746815,873.554950875328,13
3.16,8571.84395624517,883.615784563446,13
3.17,8554.3573828319,893.753599005851,13
3.18,8536.70804920098,903.968022648825,13
3.19,8518.89565691416,914.258656336672,13
3.2,8500.91993774402,924.625072916299,13
3.21,8482.78065429156,935.066816849969,13
3.22,8464.47760059872,945.583403836794,13
3.23,8446.01060275565,956.174320443513,13
3.24,8427.37951950176,966.83902374512,13
3.25,8408.58424282008,977.576940975908,13
3.26,8389.62469852437,988.387469191499,13
3.27,8370.50084683813,999.269974942444,13
3.28,8351.21268296504,1010.22379395995,13
3.29,8331.76023765009,1021.24823085435,13
3.3,8312.14357773071,1032.34255882685,13
3.31,8292.36280667731,1043.50601939519,13
3.32,8272.41806512249,1054.73782213374,13
3.33,8252.30953137826,1066.0371444287,13
3.34,8232.03742194053,1077.40313124888,13
3.35,8211.60199198031,1088.83489493273,13
3.36,8191.00353582081,1100.33151499211,13
3.37,8170.24238739975,1111.89203793347,13
3.38,8149.31892071635,1123.51547709689,13
3.39,8128.23355026204,1135.20081251361,13
3.4,8106.98673143448,1146.94699078264,13
3.41,8085.57896093406,1158.75292496683,13
3.42,8064.01077714217,1170.61749450911,13
3.43,8042.28276048065,1182.53954516933,13
3.44,8020.39553375181,1194.51788898217,13
3.45,7998.34976245815,1206.55130423678,13
3.46,7976.14615510136,1218.63853547836,13
3.47,7953.78546345981,1230.77829353246,13
3.48,7931.26848284402,1242.96925555215,13
3.49,7908.59605232932,1255.21006508873,13
3.5,7885.76905496538,1267.49933218627,13
3.51,7862.7884179617,1279.83563350035,13
3.52,7839.65511284874,1292.21751244149,13
3.53,7816.37015561403,1304.64347934347,13
3.54,7792.93460681276,1317.11201165704,13
3.55,7769.34957165227,1329.62155416911,13
3.56,7745.61620005009,1342.17051924792,13
3.57,7721.73568666489,1354.75728711431,13
3.58,7697.70927090009,1367.38020613926,13
3.59,7673.53823687945,1380.0375931681,13
3.6,7649.22391339454,1392.72773387134,13
3.61,7624.7676738235,1405.44888312241,13
3.62,7600.17093602088,1418.1992654023,13
3.63,7575.43516217811,1430.97707523129,13
3.64,7550.56185865456,1443.7804776277,13
3.65,7525.55257577861,1456.60760859375,13
3.66,7500.40890761888,1469.45657562849,13
3.67,7475.13249172511,1482.3254582677,13
3.68,7449.72500883873,1495.21230865068,13
3.69,7424.18818257301,1508.11515211388,13
3.7,7398.52377906253,1521.03198781108,13
3.71,7372.73360658219,1533.96078935996,13
3.72,7346.81951513552,1546.89950551493,13
3.73,7320.78339601246,1559.84606086574,13
3.74,7294.62718131661,1572.79835656172,13
3.75,7268.35284346208,1585.75427106129,13
3.76,7241.96239464007,1598.71166090622,13
3.77,7215.45788625543,1611.66836152039,13
3.78,7188.84140833327,1624.62218803247,13
3.79,7162.11508889606,1637.57093612204,13
3.8,7135.2810933114,1650.51238288865,13
3.81,7108.34162361083,1663.44428774326,13
3.82,7081.29891778007,1676.36439332139,13
3.83,7054.15524902111,1689.27042641737,13
3.84,7026.91292498659,1702.16009893901,13
3.85,6999.57428698697,1715.03110888201,13
3.86,6972.141709171,1727.88114132336,13
3.87,6944.61759768015,1740.70786943282,13
3.88,6917.00438977744,1753.50895550194,13
3.89,6889.30455295153,1766.28205198946,13
3.9,6861.5205839965,1779.02480258255,13
3.91,6833.65500806829,1791.7348432727,13
3.92,6805.71037771832,1804.40980344548,13
3.93,6777.68927190524,1817.04730698329,13
3.94,6749.59429498552,1829.64497337995,13
3.95,6721.42807568371,1842.20041886622,13
3.96,6693.19326604343,1854.71125754526,13
3.97,6664.89254035966,1867.17510253699,13
3.98,6636.52859409359,1879.58956713015,13
3.99,6608.10414277073,1891.9522659412,13
4,6579.62192086349,1904.2608160788,13
4.01,6551.08468065895,1916.51283831285,13
4.02,6522.49519111311,1928.70595824689,13
4.03,6493.8562366925,1940.83780749288,13
4.04,6465.17061620426,1952.90602484708,13
4.05,6436.44114161574,1964.90825746589,13
4.06,6407.67063686479,1976.84216204064,13
4.07,6378.86193666168,1988.70540597003,13
4.08,6350.01788528393,2000.49566852916,13
4.09,6321.14133536513,2012.21064203393,13
4.1,6292.23514667875,2023.84803299974,13
4.11,6263.30218491832,2035.40556329327,13
4.12,6234.34532047485,2046.88097127627,13
4.13,6205.36742721286,2058.2720129402,13
4.14,6176.37138124599,2069.57646303056,13
4.15,6147.36005971348,2080.79211615992,13
4.16,6118.33633955849,2091.91678790842,13
4.17,6089.30309630956,2102.9483159108,13
4.18,6060.2632028662,2113.88456092877,13
4.19,6031.21952828981,2124.72340790778,13
4.2,6002.17493660099,2135.46276701716,13
4.21,5973.13228558431,2146.10057467258,13
4.22,5944.09442560174,2156.6347945399,13
4.23,5915.06419841561,2167.06341851948,13
4.24,5886.0444360223,2177.38446771,13
4.25,5857.0379594976,2187.5959933509,13
4.26,5828.04757785484,2197.69607774264,13
4.27,5799.0760869166,2207.68283514385,13
4.28,5770.12626820114,2217.55441264467,13
4.29,5741.20088782439,2227.30899101548,13
4.3,5712.30269541843,2236.9447855303,13
4.31,5683.43442306727,2246.46004676411,13
4.32,5654.59878426099,2255.85306136356,13
4.33,5625.79847286875,2265.12215279035,13
4.34,5597.03616213174,2274.26568203674,13
4.35,5568.31450367667,2283.28204831258,13
4.36,5539.63612655063,2292.16968970356,13
4.37,5511.00363627787,2300.92708379992,13
4.38,5482.41961393932,2309.55274829547,13
4.39,5453.88661527539,2318.04524155639,13
4.4,5425.40716981263,2326.40316315947,13
4.41,5396.98378001487,2334.62515439959,13
4.42,5368.61892045926,2342.7098987661,13
4.43,5340.31503703777,2350.65612238787,13
4.44,5312.0745461846,2358.46259444692,13
4.45,5283.89983412987,2366.12812756037,13
4.46,5255.79325617989,2373.65157813077,13
4.47,5227.75713602452,2381.03184666461,13
4.48,5199.79376507178,2388.26787805906,13
4.49,5171.90540181001,2395.35866185698,13
4.5,5144.09427119775,2402.30323247025,13
4.51,5116.36256408167,2409.10066937145,13
4.52,5088.71243664253,2415.75009725416,13
4.53,5061.14600986934,2422.25068616196,13
4.54,5033.6653690619,2428.60165158633,13
4.55,5006.27256336158,2434.80225453376,13
4.56,4978.96960531053,2440.85180156233,13
4.57,4951.75847043911,2446.74964478802,13
4.58,4924.64109688169,2452.49518186119,13
4.59,4897.61938502056,2458.08785591346,13
4.6,4870.69519715784,2463.52715547558,13
4.61,4843.87035721541,2468.81261436657,13
4.62,4817.14665046245,2473.94381155468,13
4.63,4790.52582327047,2478.9203709906,13
4.64,4764.00958289568,2483.74196141345,13
4.65,4737.59959728827,2488.40829613019,13
4.66,4711.29749492842,2492.91913276879,13
4.67,4685.10486468869,2497.27427300597,13
4.68,4659.02325572238,2501.47356226992,13
4.69,4633.05417737766,2505.51688941883,13
4.7,4607.19909913688,2509.40418639564,13
4.71,4581.45945058077,2513.13542785984,13
4.72,4555.83662137711,2516.71063079687,13
4.73,4530.33196129333,2520.12985410592,13
4.74,4504.94678023268,2523.39319816672,13
4.75,4479.68234829336,2526.50080438608,13
4.76,4454.53989585029,2529.45285472485,13
4.77,4429.52061365884,2532.24957120614,13
4.78,4404.62565298002,2534.89121540535,13
4.79,4379.85612572672,2537.37808792295,13
4.8,4355.2131046303,2539.71052784053,13
4.81,4330.69762342703,2541.88891216115,13
4.82,4306.31067706383,2543.91365523437,13
4.83,4282.0532219227,2545.78520816713,13
4.84,4257.92617606327,2547.50405822088,13
4.85,4233.93041948292,2549.07072819584,13
4.86,4210.06679439375,2550.48577580326,13
4.87,4186.336105516,2551.7497930262,13
4.88,4162.73912038713,2552.86340546971,13
4.89,4139.27656968606,2553.82727170115,13
4.9,4115.94914757195,2554.64208258128,13
4.91,4092.75751203691,2555.308560587,13
4.92,4069.70228527204,2555.8274591263,13
4.93,4046.78405404616,2556.19956184619,13
4.94,4024.00337009673,2556.42568193436,13
4.95,4001.36075053222,2556.5066614152,13
4.96,3978.8566782455,2556.44337044084,13
4.97,3956.49160233751,2556.23670657796,13
4.98,3934.26593855074,2555.88759409094,13
4.99,3912.18006971187,2555.39698322204,13
5,3890.23434618304,2554.76584946926,13
5.01,3868.42908632119,2553.9951928624,13
5.02,3846.76457694484,2553.08603723811,13
5.03,3825.24107380792,2552.03942951429,13
5.04,3803.8588020799,2550.85643896459,13
5.05,3782.61795683186,2549.53815649354,13
5.06,3761.51870352792,2548.08569391274,13
5.07,3740.56117852149,2546.50018321882,13
5.08,3719.74548955584,2544.78277587355,13
5.09,3699.07171626861,2542.93464208667,13
5.1,3678.53991069962,2540.95697010185,13
5.11,3658.15009780155,2538.85096548633,13
5.12,3637.90227595318,2536.61785042468,13
5.13,3617.79641747451,2534.25886301704,13
5.14,3597.83246914349,2531.77525658233,13
5.15,3578.01035271391,2529.1682989668,13
5.16,3558.32996543397,2526.43927185836,13
5.17,3538.79118056521,2523.58947010693,13
5.18,3519.39384790137,2520.62020105135,13
5.19,3500.13779428677,2517.532783853,13
5.2,3481.02282413399,2514.32854883658,13
5.21,3462.04871994031,2511.00883683827,13
5.22,3443.21524280268,2507.5749985617,13
5.23,3424.52213293091,2504.02839394174,13
5.24,3405.96911015873,2500.37039151667,13
5.25,3387.55587445234,2496.60236780878,13
5.26,3369.28210641635,2492.72570671364,13
5.27,3351.14746779664,2488.7417988984,13
5.28,3333.15160198004,2484.65204120907,13
5.29,3315.29413449037,2480.45783608722,13
5.3,3297.57467348084,2476.16059099609,13
5.31,3279.99281022241,2471.76171785635,13
5.32,3262.54811958791,2467.26263249164,13
5.33,3245.24016053182,2462.66475408396,13
5.34,3228.06847656535,2457.96950463916,13
5.35,3211.03259622677,2453.17830846248,13
5.36,3194.13203354675,2448.29259164431,13
5.37,3177.36628850857,2443.3137815563,13
5.38,3160.73484750299,2438.24330635772,13
5.39,3144.23718377777,2433.08259451234,13
5.4,3127.87275788148,2427.83307431572,13
5.41,3111.64101810173,2422.49617343299,13
5.42,3095.54140089752,2417.07331844716,13
5.43,3079.57333132567,2411.56593441796,13
5.44,3063.73622346128,2405.97544445124,13
5.45,3048.02948081196,2400.30326927887,13
5.46,3032.45249672602,2394.55082684918,13
5.47,3017.00465479426,2388.7195319279,13
5.48,3001.68532924553,2382.81079570956,13
5.49,2986.49388533586,2376.82602543933,13
5.5,2971.42967973112,2370.76662404525,13
5.51,2956.4920608833,2364.63398978078,13
5.52,2941.68036940017,2358.42951587762,13
5.53,2926.99393840847,2352.15459020878,13
5.54,2912.43209391054,2345.8105949617,13
5.55,2897.99415513431,2339.39890632154,13
5.56,2883.67943487675,2332.92089416431,13
5.57,2869.48723984076,2326.37792176002,13
5.58,2855.4168709654,2319.77134548548,13
5.59,2841.46762374956,2313.10251454691,13
5.6,2827.63878856913,2306.37277071205,13
5.61,2813.92965098751,2299.58344805176,13
5.62,2800.33949205968,2292.73587269104,13
5.63,2786.8675886297,2285.8313625692,13
5.64,2773.51321362181,2278.87122720923,13
5.65,2760.27563632502,2271.85676749616,13
5.66,2747.15412267138,2264.78927546429,13
5.67,2734.14793550779,2257.67003409314,13
5.68,2721.25633486164,2250.50031711208,13
5.69,2708.47857820005,2243.28138881343,13
5.7,2695.81392068299,2236.01450387384,13
5.71,2683.26161541023,2228.70090718398,13
5.72,2670.82091366221,2221.34183368627,13
5.73,2658.49106513478,2213.93850822052,13
5.74,2646.27131816815,2206.49214537739,13
5.75,2634.16091996974,2199.0039493595,13
5.76,2622.15911683133,2191.47511385002,13
5.77,2610.26515434039,2183.9068218887,13
5.78,2598.47827758568,2176.300245755,13
5.79,2586.7977313573,2168.65654685842,13
5.8,2575.22276034114,2160.97687563565,13
5.81,2563.75260930781,2153.26237145459,13
5.82,2552.38652329632,2145.51416252497,13
5.83,2541.12374779223,2137.73336581546,13
5.84,2529.96352890076,2129.92108697712,13
5.85,2518.90511351456,2122.07842027313,13
5.86,2507.94774947659,2114.20644851445,13
5.87,2497.09068573776,2106.30624300152,13
5.88,2486.33317250989,2098.37886347169,13
5.89,2475.67446141366,2090.42535805224,13
5.9,2465.1138056219,2082.44676321899,13
5.91,2454.65045999815,2074.44410376017,13
5.92,2444.28368123066,2066.41839274557,13
5.93,2434.0127279619,2058.37063150073,13
5.94,2423.83686091358,2050.3018095861,13
5.95,2413.75534300743,2042.21290478099,13
5.96,2403.76743948159,2034.1048830722,13
5.97,2393.87241800297,2025.97869864719,13
5.98,2384.06954877539,2017.83529389169,13
5.99,2374.35810464382,2009.67559939152,13
6,2364.73736119457,2001.50053393869,13
6.01,2355.20659685172,1993.3110045414,13
6.02,2345.76509296979,1985.10790643803,13
6.03,2336.41213392262,1976.89212311492,13
6.04,2327.1470071888,1968.66452632775,13
6.05,2317.96900343338,1960.4259761265,13
6.06,2308.87741658629,1952.17732088391,13
6.07,2299.87154391735,1943.91939732714,13
6.08,2290.95068610787,1935.65303057271,13
6.09,2282.11414731921,1927.37903416449,13
6.1,2273.36123525803,1919.09821011475,13
6.11,2264.69126123859,1910.81134894794,13
6.12,2256.10354024198,1902.51922974742,13
6.13,2247.59739097245,1894.22262020469,13
6.14,2239.17213591086,1885.92227667134,13
6.15,2230.82710136542,1877.61894421333,13
6.16,2222.56161751962,1869.31335666771,13
6.17,2214.37501847758,1861.00623670165,13
6.18,2206.26664230679,1852.69829587352,13
6.19,2198.23583107839,1844.39023469624,13
6.2,2190.28193090493,1836.08274270243,13
6.21,2182.40429197583,1827.77649851163,13
6.22,2174.60226859045,1819.47216989929,13
6.23,2166.87521918897,1811.17041386745,13
6.24,2159.22250638104,1802.87187671716,13
6.25,2151.64349697233,1794.57719412241,13
6.26,2144.13756198898,1786.28699120564,13
6.27,2136.70407670006,1778.00188261455,13
6.28,2129.34242063806,1769.72247260041,13
6.29,2122.0519776175,1761.4493550975,13
6.3,2114.83213575168,1753.18311380387,13
6.31,2107.68228746766,1744.92432226314,13
6.32,2100.60182951949,1736.67354394745,13
6.33,2093.59016299978,1728.43133234137,13
6.34,2086.64669334961,1720.19823102671,13
6.35,2079.77083036688,1711.97477376829,13
6.36,2072.96198821315,1703.76148460045,13
6.37,2066.21958541892,1695.55887791437,13
6.38,2059.54304488759,1687.36745854602,13
6.39,2052.93179389793,1679.18772186483,13
6.4,2046.38526410527,1671.02015386285,13
6.41,2039.90289154135,1662.86523124458,13
6.42,2033.48411661298,1654.72342151712,13
6.43,2027.12838409935,1646.59518308089,13
6.44,2020.83514314839,1638.48096532066,13
6.45,2014.60384727173,1630.38120869693,13
6.46,2008.43395433884,1622.29634483758,13
6.47,2002.3249265699,1614.22679662987,13
6.48,1996.27623052776,1606.1729783125,13
6.49,1990.28733710895,1598.13529556791,13
6.5,1984.35772153364,1590.11414561474,13
6.51,1978.48686333482,1582.10991730027,13
6.52,1972.67424634651,1574.12299119301,13
6.53,1966.91935869118,1566.15373967526,13
6.54,1961.22169276637,1558.20252703561,13
6.55,1955.58074523048,1550.26970956145,13
6.56,1949.99601698793,1542.35563563132,13
6.57,1944.46701317345,1534.46064580724,13
6.58,1938.99324313587,1526.58507292674,13
6.59,1933.57422042109,1518.72924219486,13
6.6,1928.20946275451,1510.89347127582,13
6.61,1922.89849202288,1503.07807038453,13
6.62,1917.64083425553,1495.28334237783,13
6.63,1912.43601960504,1487.50958284538,13
6.64,1907.28358232748,1479.75708020029,13
6.65,1902.18306076204,1472.02611576945,13
6.66,1897.13399731027,1464.31696388341,13
6.67,1892.13593841486,1456.62989196595,13
6.68,1887.18843453792,1448.96516062322,13
6.69,1882.29104013896,1441.32302373248,13
6.7,1877.44331365243,1433.70372853041,13
6.71,1872.64481746489,1426.10751570091,13
6.72,1867.89511789187,1418.5346194625,13
6.73,1863.19378515437,1410.98526765517,13
6.74,1858.54039335508,1403.45968182679,13
6.75,1853.93452045434,1395.95807731893,13
6.76,1849.37574824574,1388.48066335219,13
6.77,1844.86366233158,1381.02764311099,13
6.78,1840.39785209804,1373.59921382776,13
6.79,1835.97791069008,1366.1955668666,13
6.8,1831.60343498629,1358.81688780634,13
6.81,1827.27402557337,1351.463356523,13
6.82,1822.98928672058,1344.13514727167,13
6.83,1818.74882635395,1336.83242876774,13
6.84,1814.55225603037,1329.55536426754,13
6.85,1810.39919091159,1322.30411164834,13
6.86,1806.289249738,1315.07882348771,13
6.87,1802.22205480243,1307.87964714223,13
6.88,1798.19723192376,1300.70672482556,13
6.89,1794.21441042051,1293.56019368583,13
6.9,1790.27322308429,1286.44018588241,13
6.91,1786.37330615329,1279.34682866194,13
6.92,1782.51429928564,1272.28024443372,13
6.93,1778.69584553273,1265.2405508445,13
6.94,1774.91759131258,1258.22786085241,13
6.95,1771.17918638311,1251.24228280038,13
6.96,1767.48028381544,1244.28392048874,13
6.97,1763.82053996718,1237.35287324722,13
6.98,1760.19961445571,1230.44923600621,13
6.99,1756.61717013152,1223.5730993673,13
7,1753.07287305152,1216.72454967318,13
7.01,1749.56639245243,1209.90366907677,13
7.02,1746.09740072416,1203.11053560972,13
7.03,1742.66557338329,1196.34522325015,13
7.04,1739.27058904655,1189.60780198971,13
7.05,1735.91212940438,1182.89833789994,13
7.06,1732.5898791946,1176.2168931979,13
7.07,1729.30352617603,1169.56352631115,13
7.08,1726.05276110235,1162.93829194195,13
7.09,1722.83727769589,1156.34124113083,13
7.1,1719.6567726216,1149.77242131942,13
7.11,1716.51094546112,1143.23187641258,13
7.12,1713.39949868683,1136.71964683987,13
7.13,1710.32213763617,1130.23576961626,13
7.14,1707.27857048595,1123.78027840218,13
7.15,1704.26850822679,1117.35320356292,13
7.16,1701.29166463769,1110.95457222724,13
7.17,1698.34775626075,1104.58440834539,13
7.18,1695.43650237593,1098.24273274639,13
7.19,1692.55762497602,1091.92956319461,13
7.2,1689.71084874168,1085.64491444577,13
7.21,1686.89590101664,1079.38879830213,13
7.22,1684.11251178303,1073.1612236671,13
7.23,1681.36041363685,1066.96219659916,13
7.24,1678.63934176358,1060.79172036508,13
7.25,1675.94903391391,1054.64979549255,13
7.26,1673.28923037965,1048.53641982205,13
7.27,1670.65967396979,1042.45158855815,13
7.28,1668.06010998663,1036.39529432013,13
7.29,1665.49028620222,1030.36752719197,13
7.3,1662.94995283476,1024.36827477163,13
7.31,1660.43886252532,1018.39752221979,13
7.32,1657.9567703146,1012.4552523079,13
7.33,1655.50343361995,1006.5414454656,13
7.34,1653.07861221243,1000.65607982752,13
7.35,1650.68206819417,994.799131279479,13
7.36,1648.31356597576,988.970573504052,13
7.37,1645.9728722539,983.170378025521,13
7.38,1643.65975598914,977.398514254231,13
7.39,1641.37398838386,971.654949530343,13
7.4,1639.11534286035,965.939649166989,13
7.41,1636.88359503911,960.252576492831,13
7.42,1634.67852271725,954.593692894044,13
7.43,1632.49990584713,948.962957855706,13
7.44,1630.34752651514,943.360329002621,13
7.45,1628.22116892062,937.785762139571,13
7.46,1626.12061935498,932.239211290988,13
7.47,1624.045666181,926.720628740084,13
7.48,1621.99609981226,921.22996506741,13
7.49,1619.97171269278,915.767169188877,13
7.5,1617.97229927679,910.33218839322,13
7.51,1615.99765600871,904.924968378927,13
7.52,1614.04758130325,899.545453290636,13
7.53,1612.12187552576,894.193585754998,13
7.54,1610.22034097263,888.869306916014,13
7.55,1608.34278185199,883.572556469857,13
7.56,1606.48900426446,878.303272699181,13
7.57,1604.65881618417,873.061392506912,13
7.58,1602.85202743987,867.846851449547,13
7.59,1601.06844969623,862.659583769948,13
7.6,1599.30789643537,857.499522429644,13
7.61,1597.57018293843,852.366599140645,13
7.62,1595.85512626744,847.260744396774,13
7.63,1594.16254524724,842.181887504526,13
7.64,1592.49226044766,837.12995661344,13
7.65,1590.84409416581,832.104878746026,13
7.66,1589.21787040852,827.106579827212,13
7.67,1587.61341487503,822.134984713338,13
7.68,1586.0305549397,817.190017220709,13
7.69,1584.46911963505,812.271600153687,13
7.7,1582.92893963479,807.379655332351,13
7.71,1581.40984723716,802.514103619718,13
7.72,1579.91167634833,797.674864948531,13
7.73,1578.43426246598,792.861858347624,13
7.74,1576.97744266309,788.075001967864,13
7.75,1575.5410555718,783.314213107677,13
7.76,1574.1249413675,778.57940823816,13
7.77,1572.72894175303,773.870503027795,13
7.77931962402032,1571.44589295412,769.505221924749,13
0,9990,10,14
0.01,9989.76100986865,10.1508738469335,14
0.02,9989.51852988453,10.3040177834448,14
0.03,9989.2725075764,10.4594657811656,14
0.04,9989.02288969485,10.6172523134706,14
0.05,9988.7696221993,10.7774123638348,14
0.06,9988.51265024677,10.9399814329904,14
0.07,9988.25191817994,11.10499554658,14
0.08,9987.98736951502,11.2724912628599,14
0.09,9987.71894693041,11.4425056799608,14
0.1,9987.44659225407,11.6150764439584,14
0.11,9987.17024645121,11.7902417567059,14
0.12,9986.88984961178,11.9680403838222,14
0.13,9986.60534093774,12.1485116627994,14
0.14,9986.31665873019,12.3316955112135,14
0.15,9986.0237403763,12.5176324350473,14
0.16,9985.72652233607,12.7063635371294,14
0.17,9985.42494012889,12.8979305256842,14
0.18,9985.1189283199,13.0923757229986,14
0.19,9984.80842050625,13.2897420742031,14
0.2,9984.49334930306,13.4900731561722,14
0.21,9984.17364632923,13.6934131865427,14
0.22,9983.8492421931,13.8998070328533,14
0.23,9983.52006647784,14.1093002218053,14
0.24,9983.18604772668,14.3219389486459,14
0.25,9982.84711342794,14.5377700866772,14
0.26,9982.50318999986,14.7568411968898,14
0.27,9982.15420277519,14.9792005377237,14
0.28,9981.8000759856,15.2048970749584,14
0.29,9981.44073274588,15.4339804917318,14
0.3,9981.07609503792,15.6665011986912,14
0.31,9980.70608369446,15.9025103442763,14
0.32,9980.33061838264,16.142059825137,14
0.33,9979.94961758734,16.3852022966854,14
0.34,9979.56299859424,16.631991183786,14
0.35,9979.17067747273,16.882480691583,14
0.36,9978.77256905853,17.1367258164676,14
0.37,9978.36858693613,17.3947823571862,14
0.38,9977.95864342093,17.6567069260913,14
0.39,9977.5426495412,17.9225569605355,14
0.4,9977.12051501981,18.1923907344113,14
0.41,9976.69214825565,18.4662673698373,14
0.42,9976.25745630483,18.744246848992,14
0.43,9975.81634486174,19.0263900260974,14
0.44,9975.36871823967,19.3127586395533,14
0.45,9974.91447935132,19.6034153242233,14
0.46,9974.45352968902,19.8984236238745,14
0.47,9973.98576930468,20.1978480037725,14
0.48,9973.51109678947,20.5017538634321,14
0.49,9973.02940925324,20.8102075495252,14
0.5,9972.54060230374,21.1232763689492,14
0.51,9972.04457002547,21.4410286020535,14
0.52,9971.5412049583,21.7635335160296,14
0.53,9971.03039807586,22.0908613784627,14
0.54,9970.5120387636,22.4230834710482,14
0.55,9969.98601479657,22.7602721034736,14
0.56,9969.45221231694,23.1025006274673,14
0.57,9968.91051581127,23.4498434510148,14
0.58,9968.36080808738,23.8023760527453,14
0.59,9967.80297025108,24.1601749964877,14
0.6,9967.23688168249,24.5233179459991,14
0.61,9966.66242001208,24.891883679866,14
0.62,9966.07946109652,25.2659521065792,14
0.63,9965.48787899405,25.6456042797844,14
0.64,9964.88754593972,26.030922413709,14
0.65,9964.27833232021,26.4219898987663,14
0.66,9963.6601066484,26.8188913173378,14
0.67,9963.03273553759,27.2217124597358,14
0.68,9962.39608367544,27.6305403403455,14
0.69,9961.7500137976,28.0454632139497,14
0.7,9961.09438666094,28.4665705922348,14
0.71,9960.42906101661,28.8939532604808,14
0.72,9959.75389358261,29.3277032944354,14
0.73,9959.06873901615,29.7679140773723,14
0.74,9958.37344988565,30.2146803173366,14
0.75,9957.66787664239,30.6680980645752,14
0.76,9956.95186759184,31.1282647291552,14
0.77,9956.22526886467,31.59527909877,14
0.78,9955.4879243874,32.0692413567332,14
0.79,9954.73967585273,32.550253100162,14
0.8,9953.98036268951,33.0384173583497,14
0.81,9953.20982203237,33.5338386113274,14
0.82,9952.42788869105,34.0366228086168,14
0.83,9951.63439511927,34.5468773881724,14
0.84,9950.82917138341,35.0647112955144,14
0.85,9950.01204513067,35.5902350030533,14
0.86,9949.18284155704,36.1235605296035,14
0.87,9948.34138337476,36.6648014600896,14
0.88,9947.48749077955,37.2140729654415,14
0.89,9946.62098141742,37.7714918226817,14
0.9,9945.74167035112,38.3371764352014,14
0.91,9944.84937002624,38.9112468532278,14
0.92,9943.94389023699,39.4938247944796,14
0.93,9943.02503809151,40.0850336650124,14
0.94,9942.09261797696,40.684998580252,14
0.95,9941.14643152408,41.293846386215,14
0.96,9940.18627757157,41.9117056809168,14
0.97,9939.21195212992,42.5387068359647,14
0.98,9938.22324834501,43.1749820183358,14
0.99,9937.21995646128,43.8206652123385,14
1,9936.20186378454,44.4758922417564,14
1.01,9935.16875464441,45.140800792172,14
1.02,9934.12041035639,45.8155304334708,14
1.03,9933.0566091836,46.5002226425215,14
1.04,9931.97712629808,47.1950208260328,14
1.05,9930.8817337418,47.9000703435829,14
1.06,9929.77020038722,48.6155185308209,14
1.07,9928.64229189759,49.3415147228368,14
1.08,9927.49777068676,50.0782102776982,14
1.09,9926.33639587871,50.8257586001512,14
1.1,9925.15792326674,51.5843151654813,14
1.11,9923.96210527217,52.3540375435336,14
1.12,9922.74869090284,53.1350854228868,14
1.13,9921.51742571112,53.9276206351791,14
1.14,9920.26805175165,54.7318071795815,14
1.15,9919.00030753869,55.5478112474154,14
1.16,9917.7139280031,56.3758012469102,14
1.17,9916.40864444903,57.2159478280964,14
1.18,9915.0841845102,58.0684239078299,14
1.19,9913.74027210587,58.9334046949431,14
1.2,9912.3766273965,59.8110677155177,14
1.21,9910.992966739,60.7015928382734,14
1.22,9909.58900264171,61.6051623000684,14
1.23,9908.16444371904,62.5219607315041,14
1.24,9906.71899464577,63.4521751826305,14
1.25,9905.2523561111,64.3959951487435,14
1.26,9903.76422477224,65.3536125962693,14
1.27,9902.25429320789,66.3252219887281,14
1.28,9900.72224987128,67.3110203127709,14
1.29,9899.16777904293,68.3112071042809,14
1.3,9897.59056078323,69.3259844745324,14
1.31,9895.99027088459,70.355557136399,14
1.32,9894.36658082344,71.4001324306026,14
1.33,9892.71915771192,72.4599203519938,14
1.34,9891.04766424929,73.5351335758564,14
1.35,9889.35175867314,74.6259874842236,14
1.36,9887.63109471035,75.7327001921991,14
1.37,9885.8853215278,76.8554925742703,14
1.38,9884.11408368291,77.9945882906045,14
1.39,9882.31702107389,79.1502138133162,14
1.4,9880.49376888994,80.3225984526946,14
1.41,9878.64395756109,81.5119743833781,14
1.42,9876.76721270802,82.7185766704657,14
1.43,9874.86315509161,83.9426432955497,14
1.44,9872.93140056244,85.184415182659,14
1.45,9870.9715600101,86.4441362240967,14
1.46,9868.9832393124,87.7220533061604,14
1.47,9866.96603928445,89.018416334728,14
1.48,9864.91955562773,90.3334782606954,14
1.49,9862.84337887902,91.6674951052495,14
1.5,9860.73709435931,93.0207259849602,14
1.51,9858.60028212266,94.3934331366753,14
1.52,9856.43251690506,95.7858819421993,14
1.53,9854.23336807328,97.1983409527403,14
1.54,9852.00239957376,98.6310819131037,14
1.55,9849.73916988151,100.084379785616,14
1.56,9847.44323194915,101.558512773758,14
1.57,9845.1141331559,103.053762345487,14
1.58,9842.75141525687,104.570413256221,14
1.59,9840.35461433227,106.108753571483,14
1.6,9837.92326073696,107.669074689152,14
1.61,9835.45687905008,109.251671361326,14
1.62,9832.95498802493,110.856841715759,14
1.63,9830.41710053907,112.484887276847,14
1.64,9827.84272354466,114.136112986145,14
1.65,9825.23135801918,115.810827222387,14
1.66,9822.58249891635,117.509341820973,14
1.67,9819.89563511753,119.23197209291,14
1.68,9817.17024938337,120.97903684317,14
1.69,9814.40581830603,122.750858388438,14
1.7,9811.60181226173,124.547762574221,14
1.71,9808.75769536381,126.370078791281,14
1.72,9805.8729254164,128.218139991378,14
1.73,9802.9469538685,130.092282702264,14
1.74,9799.97922576882,131.992847041926,14
1.75,9796.96917972109,133.920176732013,14
1.76,9793.91624784023,135.874619110434,14
1.77,9790.81985570905,137.856525143088,14
1.78,9787.67942233587,139.866249434676,14
1.79,9784.49436011285,141.904150238577,14
1.8,9781.26407477518,143.970589465729,14
1.81,9777.98796536122,146.065932692497,14
1.82,9774.66542417354,148.190549167468,14
1.83,9771.29583674092,150.344811817144,14
1.84,9767.8785817815,152.529097250487,14
1.85,9764.41303116689,154.743785762273,14
1.86,9760.89854988756,156.989261335205,14
1.87,9757.3344960193,159.265911640756,14
1.88,9753.72022069104,161.574128038673,14
1.89,9750.05506805395,163.914305575113,14
1.9,9746.33837525186,166.286842979354,14
1.91,9742.56947239324,168.692142659035,14
1.92,9738.74768252448,171.130610693872,14
1.93,9734.87232160492,173.602656827799,14
1.94,9730.9426984834,176.108694459485,14
1.95,9726.95811487647,178.649140631169,14
1.96,9722.9178653484,181.224416015758,14
1.97,9718.82123729302,183.834944902139,14
1.98,9714.66751091739,186.481155178643,14
1.99,9710.45595922751,189.163478314597,14
2,9706.18584801597,191.882349339924,14
2.01,9701.85643585179,194.63820682271,14
2.02,9697.46697407239,197.431492844691,14
2.03,9693.01670677787,200.262652974594,14
2.04,9688.50487082754,203.132136239263,14
2.05,9683.93069583902,206.040395092522,14
2.06,9679.29340418967,208.987885381691,14
2.07,9674.59221102072,211.975066311701,14
2.08,9669.82632424408,215.002400406741,14
2.09,9664.99494455179,218.070353469358,14
2.1,9660.09726542844,221.179394536962,14
2.11,9655.13247316648,224.32999583564,14
2.12,9650.09974688454,227.522632731232,14
2.13,9644.99825854889,230.757783677582,14
2.14,9639.82717299806,234.035930161902,14
2.15,9634.58564797091,237.357556647163,14
2.16,9629.27283413789,240.723150511456,14
2.17,9623.88787513599,244.133201984232,14
2.18,9618.42990760722,247.588204079356,14
2.19,9612.89806124074,251.088652524896,14
2.2,9607.29145881892,254.63504568957,14
2.21,9601.60921626718,258.227884505765,14
2.22,9595.8504427079,261.867672389073,14
2.23,9590.0142405185,265.554915154238,14
2.24,9584.09970539362,269.290120927454,14
2.25,9578.10592641178,273.073800054927,14
2.26,9572.03198610633,276.906465007624,14
2.27,9565.87696054111,280.788630282122,14
2.28,9559.63991939061,284.720812297495,14
2.29,9553.31992602506,288.703529288132,14
2.3,9546.91603760032,292.737301192433,14
2.31,9540.42730515273,296.822649537276,14
2.32,9533.85277369922,300.960097318205,14
2.33,9527.19148234246,305.150168875227,14
2.34,9520.44246438156,309.393389764161,14
2.35,9513.60474742802,313.690286623453,14
2.36,9506.67735352742,318.041387036376,14
2.37,9499.6592992867,322.447219388532,14
2.38,9492.5495960073,326.908312720593,14
2.39,9485.3472498242,331.425196576189,14
2.4,9478.05126185097,335.998400844871,14
2.41,9470.66062833104,340.628455600086,14
2.42,9463.17434079515,345.315890932063,14
2.43,9455.59138622528,350.061236775571,14
2.44,9447.91074722496,354.865022732443,14
2.45,9440.13140219629,359.727777888835,14
2.46,9432.25232552363,364.650030627104,14
2.47,9424.27248776411,369.632308432292,14
2.48,9416.19085584511,374.675137693103,14
2.49,9408.00639326877,379.779043497346,14
2.5,9399.71806032365,384.944549421762,14
2.51,9391.32481430365,390.172177316191,14
2.52,9382.82560973431,395.46244708202,14
2.53,9374.21939860654,400.815876444848,14
2.54,9365.50513061795,406.232980721346,14
2.55,9356.68175342175,411.714272580236,14
2.56,9347.74821288353,417.260261797364,14
2.57,9338.70345334576,422.871455004828,14
2.58,9329.54641790024,428.548355434116,14
2.59,9320.27604866865,434.291462653228,14
2.6,9310.891287091,440.10127229776,14
2.61,9301.39107422245,445.978275795912,14
2.62,9291.77435103818,451.922960087423,14
2.63,9282.04005874674,457.935807336396,14
2.64,9272.18713911155,464.017294638028,14
2.65,9262.21453478103,470.167893719213,14
2.66,9252.12118962708,476.388070633057,14
2.67,9241.90604909208,482.678285447275,14
2.68,9231.56806054452,489.03899192651,14
2.69,9221.10617364313,495.470637208585,14
2.7,9210.51934070975,501.973661474707,14
2.71,9199.80651711074,508.548497613674,14
2.72,9188.9666616471,515.195570880103,14
2.73,9177.99873695326,521.915298546744,14
2.74,9166.90170990456,528.708089550922,14
2.75,9155.67455203334,535.574344135178,14
2.76,9144.31623995375,542.514453482171,14
2.77,9132.82575579511,549.52879934392,14
2.78,9121.20208764396,556.61775366548,14
2.79,9109.44422999455,563.781678203135,14
2.8,9097.55118420797,571.020924137221,14
2.81,9085.52195897962,578.335831679678,14
2.82,9073.35557081507,585.726729676479,14
2.83,9061.05104451431,593.193935205031,14
2.84,9048.60741366408,600.737753166719,14
2.85,9036.02372113843,608.358475874729,14
2.86,9023.29901960717,616.056382637316,14
2.87,9010.43237205228,623.831739336683,14
2.88,8997.42285229203,631.684798003657,14
2.89,8984.26954551268,639.615796388357,14
2.9,8970.97154880767,647.624957527048,14
2.91,8957.52797172401,655.712489305404,14
2.92,8943.93793681582,663.878584018402,14
2.93,8930.20058020472,672.123417927082,14
2.94,8916.31505214693,680.447150812427,14
2.95,8902.28051760683,688.84992552662,14
2.96,8888.09615683669,697.331867541938,14
2.97,8873.76116596249,705.893084497597,14
2.98,8859.27475757536,714.533665744805,14
2.99,8844.63616132847,723.253681890363,14
3,8829.84462453913,732.053184339109,14
3.01,8814.89941279565,740.932204835557,14
3.02,8799.79981056882,749.890755005054,14
3.03,8784.54512182747,758.928825894831,14
3.04,8769.13467065795,768.046387515298,14
3.05,8753.5678018871,777.243388381971,14
3.06,8737.84388170824,786.519755058424,14
3.07,8721.96229830997,795.875391700661,14
3.08,8705.92246250716,805.310179603328,14
3.09,8689.72380837395,814.823976748195,14
3.1,8673.36579387809,824.416617355339,14
3.11,8656.84790151633,834.08791143747,14
3.12,8640.16963895032,843.837644357879,14
3.13,8623.33053964254,853.665576392464,14
3.14,8606.33016349189,863.571442296309,14
3.15,8589.16809746815,873.554950875328,14
3.16,8571.84395624517,883.615784563446,14
3.17,8554.3573828319,893.753599005851,14
3.18,8536.70804920098,903.968022648825,14
3.19,8518.89565691416,914.258656336672,14
3.2,8500.91993774402,924.625072916299,14
3.21,8482.78065429156,935.066816849969,14
3.22,8464.47760059872,945.583403836794,14
3.23,8446.01060275565,956.174320443513,14
3.24,8427.37951950176,966.83902374512,14
3.25,8408.58424282008,977.576940975908,14
3.26,8389.62469852437,988.387469191499,14
3.27,8370.50084683813,999.269974942444,14
3.28,8351.21268296504,1010.22379395995,14
3.29,8331.76023765009,1021.24823085435,14
3.3,8312.14357773071,1032.34255882685,14
3.31,8292.36280667731,1043.50601939519,14
3.32,8272.41806512249,1054.73782213374,14
3.33,8252.30953137826,1066.0371444287,14
3.34,8232.03742194053,1077.40313124888,14
3.35,8211.60199198031,1088.83489493273,14
3.36,8191.00353582081,1100.33151499211,14
3.37,8170.24238739975,1111.89203793347,14
3.38,8149.31892071635,1123.51547709689,14
3.39,8128.23355026204,1135.20081251361,14
3.4,8106.98673143448,1146.94699078264,14
3.41,8085.57896093406,1158.75292496683,14
3.42,8064.01077714217,1170.61749450911,14
3.43,8042.28276048065,1182.53954516933,14
3.44,8020.39553375181,1194.51788898217,14
3.45,7998.34976245815,1206.55130423678,14
3.46,7976.14615510136,1218.63853547836,14
3.47,7953.78546345981,1230.77829353246,14
3.48,7931.26848284402,1242.96925555215,14
3.49,7908.59605232932,1255.21006508873,14
3.5,7885.76905496538,1267.49933218627,14
3.51,7862.7884179617,1279.83563350035,14
3.52,7839.65511284874,1292.21751244149,14
3.53,7816.37015561403,1304.64347934347,14
3.54,7792.93460681276,1317.11201165704,14
3.55,7769.34957165227,1329.62155416911,14
3.56,7745.61620005009,1342.17051924792,14
3.57,7721.73568666489,1354.75728711431,14
3.58,7697.70927090009,1367.38020613926,14
3.59,7673.53823687945,1380.0375931681,14
3.6,7649.22391339454,1392.72773387134,14
3.61,7624.7676738235,1405.44888312241,14
3.62,7600.17093602088,1418.1992654023,14
3.63,7575.43516217811,1430.97707523129,14
3.64,7550.56185865456,1443.7804776277,14
3.65,7525.55257577861,1456.60760859375,14
3.66,7500.40890761888,1469.45657562849,14
3.67,7475.13249172511,1482.3254582677,14
3.68,7449.72500883873,1495.21230865068,14
3.69,7424.18818257301,1508.11515211388,14
3.7,7398.52377906253,1521.03198781108,14
3.71,7372.73360658219,1533.96078935996,14
3.72,7346.81951513552,1546.89950551493,14
3.73,7320.78339601246,1559.84606086574,14
3.74,7294.62718131661,1572.79835656172,14
3.75,7268.35284346208,1585.75427106129,14
3.76,7241.96239464007,1598.71166090622,14
3.77,7215.45788625543,1611.66836152039,14
3.78,7188.84140833327,1624.62218803247,14
3.79,7162.11508889606,1637.57093612204,14
3.8,7135.2810933114,1650.51238288865,14
3.81,7108.34162361083,1663.44428774326,14
3.82,7081.29891778007,1676.36439332139,14
3.83,7054.15524902111,1689.27042641737,14
3.84,7026.91292498659,1702.16009893901,14
3.85,6999.57428698697,1715.03110888201,14
3.86,6972.141709171,1727.88114132336,14
3.87,6944.61759768015,1740.70786943282,14
3.88,6917.00438977744,1753.50895550194,14
3.89,6889.30455295153,1766.28205198946,14
3.9,6861.5205839965,1779.02480258255,14
3.91,6833.65500806829,1791.7348432727,14
3.92,6805.71037771832,1804.40980344548,14
3.93,6777.68927190524,1817.04730698329,14
3.94,6749.59429498552,1829.64497337995,14
3.95,6721.42807568371,1842.20041886622,14
3.96,6693.19326604343,1854.71125754526,14
3.97,6664.89254035966,1867.17510253699,14
3.98,6636.52859409359,1879.58956713015,14
3.99,6608.10414277073,1891.9522659412,14
4,6579.62192086349,1904.2608160788,14
4.01,6551.08468065895,1916.51283831285,14
4.02,6522.49519111311,1928.70595824689,14
4.03,6493.8562366925,1940.83780749288,14
4.04,6465.17061620426,1952.90602484708,14
4.05,6436.44114161574,1964.90825746589,14
4.06,6407.67063686479,1976.84216204064,14
4.07,6378.86193666168,1988.70540597003,14
4.08,6350.01788528393,2000.49566852916,14
4.09,6321.14133536513,2012.21064203393,14
4.1,6292.23514667875,2023.84803299974,14
4.11,6263.30218491832,2035.40556329327,14
4.12,6234.34532047485,2046.88097127627,14
4.13,6205.36742721286,2058.2720129402,14
4.14,6176.37138124599,2069.57646303056,14
4.15,6147.36005971348,2080.79211615992,14
4.16,6118.33633955849,2091.91678790842,14
4.17,6089.30309630956,2102.9483159108,14
4.18,6060.2632028662,2113.88456092877,14
4.19,6031.21952828981,2124.72340790778,14
4.2,6002.17493660099,2135.46276701716,14
4.21,5973.13228558431,2146.10057467258,14
4.22,5944.09442560174,2156.6347945399,14
4.23,5915.06419841561,2167.06341851948,14
4.24,5886.0444360223,2177.38446771,14
4.25,5857.0379594976,2187.5959933509,14
4.26,5828.04757785484,2197.69607774264,14
4.27,5799.0760869166,2207.68283514385,14
4.28,5770.12626820114,2217.55441264467,14
4.29,5741.20088782439,2227.30899101548,14
4.3,5712.30269541843,2236.9447855303,14
4.31,5683.43442306727,2246.46004676411,14
4.32,5654.59878426099,2255.85306136356,14
4.33,5625.79847286875,2265.12215279035,14
4.34,5597.03616213174,2274.26568203674,14
4.35,5568.31450367667,2283.28204831258,14
4.36,5539.63612655063,2292.16968970356,14
4.37,5511.00363627787,2300.92708379992,14
4.38,5482.41961393932,2309.55274829547,14
4.39,5453.88661527539,2318.04524155639,14
4.4,5425.40716981263,2326.40316315947,14
4.41,5396.98378001487,2334.62515439959,14
4.42,5368.61892045926,2342.7098987661,14
4.43,5340.31503703777,2350.65612238787,14
4.44,5312.0745461846,2358.46259444692,14
4.45,5283.89983412987,2366.12812756037,14
4.46,5255.79325617989,2373.65157813077,14
4.47,5227.75713602452,2381.03184666461,14
4.48,5199.79376507178,2388.26787805906,14
4.49,5171.90540181001,2395.35866185698,14
4.5,5144.09427119775,2402.30323247025,14
4.51,5116.36256408167,2409.10066937145,14
4.52,5088.71243664253,2415.75009725416,14
4.53,5061.14600986934,2422.25068616196,14
4.54,5033.6653690619,2428.60165158633,14
4.55,5006.27256336158,2434.80225453376,14
4.56,4978.96960531053,2440.85180156233,14
4.57,4951.75847043911,2446.74964478802,14
4.58,4924.64109688169,2452.49518186119,14
4.59,4897.61938502056,2458.08785591346,14
4.6,4870.69519715784,2463.52715547558,14
4.61,4843.87035721541,2468.81261436657,14
4.62,4817.14665046245,2473.94381155468,14
4.63,4790.52582327047,2478.9203709906,14
4.64,4764.00958289568,2483.74196141345,14
4.65,4737.59959728827,2488.40829613019,14
4.66,4711.29749492842,2492.91913276879,14
4.67,4685.10486468869,2497.27427300597,14
4.68,4659.02325572238,2501.47356226992,14
4.69,4633.05417737766,2505.51688941883,14
4.7,4607.19909913688,2509.40418639564,14
4.71,4581.45945058077,2513.13542785984,14
4.72,4555.83662137711,2516.71063079687,14
4.73,4530.33196129333,2520.12985410592,14
4.74,4504.94678023268,2523.39319816672,14
4.75,4479.68234829336,2526.50080438608,14
4.76,4454.53989585029,2529.45285472485,14
4.77,4429.52061365884,2532.24957120614,14
4.78,4404.62565298002,2534.89121540535,14
4.79,4379.85612572672,2537.37808792295,14
4.8,4355.2131046303,2539.71052784053,14
4.81,4330.69762342703,2541.88891216115,14
4.82,4306.31067706383,2543.91365523437,14
4.83,4282.0532219227,2545.78520816713,14
4.84,4257.92617606327,2547.50405822088,14
4.85,4233.93041948292,2549.07072819584,14
4.86,4210.06679439375,2550.48577580326,14
4.87,4186.336105516,2551.7497930262,14
4.88,4162.73912038713,2552.86340546971,14
4.89,4139.27656968606,2553.82727170115,14
4.9,4115.94914757195,2554.64208258128,14
4.91,4092.75751203691,2555.308560587,14
4.92,4069.70228527204,2555.8274591263,14
4.93,4046.78405404616,2556.19956184619,14
4.94,4024.00337009673,2556.42568193436,14
4.95,4001.36075053222,2556.5066614152,14
4.96,3978.8566782455,2556.44337044084,14
4.97,3956.49160233751,2556.23670657796,14
4.98,3934.26593855074,2555.88759409094,14
4.99,3912.18006971187,2555.39698322204,14
5,3890.23434618304,2554.76584946926,14
5.01,3868.42908632119,2553.9951928624,14
5.02,3846.76457694484,2553.08603723811,14
5.03,3825.24107380792,2552.03942951429,14
5.04,3803.8588020799,2550.85643896459,14
5.05,3782.61795683186,2549.53815649354,14
5.06,3761.51870352792,2548.08569391274,14
5.07,3740.56117852149,2546.50018321882,14
5.08,3719.74548955584,2544.78277587355,14
5.09,3699.07171626861,2542.93464208667,14
5.1,3678.53991069962,2540.95697010185,14
5.11,3658.15009780155,2538.85096548633,14
5.12,3637.90227595318,2536.61785042468,14
5.13,3617.79641747451,2534.25886301704,14
5.14,3597.83246914349,2531.77525658233,14
5.15,3578.01035271391,2529.1682989668,14
5.16,3558.32996543397,2526.43927185836,14
5.17,3538.79118056521,2523.58947010693,14
5.18,3519.39384790137,2520.62020105135,14
5.19,3500.13779428677,2517.532783853,14
5.2,3481.02282413399,2514.32854883658,14
5.21,3462.04871994031,2511.00883683827,14
5.22,3443.21524280268,2507.5749985617,14
5.23,3424.52213293091,2504.02839394174,14
5.24,3405.96911015873,2500.37039151667,14
5.25,3387.55587445234,2496.60236780878,14
5.26,3369.28210641635,2492.72570671364,14
5.27,3351.14746779664,2488.7417988984,14
5.28,3333.15160198004,2484.65204120907,14
5.29,3315.29413449037,2480.45783608722,14
5.3,3297.57467348084,2476.16059099609,14
5.31,3279.99281022241,2471.76171785635,14
5.32,3262.54811958791,2467.26263249164,14
5.33,3245.24016053182,2462.66475408396,14
5.34,3228.06847656535,2457.96950463916,14
5.35,3211.03259622677,2453.17830846248,14
5.36,3194.13203354675,2448.29259164431,14
5.37,3177.36628850857,2443.3137815563,14
5.38,3160.73484750299,2438.24330635772,14
5.39,3144.23718377777,2433.08259451234,14
5.4,3127.87275788148,2427.83307431572,14
5.41,3111.64101810173,2422.49617343299,14
5.42,3095.54140089752,2417.07331844716,14
5.43,3079.57333132567,2411.56593441796,14
5.44,3063.73622346128,2405.97544445124,14
5.45,3048.02948081196,2400.30326927887,14
5.46,3032.45249672602,2394.55082684918,14
5.47,3017.00465479426,2388.7195319279,14
5.48,3001.68532924553,2382.81079570956,14
5.49,2986.49388533586,2376.82602543933,14
5.5,2971.42967973112,2370.76662404525,14
5.51,2956.4920608833,2364.63398978078,14
5.52,2941.68036940017,2358.42951587762,14
5.53,2926.99393840847,2352.15459020878,14
5.54,2912.43209391054,2345.8105949617,14
5.55,2897.99415513431,2339.39890632154,14
5.56,2883.67943487675,2332.92089416431,14
5.57,2869.48723984076,2326.37792176002,14
5.58,2855.4168709654,2319.77134548548,14
5.59,2841.46762374956,2313.10251454691,14
5.6,2827.63878856913,2306.37277071205,14
5.61,2813.92965098751,2299.58344805176,14
5.62,2800.33949205968,2292.73587269104,14
5.63,2786.8675886297,2285.8313625692,14
5.64,2773.51321362181,2278.87122720923,14
5.65,2760.27563632502,2271.85676749616,14
5.66,2747.15412267138,2264.78927546429,14
5.67,2734.14793550779,2257.67003409314,14
5.68,2721.25633486164,2250.50031711208,14
5.69,2708.47857820005,2243.28138881343,14
5.7,2695.81392068299,2236.01450387384,14
5.71,2683.26161541023,2228.70090718398,14
5.72,2670.82091366221,2221.34183368627,14
5.73,2658.49106513478,2213.93850822052,14
5.74,2646.27131816815,2206.49214537739,14
5.75,2634.16091996974,2199.0039493595,14
5.76,2622.15911683133,2191.47511385002,14
5.77,2610.26515434039,2183.9068218887,14
5.78,2598.47827758568,2176.300245755,14
5.79,2586.7977313573,2168.65654685842,14
5.8,2575.22276034114,2160.97687563565,14
5.81,2563.75260930781,2153.26237145459,14
5.82,2552.38652329632,2145.51416252497,14
5.83,2541.12374779223,2137.73336581546,14
5.84,2529.96352890076,2129.92108697712,14
5.85,2518.90511351456,2122.07842027313,14
5.86,2507.94774947659,2114.20644851445,14
5.87,2497.09068573776,2106.30624300152,14
5.88,2486.33317250989,2098.37886347169,14
5.89,2475.67446141366,2090.42535805224,14
5.9,2465.1138056219,2082.44676321899,14
5.91,2454.65045999815,2074.44410376017,14
5.92,2444.28368123066,2066.41839274557,14
5.93,2434.0127279619,2058.37063150073,14
5.94,2423.83686091358,2050.3018095861,14
5.95,2413.75534300743,2042.21290478099,14
5.96,2403.76743948159,2034.1048830722,14
5.97,2393.87241800297,2025.97869864719,14
5.98,2384.06954877539,2017.83529389169,14
5.99,2374.35810464382,2009.67559939152,14
6,2364.73736119457,2001.50053393869,14
6.01,2355.20659685172,1993.3110045414,14
6.02,2345.76509296979,1985.10790643803,14
6.03,2336.41213392262,1976.89212311492,14
6.04,2327.1470071888,1968.66452632775,14
6.05,2317.96900343338,1960.4259761265,14
6.06,2308.87741658629,1952.17732088391,14
6.07,2299.87154391735,1943.91939732714,14
6.08,2290.95068610787,1935.65303057271,14
6.09,2282.11414731921,1927.37903416449,14
6.1,2273.36123525803,1919.09821011475,14
6.11,2264.69126123859,1910.81134894794,14
6.12,2256.10354024198,1902.51922974742,14
6.13,2247.59739097245,1894.22262020469,14
6.14,2239.17213591086,1885.92227667134,14
6.15,2230.82710136542,1877.61894421333,14
6.16,2222.56161751962,1869.31335666771,14
6.17,2214.37501847758,1861.00623670165,14
6.18,2206.26664230679,1852.69829587352,14
6.19,2198.23583107839,1844.39023469624,14
6.2,2190.28193090493,1836.08274270243,14
6.21,2182.40429197583,1827.77649851163,14
6.22,2174.60226859045,1819.47216989929,14
6.23,2166.87521918897,1811.17041386745,14
6.24,2159.22250638104,1802.87187671716,14
6.25,2151.64349697233,1794.57719412241,14
6.26,2144.13756198898,1786.28699120564,14
6.27,2136.70407670006,1778.00188261455,14
6.28,2129.34242063806,1769.72247260041,14
6.29,2122.0519776175,1761.4493550975,14
6.3,2114.83213575168,1753.18311380387,14
6.31,2107.68228746766,1744.92432226314,14
6.32,2100.60182951949,1736.67354394745,14
6.33,2093.59016299978,1728.43133234137,14
6.34,2086.64669334961,1720.19823102671,14
6.35,2079.77083036688,1711.97477376829,14
6.36,2072.96198821315,1703.76148460045,14
6.37,2066.21958541892,1695.55887791437,14
6.38,2059.54304488759,1687.36745854602,14
6.39,2052.93179389793,1679.18772186483,14
6.4,2046.38526410527,1671.02015386285,14
6.41,2039.90289154135,1662.86523124458,14
6.42,2033.48411661298,1654.72342151712,14
6.43,2027.12838409935,1646.59518308089,14
6.44,2020.83514314839,1638.48096532066,14
6.45,2014.60384727173,1630.38120869693,14
6.46,2008.43395433884,1622.29634483758,14
6.47,2002.3249265699,1614.22679662987,14
6.48,1996.27623052776,1606.1729783125,14
6.49,1990.28733710895,1598.13529556791,14
6.5,1984.35772153364,1590.11414561474,14
6.51,1978.48686333482,1582.10991730027,14
6.52,1972.67424634651,1574.12299119301,14
6.53,1966.91935869118,1566.15373967526,14
6.54,1961.22169276637,1558.20252703561,14
6.55,1955.58074523048,1550.26970956145,14
6.56,1949.99601698793,1542.35563563132,14
6.57,1944.46701317345,1534.46064580724,14
6.58,1938.99324313587,1526.58507292674,14
6.59,1933.57422042109,1518.72924219486,14
6.6,1928.20946275451,1510.89347127582,14
6.61,1922.89849202288,1503.07807038453,14
6.62,1917.64083425553,1495.28334237783,14
6.63,1912.43601960504,1487.50958284538,14
6.64,1907.28358232748,1479.75708020029,14
6.65,1902.18306076204,1472.02611576945,14
6.66,1897.13399731027,1464.31696388341,14
6.67,1892.13593841486,1456.62989196595,14
6.68,1887.18843453792,1448.96516062322,14
6.69,1882.29104013896,1441.32302373248,14
6.7,1877.44331365243,1433.70372853041,14
6.71,1872.64481746489,1426.10751570091,14
6.72,1867.89511789187,1418.5346194625,14
6.73,1863.19378515437,1410.98526765517,14
6.74,1858.54039335508,1403.45968182679,14
6.75,1853.93452045434,1395.95807731893,14
6.76,1849.37574824574,1388.48066335219,14
6.77,1844.86366233158,1381.02764311099,14
6.78,1840.39785209804,1373.59921382776,14
6.79,1835.97791069008,1366.1955668666,14
6.8,1831.60343498629,1358.81688780634,14
6.81,1827.27402557337,1351.463356523,14
6.82,1822.98928672058,1344.13514727167,14
6.83,1818.74882635395,1336.83242876774,14
6.84,1814.55225603037,1329.55536426754,14
6.85,1810.39919091159,1322.30411164834,14
6.86,1806.289249738,1315.07882348771,14
6.87,1802.22205480243,1307.87964714223,14
6.88,1798.19723192376,1300.70672482556,14
6.89,1794.21441042051,1293.56019368583,14
6.9,1790.27322308429,1286.44018588241,14
6.91,1786.37330615329,1279.34682866194,14
6.92,1782.51429928564,1272.28024443372,14
6.93,1778.69584553273,1265.2405508445,14
6.94,1774.91759131258,1258.22786085241,14
6.95,1771.17918638311,1251.24228280038,14
6.96,1767.48028381544,1244.28392048874,14
6.97,1763.82053996718,1237.35287324722,14
6.98,1760.19961445571,1230.44923600621,14
6.99,1756.61717013152,1223.5730993673,14
7,1753.07287305152,1216.72454967318,14
7.01,1749.56639245243,1209.90366907677,14
7.02,1746.09740072416,1203.11053560972,14
7.03,1742.66557338329,1196.34522325015,14
7.04,1739.27058904655,1189.60780198971,14
7.05,1735.91212940438,1182.89833789994,14
7.06,1732.5898791946,1176.2168931979,14
7.07,1729.30352617603,1169.56352631115,14
7.08,1726.05276110235,1162.93829194195,14
7.09,1722.83727769589,1156.34124113083,14
7.1,1719.6567726216,1149.77242131942,14
7.11,1716.51094546112,1143.23187641258,14
7.12,1713.39949868683,1136.71964683987,14
7.13,1710.32213763617,1130.23576961626,14
7.14,1707.27857048595,1123.78027840218,14
7.15,1704.26850822679,1117.35320356292,14
7.16,1701.29166463769,1110.95457222724,14
7.17,1698.34775626075,1104.58440834539,14
7.18,1695.43650237593,1098.24273274639,14
7.19,1692.55762497602,1091.92956319461,14
7.2,1689.71084874168,1085.64491444577,14
7.21,1686.89590101664,1079.38879830213,14
7.22,1684.11251178303,1073.1612236671,14
7.23,1681.36041363685,1066.96219659916,14
7.24,1678.63934176358,1060.79172036508,14
7.25,1675.94903391391,1054.64979549255,14
7.26,1673.28923037965,1048.53641982205,14
7.27,1670.65967396979,1042.45158855815,14
7.28,1668.06010998663,1036.39529432013,14
7.29,1665.49028620222,1030.36752719197,14
7.3,1662.94995283476,1024.36827477163,14
7.31,1660.43886252532,1018.39752221979,14
7.32,1657.9567703146,1012.4552523079,14
7.33,1655.50343361995,1006.5414454656,14
7.34,1653.07861221243,1000.65607982752,14
7.35,1650.68206819417,994.799131279479,14
7.36,1648.31356597576,988.970573504052,14
7.37,1645.9728722539,983.170378025521,14
7.38,1643.65975598914,977.398514254231,14
7.39,1641.37398838386,971.654949530343,14
7.4,1639.11534286035,965.939649166989,14
7.41,1636.88359503911,960.252576492831,14
7.42,1634.67852271725,954.593692894044,14
7.43,1632.49990584713,948.962957855706,14
7.44,1630.34752651514,943.360329002621,14
7.45,1628.22116892062,937.785762139571,14
7.46,1626.12061935498,932.239211290988,14
7.47,1624.045666181,926.720628740084,14
7.48,1621.99609981226,921.22996506741,14
7.49,1619.97171269278,915.767169188877,14
7.5,1617.97229927679,910.33218839322,14
7.51,1615.99765600871,904.924968378927,14
7.52,1614.04758130325,899.545453290636,14
7.53,1612.12187552576,894.193585754998,14
7.54,1610.22034097263,888.869306916014,14
7.55,1608.34278185199,883.572556469857,14
7.56,1606.48900426446,878.303272699181,14
7.57,1604.65881618417,873.061392506912,14
7.58,1602.85202743987,867.846851449547,14
7.59,1601.06844969623,862.659583769948,14
7.6,1599.30789643537,857.499522429644,14
7.61,1597.57018293843,852.366599140645,14
7.62,1595.85512626744,847.260744396774,14
7.63,1594.16254524724,842.181887504526,14
7.64,1592.49226044766,837.12995661344,14
7.65,1590.84409416581,832.104878746026,14
7.66,1589.21787040852,827.106579827212,14
7.67,1587.61341487503,822.134984713338,14
7.68,1586.0305549397,817.190017220709,14
7.69,1584.46911963505,812.271600153687,14
7.7,1582.92893963479,807.379655332351,14
7.71,1581.40984723716,802.514103619718,14
7.72,1579.91167634833,797.674864948531,14
7.73,1578.43426246598,792.861858347624,14
7.74,1576.97744266309,788.075001967864,14
7.75,1575.5410555718,783.314213107677,14
7.76,1574.1249413675,778.57940823816,14
7.77,1572.72894175303,773.870503027795,14
7.77931962402032,1571.44589295412,769.505221924749,14
0,9990,10,15
0.01,9989.76100986865,10.1508738469335,15
0.02,9989.51852988453,10.3040177834448,15
0.03,9989.2725075764,10.4594657811656,15
0.04,9989.02288969485,10.6172523134706,15
0.05,9988.7696221993,10.7774123638348,15
0.06,9988.51265024677,10.9399814329904,15
0.07,9988.25191817994,11.10499554658,15
0.08,9987.98736951502,11.2724912628599,15
0.09,9987.71894693041,11.4425056799608,15
0.1,9987.44659225407,11.6150764439584,15
0.11,9987.17024645121,11.7902417567059,15
0.12,9986.88984961178,11.9680403838222,15
0.13,9986.60534093774,12.1485116627994,15
0.14,9986.31665873019,12.3316955112135,15
0.15,9986.0237403763,12.5176324350473,15
0.16,9985.72652233607,12.7063635371294,15
0.17,9985.42494012889,12.8979305256842,15
0.18,9985.1189283199,13.0923757229986,15
0.19,9984.80842050625,13.2897420742031,15
0.2,9984.49334930306,13.4900731561722,15
0.21,9984.17364632923,13.6934131865427,15
0.22,9983.8492421931,13.8998070328533,15
0.23,9983.52006647784,14.1093002218053,15
0.24,9983.18604772668,14.3219389486459,15
0.25,9982.84711342794,14.5377700866772,15
0.26,9982.50318999986,14.7568411968898,15
0.27,9982.15420277519,14.9792005377237,15
0.28,9981.8000759856,15.2048970749584,15
0.29,9981.44073274588,15.4339804917318,15
0.3,9981.07609503792,15.6665011986912,15
0.31,9980.70608369446,15.9025103442763,15
0.32,9980.33061838264,16.142059825137,15
0.33,9979.94961758734,16.3852022966854,15
0.34,9979.56299859424,16.631991183786,15
0.35,9979.17067747273,16.882480691583,15
0.36,9978.77256905853,17.1367258164676,15
0.37,9978.36858693613,17.3947823571862,15
0.38,9977.95864342093,17.6567069260913,15
0.39,9977.5426495412,17.9225569605355,15
0.4,9977.12051501981,18.1923907344113,15
0.41,9976.69214825565,18.4662673698373,15
0.42,9976.25745630483,18.744246848992,15
0.43,9975.81634486174,19.0263900260974,15
0.44,9975.36871823967,19.3127586395533,15
0.45,9974.91447935132,19.6034153242233,15
0.46,9974.45352968902,19.8984236238745,15
0.47,9973.98576930468,20.1978480037725,15
0.48,9973.51109678947,20.5017538634321,15
0.49,9973.02940925324,20.8102075495252,15
0.5,9972.54060230374,21.1232763689492,15
0.51,9972.04457002547,21.4410286020535,15
0.52,9971.5412049583,21.7635335160296,15
0.53,9971.03039807586,22.0908613784627,15
0.54,9970.5120387636,22.4230834710482,15
0.55,9969.98601479657,22.7602721034736,15
0.56,9969.45221231694,23.1025006274673,15
0.57,9968.91051581127,23.4498434510148,15
0.58,9968.36080808738,23.8023760527453,15
0.59,9967.80297025108,24.1601749964877,15
0.6,9967.23688168249,24.5233179459991,15
0.61,9966.66242001208,24.891883679866,15
0.62,9966.07946109652,25.2659521065792,15
0.63,9965.48787899405,25.6456042797844,15
0.64,9964.88754593972,26.030922413709,15
0.65,9964.27833232021,26.4219898987663,15
0.66,9963.6601066484,26.8188913173378,15
0.67,9963.03273553759,27.2217124597358,15
0.68,9962.39608367544,27.6305403403455,15
0.69,9961.7500137976,28.0454632139497,15
0.7,9961.09438666094,28.4665705922348,15
0.71,9960.42906101661,28.8939532604808,15
0.72,9959.75389358261,29.3277032944354,15
0.73,9959.06873901615,29.7679140773723,15
0.74,9958.37344988565,30.2146803173366,15
0.75,9957.66787664239,30.6680980645752,15
0.76,9956.95186759184,31.1282647291552,15
0.77,9956.22526886467,31.59527909877,15
0.78,9955.4879243874,32.0692413567332,15
0.79,9954.73967585273,32.550253100162,15
0.8,9953.98036268951,33.0384173583497,15
0.81,9953.20982203237,33.5338386113274,15
0.82,9952.42788869105,34.0366228086168,15
0.83,9951.63439511927,34.5468773881724,15
0.84,9950.82917138341,35.0647112955144,15
0.85,9950.01204513067,35.5902350030533,15
0.86,9949.18284155704,36.1235605296035,15
0.87,9948.34138337476,36.6648014600896,15
0.88,9947.48749077955,37.2140729654415,15
0.89,9946.62098141742,37.7714918226817,15
0.9,9945.74167035112,38.3371764352014,15
0.91,9944.84937002624,38.9112468532278,15
0.92,9943.94389023699,39.4938247944796,15
0.93,9943.02503809151,40.0850336650124,15
0.94,9942.09261797696,40.684998580252,15
0.95,9941.14643152408,41.293846386215,15
0.96,9940.18627757157,41.9117056809168,15
0.97,9939.21195212992,42.5387068359647,15
0.98,9938.22324834501,43.1749820183358,15
0.99,9937.21995646128,43.8206652123385,15
1,9936.20186378454,44.4758922417564,15
1.01,9935.16875464441,45.140800792172,15
1.02,9934.12041035639,45.8155304334708,15
1.03,9933.0566091836,46.5002226425215,15
1.04,9931.97712629808,47.1950208260328,15
1.05,9930.8817337418,47.9000703435829,15
1.06,9929.77020038722,48.6155185308209,15
1.07,9928.64229189759,49.3415147228368,15
1.08,9927.49777068676,50.0782102776982,15
1.09,9926.33639587871,50.8257586001512,15
1.1,9925.15792326674,51.5843151654813,15
1.11,9923.96210527217,52.3540375435336,15
1.12,9922.74869090284,53.1350854228868,15
1.13,9921.51742571112,53.9276206351791,15
1.14,9920.26805175165,54.7318071795815,15
1.15,9919.00030753869,55.5478112474154,15
1.16,9917.7139280031,56.3758012469102,15
1.17,9916.40864444903,57.2159478280964,15
1.18,9915.0841845102,58.0684239078299,15
1.19,9913.74027210587,58.9334046949431,15
1.2,9912.3766273965,59.8110677155177,15
1.21,9910.992966739,60.7015928382734,15
1.22,9909.58900264171,61.6051623000684,15
1.23,9908.16444371904,62.5219607315041,15
1.24,9906.71899464577,63.4521751826305,15
1.25,9905.2523561111,64.3959951487435,15
1.26,9903.76422477224,65.3536125962693,15
1.27,9902.25429320789,66.3252219887281,15
1.28,9900.72224987128,67.3110203127709,15
1.29,9899.16777904293,68.3112071042809,15
1.3,9897.59056078323,69.3259844745324,15
1.31,9895.99027088459,70.355557136399,15
1.32,9894.36658082344,71.4001324306026,15
1.33,9892.71915771192,72.4599203519938,15
1.34,9891.04766424929,73.5351335758564,15
1.35,9889.35175867314,74.6259874842236,15
1.36,9887.63109471035,75.7327001921991,15
1.37,9885.8853215278,76.8554925742703,15
1.38,9884.11408368291,77.9945882906045,15
1.39,9882.31702107389,79.1502138133162,15
1.4,9880.49376888994,80.3225984526946,15
1.41,9878.64395756109,81.5119743833781,15
1.42,9876.76721270802,82.7185766704657,15
1.43,9874.86315509161,83.9426432955497,15
1.44,9872.93140056244,85.184415182659,15
1.45,9870.9715600101,86.4441362240967,15
1.46,9868.9832393124,87.7220533061604,15
1.47,9866.96603928445,89.018416334728,15
1.48,9864.91955562773,90.3334782606954,15
1.49,9862.84337887902,91.6674951052495,15
1.5,9860.73709435931,93.0207259849602,15
1.51,9858.60028212266,94.3934331366753,15
1.52,9856.43251690506,95.7858819421993,15
1.53,9854.23336807328,97.1983409527403,15
1.54,9852.00239957376,98.6310819131037,15
1.55,9849.73916988151,100.084379785616,15
1.56,9847.44323194915,101.558512773758,15
1.57,9845.1141331559,103.053762345487,15
1.58,9842.75141525687,104.570413256221,15
1.59,9840.35461433227,106.108753571483,15
1.6,9837.92326073696,107.669074689152,15
1.61,9835.45687905008,109.251671361326,15
1.62,9832.95498802493,110.856841715759,15
1.63,9830.41710053907,112.484887276847,15
1.64,9827.84272354466,114.136112986145,15
1.65,9825.23135801918,115.810827222387,15
1.66,9822.58249891635,117.509341820973,15
1.67,9819.89563511753,119.23197209291,15
1.68,9817.17024938337,120.97903684317,15
1.69,9814.40581830603,122.750858388438,15
1.7,9811.60181226173,124.547762574221,15
1.71,9808.75769536381,126.370078791281,15
1.72,9805.8729254164,128.218139991378,15
1.73,9802.9469538685,130.092282702264,15
1.74,9799.97922576882,131.992847041926,15
1.75,9796.96917972109,133.920176732013,15
1.76,9793.91624784023,135.874619110434,15
1.77,9790.81985570905,137.856525143088,15
1.78,9787.67942233587,139.866249434676,15
1.79,9784.49436011285,141.904150238577,15
1.8,9781.26407477518,143.970589465729,15
1.81,9777.98796536122,146.065932692497,15
1.82,9774.66542417354,148.190549167468,15
1.83,9771.29583674092,150.344811817144,15
1.84,9767.8785817815,152.529097250487,15
1.85,9764.41303116689,154.743785762273,15
1.86,9760.89854988756,156.989261335205,15
1.87,9757.3344960193,159.265911640756,15
1.88,9753.72022069104,161.574128038673,15
1.89,9750.05506805395,163.914305575113,15
1.9,9746.33837525186,166.286842979354,15
1.91,9742.56947239324,168.692142659035,15
1.92,9738.74768252448,171.130610693872,15
1.93,9734.87232160492,173.602656827799,15
1.94,9730.9426984834,176.108694459485,15
1.95,9726.95811487647,178.649140631169,15
1.96,9722.9178653484,181.224416015758,15
1.97,9718.82123729302,183.834944902139,15
1.98,9714.66751091739,186.481155178643,15
1.99,9710.45595922751,189.163478314597,15
2,9706.18584801597,191.882349339924,15
2.01,9701.85643585179,194.63820682271,15
2.02,9697.46697407239,197.431492844691,15
2.03,9693.01670677787,200.262652974594,15
2.04,9688.50487082754,203.132136239263,15
2.05,9683.93069583902,206.040395092522,15
2.06,9679.29340418967,208.987885381691,15
2.07,9674.59221102072,211.975066311701,15
2.08,9669.82632424408,215.002400406741,15
2.09,9664.99494455179,218.070353469358,15
2.1,9660.09726542844,221.179394536962,15
2.11,9655.13247316648,224.32999583564,15
2.12,9650.09974688454,227.522632731232,15
2.13,9644.99825854889,230.757783677582,15
2.14,9639.82717299806,234.035930161902,15
2.15,9634.58564797091,237.357556647163,15
2.16,9629.27283413789,240.723150511456,15
2.17,9623.88787513599,244.133201984232,15
2.18,9618.42990760722,247.588204079356,15
2.19,9612.89806124074,251.088652524896,15
2.2,9607.29145881892,254.63504568957,15
2.21,9601.60921626718,258.227884505765,15
2.22,9595.8504427079,261.867672389073,15
2.23,9590.0142405185,265.554915154238,15
2.24,9584.09970539362,269.290120927454,15
2.25,9578.10592641178,273.073800054927,15
2.26,9572.03198610633,276.906465007624,15
2.27,9565.87696054111,280.788630282122,15
2.28,9559.63991939061,284.720812297495,15
2.29,9553.31992602506,288.703529288132,15
2.3,9546.91603760032,292.737301192433,15
2.31,9540.42730515273,296.822649537276,15
2.32,9533.85277369922,300.960097318205,15
2.33,9527.19148234246,305.150168875227,15
2.34,9520.44246438156,309.393389764161,15
2.35,9513.60474742802,313.690286623453,15
2.36,9506.67735352742,318.041387036376,15
2.37,9499.6592992867,322.447219388532,15
2.38,9492.5495960073,326.908312720593,15
2.39,9485.3472498242,331.425196576189,15
2.4,9478.05126185097,335.998400844871,15
2.41,9470.66062833104,340.628455600086,15
2.42,9463.17434079515,345.315890932063,15
2.43,9455.59138622528,350.061236775571,15
2.44,9447.91074722496,354.865022732443,15
2.45,9440.13140219629,359.727777888835,15
2.46,9432.25232552363,364.650030627104,15
2.47,9424.27248776411,369.632308432292,15
2.48,9416.19085584511,374.675137693103,15
2.49,9408.00639326877,379.779043497346,15
2.5,9399.71806032365,384.944549421762,15
2.51,9391.32481430365,390.172177316191,15
2.52,9382.82560973431,395.46244708202,15
2.53,9374.21939860654,400.815876444848,15
2.54,9365.50513061795,406.232980721346,15
2.55,9356.68175342175,411.714272580236,15
2.56,9347.74821288353,417.260261797364,15
2.57,9338.70345334576,422.871455004828,15
2.58,9329.54641790024,428.548355434116,15
2.59,9320.27604866865,434.291462653228,15
2.6,9310.891287091,440.10127229776,15
2.61,9301.39107422245,445.978275795912,15
2.62,9291.77435103818,451.922960087423,15
2.63,9282.04005874674,457.935807336396,15
2.64,9272.18713911155,464.017294638028,15
2.65,9262.21453478103,470.167893719213,15
2.66,9252.12118962708,476.388070633057,15
2.67,9241.90604909208,482.678285447275,15
2.68,9231.56806054452,489.03899192651,15
2.69,9221.10617364313,495.470637208585,15
2.7,9210.51934070975,501.973661474707,15
2.71,9199.80651711074,508.548497613674,15
2.72,9188.9666616471,515.195570880103,15
2.73,9177.99873695326,521.915298546744,15
2.74,9166.90170990456,528.708089550922,15
2.75,9155.67455203334,535.574344135178,15
2.76,9144.31623995375,542.514453482171,15
2.77,9132.82575579511,549.52879934392,15
2.78,9121.20208764396,556.61775366548,15
2.79,9109.44422999455,563.781678203135,15
2.8,9097.55118420797,571.020924137221,15
2.81,9085.52195897962,578.335831679678,15
2.82,9073.35557081507,585.726729676479,15
2.83,9061.05104451431,593.193935205031,15
2.84,9048.60741366408,600.737753166719,15
2.85,9036.02372113843,608.358475874729,15
2.86,9023.29901960717,616.056382637316,15
2.87,9010.43237205228,623.831739336683,15
2.88,8997.42285229203,631.684798003657,15
2.89,8984.26954551268,639.615796388357,15
2.9,8970.97154880767,647.624957527048,15
2.91,8957.52797172401,655.712489305404,15
2.92,8943.93793681582,663.878584018402,15
2.93,8930.20058020472,672.123417927082,15
2.94,8916.31505214693,680.447150812427,15
2.95,8902.28051760683,688.84992552662,15
2.96,8888.09615683669,697.331867541938,15
2.97,8873.76116596249,705.893084497597,15
2.98,8859.27475757536,714.533665744805,15
2.99,8844.63616132847,723.253681890363,15
3,8829.84462453913,732.053184339109,15
3.01,8814.89941279565,740.932204835557,15
3.02,8799.79981056882,749.890755005054,15
3.03,8784.54512182747,758.928825894831,15
3.04,8769.13467065795,768.046387515298,15
3.05,8753.5678018871,777.243388381971,15
3.06,8737.84388170824,786.519755058424,15
3.07,8721.96229830997,795.875391700661,15
3.08,8705.92246250716,805.310179603328,15
3.09,8689.72380837395,814.823976748195,15
3.1,8673.36579387809,824.416617355339,15
3.11,8656.84790151633,834.08791143747,15
3.12,8640.16963895032,843.837644357879,15
3.13,8623.33053964254,853.665576392464,15
3.14,8606.33016349189,863.571442296309,15
3.15,8589.16809746815,873.554950875328,15
3.16,8571.84395624517,883.615784563446,15
3.17,8554.3573828319,893.753599005851,15
3.18,8536.70804920098,903.968022648825,15
3.19,8518.89565691416,914.258656336672,15
3.2,8500.91993774402,924.625072916299,15
3.21,8482.78065429156,935.066816849969,15
3.22,8464.47760059872,945.583403836794,15
3.23,8446.01060275565,956.174320443513,15
3.24,8427.37951950176,966.83902374512,15
3.25,8408.58424282008,977.576940975908,15
3.26,8389.62469852437,988.387469191499,15
3.27,8370.50084683813,999.269974942444,15
3.28,8351.21268296504,1010.22379395995,15
3.29,8331.76023765009,1021.24823085435,15
3.3,8312.14357773071,1032.34255882685,15
3.31,8292.36280667731,1043.50601939519,15
3.32,8272.41806512249,1054.73782213374,15
3.33,8252.30953137826,1066.0371444287,15
3.34,8232.03742194053,1077.40313124888,15
3.35,8211.60199198031,1088.83489493273,15
3.36,8191.00353582081,1100.33151499211,15
3.37,8170.24238739975,1111.89203793347,15
3.38,8149.31892071635,1123.51547709689,15
3.39,8128.23355026204,1135.20081251361,15
3.4,8106.98673143448,1146.94699078264,15
3.41,8085.57896093406,1158.75292496683,15
3.42,8064.01077714217,1170.61749450911,15
3.43,8042.28276048065,1182.53954516933,15
3.44,8020.39553375181,1194.51788898217,15
3.45,7998.34976245815,1206.55130423678,15
3.46,7976.14615510136,1218.63853547836,15
3.47,7953.78546345981,1230.77829353246,15
3.48,7931.26848284402,1242.96925555215,15
3.49,7908.59605232932,1255.21006508873,15
3.5,7885.76905496538,1267.49933218627,15
3.51,7862.7884179617,1279.83563350035,15
3.52,7839.65511284874,1292.21751244149,15
3.53,7816.37015561403,1304.64347934347,15
3.54,7792.93460681276,1317.11201165704,15
3.55,7769.34957165227,1329.62155416911,15
3.56,7745.61620005009,1342.17051924792,15
3.57,7721.73568666489,1354.75728711431,15
3.58,7697.70927090009,1367.38020613926,15
3.59,7673.53823687945,1380.0375931681,15
3.6,7649.22391339454,1392.72773387134,15
3.61,7624.7676738235,1405.44888312241,15
3.62,7600.17093602088,1418.1992654023,15
3.63,7575.43516217811,1430.97707523129,15
3.64,7550.56185865456,1443.7804776277,15
3.65,7525.55257577861,1456.60760859375,15
3.66,7500.40890761888,1469.45657562849,15
3.67,7475.13249172511,1482.3254582677,15
3.68,7449.72500883873,1495.21230865068,15
3.69,7424.18818257301,1508.11515211388,15
3.7,7398.52377906253,1521.03198781108,15
3.71,7372.73360658219,1533.96078935996,15
3.72,7346.81951513552,1546.89950551493,15
3.73,7320.78339601246,1559.84606086574,15
3.74,7294.62718131661,1572.79835656172,15
3.75,7268.35284346208,1585.75427106129,15
3.76,7241.96239464007,1598.71166090622,15
3.77,7215.45788625543,1611.66836152039,15
3.78,7188.84140833327,1624.62218803247,15
3.79,7162.11508889606,1637.57093612204,15
3.8,7135.2810933114,1650.51238288865,15
3.81,7108.34162361083,1663.44428774326,15
3.82,7081.29891778007,1676.36439332139,15
3.83,7054.15524902111,1689.27042641737,15
3.84,7026.91292498659,1702.16009893901,15
3.85,6999.57428698697,1715.03110888201,15
3.86,6972.141709171,1727.88114132336,15
3.87,6944.61759768015,1740.70786943282,15
3.88,6917.00438977744,1753.50895550194,15
3.89,6889.30455295153,1766.28205198946,15
3.9,6861.5205839965,1779.02480258255,15
3.91,6833.65500806829,1791.7348432727,15
3.92,6805.71037771832,1804.40980344548,15
3.93,6777.68927190524,1817.04730698329,15
3.94,6749.59429498552,1829.64497337995,15
3.95,6721.42807568371,1842.20041886622,15
3.96,6693.19326604343,1854.71125754526,15
3.97,6664.89254035966,1867.17510253699,15
3.98,6636.52859409359,1879.58956713015,15
3.99,6608.10414277073,1891.9522659412,15
4,6579.62192086349,1904.2608160788,15
4.01,6551.08468065895,1916.51283831285,15
4.02,6522.49519111311,1928.70595824689,15
4.03,6493.8562366925,1940.83780749288,15
4.04,6465.17061620426,1952.90602484708,15
4.05,6436.44114161574,1964.90825746589,15
4.06,6407.67063686479,1976.84216204064,15
4.07,6378.86193666168,1988.70540597003,15
4.08,6350.01788528393,2000.49566852916,15
4.09,6321.14133536513,2012.21064203393,15
4.1,6292.23514667875,2023.84803299974,15
4.11,6263.30218491832,2035.40556329327,15
4.12,6234.34532047485,2046.88097127627,15
4.13,6205.36742721286,2058.2720129402,15
4.14,6176.37138124599,2069.57646303056,15
4.15,6147.36005971348,2080.79211615992,15
4.16,6118.33633955849,2091.91678790842,15
4.17,6089.30309630956,2102.9483159108,15
4.18,6060.2632028662,2113.88456092877,15
4.19,6031.21952828981,2124.72340790778,15
4.2,6002.17493660099,2135.46276701716,15
4.21,5973.13228558431,2146.10057467258,15
4.22,5944.09442560174,2156.6347945399,15
4.23,5915.06419841561,2167.06341851948,15
4.24,5886.0444360223,2177.38446771,15
4.25,5857.0379594976,2187.5959933509,15
4.26,5828.04757785484,2197.69607774264,15
4.27,5799.0760869166,2207.68283514385,15
4.28,5770.12626820114,2217.55441264467,15
4.29,5741.20088782439,2227.30899101548,15
4.3,5712.30269541843,2236.9447855303,15
4.31,5683.43442306727,2246.46004676411,15
4.32,5654.59878426099,2255.85306136356,15
4.33,5625.79847286875,2265.12215279035,15
4.34,5597.03616213174,2274.26568203674,15
4.35,5568.31450367667,2283.28204831258,15
4.36,5539.63612655063,2292.16968970356,15
4.37,5511.00363627787,2300.92708379992,15
4.38,5482.41961393932,2309.55274829547,15
4.39,5453.88661527539,2318.04524155639,15
4.4,5425.40716981263,2326.40316315947,15
4.41,5396.98378001487,2334.62515439959,15
4.42,5368.61892045926,2342.7098987661,15
4.43,5340.31503703777,2350.65612238787,15
4.44,5312.0745461846,2358.46259444692,15
4.45,5283.89983412987,2366.12812756037,15
4.46,5255.79325617989,2373.65157813077,15
4.47,5227.75713602452,2381.03184666461,15
4.48,5199.79376507178,2388.26787805906,15
4.49,5171.90540181001,2395.35866185698,15
4.5,5144.09427119775,2402.30323247025,15
4.51,5116.36256408167,2409.10066937145,15
4.52,5088.71243664253,2415.75009725416,15
4.53,5061.14600986934,2422.25068616196,15
4.54,5033.6653690619,2428.60165158633,15
4.55,5006.27256336158,2434.80225453376,15
4.56,4978.96960531053,2440.85180156233,15
4.57,4951.75847043911,2446.74964478802,15
4.58,4924.64109688169,2452.49518186119,15
4.59,4897.61938502056,2458.08785591346,15
4.6,4870.69519715784,2463.52715547558,15
4.61,4843.87035721541,2468.81261436657,15
4.62,4817.14665046245,2473.94381155468,15
4.63,4790.52582327047,2478.9203709906,15
4.64,4764.00958289568,2483.74196141345,15
4.65,4737.59959728827,2488.40829613019,15
4.66,4711.29749492842,2492.91913276879,15
4.67,4685.10486468869,2497.27427300597,15
4.68,4659.02325572238,2501.47356226992,15
4.69,4633.05417737766,2505.51688941883,15
4.7,4607.19909913688,2509.40418639564,15
4.71,4581.45945058077,2513.13542785984,15
4.72,4555.83662137711,2516.71063079687,15
4.73,4530.33196129333,2520.12985410592,15
4.74,4504.94678023268,2523.39319816672,15
4.75,4479.68234829336,2526.50080438608,15
4.76,4454.53989585029,2529.45285472485,15
4.77,4429.52061365884,2532.24957120614,15
4.78,4404.62565298002,2534.89121540535,15
4.79,4379.85612572672,2537.37808792295,15
4.8,4355.2131046303,2539.71052784053,15
4.81,4330.69762342703,2541.88891216115,15
4.82,4306.31067706383,2543.91365523437,15
4.83,4282.0532219227,2545.78520816713,15
4.84,4257.92617606327,2547.50405822088,15
4.85,4233.93041948292,2549.07072819584,15
4.86,4210.06679439375,2550.48577580326,15
4.87,4186.336105516,2551.7497930262,15
4.88,4162.73912038713,2552.86340546971,15
4.89,4139.27656968606,2553.82727170115,15
4.9,4115.94914757195,2554.64208258128,15
4.91,4092.75751203691,2555.308560587,15
4.92,4069.70228527204,2555.8274591263,15
4.93,4046.78405404616,2556.19956184619,15
4.94,4024.00337009673,2556.42568193436,15
4.95,4001.36075053222,2556.5066614152,15
4.96,3978.8566782455,2556.44337044084,15
4.97,3956.49160233751,2556.23670657796,15
4.98,3934.26593855074,2555.88759409094,15
4.99,3912.18006971187,2555.39698322204,15
5,3890.23434618304,2554.76584946926,15
5.01,3868.42908632119,2553.9951928624,15
5.02,3846.76457694484,2553.08603723811,15
5.03,3825.24107380792,2552.03942951429,15
5.04,3803.8588020799,2550.85643896459,15
5.05,3782.61795683186,2549.53815649354,15
5.06,3761.51870352792,2548.08569391274,15
5.07,3740.56117852149,2546.50018321882,15
5.08,3719.74548955584,2544.78277587355,15
5.09,3699.07171626861,2542.93464208667,15
5.1,3678.53991069962,2540.95697010185,15
5.11,3658.15009780155,2538.85096548633,15
5.12,3637.90227595318,2536.61785042468,15
5.13,3617.79641747451,2534.25886301704,15
5.14,3597.83246914349,2531.77525658233,15
5.15,3578.01035271391,2529.1682989668,15
5.16,3558.32996543397,2526.43927185836,15
5.17,3538.79118056521,2523.58947010693,15
5.18,3519.39384790137,2520.62020105135,15
5.19,3500.13779428677,2517.532783853,15
5.2,3481.02282413399,2514.32854883658,15
5.21,3462.04871994031,2511.00883683827,15
5.22,3443.21524280268,2507.5749985617,15
5.23,3424.52213293091,2504.02839394174,15
5.24,3405.96911015873,2500.37039151667,15
5.25,3387.55587445234,2496.60236780878,15
5.26,3369.28210641635,2492.72570671364,15
5.27,3351.14746779664,2488.7417988984,15
5.28,3333.15160198004,2484.65204120907,15
5.29,3315.29413449037,2480.45783608722,15
5.3,3297.57467348084,2476.16059099609,15
5.31,3279.99281022241,2471.76171785635,15
5.32,3262.54811958791,2467.26263249164,15
5.33,3245.24016053182,2462.66475408396,15
5.34,3228.06847656535,2457.96950463916,15
5.35,3211.03259622677,2453.17830846248,15
5.36,3194.13203354675,2448.29259164431,15
5.37,3177.36628850857,2443.3137815563,15
5.38,3160.73484750299,2438.24330635772,15
5.39,3144.23718377777,2433.08259451234,15
5.4,3127.87275788148,2427.83307431572,15
5.41,3111.64101810173,2422.49617343299,15
5.42,3095.54140089752,2417.07331844716,15
5.43,3079.57333132567,2411.56593441796,15
5.44,3063.73622346128,2405.97544445124,15
5.45,3048.02948081196,2400.30326927887,15
5.46,3032.45249672602,2394.55082684918,15
5.47,3017.00465479426,2388.7195319279,15
5.48,3001.68532924553,2382.81079570956,15
5.49,2986.49388533586,2376.82602543933,15
5.5,2971.42967973112,2370.76662404525,15
5.51,2956.4920608833,2364.63398978078,15
5.52,2941.68036940017,2358.42951587762,15
5.53,2926.99393840847,2352.15459020878,15
5.54,2912.43209391054,2345.8105949617,15
5.55,2897.99415513431,2339.39890632154,15
5.56,2883.67943487675,2332.92089416431,15
5.57,2869.48723984076,2326.37792176002,15
5.58,2855.4168709654,2319.77134548548,15
5.59,2841.46762374956,2313.10251454691,15
5.6,2827.63878856913,2306.37277071205,15
5.61,2813.92965098751,2299.58344805176,15
5.62,2800.33949205968,2292.73587269104,15
5.63,2786.8675886297,2285.8313625692,15
5.64,2773.51321362181,2278.87122720923,15
5.65,2760.27563632502,2271.85676749616,15
5.66,2747.15412267138,2264.78927546429,15
5.67,2734.14793550779,2257.67003409314,15
5.68,2721.25633486164,2250.50031711208,15
5.69,2708.47857820005,2243.28138881343,15
5.7,2695.81392068299,2236.01450387384,15
5.71,2683.26161541023,2228.70090718398,15
5.72,2670.82091366221,2221.34183368627,15
5.73,2658.49106513478,2213.93850822052,15
5.74,2646.27131816815,2206.49214537739,15
5.75,2634.16091996974,2199.0039493595,15
5.76,2622.15911683133,2191.47511385002,15
5.77,2610.26515434039,2183.9068218887,15
5.78,2598.47827758568,2176.300245755,15
5.79,2586.7977313573,2168.65654685842,15
5.8,2575.22276034114,2160.97687563565,15
5.81,2563.75260930781,2153.26237145459,15
5.82,2552.38652329632,2145.51416252497,15
5.83,2541.12374779223,2137.73336581546,15
5.84,2529.96352890076,2129.92108697712,15
5.85,2518.90511351456,2122.07842027313,15
5.86,2507.94774947659,2114.20644851445,15
5.87,2497.09068573776,2106.30624300152,15
5.88,2486.33317250989,2098.37886347169,15
5.89,2475.67446141366,2090.42535805224,15
5.9,2465.1138056219,2082.44676321899,15
5.91,2454.65045999815,2074.44410376017,15
5.92,2444.28368123066,2066.41839274557,15
5.93,2434.0127279619,2058.37063150073,15
5.94,2423.83686091358,2050.3018095861,15
5.95,2413.75534300743,2042.21290478099,15
5.96,2403.76743948159,2034.1048830722,15
5.97,2393.87241800297,2025.97869864719,15
5.98,2384.06954877539,2017.83529389169,15
5.99,2374.35810464382,2009.67559939152,15
6,2364.73736119457,2001.50053393869,15
6.01,2355.20659685172,1993.3110045414,15
6.02,2345.76509296979,1985.10790643803,15
6.03,2336.41213392262,1976.89212311492,15
6.04,2327.1470071888,1968.66452632775,15
6.05,2317.96900343338,1960.4259761265,15
6.06,2308.87741658629,1952.17732088391,15
6.07,2299.87154391735,1943.91939732714,15
6.08,2290.95068610787,1935.65303057271,15
6.09,2282.11414731921,1927.37903416449,15
6.1,2273.36123525803,1919.09821011475,15
6.11,2264.69126123859,1910.81134894794,15
6.12,2256.10354024198,1902.51922974742,15
6.13,2247.59739097245,1894.22262020469,15
6.14,2239.17213591086,1885.92227667134,15
6.15,2230.82710136542,1877.61894421333,15
6.16,2222.56161751962,1869.31335666771,15
6.17,2214.37501847758,1861.00623670165,15
6.18,2206.26664230679,1852.69829587352,15
6.19,2198.23583107839,1844.39023469624,15
6.2,2190.28193090493,1836.08274270243,15
6.21,2182.40429197583,1827.77649851163,15
6.22,2174.60226859045,1819.47216989929,15
6.23,2166.87521918897,1811.17041386745,15
6.24,2159.22250638104,1802.87187671716,15
6.25,2151.64349697233,1794.57719412241,15
6.26,2144.13756198898,1786.28699120564,15
6.27,2136.70407670006,1778.00188261455,15
6.28,2129.34242063806,1769.72247260041,15
6.29,2122.0519776175,1761.4493550975,15
6.3,2114.83213575168,1753.18311380387,15
6.31,2107.68228746766,1744.92432226314,15
6.32,2100.60182951949,1736.67354394745,15
6.33,2093.59016299978,1728.43133234137,15
6.34,2086.64669334961,1720.19823102671,15
6.35,2079.77083036688,1711.97477376829,15
6.36,2072.96198821315,1703.76148460045,15
6.37,2066.21958541892,1695.55887791437,15
6.38,2059.54304488759,1687.36745854602,15
6.39,2052.93179389793,1679.18772186483,15
6.4,2046.38526410527,1671.02015386285,15
6.41,2039.90289154135,1662.86523124458,15
6.42,2033.48411661298,1654.72342151712,15
6.43,2027.12838409935,1646.59518308089,15
6.44,2020.83514314839,1638.48096532066,15
6.45,2014.60384727173,1630.38120869693,15
6.46,2008.43395433884,1622.29634483758,15
6.47,2002.3249265699,1614.22679662987,15
6.48,1996.27623052776,1606.1729783125,15
6.49,1990.28733710895,1598.13529556791,15
6.5,1984.35772153364,1590.11414561474,15
6.51,1978.48686333482,1582.10991730027,15
6.52,1972.67424634651,1574.12299119301,15
6.53,1966.91935869118,1566.15373967526,15
6.54,1961.22169276637,1558.20252703561,15
6.55,1955.58074523048,1550.26970956145,15
6.56,1949.99601698793,1542.35563563132,15
6.57,1944.46701317345,1534.46064580724,15
6.58,1938.99324313587,1526.58507292674,15
6.59,1933.57422042109,1518.72924219486,15
6.6,1928.20946275451,1510.89347127582,15
6.61,1922.89849202288,1503.07807038453,15
6.62,1917.64083425553,1495.28334237783,15
6.63,1912.43601960504,1487.50958284538,15
6.64,1907.28358232748,1479.75708020029,15
6.65,1902.18306076204,1472.02611576945,15
6.66,1897.13399731027,1464.31696388341,15
6.67,1892.13593841486,1456.62989196595,15
6.68,1887.18843453792,1448.96516062322,15
6.69,1882.29104013896,1441.32302373248,15
6.7,1877.44331365243,1433.70372853041,15
6.71,1872.64481746489,1426.10751570091,15
6.72,1867.89511789187,1418.5346194625,15
6.73,1863.19378515437,1410.98526765517,15
6.74,1858.54039335508,1403.45968182679,15
6.75,1853.93452045434,1395.95807731893,15
6.76,1849.37574824574,1388.48066335219,15
6.77,1844.86366233158,1381.02764311099,15
6.78,1840.39785209804,1373.59921382776,15
6.79,1835.97791069008,1366.1955668666,15
6.8,1831.60343498629,1358.81688780634,15
6.81,1827.27402557337,1351.463356523,15
6.82,1822.98928672058,1344.13514727167,15
6.83,1818.74882635395,1336.83242876774,15
6.84,1814.55225603037,1329.55536426754,15
6.85,1810.39919091159,1322.30411164834,15
6.86,1806.289249738,1315.07882348771,15
6.87,1802.22205480243,1307.87964714223,15
6.88,1798.19723192376,1300.70672482556,15
6.89,1794.21441042051,1293.56019368583,15
6.9,1790.27322308429,1286.44018588241,15
6.91,1786.37330615329,1279.34682866194,15
6.92,1782.51429928564,1272.28024443372,15
6.93,1778.69584553273,1265.2405508445,15
6.94,1774.91759131258,1258.22786085241,15
6.95,1771.17918638311,1251.24228280038,15
6.96,1767.48028381544,1244.28392048874,15
6.97,1763.82053996718,1237.35287324722,15
6.98,1760.19961445571,1230.44923600621,15
6.99,1756.61717013152,1223.5730993673,15
7,1753.07287305152,1216.72454967318,15
7.01,1749.56639245243,1209.90366907677,15
7.02,1746.09740072416,1203.11053560972,15
7.03,1742.66557338329,1196.34522325015,15
7.04,1739.27058904655,1189.60780198971,15
7.05,1735.91212940438,1182.89833789994,15
7.06,1732.5898791946,1176.2168931979,15
7.07,1729.30352617603,1169.56352631115,15
7.08,1726.05276110235,1162.93829194195,15
7.09,1722.83727769589,1156.34124113083,15
7.1,1719.6567726216,1149.77242131942,15
7.11,1716.51094546112,1143.23187641258,15
7.12,1713.39949868683,1136.71964683987,15
7.13,1710.32213763617,1130.23576961626,15
7.14,1707.27857048595,1123.78027840218,15
7.15,1704.26850822679,1117.35320356292,15
7.16,1701.29166463769,1110.95457222724,15
7.17,1698.34775626075,1104.58440834539,15
7.18,1695.43650237593,1098.24273274639,15
7.19,1692.55762497602,1091.92956319461,15
7.2,1689.71084874168,1085.64491444577,15
7.21,1686.89590101664,1079.38879830213,15
7.22,1684.11251178303,1073.1612236671,15
7.23,1681.36041363685,1066.96219659916,15
7.24,1678.63934176358,1060.79172036508,15
7.25,1675.94903391391,1054.64979549255,15
7.26,1673.28923037965,1048.53641982205,15
7.27,1670.65967396979,1042.45158855815,15
7.28,1668.06010998663,1036.39529432013,15
7.29,1665.49028620222,1030.36752719197,15
7.3,1662.94995283476,1024.36827477163,15
7.31,1660.43886252532,1018.39752221979,15
7.32,1657.9567703146,1012.4552523079,15
7.33,1655.50343361995,1006.5414454656,15
7.34,1653.07861221243,1000.65607982752,15
7.35,1650.68206819417,994.799131279479,15
7.36,1648.31356597576,988.970573504052,15
7.37,1645.9728722539,983.170378025521,15
7.38,1643.65975598914,977.398514254231,15
7.39,1641.37398838386,971.654949530343,15
7.4,1639.11534286035,965.939649166989,15
7.41,1636.88359503911,960.252576492831,15
7.42,1634.67852271725,954.593692894044,15
7.43,1632.49990584713,948.962957855706,15
7.44,1630.34752651514,943.360329002621,15
7.45,1628.22116892062,937.785762139571,15
7.46,1626.12061935498,932.239211290988,15
7.47,1624.045666181,926.720628740084,15
7.48,1621.99609981226,921.22996506741,15
7.49,1619.97171269278,915.767169188877,15
7.5,1617.97229927679,910.33218839322,15
7.51,1615.99765600871,904.924968378927,15
7.52,1614.04758130325,899.545453290636,15
7.53,1612.12187552576,894.193585754998,15
7.54,1610.22034097263,888.869306916014,15
7.55,1608.34278185199,883.572556469857,15
7.56,1606.48900426446,878.303272699181,15
7.57,1604.65881618417,873.061392506912,15
7.58,1602.85202743987,867.846851449547,15
7.59,1601.06844969623,862.659583769948,15
7.6,1599.30789643537,857.499522429644,15
7.61,1597.57018293843,852.366599140645,15
7.62,1595.85512626744,847.260744396774,15
7.63,1594.16254524724,842.181887504526,15
7.64,1592.49226044766,837.12995661344,15
7.65,1590.84409416581,832.104878746026,15
7.66,1589.21787040852,827.106579827212,15
7.67,1587.61341487503,822.134984713338,15
7.68,1586.0305549397,817.190017220709,15
7.69,1584.46911963505,812.271600153687,15
7.7,1582.92893963479,807.379655332351,15
7.71,1581.40984723716,802.514103619718,15
7.72,1579.91167634833,797.674864948531,15
7.73,1578.43426246598,792.861858347624,15
7.74,1576.97744266309,788.075001967864,15
7.75,1575.5410555718,783.314213107677,15
7.76,1574.1249413675,778.57940823816,15
7.77,1572.72894175303,773.870503027795,15
7.77931962402032,1571.44589295412,769.505221924749,15
0,9990,10,16
0.01,9989.76100986865,10.1508738469335,16
0.02,9989.51852988453,10.3040177834448,16
0.03,9989.2725075764,10.4594657811656,16
0.04,9989.02288969485,10.6172523134706,16
0.05,9988.7696221993,10.7774123638348,16
0.06,9988.51265024677,10.9399814329904,16
0.07,9988.25191817994,11.10499554658,16
0.08,9987.98736951502,11.2724912628599,16
0.09,9987.71894693041,11.4425056799608,16
0.1,9987.44659225407,11.6150764439584,16
0.11,9987.17024645121,11.7902417567059,16
0.12,9986.88984961178,11.9680403838222,16
0.13,9986.60534093774,12.1485116627994,16
0.14,9986.31665873019,12.3316955112135,16
0.15,9986.0237403763,12.5176324350473,16
0.16,9985.72652233607,12.7063635371294,16
0.17,9985.42494012889,12.8979305256842,16
0.18,9985.1189283199,13.0923757229986,16
0.19,9984.80842050625,13.2897420742031,16
0.2,9984.49334930306,13.4900731561722,16
0.21,9984.17364632923,13.6934131865427,16
0.22,9983.8492421931,13.8998070328533,16
0.23,9983.52006647784,14.1093002218053,16
0.24,9983.18604772668,14.3219389486459,16
0.25,9982.84711342794,14.5377700866772,16
0.26,9982.50318999986,14.7568411968898,16
0.27,9982.15420277519,14.9792005377237,16
0.28,9981.8000759856,15.2048970749584,16
0.29,9981.44073274588,15.4339804917318,16
0.3,9981.07609503792,15.6665011986912,16
0.31,9980.70608369446,15.9025103442763,16
0.32,9980.33061838264,16.142059825137,16
0.33,9979.94961758734,16.3852022966854,16
0.34,9979.56299859424,16.631991183786,16
0.35,9979.17067747273,16.882480691583,16
0.36,9978.77256905853,17.1367258164676,16
0.37,9978.36858693613,17.3947823571862,16
0.38,9977.95864342093,17.6567069260913,16
0.39,9977.5426495412,17.9225569605355,16
0.4,9977.12051501981,18.1923907344113,16
0.41,9976.69214825565,18.4662673698373,16
0.42,9976.25745630483,18.744246848992,16
0.43,9975.81634486174,19.0263900260974,16
0.44,9975.36871823967,19.3127586395533,16
0.45,9974.91447935132,19.6034153242233,16
0.46,9974.45352968902,19.8984236238745,16
0.47,9973.98576930468,20.1978480037725,16
0.48,9973.51109678947,20.5017538634321,16
0.49,9973.02940925324,20.8102075495252,16
0.5,9972.54060230374,21.1232763689492,16
0.51,9972.04457002547,21.4410286020535,16
0.52,9971.5412049583,21.7635335160296,16
0.53,9971.03039807586,22.0908613784627,16
0.54,9970.5120387636,22.4230834710482,16
0.55,9969.98601479657,22.7602721034736,16
0.56,9969.45221231694,23.1025006274673,16
0.57,9968.91051581127,23.4498434510148,16
0.58,9968.36080808738,23.8023760527453,16
0.59,9967.80297025108,24.1601749964877,16
0.6,9967.23688168249,24.5233179459991,16
0.61,9966.66242001208,24.891883679866,16
0.62,9966.07946109652,25.2659521065792,16
0.63,9965.48787899405,25.6456042797844,16
0.64,9964.88754593972,26.030922413709,16
0.65,9964.27833232021,26.4219898987663,16
0.66,9963.6601066484,26.8188913173378,16
0.67,9963.03273553759,27.2217124597358,16
0.68,9962.39608367544,27.6305403403455,16
0.69,9961.7500137976,28.0454632139497,16
0.7,9961.09438666094,28.4665705922348,16
0.71,9960.42906101661,28.8939532604808,16
0.72,9959.75389358261,29.3277032944354,16
0.73,9959.06873901615,29.7679140773723,16
0.74,9958.37344988565,30.2146803173366,16
0.75,9957.66787664239,30.6680980645752,16
0.76,9956.95186759184,31.1282647291552,16
0.77,9956.22526886467,31.59527909877,16
0.78,9955.4879243874,32.0692413567332,16
0.79,9954.73967585273,32.550253100162,16
0.8,9953.98036268951,33.0384173583497,16
0.81,9953.20982203237,33.5338386113274,16
0.82,9952.42788869105,34.0366228086168,16
0.83,9951.63439511927,34.5468773881724,16
0.84,9950.82917138341,35.0647112955144,16
0.85,9950.01204513067,35.5902350030533,16
0.86,9949.18284155704,36.1235605296035,16
0.87,9948.34138337476,36.6648014600896,16
0.88,9947.48749077955,37.2140729654415,16
0.89,9946.62098141742,37.7714918226817,16
0.9,9945.74167035112,38.3371764352014,16
0.91,9944.84937002624,38.9112468532278,16
0.92,9943.94389023699,39.4938247944796,16
0.93,9943.02503809151,40.0850336650124,16
0.94,9942.09261797696,40.684998580252,16
0.95,9941.14643152408,41.293846386215,16
0.96,9940.18627757157,41.9117056809168,16
0.97,9939.21195212992,42.5387068359647,16
0.98,9938.22324834501,43.1749820183358,16
0.99,9937.21995646128,43.8206652123385,16
1,9936.20186378454,44.4758922417564,16
1.01,9935.16875464441,45.140800792172,16
1.02,9934.12041035639,45.8155304334708,16
1.03,9933.0566091836,46.5002226425215,16
1.04,9931.97712629808,47.1950208260328,16
1.05,9930.8817337418,47.9000703435829,16
1.06,9929.77020038722,48.6155185308209,16
1.07,9928.64229189759,49.3415147228368,16
1.08,9927.49777068676,50.0782102776982,16
1.09,9926.33639587871,50.8257586001512,16
1.1,9925.15792326674,51.5843151654813,16
1.11,9923.96210527217,52.3540375435336,16
1.12,9922.74869090284,53.1350854228868,16
1.13,9921.51742571112,53.9276206351791,16
1.14,9920.26805175165,54.7318071795815,16
1.15,9919.00030753869,55.5478112474154,16
1.16,9917.7139280031,56.3758012469102,16
1.17,9916.40864444903,57.2159478280964,16
1.18,9915.0841845102,58.0684239078299,16
1.19,9913.74027210587,58.9334046949431,16
1.2,9912.3766273965,59.8110677155177,16
1.21,9910.992966739,60.7015928382734,16
1.22,9909.58900264171,61.6051623000684,16
1.23,9908.16444371904,62.5219607315041,16
1.24,9906.71899464577,63.4521751826305,16
1.25,9905.2523561111,64.3959951487435,16
1.26,9903.76422477224,65.3536125962693,16
1.27,9902.25429320789,66.3252219887281,16
1.28,9900.72224987128,67.3110203127709,16
1.29,9899.16777904293,68.3112071042809,16
1.3,9897.59056078323,69.3259844745324,16
1.31,9895.99027088459,70.355557136399,16
1.32,9894.36658082344,71.4001324306026,16
1.33,9892.71915771192,72.4599203519938,16
1.34,9891.04766424929,73.5351335758564,16
1.35,9889.35175867314,74.6259874842236,16
1.36,9887.63109471035,75.7327001921991,16
1.37,9885.8853215278,76.8554925742703,16
1.38,9884.11408368291,77.9945882906045,16
1.39,9882.31702107389,79.1502138133162,16
1.4,9880.49376888994,80.3225984526946,16
1.41,9878.64395756109,81.5119743833781,16
1.42,9876.76721270802,82.7185766704657,16
1.43,9874.86315509161,83.9426432955497,16
1.44,9872.93140056244,85.184415182659,16
1.45,9870.9715600101,86.4441362240967,16
1.46,9868.9832393124,87.7220533061604,16
1.47,9866.96603928445,89.018416334728,16
1.48,9864.91955562773,90.3334782606954,16
1.49,9862.84337887902,91.6674951052495,16
1.5,9860.73709435931,93.0207259849602,16
1.51,9858.60028212266,94.3934331366753,16
1.52,9856.43251690506,95.7858819421993,16
1.53,9854.23336807328,97.1983409527403,16
1.54,9852.00239957376,98.6310819131037,16
1.55,9849.73916988151,100.084379785616,16
1.56,9847.44323194915,101.558512773758,16
1.57,9845.1141331559,103.053762345487,16
1.58,9842.75141525687,104.570413256221,16
1.59,9840.35461433227,106.108753571483,16
1.6,9837.92326073696,107.669074689152,16
1.61,9835.45687905008,109.251671361326,16
1.62,9832.95498802493,110.856841715759,16
1.63,9830.41710053907,112.484887276847,16
1.64,9827.84272354466,114.136112986145,16
1.65,9825.23135801918,115.810827222387,16
1.66,9822.58249891635,117.509341820973,16
1.67,9819.89563511753,119.23197209291,16
1.68,9817.17024938337,120.97903684317,16
1.69,9814.40581830603,122.750858388438,16
1.7,9811.60181226173,124.547762574221,16
1.71,9808.75769536381,126.370078791281,16
1.72,9805.8729254164,128.218139991378,16
1.73,9802.9469538685,130.092282702264,16
1.74,9799.97922576882,131.992847041926,16
1.75,9796.96917972109,133.920176732013,16
1.76,9793.91624784023,135.874619110434,16
1.77,9790.81985570905,137.856525143088,16
1.78,9787.67942233587,139.866249434676,16
1.79,9784.49436011285,141.904150238577,16
1.8,9781.26407477518,143.970589465729,16
1.81,9777.98796536122,146.065932692497,16
1.82,9774.66542417354,148.190549167468,16
1.83,9771.29583674092,150.344811817144,16
1.84,9767.8785817815,152.529097250487,16
1.85,9764.41303116689,154.743785762273,16
1.86,9760.89854988756,156.989261335205,16
1.87,9757.3344960193,159.265911640756,16
1.88,9753.72022069104,161.574128038673,16
1.89,9750.05506805395,163.914305575113,16
1.9,9746.33837525186,166.286842979354,16
1.91,9742.56947239324,168.692142659035,16
1.92,9738.74768252448,171.130610693872,16
1.93,9734.87232160492,173.602656827799,16
1.94,9730.9426984834,176.108694459485,16
1.95,9726.95811487647,178.649140631169,16
1.96,9722.9178653484,181.224416015758,16
1.97,9718.82123729302,183.834944902139,16
1.98,9714.66751091739,186.481155178643,16
1.99,9710.45595922751,189.163478314597,16
2,9706.18584801597,191.882349339924,16
2.01,9701.85643585179,194.63820682271,16
2.02,9697.46697407239,197.431492844691,16
2.03,9693.01670677787,200.262652974594,16
2.04,9688.50487082754,203.132136239263,16
2.05,9683.93069583902,206.040395092522,16
2.06,9679.29340418967,208.987885381691,16
2.07,9674.59221102072,211.975066311701,16
2.08,9669.82632424408,215.002400406741,16
2.09,9664.99494455179,218.070353469358,16
2.1,9660.09726542844,221.179394536962,16
2.11,9655.13247316648,224.32999583564,16
2.12,9650.09974688454,227.522632731232,16
2.13,9644.99825854889,230.757783677582,16
2.14,9639.82717299806,234.035930161902,16
2.15,9634.58564797091,237.357556647163,16
2.16,9629.27283413789,240.723150511456,16
2.17,9623.88787513599,244.133201984232,16
2.18,9618.42990760722,247.588204079356,16
2.19,9612.89806124074,251.088652524896,16
2.2,9607.29145881892,254.63504568957,16
2.21,9601.60921626718,258.227884505765,16
2.22,9595.8504427079,261.867672389073,16
2.23,9590.0142405185,265.554915154238,16
2.24,9584.09970539362,269.290120927454,16
2.25,9578.10592641178,273.073800054927,16
2.26,9572.03198610633,276.906465007624,16
2.27,9565.87696054111,280.788630282122,16
2.28,9559.63991939061,284.720812297495,16
2.29,9553.31992602506,288.703529288132,16
2.3,9546.91603760032,292.737301192433,16
2.31,9540.42730515273,296.822649537276,16
2.32,9533.85277369922,300.960097318205,16
2.33,9527.19148234246,305.150168875227,16
2.34,9520.44246438156,309.393389764161,16
2.35,9513.60474742802,313.690286623453,16
2.36,9506.67735352742,318.041387036376,16
2.37,9499.6592992867,322.447219388532,16
2.38,9492.5495960073,326.908312720593,16
2.39,9485.3472498242,331.425196576189,16
2.4,9478.05126185097,335.998400844871,16
2.41,9470.66062833104,340.628455600086,16
2.42,9463.17434079515,345.315890932063,16
2.43,9455.59138622528,350.061236775571,16
2.44,9447.91074722496,354.865022732443,16
2.45,9440.13140219629,359.727777888835,16
2.46,9432.25232552363,364.650030627104,16
2.47,9424.27248776411,369.632308432292,16
2.48,9416.19085584511,374.675137693103,16
2.49,9408.00639326877,379.779043497346,16
2.5,9399.71806032365,384.944549421762,16
2.51,9391.32481430365,390.172177316191,16
2.52,9382.82560973431,395.46244708202,16
2.53,9374.21939860654,400.815876444848,16
2.54,9365.50513061795,406.232980721346,16
2.55,9356.68175342175,411.714272580236,16
2.56,9347.74821288353,417.260261797364,16
2.57,9338.70345334576,422.871455004828,16
2.58,9329.54641790024,428.548355434116,16
2.59,9320.27604866865,434.291462653228,16
2.6,9310.891287091,440.10127229776,16
2.61,9301.39107422245,445.978275795912,16
2.62,9291.77435103818,451.922960087423,16
2.63,9282.04005874674,457.935807336396,16
2.64,9272.18713911155,464.017294638028,16
2.65,9262.21453478103,470.167893719213,16
2.66,9252.12118962708,476.388070633057,16
2.67,9241.90604909208,482.678285447275,16
2.68,9231.56806054452,489.03899192651,16
2.69,9221.10617364313,495.470637208585,16
2.7,9210.51934070975,501.973661474707,16
2.71,9199.80651711074,508.548497613674,16
2.72,9188.9666616471,515.195570880103,16
2.73,9177.99873695326,521.915298546744,16
2.74,9166.90170990456,528.708089550922,16
2.75,9155.67455203334,535.574344135178,16
2.76,9144.31623995375,542.514453482171,16
2.77,9132.82575579511,549.52879934392,16
2.78,9121.20208764396,556.61775366548,16
2.79,9109.44422999455,563.781678203135,16
2.8,9097.55118420797,571.020924137221,16
2.81,9085.52195897962,578.335831679678,16
2.82,9073.35557081507,585.726729676479,16
2.83,9061.05104451431,593.193935205031,16
2.84,9048.60741366408,600.737753166719,16
2.85,9036.02372113843,608.358475874729,16
2.86,9023.29901960717,616.056382637316,16
2.87,9010.43237205228,623.831739336683,16
2.88,8997.42285229203,631.684798003657,16
2.89,8984.26954551268,639.615796388357,16
2.9,8970.97154880767,647.624957527048,16
2.91,8957.52797172401,655.712489305404,16
2.92,8943.93793681582,663.878584018402,16
2.93,8930.20058020472,672.123417927082,16
2.94,8916.31505214693,680.447150812427,16
2.95,8902.28051760683,688.84992552662,16
2.96,8888.09615683669,697.331867541938,16
2.97,8873.76116596249,705.893084497597,16
2.98,8859.27475757536,714.533665744805,16
2.99,8844.63616132847,723.253681890363,16
3,8829.84462453913,732.053184339109,16
3.01,8814.89941279565,740.932204835557,16
3.02,8799.79981056882,749.890755005054,16
3.03,8784.54512182747,758.928825894831,16
3.04,8769.13467065795,768.046387515298,16
3.05,8753.5678018871,777.243388381971,16
3.06,8737.84388170824,786.519755058424,16
3.07,8721.96229830997,795.875391700661,16
3.08,8705.92246250716,805.310179603328,16
3.09,8689.72380837395,814.823976748195,16
3.1,8673.36579387809,824.416617355339,16
3.11,8656.84790151633,834.08791143747,16
3.12,8640.16963895032,843.837644357879,16
3.13,8623.33053964254,853.665576392464,16
3.14,8606.33016349189,863.571442296309,16
3.15,8589.16809746815,873.554950875328,16
3.16,8571.84395624517,883.615784563446,16
3.17,8554.3573828319,893.753599005851,16
3.18,8536.70804920098,903.968022648825,16
3.19,8518.89565691416,914.258656336672,16
3.2,8500.91993774402,924.625072916299,16
3.21,8482.78065429156,935.066816849969,16
3.22,8464.47760059872,945.583403836794,16
3.23,8446.01060275565,956.174320443513,16
3.24,8427.37951950176,966.83902374512,16
3.25,8408.58424282008,977.576940975908,16
3.26,8389.62469852437,988.387469191499,16
3.27,8370.50084683813,999.269974942444,16
3.28,8351.21268296504,1010.22379395995,16
3.29,8331.76023765009,1021.24823085435,16
3.3,8312.14357773071,1032.34255882685,16
3.31,8292.36280667731,1043.50601939519,16
3.32,8272.41806512249,1054.73782213374,16
3.33,8252.30953137826,1066.0371444287,16
3.34,8232.03742194053,1077.40313124888,16
3.35,8211.60199198031,1088.83489493273,16
3.36,8191.00353582081,1100.33151499211,16
3.37,8170.24238739975,1111.89203793347,16
3.38,8149.31892071635,1123.51547709689,16
3.39,8128.23355026204,1135.20081251361,16
3.4,8106.98673143448,1146.94699078264,16
3.41,8085.57896093406,1158.75292496683,16
3.42,8064.01077714217,1170.61749450911,16
3.43,8042.28276048065,1182.53954516933,16
3.44,8020.39553375181,1194.51788898217,16
3.45,7998.34976245815,1206.55130423678,16
3.46,7976.14615510136,1218.63853547836,16
3.47,7953.78546345981,1230.77829353246,16
3.48,7931.26848284402,1242.96925555215,16
3.49,7908.59605232932,1255.21006508873,16
3.5,7885.76905496538,1267.49933218627,16
3.51,7862.7884179617,1279.83563350035,16
3.52,7839.65511284874,1292.21751244149,16
3.53,7816.37015561403,1304.64347934347,16
3.54,7792.93460681276,1317.11201165704,16
3.55,7769.34957165227,1329.62155416911,16
3.56,7745.61620005009,1342.17051924792,16
3.57,7721.73568666489,1354.75728711431,16
3.58,7697.70927090009,1367.38020613926,16
3.59,7673.53823687945,1380.0375931681,16
3.6,7649.22391339454,1392.72773387134,16
3.61,7624.7676738235,1405.44888312241,16
3.62,7600.17093602088,1418.1992654023,16
3.63,7575.43516217811,1430.97707523129,16
3.64,7550.56185865456,1443.7804776277,16
3.65,7525.55257577861,1456.60760859375,16
3.66,7500.40890761888,1469.45657562849,16
3.67,7475.13249172511,1482.3254582677,16
3.68,7449.72500883873,1495.21230865068,16
3.69,7424.18818257301,1508.11515211388,16
3.7,7398.52377906253,1521.03198781108,16
3.71,7372.73360658219,1533.96078935996,16
3.72,7346.81951513552,1546.89950551493,16
3.73,7320.78339601246,1559.84606086574,16
3.74,7294.62718131661,1572.79835656172,16
3.75,7268.35284346208,1585.75427106129,16
3.76,7241.96239464007,1598.71166090622,16
3.77,7215.45788625543,1611.66836152039,16
3.78,7188.84140833327,1624.62218803247,16
3.79,7162.11508889606,1637.57093612204,16
3.8,7135.2810933114,1650.51238288865,16
3.81,7108.34162361083,1663.44428774326,16
3.82,7081.29891778007,1676.36439332139,16
3.83,7054.15524902111,1689.27042641737,16
3.84,7026.91292498659,1702.16009893901,16
3.85,6999.57428698697,1715.03110888201,16
3.86,6972.141709171,1727.88114132336,16
3.87,6944.61759768015,1740.70786943282,16
3.88,6917.00438977744,1753.50895550194,16
3.89,6889.30455295153,1766.28205198946,16
3.9,6861.5205839965,1779.02480258255,16
3.91,6833.65500806829,1791.7348432727,16
3.92,6805.71037771832,1804.40980344548,16
3.93,6777.68927190524,1817.04730698329,16
3.94,6749.59429498552,1829.64497337995,16
3.95,6721.42807568371,1842.20041886622,16
3.96,6693.19326604343,1854.71125754526,16
3.97,6664.89254035966,1867.17510253699,16
3.98,6636.52859409359,1879.58956713015,16
3.99,6608.10414277073,1891.9522659412,16
4,6579.62192086349,1904.2608160788,16
4.01,6551.08468065895,1916.51283831285,16
4.02,6522.49519111311,1928.70595824689,16
4.03,6493.8562366925,1940.83780749288,16
4.04,6465.17061620426,1952.90602484708,16
4.05,6436.44114161574,1964.90825746589,16
4.06,6407.67063686479,1976.84216204064,16
4.07,6378.86193666168,1988.70540597003,16
4.08,6350.01788528393,2000.49566852916,16
4.09,6321.14133536513,2012.21064203393,16
4.1,6292.23514667875,2023.84803299974,16
4.11,6263.30218491832,2035.40556329327,16
4.12,6234.34532047485,2046.88097127627,16
4.13,6205.36742721286,2058.2720129402,16
4.14,6176.37138124599,2069.57646303056,16
4.15,6147.36005971348,2080.79211615992,16
4.16,6118.33633955849,2091.91678790842,16
4.17,6089.30309630956,2102.9483159108,16
4.18,6060.2632028662,2113.88456092877,16
4.19,6031.21952828981,2124.72340790778,16
4.2,6002.17493660099,2135.46276701716,16
4.21,5973.13228558431,2146.10057467258,16
4.22,5944.09442560174,2156.6347945399,16
4.23,5915.06419841561,2167.06341851948,16
4.24,5886.0444360223,2177.38446771,16
4.25,5857.0379594976,2187.5959933509,16
4.26,5828.04757785484,2197.69607774264,16
4.27,5799.0760869166,2207.68283514385,16
4.28,5770.12626820114,2217.55441264467,16
4.29,5741.20088782439,2227.30899101548,16
4.3,5712.30269541843,2236.9447855303,16
4.31,5683.43442306727,2246.46004676411,16
4.32,5654.59878426099,2255.85306136356,16
4.33,5625.79847286875,2265.12215279035,16
4.34,5597.03616213174,2274.26568203674,16
4.35,5568.31450367667,2283.28204831258,16
4.36,5539.63612655063,2292.16968970356,16
4.37,5511.00363627787,2300.92708379992,16
4.38,5482.41961393932,2309.55274829547,16
4.39,5453.88661527539,2318.04524155639,16
4.4,5425.40716981263,2326.40316315947,16
4.41,5396.98378001487,2334.62515439959,16
4.42,5368.61892045926,2342.7098987661,16
4.43,5340.31503703777,2350.65612238787,16
4.44,5312.0745461846,2358.46259444692,16
4.45,5283.89983412987,2366.12812756037,16
4.46,5255.79325617989,2373.65157813077,16
4.47,5227.75713602452,2381.03184666461,16
4.48,5199.79376507178,2388.26787805906,16
4.49,5171.90540181001,2395.35866185698,16
4.5,5144.09427119775,2402.30323247025,16
4.51,5116.36256408167,2409.10066937145,16
4.52,5088.71243664253,2415.75009725416,16
4.53,5061.14600986934,2422.25068616196,16
4.54,5033.6653690619,2428.60165158633,16
4.55,5006.27256336158,2434.80225453376,16
4.56,4978.96960531053,2440.85180156233,16
4.57,4951.75847043911,2446.74964478802,16
4.58,4924.64109688169,2452.49518186119,16
4.59,4897.61938502056,2458.08785591346,16
4.6,4870.69519715784,2463.52715547558,16
4.61,4843.87035721541,2468.81261436657,16
4.62,4817.14665046245,2473.94381155468,16
4.63,4790.52582327047,2478.9203709906,16
4.64,4764.00958289568,2483.74196141345,16
4.65,4737.59959728827,2488.40829613019,16
4.66,4711.29749492842,2492.91913276879,16
4.67,4685.10486468869,2497.27427300597,16
4.68,4659.02325572238,2501.47356226992,16
4.69,4633.05417737766,2505.51688941883,16
4.7,4607.19909913688,2509.40418639564,16
4.71,4581.45945058077,2513.13542785984,16
4.72,4555.83662137711,2516.71063079687,16
4.73,4530.33196129333,2520.12985410592,16
4.74,4504.94678023268,2523.39319816672,16
4.75,4479.68234829336,2526.50080438608,16
4.76,4454.53989585029,2529.45285472485,16
4.77,4429.52061365884,2532.24957120614,16
4.78,4404.62565298002,2534.89121540535,16
4.79,4379.85612572672,2537.37808792295,16
4.8,4355.2131046303,2539.71052784053,16
4.81,4330.69762342703,2541.88891216115,16
4.82,4306.31067706383,2543.91365523437,16
4.83,4282.0532219227,2545.78520816713,16
4.84,4257.92617606327,2547.50405822088,16
4.85,4233.93041948292,2549.07072819584,16
4.86,4210.06679439375,2550.48577580326,16
4.87,4186.336105516,2551.7497930262,16
4.88,4162.73912038713,2552.86340546971,16
4.89,4139.27656968606,2553.82727170115,16
4.9,4115.94914757195,2554.64208258128,16
4.91,4092.75751203691,2555.308560587,16
4.92,4069.70228527204,2555.8274591263,16
4.93,4046.78405404616,2556.19956184619,16
4.94,4024.00337009673,2556.42568193436,16
4.95,4001.36075053222,2556.5066614152,16
4.96,3978.8566782455,2556.44337044084,16
4.97,3956.49160233751,2556.23670657796,16
4.98,3934.26593855074,2555.88759409094,16
4.99,3912.18006971187,2555.39698322204,16
5,3890.23434618304,2554.76584946926,16
5.01,3868.42908632119,2553.9951928624,16
5.02,3846.76457694484,2553.08603723811,16
5.03,3825.24107380792,2552.03942951429,16
5.04,3803.8588020799,2550.85643896459,16
5.05,3782.61795683186,2549.53815649354,16
5.06,3761.51870352792,2548.08569391274,16
5.07,3740.56117852149,2546.50018321882,16
5.08,3719.74548955584,2544.78277587355,16
5.09,3699.07171626861,2542.93464208667,16
5.1,3678.53991069962,2540.95697010185,16
5.11,3658.15009780155,2538.85096548633,16
5.12,3637.90227595318,2536.61785042468,16
5.13,3617.79641747451,2534.25886301704,16
5.14,3597.83246914349,2531.77525658233,16
5.15,3578.01035271391,2529.1682989668,16
5.16,3558.32996543397,2526.43927185836,16
5.17,3538.79118056521,2523.58947010693,16
5.18,3519.39384790137,2520.62020105135,16
5.19,3500.13779428677,2517.532783853,16
5.2,3481.02282413399,2514.32854883658,16
5.21,3462.04871994031,2511.00883683827,16
5.22,3443.21524280268,2507.5749985617,16
5.23,3424.52213293091,2504.02839394174,16
5.24,3405.96911015873,2500.37039151667,16
5.25,3387.55587445234,2496.60236780878,16
5.26,3369.28210641635,2492.72570671364,16
5.27,3351.14746779664,2488.7417988984,16
5.28,3333.15160198004,2484.65204120907,16
5.29,3315.29413449037,2480.45783608722,16
5.3,3297.57467348084,2476.16059099609,16
5.31,3279.99281022241,2471.76171785635,16
5.32,3262.54811958791,2467.26263249164,16
5.33,3245.24016053182,2462.66475408396,16
5.34,3228.06847656535,2457.96950463916,16
5.35,3211.03259622677,2453.17830846248,16
5.36,3194.13203354675,2448.29259164431,16
5.37,3177.36628850857,2443.3137815563,16
5.38,3160.73484750299,2438.24330635772,16
5.39,3144.23718377777,2433.08259451234,16
5.4,3127.87275788148,2427.83307431572,16
5.41,3111.64101810173,2422.49617343299,16
5.42,3095.54140089752,2417.07331844716,16
5.43,3079.57333132567,2411.56593441796,16
5.44,3063.73622346128,2405.97544445124,16
5.45,3048.02948081196,2400.30326927887,16
5.46,3032.45249672602,2394.55082684918,16
5.47,3017.00465479426,2388.7195319279,16
5.48,3001.68532924553,2382.81079570956,16
5.49,2986.49388533586,2376.82602543933,16
5.5,2971.42967973112,2370.76662404525,16
5.51,2956.4920608833,2364.63398978078,16
5.52,2941.68036940017,2358.42951587762,16
5.53,2926.99393840847,2352.15459020878,16
5.54,2912.43209391054,2345.8105949617,16
5.55,2897.99415513431,2339.39890632154,16
5.56,2883.67943487675,2332.92089416431,16
5.57,2869.48723984076,2326.37792176002,16
5.58,2855.4168709654,2319.77134548548,16
5.59,2841.46762374956,2313.10251454691,16
5.6,2827.63878856913,2306.37277071205,16
5.61,2813.92965098751,2299.58344805176,16
5.62,2800.33949205968,2292.73587269104,16
5.63,2786.8675886297,2285.8313625692,16
5.64,2773.51321362181,2278.87122720923,16
5.65,2760.27563632502,2271.85676749616,16
5.66,2747.15412267138,2264.78927546429,16
5.67,2734.14793550779,2257.67003409314,16
5.68,2721.25633486164,2250.50031711208,16
5.69,2708.47857820005,2243.28138881343,16
5.7,2695.81392068299,2236.01450387384,16
5.71,2683.26161541023,2228.70090718398,16
5.72,2670.82091366221,2221.34183368627,16
5.73,2658.49106513478,2213.93850822052,16
5.74,2646.27131816815,2206.49214537739,16
5.75,2634.16091996974,2199.0039493595,16
5.76,2622.15911683133,2191.47511385002,16
5.77,2610.26515434039,2183.9068218887,16
5.78,2598.47827758568,2176.300245755,16
5.79,2586.7977313573,2168.65654685842,16
5.8,2575.22276034114,2160.97687563565,16
5.81,2563.75260930781,2153.26237145459,16
5.82,2552.38652329632,2145.51416252497,16
5.83,2541.12374779223,2137.73336581546,16
5.84,2529.96352890076,2129.92108697712,16
5.85,2518.90511351456,2122.07842027313,16
5.86,2507.94774947659,2114.20644851445,16
5.87,2497.09068573776,2106.30624300152,16
5.88,2486.33317250989,2098.37886347169,16
5.89,2475.67446141366,2090.42535805224,16
5.9,2465.1138056219,2082.44676321899,16
5.91,2454.65045999815,2074.44410376017,16
5.92,2444.28368123066,2066.41839274557,16
5.93,2434.0127279619,2058.37063150073,16
5.94,2423.83686091358,2050.3018095861,16
5.95,2413.75534300743,2042.21290478099,16
5.96,2403.76743948159,2034.1048830722,16
5.97,2393.87241800297,2025.97869864719,16
5.98,2384.06954877539,2017.83529389169,16
5.99,2374.35810464382,2009.67559939152,16
6,2364.73736119457,2001.50053393869,16
6.01,2355.20659685172,1993.3110045414,16
6.02,2345.76509296979,1985.10790643803,16
6.03,2336.41213392262,1976.89212311492,16
6.04,2327.1470071888,1968.66452632775,16
6.05,2317.96900343338,1960.4259761265,16
6.06,2308.87741658629,1952.17732088391,16
6.07,2299.87154391735,1943.91939732714,16
6.08,2290.95068610787,1935.65303057271,16
6.09,2282.11414731921,1927.37903416449,16
6.1,2273.36123525803,1919.09821011475,16
6.11,2264.69126123859,1910.81134894794,16
6.12,2256.10354024198,1902.51922974742,16
6.13,2247.59739097245,1894.22262020469,16
6.14,2239.17213591086,1885.92227667134,16
6.15,2230.82710136542,1877.61894421333,16
6.16,2222.56161751962,1869.31335666771,16
6.17,2214.37501847758,1861.00623670165,16
6.18,2206.26664230679,1852.69829587352,16
6.19,2198.23583107839,1844.39023469624,16
6.2,2190.28193090493,1836.08274270243,16
6.21,2182.40429197583,1827.77649851163,16
6.22,2174.60226859045,1819.47216989929,16
6.23,2166.87521918897,1811.17041386745,16
6.24,2159.22250638104,1802.87187671716,16
6.25,2151.64349697233,1794.57719412241,16
6.26,2144.13756198898,1786.28699120564,16
6.27,2136.70407670006,1778.00188261455,16
6.28,2129.34242063806,1769.72247260041,16
6.29,2122.0519776175,1761.4493550975,16
6.3,2114.83213575168,1753.18311380387,16
6.31,2107.68228746766,1744.92432226314,16
6.32,2100.60182951949,1736.67354394745,16
6.33,2093.59016299978,1728.43133234137,16
6.34,2086.64669334961,1720.19823102671,16
6.35,2079.77083036688,1711.97477376829,16
6.36,2072.96198821315,1703.76148460045,16
6.37,2066.21958541892,1695.55887791437,16
6.38,2059.54304488759,1687.36745854602,16
6.39,2052.93179389793,1679.18772186483,16
6.4,2046.38526410527,1671.02015386285,16
6.41,2039.90289154135,1662.86523124458,16
6.42,2033.48411661298,1654.72342151712,16
6.43,2027.12838409935,1646.59518308089,16
6.44,2020.83514314839,1638.48096532066,16
6.45,2014.60384727173,1630.38120869693,16
6.46,2008.43395433884,1622.29634483758,16
6.47,2002.3249265699,1614.22679662987,16
6.48,1996.27623052776,1606.1729783125,16
6.49,1990.28733710895,1598.13529556791,16
6.5,1984.35772153364,1590.11414561474,16
6.51,1978.48686333482,1582.10991730027,16
6.52,1972.67424634651,1574.12299119301,16
6.53,1966.91935869118,1566.15373967526,16
6.54,1961.22169276637,1558.20252703561,16
6.55,1955.58074523048,1550.26970956145,16
6.56,1949.99601698793,1542.35563563132,16
6.57,1944.46701317345,1534.46064580724,16
6.58,1938.99324313587,1526.58507292674,16
6.59,1933.57422042109,1518.72924219486,16
6.6,1928.20946275451,1510.89347127582,16
6.61,1922.89849202288,1503.07807038453,16
6.62,1917.64083425553,1495.28334237783,16
6.63,1912.43601960504,1487.50958284538,16
6.64,1907.28358232748,1479.75708020029,16
6.65,1902.18306076204,1472.02611576945,16
6.66,1897.13399731027,1464.31696388341,16
6.67,1892.13593841486,1456.62989196595,16
6.68,1887.18843453792,1448.96516062322,16
6.69,1882.29104013896,1441.32302373248,16
6.7,1877.44331365243,1433.70372853041,16
6.71,1872.64481746489,1426.10751570091,16
6.72,1867.89511789187,1418.5346194625,16
6.73,1863.19378515437,1410.98526765517,16
6.74,1858.54039335508,1403.45968182679,16
6.75,1853.93452045434,1395.95807731893,16
6.76,1849.37574824574,1388.48066335219,16
6.77,1844.86366233158,1381.02764311099,16
6.78,1840.39785209804,1373.59921382776,16
6.79,1835.97791069008,1366.1955668666,16
6.8,1831.60343498629,1358.81688780634,16
6.81,1827.27402557337,1351.463356523,16
6.82,1822.98928672058,1344.13514727167,16
6.83,1818.74882635395,1336.83242876774,16
6.84,1814.55225603037,1329.55536426754,16
6.85,1810.39919091159,1322.30411164834,16
6.86,1806.289249738,1315.07882348771,16
6.87,1802.22205480243,1307.87964714223,16
6.88,1798.19723192376,1300.70672482556,16
6.89,1794.21441042051,1293.56019368583,16
6.9,1790.27322308429,1286.44018588241,16
6.91,1786.37330615329,1279.34682866194,16
6.92,1782.51429928564,1272.28024443372,16
6.93,1778.69584553273,1265.2405508445,16
6.94,1774.91759131258,1258.22786085241,16
6.95,1771.17918638311,1251.24228280038,16
6.96,1767.48028381544,1244.28392048874,16
6.97,1763.82053996718,1237.35287324722,16
6.98,1760.19961445571,1230.44923600621,16
6.99,1756.61717013152,1223.5730993673,16
7,1753.07287305152,1216.72454967318,16
7.01,1749.56639245243,1209.90366907677,16
7.02,1746.09740072416,1203.11053560972,16
7.03,1742.66557338329,1196.34522325015,16
7.04,1739.27058904655,1189.60780198971,16
7.05,1735.91212940438,1182.89833789994,16
7.06,1732.5898791946,1176.2168931979,16
7.07,1729.30352617603,1169.56352631115,16
7.08,1726.05276110235,1162.93829194195,16
7.09,1722.83727769589,1156.34124113083,16
7.1,1719.6567726216,1149.77242131942,16
7.11,1716.51094546112,1143.23187641258,16
7.12,1713.39949868683,1136.71964683987,16
7.13,1710.32213763617,1130.23576961626,16
7.14,1707.27857048595,1123.78027840218,16
7.15,1704.26850822679,1117.35320356292,16
7.16,1701.29166463769,1110.95457222724,16
7.17,1698.34775626075,1104.58440834539,16
7.18,1695.43650237593,1098.24273274639,16
7.19,1692.55762497602,1091.92956319461,16
7.2,1689.71084874168,1085.64491444577,16
7.21,1686.89590101664,1079.38879830213,16
7.22,1684.11251178303,1073.1612236671,16
7.23,1681.36041363685,1066.96219659916,16
7.24,1678.63934176358,1060.79172036508,16
7.25,1675.94903391391,1054.64979549255,16
7.26,1673.28923037965,1048.53641982205,16
7.27,1670.65967396979,1042.45158855815,16
7.28,1668.06010998663,1036.39529432013,16
7.29,1665.49028620222,1030.36752719197,16
7.3,1662.94995283476,1024.36827477163,16
7.31,1660.43886252532,1018.39752221979,16
7.32,1657.9567703146,1012.4552523079,16
7.33,1655.50343361995,1006.5414454656,16
7.34,1653.07861221243,1000.65607982752,16
7.35,1650.68206819417,994.799131279479,16
7.36,1648.31356597576,988.970573504052,16
7.37,1645.9728722539,983.170378025521,16
7.38,1643.65975598914,977.398514254231,16
7.39,1641.37398838386,971.654949530343,16
7.4,1639.11534286035,965.939649166989,16
7.41,1636.88359503911,960.252576492831,16
7.42,1634.67852271725,954.593692894044,16
7.43,1632.49990584713,948.962957855706,16
7.44,1630.34752651514,943.360329002621,16
7.45,1628.22116892062,937.785762139571,16
7.46,1626.12061935498,932.239211290988,16
7.47,1624.045666181,926.720628740084,16
7.48,1621.99609981226,921.22996506741,16
7.49,1619.97171269278,915.767169188877,16
7.5,1617.97229927679,910.33218839322,16
7.51,1615.99765600871,904.924968378927,16
7.52,1614.04758130325,899.545453290636,16
7.53,1612.12187552576,894.193585754998,16
7.54,1610.22034097263,888.869306916014,16
7.55,1608.34278185199,883.572556469857,16
7.56,1606.48900426446,878.303272699181,16
7.57,1604.65881618417,873.061392506912,16
7.58,1602.85202743987,867.846851449547,16
7.59,1601.06844969623,862.659583769948,16
7.6,1599.30789643537,857.499522429644,16
7.61,1597.57018293843,852.366599140645,16
7.62,1595.85512626744,847.260744396774,16
7.63,1594.16254524724,842.181887504526,16
7.64,1592.49226044766,837.12995661344,16
7.65,1590.84409416581,832.104878746026,16
7.66,1589.21787040852,827.106579827212,16
7.67,1587.61341487503,822.134984713338,16
7.68,1586.0305549397,817.190017220709,16
7.69,1584.46911963505,812.271600153687,16
7.7,1582.92893963479,807.379655332351,16
7.71,1581.40984723716,802.514103619718,16
7.72,1579.91167634833,797.674864948531,16
7.73,1578.43426246598,792.861858347624,16
7.74,1576.97744266309,788.075001967864,16
7.75,1575.5410555718,783.314213107677,16
7.76,1574.1249413675,778.57940823816,16
7.77,1572.72894175303,773.870503027795,16
7.77931962402032,1571.44589295412,769.505221924749,16
0,9990,10,17
0.01,9989.75343012396,10.1508737511062,17
0.02,9989.50319424505,10.3040173914021,17
0.03,9989.24923737307,10.4594648788554,17
0.04,9988.99150370257,10.6172506725792,17
0.05,9988.72993659923,10.7774097411472,17
0.06,9988.46447858808,10.9399775697247,17
0.07,9988.19507134104,11.1049901676958,17
0.08,9987.92165566424,11.2724840763457,17
0.09,9987.64417148615,11.4424963760896,17
0.1,9987.36255784434,11.6150646945176,17
0.11,9987.07675287264,11.7902272141993,17
0.12,9986.78669378802,11.9680226806414,17
0.13,9986.49231687733,12.1484904103653,17
0.14,9986.19355748378,12.3316702990859,17
0.15,9985.89034999331,12.5176028300027,17
0.16,9985.58262782072,12.7063290822039,17
0.17,9985.27032339562,12.8978907391829,17
0.18,9984.95336814822,13.0923300974678,17
0.19,9984.63169249486,13.2896900753664,17
0.2,9984.30522582342,13.4900142218272,17
0.21,9983.97389647846,13.693346725419,17
0.22,9983.6376317462,13.8997324234287,17
0.23,9983.29635783928,14.1092168110797,17
0.24,9982.94999988132,14.3218460508721,17
0.25,9982.59848189128,14.5376669820459,17
0.26,9982.24172676753,14.7567271301678,17
0.27,9981.87965627187,14.9790747168442,17
0.28,9981.51219101313,15.2047586695612,17
0.29,9981.13925043073,15.4338286316523,17
0.3,9980.7607527779,15.6663349723959,17
0.31,9980.37661510472,15.902328797244,17
0.32,9979.98675324093,16.1418619581822,17
0.33,9979.59108177851,16.3849870642246,17
0.34,9979.18951405402,16.6317574920422,17
0.35,9978.78196213073,16.8822273967287,17
0.36,9978.36833678045,17.136451722703,17
0.37,9977.94854746521,17.3944862147509,17
0.38,9977.52250231861,17.6563874292072,17
0.39,9977.09010812701,17.9222127452793,17
0.4,9976.65127031036,18.192020376513,17
0.41,9976.20589290289,18.465869382404,17
0.42,9975.75387853351,18.7438196801531,17
0.43,9975.29512840591,19.0259320565697,17
0.44,9974.82954227846,19.3122681801228,17
0.45,9974.35701844379,19.6028906131412,17
0.46,9973.8774537082,19.8978628241654,17
0.47,9973.39074337069,20.1972492004505,17
0.48,9972.89678120179,20.501115060623,17
0.49,9972.39545942209,20.809526667492,17
0.5,9971.88666868055,21.1225512410163,17
0.51,9971.37029803242,21.4402569714286,17
0.52,9970.84623491698,21.7627130325177,17
0.53,9970.314365135,22.0899895950712,17
0.54,9969.7745728258,22.4221578404775,17
0.55,9969.22674044417,22.7592899744908,17
0.56,9968.67074873687,23.101459241159,17
0.57,9968.10647671894,23.4487399369156,17
0.58,9967.53380164966,23.8012074248372,17
0.59,9966.95259900817,24.1589381490671,17
0.6,9966.36274246891,24.5220096494072,17
0.61,9965.76410387661,24.8905005760777,17
0.62,9965.1565532211,25.2644907046471,17
0.63,9964.53995861172,25.6440609511328,17
0.64,9963.91418625146,26.0292933872725,17
0.65,9963.27910041077,26.4202712559698,17
0.66,9962.63456340107,26.8170789869118,17
0.67,9961.98043554793,27.219802212362,17
0.68,9961.31657516392,27.6285277831282,17
0.69,9960.64283852112,28.0433437847062,17
0.7,9959.95907982336,28.464339553601,17
0.71,9959.26515117807,28.8916056938249,17
0.72,9958.56090256783,29.3252340935739,17
0.73,9957.84618182157,29.7653179420839,17
0.74,9957.12083458546,30.211951746665,17
0.75,9956.38470429338,30.6652313499167,17
0.76,9955.6376321372,31.1252539471236,17
0.77,9954.87945703655,31.5921181038319,17
0.78,9954.11001560836,32.0659237736071,17
0.79,9953.32914213599,32.5467723159734,17
0.8,9952.53666853805,33.0347665145353,17
0.81,9951.73242433685,33.5300105952811,17
0.82,9950.91623662647,34.0326102450683,17
0.83,9950.08793004054,34.5426726302921,17
0.84,9949.24732671962,35.0603064157352,17
0.85,9948.3942462782,35.5856217836007,17
0.86,9947.5285057714,36.1187304527261,17
0.87,9946.64991966125,36.6597456979796,17
0.88,9945.75829978264,37.208782369838,17
0.89,9944.85345530892,37.7659569141445,17
0.9,9943.93519271707,38.3313873920484,17
0.91,9943.00331575261,38.9051935001233,17
0.92,9942.05762539401,39.4874965906653,17
0.93,9941.09791981683,40.0784196921687,17
0.94,9940.12399435749,40.6780875299799,17
0.95,9939.13564147658,41.2866265471266,17
0.96,9938.13265072192,41.9041649253229,17
0.97,9937.11480869117,42.530832606148,17
0.98,9936.08189899405,43.1667613123968,17
0.99,9935.0337022143,43.8120845696024,17
1,9933.96999587115,44.4669377277269,17
1.01,9932.89055438047,45.1314579830202,17
1.02,9931.79514901553,45.8057844000438,17
1.03,9930.68354786747,46.4900579338583,17
1.04,9929.55551580524,47.184421452372,17
1.05,9928.41081443536,47.8890197588479,17
1.06,9927.24920206115,48.6039996145673,17
1.07,9926.07043364168,49.3295097616463,17
1.08,9924.87426075036,50.065700946003,17
1.09,9923.66043153312,50.8127259404721,17
1.1,9922.42869066627,51.5707395680638,17
1.11,9921.17877931396,52.3398987253624,17
1.12,9919.91043508531,53.1203624060635,17
1.13,9918.6233919912,53.9122917246424,17
1.14,9917.31738040066,54.7158499401526,17
1.15,9915.99212699698,55.5312024801492,17
1.16,9914.64735473337,56.3585169647313,17
1.17,9913.28278278839,57.197963230701,17
1.18,9911.898126521,58.0497133558318,17
1.19,9910.49309742521,58.9139416832429,17
1.2,9909.06740308453,59.7908248458728,17
1.21,9907.62074712597,60.6805417910466,17
1.22,9906.15282917377,61.5832738051315,17
1.23,9904.66334480288,62.4992045382738,17
1.24,9903.151985492,63.4285200292107,17
1.25,9901.6184385764,64.3714087301501,17
1.26,9900.06238720046,65.328061531712,17
1.27,9898.48351026987,66.2986717879223,17
1.28,9896.88148240355,67.2834353412529,17
1.29,9895.25597388534,68.2825505476995,17
1.3,9893.60665061535,69.2962183018875,17
1.31,9891.93317406116,70.3246420621991,17
1.32,9890.23520120864,71.3680278759108,17
1.33,9888.51238451264,72.4265844043326,17
1.34,9886.76437184736,73.5005229479394,17
1.35,9884.9908064566,74.5900574714824,17
1.36,9883.19132690367,75.6954046290725,17
1.37,9881.36556702124,76.8167837892225,17
1.38,9879.51315586089,77.9544170598376,17
1.39,9877.63371764255,79.1085293131422,17
1.4,9875.72687170376,80.27934821053,17
1.41,9873.79223244875,81.4671042273258,17
1.42,9871.82940929746,82.6720306774445,17
1.43,9869.83800663437,83.8943637379341,17
1.44,9867.81762375723,85.1343424733889,17
1.45,9865.76785482574,86.3922088602175,17
1.46,9863.68828881014,87.6682078107505,17
1.47,9861.57850943971,88.9625871971733,17
1.48,9859.43809515127,90.2755978752654,17
1.49,9857.26661903767,91.6074937079322,17
1.5,9855.06364879622,92.9585315885097,17
1.51,9852.8287466772,94.3289714638259,17
1.52,9850.56146943237,95.7190763569988,17
1.53,9848.26136826355,97.1291123899537,17
1.54,9845.9279887713,98.5593488056386,17
1.55,9843.56087090366,100.010057989918,17
1.56,9841.1595489051,101.481515493126,17
1.57,9838.7235512655,102.974000051251,17
1.58,9836.25240066942,104.487793606741,17
1.59,9833.74561394554,106.023181328893,17
1.6,9831.2027020163,107.580451633814,17
1.61,9828.62316984781,109.159896203927,17
1.62,9826.00651640011,110.761810006986,17
1.63,9823.35223457765,112.386491314598,17
1.64,9820.65981118019,114.034241720197,17
1.65,9817.92872685402,115.705366156467,17
1.66,9815.1584560437,117.400172912172,17
1.67,9812.3484669441,119.11897364837,17
1.68,9809.49822145305,120.862083413978,17
1.69,9806.60717512442,122.629820660666,17
1.7,9803.67477712181,124.422507257032,17
1.71,9800.7004701728,126.240468502048,17
1.72,9797.68369052386,128.084033137731,17
1.73,9794.6238678959,129.953533360999,17
1.74,9791.52042544053,131.849304834701,17
1.75,9788.37277969715,133.771686697758,17
1.76,9785.18034055073,135.721021574401,17
1.77,9781.9425111905,137.697655582454,17
1.78,9778.65868806954,139.701938340635,17
1.79,9775.3282608653,141.734222974828,17
1.8,9771.95061244104,143.794866123289,17
1.81,9768.52511880842,145.884227940749,17
1.82,9765.05114909111,148.002672101367,17
1.83,9761.52806548955,150.150565800491,17
1.84,9757.95522324691,152.328279755188,17
1.85,9754.33197061632,154.536188203492,17
1.86,9750.6576488294,156.774668902331,17
1.87,9746.93159206611,159.044103124083,17
1.88,9743.15312742613,161.344875651711,17
1.89,9739.32157490161,163.677374772432,17
1.9,9735.43624735156,166.041992269874,17
1.91,9731.49645047783,168.43912341466,17
1.92,9727.50148280271,170.869166953382,17
1.93,9723.45063564842,173.332525095892,17
1.94,9719.34319311822,175.829603500886,17
1.95,9715.1784320796,178.36081125969,17
1.96,9710.95562214929,180.926560878229,17
1.97,9706.67402568036,183.527268257095,17
1.98,9702.33289775143,186.163352669668,17
1.99,9697.93148615803,188.835236738236,17
2,9693.46903140624,191.54334640804,17
2.01,9688.94476670864,194.2881109192,17
2.02,9684.35791798275,197.069962776448,17
2.03,9679.70770385187,199.889337716612,17
2.04,9674.9933356486,202.746674673784,17
2.05,9670.21401742094,205.642415742115,17
2.06,9665.36894594123,208.577006136157,17
2.07,9660.45731071789,211.550894148705,17
2.08,9655.47829401007,214.564531106055,17
2.09,9650.43107084542,217.618371320618,17
2.1,9645.31480904086,220.712872040825,17
2.11,9640.12866922663,223.848493398243,17
2.12,9634.87180487369,227.025698351841,17
2.13,9629.54336232438,230.244952629328,17
2.14,9624.14248082679,233.506724665499,17
2.15,9618.66829257253,236.811485537508,17
2.16,9613.11992273834,240.159708896995,17
2.17,9607.49648953148,243.551870899008,17
2.18,9601.797104239,246.988450127623,17
2.19,9596.02087128105,250.469927518202,17
2.2,9590.16688826828,253.996786276212,17
2.21,9584.23424606357,257.569511792524,17
2.22,9578.22202884796,261.18859155512,17
2.23,9572.12931419112,264.85451505713,17
2.24,9565.95517312637,268.567773701119,17
2.25,9559.69867023034,272.328860699559,17
2.26,9553.35886370743,276.138270971386,17
2.27,9546.93480547917,279.996501034594,17
2.28,9540.42554127857,283.904048894762,17
2.29,9533.83011074963,287.861413929451,17
2.3,9527.14754755205,291.869096768399,17
2.31,9520.37687947131,295.927599169417,17
2.32,9513.51712853424,300.037423889932,17
2.33,9506.56731113014,304.199074554087,17
2.34,9499.5264381376,308.41305551533,17
2.35,9492.39351505723,312.679871714411,17
2.36,9485.16754215018,317.000028532717,17
2.37,9477.84751458282,321.374031640875,17
2.38,9470.43242257757,325.80238684254,17
2.39,9462.92125156997,330.285599913311,17
2.4,9455.31298237221,334.824176434693,17
2.41,9447.6065913431,339.418621623044,17
2.42,9439.80105056475,344.069440153439,17
2.43,9431.89532802593,348.777135978377,17
2.44,9423.8883878123,353.542212141283,17
2.45,9415.7791903036,358.365170584733,17
2.46,9407.56669237793,363.246511953335,17
2.47,9399.24984762317,368.186735391229,17
2.48,9390.82760655572,373.186338334133,17
2.49,9382.29891684659,378.245816295888,17
2.5,9373.66272355504,383.365662649456,17
2.51,9364.91796936973,388.546368402317,17
2.52,9356.06359485763,393.788421966226,17
2.53,9347.09853872063,399.092308921285,17
2.54,9338.02173806011,404.458511774302,17
2.55,9328.83212864939,409.887509711388,17
2.56,9319.52864521427,415.379778344771,17
2.57,9310.11022172164,420.935789453813,17
2.58,9300.57579167637,426.556010720173,17
2.59,9290.92428842638,432.240905457144,17
2.6,9281.15464547613,437.990932333113,17
2.61,9271.26579680845,443.806545089157,17
2.62,9261.2566772149,449.688192250767,17
2.63,9251.12622263454,455.636316833701,17
2.64,9240.87337050141,461.651356043974,17
2.65,9230.49706010046,467.733740971998,17
2.66,9219.99623293226,473.883896280897,17
2.67,9209.3698330863,480.102239889016,17
2.68,9198.61680762302,486.389182646656,17
2.69,9187.73610696452,492.745128007082,17
2.7,9176.72668529406,499.170471691838,17
2.71,9165.58750096421,505.66560135043,17
2.72,9154.31751691379,512.230896214435,17
2.73,9142.91570109348,518.866726746101,17
2.74,9131.38102690009,525.573454281518,17
2.75,9119.71247361956,532.351430668437,17
2.76,9107.90902687853,539.200997898837,17
2.77,9095.96967910448,546.122487736329,17
2.78,9083.89342999436,553.116221338516,17
2.79,9071.67928699175,560.182508874426,17
2.8,9059.32626577228,567.321649137132,17
2.81,9046.83339073741,574.533929151716,17
2.82,9034.19969551632,581.819623778703,17
2.83,9021.42422347594,589.178995313133,17
2.84,9008.50602823887,596.612293079434,17
2.85,8995.44417420914,604.119753022266,17
2.86,8982.23773710566,611.701597293527,17
2.87,8968.88580450316,619.358033835723,17
2.88,8955.38747638048,627.089255961894,17
2.89,8941.741865676,634.895441932326,17
2.9,8927.94809885015,642.776754528279,17
2.91,8914.00531645449,650.733340622959,17
2.92,8899.91267370754,658.765330749998,17
2.93,8885.6693410768,666.872838669698,17
2.94,8871.2745048668,675.055960933313,17
2.95,8856.7273678131,683.314776445657,17
2.96,8842.02714968163,691.649346026331,17
2.97,8827.17308787341,700.059711969886,17
2.98,8812.16443803409,708.545897605225,17
2.99,8797.00047466822,717.107906854602,17
3,8781.68049175765,725.745723792525,17
3.01,8766.203803384,734.459312204965,17
3.02,8750.56974435459,743.248615149186,17
3.03,8734.77767083164,752.113554514614,17
3.04,8718.8269609642,761.054030585117,17
3.05,8702.71701552252,770.069921603096,17
3.06,8686.44725853436,779.1610833358,17
3.07,8670.01713792283,788.327348644292,17
3.08,8653.42612614537,797.568527055492,17
3.09,8636.67372083322,806.884404337748,17
3.1,8619.75944543119,816.274742080385,17
3.11,8602.68284983695,825.739277277685,17
3.12,8585.44351103949,835.277721917801,17
3.13,8568.04103375622,844.889762577052,17
3.14,8550.47505106812,854.57506002012,17
3.15,8532.74522505243,864.333248806625,17
3.16,8514.85124741235,874.163936904617,17
3.17,8496.79284010304,884.06670531146,17
3.18,8478.56975595358,894.041107682678,17
3.19,8460.18177928399,904.086669969252,17
3.2,8441.62872651697,914.202890063932,17
3.21,8422.91044678362,924.389237457094,17
3.22,8404.02682252246,934.64515290269,17
3.23,8384.97777007121,944.970048094848,17
3.24,8365.76324025072,955.363305355667,17
3.25,8346.38321894018,965.824277334777,17
3.26,8326.83772764319,976.352286721214,17
3.27,8307.12682404394,986.94662596818,17
3.28,8287.25060255269,997.606557031244,17
3.29,8267.20919484014,1008.33131112055,17
3.3,8247.0027703597,1019.12008846761,17
3.31,8226.63153685725,1029.97205810716,17
3.32,8206.09574086745,1040.88635767484,17
3.33,8185.39566819615,1051.86209322092,17
3.34,8164.53164438796,1062.89833904099,17
3.35,8143.50403517851,1073.9941375239,17
3.36,8122.31324693056,1085.14849901754,17
3.37,8100.95972705328,1096.36040171311,17
3.38,8079.44396440412,1107.62879154822,17
3.39,8057.76648967249,1118.95258212946,17
3.4,8035.92787574456,1130.33065467492,17
3.41,8013.92873804856,1141.7618579771,17
3.42,7991.76973488,1153.24500838671,17
3.43,7969.45156770588,1164.77888981791,17
3.44,7946.9749814476,1176.36225377522,17
3.45,7924.34076474165,1187.99381940285,17
3.46,7901.54975017764,1199.67227355649,17
3.47,7878.60281451294,1211.39627089832,17
3.48,7855.5008788635,1223.16443401537,17
3.49,7832.24490887002,1234.97535356169,17
3.5,7808.83591483921,1246.82758842462,17
3.51,7785.27495185939,1258.71966591556,17
3.52,7761.56311988998,1270.65008198539,17
3.53,7737.70156382439,1282.61730146497,17
3.54,7713.69147352585,1294.61975833081,17
3.55,7689.53408383566,1306.65585599623,17
3.56,7665.23067455352,1318.72396762815,17
3.57,7640.7825703895,1330.82243648972,17
3.58,7616.19114088724,1342.94957630875,17
3.59,7591.4578003181,1355.10367167235,17
3.6,7566.5840075459,1367.28297844755,17
3.61,7541.57126586199,1379.48572422807,17
3.62,7516.42112279037,1391.71010880728,17
3.63,7491.13516986268,1403.95430467724,17
3.64,7465.71504236277,1416.21645755381,17
3.65,7440.16241904082,1428.49468692773,17
3.66,7414.47902179685,1440.78708664153,17
3.67,7388.66661533344,1453.09172549212,17
3.68,7362.72700677776,1465.40664785884,17
3.69,7336.66204527277,1477.72987435677,17
3.7,7310.4736215377,1490.05940251501,17
3.71,7284.16366739783,1502.39320747962,17
3.72,7257.73415528367,1514.7292427409,17
3.73,7231.18709769967,1527.06544088457,17
3.74,7204.5245466627,1539.39971436658,17
3.75,7177.74859311046,1551.72995631094,17
3.76,7150.86136628005,1564.05404133013,17
3.77,7123.86503305707,1576.36982636765,17
3.78,7096.76179729553,1588.67515156209,17
3.79,7069.55389910901,1600.96784113209,17
3.8,7042.24361413335,1613.24570428165,17
3.81,7014.83325276151,1625.50653612508,17
3.82,6987.3251593509,1637.74811863095,17
3.83,6959.72171140388,1649.96822158419,17
3.84,6932.02531872185,1662.16460356579,17
3.85,6904.23842253366,1674.33501294911,17
3.86,6876.36349459888,1686.47718891212,17
3.87,6848.40303628668,1698.5888624647,17
3.88,6820.35957763097,1710.66775749003,17
3.89,6792.23567636262,1722.71159179934,17
3.9,6764.03391691949,1734.71807819901,17
3.91,6735.75690943503,1746.684925569,17
3.92,6707.40728870643,1758.60983995179,17
3.93,6678.98771314306,1770.49052565074,17
3.94,6650.50086369622,1782.32468633689,17
3.95,6621.94944277096,1794.11002616318,17
3.96,6593.33617312113,1805.84425088505,17
3.97,6564.66379672845,1817.52506898629,17
3.98,6535.93507366679,1829.15019280919,17
3.99,6507.15278095249,1840.71733968784,17
4,6478.31971138185,1852.22423308346,17
4.01,6449.438672357,1863.66860372069,17
4.02,6420.51248470086,1875.04819072374,17
4.03,6391.54398146274,1886.36074275133,17
4.04,6362.53600671525,1897.60401912915,17
4.05,6333.49141434402,1908.77579097893,17
4.06,6304.41306683105,1919.87384234282,17
4.07,6275.30383403301,1930.89597130214,17
4.08,6246.16659195561,1941.83999108923,17
4.09,6217.00422152505,1952.70373119144,17
4.1,6187.81960735791,1963.48503844601,17
4.11,6158.61563653049,1974.181778125,17
4.12,6129.39519734869,1984.79183500889,17
4.13,6100.16117811976,1995.31311444809,17
4.14,6070.91646592693,2005.74354341108,17
4.15,6041.66394540802,2016.08107151836,17
4.16,6012.40649753928,2026.32367206104,17
4.17,5983.14699842545,2036.46934300318,17
4.18,5953.88831809719,2046.51610796688,17
4.19,5924.63331931701,2056.46201719924,17
4.2,5895.38485639464,2066.30514852018,17
4.21,5866.14577401307,2076.04360825028,17
4.22,5836.91890606609,2085.67553211786,17
4.23,5807.70707450854,2095.19908614432,17
4.24,5778.51308822013,2104.61246750705,17
4.25,5749.3397418838,2113.91390537914,17
4.26,5720.18981487971,2123.10166174505,17
4.27,5691.0660701955,2132.17403219172,17
4.28,5661.97125335403,2141.12934667426,17
4.29,5632.90809135921,2149.96597025571,17
4.3,5603.87929166087,2158.68230382026,17
4.31,5574.88754113946,2167.27678475937,17
4.32,5545.93550511128,2175.74788763017,17
4.33,5517.0258263551,2184.09412478587,17
4.34,5488.16112416074,2192.31404697754,17
4.35,5459.34399340037,2200.40624392688,17
4.36,5430.57700362311,2208.36934486983,17
4.37,5401.86269817358,2216.20201907032,17
4.38,5373.20359333488,2223.90297630426,17
4.39,5344.60217749663,2231.47096731326,17
4.4,5316.06091034848,2238.90478422797,17
4.41,5287.58222209958,2246.20326096088,17
4.42,5259.16851272437,2253.36527356846,17
4.43,5230.82215123517,2260.3897405825,17
4.44,5202.54547498181,2267.27562331066,17
4.45,5174.34078897869,2274.02192610617,17
4.46,5146.21036525939,2280.62769660679,17
4.47,5118.15644225926,2287.09202594295,17
4.48,5090.18122422605,2293.41404891536,17
4.49,5062.28688065875,2299.59294414206,17
4.5,5034.47554577472,2305.62793417518,17
4.51,5006.74931800539,2311.51828558761,17
4.52,4979.11025952028,2317.26330902981,17
4.53,4951.5603957796,2322.86235925698,17
4.54,4924.1017151153,2328.314835127,17
4.55,4896.73616834049,2333.62017956945,17
4.56,4869.46566838725,2338.77787952601,17
4.57,4842.29208997261,2343.78746586271,17
4.58,4815.21726929258,2348.64851325444,17
4.59,4788.24300374408,2353.36064004215,17
4.6,4761.37105167454,2357.92350806326,17
4.61,4734.60313215889,2362.33682245575,17
4.62,4707.94092480377,2366.60033143643,17
4.63,4681.38606957857,2370.71382605401,17
4.64,4654.94016667303,2374.67713991752,17
4.65,4628.60477638108,2378.49014890057,17
4.66,4602.3814190105,2382.1527708222,17
4.67,4576.27157481804,2385.66496510486,17
4.68,4550.27668396959,2389.02673241021,17
4.69,4524.39814652498,2392.23811425324,17
4.7,4498.63732244697,2395.29919259567,17
4.71,4472.99553163388,2398.21008941897,17
4.72,4447.47405397551,2400.970966278,17
4.73,4422.07412943175,2403.58202383567,17
4.74,4396.79695813343,2406.04350137962,17
4.75,4371.64370050476,2408.35567632138,17
4.76,4346.61547740705,2410.51886367891,17
4.77,4321.71337030294,2412.53341554314,17
4.78,4296.93842144065,2414.39972052925,17
4.79,4272.29163405771,2416.11820321352,17
4.8,4247.77397260362,2417.68932355628,17
4.81,4223.38636298074,2419.11357631191,17
4.82,4199.12969280289,2420.39149042647,17
4.83,4175.00481167113,2421.52362842375,17
4.84,4151.01253146597,2422.51058578042,17
4.85,4127.15362665553,2423.35299029111,17
4.86,4103.428834619,2424.05150142393,17
4.87,4079.83885598478,2424.60680966739,17
4.88,4056.38435498273,2425.01963586925,17
4.89,4033.06595980988,2425.29073056799,17
4.9,4009.88426300903,2425.42087331777,17
4.91,3986.83982185963,2425.41087200728,17
4.92,3963.93315878035,2425.26156217345,17
4.93,3941.16476174265,2424.97380631043,17
4.94,3918.53508469499,2424.54849317458,17
4.95,3896.04454799677,2423.98653708625,17
4.96,3873.69353886172,2423.28887722866,17
4.97,3851.48241180996,2422.45647694479,17
4.98,3829.4114891283,2421.49032303275,17
4.99,3807.48106133809,2420.39142504019,17
5,3785.69138767021,2419.16081455838,17
5.01,3764.04269654652,2417.79954451652,17
5.02,3742.53518606733,2416.30868847677,17
5.03,3721.16902450433,2414.68933993055,17
5.04,3699.94435079847,2412.94261159671,17
5.05,3678.86127506228,2411.06963472191,17
5.06,3657.91987908609,2409.0715583838,17
5.07,3637.12021684782,2406.94954879748,17
5.08,3616.46231502566,2404.7047886256,17
5.09,3595.94617351327,2402.33847629261,17
5.1,3575.57176593717,2399.85182530362,17
5.11,3555.33904017563,2397.2460635681,17
5.12,3535.24791887886,2394.522432729,17
5.13,3515.29829998995,2391.68218749761,17
5.14,3495.49005726621,2388.72659499438,17
5.15,3475.82304080053,2385.65693409628,17
5.16,3456.29707754231,2382.47449479079,17
5.17,3436.91197181773,2379.18057753701,17
5.18,3417.66750584881,2375.77649263403,17
5.19,3398.56344027112,2372.26355959701,17
5.2,3379.59951464969,2368.64310654104,17
5.21,3360.7754479928,2364.91646957319,17
5.22,3342.09093926343,2361.08499219286,17
5.23,3323.54566788796,2357.15002470079,17
5.24,3305.13929426197,2353.11292361676,17
5.25,3286.87146025278,2348.97505110627,17
5.26,3268.74178969844,2344.73777441644,17
5.27,3250.7498889031,2340.40246532108,17
5.28,3232.89534712827,2335.97049957537,17
5.29,3215.17773708001,2331.44325637998,17
5.3,3197.59661539164,2326.82211785496,17
5.31,3180.15152310187,2322.10846852351,17
5.32,3162.84198612811,2317.30369480553,17
5.33,3145.66751573488,2312.40918452128,17
5.34,3128.62760899701,2307.42632640511,17
5.35,3111.72174925754,2302.35650962922,17
5.36,3094.94940658025,2297.20112333776,17
5.37,3078.31003819656,2291.96155619106,17
5.38,3061.80308894669,2286.63919592012,17
5.39,3045.42799171507,2281.23542889145,17
5.4,3029.18416785978,2275.75163968214,17
5.41,3013.07102763594,2270.18921066524,17
5.42,2997.08797061298,2264.54952160546,17
5.43,2981.23438608576,2258.83394926507,17
5.44,2965.50965347932,2253.04386702014,17
5.45,2949.91314274737,2247.1806444869,17
5.46,2934.44421476428,2241.24564715836,17
5.47,2919.10222171073,2235.240236051,17
5.48,2903.88650745272,2229.16576736155,17
5.49,2888.79640791423,2223.0235921338,17
5.5,2873.83125144311,2216.81505593536,17
5.51,2858.99035917053,2210.54149854424,17
5.52,2844.27304536376,2204.20425364527,17
5.53,2829.67861777238,2197.80464853627,17
5.54,2815.20637796783,2191.34400384372,17
5.55,2800.85562167632,2184.82363324808,17
5.56,2786.62563910522,2178.24484321844,17
5.57,2772.51571526279,2171.60893275657,17
5.58,2758.52513027129,2164.91719315014,17
5.59,2744.65315967361,2158.17090773504,17
5.6,2730.89907473333,2151.37135166672,17
5.61,2717.26214272823,2144.51979170037,17
5.62,2703.74162723743,2137.61748597985,17
5.63,2690.336788422,2130.66568383528,17
5.64,2677.04688329922,2123.66562558909,17
5.65,2663.87116601053,2116.61854237044,17
5.66,2650.8088880831,2109.5256559379,17
5.67,2637.85929868525,2102.38817851024,17
5.68,2625.02164487562,2095.20731260512,17
5.69,2612.2951718462,2087.98425088573,17
5.7,2599.67912315939,2080.72017601502,17
5.71,2587.17274097891,2073.41626051751,17
5.72,2574.77526629485,2066.07366664857,17
5.73,2562.48593914286,2058.69354627095,17
5.74,2550.3039988175,2051.27704073835,17
5.75,2538.22868407981,2043.82528078616,17
5.76,2526.25923335936,2036.33938642888,17
5.77,2514.39488495054,2028.82046686438,17
5.78,2502.63487720344,2021.26962038461,17
5.79,2490.9784487093,2013.68793429283,17
5.8,2479.42483848053,2006.07648482706,17
5.81,2467.97328612554,1998.4363370897,17
5.82,2456.62303201828,1990.76854498314,17
5.83,2445.37331746274,1983.0741511512,17
5.84,2434.22338485236,1975.35418692634,17
5.85,2423.17247782452,1967.60967228241,17
5.86,2412.21984141011,1959.84161579283,17
5.87,2401.36472217838,1952.05101459412,17
5.88,2390.60636837704,1944.23885435456,17
5.89,2379.94403006768,1936.40610924788,17
5.9,2369.37695925679,1928.55374193184,17
5.91,2358.90441002217,1920.68270353162,17
5.92,2348.52563863509,1912.7939336278,17
5.93,2338.23990367807,1904.88836024883,17
5.94,2328.04646615848,1896.96689986792,17
5.95,2317.94458961806,1889.03045740415,17
5.96,2307.93354023831,1881.07992622769,17
5.97,2298.01258694198,1873.11618816905,17
5.98,2288.1810014907,1865.14011353218,17
5.99,2278.43805857873,1857.15256111131,17
6,2268.78303592304,1849.1543782115,17
6.01,2259.21521434978,1841.14640067258,17
6.02,2249.73387787715,1833.12945289663,17
6.03,2240.33831379478,1825.10434787867,17
6.04,2231.02781273977,1817.07188724053,17
6.05,2221.8016687693,1809.03286126783,17
6.06,2212.65917943012,1800.98804894986,17
6.07,2203.59964582476,1792.93821802239,17
6.08,2194.62237267469,1784.88412501315,17
6.09,2185.72666838048,1776.82651529002,17
6.1,2176.91184507891,1768.76612311174,17
6.11,2168.17721869733,1760.70367168106,17
6.12,2159.52210900513,1752.63987320025,17
6.13,2150.94583966246,1744.57542892889,17
6.14,2142.44773826637,1736.51102924377,17
6.15,2134.02713639425,1728.44735370096,17
6.16,2125.68336964479,1720.38507109971,17
6.17,2117.41577767646,1712.32483954844,17
6.18,2109.22370424362,1704.26730653234,17
6.19,2101.1064972302,1696.2131089829,17
6.2,2093.06350868124,1688.16287334891,17
6.21,2085.09409483212,1680.11721566913,17
6.22,2077.19761613564,1672.07674164643,17
6.23,2069.37343728709,1664.04204672335,17
6.24,2061.62092724719,1656.01371615894,17
6.25,2053.93945926314,1647.99232510697,17
6.26,2046.32841088768,1639.97843869526,17
6.27,2038.78716399636,1631.97261210611,17
6.28,2031.31510480295,1623.97539065794,17
6.29,2023.9116238731,1615.98730988773,17
6.3,2016.57611613638,1608.00889563452,17
6.31,2009.30798089655,1600.04066412376,17
6.32,2002.10662184032,1592.08312205244,17
6.33,1994.97144704455,1584.13676667497,17
6.34,1987.90186898193,1576.20208588977,17
6.35,1980.89730452523,1568.27955832653,17
6.36,1973.9571749501,1560.36965343396,17
6.37,1967.08090593662,1552.47283156817,17
6.38,1960.2679275694,1544.58954408146,17
6.39,1953.51767433653,1536.7202334116,17
6.4,1946.82958512722,1528.86533317141,17
6.41,1940.20310322829,1521.02526823879,17
6.42,1933.63767631953,1513.20045484692,17
6.43,1927.13275646792,1505.39130067479,17
6.44,1920.68780012083,1497.59820493792,17
6.45,1914.30226809815,1489.82155847919,17
6.46,1907.97562558346,1482.06174385989,17
6.47,1901.70734211425,1474.31913545074,17
6.48,1895.49689157117,1466.59409952306,17
6.49,1889.34375216648,1458.8869943399,17
6.5,1883.24740643162,1451.19817024717,17
6.51,1877.2073412039,1443.52796976466,17
6.52,1871.22304761251,1435.87672767705,17
6.53,1865.29402106373,1428.24477112475,17
6.54,1859.41976122537,1420.63241969461,17
6.55,1853.59977201065,1413.03998551041,17
6.56,1847.83356156123,1405.46777332324,17
6.57,1842.12064222982,1397.9160806015,17
6.58,1836.460530562,1390.38519762081,17
6.59,1830.85274727754,1382.87540755345,17
6.6,1825.2968172512,1375.38698655768,17
6.61,1819.79226949293,1367.92020386659,17
6.62,1814.3386371276,1360.47532187663,17
6.63,1808.93545737428,1353.05259623581,17
6.64,1803.58227152498,1345.65227593144,17
6.65,1798.27862492307,1338.27460337753,17
6.66,1793.02406694116,1330.91981450167,17
6.67,1787.81815095872,1323.58813883153,17
6.68,1782.66043433924,1316.27979958086,17
6.69,1777.55047840707,1308.99501373498,17
6.7,1772.48784842393,1301.73399213587,17
6.71,1767.47211356513,1294.4969395666,17
6.72,1762.50284689546,1287.28405483537,17
6.73,1757.57962534481,1280.09553085892,17
6.74,1752.7020296836,1272.9315547454,17
6.75,1747.86964449788,1265.79230787672,17
6.76,1743.08205816424,1258.67796599026,17
6.77,1738.33886282457,1251.58869926006,17
6.78,1733.63965436051,1244.52467237733,17
6.79,1728.98403236787,1237.48604463042,17
6.8,1724.37160013073,1230.47296998419,17
6.81,1719.80196459555,1223.48559715862,17
6.82,1715.274736345,1216.52406970698,17
6.83,1710.78952957176,1209.58852609323,17
6.84,1706.34596205223,1202.67909976879,17
6.85,1701.94365512002,1195.79591924872,17
6.86,1697.5822336395,1188.93910818714,17
6.87,1693.26132597917,1182.1087854521,17
6.88,1688.98056398506,1175.3050651997,17
6.89,1684.73958295396,1168.52805694758,17
6.9,1680.53802160674,1161.77786564768,17
6.91,1676.37552206153,1155.05459175841,17
6.92,1672.25172980697,1148.35833131603,17
6.93,1668.16629367534,1141.68917600543,17
6.94,1664.11886581582,1135.04721323018,17
6.95,1660.10910166763,1128.4325261819,17
6.96,1656.13665993325,1121.84519390892,17
6.97,1652.20120255165,1115.28529138428,17
6.98,1648.30239467156,1108.75288957299,17
6.99,1644.43990462474,1102.24805549863,17
7,1640.61340389935,1095.77085230927,17
7.01,1636.82256711331,1089.3213393426,17
7.02,1633.06707198774,1082.89957219051,17
7.03,1629.34659932049,1076.5056027628,17
7.04,1625.66083295973,1070.13947935038,17
7.05,1622.00945977755,1063.80124668761,17
7.06,1618.39216964375,1057.49094601406,17
7.07,1614.80865539963,1051.20861513551,17
7.08,1611.25861283191,1044.9542884843,17
7.09,1607.74174064673,1038.72799717897,17
7.1,1604.25774044378,1032.52976908321,17
7.11,1600.80631669048,1026.35962886415,17
7.12,1597.38717669632,1020.21759804993,17
7.13,1594.00003058733,1014.10369508663,17
7.14,1590.64459128056,1008.01793539448,17
7.15,1587.32057445882,1001.96033142344,17
7.16,1584.02769854547,995.930892708043,17
7.17,1580.76568467931,989.929625921679,17
7.18,1577.53425668969,983.956534930085,17
7.19,1574.33314107167,978.011620844262,17
7.2,1571.16206696137,972.094882072699,17
7.21,1568.02076611142,966.20631437295,17
7.22,1564.90897286661,960.345910902559,17
7.23,1561.82642413961,954.513662269334,17
7.24,1558.77285938689,948.709556580985,17
7.25,1555.74802058478,942.93357949412,17
7.26,1552.75165220569,937.185714262598,17
7.27,1549.78350119441,931.46594178527,17
7.28,1546.84331694471,925.774240653073,17
7.29,1543.93085127593,920.110587195516,17
7.3,1541.04585840988,914.474955526547,17
7.31,1538.18809494775,908.867317589798,17
7.32,1535.35731984735,903.287643203237,17
7.33,1532.55329440032,897.735900103205,17
7.34,1529.7757822097,892.212053987855,17
7.35,1527.02454916749,886.716068560008,17
7.36,1524.29936343252,881.247905569406,17
7.37,1521.59999540835,875.807524854391,17
7.38,1518.92621772147,870.394884383004,17
7.39,1516.27780519956,865.009940293501,17
7.4,1513.65453484995,859.652646934318,17
7.41,1511.05618583833,854.322956903449,17
7.42,1508.48253946746,849.020821087289,17
7.43,1505.93337915622,843.746188698902,17
7.44,1503.40849041872,838.499007315758,17
7.45,1500.90766084362,833.279222916918,17
7.46,1498.43068007363,828.086779919677,17
7.47,1495.97733978514,822.921621215685,17
7.48,1493.54743366806,817.78368820653,17
7.49,1491.1407574058,812.672920838807,17
7.5,1488.75710865545,807.589257638662,17
7.51,1486.39628702809,802.532635745829,17
7.52,1484.05809406932,797.502990947158,17
7.53,1481.7423332399,792.500257709642,17
7.54,1479.44880989661,787.524369212946,17
7.55,1477.17733127325,782.575257381449,17
7.56,1474.92770646181,777.652852915795,17
7.57,1472.69974639382,772.757085323965,17
7.58,1470.49326382186,767.887882951875,17
7.59,1468.30807330123,763.0451730135,17
7.6,1466.14399117178,758.228881620539,17
7.61,1464.00083553996,753.43893381161,17
7.62,1461.87842626094,748.675253581001,17
7.63,1459.77658492099,743.937763906962,17
7.64,1457.69513481993,739.226386779557,17
7.65,1455.63390095385,734.541043228079,17
7.66,1453.59270999788,729.88165334802,17
7.67,1451.57139028923,725.248136327624,17
7.68,1449.56977181028,720.640410474005,17
7.69,1447.58768617192,716.058393238852,17
7.7,1445.62496659701,711.50200124372,17
7.71,1443.68144790399,706.971150304902,17
7.72,1441.75696649067,702.465755457908,17
7.73,1439.85136031817,697.985730981535,17
7.74,1437.96446889498,693.530990421551,17
7.75,1436.09613326125,689.101446613976,17
7.76,1434.24619597316,684.697011707991,17
7.77,1432.41450108746,680.317597188459,17
7.78,1430.60089414621,675.963113898068,17
7.79,1428.80522216159,671.633472059111,17
7.8,1427.02733360094,667.328581294888,17
7.81,1425.26707837189,663.048350650761,17
7.82,1423.52430780763,658.792688614834,17
7.83,1421.79887465243,654.561503138297,17
7.84,1420.09063304716,650.354701655406,17
7.85,1418.39943851503,646.172191103135,17
7.86,1416.72514794752,642.013877940475,17
7.87,1415.06761959034,637.879668167407,17
7.88,1413.42671302962,633.769467343537,17
7.89,1411.8022891782,629.683180606415,17
7.9,1410.19421026208,625.620712689521,17
7.91,1408.60233980699,621.581967939941,17
7.92,1407.02654262508,617.566850335726,17
7.93,1405.46668480184,613.575263502941,17
7.94,1403.92263368298,609.607110732417,17
7.95,1402.39425786166,605.662294996187,17
7.96,1400.88142716563,601.74071896364,17
7.97,1399.38401264472,597.842285017376,17
7.98,1397.90188655824,593.966895268766,17
7.99,1396.43492236272,590.114451573243,17
8,1394.98299469962,586.284855545294,17
8.01,1393.54597938323,582.478008573189,17
8.02,1392.12375338871,578.693811833428,17
8.03,1390.71619484023,574.932166304922,17
8.04,1389.32318299921,571.192972782911,17
8.05,1387.94459825277,567.476131892616,17
8.06,1386.58032210218,563.781544102631,17
8.07,1385.23023715153,560.109109738069,17
8.08,1383.89422709647,556.458728993449,17
8.09,1382.57217671308,552.830301945336,17
8.1,1381.26397184687,549.223728564746,17
8.11,1379.96949940186,545.638908729299,17
8.12,1378.68864732982,542.07574223514,17
8.13,1377.42130461957,538.534128808635,17
8.14,1376.16736128645,535.013968117818,17
8.15,1374.92670836189,531.515159783632,17
8.16,1373.69923788303,528.037603390931,17
8.17,1372.48484288252,524.581198499272,17
8.18,1371.28341737842,521.145844653484,17
8.19,1370.09485636416,517.731441394028,17
8.2,1368.91905579865,514.33788826714,17
8.21,1367.75591259649,510.965084834777,17
8.22,1366.60532461827,507.612930684349,17
8.23,1365.46719066097,504.281325438252,17
8.24,1364.34141044848,500.970168763211,17
8.25,1363.22788462223,497.679360379412,17
8.26,1362.12651473188,494.408800069459,17
8.27,1361.03720322613,491.158387687132,17
8.28,1359.95985344364,487.928023165956,17
8.29,1358.89436960404,484.717606527596,17
8.3,1357.84065679904,481.527037890066,17
8.31,1356.7986209836,478.356217475755,17
8.32,1355.76816896725,475.205045619289,17
8.33,1354.74920840548,472.07342277521,17
8.34,1353.74164779118,468.961249525492,17
8.35,1352.74539644625,465.868426586885,17
8.36,1351.76036451326,462.7948548181,17
8.37,1350.78646294714,459.740435226826,17
8.38,1349.82360350712,456.70506897659,17
8.39,1348.87169874854,453.688657393464,17
8.4,1347.93066201498,450.691101972608,17
8.41,1347.00040743024,447.71230438467,17
8.42,1346.08084989062,444.752166482035,17
8.43,1345.17190505713,441.810590304919,17
8.44,1344.27348934787,438.887478087331,17
8.45,1343.38551993043,435.982732262879,17
8.46,1342.50791471444,433.096255470446,17
8.47,1341.64059234414,430.227950559723,17
8.48,1340.78347219106,427.377720596609,17
8.49,1339.93647434675,424.54546886847,17
8.5,1339.09951961568,421.73109888928,17
8.51,1338.27252950804,418.93451440462,17
8.52,1337.45542623283,416.155619396556,17
8.53,1336.64813269085,413.394318088393,17
8.54,1335.85057246783,410.6505149493,17
8.55,1335.06266982771,407.924114698823,17
8.56,1334.28434970583,405.215022311269,17
8.57,1333.51553770234,402.523143019982,17
8.58,1332.7561600756,399.848382321498,17
8.59,1332.00614373568,397.190645979589,17
8.6,1331.26541623793,394.549840029197,17
8.61,1330.53390577661,391.925870780256,17
8.62,1329.81154117858,389.318644821409,17
8.63,1329.09825189708,386.72806902362,17
8.64,1328.39396800557,384.154050543675,17
8.65,1327.69862019163,381.596496827593,17
8.66,1327.01213975092,379.055315613927,17
8.67,1326.33445858121,376.530414936967,17
8.68,1325.6655091765,374.021703129854,17
8.69,1325.00522462116,371.529088827589,17
8.7,1324.35353858413,369.052480969955,17
8.71,1323.71038531327,366.591788804344,17
8.72,1323.07569962964,364.146921888494,17
8.73,1322.44941692193,361.717790093138,17
8.74,1321.83147314093,359.304303604566,17
8.75,1321.22180479406,356.906372927099,17
8.76,1320.62034893994,354.523908885483,17
8.77,1320.02704318303,352.156822627196,17
8.78,1319.44182566834,349.805025624676,17
8.79,1318.86463507617,347.468429677469,17
8.8,1318.29541061696,345.146946914301,17
8.81,1317.73409202608,342.840489795066,17
8.82,1317.18061955885,340.548971112745,17
8.83,1316.63493398542,338.272303995252,17
8.84,1316.09697658588,336.010401907199,17
8.85,1315.56668914527,333.763178651601,17
8.86,1315.04401394877,331.530548371497,17
8.87,1314.52889377687,329.312425551515,17
8.88,1314.02127190058,327.108725019363,17
8.89,1313.52109207676,324.919361947253,17
8.9,1313.02829854342,322.744251853262,17
8.91,1312.54283601514,320.583310602631,17
8.92,1312.06464967848,318.436454408994,17
8.93,1311.59368518747,316.303599835555,17
8.94,1311.12988865917,314.184663796197,17
8.95,1310.6732066692,312.079563556534,17
8.96,1310.2235862474,309.988216734909,17
8.97,1309.78097487352,307.910541303329,17
8.98,1309.34532047287,305.846455588346,17
8.99,1308.91657141217,303.795878271884,17
9,1308.49467649528,301.758728392014,17
9.01,1308.07958495912,299.73492534367,17
9.02,1307.6712464695,297.724388879323,17
9.03,1307.26961111712,295.727039109592,17
9.04,1306.87462941352,293.742796503819,17
9.05,1306.4862522871,291.771581890583,17
9.06,1306.1044310792,289.813316458173,17
9.07,1305.72911754021,287.867921755015,17
9.08,1305.36026382571,285.935319690046,17
9.09,1304.99782249263,284.015432533053,17
9.1,1304.64174649556,282.108182914958,17
9.11,1304.29198918292,280.21349382807,17
9.12,1303.94850429334,278.331288626282,17
9.13,1303.61124595196,276.461491025243,17
9.14,1303.28016866684,274.604025102472,17
9.15,1302.95522732539,272.758815297445,17
9.16,1302.63637719078,270.925786411638,17
9.17,1302.32357389849,269.104863608532,17
9.18,1302.01677345282,267.295972413583,17
9.19,1301.71593222343,265.49903871415,17
9.2,1301.42100694202,263.713988759395,17
9.21,1301.13195469887,261.940749160144,17
9.22,1300.8487329396,260.179246888709,17
9.23,1300.57129946183,258.429409278688,17
9.24,1300.29961241194,256.691164024721,17
9.25,1300.03363028182,254.964439182219,17
9.26,1299.77331190574,253.249163167063,17
9.27,1299.51861645712,251.545264755272,17
9.28,1299.26950344545,249.852673082634,17
9.29,1299.02593271319,248.171317644317,17
9.3,1298.7878644327,246.50112829445,17
9.31,1298.55525910321,244.842035245667,17
9.32,1298.32807754784,243.193969068637,17
9.33,1298.1062809106,241.556860691557,17
9.34,1297.8898306535,239.93064139962,17
9.35,1297.67868855357,238.315242834468,17
9.36,1297.47281670008,236.710596993602,17
9.37,1297.27217749162,235.116636229784,17
9.38,1297.07673363327,233.533293250409,17
9.39,1296.88644813389,231.96050111685,17
9.4,1296.70128430329,230.398193243785,17
9.41,1296.52120574951,228.846303398503,17
9.42,1296.34617637612,227.304765700185,17
9.43,1296.17616037957,225.773514619165,17
9.44,1296.01112224647,224.252484976172,17
9.45,1295.85102675105,222.741611941549,17
9.46,1295.6958389525,221.240831034456,17
9.47,1295.54552419242,219.750078122051,17
9.48,1295.40004809229,218.269289418657,17
9.49,1295.25937655092,216.798401484903,17
9.5,1295.12347574198,215.337351226855,17
9.51,1294.99231211153,213.886075895129,17
9.52,1294.86585237557,212.44451308398,17
9.53,1294.74406351761,211.012600730387,17
9.54,1294.6269127863,209.59027711311,17
9.55,1294.51436769304,208.177480851742,17
9.56,1294.40639600965,206.774150905737,17
9.57,1294.30296576603,205.38022657343,17
9.58,1294.20404524785,203.99564749104,17
9.59,1294.10960299431,202.620353631664,17
9.6,1294.01960779587,201.254285304245,17
9.61,1293.93402869199,199.897383152547,17
9.62,1293.85283496897,198.549588154097,17
9.63,1293.77599615772,197.210841619129,17
9.64,1293.70348203162,195.881085189512,17
9.65,1293.63526260435,194.560260837663,17
9.66,1293.5713081278,193.248310865454,17
9.67,1293.51158908996,191.945177903107,17
9.68,1293.4560762128,190.650804908075,17
9.69,1293.40474045028,189.36513516392,17
9.7,1293.35755298624,188.088112279173,17
9.71,1293.31448523242,186.819680186194,17
9.72,1293.27550882647,185.559783140012,17
9.73,1293.24059562992,184.308365717165,17
9.74,1293.20971772628,183.065372814531,17
9.75,1293.18284741904,181.830749648142,17
9.76,1293.15995722981,180.604441752003,17
9.77,1293.14101989635,179.386394976896,17
9.78,1293.12600837074,178.176555489171,17
9.79,1293.1148958175,176.974869769549,17
9.8,1293.10765561171,175.781284611893,17
9.81,1293.10426133721,174.595747121998,17
9.82,1293.10468678481,173.41820471635,17
9.83,1293.10890595043,172.248605120904,17
9.84,1293.11689303338,171.086896369834,17
9.85,1293.1286224346,169.933026804292,17
9.86,1293.14406875485,168.786945071158,17
9.87,1293.16320679308,167.648600121781,17
9.88,1293.18601154465,166.517941210724,17
9.89,1293.21245819968,165.394917894491,17
9.9,1293.24252214133,164.279480030268,17
9.91,1293.27617894419,163.17157777464,17
9.92,1293.3134043726,162.071161582323,17
9.93,1293.35417437904,160.978182204877,17
9.94,1293.39846510251,159.892590689425,17
9.95,1293.44625286693,158.814338377366,17
9.96,1293.49751417958,157.743376903086,17
9.97,1293.55222572951,156.679658192662,17
9.98,1293.61036438598,155.62313446257,17
9.99,1293.67190719696,154.573758218385,17
10,1293.7368313876,153.531482253482,17
10.01,1293.80511435868,152.496259647737,17
10.02,1293.87673368517,151.468043766216,17
10.03,1293.95166711472,150.446788257879,17
10.04,1294.02989256623,149.432447054263,17
10.05,1294.11138812834,148.424974368184,17
10.06,1294.19613205805,147.424324692418,17
10.07,1294.28410277928,146.430452798398,17
10.08,1294.37527888144,145.4433137349,17
10.09,1294.46963911807,144.462862826728,17
10.1,1294.56716240542,143.489055673408,17
10.11,1294.66782782111,142.52184814787,17
10.12,1294.77161460275,141.561196395136,17
10.13,1294.87850214661,140.607056831008,17
10.14,1294.98847000628,139.659386140754,17
10.15,1295.10149789137,138.718141277796,17
10.16,1295.21756566617,137.783279462395,17
10.17,1295.33665334839,136.854758180342,17
10.18,1295.45874110786,135.932535181643,17
10.19,1295.58380926524,135.01656847921,17
10.2,1295.71183829082,134.106816347551,17
10.21,1295.8428088032,133.203237321459,17
10.22,1295.97670156812,132.305790194706,17
10.23,1296.11349749719,131.414434018735,17
10.24,1296.25317764671,130.529128101352,17
10.25,1296.39572321645,129.649832005428,17
10.26,1296.54111554845,128.776505547587,17
10.27,1296.68933612589,127.909108796912,17
10.28,1296.84036657186,127.047602073643,17
10.29,1296.99418864824,126.191945947878,17
10.3,1297.15078425456,125.34210123828,17
10.31,1297.31013542682,124.498029010779,17
10.32,1297.47222433644,123.659690577283,17
10.33,1297.63703328905,122.827047494388,17
10.34,1297.80454472347,122.00006156209,17
10.35,1297.97474121057,121.178694822499,17
10.36,1298.14760545221,120.36290955856,17
10.37,1298.32312028012,119.552668292768,17
10.38,1298.50126865491,118.747933785891,17
10.39,1298.68203366494,117.948669035701,17
10.4,1298.86539852532,117.154837275694,17
10.41,1299.05134657686,116.366401973825,17
10.42,1299.23986128506,115.583326831241,17
10.43,1299.43092623906,114.805575781016,17
10.44,1299.62452515066,114.033112986893,17
10.45,1299.82064185332,113.265902842023,17
10.46,1300.01926030114,112.503909967717,17
10.47,1300.22036456793,111.747099212185,17
10.48,1300.4239388462,110.9954356493,17
10.49,1300.62996744622,110.248884577343,17
10.5,1300.83843479502,109.50741151777,17
10.51,1301.04932543553,108.770982213969,17
10.52,1301.26262402555,108.03956263003,17
10.53,1301.47831533689,107.31311894951,17
10.54,1301.69638425441,106.591617574211,17
10.55,1301.91681577514,105.875025122955,17
10.56,1302.13959500732,105.163308430362,17
10.57,1302.36470716958,104.456434545638,17
10.58,1302.59213759001,103.754370731361,17
10.59,1302.82187170527,103.057084462275,17
10.6,1303.05389505975,102.364543424081,17
10.61,1303.28819330467,101.676715512245,17
10.62,1303.52475219725,100.993568830792,17
10.63,1303.76355759988,100.315071691123,17
10.64,1304.00459547922,99.6411926108209,17
10.65,1304.24785190542,98.9719003124675,17
10.66,1304.49331305125,98.3071637224657,17
10.67,1304.74096519134,97.6469519698621,17
10.68,1304.99079470131,96.9912343851759,17
10.69,1305.24278805699,96.3399804992314,17
10.7,1305.49693183362,95.6931600419953,17
10.71,1305.75321270507,95.0507429414179,17
10.72,1306.01161744304,94.4126993222785,17
10.73,1306.2721329163,93.7789995050355,17
10.74,1306.53474608989,93.1496140046807,17
10.75,1306.79944402441,92.524513529598,17
10.76,1307.0662138752,91.9036689804266,17
10.77,1307.33504289165,91.2870514489285,17
10.78,1307.60591841641,90.674632216861,17
10.79,1307.87882788468,90.0663827548523,17
10.8,1308.15375882347,89.4622747212843,17
10.81,1308.43069885089,88.8622799611762,17
10.82,1308.70963567542,88.2663705050763,17
10.83,1308.99055709517,87.6745185679559,17
10.84,1309.27345099726,87.0866965481092,17
10.85,1309.55830535702,86.5028770260566,17
10.86,1309.84510823736,85.9230327634541,17
10.87,1310.13384778809,85.3471367020059,17
10.88,1310.42451224517,84.7751619623828,17
10.89,1310.71708993013,84.2070818431441,17
10.9,1311.01156924933,83.6428698196656,17
10.91,1311.3079386933,83.0824995430709,17
10.92,1311.60618683614,82.5259448391683,17
10.93,1311.90630233481,81.9731797073922,17
10.94,1312.2082739285,81.424178319749,17
10.95,1312.51209043801,80.8789150197678,17
10.96,1312.81774076507,80.3373643214564,17
10.97,1313.12521389177,79.7995009082611,17
10.98,1313.43449887988,79.2652996320317,17
10.99,1313.74558487027,78.7347355119916,17
11,1314.05846108227,78.2077837337122,17
11.01,1314.37311681307,77.684419648092,17
11.02,1314.68954143712,77.164618770341,17
11.03,1315.00772440556,76.6483567789696,17
11.04,1315.32765524555,76.1356095147816,17
11.05,1315.64932355976,75.6263529798737,17
11.06,1315.97271902575,75.1205633366376,17
11.07,1316.29783139541,74.6182169067687,17
11.08,1316.62465049435,74.1192901702786,17
11.09,1316.95316622137,73.6237597645127,17
11.1,1317.2833685479,73.1316024831725,17
11.11,1317.61524751739,72.6427952753428,17
11.12,1317.94879324483,72.1573152445237,17
11.13,1318.28399591614,71.6751396476671,17
11.14,1318.62084578764,71.1962458942183,17
11.15,1318.95933318553,70.7206115451623,17
11.16,1319.29944850534,70.2482143120746,17
11.17,1319.64118221141,69.7790320561772,17
11.18,1319.98452483632,69.3130427873992,17
11.19,1320.32946698044,68.850224663442,17
11.2,1320.67599931136,68.3905559888495,17
11.21,1321.02411256337,67.9340152140829,17
11.22,1321.37379753701,67.4805809346002,17
11.23,1321.72504509849,67.0302318899407,17
11.24,1322.07784617925,66.582946962814,17
11.25,1322.43219177542,66.1387051781937,17
11.26,1322.78807294736,65.6974857024161,17
11.27,1323.14548081916,65.2592678422833,17
11.28,1323.50440657814,64.8240310441713,17
11.29,1323.86484147439,64.3917548931422,17
11.3,1324.2267768203,63.9624191120624,17
11.31,1324.59020399006,63.5360035607237,17
11.32,1324.95511441922,63.1124882349706,17
11.33,1325.32149960418,62.6918532658311,17
11.34,1325.68935110181,62.2740789186534,17
11.35,1326.05866052891,61.859145592246,17
11.36,1326.42941956181,61.4470338180233,17
11.37,1326.80161993589,61.0377242591553,17
11.38,1327.17525344515,60.6311977097223,17
11.39,1327.55031194178,60.2274350938739,17
11.4,1327.92678733567,59.8264174649929,17
11.41,1328.30467159406,59.4281260048633,17
11.42,1328.68395674103,59.0325420228434,17
11.43,1329.0646348571,58.6396469550434,17
11.44,1329.44669807882,58.2494223635068,17
11.45,1329.83013859835,57.8618499353976,17
11.46,1330.214948663,57.4769114821908,17
11.47,1330.60112057488,57.0945889388683,17
11.48,1330.98864669044,56.7148643631185,17
11.49,1331.37751942007,56.3377199345413,17
11.5,1331.76773122772,55.9631379538568,17
11.51,1332.15927463049,55.5911008421187,17
11.52,1332.55214219821,55.2215911399323,17
11.53,1332.94632655309,54.8545915066768,17
11.54,1333.34182036928,54.490084719732,17
11.55,1333.73861637251,54.1280536737094,17
11.56,1334.1367073397,53.7684813796876,17
11.57,1334.5360860986,53.4113509644525,17
11.58,1334.93674552737,53.0566456697409,17
11.59,1335.33867855422,52.7043488514899,17
11.6,1335.74187815708,52.3544439790891,17
11.61,1336.14633736315,52.0069146346382,17
11.62,1336.5520492486,51.6617445122082,17
11.63,1336.95900693819,51.3189174171076,17
11.64,1337.36720360491,50.978417265152,17
11.65,1337.77663246958,50.6402280819388,17
11.66,1338.18728680059,50.3043340021253,17
11.67,1338.59915991343,49.9707192687118,17
11.68,1339.01224517045,49.6393682323286,17
11.69,1339.42653598045,49.3102653505266,17
11.7,1339.84202579833,48.9833951870733,17
11.71,1340.25870812481,48.658742411252,17
11.72,1340.67657650602,48.3362917971651,17
11.73,1341.09562453323,48.0160282230422,17
11.74,1341.51584584246,47.697936670552,17
11.75,1341.93723411419,47.3820022241177,17
11.76,1342.35978307301,47.0682100702376,17
11.77,1342.78348648731,46.7565454968087,17
11.78,1343.20833816895,46.4469938924552,17
11.7824108213292,1343.31093341324,46.3726810106404,17
0,9990,10,18
0.01,9989.75848391484,10.1508738149729,18
0.02,9989.51342053424,10.3040176527318,18
0.03,9989.26475657533,10.4594654803863,18
0.04,9989.01243796507,10.6172517666496,18
0.05,9988.7564098272,10.777411490027,18
0.06,9988.4966164705,10.9399801461893,18
0.07,9988.23300137698,11.1049937554327,18
0.08,9987.96550718979,11.2724888702448,18
0.09,9987.69407570101,11.4425025829736,18
0.1,9987.41864783934,11.6150725335965,18
0.11,9987.13916365747,11.790236917601,18
0.12,9986.8555623194,11.9680344939698,18
0.13,9986.56778208753,12.1485045932741,18
0.14,9986.27576030961,12.3316871258769,18
0.15,9985.97943340542,12.5176225902469,18
0.16,9985.67873685339,12.7063520813841,18
0.17,9985.37360517692,12.8979172993599,18
0.18,9985.0639719306,13.0923605579701,18
0.19,9984.7497696862,13.289724793506,18
0.2,9984.43093001844,13.4900535736405,18
0.21,9984.10738349065,13.6933911064347,18
0.22,9983.77905964011,13.8997822494635,18
0.23,9983.44588696335,14.1092725190623,18
0.24,9983.10779290106,14.3219080996968,18
0.25,9982.76470382296,14.5377358534562,18
0.26,9982.41654501239,14.7568033296725,18
0.27,9982.06324065067,14.979158774665,18
0.28,9981.70471380132,15.2048511416144,18
0.29,9981.34088639396,15.4339301005649,18
0.3,9980.97167920812,15.6664460485577,18
0.31,9980.59701185674,15.9024501198966,18
0.32,9980.21680276946,16.1419941965463,18
0.33,9979.83096917574,16.3851309186667,18
0.34,9979.43942708768,16.6319136952819,18
0.35,9979.04209128267,16.8823967150881,18
0.36,9978.63887528575,17.1366349573999,18
0.37,9978.22969135181,17.3946842032362,18
0.38,9977.81445044752,17.6566010465491,18
0.39,9977.39306223294,17.9224429055949,18
0.4,9976.96543504306,18.1922680344499,18
0.41,9976.53147586893,18.4661355346717,18
0.42,9976.09109033862,18.7441053671081,18
0.43,9975.64418269792,19.026238363854,18
0.44,9975.19065579084,19.312596240359,18
0.45,9974.7304110397,19.6032416076851,18
0.46,9974.26334842514,19.8982379849182,18
0.47,9973.78936646579,20.1976498117325,18
0.48,9973.30836219763,20.501542461111,18
0.49,9972.82023115319,20.8099822522222,18
0.5,9972.32486734036,21.1230364634547,18
0.51,9971.82216322107,21.440773345611,18
0.52,9971.31200968955,21.7632621352623,18
0.53,9970.79429605042,22.0905730682645,18
0.54,9970.26890999647,22.4227773934376,18
0.55,9969.73573758609,22.7599473864095,18
0.56,9969.19466322056,23.1021563636253,18
0.57,9968.64556962089,23.4494786965231,18
0.58,9968.08833780451,23.8019898258786,18
0.59,9967.52284706156,24.1597662763182,18
0.6,9966.94897493095,24.5228856710024,18
0.61,9966.36659717609,24.8914267464816,18
0.62,9965.77558776033,25.2654693677235,18
0.63,9965.17581882211,25.6450945433152,18
0.64,9964.56716064979,26.0303844408389,18
0.65,9963.94948165613,26.4214224024248,18
0.66,9963.32264835256,26.8182929604799,18
0.67,9962.68652532303,27.2210818535952,18
0.68,9962.04097519761,27.6298760426313,18
0.69,9961.38585862576,28.0447637269839,18
0.7,9960.72103424923,28.4658343610299,18
0.71,9960.04635867474,28.893178670755,18
0.72,9959.36168644619,29.3268886705634,18
0.73,9958.6668700167,29.7670576802703,18
0.74,9957.96175972019,30.2137803422787,18
0.75,9957.24620374268,30.66715263894,18
0.76,9956.52004809327,31.1272719100995,18
0.77,9955.78313657476,31.5942368708282,18
0.78,9955.03531075392,32.0681476293398,18
0.79,9954.27640993145,32.5491057050949,18
0.8,9953.50627111156,33.0372140470914,18
0.81,9952.72472897123,33.5325770523427,18
0.82,9951.93161582912,34.0353005845435,18
0.83,9951.12676161411,34.5454919929229,18
0.84,9950.30999383353,35.0632601312853,18
0.85,9949.48113754094,35.58871537724,18
0.86,9948.64001530372,36.1219696516178,18
0.87,9947.78644717012,36.6631364380759,18
0.88,9946.92025063609,37.2123308028904,18
0.89,9946.04124061169,37.7696694149365,18
0.9,9945.14922938711,38.3352705658549,18
0.91,9944.24402659842,38.9092541904055,18
0.92,9943.32543919284,39.4917418870076,18
0.93,9942.39327139377,40.0828569384642,18
0.94,9941.44732466534,40.6827243328724,18
0.95,9940.48739767665,41.2914707847169,18
0.96,9939.51328626567,41.9092247561466,18
0.97,9938.52478340269,42.5361164784337,18
0.98,9937.52167915349,43.1722779736119,18
0.99,9936.50376064206,43.8178430762962,18
1,9935.47081201303,44.4729474556785,18
1.01,9934.42261439366,45.1377286377012,18
1.02,9933.35894585555,45.8123260274043,18
1.03,9932.27958137581,46.4968809314463,18
1.04,9931.18429279811,47.1915365807954,18
1.05,9930.07284879312,47.8964381535894,18
1.06,9928.94501481874,48.6117327981621,18
1.07,9927.80055307993,49.3375696562339,18
1.08,9926.63922248809,50.0740998862629,18
1.09,9925.46077862021,50.8214766869558,18
1.1,9924.26497367755,51.5798553209327,18
1.11,9923.05155644402,52.3493931385461,18
1.12,9921.82027224416,53.1302496018469,18
1.13,9920.57086290078,53.9225863086976,18
1.14,9919.30306669229,54.726567017026,18
1.15,9918.01661830957,55.5423576692174,18
1.16,9916.71124881259,56.3701264166396,18
1.17,9915.38668558665,57.2100436442974,18
1.18,9914.04265229826,58.0622819956117,18
1.19,9912.67886885071,58.9270163973183,18
1.2,9911.29505133926,59.8044240844803,18
1.21,9909.89091200606,60.6946846256108,18
1.22,9908.46615919468,61.5979799478981,18
1.23,9907.02049730435,62.5144943625293,18
1.24,9905.55362674392,63.4444145901047,18
1.25,9904.06524388539,64.3879297861372,18
1.26,9902.55504101729,65.3452315666306,18
1.27,9901.0227062976,66.3165140337277,18
1.28,9899.46792370652,67.3019738014238,18
1.29,9897.89037299886,68.3018100213351,18
1.3,9896.28972965617,69.3162244085155,18
1.31,9894.66566483861,70.345421267314,18
1.32,9893.01784533657,71.3896075172621,18
1.33,9891.34593352197,72.4489927189835,18
1.34,9889.64958729943,73.5237891001173,18
1.35,9887.92846005703,74.6142115812434,18
1.36,9886.18220061703,75.7204778018006,18
1.37,9884.41045318623,76.842808145987,18
1.38,9882.61285730619,77.9814257686326,18
1.39,9880.78904780326,79.1365566210299,18
1.4,9878.93865473837,80.3084294767146,18
1.41,9877.06130335668,81.497275957181,18
1.42,9875.15661403713,82.7033305575209,18
1.43,9873.22420224172,83.9268306719728,18
1.44,9871.26367846476,85.1680166193672,18
1.45,9869.27464818196,86.4271316684548,18
1.46,9867.25671179942,87.7044220631025,18
1.47,9865.20946460254,89.0001370473415,18
1.48,9863.13249670486,90.3145288902534,18
1.49,9861.02539299684,91.6478529106772,18
1.5,9858.88773309462,93.0003675017202,18
1.51,9856.71909128871,94.3723341550569,18
1.52,9854.51903649278,95.7640174849967,18
1.53,9852.28713219236,97.1756852523027,18
1.54,9850.02293639367,98.6076083877434,18
1.55,9847.72600157244,100.060061015356,18
1.56,9845.39587462289,101.533320475401,18
1.57,9843.03209680676,103.027667346994,18
1.58,9840.63420370249,104.543385470379,18
1.59,9838.20172515457,106.080761968838,18
1.6,9835.73418522304,107.640087270198,18
1.61,9833.2311021332,109.22165512793,18
1.62,9830.69198822563,110.825762641795,18
1.63,9828.11634990635,112.45271027803,18
1.64,9825.50368759734,114.102801889039,18
1.65,9822.85349568742,115.776344732564,18
1.66,9820.16526248337,117.473649490314,18
1.67,9817.43847016154,119.195030286011,18
1.68,9814.67259471982,120.940804702848,18
1.69,9811.86710593006,122.7112938003,18
1.7,9809.02146729103,124.506822130284,18
1.71,9806.13513598179,126.327717752617,18
1.72,9803.20756281574,128.17431224976,18
1.73,9800.23819219522,130.046940740793,18
1.74,9797.22646206666,131.945941894604,18
1.75,9794.17180387656,133.871657942257,18
1.76,9791.07364252806,135.82443468849,18
1.77,9787.93139633834,137.804621522321,18
1.78,9784.74447699676,139.812571426723,18
1.79,9781.51228952393,141.848640987318,18
1.8,9778.2342322316,143.913190400069,18
1.81,9774.90969668352,146.006583477916,18
1.82,9771.53806765731,148.129187656322,18
1.83,9768.11872310733,150.281373997683,18
1.84,9764.65103412867,152.463517194567,18
1.85,9761.13436492227,154.675995571729,18
1.86,9757.56807276127,156.91919108686,18
1.87,9753.95150795855,159.19348933003,18
1.88,9750.28401383566,161.499279521768,18
1.89,9746.56492669306,163.836954509749,18
1.9,9742.79357578178,166.206910764008,18
1.91,9738.96928327668,168.609548370672,18
1.92,9735.09136425108,171.045271024121,18
1.93,9731.15912665319,173.514486017553,18
1.94,9727.17187128408,176.017604231888,18
1.95,9723.1288917775,178.555040122956,18
1.96,9719.02947458145,181.127211706921,18
1.97,9714.87289894164,183.734540543883,18
1.98,9710.65843688701,186.377451719593,18
1.99,9706.38535321709,189.056373825236,18
2,9702.05290549166,191.771738935216,18
2.01,9697.66034402248,194.523982582875,18
2.02,9693.2069118673,197.313543734107,18
2.03,9688.69184482621,200.140864758781,18
2.04,9684.11437144043,203.006391399923,18
2.05,9679.47371299358,205.910572740588,18
2.06,9674.76908351552,208.853861168368,18
2.07,9669.9996897889,211.836712337445,18
2.08,9665.16473135841,214.859585128152,18
2.09,9660.26340054294,217.922941603957,18
2.1,9655.29488245063,221.027246965795,18
2.11,9650.25835499693,224.172969503702,18
2.12,9645.15298892582,227.360580545653,18
2.13,9639.97794783421,230.590554403553,18
2.14,9634.73238819969,233.863368316299,18
2.15,9629.4154594116,237.179502389842,18
2.16,9624.0263038057,240.539439534172,18
2.17,9618.56405670234,243.943665397165,18
2.18,9613.02784644845,247.392668295193,18
2.19,9607.41679446321,250.886939140446,18
2.2,9601.73001528774,254.426971364873,18
2.21,9595.96661663868,258.013260840668,18
2.22,9590.12569946604,261.646305797238,18
2.23,9584.20635801513,265.326606734544,18
2.24,9578.20767989291,269.054666332776,18
2.25,9572.12874613876,272.830989358248,18
2.26,9565.96863129979,276.656082565454,18
2.27,9559.72640351084,280.530454595207,18
2.28,9553.40112457922,284.454615868767,18
2.29,9546.99185007438,288.429078477892,18
2.3,9540.49762942254,292.454356070728,18
2.31,9533.91750600646,296.530963733459,18
2.32,9527.25051727044,300.659417867636,18
2.33,9520.49569483066,304.840236063112,18
2.34,9513.65206459097,309.073936966497,18
2.35,9506.71864686428,313.361040145061,18
2.36,9499.69445649962,317.702065946005,18
2.37,9492.578503015,322.097535351022,18
2.38,9485.36979073625,326.547969826076,18
2.39,9478.06731894181,331.05389116632,18
2.4,9470.67008201378,335.61582133608,18
2.41,9463.1770695951,340.234282303833,18
2.42,9455.58726675331,344.909795872107,18
2.43,9447.89965415061,349.642883502229,18
2.44,9440.11320822063,354.434066133858,18
2.45,9432.22690135196,359.283863999232,18
2.46,9424.23970207842,364.192796432063,18
2.47,9416.15057527633,369.16138167102,18
2.48,9407.95848236885,374.190136657736,18
2.49,9399.66238153743,379.279576829274,18
2.5,9391.26122794054,384.430215905012,18
2.51,9382.75397393981,389.642565667871,18
2.52,9374.13956933357,394.917135739855,18
2.53,9365.416961598,400.254433351839,18
2.54,9356.58509613596,405.654963107563,18
2.55,9347.6429165335,411.119226741807,18
2.56,9338.5893648243,416.647722872671,18
2.57,9329.42338176201,422.240946747972,18
2.58,9320.14390710056,427.899389985683,18
2.59,9310.74987988268,433.623540308422,18
2.6,9301.24023873645,439.413881271943,18
2.61,9291.61392218021,445.270891987625,18
2.62,9281.86986893574,451.195046838946,18
2.63,9272.00701824977,457.186815191921,18
2.64,9262.02431022401,463.246661099514,18
2.65,9251.92068615361,469.375043000024,18
2.66,9241.69508887413,475.572413409443,18
2.67,9231.34646311716,481.839218607809,18
2.68,9220.87375587447,488.175898319577,18
2.69,9210.27591677086,494.582885388016,18
2.7,9199.55189844563,501.060605443688,18
2.71,9188.70065694278,507.60947656703,18
2.72,9177.72115210982,514.229908945097,18
2.73,9166.61234800533,520.922304522505,18
2.74,9155.37321331522,527.687056646659,18
2.75,9144.00272177756,534.524549707308,18
2.76,9132.49985261619,541.435158770522,18
2.77,9120.86359098284,548.419249207171,18
2.78,9109.09292840786,555.477176315995,18
2.79,9097.18686325951,562.609284941373,18
2.8,9085.14440121168,569.815909085902,18
2.81,9072.96455572001,577.097371517898,18
2.82,9060.64634850633,584.453983373963,18
2.83,9048.18881005138,591.886043756739,18
2.84,9035.59098009562,599.393839328017,18
2.85,9022.85190814804,606.977643897342,18
2.86,9009.97065400294,614.637718006298,18
2.87,8996.94628826441,622.374308508644,18
2.88,8983.7778928785,630.187648146491,18
2.89,8970.46456167277,638.077955122725,18
2.9,8957.00540090324,646.045432669885,18
2.91,8943.39952980837,654.090268615722,18
2.92,8929.64608117001,662.212634945663,18
2.93,8915.744201881,670.412687362442,18
2.94,8901.69305351937,678.690564843139,18
2.95,8887.49181292868,687.046389193906,18
2.96,8873.13967280446,695.480264602653,18
2.97,8858.63584228632,703.992277189991,18
2.98,8843.97954755558,712.582494558734,18
2.99,8829.1700324381,721.250965342272,18
3,8814.2065590119,729.997718752151,18
3.01,8799.08840821943,738.82276412519,18
3.02,8783.81488048399,747.726090470485,18
3.03,8768.38529633012,756.707666016685,18
3.04,8752.79899700736,765.767437759875,18
3.05,8737.05534511732,774.905331012498,18
3.06,8721.15372524333,784.121248953671,18
3.07,8705.09354458253,793.415072181342,18
3.08,8688.87423357985,802.786658266683,18
3.09,8672.49524656348,812.235841311163,18
3.1,8655.9560623813,821.762431506742,18
3.11,8639.25618503802,831.366214699638,18
3.12,8622.39514433224,841.046951958139,18
3.13,8605.37249649324,850.804379144917,18
3.14,8588.18782481676,860.638206494356,18
3.15,8570.84074029941,870.548118195357,18
3.16,8553.33088227107,880.533771980151,18
3.17,8535.65791902484,890.594798719612,18
3.18,8517.82154844382,900.730802025607,18
3.19,8499.82149862432,910.941357860891,18
3.2,8481.65752849482,921.22601415711,18
3.21,8463.32942843012,931.584290441426,18
3.22,8444.83702085999,942.015677472338,18
3.23,8426.18016087191,952.519636885234,18
3.24,8407.35873680699,963.095600848252,18
3.25,8388.37267084868,973.742971728999,18
3.26,8369.22191960345,984.461121772703,18
3.27,8349.90647467297,995.249392792376,18
3.28,8330.42636321687,1006.10709587155,18
3.29,8310.78164850574,1017.03351108016,18
3.3,8290.97243046334,1028.02788720418,18
3.31,8270.99884619769,1039.08944148954,18
3.32,8250.86107052007,1050.21735940093,18
3.33,8230.55931645142,1061.41079439608,18
3.34,8210.09383571537,1072.66886771603,18
3.35,8189.46491921727,1083.99066819202,18
3.36,8168.67289750845,1095.37525206955,18
3.37,8147.7181412351,1106.82164285008,18
3.38,8126.60106157101,1118.32883115109,18
3.39,8105.32211063353,1129.89577458488,18
3.4,8083.88178188204,1141.52139765672,18
3.41,8062.28061049831,1153.20459168288,18
3.42,8040.51917374795,1164.94421472905,18
3.43,8018.5980913224,1176.73909156959,18
3.44,7996.5180256608,1188.58801366818,18
3.45,7974.27968225094,1200.48973918034,18
3.46,7951.88380990889,1212.44299297819,18
3.47,7929.33120103647,1224.44646669803,18
3.48,7906.62269185603,1236.498818811,18
3.49,7883.75916262196,1248.59867471745,18
3.5,7860.74153780832,1260.74462686513,18
3.51,7837.57078627198,1272.93523489182,18
3.52,7814.24792139078,1285.16902579262,18
3.53,7790.77400117613,1297.44449411221,18
3.54,7767.15012835959,1309.76010216248,18
3.55,7743.37745045286,1322.11428026562,18
3.56,7719.45715978074,1334.50542702319,18
3.57,7695.3904934867,1346.93190961111,18
3.58,7671.17873351046,1359.39206410096,18
3.59,7646.82320653733,1371.88419580766,18
3.6,7622.32528391893,1384.40657966368,18
3.61,7597.68638156483,1396.95746061993,18
3.62,7572.90795980495,1409.53505407336,18
3.63,7547.99152322231,1422.13754632127,18
3.64,7522.93862045602,1434.76309504246,18
3.65,7497.75084397406,1447.4098298051,18
3.66,7472.42982981599,1460.07585260125,18
3.67,7446.97725730511,1472.75923840802,18
3.68,7421.39484873017,1485.45803577519,18
3.69,7395.68436899647,1498.17026743905,18
3.7,7369.84762524629,1510.89393096249,18
3.71,7343.88646644866,1523.62699940078,18
3.72,7317.80278295853,1536.36742199308,18
3.73,7291.59850604537,1549.11312487915,18
3.74,7265.2756073912,1561.86201184102,18
3.75,7238.8360985585,1574.61196506918,18
3.76,7212.28203042774,1587.360845953,18
3.77,7185.61549260522,1600.10649589464,18
3.78,7158.83861280103,1612.84673714636,18
3.79,7131.95355617783,1625.57937367028,18
3.8,7104.96252467044,1638.30219202037,18
3.81,7077.86775627692,1651.01296224585,18
3.82,7050.67152432131,1663.70943881544,18
3.83,7023.37613668862,1676.38936156186,18
3.84,6995.98393503256,1689.05045664566,18
3.85,6968.49729395646,1701.69043753798,18
3.86,6940.91862016801,1714.30700602109,18
3.87,6913.25035160847,1726.89785320623,18
3.88,6885.49495655683,1739.46066056773,18
3.89,6857.65493270983,1751.99310099263,18
3.9,6829.73280623829,1764.49283984483,18
3.91,6801.73113082075,1776.95753604305,18
3.92,6773.65248665502,1789.38484315134,18
3.93,6745.49947944848,1801.77241048154,18
3.94,6717.27473938812,1814.11788420637,18
3.95,6688.9809200909,1826.41890848239,18
3.96,6660.62069753569,1838.67312658168,18
3.97,6632.19676897738,1850.87818203117,18
3.98,6603.71185184436,1863.03171975864,18
3.99,6575.16868262019,1875.13138724425,18
4,6546.5700157106,1887.17483567654,18
4.01,6517.91862229665,1899.15972111174,18
4.02,6489.2172891753,1911.08370563535,18
4.03,6460.46881758831,1922.9444585248,18
4.04,6431.67602204062,1934.73965741209,18
4.05,6402.8417291092,1946.46698944527,18
4.06,6373.96877624364,1958.12415244763,18
4.07,6345.06001055941,1969.70885607341,18
4.08,6316.11828762505,1981.21882295898,18
4.09,6287.14647024437,1992.65178986831,18
4.1,6258.14742723476,2004.00550883152,18
4.11,6229.12403220286,2015.27774827556,18
4.12,6200.0791623186,2026.46629414573,18
4.13,6171.01569708883,2037.56895101704,18
4.14,6141.9365171317,2048.58354319429,18
4.15,6112.8445029529,2059.50791579977,18
4.16,6083.74253372482,2070.33993584752,18
4.17,6054.63348606992,2081.07749330318,18
4.18,6025.52023284925,2091.71850212825,18
4.19,5996.4056419574,2102.26090130791,18
4.2,5967.29257512481,2112.7026558613,18
4.21,5938.18388672858,2123.04175783339,18
4.22,5909.08242261299,2133.27622726743,18
4.23,5879.99101892044,2143.40411315713,18
4.24,5850.91250093425,2153.42349437763,18
4.25,5821.84968193394,2163.33248059452,18
4.26,5792.8053620643,2173.12921314993,18
4.27,5763.78232721895,2182.81186592504,18
4.28,5734.78334793951,2192.37864617821,18
4.29,5705.81117833124,2201.82779535803,18
4.3,5676.86855499589,2211.15758989051,18
4.31,5647.95819598293,2220.36634193993,18
4.32,5619.08279975964,2229.45240014259,18
4.33,5590.24504420106,2238.41415031297,18
4.34,5561.44758560055,2247.25001612177,18
4.35,5532.6930577016,2255.95845974522,18
4.36,5503.98407075169,2264.53798248541,18
4.37,5475.32321057874,2272.98712536098,18
4.38,5446.71303769094,2281.30446966805,18
4.39,5418.15608640039,2289.48863751082,18
4.4,5389.65486397124,2297.53829230167,18
4.41,5361.21184979273,2305.45213923054,18
4.42,5332.82949457776,2313.22892570327,18
4.43,5304.51021958724,2320.86744174877,18
4.44,5276.25641588087,2328.3665203949,18
4.45,5248.07044359451,2335.72503801303,18
4.46,5219.95463124457,2342.94191463103,18
4.47,5191.91127505976,2350.01611421491,18
4.48,5163.94263834039,2356.94664491896,18
4.49,5136.05095084542,2363.73255930458,18
4.5,5108.23840820759,2370.37295452779,18
4.51,5080.50717137661,2376.86697249559,18
4.52,5052.85936609063,2383.21379999145,18
4.53,5025.29708237606,2389.41266876999,18
4.54,4997.82237407574,2395.46285562112,18
4.55,4970.43725840553,2401.36368240403,18
4.56,4943.14371553923,2407.11451605119,18
4.57,4915.94368822185,2412.71476854288,18
4.58,4888.83908141106,2418.16389685235,18
4.59,4861.83176194678,2423.46140286235,18
4.6,4834.92355824867,2428.60683325318,18
4.61,4808.11626004147,2433.59977936286,18
4.62,4781.41161810776,2438.43987701991,18
4.63,4754.81134406817,2443.12680634913,18
4.64,4728.31711018857,2447.66029155107,18
4.65,4701.93054921401,2452.04010065565,18
4.66,4675.65325422915,2456.26604525049,18
4.67,4649.48677854469,2460.33798018462,18
4.68,4623.43263560967,2464.25580324818,18
4.69,4597.49229894892,2468.0194548286,18
4.7,4571.66720212564,2471.62891754419,18
4.71,4545.95873872833,2475.08421585544,18
4.72,4520.36826238183,2478.38541565507,18
4.73,4494.89708678198,2481.53262383727,18
4.74,4469.54648575329,2484.52598784688,18
4.75,4444.3176933293,2487.36569520936,18
4.76,4419.21190385503,2490.05197304204,18
4.77,4394.23027211088,2492.58508754757,18
4.78,4369.37391345772,2494.9653434902,18
4.79,4344.64390400234,2497.19308365565,18
4.8,4320.04128078287,2499.26868829535,18
4.81,4295.5670419735,2501.19257455569,18
4.82,4271.22214710806,2502.96519589312,18
4.83,4247.00751732165,2504.58704147585,18
4.84,4222.92403561002,2506.05863557279,18
4.85,4198.97254710583,2507.38053693054,18
4.86,4175.15385937141,2508.55333813927,18
4.87,4151.46874270723,2509.57766498795,18
4.88,4127.91793047565,2510.45417580994,18
4.89,4104.50211943921,2511.18356081957,18
4.9,4081.22197011297,2511.76654144029,18
4.91,4058.07810713018,2512.20386962533,18
4.92,4035.07111962073,2512.49632717143,18
4.93,4012.20156160188,2512.6447250263,18
4.94,3989.46995238041,2512.64990259067,18
4.95,3966.87677696597,2512.51272701539,18
4.96,3944.42248649461,2512.23409249437,18
4.97,3922.10749866232,2511.81491955398,18
4.98,3899.93219816771,2511.25615433956,18
4.99,3877.89693716336,2510.55876789964,18
5,3856.00203571534,2509.72375546848,18
5.01,3834.24778227016,2508.75213574759,18
5.02,3812.63443412886,2507.64495018669,18
5.03,3791.16221792745,2506.40326226483,18
5.04,3769.83133012327,2505.02815677212,18
5.05,3748.64193748686,2503.52073909268,18
5.06,3727.59417759856,2501.8821344892,18
5.07,3706.68815934963,2500.11348738985,18
5.08,3685.92396344718,2498.21596067782,18
5.09,3665.30164292253,2496.19073498406,18
5.1,3644.82122364254,2494.03900798371,18
5.11,3624.48270482335,2491.76199369657,18
5.12,3604.28605954619,2489.36092179217,18
5.13,3584.23123527482,2486.83703689973,18
5.14,3564.31815437405,2484.19159792346,18
5.15,3544.5467146291,2481.42587736364,18
5.16,3524.91678976526,2478.54116064369,18
5.17,3505.42822996753,2475.5387454438,18
5.18,3486.08086239984,2472.41994104119,18
5.19,3466.87449172355,2469.18606765758,18
5.2,3447.80890061473,2465.83845581398,18
5.21,3428.88385028004,2462.37844569312,18
5.22,3410.09908097079,2458.80738650994,18
5.23,3391.45431249491,2455.12663589015,18
5.24,3372.94924472647,2451.33755925729,18
5.25,3354.58355811254,2447.44152922845,18
5.26,3336.35691417702,2443.43992501883,18
5.27,3318.26895602127,2439.3341318554,18
5.28,3300.31930882119,2435.12554039978,18
5.29,3282.50758032061,2430.81554618054,18
5.3,3264.83336132061,2426.40554903509,18
5.31,3247.29622616471,2421.89695256123,18
5.32,3229.89573321967,2417.29116357857,18
5.33,3212.63142535159,2412.58959159988,18
5.34,3195.5028303973,2407.79364831252,18
5.35,3178.50946163072,2402.90474706995,18
5.36,3161.65081822416,2397.92430239354,18
5.37,3144.92638570421,2392.85372948457,18
5.38,3128.3356364023,2387.69444374663,18
5.39,3111.87802989963,2382.4478603184,18
5.4,3095.55301346641,2377.11539361683,18
5.41,3079.36002249529,2371.69845689072,18
5.42,3063.29848092882,2366.19846178485,18
5.43,3047.36780168098,2360.61681791448,18
5.44,3031.5673870525,2354.95493245034,18
5.45,3015.89662914004,2349.21420971404,18
5.46,3000.35491023906,2343.39605078392,18
5.47,2984.94160324043,2337.50185311128,18
5.48,2969.65607202056,2331.53301014691,18
5.49,2954.49767182515,2325.490910978,18
5.5,2939.46574964643,2319.37693997523,18
5.51,2924.5596445939,2313.19247645008,18
5.52,2909.77868825851,2306.93889432227,18
5.53,2895.12220507025,2300.61756179721,18
5.54,2880.58951264923,2294.22984105344,18
5.55,2866.17992215004,2287.77708794001,18
5.56,2851.89273859965,2281.26065168352,18
5.57,2837.72726122859,2274.68187460502,18
5.58,2823.68278379566,2268.04209184641,18
5.59,2809.75859490591,2261.34263110635,18
5.6,2795.95397832222,2254.5848123856,18
5.61,2782.26821327024,2247.76994774158,18
5.62,2768.70057473682,2240.89934105217,18
5.63,2755.25033376203,2233.97428778848,18
5.64,2741.91675772461,2226.99607479656,18
5.65,2728.69911062118,2219.96598008796,18
5.66,2715.59665333889,2212.88527263884,18
5.67,2702.60864392191,2205.75521219777,18
5.68,2689.73433783155,2198.57704910179,18
5.69,2676.97298820022,2191.35202410087,18
5.7,2664.32384607919,2184.08136819038,18
5.71,2651.78616068023,2176.76630245165,18
5.72,2639.35917961127,2169.40803790036,18
5.73,2627.04214910597,2162.00777534265,18
5.74,2614.83431424752,2154.56670523875,18
5.75,2602.73491918644,2147.08600757414,18
5.76,2590.74320735265,2139.56685173794,18
5.77,2578.85842166191,2132.01039640845,18
5.78,2567.07980471648,2124.4177894457,18
5.79,2555.40659900034,2116.79016779084,18
5.8,2543.83804706883,2109.12865737231,18
5.81,2532.37339173294,2101.43437301848,18
5.82,2521.01187623823,2093.70841837679,18
5.83,2509.75274443852,2085.95188583915,18
5.84,2498.59524096436,2078.16585647345,18
5.85,2487.53861138649,2070.35139996115,18
5.86,2476.58210237416,2062.5095745406,18
5.87,2465.72496184864,2054.64142695617,18
5.88,2454.96643913182,2046.74799241291,18
5.89,2444.30578509004,2038.83029453669,18
5.9,2433.74225227322,2030.88934533954,18
5.91,2423.27509504947,2022.92614519023,18
5.92,2412.90356973508,2014.94168278986,18
5.93,2402.62693472011,2006.93693515227,18
5.94,2392.44445058967,1998.91286758933,18
5.95,2382.35538024086,1990.87043370067,18
5.96,2372.35898899558,1982.8105753681,18
5.97,2362.4545447092,1974.73422275422,18
5.98,2352.6413178752,1966.64229430534,18
5.99,2342.91858172591,1958.53569675854,18
6,2333.28561232938,1950.41532515264,18
6.01,2323.7416886824,1942.28206284303,18
6.02,2314.28609279993,1934.13678152032,18
6.03,2304.91810980085,1925.98034123255,18
6.04,2295.63702799016,1917.81359041085,18
6.05,2286.44213893775,1909.63736589861,18
6.06,2277.33273755377,1901.45249298383,18
6.07,2268.30812216068,1893.25978543464,18
6.08,2259.36759456211,1885.06004553791,18
6.09,2250.51046010852,1876.85406414077,18
6.1,2241.73602775981,1868.64262069496,18
6.11,2233.04361014488,1860.42648330396,18
6.12,2224.43252361832,1852.20640877267,18
6.13,2215.90208831417,1843.98314265969,18
6.14,2207.45162819693,1835.757419332,18
6.15,2199.08047110985,1827.52996202199,18
6.16,2190.78794882053,1819.30148288667,18
6.17,2182.57339706396,1811.07268306913,18
6.18,2174.43615558304,1802.84425276196,18
6.19,2166.37556816667,1794.61687127268,18
6.2,2158.39098268538,1786.39120709104,18
6.21,2150.48175112475,1778.16791795814,18
6.22,2142.64722961643,1769.94765093719,18
6.23,2134.8867784671,1761.731042486,18
6.24,2127.19976218521,1753.51871853094,18
6.25,2119.58554950563,1745.31129454239,18
6.26,2112.04351341236,1737.10937561161,18
6.27,2104.57303115921,1728.91355652892,18
6.28,2097.1734842886,1720.72442186312,18
6.29,2089.84425864848,1712.5425460421,18
6.3,2082.58474440754,1704.36849343457,18
6.31,2075.39433606857,1696.20281843282,18
6.32,2068.27243248023,1688.04606553643,18
6.33,2061.2184368471,1679.898769437,18
6.34,2054.2317567382,1671.76145510357,18
6.35,2047.31180409398,1663.63463786901,18
6.36,2040.45799523175,1655.51882351702,18
6.37,2033.66975084975,1647.41450836984,18
6.38,2026.9464960298,1639.32217937661,18
6.39,2020.28766023858,1631.24231420227,18
6.4,2013.69267732762,1623.17538131701,18
6.41,2007.16098553204,1615.12184008612,18
6.42,2000.69202746807,1607.08214086034,18
6.43,1994.28525012938,1599.0567250665,18
6.44,1987.94010488227,1591.04602529856,18
6.45,1981.65604745982,1583.05046540887,18
6.46,1975.43253795487,1575.07046059967,18
6.47,1969.26904081213,1567.10641751481,18
6.48,1963.16502481917,1559.1587343316,18
6.49,1957.11996309657,1551.22780085277,18
6.5,1951.13333308705,1543.31399859853,18
6.51,1945.20461654389,1535.41770089861,18
6.52,1939.33329951831,1527.53927298437,18
6.53,1933.51887234618,1519.67907208084,18
6.54,1927.76082963394,1511.83744749866,18
6.55,1922.05867024367,1504.01474072599,18
6.56,1916.41189727761,1496.21128552025,18
6.57,1910.82001806183,1488.42740799968,18
6.58,1905.28254412936,1480.66342673477,18
6.59,1899.79899120264,1472.91965283939,18
6.6,1894.36887917536,1465.19639006179,18
6.61,1888.99173209377,1457.49393487518,18
6.62,1883.66707813741,1449.81257656818,18
6.63,1878.39444959928,1442.1525973348,18
6.64,1873.17338286562,1434.51427236421,18
6.65,1868.00341839508,1426.89786993005,18
6.66,1862.88410069755,1419.3036514794,18
6.67,1857.81497831249,1411.73187172134,18
6.68,1852.79560378691,1404.18277871508,18
6.69,1847.82553365288,1396.65661395768,18
6.7,1842.90432840477,1389.15361247125,18
6.71,1838.0315524761,1381.67400288973,18
6.72,1833.20677421604,1374.21800754514,18
6.73,1828.42956586566,1366.78584255337,18
6.74,1823.69950353382,1359.37771789939,18
6.75,1819.01616717289,1351.99383752194,18
6.76,1814.37914055411,1344.63439939774,18
6.77,1809.78801124278,1337.299595625,18
6.78,1805.24237057322,1329.98961250653,18
6.79,1800.74181362348,1322.7046306321,18
6.8,1796.28593918996,1315.4448249603,18
6.81,1791.87434976175,1308.21036489982,18
6.82,1787.50665149487,1301.00141439001,18
6.83,1783.18245418636,1293.81813198091,18
6.84,1778.90137124819,1286.66067091261,18
6.85,1774.66301968114,1279.529179194,18
6.86,1770.46702004848,1272.42379968081,18
6.87,1766.31299644964,1265.34467015311,18
6.88,1762.20057649369,1258.291923392,18
6.89,1758.12939127289,1251.26568725579,18
6.9,1754.09907533604,1244.26608475541,18
6.91,1750.10926666187,1237.29323412916,18
6.92,1746.15960663237,1230.34724891684,18
6.93,1742.24974000608,1223.4282380331,18
6.94,1738.37931489134,1216.53630584023,18
6.95,1734.54798271959,1209.67155222013,18
6.96,1730.7553982186,1202.83407264565,18
6.97,1727.00121938576,1196.02395825129,18
6.98,1723.28510746135,1189.24129590309,18
6.99,1719.60672690185,1182.4861682679,18
7,1715.96574535327,1175.75865388195,18
7.01,1712.36183362452,1169.05882721867,18
7.02,1708.79466566086,1162.38675875586,18
7.03,1705.26391851731,1155.74251504214,18
7.04,1701.76927233224,1149.12615876269,18
7.05,1698.31041030092,1142.53774880429,18
7.06,1694.8870186492,1135.97734031968,18
7.07,1691.49878660724,1129.4449847912,18
7.08,1688.14540638333,1122.94073009372,18
7.09,1684.82657313782,1116.46462055693,18
7.1,1681.54198495709,1110.01669702683,18
7.11,1678.29134282764,1103.59699692664,18
7.12,1675.07435061033,1097.20555431692,18
7.13,1671.89071501464,1090.84239995506,18
7.14,1668.74014557309,1084.50756135406,18
7.15,1665.62235461581,1078.20106284063,18
7.16,1662.53705724512,1071.92292561259,18
7.17,1659.48397131034,1065.67316779557,18
7.18,1656.46281738268,1059.45180449912,18
7.19,1653.47331873025,1053.25884787203,18
7.2,1650.51520129322,1047.09430715705,18
7.21,1647.58819365908,1040.95818874491,18
7.22,1644.69202703812,1034.85049622771,18
7.23,1641.82643523894,1028.77123045158,18
7.24,1638.9911546442,1022.72038956878,18
7.25,1636.18592418643,1016.69796908901,18
7.26,1633.41048532408,1010.70396193024,18
7.27,1630.66458201762,1004.73835846873,18
7.28,1627.94796070586,998.801146588486,18
7.29,1625.26037028244,992.892311730119,18
7.3,1622.60156207237,987.011836938963,18
7.31,1619.97128980885,981.159702912649,18
7.32,1617.36930961016,975.335888048022,18
7.33,1614.79537995679,969.540368487431,18
7.34,1612.24926166861,963.773118164423,18
7.35,1609.73071788235,958.034108848806,18
7.36,1607.23951402913,952.323310191119,18
7.37,1604.77541781219,946.640689766489,18
7.38,1602.33819918481,940.986213117904,18
7.39,1599.92763032834,935.359843798878,18
7.4,1597.54348563049,929.761543415543,18
7.41,1595.18554166365,924.191271668149,18
7.42,1592.85357716351,918.648986391991,18
7.43,1590.54737300778,913.134643597765,18
7.44,1588.26671219508,907.648197511352,18
7.45,1586.01137982402,902.189600613045,18
7.46,1583.78116307244,896.758803676214,18
7.47,1581.5758511768,891.355755805426,18
7.48,1579.39523541181,885.98040447401,18
7.49,1577.23910907009,880.632695561091,18
7.5,1575.10726744218,875.312573388076,18
7.51,1572.99950779656,870.019980754618,18
7.52,1570.91562935994,864.754858974052,18
7.53,1568.85543329767,859.517147908307,18
7.54,1566.81872269435,854.306786002308,18
7.55,1564.80530253456,849.123710317866,18
7.56,1562.81497968382,843.96785656706,18
7.57,1560.84756286968,838.839159145124,18
7.58,1558.902862663,833.737551162838,18
7.59,1556.98069145935,828.662964478429,18
7.6,1555.08086346063,823.615329728989,18
7.61,1553.20319465685,818.594576361416,18
7.62,1551.34750280805,813.600632662877,18
7.63,1549.51360742638,808.633425790807,18
7.64,1547.70132975839,803.692881802443,18
7.65,1545.91049276743,798.778925683902,18
7.66,1544.14092111627,793.891481378802,18
7.67,1542.39244114981,789.030471816439,18
7.68,1540.66488087804,784.195818939521,18
7.69,1538.95806995905,779.387443731463,18
7.7,1537.27183968235,774.605266243249,18
7.71,1535.60602295217,769.849205619872,18
7.72,1533.96045427107,765.11918012634,18
7.73,1532.33496972365,760.415107173278,18
7.74,1530.72940696036,755.736903342111,18
7.75,1529.1436051816,751.084484409836,18
7.76,1527.57740512184,746.457765373397,18
7.77,1526.03064903395,741.856660473659,18
7.78,1524.50318067372,737.281083218993,18
7.79,1522.99484528447,732.730946408468,18
7.8,1521.50548958182,728.206162154659,18
7.81,1520.03496173868,723.706641906083,18
7.82,1518.58311137027,719.232296469255,18
7.83,1517.1497895194,714.783036030376,18
7.84,1515.73484864184,710.358770176656,18
7.85,1514.33814259183,705.959407917282,18
7.86,1512.95952660775,701.584857704021,18
7.87,1511.59885729798,697.235027451482,18
7.88,1510.25599262681,692.909824557023,18
7.89,1508.93079190054,688.609155920325,18
7.9,1507.62311575377,684.332927962617,18
7.91,1506.33282613571,680.081046645582,18
7.92,1505.05978629676,675.85341748992,18
7.93,1503.80386077514,671.649945593596,18
7.94,1502.56491538368,667.470535649768,18
7.95,1501.34281719674,663.315091964391,18
7.96,1500.1374345373,659.183518473518,18
7.97,1498.94863696414,655.075718760288,18
7.98,1497.77629525916,650.991596071614,18
7.99,1496.62028141483,646.931053334571,18
8,1495.48046862183,642.893993172485,18
8.01,1494.3567312567,638.880317920737,18
8.02,1493.24894486971,634.889929642275,18
8.03,1492.15698617285,630.922730142845,18
8.04,1491.0807330279,626.97862098594,18
8.05,1490.02006443466,623.057503507481,18
8.06,1488.97486051929,619.159278830214,18
8.07,1487.94500252279,615.283847877848,18
8.08,1486.93037278956,611.431111388929,18
8.09,1485.93085475611,607.600969930448,18
8.1,1484.94633293992,603.7933239112,18
8.11,1483.97669292834,600.008073594878,18
8.12,1483.02182136766,596.24511911293,18
8.13,1482.08160595232,592.504360477168,18
8.14,1481.15593541413,588.78569759212,18
8.15,1480.24469951173,585.089030267167,18
8.16,1479.34778902009,581.414258228422,18
8.17,1478.46509572012,577.761281130392,18
8.18,1477.59651238842,574.129998567403,18
8.19,1476.74193278713,570.520310084807,18
8.2,1475.90125165386,566.932115189953,18
8.21,1475.07436469178,563.36531336296,18
8.22,1474.26116855975,559.819804067252,18
8.23,1473.46156086262,556.295486759899,18
8.24,1472.6754401416,552.792260901736,18
8.25,1471.90270586472,549.310025967282,18
8.26,1471.14325841744,545.848681454454,18
8.27,1470.39699909328,542.408126894082,18
8.28,1469.66383008465,538.988261859227,18
8.29,1468.94365447372,535.5889859743,18
8.3,1468.23637622335,532.210198923999,18
8.31,1467.54190016822,528.851800462048,18
8.32,1466.86013200598,525.513690419756,18
8.33,1466.19097828849,522.195768714395,18
8.34,1465.53434641321,518.897935357392,18
8.35,1464.89014461462,515.620090462346,18
8.36,1464.25828195581,512.362134252879,18
8.37,1463.63866832004,509.123967070298,18
8.38,1463.03121440254,505.905489381108,18
8.39,1462.43583170227,502.706601784342,18
8.4,1461.85243251384,499.527205018737,18
8.41,1461.28092991948,496.367199969745,18
8.42,1460.72123778116,493.226487676385,18
8.43,1460.17327073269,490.104969337941,18
8.44,1459.63694417201,487.002546320505,18
8.45,1459.11217425347,483.919120163367,18
8.46,1458.59887788031,480.854592585258,18
8.47,1458.09697269708,477.808865490449,18
8.48,1457.60637708225,474.7818409747,18
8.49,1457.12701014088,471.773421331068,18
8.5,1456.6587916973,468.783509055581,18
8.51,1456.20164228797,465.81200685277,18
8.52,1455.75548315434,462.858817641066,18
8.53,1455.32023623583,459.923844558063,18
8.54,1454.89582416287,457.006990965653,18
8.55,1454.48217025,454.108160455037,18
8.56,1454.07919848908,451.22725685159,18
8.57,1453.68683354256,448.364184219629,18
8.57019362668105,1453.67934048963,448.308922828544,18
0,9990,10,19
0.01,9989.76100986865,10.1508738469335,19
0.02,9989.51852988453,10.3040177834448,19
0.03,9989.2725075764,10.4594657811656,19
0.04,9989.02288969485,10.6172523134706,19
0.05,9988.7696221993,10.7774123638348,19
0.06,9988.51265024677,10.9399814329904,19
0.07,9988.25191817994,11.10499554658,19
0.08,9987.98736951502,11.2724912628599,19
0.09,9987.71894693041,11.4425056799608,19
0.1,9987.44659225407,11.6150764439584,19
0.11,9987.17024645121,11.7902417567059,19
0.12,9986.88984961178,11.9680403838222,19
0.13,9986.60534093774,12.1485116627994,19
0.14,9986.31665873019,12.3316955112135,19
0.15,9986.0237403763,12.5176324350473,19
0.16,9985.72652233607,12.7063635371294,19
0.17,9985.42494012889,12.8979305256842,19
0.18,9985.1189283199,13.0923757229986,19
0.19,9984.80842050625,13.2897420742031,19
0.2,9984.49334930306,13.4900731561722,19
0.21,9984.17364632923,13.6934131865427,19
0.22,9983.8492421931,13.8998070328533,19
0.23,9983.52006647784,14.1093002218053,19
0.24,9983.18604772668,14.3219389486459,19
0.25,9982.84711342794,14.5377700866772,19
0.26,9982.50318999986,14.7568411968898,19
0.27,9982.15420277519,14.9792005377237,19
0.28,9981.8000759856,15.2048970749584,19
0.29,9981.44073274588,15.4339804917318,19
0.3,9981.07609503792,15.6665011986912,19
0.31,9980.70608369446,15.9025103442763,19
0.32,9980.33061838264,16.142059825137,19
0.33,9979.94961758734,16.3852022966854,19
0.34,9979.56299859424,16.631991183786,19
0.35,9979.17067747273,16.882480691583,19
0.36,9978.77256905853,17.1367258164676,19
0.37,9978.36858693613,17.3947823571862,19
0.38,9977.95864342093,17.6567069260913,19
0.39,9977.5426495412,17.9225569605355,19
0.4,9977.12051501981,18.1923907344113,19
0.41,9976.69214825565,18.4662673698373,19
0.42,9976.25745630483,18.744246848992,19
0.43,9975.81634486174,19.0263900260974,19
0.44,9975.36871823967,19.3127586395533,19
0.45,9974.91447935132,19.6034153242233,19
0.46,9974.45352968902,19.8984236238745,19
0.47,9973.98576930468,20.1978480037725,19
0.48,9973.51109678947,20.5017538634321,19
0.49,9973.02940925324,20.8102075495252,19
0.5,9972.54060230374,21.1232763689492,19
0.51,9972.04457002547,21.4410286020535,19
0.52,9971.5412049583,21.7635335160296,19
0.53,9971.03039807586,22.0908613784627,19
0.54,9970.5120387636,22.4230834710482,19
0.55,9969.98601479657,22.7602721034736,19
0.56,9969.45221231694,23.1025006274673,19
0.57,9968.91051581127,23.4498434510148,19
0.58,9968.36080808738,23.8023760527453,19
0.59,9967.80297025108,24.1601749964877,19
0.6,9967.23688168249,24.5233179459991,19
0.61,9966.66242001208,24.891883679866,19
0.62,9966.07946109652,25.2659521065792,19
0.63,9965.48787899405,25.6456042797844,19
0.64,9964.88754593972,26.030922413709,19
0.65,9964.27833232021,26.4219898987663,19
0.66,9963.6601066484,26.8188913173378,19
0.67,9963.03273553759,27.2217124597358,19
0.68,9962.39608367544,27.6305403403455,19
0.69,9961.7500137976,28.0454632139497,19
0.7,9961.09438666094,28.4665705922348,19
0.71,9960.42906101661,28.8939532604808,19
0.72,9959.75389358261,29.3277032944354,19
0.73,9959.06873901615,29.7679140773723,19
0.74,9958.37344988565,30.2146803173366,19
0.75,9957.66787664239,30.6680980645752,19
0.76,9956.95186759184,31.1282647291552,19
0.77,9956.22526886467,31.59527909877,19
0.78,9955.4879243874,32.0692413567332,19
0.79,9954.73967585273,32.550253100162,19
0.8,9953.98036268951,33.0384173583497,19
0.81,9953.20982203237,33.5338386113274,19
0.82,9952.42788869105,34.0366228086168,19
0.83,9951.63439511927,34.5468773881724,19
0.84,9950.82917138341,35.0647112955144,19
0.85,9950.01204513067,35.5902350030533,19
0.86,9949.18284155704,36.1235605296035,19
0.87,9948.34138337476,36.6648014600896,19
0.88,9947.48749077955,37.2140729654415,19
0.89,9946.62098141742,37.7714918226817,19
0.9,9945.74167035112,38.3371764352014,19
0.91,9944.84937002624,38.9112468532278,19
0.92,9943.94389023699,39.4938247944796,19
0.93,9943.02503809151,40.0850336650124,19
0.94,9942.09261797696,40.684998580252,19
0.95,9941.14643152408,41.293846386215,19
0.96,9940.18627757157,41.9117056809168,19
0.97,9939.21195212992,42.5387068359647,19
0.98,9938.22324834501,43.1749820183358,19
0.99,9937.21995646128,43.8206652123385,19
1,9936.20186378454,44.4758922417564,19
1.01,9935.16875464441,45.140800792172,19
1.02,9934.12041035639,45.8155304334708,19
1.03,9933.0566091836,46.5002226425215,19
1.04,9931.97712629808,47.1950208260328,19
1.05,9930.8817337418,47.9000703435829,19
1.06,9929.77020038722,48.6155185308209,19
1.07,9928.64229189759,49.3415147228368,19
1.08,9927.49777068676,50.0782102776982,19
1.09,9926.33639587871,50.8257586001512,19
1.1,9925.15792326674,51.5843151654813,19
1.11,9923.96210527217,52.3540375435336,19
1.12,9922.74869090284,53.1350854228868,19
1.13,9921.51742571112,53.9276206351791,19
1.14,9920.26805175165,54.7318071795815,19
1.15,9919.00030753869,55.5478112474154,19
1.16,9917.7139280031,56.3758012469102,19
1.17,9916.40864444903,57.2159478280964,19
1.18,9915.0841845102,58.0684239078299,19
1.19,9913.74027210587,58.9334046949431,19
1.2,9912.3766273965,59.8110677155177,19
1.21,9910.992966739,60.7015928382734,19
1.22,9909.58900264171,61.6051623000684,19
1.23,9908.16444371904,62.5219607315041,19
1.24,9906.71899464577,63.4521751826305,19
1.25,9905.2523561111,64.3959951487435,19
1.26,9903.76422477224,65.3536125962693,19
1.27,9902.25429320789,66.3252219887281,19
1.28,9900.72224987128,67.3110203127709,19
1.29,9899.16777904293,68.3112071042809,19
1.3,9897.59056078323,69.3259844745324,19
1.31,9895.99027088459,70.355557136399,19
1.32,9894.36658082344,71.4001324306026,19
1.33,9892.71915771192,72.4599203519938,19
1.34,9891.04766424929,73.5351335758564,19
1.35,9889.35175867314,74.6259874842236,19
1.36,9887.63109471035,75.7327001921991,19
1.37,9885.8853215278,76.8554925742703,19
1.38,9884.11408368291,77.9945882906045,19
1.39,9882.31702107389,79.1502138133162,19
1.4,9880.49376888994,80.3225984526946,19
1.41,9878.64395756109,81.5119743833781,19
1.42,9876.76721270802,82.7185766704657,19
1.43,9874.86315509161,83.9426432955497,19
1.44,9872.93140056244,85.184415182659,19
1.45,9870.9715600101,86.4441362240967,19
1.46,9868.9832393124,87.7220533061604,19
1.47,9866.96603928445,89.018416334728,19
1.48,9864.91955562773,90.3334782606954,19
1.49,9862.84337887902,91.6674951052495,19
1.5,9860.73709435931,93.0207259849602,19
1.51,9858.60028212266,94.3934331366753,19
1.52,9856.43251690506,95.7858819421993,19
1.53,9854.23336807328,97.1983409527403,19
1.54,9852.00239957376,98.6310819131037,19
1.55,9849.73916988151,100.084379785616,19
1.56,9847.44323194915,101.558512773758,19
1.57,9845.1141331559,103.053762345487,19
1.58,9842.75141525687,104.570413256221,19
1.59,9840.35461433227,106.108753571483,19
1.6,9837.92326073696,107.669074689152,19
1.61,9835.45687905008,109.251671361326,19
1.62,9832.95498802493,110.856841715759,19
1.63,9830.41710053907,112.484887276847,19
1.64,9827.84272354466,114.136112986145,19
1.65,9825.23135801918,115.810827222387,19
1.66,9822.58249891635,117.509341820973,19
1.67,9819.89563511753,119.23197209291,19
1.68,9817.17024938337,120.97903684317,19
1.69,9814.40581830603,122.750858388438,19
1.7,9811.60181226173,124.547762574221,19
1.71,9808.75769536381,126.370078791281,19
1.72,9805.8729254164,128.218139991378,19
1.73,9802.9469538685,130.092282702264,19
1.74,9799.97922576882,131.992847041926,19
1.75,9796.96917972109,133.920176732013,19
1.76,9793.91624784023,135.874619110434,19
1.77,9790.81985570905,137.856525143088,19
1.78,9787.67942233587,139.866249434676,19
1.79,9784.49436011285,141.904150238577,19
1.8,9781.26407477518,143.970589465729,19
1.81,9777.98796536122,146.065932692497,19
1.82,9774.66542417354,148.190549167468,19
1.83,9771.29583674092,150.344811817144,19
1.84,9767.8785817815,152.529097250487,19
1.85,9764.41303116689,154.743785762273,19
1.86,9760.89854988756,156.989261335205,19
1.87,9757.3344960193,159.265911640756,19
1.88,9753.72022069104,161.574128038673,19
1.89,9750.05506805395,163.914305575113,19
1.9,9746.33837525186,166.286842979354,19
1.91,9742.56947239324,168.692142659035,19
1.92,9738.74768252448,171.130610693872,19
1.93,9734.87232160492,173.602656827799,19
1.94,9730.9426984834,176.108694459485,19
1.95,9726.95811487647,178.649140631169,19
1.96,9722.9178653484,181.224416015758,19
1.97,9718.82123729302,183.834944902139,19
1.98,9714.66751091739,186.481155178643,19
1.99,9710.45595922751,189.163478314597,19
2,9706.18584801597,191.882349339924,19
2.01,9701.85643585179,194.63820682271,19
2.02,9697.46697407239,197.431492844691,19
2.03,9693.01670677787,200.262652974594,19
2.04,9688.50487082754,203.132136239263,19
2.05,9683.93069583902,206.040395092522,19
2.06,9679.29340418967,208.987885381691,19
2.07,9674.59221102072,211.975066311701,19
2.08,9669.82632424408,215.002400406741,19
2.09,9664.99494455179,218.070353469358,19
2.1,9660.09726542844,221.179394536962,19
2.11,9655.13247316648,224.32999583564,19
2.12,9650.09974688454,227.522632731232,19
2.13,9644.99825854889,230.757783677582,19
2.14,9639.82717299806,234.035930161902,19
2.15,9634.58564797091,237.357556647163,19
2.16,9629.27283413789,240.723150511456,19
2.17,9623.88787513599,244.133201984232,19
2.18,9618.42990760722,247.588204079356,19
2.19,9612.89806124074,251.088652524896,19
2.2,9607.29145881892,254.63504568957,19
2.21,9601.60921626718,258.227884505765,19
2.22,9595.8504427079,261.867672389073,19
2.23,9590.0142405185,265.554915154238,19
2.24,9584.09970539362,269.290120927454,19
2.25,9578.10592641178,273.073800054927,19
2.26,9572.03198610633,276.906465007624,19
2.27,9565.87696054111,280.788630282122,19
2.28,9559.63991939061,284.720812297495,19
2.29,9553.31992602506,288.703529288132,19
2.3,9546.91603760032,292.737301192433,19
2.31,9540.42730515273,296.822649537276,19
2.32,9533.85277369922,300.960097318205,19
2.33,9527.19148234246,305.150168875227,19
2.34,9520.44246438156,309.393389764161,19
2.35,9513.60474742802,313.690286623453,19
2.36,9506.67735352742,318.041387036376,19
2.37,9499.6592992867,322.447219388532,19
2.38,9492.5495960073,326.908312720593,19
2.39,9485.3472498242,331.425196576189,19
2.4,9478.05126185097,335.998400844871,19
2.41,9470.66062833104,340.628455600086,19
2.42,9463.17434079515,345.315890932063,19
2.43,9455.59138622528,350.061236775571,19
2.44,9447.91074722496,354.865022732443,19
2.45,9440.13140219629,359.727777888835,19
2.46,9432.25232552363,364.650030627104,19
2.47,9424.27248776411,369.632308432292,19
2.48,9416.19085584511,374.675137693103,19
2.49,9408.00639326877,379.779043497346,19
2.5,9399.71806032365,384.944549421762,19
2.51,9391.32481430365,390.172177316191,19
2.52,9382.82560973431,395.46244708202,19
2.53,9374.21939860654,400.815876444848,19
2.54,9365.50513061795,406.232980721346,19
2.55,9356.68175342175,411.714272580236,19
2.56,9347.74821288353,417.260261797364,19
2.57,9338.70345334576,422.871455004828,19
2.58,9329.54641790024,428.548355434116,19
2.59,9320.27604866865,434.291462653228,19
2.6,9310.891287091,440.10127229776,19
2.61,9301.39107422245,445.978275795912,19
2.62,9291.77435103818,451.922960087423,19
2.63,9282.04005874674,457.935807336396,19
2.64,9272.18713911155,464.017294638028,19
2.65,9262.21453478103,470.167893719213,19
2.66,9252.12118962708,476.388070633057,19
2.67,9241.90604909208,482.678285447275,19
2.68,9231.56806054452,489.03899192651,19
2.69,9221.10617364313,495.470637208585,19
2.7,9210.51934070975,501.973661474707,19
2.71,9199.80651711074,508.548497613674,19
2.72,9188.9666616471,515.195570880103,19
2.73,9177.99873695326,521.915298546744,19
2.74,9166.90170990456,528.708089550922,19
2.75,9155.67455203334,535.574344135178,19
2.76,9144.31623995375,542.514453482171,19
2.77,9132.82575579511,549.52879934392,19
2.78,9121.20208764396,556.61775366548,19
2.79,9109.44422999455,563.781678203135,19
2.8,9097.55118420797,571.020924137221,19
2.81,9085.52195897962,578.335831679678,19
2.82,9073.35557081507,585.726729676479,19
2.83,9061.05104451431,593.193935205031,19
2.84,9048.60741366408,600.737753166719,19
2.85,9036.02372113843,608.358475874729,19
2.86,9023.29901960717,616.056382637316,19
2.87,9010.43237205228,623.831739336683,19
2.88,8997.42285229203,631.684798003657,19
2.89,8984.26954551268,639.615796388357,19
2.9,8970.97154880767,647.624957527048,19
2.91,8957.52797172401,655.712489305404,19
2.92,8943.93793681582,663.878584018402,19
2.93,8930.20058020472,672.123417927082,19
2.94,8916.31505214693,680.447150812427,19
2.95,8902.28051760683,688.84992552662,19
2.96,8888.09615683669,697.331867541938,19
2.97,8873.76116596249,705.893084497597,19
2.98,8859.27475757536,714.533665744805,19
2.99,8844.63616132847,723.253681890363,19
3,8829.84462453913,732.053184339109,19
3.01,8814.89941279565,740.932204835557,19
3.02,8799.79981056882,749.890755005054,19
3.03,8784.54512182747,758.928825894831,19
3.04,8769.13467065795,768.046387515298,19
3.05,8753.5678018871,777.243388381971,19
3.06,8737.84388170824,786.519755058424,19
3.07,8721.96229830997,795.875391700661,19
3.08,8705.92246250716,805.310179603328,19
3.09,8689.72380837395,814.823976748195,19
3.1,8673.36579387809,824.416617355339,19
3.11,8656.84790151633,834.08791143747,19
3.12,8640.16963895032,843.837644357879,19
3.13,8623.33053964254,853.665576392464,19
3.14,8606.33016349189,863.571442296309,19
3.15,8589.16809746815,873.554950875328,19
3.16,8571.84395624517,883.615784563446,19
3.17,8554.3573828319,893.753599005851,19
3.18,8536.70804920098,903.968022648825,19
3.19,8518.89565691416,914.258656336672,19
3.2,8500.91993774402,924.625072916299,19
3.21,8482.78065429156,935.066816849969,19
3.22,8464.47760059872,945.583403836794,19
3.23,8446.01060275565,956.174320443513,19
3.24,8427.37951950176,966.83902374512,19
3.25,8408.58424282008,977.576940975908,19
3.26,8389.62469852437,988.387469191499,19
3.27,8370.50084683813,999.269974942444,19
3.28,8351.21268296504,1010.22379395995,19
3.29,8331.76023765009,1021.24823085435,19
3.3,8312.14357773071,1032.34255882685,19
3.31,8292.36280667731,1043.50601939519,19
3.32,8272.41806512249,1054.73782213374,19
3.33,8252.30953137826,1066.0371444287,19
3.34,8232.03742194053,1077.40313124888,19
3.35,8211.60199198031,1088.83489493273,19
3.36,8191.00353582081,1100.33151499211,19
3.37,8170.24238739975,1111.89203793347,19
3.38,8149.31892071635,1123.51547709689,19
3.39,8128.23355026204,1135.20081251361,19
3.4,8106.98673143448,1146.94699078264,19
3.41,8085.57896093406,1158.75292496683,19
3.42,8064.01077714217,1170.61749450911,19
3.43,8042.28276048065,1182.53954516933,19
3.44,8020.39553375181,1194.51788898217,19
3.45,7998.34976245815,1206.55130423678,19
3.46,7976.14615510136,1218.63853547836,19
3.47,7953.78546345981,1230.77829353246,19
3.48,7931.26848284402,1242.96925555215,19
3.49,7908.59605232932,1255.21006508873,19
3.5,7885.76905496538,1267.49933218627,19
3.51,7862.7884179617,1279.83563350035,19
3.52,7839.65511284874,1292.21751244149,19
3.53,7816.37015561403,1304.64347934347,19
3.54,7792.93460681276,1317.11201165704,19
3.55,7769.34957165227,1329.62155416911,19
3.56,7745.61620005009,1342.17051924792,19
3.57,7721.73568666489,1354.75728711431,19
3.58,7697.70927090009,1367.38020613926,19
3.59,7673.53823687945,1380.0375931681,19
3.6,7649.22391339454,1392.72773387134,19
3.61,7624.7676738235,1405.44888312241,19
3.62,7600.17093602088,1418.1992654023,19
3.63,7575.43516217811,1430.97707523129,19
3.64,7550.56185865456,1443.7804776277,19
3.65,7525.55257577861,1456.60760859375,19
3.66,7500.40890761888,1469.45657562849,19
3.67,7475.13249172511,1482.3254582677,19
3.68,7449.72500883873,1495.21230865068,19
3.69,7424.18818257301,1508.11515211388,19
3.7,7398.52377906253,1521.03198781108,19
3.71,7372.73360658219,1533.96078935996,19
3.72,7346.81951513552,1546.89950551493,19
3.73,7320.78339601246,1559.84606086574,19
3.74,7294.62718131661,1572.79835656172,19
3.75,7268.35284346208,1585.75427106129,19
3.76,7241.96239464007,1598.71166090622,19
3.77,7215.45788625543,1611.66836152039,19
3.78,7188.84140833327,1624.62218803247,19
3.79,7162.11508889606,1637.57093612204,19
3.8,7135.2810933114,1650.51238288865,19
3.81,7108.34162361083,1663.44428774326,19
3.82,7081.29891778007,1676.36439332139,19
3.83,7054.15524902111,1689.27042641737,19
3.84,7026.91292498659,1702.16009893901,19
3.85,6999.57428698697,1715.03110888201,19
3.86,6972.141709171,1727.88114132336,19
3.87,6944.61759768015,1740.70786943282,19
3.88,6917.00438977744,1753.50895550194,19
3.89,6889.30455295153,1766.28205198946,19
3.9,6861.5205839965,1779.02480258255,19
3.91,6833.65500806829,1791.7348432727,19
3.92,6805.71037771832,1804.40980344548,19
3.93,6777.68927190524,1817.04730698329,19
3.94,6749.59429498552,1829.64497337995,19
3.95,6721.42807568371,1842.20041886622,19
3.96,6693.19326604343,1854.71125754526,19
3.97,6664.89254035966,1867.17510253699,19
3.98,6636.52859409359,1879.58956713015,19
3.99,6608.10414277073,1891.9522659412,19
4,6579.62192086349,1904.2608160788,19
4.01,6551.08468065895,1916.51283831285,19
4.02,6522.49519111311,1928.70595824689,19
4.03,6493.8562366925,1940.83780749288,19
4.04,6465.17061620426,1952.90602484708,19
4.05,6436.44114161574,1964.90825746589,19
4.06,6407.67063686479,1976.84216204064,19
4.07,6378.86193666168,1988.70540597003,19
4.08,6350.01788528393,2000.49566852916,19
4.09,6321.14133536513,2012.21064203393,19
4.1,6292.23514667875,2023.84803299974,19
4.11,6263.30218491832,2035.40556329327,19
4.12,6234.34532047485,2046.88097127627,19
4.13,6205.36742721286,2058.2720129402,19
4.14,6176.37138124599,2069.57646303056,19
4.15,6147.36005971348,2080.79211615992,19
4.16,6118.33633955849,2091.91678790842,19
4.17,6089.30309630956,2102.9483159108,19
4.18,6060.2632028662,2113.88456092877,19
4.19,6031.21952828981,2124.72340790778,19
4.2,6002.17493660099,2135.46276701716,19
4.21,5973.13228558431,2146.10057467258,19
4.22,5944.09442560174,2156.6347945399,19
4.23,5915.06419841561,2167.06341851948,19
4.24,5886.0444360223,2177.38446771,19
4.25,5857.0379594976,2187.5959933509,19
4.26,5828.04757785484,2197.69607774264,19
4.27,5799.0760869166,2207.68283514385,19
4.28,5770.12626820114,2217.55441264467,19
4.29,5741.20088782439,2227.30899101548,19
4.3,5712.30269541843,2236.9447855303,19
4.31,5683.43442306727,2246.46004676411,19
4.32,5654.59878426099,2255.85306136356,19
4.33,5625.79847286875,2265.12215279035,19
4.34,5597.03616213174,2274.26568203674,19
4.35,5568.31450367667,2283.28204831258,19
4.36,5539.63612655063,2292.16968970356,19
4.37,5511.00363627787,2300.92708379992,19
4.38,5482.41961393932,2309.55274829547,19
4.39,5453.88661527539,2318.04524155639,19
4.4,5425.40716981263,2326.40316315947,19
4.41,5396.98378001487,2334.62515439959,19
4.42,5368.61892045926,2342.7098987661,19
4.43,5340.31503703777,2350.65612238787,19
4.44,5312.0745461846,2358.46259444692,19
4.45,5283.89983412987,2366.12812756037,19
4.46,5255.79325617989,2373.65157813077,19
4.47,5227.75713602452,2381.03184666461,19
4.48,5199.79376507178,2388.26787805906,19
4.49,5171.90540181001,2395.35866185698,19
4.5,5144.09427119775,2402.30323247025,19
4.51,5116.36256408167,2409.10066937145,19
4.52,5088.71243664253,2415.75009725416,19
4.53,5061.14600986934,2422.25068616196,19
4.54,5033.6653690619,2428.60165158633,19
4.55,5006.27256336158,2434.80225453376,19
4.56,4978.96960531053,2440.85180156233,19
4.57,4951.75847043911,2446.74964478802,19
4.58,4924.64109688169,2452.49518186119,19
4.59,4897.61938502056,2458.08785591346,19
4.6,4870.69519715784,2463.52715547558,19
4.61,4843.87035721541,2468.81261436657,19
4.62,4817.14665046245,2473.94381155468,19
4.63,4790.52582327047,2478.9203709906,19
4.64,4764.00958289568,2483.74196141345,19
4.65,4737.59959728827,2488.40829613019,19
4.66,4711.29749492842,2492.91913276879,19
4.67,4685.10486468869,2497.27427300597,19
4.68,4659.02325572238,2501.47356226992,19
4.69,4633.05417737766,2505.51688941883,19
4.7,4607.19909913688,2509.40418639564,19
4.71,4581.45945058077,2513.13542785984,19
4.72,4555.83662137711,2516.71063079687,19
4.73,4530.33196129333,2520.12985410592,19
4.74,4504.94678023268,2523.39319816672,19
4.75,4479.68234829336,2526.50080438608,19
4.76,4454.53989585029,2529.45285472485,19
4.77,4429.52061365884,2532.24957120614,19
4.78,4404.62565298002,2534.89121540535,19
4.79,4379.85612572672,2537.37808792295,19
4.8,4355.2131046303,2539.71052784053,19
4.81,4330.69762342703,2541.88891216115,19
4.82,4306.31067706383,2543.91365523437,19
4.83,4282.0532219227,2545.78520816713,19
4.84,4257.92617606327,2547.50405822088,19
4.85,4233.93041948292,2549.07072819584,19
4.86,4210.06679439375,2550.48577580326,19
4.87,4186.336105516,2551.7497930262,19
4.88,4162.73912038713,2552.86340546971,19
4.89,4139.27656968606,2553.82727170115,19
4.9,4115.94914757195,2554.64208258128,19
4.91,4092.75751203691,2555.308560587,19
4.92,4069.70228527204,2555.8274591263,19
4.93,4046.78405404616,2556.19956184619,19
4.94,4024.00337009673,2556.42568193436,19
4.95,4001.36075053222,2556.5066614152,19
4.96,3978.8566782455,2556.44337044084,19
4.97,3956.49160233751,2556.23670657796,19
4.98,3934.26593855074,2555.88759409094,19
4.99,3912.18006971187,2555.39698322204,19
5,3890.23434618304,2554.76584946926,19
5.01,3868.42908632119,2553.9951928624,19
5.02,3846.76457694484,2553.08603723811,19
5.03,3825.24107380792,2552.03942951429,19
5.04,3803.8588020799,2550.85643896459,19
5.05,3782.61795683186,2549.53815649354,19
5.06,3761.51870352792,2548.08569391274,19
5.07,3740.56117852149,2546.50018321882,19
5.08,3719.74548955584,2544.78277587355,19
5.09,3699.07171626861,2542.93464208667,19
5.1,3678.53991069962,2540.95697010185,19
5.11,3658.15009780155,2538.85096548633,19
5.12,3637.90227595318,2536.61785042468,19
5.13,3617.79641747451,2534.25886301704,19
5.14,3597.83246914349,2531.77525658233,19
5.15,3578.01035271391,2529.1682989668,19
5.16,3558.32996543397,2526.43927185836,19
5.17,3538.79118056521,2523.58947010693,19
5.18,3519.39384790137,2520.62020105135,19
5.19,3500.13779428677,2517.532783853,19
5.2,3481.02282413399,2514.32854883658,19
5.21,3462.04871994031,2511.00883683827,19
5.22,3443.21524280268,2507.5749985617,19
5.23,3424.52213293091,2504.02839394174,19
5.24,3405.96911015873,2500.37039151667,19
5.25,3387.55587445234,2496.60236780878,19
5.26,3369.28210641635,2492.72570671364,19
5.27,3351.14746779664,2488.7417988984,19
5.28,3333.15160198004,2484.65204120907,19
5.29,3315.29413449037,2480.45783608722,19
5.3,3297.57467348084,2476.16059099609,19
5.31,3279.99281022241,2471.76171785635,19
5.32,3262.54811958791,2467.26263249164,19
5.33,3245.24016053182,2462.66475408396,19
5.34,3228.06847656535,2457.96950463916,19
5.35,3211.03259622677,2453.17830846248,19
5.36,3194.13203354675,2448.29259164431,19
5.37,3177.36628850857,2443.3137815563,19
5.38,3160.73484750299,2438.24330635772,19
5.39,3144.23718377777,2433.08259451234,19
5.4,3127.87275788148,2427.83307431572,19
5.41,3111.64101810173,2422.49617343299,19
5.42,3095.54140089752,2417.07331844716,19
5.43,3079.57333132567,2411.56593441796,19
5.44,3063.73622346128,2405.97544445124,19
5.45,3048.02948081196,2400.30326927887,19
5.46,3032.45249672602,2394.55082684918,19
5.47,3017.00465479426,2388.7195319279,19
5.48,3001.68532924553,2382.81079570956,19
5.49,2986.49388533586,2376.82602543933,19
5.5,2971.42967973112,2370.76662404525,19
5.51,2956.4920608833,2364.63398978078,19
5.52,2941.68036940017,2358.42951587762,19
5.53,2926.99393840847,2352.15459020878,19
5.54,2912.43209391054,2345.8105949617,19
5.55,2897.99415513431,2339.39890632154,19
5.56,2883.67943487675,2332.92089416431,19
5.57,2869.48723984076,2326.37792176002,19
5.58,2855.4168709654,2319.77134548548,19
5.59,2841.46762374956,2313.10251454691,19
5.6,2827.63878856913,2306.37277071205,19
5.61,2813.92965098751,2299.58344805176,19
5.62,2800.33949205968,2292.73587269104,19
5.63,2786.8675886297,2285.8313625692,19
5.64,2773.51321362181,2278.87122720923,19
5.65,2760.27563632502,2271.85676749616,19
5.66,2747.15412267138,2264.78927546429,19
5.67,2734.14793550779,2257.67003409314,19
5.68,2721.25633486164,2250.50031711208,19
5.69,2708.47857820005,2243.28138881343,19
5.7,2695.81392068299,2236.01450387384,19
5.71,2683.26161541023,2228.70090718398,19
5.72,2670.82091366221,2221.34183368627,19
5.73,2658.49106513478,2213.93850822052,19
5.74,2646.27131816815,2206.49214537739,19
5.75,2634.16091996974,2199.0039493595,19
5.76,2622.15911683133,2191.47511385002,19
5.77,2610.26515434039,2183.9068218887,19
5.78,2598.47827758568,2176.300245755,19
5.79,2586.7977313573,2168.65654685842,19
5.8,2575.22276034114,2160.97687563565,19
5.81,2563.75260930781,2153.26237145459,19
5.82,2552.38652329632,2145.51416252497,19
5.83,2541.12374779223,2137.73336581546,19
5.84,2529.96352890076,2129.92108697712,19
5.85,2518.90511351456,2122.07842027313,19
5.86,2507.94774947659,2114.20644851445,19
5.87,2497.09068573776,2106.30624300152,19
5.88,2486.33317250989,2098.37886347169,19
5.89,2475.67446141366,2090.42535805224,19
5.9,2465.1138056219,2082.44676321899,19
5.91,2454.65045999815,2074.44410376017,19
5.92,2444.28368123066,2066.41839274557,19
5.93,2434.0127279619,2058.37063150073,19
5.94,2423.83686091358,2050.3018095861,19
5.95,2413.75534300743,2042.21290478099,19
5.96,2403.76743948159,2034.1048830722,19
5.97,2393.87241800297,2025.97869864719,19
5.98,2384.06954877539,2017.83529389169,19
5.99,2374.35810464382,2009.67559939152,19
6,2364.73736119457,2001.50053393869,19
6.01,2355.20659685172,1993.3110045414,19
6.02,2345.76509296979,1985.10790643803,19
6.03,2336.41213392262,1976.89212311492,19
6.04,2327.1470071888,1968.66452632775,19
6.05,2317.96900343338,1960.4259761265,19
6.06,2308.87741658629,1952.17732088391,19
6.07,2299.87154391735,1943.91939732714,19
6.08,2290.95068610787,1935.65303057271,19
6.09,2282.11414731921,1927.37903416449,19
6.1,2273.36123525803,1919.09821011475,19
6.11,2264.69126123859,1910.81134894794,19
6.12,2256.10354024198,1902.51922974742,19
6.13,2247.59739097245,1894.22262020469,19
6.14,2239.17213591086,1885.92227667134,19
6.15,2230.82710136542,1877.61894421333,19
6.16,2222.56161751962,1869.31335666771,19
6.17,2214.37501847758,1861.00623670165,19
6.18,2206.26664230679,1852.69829587352,19
6.19,2198.23583107839,1844.39023469624,19
6.2,2190.28193090493,1836.08274270243,19
6.21,2182.40429197583,1827.77649851163,19
6.22,2174.60226859045,1819.47216989929,19
6.23,2166.87521918897,1811.17041386745,19
6.24,2159.22250638104,1802.87187671716,19
6.25,2151.64349697233,1794.57719412241,19
6.26,2144.13756198898,1786.28699120564,19
6.27,2136.70407670006,1778.00188261455,19
6.28,2129.34242063806,1769.72247260041,19
6.29,2122.0519776175,1761.4493550975,19
6.3,2114.83213575168,1753.18311380387,19
6.31,2107.68228746766,1744.92432226314,19
6.32,2100.60182951949,1736.67354394745,19
6.33,2093.59016299978,1728.43133234137,19
6.34,2086.64669334961,1720.19823102671,19
6.35,2079.77083036688,1711.97477376829,19
6.36,2072.96198821315,1703.76148460045,19
6.37,2066.21958541892,1695.55887791437,19
6.38,2059.54304488759,1687.36745854602,19
6.39,2052.93179389793,1679.18772186483,19
6.4,2046.38526410527,1671.02015386285,19
6.41,2039.90289154135,1662.86523124458,19
6.42,2033.48411661298,1654.72342151712,19
6.43,2027.12838409935,1646.59518308089,19
6.44,2020.83514314839,1638.48096532066,19
6.45,2014.60384727173,1630.38120869693,19
6.46,2008.43395433884,1622.29634483758,19
6.47,2002.3249265699,1614.22679662987,19
6.48,1996.27623052776,1606.1729783125,19
6.49,1990.28733710895,1598.13529556791,19
6.5,1984.35772153364,1590.11414561474,19
6.51,1978.48686333482,1582.10991730027,19
6.52,1972.67424634651,1574.12299119301,19
6.53,1966.91935869118,1566.15373967526,19
6.54,1961.22169276637,1558.20252703561,19
6.55,1955.58074523048,1550.26970956145,19
6.56,1949.99601698793,1542.35563563132,19
6.57,1944.46701317345,1534.46064580724,19
6.58,1938.99324313587,1526.58507292674,19
6.59,1933.57422042109,1518.72924219486,19
6.6,1928.20946275451,1510.89347127582,19
6.61,1922.89849202288,1503.07807038453,19
6.62,1917.64083425553,1495.28334237783,19
6.63,1912.43601960504,1487.50958284538,19
6.64,1907.28358232748,1479.75708020029,19
6.65,1902.18306076204,1472.02611576945,19
6.66,1897.13399731027,1464.31696388341,19
6.67,1892.13593841486,1456.62989196595,19
6.68,1887.18843453792,1448.96516062322,19
6.69,1882.29104013896,1441.32302373248,19
6.7,1877.44331365243,1433.70372853041,19
6.71,1872.64481746489,1426.10751570091,19
6.72,1867.89511789187,1418.5346194625,19
6.73,1863.19378515437,1410.98526765517,19
6.74,1858.54039335508,1403.45968182679,19
6.75,1853.93452045434,1395.95807731893,19
6.76,1849.37574824574,1388.48066335219,19
6.77,1844.86366233158,1381.02764311099,19
6.78,1840.39785209804,1373.59921382776,19
6.79,1835.97791069008,1366.1955668666,19
6.8,1831.60343498629,1358.81688780634,19
6.81,1827.27402557337,1351.463356523,19
6.82,1822.98928672058,1344.13514727167,19
6.83,1818.74882635395,1336.83242876774,19
6.84,1814.55225603037,1329.55536426754,19
6.85,1810.39919091159,1322.30411164834,19
6.86,1806.289249738,1315.07882348771,19
6.87,1802.22205480243,1307.87964714223,19
6.88,1798.19723192376,1300.70672482556,19
6.89,1794.21441042051,1293.56019368583,19
6.9,1790.27322308429,1286.44018588241,19
6.91,1786.37330615329,1279.34682866194,19
6.92,1782.51429928564,1272.28024443372,19
6.93,1778.69584553273,1265.2405508445,19
6.94,1774.91759131258,1258.22786085241,19
6.95,1771.17918638311,1251.24228280038,19
6.96,1767.48028381544,1244.28392048874,19
6.97,1763.82053996718,1237.35287324722,19
6.98,1760.19961445571,1230.44923600621,19
6.99,1756.61717013152,1223.5730993673,19
7,1753.07287305152,1216.72454967318,19
7.01,1749.56639245243,1209.90366907677,19
7.02,1746.09740072416,1203.11053560972,19
7.03,1742.66557338329,1196.34522325015,19
7.04,1739.27058904655,1189.60780198971,19
7.05,1735.91212940438,1182.89833789994,19
7.06,1732.5898791946,1176.2168931979,19
7.07,1729.30352617603,1169.56352631115,19
7.08,1726.05276110235,1162.93829194195,19
7.09,1722.83727769589,1156.34124113083,19
7.1,1719.6567726216,1149.77242131942,19
7.11,1716.51094546112,1143.23187641258,19
7.12,1713.39949868683,1136.71964683987,19
7.13,1710.32213763617,1130.23576961626,19
7.14,1707.27857048595,1123.78027840218,19
7.15,1704.26850822679,1117.35320356292,19
7.16,1701.29166463769,1110.95457222724,19
7.17,1698.34775626075,1104.58440834539,19
7.18,1695.43650237593,1098.24273274639,19
7.19,1692.55762497602,1091.92956319461,19
7.2,1689.71084874168,1085.64491444577,19
7.21,1686.89590101664,1079.38879830213,19
7.22,1684.11251178303,1073.1612236671,19
7.23,1681.36041363685,1066.96219659916,19
7.24,1678.63934176358,1060.79172036508,19
7.25,1675.94903391391,1054.64979549255,19
7.26,1673.28923037965,1048.53641982205,19
7.27,1670.65967396979,1042.45158855815,19
7.28,1668.06010998663,1036.39529432013,19
7.29,1665.49028620222,1030.36752719197,19
7.3,1662.94995283476,1024.36827477163,19
7.31,1660.43886252532,1018.39752221979,19
7.32,1657.9567703146,1012.4552523079,19
7.33,1655.50343361995,1006.5414454656,19
7.34,1653.07861221243,1000.65607982752,19
7.35,1650.68206819417,994.799131279479,19
7.36,1648.31356597576,988.970573504052,19
7.37,1645.9728722539,983.170378025521,19
7.38,1643.65975598914,977.398514254231,19
7.39,1641.37398838386,971.654949530343,19
7.4,1639.11534286035,965.939649166989,19
7.41,1636.88359503911,960.252576492831,19
7.42,1634.67852271725,954.593692894044,19
7.43,1632.49990584713,948.962957855706,19
7.44,1630.34752651514,943.360329002621,19
7.45,1628.22116892062,937.785762139571,19
7.46,1626.12061935498,932.239211290988,19
7.47,1624.045666181,926.720628740084,19
7.48,1621.99609981226,921.22996506741,19
7.49,1619.97171269278,915.767169188877,19
7.5,1617.97229927679,910.33218839322,19
7.51,1615.99765600871,904.924968378927,19
7.52,1614.04758130325,899.545453290636,19
7.53,1612.12187552576,894.193585754998,19
7.54,1610.22034097263,888.869306916014,19
7.55,1608.34278185199,883.572556469857,19
7.56,1606.48900426446,878.303272699181,19
7.57,1604.65881618417,873.061392506912,19
7.58,1602.85202743987,867.846851449547,19
7.59,1601.06844969623,862.659583769948,19
7.6,1599.30789643537,857.499522429644,19
7.61,1597.57018293843,852.366599140645,19
7.62,1595.85512626744,847.260744396774,19
7.63,1594.16254524724,842.181887504526,19
7.64,1592.49226044766,837.12995661344,19
7.65,1590.84409416581,832.104878746026,19
7.66,1589.21787040852,827.106579827212,19
7.67,1587.61341487503,822.134984713338,19
7.68,1586.0305549397,817.190017220709,19
7.69,1584.46911963505,812.271600153687,19
7.7,1582.92893963479,807.379655332351,19
7.71,1581.40984723716,802.514103619718,19
7.72,1579.91167634833,797.674864948531,19
7.73,1578.43426246598,792.861858347624,19
7.74,1576.97744266309,788.075001967864,19
7.75,1575.5410555718,783.314213107677,19
7.76,1574.1249413675,778.57940823816,19
7.77,1572.72894175303,773.870503027795,19
7.77931962402032,1571.44589295412,769.505221924749,19
0,9990,10,20
0.01,9989.76858396573,10.1508739426722,20
0.02,9989.53384277439,10.3040181750572,20
0.03,9989.29572623266,10.4594666820946,20
0.04,9989.05418340294,10.6172539510785,20
0.05,9988.80916259087,10.7774149800191,20
0.06,9988.56061133461,10.9399852848201,20
0.07,9988.30847639337,11.105000906956,20
0.08,9988.05270373581,11.2724984212032,20
0.09,9987.7932385292,11.4425149429206,20
0.1,9987.53002512727,11.6150881361493,20
0.11,9987.26300705846,11.7902562214715,20
0.12,9986.9921270139,11.9680579840263,20
0.13,9986.71732683527,12.1485327816466,20
0.14,9986.4385475024,12.3317205530985,20
0.15,9986.1557291208,12.517661826436,20
0.16,9985.86881090894,12.7063977274709,20
0.17,9985.57773118538,12.8979699883561,20
0.18,9985.28242735573,13.0924209562858,20
0.19,9984.98283589943,13.2897936023121,20
0.2,9984.67889235631,13.4901315302808,20
0.21,9984.37053131305,13.693478985888,20
0.22,9984.05768638933,13.8998808658575,20
0.23,9983.74029022391,14.1093827272413,20
0.24,9983.41827446042,14.322030796845,20
0.25,9983.09156973306,14.5378719807781,20
0.26,9982.760105652,14.7569538741324,20
0.27,9982.42381078864,14.9793247707877,20
0.28,9982.08261266067,15.2050336733486,20
0.29,9981.73643771687,15.4341303032124,20
0.3,9981.38521132182,15.6666651107691,20
0.31,9981.02885774025,15.9026892857369,20
0.32,9980.66730012131,16.1422547676321,20
0.33,9980.30046048254,16.385414256377,20
0.34,9979.9282596937,16.6322212230459,20
0.35,9979.55061746031,16.8827299207515,20
0.36,9979.16745230699,17.1369953956722,20
0.37,9978.77868156061,17.3950734982232,20
0.38,9978.3842213332,17.6570208943709,20
0.39,9977.98398650458,17.922895077094,20
0.4,9977.57789070486,18.1927543779913,20
0.41,9977.16584629658,18.466657979039,20
0.42,9976.74776435674,18.7446659244973,20
0.43,9976.32355465853,19.0268391329692,20
0.44,9975.89312565278,19.3132394096125,20
0.45,9975.45638444924,19.603929458506,20
0.46,9975.0132367976,19.8989728951722,20
0.47,9974.5635870682,20.1984342592571,20
0.48,9974.10733823256,20.502379027369,20
0.49,9973.64439184365,20.8108736260778,20
0.5,9973.17464801581,21.1239854450762,20
0.51,9972.69800540457,21.4417828505034,20
0.52,9972.21436118604,21.7643351984347,20
0.53,9971.72361103619,22.0917128485359,20
0.54,9971.2256491097,22.4239871778858,20
0.55,9970.72036801872,22.7612305949676,20
0.56,9970.20765881119,23.1035165538299,20
0.57,9969.687410949,23.4509195684203,20
0.58,9969.15951228581,23.8035152270908,20
0.59,9968.62384904461,24.1613802072779,20
0.6,9968.08030579503,24.5245922903589,20
0.61,9967.52876543028,24.893230376684,20
0.62,9966.96910914387,25.2673745007873,20
0.63,9966.40121640603,25.6471058467769,20
0.64,9965.82496493981,26.0325067639058,20
0.65,9965.24023069693,26.4236607823245,20
0.66,9964.64688783323,26.8206526290168,20
0.67,9964.04480868398,27.22356824392,20
0.68,9963.43386373871,27.6324947962299,20
0.69,9962.81392161587,28.0475207008926,20
0.7,9962.1848490371,28.4687356352845,20
0.71,9961.54651080123,28.8962305560793,20
0.72,9960.89876975792,29.3300977163064,20
0.73,9960.24148678106,29.7704306825984,20
0.74,9959.57452074175,30.2173243526311,20
0.75,9958.89772848107,30.6708749727552,20
0.76,9958.21096478239,31.131180155822,20
0.77,9957.51408234353,31.5983388992022,20
0.78,9956.80693174838,32.0724516030002,20
0.79,9956.0893614384,32.553620088464,20
0.8,9955.36121768362,33.0419476165905,20
0.81,9954.62234455341,33.5375389069284,20
0.82,9953.87258388684,34.0405001565783,20
0.83,9953.11177526277,34.5509390593898,20
0.84,9952.33975596952,35.0689648253579,20
0.85,9951.5563609743,35.5946882002175,20
0.86,9950.76142289216,36.1282214852366,20
0.87,9949.95477195472,36.6696785572092,20
0.88,9949.13623597846,37.2191748886467,20
0.89,9948.30564033271,37.7768275681695,20
0.9,9947.4628079073,38.3427553210968,20
0.91,9946.60755907976,38.9170785302372,20
0.92,9945.73971168229,39.4999192568766,20
0.93,9944.8590809683,40.0914012619665,20
0.94,9943.96547957859,40.6916500275092,20
0.95,9943.0587175072,41.3007927781429,20
0.96,9942.1386020669,41.918958502922,20
0.97,9941.20493785426,42.546277977296,20
0.98,9940.25752671444,43.1828837852836,20
0.99,9939.29616770558,43.8289103418418,20
1,9938.32065706279,44.4844939154295,20
1.01,9937.33078816183,45.1497726507639,20
1.02,9936.32635148242,45.8248865917688,20
1.03,9935.30713457112,46.5099777047128,20
1.04,9934.27292200395,47.2051899015375,20
1.05,9933.22349534852,47.9106690633711,20
1.06,9932.15863312593,48.6265630642294,20
1.07,9931.07811077218,49.353021794899,20
1.08,9929.9817005993,50.0901971870022,20
1.09,9928.86917175609,50.8382432372409,20
1.1,9927.74029018844,51.5973160318177,20
1.11,9926.59481859941,52.3675737710306,20
1.12,9925.43251640884,53.149176794039,20
1.13,9924.25313971262,53.9422876037984,20
1.14,9923.05644124168,54.74707089216,20
1.15,9921.84217032047,55.5636935651322,20
1.16,9920.61007282528,56.3923247683009,20
1.17,9919.359891142,57.2331359124038,20
1.18,9918.09136412372,58.0863006990551,20
1.19,9916.80422704785,58.9519951466177,20
1.2,9915.49821157293,59.8303976162163,20
1.21,9914.17304569514,60.7216888378884,20
1.22,9912.82845370442,61.6260519368677,20
1.23,9911.46415614027,62.5436724599945,20
1.24,9910.07986974724,63.4747384022484,20
1.25,9908.67530743007,64.4194402333971,20
1.26,9907.25017820848,65.3779709247552,20
1.27,9905.80418717175,66.3505259760475,20
1.28,9904.33703543283,67.3373034423697,20
1.29,9902.8484200823,68.3385039612394,20
1.3,9901.33803414191,69.3543307797314,20
1.31,9899.80556651789,70.3849897816886,20
1.32,9898.25070195394,71.4306895150015,20
1.33,9896.67312098397,72.4916412189479,20
1.34,9895.07249988455,73.5680588515847,20
1.35,9893.44851062706,74.6601591171822,20
1.36,9891.80082082966,75.7681614936929,20
1.37,9890.12909370893,76.8922882602441,20
1.38,9888.4329880313,78.0327645246452,20
1.39,9886.71215806429,79.1898182508992,20
1.4,9884.96625352745,80.3636802867071,20
1.41,9883.19491954316,81.554584390955,20
1.42,9881.39779658716,82.7627672611719,20
1.43,9879.57452043897,83.9884685609456,20
1.44,9877.72472213209,85.2319309472855,20
1.45,9875.848027904,86.4934000979182,20
1.46,9873.94405914611,87.7731247385035,20
1.47,9872.01243235342,89.0713566697563,20
1.48,9870.05275907425,90.3883507944598,20
1.49,9868.06464585966,91.7243651443563,20
1.5,9866.04769421291,93.0796609068988,20
1.51,9864.00150053883,94.4545024518486,20
1.52,9861.92565609303,95.8491573577018,20
1.53,9859.8197469312,97.2638964379278,20
1.54,9857.68335385826,98.6989937670024,20
1.55,9855.51605237762,100.154726706217,20
1.56,9853.31741264032,101.631375929246,20
1.57,9851.08699939431,103.129225447451,20
1.58,9848.82437193374,104.648562634904,20
1.59,9846.5290840483,106.189678253109,20
1.6,9844.20068397269,107.752866475399,20
1.61,9841.83871433619,109.338424910985,20
1.62,9839.44271211239,110.946654628641,20
1.63,9837.01220856902,112.577860179994,20
1.64,9834.54672921808,114.232349622399,20
1.65,9832.04579376612,115.910434541374,20
1.66,9829.50891606471,117.612430072572,20
1.67,9826.93560406135,119.33865492325,20
1.68,9824.3253597505,121.089431393233,20
1.69,9821.67767912502,122.865085395323,20
1.7,9818.99205212804,124.665946475131,20
1.71,9816.26796260508,126.492347830311,20
1.72,9813.50488825671,128.344626329149,20
1.73,9810.70230059165,130.223122528499,20
1.74,9807.85966488033,132.128180691005,20
1.75,9804.97644010899,134.060148801607,20
1.76,9802.05207893439,136.019378583274,20
1.77,9799.0860276391,138.00622551194,20
1.78,9796.07772608744,140.021048830606,20
1.79,9793.02660768207,142.064211562572,20
1.8,9789.93209932137,144.136080523761,20
1.81,9786.79362135759,146.237026334094,20
1.82,9783.61058755574,148.367423427885,20
1.83,9780.38240505343,150.527650063207,20
1.84,9777.10847432155,152.718088330193,20
1.85,9773.78818912595,154.939124158226,20
1.86,9770.42093649013,157.191147321984,20
1.87,9767.00609665892,159.474551446278,20
1.88,9763.5430430633,161.789734009664,20
1.89,9760.03114228645,164.137096346755,20
1.9,9756.46975403088,166.517043649205,20
1.91,9752.85823108692,168.929984965313,20
1.92,9749.19591930254,171.376333198188,20
1.93,9745.48215755447,173.856505102441,20
1.94,9741.71627772087,176.370921279333,20
1.95,9737.89760465539,178.920006170352,20
1.96,9734.02545616294,181.504188049134,20
1.97,9730.09914297694,184.123899011702,20
1.98,9726.11796873838,186.779574964949,20
1.99,9722.08122997656,189.47165561332,20
2,9717.98821609176,192.200584443621,20
2.01,9713.83820933967,194.966808707913,20
2.02,9709.63048481798,197.770779404419,20
2.03,9705.36431045483,200.61295125638,20
2.04,9701.03894699947,203.493782688819,20
2.05,9696.65364801518,206.413735803118,20
2.06,9692.2076598743,209.373276349368,20
2.07,9687.70022175578,212.372873696421,20
2.08,9683.13056564504,215.41300079957,20
2.09,9678.49791633645,218.494134165795,20
2.1,9673.80149143827,221.616753816512,20
2.11,9669.04050138045,224.781343247737,20
2.12,9664.21414942505,227.988389387621,20
2.13,9659.3216316796,231.23838255126,20
2.14,9654.36213711336,234.531816392719,20
2.15,9649.33484757668,237.869187854202,20
2.16,9644.23893782344,241.250997112273,20
2.17,9639.0735755367,244.677747521082,20
2.18,9633.83792135773,248.14994555249,20
2.19,9628.53112891844,251.668100733041,20
2.2,9623.15234487727,255.232725577686,20
2.21,9617.70070895877,258.844335520188,20
2.22,9612.17535399682,262.503448840129,20
2.23,9606.57540598178,266.210586586437,20
2.24,9600.89998411138,269.966272497354,20
2.25,9595.14820084586,273.771032916762,20
2.26,9589.31916196701,277.625396706785,20
2.27,9583.41196664164,281.52989515659,20
2.28,9577.42570748927,285.485061887303,20
2.29,9571.3594706543,289.491432752945,20
2.3,9565.21233588281,293.549545737327,20
2.31,9558.9833766039,297.659940846799,20
2.32,9552.67166001599,301.823159998791,20
2.33,9546.27624717781,306.039746906036,20
2.34,9539.79619310459,310.310246956418,20
2.35,9533.23054686925,314.635207088348,20
2.36,9526.57835170888,319.015175661578,20
2.37,9519.83864513653,323.450702323392,20
2.38,9513.01045905852,327.942337870071,20
2.39,9506.0928198973,332.490634103554,20
2.4,9499.08474871996,337.096143683225,20
2.41,9491.98526137265,341.759419972731,20
2.42,9484.79336862083,346.481016881759,20
2.43,9477.50807629561,351.261488702692,20
2.44,9470.12838544625,356.10138994206,20
2.45,9462.65329249888,361.001275146723,20
2.46,9455.08178942165,365.961698724694,20
2.47,9447.41286389632,370.98321476054,20
2.48,9439.64549949657,376.066376825277,20
2.49,9431.77867587287,381.211737780711,20
2.5,9423.81136894427,386.419849578123,20
2.51,9415.74255109714,391.691263051258,20
2.52,9407.57119139091,397.026527703546,20
2.53,9399.29625577095,402.426191489488,20
2.54,9390.91670728872,407.890800590149,20
2.55,9382.43150632929,413.420899182709,20
2.56,9373.83961084628,419.017029204003,20
2.57,9365.13997660436,424.679730108017,20
2.58,9356.33155742938,430.40953861728,20
2.59,9347.41330546626,436.206988468106,20
2.6,9338.38417144469,442.072610149661,20
2.61,9329.24310495269,448.006930636801,20
2.62,9319.98905471825,454.010473116661,20
2.63,9310.62096889896,460.083756708954,20
2.64,9301.13779537981,466.227296179977,20
2.65,9291.53848207919,472.441601650279,20
2.66,9281.82197726315,478.727178296005,20
2.67,9271.98722986808,485.084526043879,20
2.68,9262.03318983163,491.514139259848,20
2.69,9251.95880843221,498.016506431376,20
2.7,9241.76303863691,504.592109843396,20
2.71,9231.44483545795,511.241425247937,20
2.72,9221.00315631771,517.964921527461,20
2.73,9210.4369614223,524.763060351901,20
2.74,9199.74521414381,531.636295829484,20
2.75,9188.92688141111,538.585074151332,20
2.76,9177.9809341093,545.609833229931,20
2.77,9166.9063474878,552.711002331494,20
2.78,9155.70210157702,559.889001702303,20
2.79,9144.36718161369,567.14424218909,20
2.8,9132.90057847464,574.477124853551,20
2.81,9121.30128911929,581.888040581061,20
2.82,9109.5683170405,589.377369683722,20
2.83,9097.7006727239,596.945481497815,20
2.84,9085.69737411565,604.592733975802,20
2.85,9073.55744709843,612.319473272993,20
2.86,9061.27992597572,620.126033329006,20
2.87,9048.86385396422,628.012735444191,20
2.88,9036.30828369421,635.979887851149,20
2.89,9023.612277718,644.027785281527,20
2.9,9010.77490902598,652.156708528269,20
2.91,8997.79526157051,660.366924003508,20
2.92,8984.67243079715,668.658683292291,20
2.93,8971.40552418342,677.032222702369,20
2.94,8957.99366178457,685.487762810255,20
2.95,8944.43597678642,694.025508003797,20
2.96,8930.73161606506,702.645646021505,20
2.97,8916.87974075295,711.348347488895,20
2.98,8902.87952681161,720.133765452122,20
2.99,8888.73016561019,729.002034909174,20
3,8874.43086451015,737.953272338937,20
3.01,8859.98084745532,746.987575228426,20
3.02,8845.37935556747,756.105021598507,20
3.03,8830.62564774676,765.305669528442,20
3.04,8815.71900127706,774.589556679596,20
3.05,8800.65871243554,783.956699818672,20
3.06,8785.44409710641,793.407094340835,20
3.07,8770.07449139833,802.940713793113,20
3.08,8754.54925226522,812.557509398461,20
3.09,8738.86775812998,822.257409580903,20
3.1,8723.02940951083,832.04031949217,20
3.11,8707.03362964982,841.90612054025,20
3.12,8690.87986514302,851.854669920318,20
3.13,8674.5675865721,861.885800148475,20
3.14,8658.09628913672,871.999318598778,20
3.15,8641.46549328729,882.195007044026,20
3.16,8624.6747453577,892.472621200808,20
3.17,8607.72361819735,902.831890279281,20
3.18,8590.61171180224,913.272516538224,20
3.19,8573.33865394428,923.794174845856,20
3.2,8555.90410079857,934.39651224696,20
3.21,8538.30773756792,945.079147536851,20
3.22,8520.54927910411,955.841670842733,20
3.23,8502.62847052537,966.683643212993,20
3.24,8484.54508782934,977.604596215007,20
3.25,8466.29893850117,988.604031542014,20
3.26,8447.88986211586,999.681420629643,20
3.27,8429.31773093443,1010.83620428267,20
3.28,8410.58245049328,1022.0677923126,20
3.29,8391.68396018595,1033.37556318666,20
3.3,8372.62223383682,1044.75886368877,20
3.31,8353.39728026603,1056.21700859317,20
3.32,8334.00914384486,1067.74928035123,20
3.33,8314.45790504114,1079.35492879205,20
3.34,8294.74368095379,1091.03317083751,20
3.35,8274.86662583586,1102.78319023228,20
3.36,8254.82693160557,1114.60413728957,20
3.37,8234.6248283444,1126.49512865293,20
3.38,8214.26058478176,1138.455247075,20
3.39,8193.73450876544,1150.48354121364,20
3.4,8173.04694771716,1162.57902544602,20
3.41,8152.19828907262,1174.74067970133,20
3.42,8131.18896070524,1186.96744931265,20
3.43,8110.01943133301,1199.25824488851,20
3.44,8088.69021090772,1211.61194220479,20
3.45,8067.20185098593,1224.0273821174,20
3.46,8045.55494508094,1236.50337049636,20
3.47,8023.75012899525,1249.0386781818,20
3.48,8001.78808113265,1261.63204096225,20
3.49,7979.66952278948,1274.28215957601,20
3.5,7957.39521842437,1286.98769973574,20
3.51,7934.96597590576,1299.74729217699,20
3.52,7912.38264673671,1312.55953273097,20
3.53,7889.64612625636,1325.42298242206,20
3.54,7866.75735381743,1338.33616759043,20
3.55,7843.71731293925,1351.29758004015,20
3.56,7820.52703143578,1364.3056772132,20
3.57,7797.18758151798,1377.35888238963,20
3.58,7773.70007987023,1390.45558491423,20
3.59,7750.06568770017,1403.59414045007,20
3.6,7726.28561076147,1416.77287125897,20
3.61,7702.36109934927,1429.99006650937,20
3.62,7678.29344826768,1443.2439826116,20
3.63,7654.08399676911,1456.53284358085,20
3.64,7629.73412846493,1469.85484142788,20
3.65,7605.2452712073,1483.20813657772,20
3.66,7580.61889694173,1496.59085831624,20
3.67,7555.85652153012,1510.00110526481,20
3.68,7530.95970454413,1523.43694588294,20
3.69,7505.93004902855,1536.89641899894,20
3.7,7480.76920123464,1550.37753436851,20
3.71,7455.47885032312,1563.87827326114,20
3.72,7430.06072803689,1577.39658907421,20
3.73,7404.51660834329,1590.93040797464,20
3.74,7378.84830704585,1604.47762956779,20
3.75,7353.05768136571,1618.0361275935,20
3.76,7327.1466294925,1631.60375064883,20
3.77,7301.11709010494,1645.17832293727,20
3.78,7274.97104186121,1658.75764504404,20
3.79,7248.71050285925,1672.33949473708,20
3.8,7222.33753006717,1685.92162779325,20
3.81,7195.85421872404,1699.50177884932,20
3.82,7169.2627017113,1713.07766227717,20
3.83,7142.56514889507,1726.64697308269,20
3.84,7115.76376643981,1740.2073878278,20
3.85,7088.86079609356,1753.7565655749,20
3.86,7061.8585144454,1767.29214885317,20
3.87,7034.75923215536,1780.81176464585,20
3.88,7007.56529315743,1794.31302539805,20
3.89,6980.27907383621,1807.79353004403,20
3.9,6952.90298217769,1821.25086505328,20
3.91,6925.43945689488,1834.68260549462,20
3.92,6897.89096652883,1848.08631611727,20
3.93,6870.26000852578,1861.45955244821,20
3.94,6842.54910829127,1874.79986190471,20
3.95,6814.76081822168,1888.10478492122,20
3.96,6786.89771671428,1901.37185608952,20
3.97,6758.96240715647,1914.59860531121,20
3.98,6730.95751689503,1927.78255896149,20
3.99,6702.88569618629,1940.92124106309,20
4,6674.74961712821,1954.01217446941,20
4.01,6646.55197257513,1967.05288205571,20
4.02,6618.29547503629,1980.04088791717,20
4.03,6589.98285555901,1992.97371857286,20
4.04,6561.61686259761,2005.84890417428,20
4.05,6533.20026086899,2018.66397971747,20
4.06,6504.73583019601,2031.41648625747,20
4.07,6476.22636433969,2044.10397212394,20
4.08,6447.67466982127,2056.72399413677,20
4.09,6419.08356473526,2069.27411882053,20
4.1,6390.45587755461,2081.7519236165,20
4.11,6361.79444592897,2094.15499809123,20
4.12,6333.10211547741,2106.4809451402,20
4.13,6304.38173857642,2118.72738218572,20
4.14,6275.63617314457,2130.89194236757,20
4.15,6246.86828142488,2142.97227572548,20
4.16,6218.08092876598,2154.96605037204,20
4.17,6189.27698240325,2166.87095365514,20
4.18,6160.45931024116,2178.68469330856,20
4.19,6131.63077963768,2190.40499858981,20
4.2,6102.79425619223,2202.02962140388,20
4.21,6073.95260253802,2213.55633741203,20
4.22,6045.10867713993,2224.98294712442,20
4.23,6016.26533309921,2236.30727697553,20
4.24,5987.42541696581,2247.52718038146,20
4.25,5958.59176755961,2258.64053877792,20
4.26,5929.76721480151,2269.64526263816,20
4.27,5900.95457855548,2280.53929246971,20
4.28,5872.15666748248,2291.32059978912,20
4.29,5843.37627790732,2301.98718807377,20
4.3,5814.61619269949,2312.53709368991,20
4.31,5785.8791801687,2322.96838679617,20
4.32,5757.16799297635,2333.2791722216,20
4.33,5728.4853670635,2343.46759031769,20
4.34,5699.83402059649,2353.53181778351,20
4.35,5671.21665293086,2363.47006846336,20
4.36,5642.63594359454,2373.2805941163,20
4.37,5614.09455129085,2382.96168515694,20
4.38,5585.59511292235,2392.51167136693,20
4.39,5557.14024263608,2401.92892257667,20
4.4,5528.73253089082,2411.21184931673,20
4.41,5500.3745435472,2420.35890343858,20
4.42,5472.06882098113,2429.36857870418,20
4.43,5443.81787722116,2438.23941134419,20
4.44,5415.62419911038,2446.96998058434,20
4.45,5387.4902454932,2455.55890913987,20
4.46,5359.4184464277,2464.00486367762,20
4.47,5331.41120242378,2472.30655524582,20
4.48,5303.47088370769,2480.46273967123,20
4.49,5275.59982951307,2488.47221792361,20
4.5,5247.80034739907,2496.33383644755,20
4.51,5220.07471259569,2504.04648746151,20
4.52,5192.42516737656,2511.60910922418,20
4.53,5164.85392045948,2519.02068626816,20
4.54,5137.36314643483,2526.28024960114,20
4.55,5109.95498522202,2533.38687687469,20
4.56,5082.63154155399,2540.33969252081,20
4.57,5055.39488448997,2547.13786785644,20
4.58,5028.24704695645,2553.78062115633,20
4.59,5001.19002531636,2560.26721769436,20
4.6,4974.22577896642,2566.59696975375,20
4.61,4947.35622996265,2572.76923660648,20
4.62,4920.58326267386,2578.78342446231,20
4.63,4893.90872346306,2584.63898638785,20
4.64,4867.3344203966,2590.33542219602,20
4.65,4840.86212298079,2595.87227830657,20
4.66,4814.49356192592,2601.24914757786,20
4.67,4788.2304289373,2606.46566911084,20
4.68,4762.0743765331,2611.52152802532,20
4.69,4736.02701788868,2616.41645520952,20
4.7,4710.08992670714,2621.15022704317,20
4.71,4684.26463711559,2625.72266509506,20
4.72,4658.55264358698,2630.13363579542,20
4.73,4632.95540088691,2634.38305008396,20
4.74,4607.47432404513,2638.47086303422,20
4.75,4582.11078835119,2642.39707345481,20
4.76,4556.86612937391,2646.16172346838,20
4.77,4531.74164300407,2649.76489806893,20
4.78,4506.73858552,2653.20672465827,20
4.79,4481.85817367532,2656.48737256228,20
4.8,4457.10158480861,2659.6070525278,20
4.81,4432.46995697426,2662.56601620081,20
4.82,4407.96438909404,2665.36455558673,20
4.83,4383.58594112885,2668.00300249363,20
4.84,4359.33563427011,2670.48172795898,20
4.85,4335.21445115011,2672.80114166082,20
4.86,4311.22333607089,2674.96169131416,20
4.87,4287.36319525098,2676.96386205326,20
4.88,4263.6348970894,2678.8081758006,20
4.89,4240.03927244643,2680.49519062338,20
4.9,4216.57711494038,2682.0255000782,20
4.91,4193.24918125999,2683.39973254484,20
4.92,4170.05619149161,2684.61855054967,20
4.93,4146.99882946076,2685.68265007963,20
4.94,4124.07774308737,2686.59275988753,20
4.95,4101.2935447541,2687.34964078918,20
4.96,4078.64681168719,2687.95408495338,20
4.97,4056.13808634922,2688.40691518526,20
4.98,4033.76787684311,2688.7089842038,20
4.99,4011.53665732697,2688.86117391416,20
5,3989.44486843896,2688.86439467555,20
5.01,3967.49291773179,2688.7195845653,20
5.02,3945.68118011616,2688.42770863977,20
5.03,3924.00999831269,2687.98975819282,20
5.04,3902.4796833116,2687.40675001234,20
5.05,3881.0905148398,2686.67972563564,20
5.06,3859.84274183468,2685.80975060413,20
5.07,3838.73658292416,2684.79791371801,20
5.08,3817.77222691244,2683.6453262915,20
5.09,3796.94983327093,2682.35312140914,20
5.1,3776.26953263382,2680.92245318379,20
5.11,3755.73142729793,2679.35449601671,20
5.12,3735.33559172616,2677.65044386048,20
5.13,3715.08207305417,2675.81150948494,20
5.14,3694.97089159989,2673.83892374692,20
5.15,3675.00204137525,2671.73393486404,20
5.16,3655.17549059982,2669.49780769312,20
5.17,3635.49118221581,2667.13182301356,20
5.18,3615.94903440419,2664.63727681615,20
5.19,3596.54894110133,2662.01547959777,20
5.2,3577.29077251586,2659.26775566215,20
5.21,3558.17437564539,2656.39544242734,20
5.22,3539.19957479264,2653.39988973995,20
5.23,3520.36617208074,2650.28245919675,20
5.24,3501.67394796721,2647.04452347372,20
5.25,3483.12266175638,2643.68746566304,20
5.26,3464.71205210994,2640.21267861813,20
5.27,3446.44183755523,2636.62156430715,20
5.28,3428.31171699108,2632.91553317507,20
5.29,3410.32137019078,2629.09600351476,20
5.3,3392.47045830206,2625.16440084701,20
5.31,3374.7586243437,2621.12215730997,20
5.32,3357.18549369855,2616.97071105806,20
5.33,3339.75067460279,2612.71150567053,20
5.34,3322.45375863107,2608.34598956989,20
5.35,3305.29432117746,2603.87561545024,20
5.36,3288.2719219319,2599.30183971585,20
5.37,3271.38610535203,2594.62612192982,20
5.38,3254.63640113011,2589.84992427318,20
5.39,3238.02232465502,2584.97471101442,20
5.4,3221.54337746906,2580.00194798949,20
5.41,3205.19904771936,2574.93310209245,20
5.42,3188.98881060394,2569.76964077669,20
5.43,3172.91212881209,2564.51303156696,20
5.44,3156.96845295904,2559.16474158205,20
5.45,3141.15722201489,2553.72623706823,20
5.46,3125.47786372745,2548.19898294354,20
5.47,3109.92979503921,2542.58444235279,20
5.48,3094.51242249807,2536.8840762334,20
5.49,3079.22514266199,2531.09934289193,20
5.5,3064.06734249724,2525.2316975915,20
5.51,3049.03839977047,2519.28259214975,20
5.52,3034.13768343433,2513.25347454765,20
5.53,3019.36455400662,2507.14578854884,20
5.54,3004.71836394307,2500.96097332959,20
5.55,2990.19845800358,2494.70046311932,20
5.56,2975.80417361188,2488.3656868515,20
5.57,2961.53484120877,2481.958067825,20
5.58,2947.38978459867,2475.47902337574,20
5.59,2933.36832128968,2468.92996455853,20
5.6,2919.46976282709,2462.31229583908,20
5.61,2905.69341512025,2455.62741479601,20
5.62,2892.03857876296,2448.8767118328,20
5.63,2878.50454934728,2442.06156989962,20
5.64,2865.09061777082,2435.18336422478,20
5.65,2851.79607053756,2428.24346205591,20
5.66,2838.62019005214,2421.24322241049,20
5.67,2825.56225490782,2414.18399583588,20
5.68,2812.62154016789,2407.06712417847,20
5.69,2799.79731764085,2399.89394036204,20
5.7,2787.08885614922,2392.66576817506,20
5.71,2774.49542179204,2385.38392206683,20
5.72,2762.01627820122,2378.04970695236,20
5.73,2749.65068679163,2370.66441802581,20
5.74,2737.39790700523,2363.22934058238,20
5.75,2725.25719654894,2355.74574984848,20
5.76,2713.22781162669,2348.2149108201,20
5.77,2701.30900716548,2340.63807810908,20
5.78,2689.5000370355,2333.01649579741,20
5.79,2677.80015426462,2325.3513972991,20
5.8,2666.20861124697,2317.64400522969,20
5.81,2654.72465994602,2309.89553128317,20
5.82,2643.34755209195,2302.10717611624,20
5.83,2632.07653937361,2294.28012923954,20
5.84,2620.910873625,2286.41556891606,20
5.85,2609.84980700636,2278.51466206622,20
5.86,2598.89259218008,2270.57856417975,20
5.87,2588.03848248132,2262.60841923401,20
5.88,2577.28673208355,2254.60535961878,20
5.89,2566.63659615903,2246.57050606726,20
5.9,2556.08733103435,2238.50496759315,20
5.91,2545.63819434111,2230.40984143371,20
5.92,2535.28844516174,2222.28621299864,20
5.93,2525.03734417069,2214.13515582455,20
5.94,2514.88415377091,2205.95773153504,20
5.95,2504.82813822585,2197.75498980611,20
5.96,2494.86856378697,2189.52796833682,20
5.97,2485.00469881682,2181.27769282506,20
5.98,2475.23581390793,2173.00517694825,20
5.99,2465.56118199735,2164.71142234894,20
6,2455.98007847718,2156.39741862497,20
6.01,2446.49178130092,2148.06414332435,20
6.02,2437.09557108601,2139.71256194446,20
6.03,2427.79073121229,2131.34362793556,20
6.04,2418.57654791682,2122.95828270849,20
6.05,2409.45231038486,2114.55745564642,20
6.06,2400.41731083725,2106.1420641205,20
6.07,2391.47084461421,2097.71301350928,20
6.08,2382.61221025563,2089.27119722187,20
6.09,2373.84070957798,2080.81749672456,20
6.1,2365.15564774788,2072.35278157101,20
6.11,2356.55633335235,2063.87790943558,20
6.12,2348.04207846593,2055.39372615005,20
6.13,2339.61219871471,2046.90106574331,20
6.14,2331.26601333726,2038.40075048407,20
6.15,2323.00284524263,2029.89359092649,20
6.16,2314.82202106545,2021.38038595848,20
6.17,2306.72287121823,2012.86192285281,20
6.18,2298.70472994088,2004.33897732066,20
6.19,2290.76693534756,1995.81231356765,20
6.2,2282.90882947092,1987.28268435237,20
6.21,2275.12975830381,1978.75083104696,20
6.22,2267.42907183844,1970.21748370007,20
6.23,2259.80612410327,1961.68336110179,20
6.24,2252.26027319735,1953.1491708506,20
6.25,2244.79088132259,1944.61560942225,20
6.26,2237.3973148136,1936.08336224044,20
6.27,2230.07894416556,1927.5531037492,20
6.28,2222.8351440598,1919.02549748703,20
6.29,2215.66529338752,1910.50119616246,20
6.3,2208.56877527136,1901.98084173127,20
6.31,2201.54497708516,1893.46506547498,20
6.32,2194.59329047179,1884.95448808076,20
6.33,2187.71311135918,1876.44971972263,20
6.34,2180.90383997458,1867.95136014377,20
6.35,2174.16488085711,1859.45999874002,20
6.36,2167.49564286866,1850.97621464448,20
6.37,2160.89553920318,1842.50057681297,20
6.38,2154.36398739441,1834.03364411056,20
6.39,2147.90040932208,1825.57596539889,20
6.4,2141.50423121671,1817.12807962433,20
6.41,2135.17488366293,1808.69051590682,20
6.42,2128.91180160145,1800.26379362952,20
6.43,2122.71442432973,1791.84842252898,20
6.44,2116.58219550136,1783.44490278591,20
6.44641210730576,2112.68416855301,1778.06293942635,20
0,9990,10,21
0.01,9989.78875397916,10.1508741977774,21
0.02,9989.57456618367,10.3040192174919,21
0.03,9989.35739151229,10.4594690780686,21
0.04,9989.1371841974,10.6172583022673,21
0.05,9988.91389779378,10.7774219250822,21
0.06,9988.68748516891,10.9399955009699,21
0.07,9988.45789849274,11.1050151115858,21
0.08,9988.22508922721,11.2725173735772,21
0.09,9987.98900811649,11.4425394459177,21
0.1,9987.74960517608,11.6151190380737,21
0.11,9987.5068296822,11.7902944179272,21
0.12,9987.26063016101,11.9681044198585,21
0.13,9987.01095437766,12.1485884529515,21
0.14,9986.75774932513,12.3317865093051,21
0.15,9986.50096121303,12.5177391724611,21
0.16,9986.24053545609,12.7064876259498,21
0.17,9985.97641666266,12.8980736619528,21
0.18,9985.70854862288,13.0925396900829,21
0.19,9985.43687429682,13.2899287462853,21
0.2,9985.16133580238,13.4902845018596,21
0.21,9984.88187440307,13.6936512726055,21
0.22,9984.59843049555,13.9000740280921,21
0.23,9984.31094359705,14.1095984010541,21
0.24,9984.01935233266,14.3222706969147,21
0.25,9983.7235944223,14.5381379034377,21
0.26,9983.42360666769,14.75724770051,21
0.27,9983.11932493898,14.9796484700557,21
0.28,9982.81068416133,15.2053893060843,21
0.29,9982.49761830117,15.4345200248732,21
0.3,9982.18006035243,15.6670911752869,21
0.31,9981.85794232241,15.9031540492346,21
0.32,9981.53119521759,16.1427606922667,21
0.33,9981.19974902921,16.3859639143131,21
0.34,9980.86353271859,16.6328173005639,21
0.35,9980.52247420234,16.8833752224945,21
0.36,9980.17650033733,17.1376928490366,21
0.37,9979.82553690544,17.3958261578965,21
0.38,9979.46950859814,17.6578319470227,21
0.39,9979.10833900082,17.923767846224,21
0.4,9978.74195057693,18.19369232894,21
0.41,9978.37026465194,18.4676647241655,21
0.42,9977.99320139702,18.7457452285301,21
0.43,9977.61067981252,19.0279949185353,21
0.44,9977.22261771129,19.3144757629502,21
0.45,9976.82893170168,19.6052506353675,21
0.46,9976.42953717041,19.9003833269215,21
0.47,9976.02434826511,20.1999385591699,21
0.48,9975.61327787671,20.5039819971402,21
0.49,9975.19623762158,20.8125802625443,21
0.5,9974.77313782341,21.1258009471598,21
0.51,9974.34388749485,21.4437126263833,21
0.52,9973.90839431897,21.7663848729537,21
0.53,9973.46656463036,22.0938882708503,21
0.54,9973.01830339613,22.4262944293651,21
0.55,9972.56351419652,22.7636759973517,21
0.56,9972.10209920535,23.1061066776527,21
0.57,9971.63395917021,23.4536612417071,21
0.58,9971.15899339231,23.8064155443383,21
0.59,9970.67709970621,24.1644465387258,21
0.6,9970.18817445914,24.5278322915614,21
0.61,9969.69211249018,24.8966519983912,21
0.62,9969.18880710907,25.2709859991455,21
0.63,9968.67815007484,25.6509157938578,21
0.64,9968.16003157411,26.0365240585747,21
0.65,9967.63434019911,26.4278946614582,21
0.66,9967.10096292547,26.8251126790812,21
0.67,9966.55978508969,27.2282644129188,21
0.68,9966.01069036636,27.6374374060361,21
0.69,9965.45356074504,28.052720459974,21
0.7,9964.88827650688,28.474203651835,21
0.71,9964.31471620102,28.9019783515693,21
0.72,9963.73275662056,29.3361372394638,21
0.73,9963.14227277833,29.7767743238342,21
0.74,9962.54313788235,30.2239849589229,21
0.75,9961.93522331096,30.6778658630023,21
0.76,9961.31839858766,31.1385151366859,21
0.77,9960.69253135567,31.6060322814485,21
0.78,9960.05748735212,32.0805182183557,21
0.79,9959.41313038201,32.562075307005,21
0.8,9958.75932229178,33.0508073646787,21
0.81,9958.09592294261,33.5468196857099,21
0.82,9957.42279018339,34.0502190610635,21
0.83,9956.73977982338,34.5611137981313,21
0.84,9956.04674560452,35.0796137407443,21
0.85,9955.34353917342,35.605830289401,21
0.86,9954.63001005309,36.1398764217147,21
0.87,9953.90600561424,36.6818667130781,21
0.88,9953.17137104627,37.2319173575482,21
0.89,9952.42594932804,37.7901461889504,21
0.9,9951.66958119811,38.3566727022041,21
0.91,9950.90210512483,38.9316180748677,21
0.92,9950.12335727597,39.5151051889068,21
0.93,9949.33317148805,40.1072586526833,21
0.94,9948.53137923532,40.7082048231664,21
0.95,9947.71780959843,41.3180718283666,21
0.96,9946.89228923268,41.9369895899915,21
0.97,9946.054642336,42.5650898463249,21
0.98,9945.20469061652,43.202506175327,21
0.99,9944.34225325983,43.8493740179586,21
1,9943.46714689586,44.5058307017257,21
1.01,9942.57918556546,45.1720154644467,21
1.02,9941.6781806865,45.8480694782411,21
1.03,9940.76394101979,46.5341358737375,21
1.04,9939.8362726345,47.2303597645035,21
1.05,9938.89497887328,47.9368882716932,21
1.06,9937.93986031702,48.6538705489137,21
1.07,9936.97071474926,49.3814578073089,21
1.08,9935.9873371202,50.1198033408589,21
1.09,9934.98951951041,50.8690625518948,21
1.1,9933.97705109412,51.6293929768261,21
1.11,9932.9497181022,52.4009543120802,21
1.12,9931.90730378472,53.1839084402517,21
1.13,9930.84958837325,53.9784194564595,21
1.14,9929.77634904268,54.7846536949103,21
1.15,9928.68735987276,55.6027797556652,21
1.16,9927.58239180927,56.432968531608,21
1.17,9926.4612126248,57.2753932356115,21
1.18,9925.32358687923,58.1302294279007,21
1.19,9924.16927587979,58.9976550436074,21
1.2,9922.9980376408,59.8778504205158,21
1.21,9921.80962684306,60.7709983269935,21
1.22,9920.60379479289,61.6772839901054,21
1.23,9919.38028938082,62.5968951239062,21
1.24,9918.1388550399,63.5300219579083,21
1.25,9916.87923270371,64.4768572657194,21
1.26,9915.60115976402,65.437596393846,21
1.27,9914.30437002812,66.4124372906586,21
1.28,9912.98859367573,67.4015805355126,21
1.29,9911.65355721575,68.4052293680199,21
1.3,9910.29898344248,69.4235897174657,21
1.31,9908.9245913917,70.4568702323646,21
1.32,9907.53009629628,71.5052823101499,21
1.33,9906.11520954158,72.5690401269895,21
1.34,9904.67963862049,73.6483606677215,21
1.35,9903.22308708818,74.7434637559027,21
1.36,9901.74525451655,75.8545720839628,21
1.37,9900.24583644835,76.9819112434555,21
1.38,9898.72452435109,78.1257097553998,21
1.39,9897.18100557061,79.2861991007018,21
1.4,9895.61496328439,80.4636137506491,21
1.41,9894.02607645459,81.6581911974677,21
1.42,9892.41401978084,82.8701719849332,21
1.43,9890.77846365279,84.0997997390239,21
1.44,9889.11907410239,85.347321198609,21
1.45,9887.43551275594,86.6129862461565,21
1.46,9885.72743678597,87.8970479384543,21
1.47,9883.99449886284,89.199762537329,21
1.48,9882.23634710615,90.5213895403525,21
1.49,9880.45262503599,91.8621917115224,21
1.5,9878.64297152401,93.2224351119047,21
1.51,9876.80702074425,94.6023891302229,21
1.52,9874.94440212389,96.0023265133822,21
1.53,9873.05474029388,97.4225233969113,21
1.54,9871.1376550393,98.8632593353091,21
1.55,9869.19276124977,100.324817332279,21
1.56,9867.21966886965,101.807483870835,21
1.57,9865.21798284821,103.311548943264,21
1.58,9863.18730308971,104.837306080924,21
1.59,9861.12722440338,106.385052383863,21
1.6,9859.03733645349,107.95508855024,21
1.61,9856.91722370926,109.547718905523,21
1.62,9854.76646539484,111.163251431459,21
1.63,9852.58463543934,112.801997794773,21
1.64,9850.37130242682,114.464273375596,21
1.65,9848.12602954639,116.150397295588,21
1.66,9845.84837454239,117.860692445737,21
1.67,9843.53788966468,119.59548551381,21
1.68,9841.19412161901,121.355107011435,21
1.69,9838.81661151759,123.139891300783,21
1.7,9836.40489482982,124.950176620828,21
1.71,9833.95850133322,126.786305113165,21
1.72,9831.47695506457,128.648622847343,21
1.73,9828.95977427133,130.537479845701,21
1.74,9826.40647136335,132.453230107673,21
1.75,9823.81655286481,134.396231633526,21
1.76,9821.18951936666,136.366846447511,21
1.77,9818.52486547921,138.365440620387,21
1.78,9815.82207978538,140.392384291292,21
1.79,9813.08064479416,142.448051688925,21
1.8,9810.30003689466,144.532821152005,21
1.81,9807.47972631066,146.64707514897,21
1.82,9804.61917705565,148.791200296887,21
1.83,9801.71784688852,150.965587379532,21
1.84,9798.77518726978,153.170631364594,21
1.85,9795.79064331851,155.406731419983,21
1.86,9792.76365376998,157.674290929185,21
1.87,9789.69365093398,159.973717505629,21
1.88,9786.58006065397,162.305423006026,21
1.89,9783.42230226706,164.669823542641,21
1.9,9780.21978856479,167.067339494438,21
1.91,9776.97192575493,169.498395517071,21
1.92,9773.67811342412,171.963420551668,21
1.93,9770.33774450166,174.462847832357,21
1.94,9766.95020522422,176.997114892491,21
1.95,9763.51487510181,179.566663569517,21
1.96,9760.03112688477,182.17194000845,21
1.97,9756.49832653206,184.813394663881,21
1.98,9752.91583318086,187.491482300487,21
1.99,9749.28299911741,190.206661991974,21
2,9745.59916974932,192.959397118403,21
2.01,9741.86368357926,195.750155361844,21
2.02,9738.07587218021,198.579408700302,21
2.03,9734.2350601723,201.447633399844,21
2.04,9730.3405652012,204.355310004884,21
2.05,9726.39169791835,207.302923326558,21
2.06,9722.38776196276,210.290962429117,21
2.07,9718.3280539449,213.319920614291,21
2.08,9714.21186343223,216.390295403549,21
2.09,9710.03847293694,219.50258851819,21
2.1,9705.80715790558,222.657305857199,21
2.11,9701.51718671088,225.854957472804,21
2.12,9697.16782064579,229.09605754365,21
2.13,9692.75831391972,232.381124345545,21
2.14,9688.28791365724,235.710680219674,21
2.15,9683.75585989908,239.085251538235,21
2.16,9679.16138560582,242.50536866741,21
2.17,9674.50371666399,245.971565927597,21
2.18,9669.78207189502,249.484381550825,21
2.19,9664.99566306686,253.044357635282,21
2.2,9660.14369490847,256.652040096868,21
2.21,9655.22536512731,260.307978617698,21
2.22,9650.23986442979,264.012726591478,21
2.23,9645.18637654492,267.766841065658,21
2.24,9640.06407825112,271.570882680301,21
2.25,9634.87213940641,275.425415603566,21
2.26,9629.60972298196,279.331007463723,21
2.27,9624.27598509914,283.288229277629,21
2.28,9618.87007507028,287.297655375558,21
2.29,9613.39113544297,291.359863322315,21
2.3,9607.83830204835,295.475433834533,21
2.31,9602.21070405316,299.644950694075,21
2.32,9596.50746401591,303.869000657448,21
2.33,9590.7276979471,308.148173361135,21
2.34,9584.87051537373,312.483061222757,21
2.35,9578.93501940805,316.874259337985,21
2.36,9572.92030682086,321.322365373091,21
2.37,9566.82546811929,325.827979453061,21
2.38,9560.64958762922,330.391704045177,21
2.39,9554.39174358254,335.01414383797,21
2.4,9548.05100820921,339.695905615453,21
2.41,9541.62644783439,344.437598126553,21
2.42,9535.11712298061,349.239831949635,21
2.43,9528.52208847515,354.103219352032,21
2.44,9521.8403935628,359.028374144496,21
2.45,9515.07108202407,364.015911530471,21
2.46,9508.21319229883,369.066447950097,21
2.47,9501.26575761582,374.180600918864,21
2.48,9494.22780612772,379.35898886082,21
2.49,9487.09836105233,384.60223093624,21
2.5,9479.87644081958,389.910946863683,21
2.51,9472.56105922477,395.285756736338,21
2.52,9465.15122558802,400.727280832578,21
2.53,9457.64594492006,406.236139420646,21
2.54,9450.04421809445,411.812952557371,21
2.55,9442.34504202642,417.458339880867,21
2.56,9434.54740985837,423.172920397097,21
2.57,9426.65031115212,428.957312260259,21
2.58,9418.6527320881,434.812132546903,21
2.59,9410.55365567152,440.737997023712,21
2.6,9402.35206194559,446.735519908875,21
2.61,9394.04692821206,452.805313626989,21
2.62,9385.63722925893,458.947988557434,21
2.63,9377.12193759564,465.164152776134,21
2.64,9368.50002369573,471.454411790689,21
2.65,9359.77045624707,477.819368268785,21
2.66,9350.9322024098,484.259621759854,21
2.67,9341.984228082,490.775768409939,21
2.68,9332.92549817319,497.368400669714,21
2.69,9323.75497688582,504.038106995623,21
2.7,9314.47162800467,510.785471544117,21
2.71,9305.07441519441,517.611073858948,21
2.72,9295.5623023052,524.515488551509,21
2.73,9285.93425368659,531.499284974193,21
2.74,9276.18923450959,538.563026886777,21
2.75,9266.32621109712,545.707272115798,21
2.76,9256.34415126278,552.932572206961,21
2.77,9246.24202465806,560.239472070545,21
2.78,9236.01880312791,567.628509619859,21
2.79,9225.67346107492,575.100215402739,21
2.8,9215.20497583182,582.655112226138,21
2.81,9204.61232804263,590.293714773825,21
2.82,9193.89450205231,598.016529217262,21
2.83,9183.05048630485,605.824052819679,21
2.84,9172.07927375,613.716773533439,21
2.85,9160.97986225843,621.69516959074,21
2.86,9149.75125504541,629.759709087736,21
2.87,9138.392461103,637.910849562184,21
2.88,9126.90249564054,646.149037564673,21
2.89,9115.2803805337,654.474708223588,21
2.9,9103.5251447817,662.888284803885,21
2.91,9091.63582497289,671.390178259828,21
2.92,9079.61146575846,679.980786781816,21
2.93,9067.45112033433,688.660495337453,21
2.94,9055.15385093096,697.429675207001,21
2.95,9042.71872931115,706.288683513417,21
2.96,9030.14483727557,715.237862747125,21
2.97,9017.43126717599,724.277540285736,21
2.98,9004.57712243603,733.408027908907,21
2.99,8991.58151807924,742.629621308568,21
3,8978.44358126447,751.942599594737,21
3.01,8965.16245182821,761.347224797166,21
3.02,8951.73728283381,770.843741363081,21
3.03,8938.16724112735,780.432375651268,21
3.04,8924.45150789992,790.113335422796,21
3.05,8910.58927925616,799.886809328674,21
3.06,8896.5797667887,809.752966394735,21
3.07,8882.42219815842,819.711955504075,21
3.08,8868.11581768004,829.763904877384,21
3.09,8853.65988691298,839.908921551506,21
3.1,8839.05368525705,850.147090856604,21
3.11,8824.2965105527,860.478475892277,21
3.12,8809.38767968556,870.903117003056,21
3.13,8794.32652919484,881.421031253637,21
3.14,8779.11241588532,892.032211904302,21
3.15,8763.7447174425,902.736627886935,21
3.16,8748.22283305059,913.534223282083,21
3.17,8732.54618401289,924.424916797511,21
3.18,8716.71421437423,935.408601248734,21
3.19,8700.72639154489,946.485143041981,21
3.2,8684.58220692579,957.654381660119,21
3.21,8668.28117653426,968.916129152005,21
3.22,8651.82284163014,980.270169625828,21
3.23,8635.20676934154,991.716258746922,21
3.24,8618.43255328993,1003.25412324065,21
3.25,8601.49981421391,1014.88346040085,21
3.26,8584.40820059126,1026.60393760446,21
3.27,8567.15738925866,1038.4151918329,21
3.28,8549.74708602857,1050.31682920071,21
3.29,8532.17702630272,1062.30842449214,21
3.3,8514.44697568156,1074.38952070631,21
3.31,8496.55673056923,1086.55962861139,21
3.32,8478.50611877332,1098.81822630864,21
3.33,8460.29500009894,1111.16475880674,21
3.34,8441.92326693632,1123.59863760721,21
3.35,8423.39084484156,1136.11924030145,21
3.36,8404.69769310965,1148.72591018005,21
3.37,8385.84380533927,1161.41795585512,21
3.38,8366.82920998873,1174.19465089613,21
3.39,8347.65397092227,1187.05523348011,21
3.4,8328.3181879462,1199.99890605669,21
3.41,8308.82199733416,1213.02483502874,21
3.42,8289.16557234079,1226.13215044926,21
3.43,8269.34912370321,1239.31994573512,21
3.44,8249.37290012959,1252.58727739837,21
3.45,8229.23718877414,1265.9331647958,21
3.46,8208.94231569784,1279.35658989724,21
3.47,8188.48864631421,1292.85649707341,21
3.48,8167.87658581953,1306.43179290396,21
3.49,8147.10657960668,1320.08134600613,21
3.5,8126.17911366209,1333.8039868849,21
3.51,8105.09471494501,1347.59850780509,21
3.52,8083.8539517485,1361.46366268606,21
3.53,8062.45743404145,1375.39816701955,21
3.54,8040.90581379097,1389.4006978113,21
3.55,8019.1997852646,1403.46989354703,21
3.56,7997.34008531156,1417.60435418318,21
3.57,7975.32749362253,1431.80264116307,21
3.58,7953.16283296728,1446.06327745901,21
3.59,7930.84696940966,1460.38474764067,21
3.6,7908.38081249919,1474.76549797042,21
3.61,7885.7653154389,1489.20393652586,21
3.62,7863.00147522866,1503.69843335012,21
3.63,7840.0903327836,1518.24732063025,21
3.64,7817.03297302713,1532.84889290411,21
3.65,7793.83052495792,1547.50140729604,21
3.66,7770.48416169049,1562.20308378175,21
3.67,7746.99510046896,1576.95210548253,21
3.68,7723.36460265352,1591.74661898927,21
3.69,7699.59397367909,1606.58473471629,21
3.7,7675.6845629861,1621.4645272853,21
3.71,7651.6377639227,1636.38403593965,21
3.72,7627.45501361832,1651.34126498895,21
3.73,7603.13779282821,1666.33418428412,21
3.74,7578.68762574867,1681.36072972304,21
3.75,7554.10607980284,1696.41880378668,21
3.76,7529.39476539671,1711.50627610576,21
3.77,7504.55533564536,1726.62098405793,21
3.78,7479.58948606914,1741.76073339518,21
3.79,7454.49895425983,1756.92329890159,21
3.8,7429.28551951664,1772.10642508106,21
3.81,7403.95100245201,1787.30782687483,21
3.82,7378.49726456733,1802.52519040861,21
3.83,7352.92620779854,1817.75617376892,21
3.84,7327.23977403166,1832.99840780834,21
3.85,7301.43994458856,1848.24949697927,21
3.86,7275.52873968292,1863.50702019582,21
3.87,7249.50821784667,1878.76853172324,21
3.88,7223.38047532722,1894.03156209455,21
3.89,7197.14764545565,1909.29361905362,21
3.9,7170.81189798621,1924.55218852431,21
3.91,7144.37543840753,1939.80473560488,21
3.92,7117.84050722591,1955.04870558702,21
3.93,7091.20937922107,1970.28152499894,21
3.94,7064.48436267493,1985.50060267145,21
3.95,7037.66779857382,2000.70333082666,21
3.96,7010.76205978483,2015.88708618801,21
3.97,6983.7695502066,2031.04923111121,21
3.98,6956.69270389556,2046.18711473482,21
3.99,6929.53398416785,2061.29807414979,21
4,6902.295882678,2076.37943558685,21
4.01,6874.98091847474,2091.42851562082,21
4.02,6847.59163703503,2106.44262239076,21
4.03,6820.13060927678,2121.41905683496,21
4.04,6792.60043055134,2136.35511393963,21
4.05,6765.00371961645,2151.24808400022,21
4.06,6737.34311759058,2166.09525389416,21
4.07,6709.62128688953,2180.89390836398,21
4.08,6681.84091014632,2195.64133130951,21
4.09,6654.00468911513,2210.33480708803,21
4.1,6626.11534356051,2224.97162182113,21
4.11,6598.17561013266,2239.54906470701,21
4.12,6570.18824122984,2254.0644293371,21
4.13,6542.15600384911,2268.51501501556,21
4.14,6514.08167842615,2282.89812808054,21
4.15,6485.9680576655,2297.21108322585,21
4.16,6457.81794536224,2311.45120482175,21
4.17,6429.63415521603,2325.61582823372,21
4.18,6401.41950963887,2339.70230113763,21
4.19,6373.1768385575,2353.70798483036,21
4.2,6344.90897821168,2367.63025553434,21
4.21,6316.61876994936,2381.4665056949,21
4.22,6288.30905901996,2395.21414526901,21
4.23,6259.98269336688,2408.87060300429,21
4.24,6231.64252242026,2422.43332770692,21
4.25,6203.29139589125,2435.89978949736,21
4.26,6174.93216256885,2449.26748105247,21
4.27,6146.56766912035,2462.53391883302,21
4.28,6118.2007588967,2475.69664429525,21
4.29,6089.83427074355,2488.75322508544,21
4.3,6061.47103781946,2501.70125621628,21
4.31,6033.11388642197,2514.53836122394,21
4.32,6004.76563482287,2527.26219330474,21
4.33,5976.42909211348,2539.87043643043,21
4.34,5948.10705706114,2552.36080644096,21
4.35,5919.80231697785,2564.7310521138,21
4.36,5891.5176466019,2576.97895620884,21
4.37,5863.25580699375,2589.10233648791,21
4.38,5835.01954444674,2601.09904670808,21
4.39,5806.81158941384,2612.96697758783,21
4.4,5778.63465545106,2624.70405774531,21
4.41,5750.49143817865,2636.30825460788,21
4.42,5722.38461426062,2647.77757529223,21
4.43,5694.31684040358,2659.11006745439,21
4.44,5666.29075237563,2670.30382010886,21
4.45,5638.30896404591,2681.35696441643,21
4.46,5610.37406644573,2692.26767443998,21
4.47,5582.48862685164,2703.03416786782,21
4.48,5554.65518789143,2713.65470670399,21
4.49,5526.87626667331,2724.12759792525,21
4.5,5499.15435393912,2734.45119410417,21
4.51,5471.49191324189,2744.62389399817,21
4.52,5443.89138014833,2754.64414310402,21
4.53,5416.35516146675,2764.51043417773,21
4.54,5388.88563450067,2774.22130771949,21
4.55,5361.48514632869,2783.77535242355,21
4.56,5334.15601311085,2793.17120559294,21
4.57,5306.90051942177,2802.40755351886,21
4.58,5279.72091761094,2811.48313182487,21
4.59,5252.61942719032,2820.39672577572,21
4.6,5225.59823424944,2829.14717055102,21
4.61,5198.6594908982,2837.73335148375,21
4.62,5171.80531473752,2846.1542042638,21
4.63,5145.03778835784,2854.40871510669,21
4.64,5118.35895886561,2862.49592088773,21
4.65,5091.77083743773,2870.41490924184,21
4.66,5065.27539890407,2878.16481862935,21
4.67,5038.87458135775,2885.74483836807,21
4.68,5012.57028579339,2893.15420863209,21
4.69,4986.36437577309,2900.39222041763,21
4.7,4960.25867711996,2907.45821547637,21
4.71,4934.25497763913,2914.35158621683,21
4.72,4908.35502686598,2921.07177557417,21
4.73,4882.56053584138,2927.61827684903,21
4.74,4856.8731769137,2933.99063351594,21
4.75,4831.29458356722,2940.18843900187,21
4.76,4805.82635027684,2946.21133643553,21
4.77,4780.4700323885,2952.05901836812,21
4.78,4755.22714602517,2957.73122646604,21
4.79,4730.0991680179,2963.22775117641,21
4.8,4705.08753586161,2968.54843136595,21
4.81,4680.19364769514,2973.69315393405,21
4.82,4655.41886230523,2978.66185340069,21
4.83,4630.76449915381,2983.45451146994,21
4.84,4606.23183842831,2988.07115656989,21
4.85,4581.82212111433,2992.51186336974,21
4.86,4557.53654909038,2996.77675227476,21
4.87,4533.37628524389,3000.86598890002,21
4.88,4509.34245360827,3004.7797835237,21
4.89,4485.43613952022,3008.51839052064,21
4.9,4461.65838979696,3012.08210777715,21
4.91,4438.01021293262,3015.47127608775,21
4.92,4414.4925793134,3018.6862785347,21
4.93,4391.10642145076,3021.72753985121,21
4.94,4367.85263423223,3024.59552576904,21
4.95,4344.73207518915,3027.29074235142,21
4.96,4321.7455647807,3029.8137353121,21
4.97,4298.89388669382,3032.16508932121,21
4.98,4276.1777881582,3034.34542729901,21
4.99,4253.59798027591,3036.35540969805,21
5,4231.15513836497,3038.19573377479,21
5.01,4208.84990231634,3039.86713285134,21
5.02,4186.68287696368,3041.37037556811,21
5.03,4164.65463246529,3042.70626512822,21
5.04,4142.76570469772,3043.87563853445,21
5.05,4121.01659566031,3044.87936581939,21
5.06,4099.4077738902,3045.71834926961,21
5.07,4077.93967488726,3046.39352264462,21
5.08,4056.61270154818,3046.9058503913,21
5.09,4035.42722460937,3047.25632685451,21
5.1,4014.383583098,3047.44597548457,21
5.11,3993.48208479063,3047.47584804241,21
5.12,3972.72300667888,3047.34702380285,21
5.13,3952.10659544166,3047.06060875687,21
5.14,3931.63306792338,3046.61773481342,21
5.15,3911.3026116176,3046.01955900135,21
5.16,3891.11538515573,3045.26726267216,21
5.17,3871.07151880007,3044.36205070412,21
5.18,3851.17111494094,3043.30515070831,21
5.19,3831.41424859723,3042.09781223717,21
5.2,3811.80096792001,3040.74130599607,21
5.21,3792.33129469871,3039.23692305848,21
5.22,3773.00522486942,3037.58597408518,21
5.23,3753.82272902485,3035.789788548,21
5.24,3734.7837529256,3033.84971395862,21
5.25,3715.88821801225,3031.76711510279,21
5.26,3697.13602191792,3029.54337328053,21
5.27,3678.52703898089,3027.17988555255,21
5.28,3660.06112075693,3024.67806399343,21
5.29,3641.73809653091,3022.03933495195,21
5.3,3623.55777382745,3019.26513831876,21
5.31,3605.51993892016,3016.35692680194,21
5.31026079561053,3605.05142449535,3016.27930203344,21
