"step","patches_neither","patches_I1_only","patches_I2_only","patches_both","occupied_I1","occupied_I2","global_I1","global_I2","mean_N","I1_local_extinctions","I1_recolonizations","I2_local_extinctions","I2_recolonizations"
0,0,200,0,0,200,0,55747,0,9999.945,0,0,0,0
0.1,0,200,0,0,200,0,67029,0,9977.195,0,0,0,0
0.2,0,200,0,0,200,0,79765,0,9948.915,0,0,0,0
0.3,0,200,0,0,200,0,95015,0,9916.705,0,0,0,0
0.4,0,200,0,0,200,0,112719,0,9877.99,0,0,0,0
0.5,0,200,0,0,200,0,133073,0,9831.975,0,0,0,0
0.6,0,200,0,0,200,0,156748,0,9777.96,0,0,0,0
0.7,0,200,0,0,200,0,183503,0,9714.47,0,0,0,0
0.8,0,200,0,0,200,0,213798,0,9639.855,0,0,0,0
0.9,0,200,0,0,200,0,247505,0,9554.23,0,0,0,0
1,0,200,0,0,200,0,284404,0,9453.7,0,0,0,0
1.1,0,200,0,0,200,0,323969,0,9337.02,0,0,0,0
1.2,0,200,0,0,200,0,366722,0,9206.42,0,0,0,0
1.3,0,200,0,0,200,0,410099,0,9055.9,0,0,0,0
1.4,0,200,0,0,200,0,455400,0,8888.12,0,0,0,0
1.5,0,200,0,0,200,0,499558,0,8700.815,0,0,0,0
1.6,0,200,0,0,200,0,541015,0,8491.31,0,0,0,0
1.7,0,200,0,0,200,0,579371,0,8264.09,0,0,0,0
1.8,0,200,0,0,200,0,613596,0,8018.74,0,0,0,0
1.9,0,200,0,0,200,0,642399,0,7758.675,0,0,0,0
2,0,200,0,0,200,0,665183,0,7485.255,0,0,0,0
2.1,0,200,0,0,200,0,680408,0,7197.955,0,0,0,0
2.2,0,200,0,0,200,0,688815,0,6902.92,0,0,0,0
2.3,0,200,0,0,200,0,691496,0,6605.12,0,0,0,0
2.4,0,200,0,0,200,0,687206,0,6302.61,0,0,0,0
2.5,0,200,0,0,200,0,678079,0,6001.105,0,0,0,0
2.6,0,200,0,0,200,0,664506,0,5703.675,0,0,0,0
2.7,0,200,0,0,200,0,646734,0,5410.055,0,0,0,0
2.8,0,200,0,0,200,0,625228,0,5123.06,0,0,0,0
2.9,0,200,0,0,200,0,601769,0,4847.72,0,0,0,0
3,0,200,0,0,200,0,576766,0,4582.175,0,0,0,0
3.1,0,200,0,0,200,0,550071,0,4324.3,0,0,0,0
3.2,0,200,0,0,200,0,522847,0,4080.495,0,0,0,0
3.3,0,200,0,0,200,0,495105,0,3846.53,0,0,0,0
3.4,0,200,0,0,200,0,467775,0,3624.995,0,0,0,0
3.5,0,200,0,0,200,0,440719,0,3416.84,0,0,0,0
3.6,0,200,0,0,200,0,414583,0,3221.44,0,0,0,0
3.7,0,200,0,0,200,0,389242,0,3038.045,0,0,0,0
3.8,0,200,0,0,200,0,364869,0,2865.605,0,0,0,0
3.9,0,200,0,0,200,0,341269,0,2703.6,0,0,0,0
4,0,200,0,0,200,0,318575,0,2551.79,0,0,0,0
4.1,0,200,0,0,200,0,297394,0,2412.22,0,0,0,0
4.2,0,200,0,0,200,0,276757,0,2279.985,0,0,0,0
4.3,0,200,0,0,200,0,257448,0,2157.11,0,0,0,0
4.4,0,200,0,0,200,0,239566,0,2044.755,0,0,0,0
4.5,0,200,0,0,200,0,222904,0,1940.65,0,0,0,0
4.6,0,200,0,0,200,0,207281,0,1845.26,0,0,0,0
4.7,0,200,0,0,200,0,192616,0,1756.625,0,0,0,0
4.8,0,200,0,0,200,0,178903,0,1674.57,0,0,0,0
4.9,0,200,0,0,200,0,165999,0,1598.565,0,0,0,0
5,0,200,0,0,200,0,153898,0,1527.745,0,0,0,0
5.1,0,200,0,0,200,0,142540,0,1462.915,0,0,0,0
5.2,0,200,0,0,200,0,132290,0,1404.135,0,0,0,0
5.3,0,200,0,0,200,0,122527,0,1349.755,0,0,0,0
5.4,0,200,0,0,200,0,113461,0,1300.165,0,0,0,0
5.5,0,200,0,0,200,0,105000,0,1254.325,0,0,0,0
5.6,0,200,0,0,200,0,97097,0,1212.39,0,0,0,0
5.7,0,200,0,0,200,0,90042,0,1175.1,0,0,0,0
5.8,0,200,0,0,200,0,83535,0,1140.78,0,0,0,0
5.9,0,200,0,0,200,0,77481,0,1109.585,0,0,0,0
6,0,200,0,0,200,0,71792,0,1081.145,0,0,0,0
6.1,0,200,0,0,200,0,66605,0,1055.69,0,0,0,0
6.2,0,200,0,0,200,0,61656,0,1031.775,0,0,0,0
6.3,0,200,0,0,200,0,57068,0,1010.435,0,0,0,0
6.4,0,200,0,0,200,0,52898,0,991.495,0,0,0,0
6.5,0,200,0,0,200,0,48971,0,974.51,0,0,0,0
6.6,0,200,0,0,200,0,45339,0,959.555,0,0,0,0
6.7,0,200,0,0,200,0,42078,0,946.49,0,0,0,0
6.8,0,200,0,0,200,0,39052,0,934.77,0,0,0,0
6.9,0,200,0,0,200,0,36179,0,924.435,0,0,0,0
7,0,200,0,0,200,0,33644,0,916.28,0,0,0,0
7.1,0,200,0,0,200,0,31168,0,908.925,0,0,0,0
7.2,0,200,0,0,200,0,28855,0,902.595,0,0,0,0
7.3,0,200,0,0,200,0,26764,0,897.825,0,0,0,0
7.4,0,200,0,0,200,0,24802,0,893.735,0,0,0,0
7.5,0,200,0,0,200,0,23076,0,891.235,0,0,0,0
7.6,0,200,0,0,200,0,21391,0,889.21,0,0,0,0
7.7,0,200,0,0,200,0,19800,0,887.75,0,0,0,0
7.8,0,200,0,0,200,0,18384,0,887.545,0,0,0,0
7.9,0,200,0,0,200,0,17097,0,888.465,0,0,0,0
8,0,200,0,0,200,0,15772,0,888.99,0,0,0,0
8.1,0,200,0,0,200,0,14672,0,890.68,0,0,0,0
8.2,0,200,0,0,200,0,13578,0,893.58,0,0,0,0
8.3,0,200,0,0,200,0,12526,0,896.44,0,0,0,0
8.4,0,200,0,0,200,0,11637,0,900.36,0,0,0,0
8.5,0,200,0,0,200,0,10765,0,903.995,0,0,0,0
8.6,0,200,0,0,200,0,9991,0,908.845,0,0,0,0
8.7,0,200,0,0,200,0,9328,0,913.915,0,0,0,0
8.8,0,200,0,0,200,0,8653,0,919.245,0,0,0,0
8.9,0,200,0,0,200,0,7980,0,925.075,0,0,0,0
9,0,200,0,0,200,0,7442,0,931.555,0,0,0,0
9.1,0,200,0,0,200,0,6976,0,938.41,0,0,0,0
9.2,0,200,0,0,200,0,6534,0,945.46,0,0,0,0
9.3,0,200,0,0,200,0,6066,0,952.725,0,0,0,0
9.4,0,200,0,0,200,0,5617,0,960.06,0,0,0,0
9.5,0,200,0,0,200,0,5248,0,968.15,0,0,0,0
9.6,0,200,0,0,200,0,4869,0,976,0,0,0,0
9.7,0,200,0,0,200,0,4582,0,984.5,0,0,0,0
9.8,0,200,0,0,200,0,4286,0,992.895,0,0,0,0
9.9,0,200,0,0,200,0,4016,0,1001.66,0,0,0,0
10,0,200,0,0,200,0,3759,0,1010.42,0,0,0,0
10.1,0,200,0,0,200,0,3508,0,1019.69,0,0,0,0
10.2,0,200,0,0,200,0,3281,0,1028.895,0,0,0,0
10.3,0,200,0,0,200,0,3098,0,1038.925,0,0,0,0
10.4,0,200,0,0,200,0,2919,0,1049.135,0,0,0,0
10.5,0,200,0,0,200,0,2762,0,1059.67,0,0,0,0
10.6,0,200,0,0,200,0,2558,0,1069.885,0,0,0,0
10.7,0,200,0,0,200,0,2369,0,1080.76,0,0,0,0
10.8,0,200,0,0,200,0,2225,0,1091.645,0,0,0,0
10.9,0,200,0,0,200,0,2060,0,1102.895,0,0,0,0
11,0,200,0,0,200,0,1923,0,1114.225,0,0,0,0
11.1,0,200,0,0,200,0,1818,0,1125.355,0,0,0,0
11.2,0,200,0,0,200,0,1711,0,1136.915,0,0,0,0
11.3,2,198,0,0,198,0,1617,0,1148.345,2,0,0,0
11.4,4,196,0,0,196,0,1496,0,1159.71,2,0,0,0
11.5,4,196,0,0,196,0,1400,0,1171.975,0,0,0,0
11.6,4,196,0,0,196,0,1304,0,1183.485,0,0,0,0
11.7,4,196,0,0,196,0,1231,0,1195.88,0,0,0,0
11.8,4,196,0,0,196,0,1142,0,1207.95,0,0,0,0
11.9,4,196,0,0,196,0,1065,0,1220.835,0,0,0,0
12,5,195,0,0,195,0,1011,0,1233.725,1,0,0,0
12.1,8,192,0,0,192,0,946,0,1246.925,3,0,0,0
12.2,10,190,0,0,190,0,894,0,1260.18,2,0,0,0
12.3,12,188,0,0,188,0,865,0,1273.495,2,0,0,0
12.4,17,183,0,0,183,0,823,0,1286.53,5,0,0,0
12.5,18,182,0,0,182,0,791,0,1300.025,1,0,0,0
12.6,20,180,0,0,180,0,735,0,1313.775,2,0,0,0
12.7,23,177,0,0,177,0,698,0,1327.425,3,0,0,0
12.8,26,174,0,0,174,0,668,0,1341.255,3,0,0,0
12.9,29,171,0,0,171,0,626,0,1355.295,3,0,0,0
13,29,171,0,0,171,0,597,0,1369.555,0,0,0,0
13.1,30,170,0,0,170,0,576,0,1384.395,1,0,0,0
13.2,33,167,0,0,167,0,540,0,1399.105,3,0,0,0
13.3,39,161,0,0,161,0,514,0,1413.785,6,0,0,0
13.4,42,158,0,0,158,0,493,0,1428.27,3,0,0,0
13.5,44,156,0,0,156,0,465,0,1443.705,2,0,0,0
13.6,49,151,0,0,151,0,448,0,1459.2,5,0,0,0
13.7,55,145,0,0,145,0,430,0,1475.01,6,0,0,0
13.8,61,139,0,0,139,0,402,0,1490.375,6,0,0,0
13.9,63,137,0,0,137,0,382,0,1505.93,2,0,0,0
14,67,133,0,0,133,0,374,0,1521.62,4,0,0,0
14.1,69,131,0,0,131,0,360,0,1537.095,2,0,0,0
14.2,73,127,0,0,127,0,341,0,1553.665,4,0,0,0
14.3,80,120,0,0,120,0,330,0,1570.315,7,0,0,0
14.4,86,114,0,0,114,0,313,0,1586.85,6,0,0,0
14.5,94,106,0,0,106,0,294,0,1603.61,8,0,0,0
14.6,97,103,0,0,103,0,289,0,1619.955,3,0,0,0
14.7,99,101,0,0,101,0,279,0,1637.035,2,0,0,0
14.8,102,98,0,0,98,0,278,0,1654.08,3,0,0,0
14.9,105,95,0,0,95,0,269,0,1671.14,3,0,0,0
15,112,88,0,0,88,0,262,0,1688.7,7,0,0,0
15.1,114,86,0,0,86,0,250,0,1705.99,2,0,0,0
15.2,117,83,0,0,83,0,231,0,1723.7,3,0,0,0
15.3,119,81,0,0,81,0,227,0,1741.385,2,0,0,0
15.4,120,80,0,0,80,0,222,0,1758.71,1,0,0,0
15.5,122,78,0,0,78,0,211,0,1777.07,2,0,0,0
15.6,123,77,0,0,77,0,199,0,1795.32,1,0,0,0
15.7,124,76,0,0,76,0,188,0,1813.055,1,0,0,0
15.8,126,74,0,0,74,0,182,0,1831.065,2,0,0,0
15.9,132,68,0,0,68,0,174,0,1850.1,6,0,0,0
16,134,66,0,0,66,0,176,0,1868.61,2,0,0,0
16.1,135,65,0,0,65,0,174,0,1887.565,1,0,0,0
16.2,139,61,0,0,61,0,165,0,1906.47,4,0,0,0
16.3,141,59,0,0,59,0,161,0,1925.135,2,0,0,0
16.4,141,59,0,0,59,0,165,0,1944.505,0,0,0,0
16.5,142,58,0,0,58,0,153,0,1964.09,1,0,0,0
16.6,143,57,0,0,57,0,141,0,1983.48,1,0,0,0
16.7,143,57,0,0,57,0,132,0,2003.035,0,0,0,0
16.8,145,55,0,0,55,0,127,0,2023.015,2,0,0,0
16.9,150,50,0,0,50,0,125,0,2042.47,5,0,0,0
17,154,46,0,0,46,0,124,0,2062.745,4,0,0,0
17.1,155,45,0,0,45,0,123,0,2083.2,1,0,0,0
17.2,157,43,0,0,43,0,117,0,2103.535,2,0,0,0
17.3,158,42,0,0,42,0,117,0,2124.07,1,0,0,0
17.4,158,42,0,0,42,0,111,0,2144.71,0,0,0,0
17.5,160,40,0,0,40,0,114,0,2166.355,2,0,0,0
17.6,161,39,0,0,39,0,111,0,2187.515,1,0,0,0
17.7,162,38,0,0,38,0,110,0,2208.44,1,0,0,0
17.8,163,37,0,0,37,0,103,0,2230.51,1,0,0,0
17.9,165,35,0,0,35,0,98,0,2252.715,2,0,0,0
18,165,35,0,0,35,0,94,0,2274.315,0,0,0,0
18.1,166,34,0,0,34,0,93,0,2296.495,1,0,0,0
18.2,166,34,0,0,34,0,93,0,2318.555,0,0,0,0
18.3,168,32,0,0,32,0,89,0,2340.615,2,0,0,0
18.4,170,30,0,0,30,0,85,0,2363.255,2,0,0,0
18.5,170,30,0,0,30,0,87,0,2385.305,0,0,0,0
18.6,170,30,0,0,30,0,84,0,2408.23,0,0,0,0
18.7,171,29,0,0,29,0,83,0,2430.52,1,0,0,0
18.8,172,28,0,0,28,0,80,0,2453.345,1,0,0,0
18.9,174,26,0,0,26,0,81,0,2476.27,2,0,0,0
19,175,25,0,0,25,0,81,0,2499.69,1,0,0,0
19.1,175,25,0,0,25,0,77,0,2523.27,0,0,0,0
19.2,175,25,0,0,25,0,73,0,2547.2,0,0,0,0
19.3,177,23,0,0,23,0,65,0,2570.835,2,0,0,0
19.4,178,22,0,0,22,0,63,0,2595.24,1,0,0,0
19.5,181,19,0,0,19,0,64,0,2618.81,3,0,0,0
19.6,181,19,0,0,19,0,57,0,2643.08,0,0,0,0
19.7,181,19,0,0,19,0,55,0,2666.745,0,0,0,0
19.8,182,18,0,0,18,0,54,0,2691.21,1,0,0,0
19.9,182,18,0,0,18,0,57,0,2716.415,0,0,0,0
20,182,18,0,0,18,0,61,0,2741.41,0,0,0,0
20.1,182,18,0,0,18,0,55,0,2765.955,0,0,0,0
20.2,184,16,0,0,16,0,45,0,2790.83,2,0,0,0
20.3,184,16,0,0,16,0,45,0,2816.385,0,0,0,0
20.4,184,16,0,0,16,0,49,0,2841.15,0,0,0,0
20.5,186,14,0,0,14,0,42,0,2866.87,2,0,0,0
20.6,186,14,0,0,14,0,41,0,2891.915,0,0,0,0
20.7,186,14,0,0,14,0,43,0,2917.115,0,0,0,0
20.8,186,14,0,0,14,0,42,0,2942.885,0,0,0,0
20.9,186,14,0,0,14,0,45,0,2968.69,0,0,0,0
21,186,14,0,0,14,0,47,0,2994.28,0,0,0,0
21.1,186,14,0,0,14,0,47,0,3020.115,0,0,0,0
21.2,186,14,0,0,14,0,50,0,3047.145,0,0,0,0
21.3,187,13,0,0,13,0,55,0,3073.56,1,0,0,0
21.4,187,13,0,0,13,0,52,0,3099.915,0,0,0,0
21.5,187,13,0,0,13,0,57,0,3126.625,0,0,0,0
21.6,187,13,0,0,13,0,59,0,3153.68,0,0,0,0
21.7,187,13,0,0,13,0,59,0,3180.76,0,0,0,0
21.8,187,13,0,0,13,0,63,0,3208.005,0,0,0,0
21.9,188,12,0,0,12,0,64,0,3235.585,1,0,0,0
22,188,12,0,0,12,0,65,0,3262.7,0,0,0,0
22.1,188,12,0,0,12,0,61,0,3290.14,0,0,0,0
22.2,188,12,0,0,12,0,62,0,3317.92,0,0,0,0
22.3,188,12,0,0,12,0,58,0,3345.77,0,0,0,0
22.4,188,12,0,0,12,0,57,0,3373.235,0,0,0,0
22.5,188,12,0,0,12,0,57,0,3400.865,0,0,0,0
22.6,188,12,0,0,12,0,58,0,3428.46,0,0,0,0
22.7,189,11,0,0,11,0,57,0,3456.435,1,0,0,0
22.8,190,10,0,0,10,0,53,0,3485.18,1,0,0,0
22.9,190,10,0,0,10,0,49,0,3513.275,0,0,0,0
23,190,10,0,0,10,0,52,0,3541.26,0,0,0,0
23.1,190,10,0,0,10,0,51,0,3570.335,0,0,0,0
23.2,190,10,0,0,10,0,55,0,3600.3,0,0,0,0
23.3,190,10,0,0,10,0,56,0,3629.715,0,0,0,0
23.4,190,10,0,0,10,0,60,0,3658.855,0,0,0,0
23.5,190,10,0,0,10,0,59,0,3688.165,0,0,0,0
23.6,190,10,0,0,10,0,61,0,3718.15,0,0,0,0
23.7,190,10,0,0,10,0,56,0,3747.22,0,0,0,0
23.8,192,8,0,0,8,0,59,0,3776.375,2,0,0,0
23.9,192,8,0,0,8,0,61,0,3805.405,0,0,0,0
24,192,8,0,0,8,0,68,0,3835.04,0,0,0,0
24.1,192,8,0,0,8,0,70,0,3864.36,0,0,0,0
24.2,192,8,0,0,8,0,76,0,3894.675,0,0,0,0
24.3,192,8,0,0,8,0,79,0,3924.275,0,0,0,0
24.4,192,8,0,0,8,0,86,0,3953.91,0,0,0,0
24.5,192,8,0,0,8,0,90,0,3983.525,0,0,0,0
24.6,192,8,0,0,8,0,100,0,4013.135,0,0,0,0
24.7,192,8,0,0,8,0,100,0,4043.175,0,0,0,0
24.8,192,8,0,0,8,0,102,0,4073.37,0,0,0,0
24.9,192,8,0,0,8,0,106,0,4103.46,0,0,0,0
25,192,8,0,0,8,0,114,0,4133.62,0,0,0,0
25.1,192,8,0,0,8,0,115,0,4163.53,0,0,0,0
25.2,192,8,0,0,8,0,125,0,4193.605,0,0,0,0
25.3,192,8,0,0,8,0,125,0,4224.065,0,0,0,0
25.4,192,8,0,0,8,0,137,0,4254.545,0,0,0,0
25.5,192,8,0,0,8,0,141,0,4284.54,0,0,0,0
25.6,192,8,0,0,8,0,148,0,4314.665,0,0,0,0
25.7,192,8,0,0,8,0,149,0,4345.485,0,0,0,0
25.8,192,8,0,0,8,0,159,0,4375.73,0,0,0,0
25.9,192,8,0,0,8,0,167,0,4407.31,0,0,0,0
26,192,8,0,0,8,0,175,0,4438.38,0,0,0,0
26.1,192,8,0,0,8,0,188,0,4468.845,0,0,0,0
26.2,192,8,0,0,8,0,184,0,4499.35,0,0,0,0
26.3,192,8,0,0,8,0,189,0,4530.565,0,0,0,0
26.4,192,8,0,0,8,0,198,0,4561.385,0,0,0,0
26.5,192,8,0,0,8,0,202,0,4592.745,0,0,0,0
26.6,192,8,0,0,8,0,214,0,4623.35,0,0,0,0
26.7,192,8,0,0,8,0,219,0,4654.605,0,0,0,0
26.8,192,8,0,0,8,0,221,0,4685.48,0,0,0,0
26.9,192,8,0,0,8,0,232,0,4716.24,0,0,0,0
27,192,8,0,0,8,0,245,0,4746.95,0,0,0,0
27.1,192,8,0,0,8,0,256,0,4778.205,0,0,0,0
27.2,192,8,0,0,8,0,261,0,4809.19,0,0,0,0
27.3,192,8,0,0,8,0,277,0,4840.05,0,0,0,0
27.4,192,8,0,0,8,0,289,0,4871.485,0,0,0,0
27.5,192,8,0,0,8,0,302,0,4902.575,0,0,0,0
27.6,192,8,0,0,8,0,310,0,4933.385,0,0,0,0
27.7,192,8,0,0,8,0,320,0,4964.825,0,0,0,0
27.8,192,8,0,0,8,0,325,0,4995.99,0,0,0,0
27.9,192,8,0,0,8,0,316,0,5027.685,0,0,0,0
28,192,8,0,0,8,0,344,0,5058.89,0,0,0,0
28.1,192,8,0,0,8,0,372,0,5090.36,0,0,0,0
28.2,192,8,0,0,8,0,398,0,5121.075,0,0,0,0
28.3,192,8,0,0,8,0,405,0,5151.85,0,0,0,0
28.4,192,8,0,0,8,0,422,0,5182.735,0,0,0,0
28.5,192,8,0,0,8,0,447,0,5213.735,0,0,0,0
28.6,192,8,0,0,8,0,476,0,5244.97,0,0,0,0
28.7,192,8,0,0,8,0,511,0,5275.645,0,0,0,0
28.8,192,8,0,0,8,0,539,0,5306.325,0,0,0,0
28.9,192,8,0,0,8,0,572,0,5338.02,0,0,0,0
29,192,8,0,0,8,0,600,0,5368.395,0,0,0,0
29.1,192,8,0,0,8,0,651,0,5399.505,0,0,0,0
29.2,192,8,0,0,8,0,699,0,5429.64,0,0,0,0
29.3,192,8,0,0,8,0,753,0,5460.08,0,0,0,0
29.4,192,8,0,0,8,0,794,0,5490.86,0,0,0,0
29.5,192,8,0,0,8,0,836,0,5521.765,0,0,0,0
29.6,192,8,0,0,8,0,892,0,5552.15,0,0,0,0
29.7,192,8,0,0,8,0,949,0,5582.73,0,0,0,0
29.8,192,8,0,0,8,0,1009,0,5612.82,0,0,0,0
29.9,192,8,0,0,8,0,1073,0,5642.74,0,0,0,0
30,192,8,0,0,8,0,1131,0,5672.76,0,0,0,0
30.1,192,8,0,0,8,0,1229,0,5703.76,0,0,0,0
30.2,192,8,0,0,8,0,1319,0,5733.96,0,0,0,0
30.3,192,8,0,0,8,0,1400,0,5764.505,0,0,0,0
30.4,192,8,0,0,8,0,1491,0,5794.965,0,0,0,0
30.5,192,8,0,0,8,0,1586,0,5824.4,0,0,0,0
30.6,192,8,0,0,8,0,1693,0,5853.475,0,0,0,0
30.7,192,8,0,0,8,0,1810,0,5883.245,0,0,0,0
30.8,192,8,0,0,8,0,1938,0,5912.26,0,0,0,0
30.9,192,8,0,0,8,0,2077,0,5941.32,0,0,0,0
31,192,8,0,0,8,0,2196,0,5970.67,0,0,0,0
31.1,192,8,0,0,8,0,2327,0,6000.005,0,0,0,0
31.2,192,8,0,0,8,0,2453,0,6028.725,0,0,0,0
31.3,192,8,0,0,8,0,2580,0,6057.32,0,0,0,0
31.4,192,8,0,0,8,0,2749,0,6086.375,0,0,0,0
31.5,192,8,0,0,8,0,2895,0,6114.73,0,0,0,0
31.6,192,8,0,0,8,0,3025,0,6142.68,0,0,0,0
31.7,192,8,0,0,8,0,3161,0,6169.785,0,0,0,0
31.8,192,8,0,0,8,0,3325,0,6197.59,0,0,0,0
31.9,192,8,0,0,8,0,3547,0,6224.59,0,0,0,0
32,192,8,0,0,8,0,3713,0,6252.075,0,0,0,0
32.1,192,8,0,0,8,0,3894,0,6279.91,0,0,0,0
32.2,192,8,0,0,8,0,4023,0,6306.92,0,0,0,0
32.3,192,8,0,0,8,0,4206,0,6333.605,0,0,0,0
32.4,192,8,0,0,8,0,4353,0,6360.455,0,0,0,0
32.5,192,8,0,0,8,0,4533,0,6386.575,0,0,0,0
32.6,192,8,0,0,8,0,4741,0,6413.455,0,0,0,0
32.7,191,9,0,0,9,0,4950,0,6439.875,0,1,0,0
32.8,191,9,0,0,9,0,5154,0,6466.575,0,0,0,0
32.9,191,9,0,0,9,0,5294,0,6492.15,0,0,0,0
33,191,9,0,0,9,0,5459,0,6518.165,0,0,0,0
33.1,191,9,0,0,9,0,5664,0,6544.58,0,0,0,0
33.2,191,9,0,0,9,0,5814,0,6569.785,0,0,0,0
33.3,191,9,0,0,9,0,5976,0,6594.87,0,0,0,0
33.4,191,9,0,0,9,0,6181,0,6619.565,0,0,0,0
33.5,191,9,0,0,9,0,6377,0,6644.065,0,0,0,0
33.6,191,9,0,0,9,0,6480,0,6669.05,0,0,0,0
33.7,191,9,0,0,9,0,6630,0,6693.365,0,0,0,0
33.8,191,9,0,0,9,0,6724,0,6718.205,0,0,0,0
33.9,191,9,0,0,9,0,6846,0,6742.185,0,0,0,0
34,191,9,0,0,9,0,6905,0,6765.515,0,0,0,0
34.1,191,9,0,0,9,0,6979,0,6789.625,0,0,0,0
34.2,191,9,0,0,9,0,7022,0,6813.295,0,0,0,0
34.3,191,9,0,0,9,0,7147,0,6836.645,0,0,0,0
34.4,191,9,0,0,9,0,7245,0,6860.005,0,0,0,0
34.5,191,9,0,0,9,0,7294,0,6882.29,0,0,0,0
34.6,191,9,0,0,9,0,7363,0,6905.65,0,0,0,0
34.7,191,9,0,0,9,0,7335,0,6928.015,0,0,0,0
34.8,191,9,0,0,9,0,7268,0,6950.84,0,0,0,0
34.9,191,9,0,0,9,0,7261,0,6972.69,0,0,0,0
35,191,9,0,0,9,0,7299,0,6994.965,0,0,0,0
35.1,191,9,0,0,9,0,7217,0,7016.835,0,0,0,0
35.2,191,9,0,0,9,0,7178,0,7039.11,0,0,0,0
35.3,191,9,0,0,9,0,7091,0,7060.68,0,0,0,0
35.4,191,9,0,0,9,0,6960,0,7082.395,0,0,0,0
35.5,191,9,0,0,9,0,6893,0,7104.22,0,0,0,0
35.6,191,9,0,0,9,0,6809,0,7125.76,0,0,0,0
35.7,191,9,0,0,9,0,6664,0,7147.275,0,0,0,0
35.8,191,9,0,0,9,0,6547,0,7168.54,0,0,0,0
35.9,191,9,0,0,9,0,6408,0,7190.635,0,0,0,0
36,191,9,0,0,9,0,6336,0,7211.855,0,0,0,0
36.1,191,9,0,0,9,0,6190,0,7232.505,0,0,0,0
36.2,191,9,0,0,9,0,6104,0,7253.93,0,0,0,0
36.3,191,9,0,0,9,0,6001,0,7274.995,0,0,0,0
36.4,191,9,0,0,9,0,5925,0,7295.925,0,0,0,0
36.5,191,9,0,0,9,0,5834,0,7315.765,0,0,0,0
36.6,191,9,0,0,9,0,5713,0,7336.515,0,0,0,0
36.7,191,9,0,0,9,0,5609,0,7357.29,0,0,0,0
36.8,191,9,0,0,9,0,5532,0,7377.575,0,0,0,0
36.9,191,9,0,0,9,0,5441,0,7397.94,0,0,0,0
37,191,9,0,0,9,0,5392,0,7417.965,0,0,0,0
37.1,191,9,0,0,9,0,5326,0,7438.83,0,0,0,0
37.2,191,9,0,0,9,0,5268,0,7458.79,0,0,0,0
37.3,191,9,0,0,9,0,5157,0,7478.895,0,0,0,0
37.4,191,9,0,0,9,0,5092,0,7499.23,0,0,0,0
37.5,191,9,0,0,9,0,4999,0,7519.17,0,0,0,0
37.6,191,9,0,0,9,0,5026,0,7539.22,0,0,0,0
37.7,191,9,0,0,9,0,4993,0,7558.86,0,0,0,0
37.8,190,10,0,0,10,0,4985,0,7578.36,0,1,0,0
37.9,190,10,0,0,10,0,4937,0,7597.085,0,0,0,0
38,190,10,0,0,10,0,4970,0,7616.85,0,0,0,0
38.1,190,10,0,0,10,0,4983,0,7635.82,0,0,0,0
38.2,190,10,0,0,10,0,4947,0,7654.82,0,0,0,0
38.3,190,10,0,0,10,0,4926,0,7674.175,0,0,0,0
38.4,190,10,0,0,10,0,4969,0,7692.14,0,0,0,0
38.5,190,10,0,0,10,0,4955,0,7710.7,0,0,0,0
38.6,190,10,0,0,10,0,4980,0,7729.48,0,0,0,0
38.7,190,10,0,0,10,0,4976,0,7747.705,0,0,0,0
38.8,190,10,0,0,10,0,4957,0,7765.725,0,0,0,0
38.9,190,10,0,0,10,0,4967,0,7783.77,0,0,0,0
39,190,10,0,0,10,0,4950,0,7801.615,0,0,0,0
39.1,190,10,0,0,10,0,4957,0,7819.265,0,0,0,0
39.2,189,11,0,0,11,0,5019,0,7836.32,0,1,0,0
39.3,189,11,0,0,11,0,5030,0,7853.365,0,0,0,0
39.4,189,11,0,0,11,0,5081,0,7871.33,0,0,0,0
39.5,189,11,0,0,11,0,5071,0,7888,0,0,0,0
39.6,189,11,0,0,11,0,5078,0,7904.865,0,0,0,0
39.7,189,11,0,0,11,0,4990,0,7921.325,0,0,0,0
39.8,189,11,0,0,11,0,4973,0,7937.66,0,0,0,0
39.9,189,11,0,0,11,0,4893,0,7953.84,0,0,0,0
40,189,11,0,0,11,0,4790,0,7970.115,0,0,0,0
40.1,189,11,0,0,11,0,4770,0,7985.95,0,0,0,0
40.2,188,12,0,0,12,0,4718,0,8002.05,0,1,0,0
40.3,188,12,0,0,12,0,4680,0,8018.64,0,0,0,0
40.4,189,11,0,0,11,0,4646,0,8034.605,1,0,0,0
40.5,189,11,0,0,11,0,4605,0,8050.305,0,0,0,0
40.6,188,12,0,0,12,0,4550,0,8065.515,0,1,0,0
40.7,188,12,0,0,12,0,4470,0,8080.57,0,0,0,0
40.8,188,12,0,0,12,0,4364,0,8095.68,0,0,0,0
40.9,188,12,0,0,12,0,4269,0,8111.175,0,0,0,0
41,188,12,0,0,12,0,4188,0,8126.685,0,0,0,0
41.1,188,12,0,0,12,0,4132,0,8141.59,0,0,0,0
41.2,189,11,0,0,11,0,4008,0,8156.295,1,0,0,0
41.3,189,11,0,0,11,0,3912,0,8171.08,0,0,0,0
41.4,189,11,0,0,11,0,3823,0,8186.44,0,0,0,0
41.5,189,11,0,0,11,0,3771,0,8200.975,0,0,0,0
41.6,189,11,0,0,11,0,3712,0,8215.485,0,0,0,0
41.7,189,11,0,0,11,0,3638,0,8229.925,0,0,0,0
41.8,189,11,0,0,11,0,3601,0,8244.13,0,0,0,0
41.9,189,11,0,0,11,0,3574,0,8258.745,0,0,0,0
42,189,11,0,0,11,0,3588,0,8272.73,0,0,0,0
42.1,189,11,0,0,11,0,3595,0,8286.4,0,0,0,0
42.2,189,11,0,0,11,0,3590,0,8300.12,0,0,0,0
42.3,189,11,0,0,11,0,3528,0,8314.32,0,0,0,0
42.4,189,11,0,0,11,0,3493,0,8327.92,0,0,0,0
42.5,189,11,0,0,11,0,3471,0,8341.3,0,0,0,0
42.6,189,11,0,0,11,0,3485,0,8355.07,0,0,0,0
42.7,189,11,0,0,11,0,3489,0,8368.58,0,0,0,0
42.8,189,11,0,0,11,0,3543,0,8381.63,0,0,0,0
42.9,189,11,0,0,11,0,3511,0,8394.43,0,0,0,0
43,189,11,0,0,11,0,3543,0,8406.845,0,0,0,0
43.1,189,11,0,0,11,0,3542,0,8419.98,0,0,0,0
43.2,189,11,0,0,11,0,3528,0,8432.665,0,0,0,0
43.3,189,11,0,0,11,0,3563,0,8445.155,0,0,0,0
43.4,189,11,0,0,11,0,3586,0,8457.405,0,0,0,0
43.5,189,11,0,0,11,0,3591,0,8469.705,0,0,0,0
43.6,189,11,0,0,11,0,3615,0,8482.335,0,0,0,0
43.7,188,12,0,0,12,0,3558,0,8494.255,0,1,0,0
43.8,188,12,0,0,12,0,3562,0,8506.105,0,0,0,0
43.9,188,12,0,0,12,0,3584,0,8518.275,0,0,0,0
44,188,12,0,0,12,0,3548,0,8529.74,0,0,0,0
44.1,188,12,0,0,12,0,3513,0,8541.48,0,0,0,0
44.2,188,12,0,0,12,0,3509,0,8552.885,0,0,0,0
44.3,188,12,0,0,12,0,3481,0,8564.565,0,0,0,0
44.4,188,12,0,0,12,0,3488,0,8575.925,0,0,0,0
44.5,188,12,0,0,12,0,3469,0,8586.905,0,0,0,0
44.6,188,12,0,0,12,0,3458,0,8598.28,0,0,0,0
44.7,188,12,0,0,12,0,3466,0,8609.89,0,0,0,0
44.8,188,12,0,0,12,0,3468,0,8620.26,0,0,0,0
44.9,188,12,0,0,12,0,3504,0,8631.1,0,0,0,0
45,188,12,0,0,12,0,3511,0,8641.995,0,0,0,0
45.1,188,12,0,0,12,0,3504,0,8652.295,0,0,0,0
45.2,188,12,0,0,12,0,3531,0,8662.765,0,0,0,0
45.3,188,12,0,0,12,0,3619,0,8673.13,0,0,0,0
45.4,188,12,0,0,12,0,3685,0,8683.195,0,0,0,0
45.5,188,12,0,0,12,0,3771,0,8693.37,0,0,0,0
45.6,188,12,0,0,12,0,3846,0,8703.495,0,0,0,0
45.7,188,12,0,0,12,0,3911,0,8713.19,0,0,0,0
45.8,188,12,0,0,12,0,3977,0,8723.11,0,0,0,0
45.9,188,12,0,0,12,0,4033,0,8732.49,0,0,0,0
46,188,12,0,0,12,0,4093,0,8742.165,0,0,0,0
46.1,188,12,0,0,12,0,4115,0,8751.24,0,0,0,0
46.2,188,12,0,0,12,0,4151,0,8760.535,0,0,0,0
46.3,188,12,0,0,12,0,4202,0,8769.805,0,0,0,0
46.4,188,12,0,0,12,0,4254,0,8778.87,0,0,0,0
46.5,187,13,0,0,13,0,4333,0,8787.895,0,1,0,0
46.6,187,13,0,0,13,0,4315,0,8796.92,0,0,0,0
46.7,187,13,0,0,13,0,4298,0,8805.445,0,0,0,0
46.8,187,13,0,0,13,0,4316,0,8813.995,0,0,0,0
46.9,188,12,0,0,12,0,4306,0,8822.17,1,0,0,0
47,188,12,0,0,12,0,4292,0,8830.33,0,0,0,0
47.1,188,12,0,0,12,0,4250,0,8838.305,0,0,0,0
47.2,188,12,0,0,12,0,4230,0,8846.555,0,0,0,0
47.3,188,12,0,0,12,0,4220,0,8854.73,0,0,0,0
47.4,188,12,0,0,12,0,4195,0,8862.28,0,0,0,0
47.5,188,12,0,0,12,0,4221,0,8870.095,0,0,0,0
47.6,188,12,0,0,12,0,4264,0,8877.96,0,0,0,0
47.7,188,12,0,0,12,0,4251,0,8885.505,0,0,0,0
47.8,188,12,0,0,12,0,4255,0,8893.475,0,0,0,0
47.9,188,12,0,0,12,0,4307,0,8901.065,0,0,0,0
48,188,12,0,0,12,0,4360,0,8908.52,0,0,0,0
48.1,188,12,0,0,12,0,4460,0,8916.005,0,0,0,0
48.2,188,12,0,0,12,0,4490,0,8922.915,0,0,0,0
48.3,188,12,0,0,12,0,4561,0,8929.795,0,0,0,0
48.4,188,12,0,0,12,0,4572,0,8936.93,0,0,0,0
48.5,188,12,0,0,12,0,4595,0,8944.015,0,0,0,0
48.6,188,12,0,0,12,0,4603,0,8950.95,0,0,0,0
48.7,188,12,0,0,12,0,4583,0,8957.865,0,0,0,0
48.8,188,12,0,0,12,0,4582,0,8964.31,0,0,0,0
48.9,188,12,0,0,12,0,4519,0,8970.9,0,0,0,0
49,188,12,0,0,12,0,4457,0,8977.435,0,0,0,0
49.1,188,12,0,0,12,0,4331,0,8983.885,0,0,0,0
49.2,188,12,0,0,12,0,4232,0,8989.58,0,0,0,0
49.3,188,12,0,0,12,0,4125,0,8996.195,0,0,0,0
49.4,187,13,0,0,13,0,3981,0,9002.64,0,1,0,0
49.5,187,13,0,0,13,0,3835,0,9008.93,0,0,0,0
49.6,187,13,0,0,13,0,3758,0,9015.76,0,0,0,0
49.7,187,13,0,0,13,0,3598,0,9021.96,0,0,0,0
49.8,187,13,0,0,13,0,3448,0,9028.13,0,0,0,0
49.9,187,13,0,0,13,0,3293,0,9034.755,0,0,0,0
50,187,13,0,0,13,0,3156,0,9040.98,0,0,0,0
50.1,186,14,0,0,14,0,2974,0,9047.155,0,1,0,0
50.2,186,14,0,0,14,0,2823,0,9053.29,0,0,0,0
50.3,186,14,0,0,14,0,2656,0,9059.325,0,0,0,0
50.4,186,14,0,0,14,0,2513,0,9065.735,0,0,0,0
50.5,186,14,0,0,14,0,2412,0,9072.19,0,0,0,0
50.6,186,14,0,0,14,0,2305,0,9078.925,0,0,0,0
50.7,186,14,0,0,14,0,2195,0,9085.56,0,0,0,0
50.8,187,13,0,0,13,0,2120,0,9092.18,1,0,0,0
50.9,187,13,0,0,13,0,2046,0,9098.39,0,0,0,0
51,187,13,0,0,13,0,1976,0,9104.625,0,0,0,0
51.1,187,13,0,0,13,0,1900,0,9110.77,0,0,0,0
51.2,187,13,0,0,13,0,1851,0,9116.84,0,0,0,0
51.3,187,13,0,0,13,0,1796,0,9123.04,0,0,0,0
51.4,188,12,0,0,12,0,1738,0,9129.35,1,0,0,0
51.5,188,12,0,0,12,0,1693,0,9135.485,0,0,0,0
51.6,188,12,0,0,12,0,1653,0,9141.435,0,0,0,0
51.7,188,12,0,0,12,0,1599,0,9147.475,0,0,0,0
51.8,188,12,0,0,12,0,1591,0,9153.395,0,0,0,0
51.9,188,12,0,0,12,0,1556,0,9159.25,0,0,0,0
52,188,12,0,0,12,0,1521,0,9165.115,0,0,0,0
52.1,188,12,0,0,12,0,1506,0,9170.92,0,0,0,0
52.2,188,12,0,0,12,0,1504,0,9176.835,0,0,0,0
52.3,188,12,0,0,12,0,1469,0,9182.625,0,0,0,0
52.4,188,12,0,0,12,0,1460,0,9188.25,0,0,0,0
52.5,188,12,0,0,12,0,1477,0,9193.84,0,0,0,0
52.6,188,12,0,0,12,0,1475,0,9199.305,0,0,0,0
52.7,187,13,0,0,13,0,1488,0,9204.71,0,1,0,0
52.8,187,13,0,0,13,0,1511,0,9210.235,0,0,0,0
52.9,187,13,0,0,13,0,1536,0,9215.945,0,0,0,0
53,187,13,0,0,13,0,1542,0,9221.085,0,0,0,0
53.1,187,13,0,0,13,0,1566,0,9226.615,0,0,0,0
53.2,187,13,0,0,13,0,1562,0,9232.165,0,0,0,0
53.3,187,13,0,0,13,0,1600,0,9237.245,0,0,0,0
53.4,187,13,0,0,13,0,1640,0,9242.275,0,0,0,0
53.5,187,13,0,0,13,0,1680,0,9247.805,0,0,0,0
53.6,187,13,0,0,13,0,1756,0,9253.01,0,0,0,0
53.7,187,13,0,0,13,0,1850,0,9258.1,0,0,0,0
53.8,187,13,0,0,13,0,1923,0,9263.05,0,0,0,0
53.9,187,13,0,0,13,0,1993,0,9267.815,0,0,0,0
54,187,13,0,0,13,0,2120,0,9272.32,0,0,0,0
54.1,187,13,0,0,13,0,2236,0,9277.175,0,0,0,0
54.2,187,13,0,0,13,0,2324,0,9281.555,0,0,0,0
54.3,187,13,0,0,13,0,2460,0,9286.11,0,0,0,0
54.4,187,13,0,0,13,0,2625,0,9290.295,0,0,0,0
54.5,187,13,0,0,13,0,2786,0,9294.565,0,0,0,0
54.6,187,13,0,0,13,0,3023,0,9299.005,0,0,0,0
54.7,187,13,0,0,13,0,3166,0,9303.14,0,0,0,0
54.8,187,13,0,0,13,0,3427,0,9306.88,0,0,0,0
54.9,187,13,0,0,13,0,3698,0,9311.085,0,0,0,0
55,187,13,0,0,13,0,3932,0,9314.87,0,0,0,0
55.1,187,13,0,0,13,0,4203,0,9318.48,0,0,0,0
55.2,187,13,0,0,13,0,4487,0,9321.665,0,0,0,0
55.3,186,14,0,0,14,0,4723,0,9325.03,0,1,0,0
55.4,186,14,0,0,14,0,4964,0,9328.255,0,0,0,0
55.5,186,14,0,0,14,0,5279,0,9330.945,0,0,0,0
55.6,186,14,0,0,14,0,5501,0,9333.645,0,0,0,0
55.7,186,14,0,0,14,0,5698,0,9336.09,0,0,0,0
55.8,186,14,0,0,14,0,5889,0,9338.66,0,0,0,0
55.9,186,14,0,0,14,0,6011,0,9340.85,0,0,0,0
56,186,14,0,0,14,0,6139,0,9343.12,0,0,0,0
56.1,186,14,0,0,14,0,6231,0,9345.015,0,0,0,0
56.2,186,14,0,0,14,0,6284,0,9346.855,0,0,0,0
56.3,185,15,0,0,15,0,6409,0,9349.265,0,1,0,0
56.4,185,15,0,0,15,0,6448,0,9351.33,0,0,0,0
56.5,185,15,0,0,15,0,6458,0,9352.635,0,0,0,0
56.6,185,15,0,0,15,0,6504,0,9354.155,0,0,0,0
56.7,185,15,0,0,15,0,6480,0,9355.61,0,0,0,0
56.8,185,15,0,0,15,0,6544,0,9357.265,0,0,0,0
56.9,185,15,0,0,15,0,6574,0,9358.86,0,0,0,0
57,185,15,0,0,15,0,6577,0,9360.295,0,0,0,0
57.1,185,15,0,0,15,0,6639,0,9361.805,0,0,0,0
57.2,184,16,0,0,16,0,6664,0,9363.26,0,1,0,0
57.3,184,16,0,0,16,0,6665,0,9364.775,0,0,0,0
57.4,184,16,0,0,16,0,6677,0,9366.155,0,0,0,0
57.5,184,16,0,0,16,0,6728,0,9367.305,0,0,0,0
57.6,185,15,0,0,15,0,6793,0,9368.485,1,0,0,0
57.7,185,15,0,0,15,0,6875,0,9369.49,0,0,0,0
57.8,185,15,0,0,15,0,6993,0,9370.795,0,0,0,0
57.9,185,15,0,0,15,0,7095,0,9371.72,0,0,0,0
58,185,15,0,0,15,0,7282,0,9372.595,0,0,0,0
58.1,185,15,0,0,15,0,7513,0,9373.22,0,0,0,0
58.2,186,14,0,0,14,0,7662,0,9374.2,1,0,0,0
58.3,186,14,0,0,14,0,7865,0,9374.6,0,0,0,0
58.4,186,14,0,0,14,0,8054,0,9374.995,0,0,0,0
58.5,186,14,0,0,14,0,8245,0,9375.63,0,0,0,0
58.6,186,14,0,0,14,0,8463,0,9376.25,0,0,0,0
58.7,186,14,0,0,14,0,8594,0,9376.46,0,0,0,0
58.8,186,14,0,0,14,0,8769,0,9376.775,0,0,0,0
58.9,186,14,0,0,14,0,8908,0,9376.775,0,0,0,0
59,186,14,0,0,14,0,9061,0,9376.67,0,0,0,0
59.1,186,14,0,0,14,0,9089,0,9376.575,0,0,0,0
59.2,186,14,0,0,14,0,9196,0,9375.92,0,0,0,0
59.3,186,14,0,0,14,0,9261,0,9375.37,0,0,0,0
59.4,186,14,0,0,14,0,9385,0,9374.825,0,0,0,0
59.5,186,14,0,0,14,0,9478,0,9374.61,0,0,0,0
59.6,186,14,0,0,14,0,9507,0,9373.955,0,0,0,0
59.7,185,15,0,0,15,0,9560,0,9373.195,0,1,0,0
59.8,184,16,0,0,16,0,9628,0,9372.66,0,1,0,0
59.9,184,16,0,0,16,0,9642,0,9371.95,0,0,0,0
60,184,16,0,0,16,0,9664,0,9371.065,0,0,0,0
60.1,184,16,0,0,16,0,9680,0,9370.25,0,0,0,0
60.2,185,15,0,0,15,0,9739,0,9369.76,1,0,0,0
60.3,185,15,0,0,15,0,9822,0,9369.125,0,0,0,0
60.4,185,15,0,0,15,0,9851,0,9368.08,0,0,0,0
60.5,185,15,0,0,15,0,9819,0,9367.145,0,0,0,0
60.6,185,15,0,0,15,0,9764,0,9365.995,0,0,0,0
60.7,185,15,0,0,15,0,9710,0,9364.795,0,0,0,0
60.8,185,15,0,0,15,0,9650,0,9363.9,0,0,0,0
60.9,185,15,0,0,15,0,9632,0,9362.82,0,0,0,0
61,185,15,0,0,15,0,9709,0,9362.02,0,0,0,0
61.1,185,15,0,0,15,0,9691,0,9360.845,0,0,0,0
61.2,184,16,0,0,16,0,9661,0,9359.97,0,1,0,0
61.3,184,16,0,0,16,0,9608,0,9359.045,0,0,0,0
61.4,184,16,0,0,16,0,9636,0,9358.085,0,0,0,0
61.5,184,16,0,0,16,0,9611,0,9356.875,0,0,0,0
61.6,184,16,0,0,16,0,9582,0,9355.705,0,0,0,0
61.7,184,16,0,0,16,0,9541,0,9354.585,0,0,0,0
61.8,184,16,0,0,16,0,9533,0,9353.69,0,0,0,0
61.9,184,16,0,0,16,0,9468,0,9352.52,0,0,0,0
62,184,16,0,0,16,0,9507,0,9351.37,0,0,0,0
62.1,184,16,0,0,16,0,9466,0,9350.415,0,0,0,0
62.2,184,16,0,0,16,0,9405,0,9349.175,0,0,0,0
62.3,184,16,0,0,16,0,9307,0,9348.2,0,0,0,0
62.4,184,16,0,0,16,0,9174,0,9346.9,0,0,0,0
62.5,184,16,0,0,16,0,9047,0,9345.725,0,0,0,0
62.6,184,16,0,0,16,0,8837,0,9344.395,0,0,0,0
62.7,182,18,0,0,18,0,8656,0,9343.33,0,2,0,0
62.8,182,18,0,0,18,0,8409,0,9342.34,0,0,0,0
62.9,182,18,0,0,18,0,8221,0,9341.655,0,0,0,0
63,182,18,0,0,18,0,7976,0,9340.97,0,0,0,0
63.1,182,18,0,0,18,0,7780,0,9340.62,0,0,0,0
63.2,182,18,0,0,18,0,7572,0,9340.125,0,0,0,0
63.3,182,18,0,0,18,0,7296,0,9339.2,0,0,0,0
63.4,182,18,0,0,18,0,7117,0,9338.755,0,0,0,0
63.5,182,18,0,0,18,0,6873,0,9338.235,0,0,0,0
63.6,182,18,0,0,18,0,6710,0,9337.93,0,0,0,0
63.7,182,18,0,0,18,0,6547,0,9337.865,0,0,0,0
63.8,182,18,0,0,18,0,6382,0,9337.595,0,0,0,0
63.9,182,18,0,0,18,0,6260,0,9337.705,0,0,0,0
64,182,18,0,0,18,0,6108,0,9337.765,0,0,0,0
64.1,182,18,0,0,18,0,6028,0,9337.99,0,0,0,0
64.2,182,18,0,0,18,0,5938,0,9337.975,0,0,0,0
64.3,182,18,0,0,18,0,5926,0,9337.86,0,0,0,0
64.4,182,18,0,0,18,0,5894,0,9337.76,0,0,0,0
64.5,182,18,0,0,18,0,5934,0,9337.89,0,0,0,0
64.6,181,19,0,0,19,0,5990,0,9337.795,0,1,0,0
64.7,181,19,0,0,19,0,6102,0,9337.805,0,0,0,0
64.8,181,19,0,0,19,0,6182,0,9337.745,0,0,0,0
64.9,181,19,0,0,19,0,6340,0,9337.57,0,0,0,0
65,181,19,0,0,19,0,6514,0,9337.62,0,0,0,0
65.1,181,19,0,0,19,0,6677,0,9337.26,0,0,0,0
65.2,181,19,0,0,19,0,6911,0,9337.16,0,0,0,0
65.3,181,19,0,0,19,0,7155,0,9336.73,0,0,0,0
65.4,181,19,0,0,19,0,7401,0,9336.045,0,0,0,0
65.5,182,18,0,0,18,0,7591,0,9335.245,1,0,0,0
65.6,182,18,0,0,18,0,7845,0,9334.425,0,0,0,0
65.7,183,17,0,0,17,0,8103,0,9333.785,1,0,0,0
65.8,183,17,0,0,17,0,8380,0,9333.055,0,0,0,0
65.9,183,17,0,0,17,0,8610,0,9331.995,0,0,0,0
66,183,17,0,0,17,0,8925,0,9331.115,0,0,0,0
66.1,183,17,0,0,17,0,9296,0,9329.69,0,0,0,0
66.2,183,17,0,0,17,0,9690,0,9328.16,0,0,0,0
66.3,183,17,0,0,17,0,10057,0,9326.37,0,0,0,0
66.4,183,17,0,0,17,0,10562,0,9324.65,0,0,0,0
66.5,183,17,0,0,17,0,11041,0,9322.755,0,0,0,0
66.6,182,18,0,0,18,0,11492,0,9320.76,0,1,0,0
66.7,182,18,0,0,18,0,11926,0,9318.125,0,0,0,0
66.8,182,18,0,0,18,0,12343,0,9315.82,0,0,0,0
66.9,182,18,0,0,18,0,12755,0,9313.315,0,0,0,0
67,182,18,0,0,18,0,13114,0,9310.615,0,0,0,0
67.1,182,18,0,0,18,0,13504,0,9307.57,0,0,0,0
67.2,182,18,0,0,18,0,13691,0,9304.17,0,0,0,0
67.3,181,19,0,0,19,0,13835,0,9300.82,0,1,0,0
67.4,182,18,0,0,18,0,13838,0,9297.385,1,0,0,0
67.5,182,18,0,0,18,0,13899,0,9294.245,0,0,0,0
67.6,182,18,0,0,18,0,13714,0,9290.385,0,0,0,0
67.7,182,18,0,0,18,0,13484,0,9286.845,0,0,0,0
67.8,182,18,0,0,18,0,13229,0,9283.415,0,0,0,0
67.9,182,18,0,0,18,0,12977,0,9280.05,0,0,0,0
68,181,19,0,0,19,0,12578,0,9276.675,0,1,0,0
68.1,181,19,0,0,19,0,12127,0,9273.44,0,0,0,0
68.2,181,19,0,0,19,0,11690,0,9270.585,0,0,0,0
68.3,181,19,0,0,19,0,11303,0,9268.16,0,0,0,0
68.4,181,19,0,0,19,0,10825,0,9265.48,0,0,0,0
68.5,181,19,0,0,19,0,10360,0,9263.22,0,0,0,0
68.6,181,19,0,0,19,0,9865,0,9261.205,0,0,0,0
68.7,181,19,0,0,19,0,9370,0,9259.135,0,0,0,0
68.8,181,19,0,0,19,0,8929,0,9257.38,0,0,0,0
68.9,181,19,0,0,19,0,8537,0,9256.155,0,0,0,0
69,181,19,0,0,19,0,8103,0,9254.545,0,0,0,0
69.1,181,19,0,0,19,0,7730,0,9253.445,0,0,0,0
69.2,181,19,0,0,19,0,7385,0,9252.455,0,0,0,0
69.3,180,20,0,0,20,0,7150,0,9251.53,0,1,0,0
69.4,180,20,0,0,20,0,6858,0,9250.8,0,0,0,0
69.5,181,19,0,0,19,0,6595,0,9250.25,1,0,0,0
69.6,181,19,0,0,19,0,6334,0,9249.645,0,0,0,0
69.7,181,19,0,0,19,0,6151,0,9249.335,0,0,0,0
69.8,181,19,0,0,19,0,5979,0,9249.145,0,0,0,0
69.9,181,19,0,0,19,0,5829,0,9248.87,0,0,0,0
70,181,19,0,0,19,0,5745,0,9248.93,0,0,0,0
70.1,181,19,0,0,19,0,5694,0,9248.715,0,0,0,0
70.2,181,19,0,0,19,0,5623,0,9248.445,0,0,0,0
70.3,181,19,0,0,19,0,5640,0,9248.395,0,0,0,0
70.4,181,19,0,0,19,0,5672,0,9248.71,0,0,0,0
70.5,181,19,0,0,19,0,5735,0,9248.855,0,0,0,0
70.6,181,19,0,0,19,0,5850,0,9248.915,0,0,0,0
70.7,181,19,0,0,19,0,5931,0,9249.015,0,0,0,0
70.8,181,19,0,0,19,0,5979,0,9249.04,0,0,0,0
70.9,181,19,0,0,19,0,6005,0,9249.005,0,0,0,0
71,181,19,0,0,19,0,6050,0,9248.77,0,0,0,0
71.1,181,19,0,0,19,0,6031,0,9248.295,0,0,0,0
71.2,181,19,0,0,19,0,6055,0,9248.245,0,0,0,0
71.3,182,18,0,0,18,0,6027,0,9247.945,1,0,0,0
71.4,182,18,0,0,18,0,6064,0,9247.74,0,0,0,0
71.5,182,18,0,0,18,0,6087,0,9247.895,0,0,0,0
71.6,182,18,0,0,18,0,6019,0,9247.705,0,0,0,0
71.7,182,18,0,0,18,0,5968,0,9247.73,0,0,0,0
71.8,182,18,0,0,18,0,5889,0,9247.485,0,0,0,0
71.9,182,18,0,0,18,0,5847,0,9247.555,0,0,0,0
72,182,18,0,0,18,0,5686,0,9247.235,0,0,0,0
72.1,182,18,0,0,18,0,5555,0,9247.185,0,0,0,0
72.2,182,18,0,0,18,0,5434,0,9247.065,0,0,0,0
72.3,182,18,0,0,18,0,5312,0,9246.965,0,0,0,0
72.4,182,18,0,0,18,0,5207,0,9246.975,0,0,0,0
72.5,182,18,0,0,18,0,5132,0,9247.325,0,0,0,0
72.6,182,18,0,0,18,0,5046,0,9247.435,0,0,0,0
72.7,182,18,0,0,18,0,4902,0,9247.61,0,0,0,0
72.8,182,18,0,0,18,0,4798,0,9247.88,0,0,0,0
72.9,183,17,0,0,17,0,4740,0,9248.2,1,0,0,0
73,182,18,0,0,18,0,4680,0,9248.745,0,1,0,0
73.1,183,17,0,0,17,0,4628,0,9249.305,1,0,0,0
73.2,183,17,0,0,17,0,4594,0,9249.865,0,0,0,0
73.3,184,16,0,0,16,0,4550,0,9250.575,1,0,0,0
73.4,184,16,0,0,16,0,4541,0,9250.975,0,0,0,0
73.5,185,15,0,0,15,0,4560,0,9251.37,1,0,0,0
73.6,185,15,0,0,15,0,4520,0,9251.545,0,0,0,0
73.7,185,15,0,0,15,0,4540,0,9251.99,0,0,0,0
73.8,185,15,0,0,15,0,4584,0,9252.545,0,0,0,0
73.9,185,15,0,0,15,0,4614,0,9253.025,0,0,0,0
74,185,15,0,0,15,0,4695,0,9253.475,0,0,0,0
74.1,185,15,0,0,15,0,4791,0,9254.09,0,0,0,0
74.2,184,16,0,0,16,0,4910,0,9254.6,0,1,0,0
74.3,184,16,0,0,16,0,5089,0,9255.06,0,0,0,0
74.4,184,16,0,0,16,0,5228,0,9255.24,0,0,0,0
74.5,184,16,0,0,16,0,5422,0,9255.58,0,0,0,0
74.6,184,16,0,0,16,0,5599,0,9255.78,0,0,0,0
74.7,184,16,0,0,16,0,5699,0,9255.53,0,0,0,0
74.8,184,16,0,0,16,0,5830,0,9255.465,0,0,0,0
74.9,184,16,0,0,16,0,5941,0,9255.285,0,0,0,0
75,185,15,0,0,15,0,6065,0,9255.27,1,0,0,0
75.1,185,15,0,0,15,0,6102,0,9255.13,0,0,0,0
75.2,185,15,0,0,15,0,6156,0,9254.8,0,0,0,0
75.3,185,15,0,0,15,0,6179,0,9254.865,0,0,0,0
75.4,185,15,0,0,15,0,6219,0,9254.85,0,0,0,0
75.5,185,15,0,0,15,0,6196,0,9254.835,0,0,0,0
75.6,185,15,0,0,15,0,6167,0,9254.755,0,0,0,0
75.7,185,15,0,0,15,0,6059,0,9254.525,0,0,0,0
75.8,185,15,0,0,15,0,5954,0,9254.65,0,0,0,0
75.9,185,15,0,0,15,0,5815,0,9254.6,0,0,0,0
76,185,15,0,0,15,0,5655,0,9254.625,0,0,0,0
76.1,185,15,0,0,15,0,5529,0,9254.69,0,0,0,0
76.2,185,15,0,0,15,0,5354,0,9254.94,0,0,0,0
76.3,185,15,0,0,15,0,5171,0,9255.04,0,0,0,0
76.4,185,15,0,0,15,0,5037,0,9255.47,0,0,0,0
76.5,185,15,0,0,15,0,4840,0,9255.63,0,0,0,0
76.6,185,15,0,0,15,0,4657,0,9255.895,0,0,0,0
76.7,185,15,0,0,15,0,4462,0,9256.17,0,0,0,0
76.8,185,15,0,0,15,0,4318,0,9256.685,0,0,0,0
76.9,185,15,0,0,15,0,4177,0,9257.27,0,0,0,0
77,185,15,0,0,15,0,4040,0,9258.305,0,0,0,0
77.1,185,15,0,0,15,0,3943,0,9259.415,0,0,0,0
77.2,185,15,0,0,15,0,3800,0,9259.97,0,0,0,0
77.3,185,15,0,0,15,0,3690,0,9260.72,0,0,0,0
77.4,185,15,0,0,15,0,3575,0,9261.715,0,0,0,0
77.5,185,15,0,0,15,0,3420,0,9262.665,0,0,0,0
77.6,185,15,0,0,15,0,3339,0,9263.875,0,0,0,0
77.7,185,15,0,0,15,0,3283,0,9264.97,0,0,0,0
77.8,185,15,0,0,15,0,3184,0,9266.11,0,0,0,0
77.9,185,15,0,0,15,0,3157,0,9267.285,0,0,0,0
78,185,15,0,0,15,0,3095,0,9268.49,0,0,0,0
78.1,185,15,0,0,15,0,3041,0,9269.515,0,0,0,0
78.2,186,14,0,0,14,0,2985,0,9270.65,1,0,0,0
78.3,186,14,0,0,14,0,2961,0,9272.04,0,0,0,0
78.4,186,14,0,0,14,0,2879,0,9272.995,0,0,0,0
78.5,186,14,0,0,14,0,2811,0,9274.275,0,0,0,0
78.6,186,14,0,0,14,0,2800,0,9275.46,0,0,0,0
78.7,186,14,0,0,14,0,2789,0,9276.785,0,0,0,0
78.8,186,14,0,0,14,0,2783,0,9278.08,0,0,0,0
78.9,185,15,0,0,15,0,2778,0,9279.535,0,1,0,0
79,185,15,0,0,15,0,2712,0,9280.77,0,0,0,0
79.1,185,15,0,0,15,0,2738,0,9282.37,0,0,0,0
79.2,185,15,0,0,15,0,2766,0,9284.095,0,0,0,0
79.3,186,14,0,0,14,0,2757,0,9285.455,1,0,0,0
79.4,186,14,0,0,14,0,2765,0,9286.725,0,0,0,0
79.5,186,14,0,0,14,0,2776,0,9288.265,0,0,0,0
79.6,186,14,0,0,14,0,2779,0,9289.475,0,0,0,0
79.7,186,14,0,0,14,0,2772,0,9291.085,0,0,0,0
79.8,186,14,0,0,14,0,2805,0,9292.605,0,0,0,0
79.9,185,15,0,0,15,0,2797,0,9294.03,0,1,0,0
80,185,15,0,0,15,0,2830,0,9295.325,0,0,0,0
80.1,185,15,0,0,15,0,2772,0,9296.585,0,0,0,0
80.2,185,15,0,0,15,0,2775,0,9297.85,0,0,0,0
80.3,185,15,0,0,15,0,2795,0,9299.295,0,0,0,0
80.4,185,15,0,0,15,0,2817,0,9300.85,0,0,0,0
80.5,185,15,0,0,15,0,2821,0,9302.07,0,0,0,0
80.6,185,15,0,0,15,0,2835,0,9303.45,0,0,0,0
80.7,185,15,0,0,15,0,2872,0,9304.66,0,0,0,0
80.8,185,15,0,0,15,0,2885,0,9306.105,0,0,0,0
80.9,185,15,0,0,15,0,2911,0,9307.47,0,0,0,0
81,185,15,0,0,15,0,2967,0,9309.08,0,0,0,0
81.1,185,15,0,0,15,0,3004,0,9310.395,0,0,0,0
81.2,185,15,0,0,15,0,2989,0,9311.675,0,0,0,0
81.3,185,15,0,0,15,0,3010,0,9312.81,0,0,0,0
81.4,184,16,0,0,16,0,3035,0,9314.225,0,1,0,0
81.5,184,16,0,0,16,0,3065,0,9315.525,0,0,0,0
81.6,184,16,0,0,16,0,3114,0,9317.195,0,0,0,0
81.7,185,15,0,0,15,0,3116,0,9318.335,1,0,0,0
81.8,185,15,0,0,15,0,3150,0,9319.82,0,0,0,0
81.9,185,15,0,0,15,0,3170,0,9321.3,0,0,0,0
82,185,15,0,0,15,0,3192,0,9322.29,0,0,0,0
82.1,185,15,0,0,15,0,3236,0,9323.615,0,0,0,0
82.2,185,15,0,0,15,0,3252,0,9324.78,0,0,0,0
82.3,185,15,0,0,15,0,3293,0,9325.945,0,0,0,0
82.4,185,15,0,0,15,0,3309,0,9326.925,0,0,0,0
82.5,187,13,0,0,13,0,3393,0,9328.1,2,0,0,0
82.6,187,13,0,0,13,0,3412,0,9329.125,0,0,0,0
82.7,187,13,0,0,13,0,3447,0,9330.455,0,0,0,0
82.8,187,13,0,0,13,0,3491,0,9331.755,0,0,0,0
82.9,187,13,0,0,13,0,3540,0,9333.04,0,0,0,0
83,187,13,0,0,13,0,3591,0,9334.17,0,0,0,0
83.1,187,13,0,0,13,0,3621,0,9335.41,0,0,0,0
83.2,187,13,0,0,13,0,3614,0,9336.33,0,0,0,0
83.3,187,13,0,0,13,0,3693,0,9337.63,0,0,0,0
83.4,187,13,0,0,13,0,3705,0,9338.6,0,0,0,0
83.5,187,13,0,0,13,0,3776,0,9339.72,0,0,0,0
83.6,187,13,0,0,13,0,3804,0,9340.665,0,0,0,0
83.7,187,13,0,0,13,0,3908,0,9341.8,0,0,0,0
83.8,187,13,0,0,13,0,4014,0,9342.825,0,0,0,0
83.9,187,13,0,0,13,0,4124,0,9343.915,0,0,0,0
84,187,13,0,0,13,0,4243,0,9344.715,0,0,0,0
84.1,187,13,0,0,13,0,4345,0,9345.635,0,0,0,0
84.2,187,13,0,0,13,0,4547,0,9346.61,0,0,0,0
84.3,187,13,0,0,13,0,4688,0,9347.155,0,0,0,0
84.4,187,13,0,0,13,0,4840,0,9347.81,0,0,0,0
84.5,187,13,0,0,13,0,5041,0,9348.19,0,0,0,0
84.6,187,13,0,0,13,0,5259,0,9348.835,0,0,0,0
84.7,187,13,0,0,13,0,5490,0,9349.19,0,0,0,0
84.8,187,13,0,0,13,0,5797,0,9349.575,0,0,0,0
84.9,187,13,0,0,13,0,6190,0,9349.85,0,0,0,0
85,187,13,0,0,13,0,6514,0,9349.955,0,0,0,0
85.1,187,13,0,0,13,0,6873,0,9349.645,0,0,0,0
85.2,187,13,0,0,13,0,7272,0,9349.375,0,0,0,0
85.3,187,13,0,0,13,0,7715,0,9349.22,0,0,0,0
85.4,187,13,0,0,13,0,8134,0,9348.625,0,0,0,0
85.5,187,13,0,0,13,0,8462,0,9347.605,0,0,0,0
85.6,187,13,0,0,13,0,8780,0,9346.61,0,0,0,0
85.7,187,13,0,0,13,0,9071,0,9345.37,0,0,0,0
85.8,186,14,0,0,14,0,9184,0,9343.645,0,1,0,0
85.9,186,14,0,0,14,0,9386,0,9342.52,0,0,0,0
86,187,13,0,0,13,0,9526,0,9341.33,1,0,0,0
86.1,187,13,0,0,13,0,9614,0,9339.965,0,0,0,0
86.2,187,13,0,0,13,0,9658,0,9338.17,0,0,0,0
86.3,186,14,0,0,14,0,9665,0,9336.7,0,1,0,0
86.4,186,14,0,0,14,0,9616,0,9335.345,0,0,0,0
86.5,186,14,0,0,14,0,9527,0,9333.77,0,0,0,0
86.6,186,14,0,0,14,0,9317,0,9332.205,0,0,0,0
86.7,186,14,0,0,14,0,9176,0,9330.805,0,0,0,0
86.8,186,14,0,0,14,0,9095,0,9329.87,0,0,0,0
86.9,186,14,0,0,14,0,8793,0,9328.28,0,0,0,0
87,186,14,0,0,14,0,8529,0,9327.04,0,0,0,0
87.1,186,14,0,0,14,0,8259,0,9325.675,0,0,0,0
87.2,186,14,0,0,14,0,7951,0,9324.68,0,0,0,0
87.3,186,14,0,0,14,0,7655,0,9323.955,0,0,0,0
87.4,186,14,0,0,14,0,7355,0,9323.14,0,0,0,0
87.5,186,14,0,0,14,0,7085,0,9322.47,0,0,0,0
87.6,186,14,0,0,14,0,6843,0,9322.075,0,0,0,0
87.7,186,14,0,0,14,0,6558,0,9321.695,0,0,0,0
87.8,186,14,0,0,14,0,6307,0,9321.49,0,0,0,0
87.9,186,14,0,0,14,0,6058,0,9321.31,0,0,0,0
88,186,14,0,0,14,0,5815,0,9321.15,0,0,0,0
88.1,186,14,0,0,14,0,5640,0,9321.33,0,0,0,0
88.2,186,14,0,0,14,0,5489,0,9321.39,0,0,0,0
88.3,186,14,0,0,14,0,5316,0,9321.315,0,0,0,0
88.4,186,14,0,0,14,0,5171,0,9321.74,0,0,0,0
88.5,186,14,0,0,14,0,5038,0,9322.13,0,0,0,0
88.6,186,14,0,0,14,0,4955,0,9322.905,0,0,0,0
88.7,186,14,0,0,14,0,4882,0,9323.6,0,0,0,0
88.8,186,14,0,0,14,0,4831,0,9324.195,0,0,0,0
88.9,186,14,0,0,14,0,4743,0,9324.59,0,0,0,0
89,186,14,0,0,14,0,4730,0,9325.135,0,0,0,0
89.1,186,14,0,0,14,0,4737,0,9325.74,0,0,0,0
89.2,186,14,0,0,14,0,4706,0,9326.165,0,0,0,0
89.3,186,14,0,0,14,0,4750,0,9326.62,0,0,0,0
89.4,186,14,0,0,14,0,4845,0,9327.5,0,0,0,0
89.5,186,14,0,0,14,0,4965,0,9328.03,0,0,0,0
89.6,186,14,0,0,14,0,5097,0,9328.495,0,0,0,0
89.7,186,14,0,0,14,0,5262,0,9329.04,0,0,0,0
89.8,186,14,0,0,14,0,5450,0,9329.855,0,0,0,0
89.9,186,14,0,0,14,0,5608,0,9330.195,0,0,0,0
90,186,14,0,0,14,0,5818,0,9330.62,0,0,0,0
90.1,186,14,0,0,14,0,5980,0,9330.95,0,0,0,0
90.2,186,14,0,0,14,0,6153,0,9330.97,0,0,0,0
90.3,186,14,0,0,14,0,6288,0,9330.835,0,0,0,0
90.4,186,14,0,0,14,0,6452,0,9330.735,0,0,0,0
90.5,186,14,0,0,14,0,6616,0,9330.68,0,0,0,0
90.6,185,15,0,0,15,0,6736,0,9330.465,0,1,0,0
90.7,185,15,0,0,15,0,6779,0,9329.93,0,0,0,0
90.8,185,15,0,0,15,0,6871,0,9329.74,0,0,0,0
90.9,185,15,0,0,15,0,6949,0,9329.265,0,0,0,0
91,185,15,0,0,15,0,6990,0,9328.85,0,0,0,0
91.1,185,15,0,0,15,0,7044,0,9328.445,0,0,0,0
91.2,185,15,0,0,15,0,7176,0,9328.04,0,0,0,0
91.3,185,15,0,0,15,0,7207,0,9327.46,0,0,0,0
91.4,185,15,0,0,15,0,7309,0,9327.265,0,0,0,0
91.5,185,15,0,0,15,0,7336,0,9326.525,0,0,0,0
91.6,185,15,0,0,15,0,7362,0,9325.965,0,0,0,0
91.7,185,15,0,0,15,0,7391,0,9325.515,0,0,0,0
91.8,185,15,0,0,15,0,7348,0,9324.705,0,0,0,0
91.9,185,15,0,0,15,0,7393,0,9324.325,0,0,0,0
92,185,15,0,0,15,0,7289,0,9323.535,0,0,0,0
92.1,184,16,0,0,16,0,7215,0,9323,0,1,0,0
92.2,184,16,0,0,16,0,7121,0,9322.565,0,0,0,0
92.3,184,16,0,0,16,0,6999,0,9322.195,0,0,0,0
92.4,184,16,0,0,16,0,6878,0,9321.83,0,0,0,0
92.5,184,16,0,0,16,0,6729,0,9321.725,0,0,0,0
92.6,184,16,0,0,16,0,6550,0,9321.51,0,0,0,0
92.7,184,16,0,0,16,0,6383,0,9321.375,0,0,0,0
92.8,184,16,0,0,16,0,6232,0,9321.36,0,0,0,0
92.9,184,16,0,0,16,0,6104,0,9321.48,0,0,0,0
93,184,16,0,0,16,0,5949,0,9321.775,0,0,0,0
93.1,184,16,0,0,16,0,5831,0,9322.22,0,0,0,0
93.2,184,16,0,0,16,0,5656,0,9322.355,0,0,0,0
93.3,184,16,0,0,16,0,5536,0,9322.765,0,0,0,0
93.4,184,16,0,0,16,0,5351,0,9322.875,0,0,0,0
93.5,184,16,0,0,16,0,5202,0,9323.49,0,0,0,0
93.6,184,16,0,0,16,0,5098,0,9324.185,0,0,0,0
93.7,184,16,0,0,16,0,4941,0,9324.515,0,0,0,0
93.8,184,16,0,0,16,0,4810,0,9325.26,0,0,0,0
93.9,184,16,0,0,16,0,4691,0,9326.035,0,0,0,0
94,184,16,0,0,16,0,4630,0,9326.765,0,0,0,0
94.1,184,16,0,0,16,0,4592,0,9327.495,0,0,0,0
94.2,184,16,0,0,16,0,4546,0,9328.32,0,0,0,0
94.3,184,16,0,0,16,0,4559,0,9329.23,0,0,0,0
94.4,184,16,0,0,16,0,4616,0,9329.975,0,0,0,0
94.5,184,16,0,0,16,0,4660,0,9330.615,0,0,0,0
94.6,184,16,0,0,16,0,4769,0,9331.29,0,0,0,0
94.7,184,16,0,0,16,0,4914,0,9331.92,0,0,0,0
94.8,184,16,0,0,16,0,5087,0,9332.685,0,0,0,0
94.9,184,16,0,0,16,0,5224,0,9333.48,0,0,0,0
95,183,17,0,0,17,0,5358,0,9333.86,0,1,0,0
95.1,183,17,0,0,17,0,5520,0,9334.33,0,0,0,0
95.2,183,17,0,0,17,0,5746,0,9334.675,0,0,0,0
95.3,183,17,0,0,17,0,5920,0,9335.085,0,0,0,0
95.4,183,17,0,0,17,0,6107,0,9335.035,0,0,0,0
95.5,183,17,0,0,17,0,6338,0,9335.425,0,0,0,0
95.6,183,17,0,0,17,0,6531,0,9335.53,0,0,0,0
95.7,183,17,0,0,17,0,6668,0,9335.28,0,0,0,0
95.8,183,17,0,0,17,0,6833,0,9335.165,0,0,0,0
95.9,183,17,0,0,17,0,7004,0,9335.075,0,0,0,0
96,183,17,0,0,17,0,7121,0,9334.815,0,0,0,0
96.1,183,17,0,0,17,0,7288,0,9334.57,0,0,0,0
96.2,183,17,0,0,17,0,7392,0,9334.06,0,0,0,0
96.3,183,17,0,0,17,0,7537,0,9333.595,0,0,0,0
96.4,183,17,0,0,17,0,7630,0,9333.26,0,0,0,0
96.5,183,17,0,0,17,0,7730,0,9332.765,0,0,0,0
96.6,183,17,0,0,17,0,7841,0,9332.255,0,0,0,0
96.7,182,18,0,0,18,0,7979,0,9331.53,0,1,0,0
96.8,182,18,0,0,18,0,7990,0,9330.33,0,0,0,0
96.9,182,18,0,0,18,0,8067,0,9329.33,0,0,0,0
97,182,18,0,0,18,0,8087,0,9328.27,0,0,0,0
97.1,182,18,0,0,18,0,8155,0,9327.275,0,0,0,0
97.2,182,18,0,0,18,0,8213,0,9326.6,0,0,0,0
97.3,182,18,0,0,18,0,8237,0,9325.67,0,0,0,0
97.4,182,18,0,0,18,0,8327,0,9325.355,0,0,0,0
97.5,182,18,0,0,18,0,8287,0,9324.235,0,0,0,0
97.6,181,19,0,0,19,0,8256,0,9323.205,0,1,0,0
97.7,181,19,0,0,19,0,8123,0,9322.255,0,0,0,0
97.8,180,20,0,0,20,0,8023,0,9321.61,0,1,0,0
97.9,180,20,0,0,20,0,7931,0,9320.675,0,0,0,0
98,179,21,0,0,21,0,7767,0,9319.76,0,1,0,0
98.1,179,21,0,0,21,0,7621,0,9319.2,0,0,0,0
98.2,179,21,0,0,21,0,7412,0,9318.345,0,0,0,0
98.3,179,21,0,0,21,0,7327,0,9317.815,0,0,0,0
98.4,179,21,0,0,21,0,7244,0,9317.325,0,0,0,0
98.5,179,21,0,0,21,0,7161,0,9317.01,0,0,0,0
98.6,179,21,0,0,21,0,7057,0,9316.415,0,0,0,0
98.7,179,21,0,0,21,0,6940,0,9315.955,0,0,0,0
98.8,179,21,0,0,21,0,6854,0,9315.67,0,0,0,0
98.9,179,21,0,0,21,0,6754,0,9315.185,0,0,0,0
99,179,21,0,0,21,0,6715,0,9315.085,0,0,0,0
99.1,179,21,0,0,21,0,6638,0,9314.455,0,0,0,0
99.2,179,21,0,0,21,0,6595,0,9314.365,0,0,0,0
99.3,179,21,0,0,21,0,6559,0,9313.99,0,0,0,0
99.4,181,19,0,0,19,0,6543,0,9313.525,2,0,0,0
99.5,181,19,0,0,19,0,6634,0,9313.36,0,0,0,0
99.6,181,19,0,0,19,0,6721,0,9313.105,0,0,0,0
99.7,181,19,0,0,19,0,6853,0,9313.055,0,0,0,0
99.8,181,19,0,0,19,0,6995,0,9312.875,0,0,0,0
99.9,181,19,0,0,19,0,7116,0,9312.235,0,0,0,0
100,181,19,0,0,19,0,7244,0,9311.755,0,0,0,0
100.1,180,19,1,0,19,1,7525,11,9311.145,0,0,0,1
100.2,180,19,1,0,19,1,7794,14,9310.705,0,0,0,0
100.3,180,19,1,0,19,1,8105,18,9310.055,0,0,0,0
100.4,180,19,1,0,19,1,8412,21,9309.415,0,0,0,0
100.5,179,20,1,0,20,1,8774,22,9308.255,0,1,0,0
100.6,179,20,1,0,20,1,9201,33,9306.945,0,0,0,0
100.7,179,20,1,0,20,1,9668,39,9305.435,0,0,0,0
100.8,179,20,1,0,20,1,10172,44,9303.795,0,0,0,0
100.9,179,20,1,0,20,1,10684,51,9302.19,0,0,0,0
101,179,20,1,0,20,1,11331,59,9300.755,0,0,0,0
101.1,180,19,1,0,19,1,11835,66,9298.115,1,0,0,0
101.2,180,19,1,0,19,1,12451,79,9296.08,0,0,0,0
101.3,180,19,1,0,19,1,13105,91,9293.28,0,0,0,0
101.4,180,19,1,0,19,1,13782,106,9290.71,0,0,0,0
101.5,180,19,1,0,19,1,14432,123,9287.21,0,0,0,0
101.6,180,19,1,0,19,1,15032,141,9283.385,0,0,0,0
101.7,180,19,1,0,19,1,15705,158,9279.3,0,0,0,0
101.8,180,19,1,0,19,1,16175,172,9274.95,0,0,0,0
101.9,180,19,1,0,19,1,16660,202,9270.595,0,0,0,0
102,180,19,1,0,19,1,17152,235,9266.075,0,0,0,0
102.1,179,20,1,0,20,1,17620,273,9261.025,0,1,0,0
102.2,178,21,1,0,21,1,17861,293,9255.605,0,1,0,0
102.3,178,21,1,0,21,1,18143,335,9250.225,0,0,0,0
102.4,178,21,1,0,21,1,18301,371,9244.85,0,0,0,0
102.5,179,20,1,0,20,1,18339,426,9239.335,1,0,0,0
102.6,179,20,1,0,20,1,18290,480,9233.545,0,0,0,0
102.7,179,20,1,0,20,1,18113,561,9227.72,0,0,0,0
102.8,179,20,1,0,20,1,17894,644,9222.055,0,0,0,0
102.9,178,21,1,0,21,1,17537,707,9216.27,0,1,0,0
103,178,21,1,0,21,1,17219,810,9211.135,0,0,0,0
103.1,178,21,1,0,21,1,16815,927,9205.59,0,0,0,0
103.2,178,21,1,0,21,1,16345,1029,9200.33,0,0,0,0
103.3,178,21,1,0,21,1,15765,1173,9195.015,0,0,0,0
103.4,178,21,1,0,21,1,15258,1324,9190.31,0,0,0,0
103.5,178,21,1,0,21,1,14711,1461,9185.33,0,0,0,0
103.6,177,22,1,0,22,1,14164,1584,9180.605,0,1,0,0
103.7,177,22,1,0,22,1,13622,1704,9176.37,0,0,0,0
103.8,177,22,1,0,22,1,13037,1829,9171.935,0,0,0,0
103.9,177,22,1,0,22,1,12481,1981,9167.93,0,0,0,0
104,177,22,1,0,22,1,11962,2060,9164.135,0,0,0,0
104.1,177,22,1,0,22,1,11432,2185,9160.385,0,0,0,0
104.2,177,22,1,0,22,1,10890,2306,9156.9,0,0,0,0
104.3,177,22,1,0,22,1,10415,2437,9153.62,0,0,0,0
104.4,178,21,1,0,21,1,10028,2502,9150.435,1,0,0,0
104.5,178,21,1,0,21,1,9560,2593,9147.44,0,0,0,0
104.6,178,21,1,0,21,1,9167,2629,9144.45,0,0,0,0
104.7,178,21,1,0,21,1,8794,2672,9141.735,0,0,0,0
104.8,178,21,1,0,21,1,8426,2687,9139.205,0,0,0,0
104.9,178,21,1,0,21,1,8118,2689,9137.15,0,0,0,0
105,178,21,1,0,21,1,7840,2685,9134.955,0,0,0,0
105.1,178,21,1,0,21,1,7571,2649,9133.06,0,0,0,0
105.2,178,21,1,0,21,1,7371,2649,9131.485,0,0,0,0
105.3,178,21,1,0,21,1,7163,2632,9129.785,0,0,0,0
105.4,178,21,1,0,21,1,6961,2578,9127.785,0,0,0,0
105.5,178,21,1,0,21,1,6828,2481,9126.28,0,0,0,0
105.6,178,21,1,0,21,1,6674,2399,9124.49,0,0,0,0
105.7,178,21,1,0,21,1,6608,2341,9123.34,0,0,0,0
105.8,178,21,1,0,21,1,6508,2239,9121.965,0,0,0,0
105.9,178,21,1,0,21,1,6453,2191,9120.5,0,0,0,0
106,178,21,1,0,21,1,6369,2129,9119.74,0,0,0,0
106.1,178,21,1,0,21,1,6396,2000,9118.435,0,0,0,0
106.2,178,21,1,0,21,1,6443,1935,9117.52,0,0,0,0
106.3,178,21,1,0,21,1,6581,1841,9116.615,0,0,0,0
106.4,178,21,1,0,21,1,6759,1731,9115.465,0,0,0,0
106.5,178,21,1,0,21,1,6924,1665,9114.275,0,0,0,0
106.6,178,21,1,0,21,1,7182,1590,9113.24,0,0,0,0
106.7,178,21,1,0,21,1,7453,1504,9112.175,0,0,0,0
106.8,178,21,1,0,21,1,7739,1426,9110.865,0,0,0,0
106.9,178,21,1,0,21,1,8117,1339,9109.685,0,0,0,0
107,178,21,1,0,21,1,8477,1257,9108.105,0,0,0,0
107.1,178,21,1,0,21,1,8875,1179,9106.325,0,0,0,0
107.2,178,21,1,0,21,1,9304,1123,9104.79,0,0,0,0
107.3,178,21,1,0,21,1,9779,1068,9102.95,0,0,0,0
107.4,178,21,1,0,21,1,10228,994,9101.11,0,0,0,0
107.5,178,21,1,0,21,1,10624,959,9099.01,0,0,0,0
107.6,178,21,1,0,21,1,10992,888,9096.6,0,0,0,0
107.7,178,21,1,0,21,1,11342,834,9094.18,0,0,0,0
107.8,178,21,1,0,21,1,11649,790,9091.605,0,0,0,0
107.9,177,22,1,0,22,1,11937,742,9089.165,0,1,0,0
108,177,22,1,0,22,1,12238,694,9086.545,0,0,0,0
108.1,177,22,1,0,22,1,12354,647,9083.66,0,0,0,0
108.2,176,23,1,0,23,1,12427,620,9080.8,0,1,0,0
108.3,176,23,1,0,23,1,12522,581,9077.77,0,0,0,0
108.4,176,23,1,0,23,1,12490,558,9074.98,0,0,0,0
108.5,176,23,1,0,23,1,12435,529,9071.925,0,0,0,0
108.6,176,23,1,0,23,1,12330,490,9068.98,0,0,0,0
108.7,176,23,1,0,23,1,12181,453,9066.24,0,0,0,0
108.8,176,23,1,0,23,1,11980,427,9063.275,0,0,0,0
108.9,176,23,1,0,23,1,11733,407,9060.465,0,0,0,0
109,176,23,1,0,23,1,11483,384,9057.855,0,0,0,0
109.1,176,23,1,0,23,1,11289,360,9055.71,0,0,0,0
109.2,176,23,1,0,23,1,10980,343,9053.515,0,0,0,0
109.3,176,23,1,0,23,1,10636,330,9051.35,0,0,0,0
109.4,176,23,1,0,23,1,10271,318,9049.505,0,0,0,0
109.5,176,23,1,0,23,1,9932,298,9047.605,0,0,0,0
109.6,176,23,1,0,23,1,9505,285,9045.53,0,0,0,0
109.7,176,23,1,0,23,1,9134,265,9043.865,0,0,0,0
109.8,176,23,1,0,23,1,8762,249,9042.515,0,0,0,0
109.9,176,23,1,0,23,1,8379,233,9041.06,0,0,0,0
110,176,23,1,0,23,1,8045,211,9039.965,0,0,0,0
110.1,176,23,1,0,23,1,7755,207,9039.085,0,0,0,0
110.2,176,23,1,0,23,1,7445,197,9038.145,0,0,0,0
110.3,175,24,1,0,24,1,7161,183,9037.675,0,1,0,0
110.4,175,24,1,0,24,1,6976,168,9037.67,0,0,0,0
110.5,175,24,1,0,24,1,6734,157,9037.46,0,0,0,0
110.6,176,23,1,0,23,1,6563,147,9037.235,1,0,0,0
110.7,175,24,1,0,24,1,6366,142,9037.08,0,1,0,0
110.8,175,24,1,0,24,1,6206,139,9037,0,0,0,0
110.9,176,23,1,0,23,1,6152,132,9037.285,1,0,0,0
111,176,23,1,0,23,1,6067,126,9037.415,0,0,0,0
111.1,176,23,1,0,23,1,6122,120,9038.19,0,0,0,0
111.2,176,23,1,0,23,1,6138,114,9038.17,0,0,0,0
111.3,176,23,1,0,23,1,6238,112,9038.385,0,0,0,0
111.4,176,23,1,0,23,1,6418,102,9038.69,0,0,0,0
111.5,177,22,1,0,22,1,6568,99,9038.61,1,0,0,0
111.6,178,21,1,0,21,1,6780,95,9038.765,1,0,0,0
111.7,178,21,1,0,21,1,7075,89,9038.87,0,0,0,0
111.8,178,21,1,0,21,1,7343,81,9038.805,0,0,0,0
111.9,178,21,1,0,21,1,7651,76,9038.535,0,0,0,0
112,178,21,1,0,21,1,7987,66,9038.13,0,0,0,0
112.1,178,21,1,0,21,1,8221,62,9037.285,0,0,0,0
112.2,178,21,1,0,21,1,8592,59,9036.775,0,0,0,0
112.3,178,21,1,0,21,1,8886,55,9036.005,0,0,0,0
112.4,178,21,1,0,21,1,9094,54,9035.045,0,0,0,0
112.5,178,21,1,0,21,1,9316,50,9034.25,0,0,0,0
112.6,178,21,1,0,21,1,9468,55,9033.06,0,0,0,0
112.7,178,21,1,0,21,1,9611,57,9032.005,0,0,0,0
112.8,178,21,1,0,21,1,9682,54,9030.765,0,0,0,0
112.9,178,21,1,0,21,1,9772,46,9029.455,0,0,0,0
113,178,21,1,0,21,1,9702,45,9028.165,0,0,0,0
113.1,179,20,1,0,20,1,9542,49,9026.53,1,0,0,0
113.2,179,20,1,0,20,1,9345,47,9025.235,0,0,0,0
113.3,179,20,1,0,20,1,9202,44,9024.32,0,0,0,0
113.4,179,20,1,0,20,1,8981,36,9023.375,0,0,0,0
113.5,179,20,1,0,20,1,8771,34,9022.445,0,0,0,0
113.6,179,20,1,0,20,1,8477,34,9021.73,0,0,0,0
113.7,179,20,1,0,20,1,8210,26,9021.095,0,0,0,0
113.8,179,20,1,0,20,1,7961,23,9020.535,0,0,0,0
113.9,179,20,1,0,20,1,7660,24,9020.15,0,0,0,0
114,179,20,1,0,20,1,7330,22,9019.635,1,1,0,0
114.1,179,20,1,0,20,1,6974,23,9018.935,0,0,0,0
114.2,179,20,1,0,20,1,6723,23,9018.925,0,0,0,0
114.3,179,20,1,0,20,1,6482,25,9019.475,0,0,0,0
114.4,179,20,1,0,20,1,6248,20,9019.505,0,0,0,0
114.5,179,20,1,0,20,1,6018,21,9020,0,0,0,0
114.6,179,20,1,0,20,1,5777,19,9020.34,0,0,0,0
114.7,179,20,1,0,20,1,5563,19,9020.825,0,0,0,0
114.8,179,20,1,0,20,1,5344,22,9021.435,0,0,0,0
114.9,179,20,1,0,20,1,5091,18,9022.02,0,0,0,0
115,179,20,1,0,20,1,4899,18,9022.75,0,0,0,0
115.1,179,20,1,0,20,1,4696,18,9023.355,0,0,0,0
115.2,179,20,1,0,20,1,4539,18,9024.39,0,0,0,0
115.3,179,20,1,0,20,1,4360,19,9025.45,0,0,0,0
115.4,180,19,1,0,19,1,4214,22,9026.575,1,0,0,0
115.5,180,19,1,0,19,1,4081,21,9027.665,0,0,0,0
115.6,180,19,1,0,19,1,3915,22,9029.04,0,0,0,0
115.7,180,19,1,0,19,1,3795,22,9030.25,0,0,0,0
115.8,180,19,1,0,19,1,3705,23,9031.49,0,0,0,0
115.9,180,19,1,0,19,1,3566,23,9033.11,0,0,0,0
116,180,19,1,0,19,1,3448,25,9034.485,0,0,0,0
116.1,180,19,1,0,19,1,3364,25,9036.255,0,0,0,0
116.2,180,19,1,0,19,1,3296,26,9038.11,0,0,0,0
116.3,180,19,1,0,19,1,3243,25,9040.09,0,0,0,0
116.4,180,19,1,0,19,1,3161,27,9041.715,0,0,0,0
116.5,180,19,1,0,19,1,3091,24,9043.68,0,0,0,0
116.6,180,19,1,0,19,1,3025,22,9045.75,0,0,0,0
116.7,180,19,1,0,19,1,2964,21,9047.595,0,0,0,0
116.8,180,19,1,0,19,1,2899,20,9049.325,0,0,0,0
116.9,180,19,1,0,19,1,2853,19,9051.31,0,0,0,0
117,180,19,1,0,19,1,2825,18,9053.29,0,0,0,0
117.1,180,19,1,0,19,1,2789,14,9055.33,0,0,0,0
117.2,180,19,1,0,19,1,2776,13,9057.41,0,0,0,0
117.3,180,19,1,0,19,1,2751,12,9059.5,0,0,0,0
117.4,180,19,1,0,19,1,2745,11,9061.285,0,0,0,0
117.5,181,18,1,0,18,1,2691,11,9063.085,1,0,0,0
117.6,181,18,1,0,18,1,2687,14,9065.25,0,0,0,0
117.7,181,18,1,0,18,1,2725,12,9067.44,0,0,0,0
117.8,181,18,1,0,18,1,2712,15,9069.61,0,0,0,0
117.9,181,18,1,0,18,1,2734,15,9071.675,0,0,0,0
118,181,18,1,0,18,1,2781,13,9074.045,0,0,0,0
118.1,181,18,1,0,18,1,2807,13,9075.945,0,0,0,0
118.2,181,18,1,0,18,1,2791,16,9077.71,0,0,0,0
118.3,181,18,1,0,18,1,2848,16,9079.8,0,0,0,0
118.4,179,20,1,0,20,1,2948,15,9081.985,0,2,0,0
118.5,179,20,1,0,20,1,3026,17,9083.99,1,1,0,0
118.6,179,20,1,0,20,1,3137,16,9086.03,0,0,0,0
118.7,180,19,1,0,19,1,3224,16,9087.88,1,0,0,0
118.8,180,19,1,0,19,1,3340,13,9089.875,0,0,0,0
118.9,180,19,1,0,19,1,3466,12,9091.4,0,0,0,0
119,180,19,1,0,19,1,3630,11,9093.245,0,0,0,0
119.1,180,19,1,0,19,1,3809,12,9095.28,0,0,0,0
119.2,180,19,1,0,19,1,4001,12,9096.88,0,0,0,0
119.3,180,19,1,0,19,1,4207,12,9098.345,0,0,0,0
119.4,180,19,1,0,19,1,4440,12,9099.955,0,0,0,0
119.5,180,19,1,0,19,1,4690,12,9101.685,0,0,0,0
119.6,180,19,1,0,19,1,4899,12,9102.875,0,0,0,0
119.7,180,19,1,0,19,1,5123,10,9104.17,0,0,0,0
119.8,180,19,1,0,19,1,5304,8,9105.35,0,0,0,0
119.9,180,19,1,0,19,1,5451,9,9106.29,0,0,0,0
120,180,19,1,0,19,1,5592,10,9107.67,0,0,0,0
120.1,181,18,1,0,18,1,5768,10,9108.595,1,0,0,0
120.2,181,18,1,0,18,1,5867,8,9109.46,0,0,0,0
120.3,181,18,1,0,18,1,5942,7,9110.205,0,0,0,0
120.4,181,18,1,0,18,1,6041,7,9111.03,0,0,0,0
120.5,181,18,1,0,18,1,6112,9,9112.02,0,0,0,0
120.6,181,18,1,0,18,1,6123,8,9112.545,0,0,0,0
120.7,181,18,1,0,18,1,6098,8,9113.37,0,0,0,0
120.8,181,18,1,0,18,1,6039,9,9113.99,0,0,0,0
120.9,181,18,1,0,18,1,5944,9,9114.28,0,0,0,0
121,181,18,1,0,18,1,5902,11,9115.05,0,0,0,0
121.1,181,18,1,0,18,1,5889,10,9116.24,0,0,0,0
121.2,181,18,1,0,18,1,5860,11,9117.17,0,0,0,0
121.3,181,18,1,0,18,1,5811,12,9117.92,0,0,0,0
121.4,181,18,1,0,18,1,5775,12,9118.835,0,0,0,0
121.5,181,18,1,0,18,1,5742,14,9119.695,0,0,0,0
121.6,181,18,1,0,18,1,5736,14,9120.85,0,0,0,0
121.7,181,18,1,0,18,1,5779,13,9121.815,0,0,0,0
121.8,181,18,1,0,18,1,5766,12,9122.7,0,0,0,0
121.9,181,18,1,0,18,1,5854,15,9123.48,0,0,0,0
122,181,18,1,0,18,1,5962,13,9124.25,0,0,0,0
122.1,181,18,1,0,18,1,6080,12,9125.025,0,0,0,0
122.2,181,18,1,0,18,1,6198,11,9126.165,0,0,0,0
122.3,180,19,1,0,19,1,6346,9,9126.56,0,1,0,0
122.4,180,19,1,0,19,1,6491,9,9127.355,0,0,0,0
122.5,180,19,1,0,19,1,6757,9,9127.915,0,0,0,0
122.6,180,19,1,0,19,1,7035,10,9128.115,0,0,0,0
122.7,180,19,1,0,19,1,7319,9,9128.43,0,0,0,0
122.8,180,19,1,0,19,1,7669,9,9128.72,0,0,0,0
122.9,180,19,1,0,19,1,7984,9,9129.07,0,0,0,0
123,180,19,1,0,19,1,8353,10,9129.465,0,0,0,0
123.1,180,19,1,0,19,1,8674,9,9129.6,0,0,0,0
123.2,181,18,1,0,18,1,8933,9,9129.34,1,0,0,0
123.3,181,18,1,0,18,1,9203,9,9129.27,0,0,0,0
123.4,181,18,1,0,18,1,9424,9,9128.745,0,0,0,0
123.5,181,18,1,0,18,1,9642,8,9128.14,0,0,0,0
123.6,182,17,1,0,17,1,9786,11,9127.425,1,0,0,0
123.7,182,17,1,0,17,1,9878,12,9126.715,0,0,0,0
123.8,182,17,1,0,17,1,9932,14,9126.005,0,0,0,0
123.9,182,17,1,0,17,1,10012,12,9125.175,0,0,0,0
124,182,17,1,0,17,1,9928,12,9124.145,0,0,0,0
124.1,182,17,1,0,17,1,9765,12,9123.21,0,0,0,0
124.2,182,17,1,0,17,1,9592,14,9122.26,0,0,0,0
124.3,182,17,1,0,17,1,9478,15,9121.67,0,0,0,0
124.4,182,17,1,0,17,1,9284,16,9121.115,0,0,0,0
124.5,181,18,1,0,18,1,9126,16,9120.535,0,1,0,0
124.6,181,18,1,0,18,1,8859,19,9119.86,0,0,0,0
124.7,181,18,1,0,18,1,8626,17,9119.385,0,0,0,0
124.8,181,18,1,0,18,1,8418,18,9119.175,0,0,0,0
124.9,181,18,1,0,18,1,8176,19,9118.75,0,0,0,0
125,181,18,1,0,18,1,7988,20,9118.89,0,0,0,0
125.1,181,18,1,0,18,1,7762,23,9118.94,0,0,0,0
125.2,182,17,1,0,17,1,7515,26,9119.285,1,0,0,0
125.3,183,16,1,0,16,1,7304,26,9119.415,1,0,0,0
125.4,183,16,1,0,16,1,7107,26,9120.035,0,0,0,0
125.5,183,16,1,0,16,1,6831,29,9120.3,0,0,0,0
125.6,183,16,1,0,16,1,6682,23,9120.72,0,0,0,0
125.7,183,16,1,0,16,1,6524,26,9121.395,0,0,0,0
125.8,183,16,1,0,16,1,6378,33,9122.06,0,0,0,0
125.9,183,16,1,0,16,1,6190,37,9122.67,0,0,0,0
126,183,16,1,0,16,1,6026,40,9123.215,0,0,0,0
126.1,183,16,1,0,16,1,5836,39,9124.155,0,0,0,0
126.2,184,15,1,0,15,1,5681,40,9125.245,1,0,0,0
126.3,184,15,1,0,15,1,5534,45,9126.355,0,0,0,0
126.4,183,16,1,0,16,1,5370,43,9127.235,0,1,0,0
126.5,183,16,1,0,16,1,5253,45,9128.415,0,0,0,0
126.6,183,16,1,0,16,1,5094,49,9129.295,0,0,0,0
126.7,183,16,1,0,16,1,4966,57,9130.51,0,0,0,0
126.8,183,16,1,0,16,1,4914,58,9131.955,0,0,0,0
126.9,183,16,1,0,16,1,4765,61,9133.325,0,0,0,0
127,184,15,1,0,15,1,4716,61,9134.895,1,0,0,0
127.1,184,15,1,0,15,1,4651,60,9136.305,0,0,0,0
127.2,184,15,1,0,15,1,4568,65,9137.615,0,0,0,0
127.3,184,15,1,0,15,1,4511,67,9139.055,0,0,0,0
127.4,184,15,1,0,15,1,4453,70,9140.67,0,0,0,0
127.5,185,14,1,0,14,1,4384,79,9142.175,1,0,0,0
127.6,185,14,1,0,14,1,4326,84,9143.64,0,0,0,0
127.7,185,14,1,0,14,1,4264,94,9145.38,0,0,0,0
127.8,185,14,1,0,14,1,4222,96,9146.975,0,0,0,0
127.9,185,14,1,0,14,1,4222,97,9148.81,0,0,0,0
128,185,14,1,0,14,1,4184,104,9150.605,0,0,0,0
128.1,185,14,1,0,14,1,4105,115,9152.35,0,0,0,0
128.2,185,14,1,0,14,1,4097,122,9154.11,0,0,0,0
128.3,185,14,1,0,14,1,4088,126,9155.84,0,0,0,0
128.4,185,14,1,0,14,1,4071,135,9157.435,0,0,0,0
128.5,185,14,1,0,14,1,4044,130,9159.25,0,0,0,0
128.6,185,14,1,0,14,1,4068,130,9161.155,0,0,0,0
128.7,185,14,1,0,14,1,4078,133,9162.995,0,0,0,0
128.8,185,14,1,0,14,1,4033,138,9164.58,0,0,0,0
128.9,185,14,1,0,14,1,4048,138,9166.23,0,0,0,0
129,185,14,1,0,14,1,4037,149,9167.79,0,0,0,0
129.1,185,14,1,0,14,1,4042,151,9169.33,0,0,0,0
129.2,185,14,1,0,14,1,4040,155,9171.1,0,0,0,0
129.3,185,14,1,0,14,1,4017,160,9172.47,0,0,0,0
129.4,185,14,1,0,14,1,4049,172,9174.055,0,0,0,0
129.5,184,15,1,0,15,1,4051,179,9175.565,0,1,0,0
129.6,184,15,1,0,15,1,4002,201,9177.25,0,0,0,0
129.7,184,15,1,0,15,1,4020,214,9178.895,0,0,0,0
129.8,184,15,1,0,15,1,4006,224,9180.21,0,0,0,0
129.9,184,15,1,0,15,1,4041,230,9181.87,0,0,0,0
130,184,15,1,0,15,1,3973,246,9183.45,0,0,0,0
130.1,184,15,1,0,15,1,3986,251,9185.225,0,0,0,0
130.2,184,15,1,0,15,1,4014,263,9186.855,0,0,0,0
130.3,184,15,1,0,15,1,4064,277,9188.65,0,0,0,0
130.4,184,15,1,0,15,1,4081,312,9190.26,0,0,0,0
130.5,184,15,1,0,15,1,4099,327,9191.955,0,0,0,0
130.6,184,15,1,0,15,1,4063,351,9193.58,0,0,0,0
130.7,184,15,1,0,15,1,4032,371,9195.3,0,0,0,0
130.8,184,15,1,0,15,1,4022,392,9196.905,0,0,0,0
130.9,184,15,1,0,15,1,4015,397,9198.43,0,0,0,0
131,184,15,1,0,15,1,4032,397,9200.06,0,0,0,0
131.1,184,15,1,0,15,1,4013,415,9201.585,0,0,0,0
131.2,184,15,1,0,15,1,3994,450,9203.21,0,0,0,0
131.3,184,15,1,0,15,1,4028,454,9205.175,0,0,0,0
131.4,184,15,1,0,15,1,4042,458,9206.785,0,0,0,0
131.5,184,15,1,0,15,1,4030,491,9208.495,0,0,0,0
131.6,184,15,1,0,15,1,4053,490,9209.73,0,0,0,0
131.7,184,15,1,0,15,1,4117,515,9211.35,0,0,0,0
131.8,184,15,1,0,15,1,4115,524,9212.77,0,0,0,0
131.9,184,15,1,0,15,1,4153,558,9214.555,0,0,0,0
132,184,15,1,0,15,1,4208,568,9216.135,0,0,0,0
132.1,184,15,1,0,15,1,4157,593,9217.33,0,0,0,0
132.2,184,15,1,0,15,1,4169,606,9218.63,0,0,0,0
132.3,184,15,1,0,15,1,4183,634,9220.085,0,0,0,0
132.4,184,15,1,0,15,1,4190,646,9221.515,0,0,0,0
132.5,184,15,1,0,15,1,4195,675,9223.015,0,0,0,0
132.6,183,16,1,0,16,1,4245,707,9224.48,0,1,0,0
132.7,183,16,1,0,16,1,4190,723,9225.785,0,0,0,0
132.8,183,16,1,0,16,1,4224,732,9227.07,0,0,0,0
132.9,183,16,1,0,16,1,4262,718,9228.17,0,0,0,0
133,183,16,1,0,16,1,4306,740,9229.405,0,0,0,0
133.1,183,16,1,0,16,1,4382,738,9230.615,0,0,0,0
133.2,183,16,1,0,16,1,4480,744,9232.14,0,0,0,0
133.3,183,16,1,0,16,1,4557,766,9233.17,0,0,0,0
133.4,184,15,1,0,15,1,4699,780,9234.36,1,0,0,0
133.5,184,15,1,0,15,1,4822,774,9235.35,0,0,0,0
133.6,184,15,1,0,15,1,4930,803,9236.04,0,0,0,0
133.7,184,15,1,0,15,1,5041,796,9236.67,0,0,0,0
133.8,184,15,1,0,15,1,5189,824,9237.64,0,0,0,0
133.9,184,15,1,0,15,1,5345,812,9238.52,0,0,0,0
134,184,15,1,0,15,1,5537,818,9238.79,0,0,0,0
134.1,184,15,1,0,15,1,5743,815,9239.09,0,0,0,0
134.2,184,15,1,0,15,1,5879,838,9239.76,0,0,0,0
134.3,184,15,1,0,15,1,6092,835,9240.51,0,0,0,0
134.4,184,15,1,0,15,1,6259,847,9240.92,0,0,0,0
134.5,184,15,1,0,15,1,6457,845,9241.25,0,0,0,0
134.6,184,15,1,0,15,1,6559,843,9241.455,0,0,0,0
134.7,184,15,1,0,15,1,6641,844,9241.68,0,0,0,0
134.8,184,15,1,0,15,1,6766,838,9241.94,0,0,0,0
134.9,184,15,1,0,15,1,6813,846,9242.05,0,0,0,0
135,184,15,1,0,15,1,6841,868,9242.23,0,0,0,0
135.1,184,15,1,0,15,1,6818,859,9242.22,0,0,0,0
135.2,184,15,1,0,15,1,6748,857,9242.22,0,0,0,0
135.3,184,15,1,0,15,1,6617,867,9242.205,0,0,0,0
135.4,183,16,1,0,16,1,6516,866,9242.1,0,1,0,0
135.5,183,16,1,0,16,1,6311,850,9241.96,0,0,0,0
135.6,183,16,1,0,16,1,6213,868,9242.135,0,0,0,0
135.7,183,16,1,0,16,1,6112,849,9242.415,0,0,0,0
135.8,183,16,1,0,16,1,5989,846,9242.91,0,0,0,0
135.9,183,16,1,0,16,1,5815,815,9243.165,0,0,0,0
136,183,16,1,0,16,1,5663,799,9243.625,0,0,0,0
136.1,183,16,1,0,16,1,5573,783,9244.205,0,0,0,0
136.2,183,16,1,0,16,1,5479,769,9244.85,0,0,0,0
136.3,183,16,1,0,16,1,5390,740,9245.185,0,0,0,0
136.4,183,16,1,0,16,1,5313,721,9245.885,0,0,0,0
136.5,183,16,1,0,16,1,5267,708,9246.56,0,0,0,0
136.6,184,15,1,0,15,1,5146,688,9246.865,1,0,0,0
136.7,184,15,1,0,15,1,5108,668,9247.56,0,0,0,0
136.8,184,15,1,0,15,1,5092,664,9248.455,0,0,0,0
136.9,184,15,1,0,15,1,5091,664,9249.555,0,0,0,0
137,184,15,1,0,15,1,5069,641,9250.135,0,0,0,0
137.1,184,15,1,0,15,1,5146,625,9250.88,0,0,0,0
137.2,184,15,1,0,15,1,5242,618,9251.505,0,0,0,0
137.3,184,15,1,0,15,1,5360,596,9252.115,0,0,0,0
137.4,184,15,1,0,15,1,5520,575,9252.85,0,0,0,0
137.5,184,15,1,0,15,1,5674,576,9253.565,0,0,0,0
137.6,184,15,1,0,15,1,5824,565,9254.01,0,0,0,0
137.7,182,17,1,0,17,1,6001,575,9254.405,0,2,0,0
137.8,182,17,1,0,17,1,6135,556,9254.71,0,0,0,0
137.9,182,17,1,0,17,1,6294,545,9255.375,0,0,0,0
138,182,17,1,0,17,1,6462,549,9255.83,0,0,0,0
138.1,182,17,1,0,17,1,6662,529,9256.185,0,0,0,0
138.2,183,16,1,0,16,1,6843,512,9256.755,1,0,0,0
138.3,183,16,1,0,16,1,6960,484,9256.835,0,0,0,0
138.4,183,16,1,0,16,1,7083,460,9256.895,0,0,0,0
138.5,183,16,1,0,16,1,7138,438,9256.62,0,0,0,0
138.6,183,16,1,0,16,1,7137,424,9256.77,0,0,0,0
138.7,183,16,1,0,16,1,7103,416,9256.435,0,0,0,0
138.8,183,16,1,0,16,1,7114,400,9256.645,0,0,0,0
138.9,183,16,1,0,16,1,7133,395,9256.71,0,0,0,0
139,182,17,1,0,17,1,7065,385,9256.26,0,1,0,0
139.1,182,17,1,0,17,1,6996,376,9256.22,0,0,0,0
139.2,182,17,1,0,17,1,6975,365,9256.275,0,0,0,0
139.3,182,17,1,0,17,1,6898,362,9256.175,0,0,0,0
139.4,182,17,1,0,17,1,6857,345,9256.29,0,0,0,0
139.5,182,17,1,0,17,1,6820,334,9256.31,0,0,0,0
139.6,182,17,1,0,17,1,6763,329,9256.11,0,0,0,0
139.7,182,17,1,0,17,1,6742,326,9256.165,0,0,0,0
139.8,182,17,1,0,17,1,6754,324,9256.33,0,0,0,0
139.9,182,17,1,0,17,1,6811,321,9256.23,0,0,0,0
140,182,17,1,0,17,1,6829,316,9255.98,0,0,0,0
140.1,181,18,1,0,18,1,6892,296,9256.065,0,1,0,0
140.2,181,18,1,0,18,1,6996,278,9256.35,0,0,0,0
140.3,181,18,1,0,18,1,7037,276,9256.39,0,0,0,0
140.4,181,18,1,0,18,1,7120,277,9256.555,0,0,0,0
140.5,180,19,1,0,19,1,7137,275,9256.465,0,1,0,0
140.6,180,19,1,0,19,1,7178,269,9256.485,0,0,0,0
140.7,180,19,1,0,19,1,7219,268,9256.33,0,0,0,0
140.8,180,19,1,0,19,1,7215,266,9256.35,0,0,0,0
140.9,180,19,1,0,19,1,7145,263,9256.25,0,0,0,0
141,180,19,1,0,19,1,7108,263,9256.36,0,0,0,0
141.1,180,19,1,0,19,1,7002,247,9256.33,0,0,0,0
141.2,180,19,1,0,19,1,6863,250,9255.975,0,0,0,0
141.3,179,20,1,0,20,1,6823,243,9256.24,0,1,0,0
141.4,179,20,1,0,20,1,6739,235,9256.425,0,0,0,0
141.5,178,21,1,0,21,1,6645,225,9256.245,0,1,0,0
141.6,178,21,1,0,21,1,6613,214,9256.535,0,0,0,0
141.7,178,21,1,0,21,1,6577,203,9256.88,0,0,0,0
141.8,178,21,1,0,21,1,6501,198,9257.055,0,0,0,0
141.9,178,21,1,0,21,1,6491,188,9257.25,0,0,0,0
142,179,20,1,0,20,1,6544,173,9257.385,1,0,0,0
142.1,179,20,1,0,20,1,6628,171,9257.535,0,0,0,0
142.2,179,20,1,0,20,1,6685,170,9257.755,0,0,0,0
142.3,179,20,1,0,20,1,6832,177,9258.18,0,0,0,0
142.4,179,20,1,0,20,1,7064,174,9258.515,0,0,0,0
142.5,179,20,1,0,20,1,7270,163,9258.515,0,0,0,0
142.6,179,20,1,0,20,1,7654,163,9258.62,0,0,0,0
142.7,178,21,1,0,21,1,7992,160,9258.13,0,1,0,0
142.8,178,21,1,0,21,1,8470,163,9258.115,0,0,0,0
142.9,178,21,1,0,21,1,8966,166,9257.86,0,0,0,0
143,178,21,1,0,21,1,9496,156,9256.865,0,0,0,0
143.1,178,21,1,0,21,1,10003,158,9255.67,0,0,0,0
143.2,178,21,1,0,21,1,10618,163,9254.34,0,0,0,0
143.3,178,21,1,0,21,1,11260,156,9252.83,0,0,0,0
143.4,178,21,1,0,21,1,11867,146,9250.885,0,0,0,0
143.5,178,21,1,0,21,1,12519,143,9249.02,0,0,0,0
143.6,178,21,1,0,21,1,13020,135,9246.535,0,0,0,0
143.7,178,21,1,0,21,1,13488,139,9243.915,0,0,0,0
143.8,178,21,1,0,21,1,13927,139,9241.295,0,0,0,0
143.9,178,21,1,0,21,1,14333,137,9238.345,0,0,0,0
144,177,22,1,0,22,1,14663,130,9235.45,0,1,0,0
144.1,177,22,1,0,22,1,14886,119,9232.27,0,0,0,0
144.2,176,23,1,0,23,1,15106,114,9228.7,0,1,0,0
144.3,176,23,1,0,23,1,15303,122,9225.36,0,0,0,0
144.4,176,23,1,0,23,1,15395,118,9221.84,0,0,0,0
144.5,176,23,1,0,23,1,15407,108,9218.24,0,0,0,0
144.6,176,23,1,0,23,1,15464,111,9214.875,0,0,0,0
144.7,176,23,1,0,23,1,15484,109,9211.265,0,0,0,0
144.8,176,23,1,0,23,1,15530,109,9207.91,0,0,0,0
144.9,176,23,1,0,23,1,15529,108,9203.93,0,0,0,0
145,176,23,1,0,23,1,15568,111,9200.39,0,0,0,0
145.1,175,24,1,0,24,1,15674,115,9197.1,0,1,0,0
145.2,175,24,1,0,24,1,15742,119,9193.545,0,0,0,0
145.3,174,25,1,0,25,1,15785,109,9189.575,0,1,0,0
145.4,174,25,1,0,25,1,15720,103,9185.47,0,0,0,0
145.5,173,26,1,0,26,1,15878,103,9182.14,0,1,0,0
145.6,173,26,1,0,26,1,15950,97,9178.14,0,0,0,0
145.7,173,26,1,0,26,1,15961,94,9173.88,0,0,0,0
145.8,174,25,1,0,25,1,16128,101,9169.99,1,0,0,0
145.9,173,26,1,0,26,1,16190,96,9165.835,0,1,0,0
146,173,26,1,0,26,1,16310,100,9161.98,0,0,0,0
146.1,173,26,1,0,26,1,16410,96,9158.125,0,0,0,0
146.2,173,26,1,0,26,1,16476,99,9154.11,0,0,0,0
146.3,173,26,1,0,26,1,16589,100,9150.475,0,0,0,0
146.4,173,26,1,0,26,1,16504,98,9145.775,0,0,0,0
146.5,173,26,1,0,26,1,16437,99,9141.68,0,0,0,0
146.6,173,26,1,0,26,1,16470,101,9137.865,0,0,0,0
146.7,172,27,1,0,27,1,16389,101,9133.465,0,1,0,0
146.8,172,27,1,0,27,1,16305,102,9129.345,0,0,0,0
146.9,172,27,1,0,27,1,16289,101,9125.405,0,0,0,0
147,172,27,1,0,27,1,16245,102,9121.19,0,0,0,0
147.1,172,27,1,0,27,1,16109,100,9116.925,0,0,0,0
147.2,171,28,1,0,28,1,16019,103,9112.935,0,1,0,0
147.3,171,28,1,0,28,1,15977,105,9108.84,0,0,0,0
147.4,171,28,1,0,28,1,15871,100,9104.6,0,0,0,0
147.5,171,28,1,0,28,1,15904,103,9101.06,0,0,0,0
147.6,171,28,1,0,28,1,15871,102,9096.875,0,0,0,0
147.7,171,28,1,0,28,1,15863,95,9092.975,0,0,0,0
147.8,172,27,1,0,27,1,15945,92,9089.015,1,0,0,0
147.9,171,28,1,0,28,1,15972,88,9084.71,0,1,0,0
148,171,28,1,0,28,1,16035,94,9080.54,0,0,0,0
148.1,171,28,1,0,28,1,16066,96,9076.395,0,0,0,0
148.2,171,28,1,0,28,1,16302,94,9072.535,0,0,0,0
148.3,171,28,1,0,28,1,16469,93,9068.71,0,0,0,0
148.4,171,28,1,0,28,1,16643,91,9064.505,0,0,0,0
148.5,171,28,1,0,28,1,16771,95,9059.98,0,0,0,0
148.6,170,29,1,0,29,1,17000,100,9055.785,0,1,0,0
148.7,170,29,1,0,29,1,17098,99,9051.335,0,0,0,0
148.8,169,30,1,0,30,1,17374,92,9047.085,0,1,0,0
148.9,169,30,1,0,30,1,17457,96,9042.45,0,0,0,0
149,169,30,1,0,30,1,17604,96,9038.045,1,1,0,0
149.1,169,30,1,0,30,1,17713,87,9033.075,0,0,0,0
149.2,169,30,1,0,30,1,17777,90,9028.28,0,0,0,0
149.3,168,31,1,0,31,1,17851,85,9023.49,0,1,0,0
149.4,168,31,1,0,31,1,17792,84,9018.82,0,0,0,0
149.5,168,31,1,0,31,1,17839,89,9014.02,0,0,0,0
149.6,168,31,1,0,31,1,17813,96,9009.02,0,0,0,0
149.7,168,31,1,0,31,1,17798,96,9004.355,0,0,0,0
149.8,168,31,1,0,31,1,17783,94,8999.65,0,0,0,0
149.9,168,31,1,0,31,1,17819,94,8994.925,0,0,0,0
150,167,32,1,0,32,1,17711,101,8990,0,1,0,0
150.1,168,31,1,0,31,1,17703,101,8985.36,1,0,0,0
150.2,168,31,1,0,31,1,17721,96,8980.77,0,0,0,0
150.3,168,31,1,0,31,1,17766,96,8976.115,0,0,0,0
150.4,168,31,1,0,31,1,17867,99,8971.72,0,0,0,0
150.5,168,31,1,0,31,1,18007,103,8967.155,0,0,0,0
150.6,167,32,1,0,32,1,18171,106,8962.31,0,1,0,0
150.7,167,32,1,0,32,1,18269,111,8957.005,0,0,0,0
150.8,167,32,1,0,32,1,18408,116,8952.09,0,0,0,0
150.9,167,32,1,0,32,1,18613,121,8947.49,0,0,0,0
151,166,33,1,0,33,1,18881,122,8942.52,0,1,0,0
151.1,166,33,1,0,33,1,19060,127,8937.22,0,0,0,0
151.2,166,33,1,0,33,1,19077,137,8932.18,0,0,0,0
151.3,166,33,1,0,33,1,19058,141,8926.755,0,0,0,0
151.4,166,33,1,0,33,1,19071,146,8921.615,0,0,0,0
151.5,166,33,1,0,33,1,19046,150,8916.125,0,0,0,0
151.6,166,33,1,0,33,1,19013,157,8910.77,0,0,0,0
151.7,166,33,1,0,33,1,18848,162,8905.35,0,0,0,0
151.8,165,34,1,0,34,1,18815,157,8900.35,0,1,0,0
151.9,166,33,1,0,33,1,18640,159,8895.435,1,0,0,0
152,166,33,1,0,33,1,18427,164,8889.905,0,0,0,0
152.1,166,33,1,0,33,1,18275,164,8884.695,0,0,0,0
152.2,166,33,1,0,33,1,18133,174,8879.445,0,0,0,0
152.3,166,33,1,0,33,1,18081,177,8874.65,0,0,0,0
152.4,166,33,1,0,33,1,17946,176,8869.635,0,0,0,0
152.5,166,33,1,0,33,1,17822,182,8864.795,0,0,0,0
152.6,166,33,1,0,33,1,17777,189,8860.15,0,0,0,0
152.7,166,33,1,0,33,1,17766,191,8855.43,0,0,0,0
152.8,166,33,1,0,33,1,17808,200,8850.965,0,0,0,0
152.9,166,33,1,0,33,1,17769,214,8846.06,0,0,0,0
153,166,33,1,0,33,1,17845,235,8841.54,0,0,0,0
153.1,166,33,1,0,33,1,17825,228,8836.67,0,0,0,0
153.2,166,33,1,0,33,1,18012,237,8832.445,0,0,0,0
153.3,166,33,1,0,33,1,18196,245,8827.64,0,0,0,0
153.4,167,32,1,0,32,1,18384,248,8823.045,1,0,0,0
153.5,168,31,1,0,31,1,18569,240,8818.005,1,0,0,0
153.6,168,31,1,0,31,1,18788,249,8813.195,0,0,0,0
153.7,167,32,1,0,32,1,19085,260,8808.33,0,1,0,0
153.8,167,32,1,0,32,1,19244,263,8803.335,0,0,0,0
153.9,166,33,1,0,33,1,19322,271,8797.625,0,1,0,0
154,165,34,1,0,34,1,19553,280,8792.755,0,1,0,0
154.1,165,34,1,0,34,1,19678,288,8786.875,0,0,0,0
154.2,165,34,1,0,34,1,19745,306,8781.57,0,0,0,0
154.3,165,34,1,0,34,1,19857,313,8776.185,0,0,0,0
154.4,165,34,1,0,34,1,20026,326,8770.515,0,0,0,0
154.5,165,34,1,0,34,1,20118,340,8764.78,0,0,0,0
154.6,164,35,1,0,35,1,20178,352,8758.9,0,1,0,0
154.7,164,35,1,0,35,1,20323,352,8753.135,0,0,0,0
154.8,163,36,1,0,36,1,20415,366,8747.095,0,1,0,0
154.9,163,36,1,0,36,1,20451,359,8741.35,0,0,0,0
155,164,35,1,0,35,1,20557,367,8735.395,1,0,0,0
155.1,164,35,1,0,35,1,20592,373,8729.28,0,0,0,0
155.2,163,36,1,0,36,1,20697,368,8723.895,0,1,0,0
155.3,163,36,1,0,36,1,20682,384,8717.715,0,0,0,0
155.4,162,37,1,0,37,1,20800,398,8711.57,0,1,0,0
155.5,162,37,1,0,37,1,20880,410,8705.575,0,0,0,0
155.6,162,37,1,0,37,1,21012,425,8699.985,0,0,0,0
155.7,162,37,1,0,37,1,20976,434,8693.89,0,0,0,0
155.8,162,37,1,0,37,1,21038,434,8688.08,0,0,0,0
155.9,162,37,1,0,37,1,20953,446,8682.135,0,0,0,0
156,161,38,1,0,38,1,20870,457,8676.01,0,1,0,0
156.1,161,38,1,0,38,1,20803,468,8670.345,0,0,0,0
156.2,161,38,1,0,38,1,20759,477,8664.605,0,0,0,0
156.3,161,38,1,0,38,1,20664,476,8658.85,0,0,0,0
156.4,160,39,1,0,39,1,20532,489,8653.165,0,1,0,0
156.5,160,39,1,0,39,1,20357,491,8647.18,0,0,0,0
156.6,160,39,1,0,39,1,20159,496,8641.18,0,0,0,0
156.7,160,39,1,0,39,1,19862,501,8635.215,0,0,0,0
156.8,159,40,1,0,40,1,19619,515,8629.695,0,1,0,0
156.9,160,39,1,0,39,1,19315,525,8624.045,1,0,0,0
157,160,39,1,0,39,1,19037,526,8619.05,0,0,0,0
157.1,160,39,1,0,39,1,18719,530,8613.835,0,0,0,0
157.2,161,38,1,0,38,1,18393,528,8609.05,1,0,0,0
157.3,161,38,1,0,38,1,18130,531,8604.195,0,0,0,0
157.4,161,38,1,0,38,1,17931,542,8599.75,0,0,0,0
157.5,161,38,1,0,38,1,17620,547,8595.165,0,0,0,0
157.6,161,38,1,0,38,1,17490,555,8590.665,0,0,0,0
157.7,161,38,1,0,38,1,17341,565,8586.515,0,0,0,0
157.8,162,37,1,0,37,1,17313,550,8582.78,1,0,0,0
157.9,162,37,1,0,37,1,17170,541,8578.3,0,0,0,0
158,162,37,1,0,37,1,17246,554,8574.495,0,0,0,0
158.1,162,37,1,0,37,1,17350,553,8570.37,0,0,0,0
158.2,163,36,1,0,36,1,17506,548,8566.375,1,0,0,0
158.3,163,36,1,0,36,1,17829,559,8562.64,0,0,0,0
158.4,163,36,1,0,36,1,18066,585,8557.98,0,0,0,0
158.5,163,36,1,0,36,1,18404,575,8553.525,0,0,0,0
158.6,163,36,1,0,36,1,18733,575,8548.635,0,0,0,0
158.7,162,37,1,0,37,1,19006,576,8544.05,0,1,0,0
158.8,161,38,1,0,38,1,19374,574,8539.32,0,1,0,0
158.9,162,37,1,0,37,1,19673,559,8534.34,1,0,0,0
159,162,37,1,0,37,1,19933,545,8528.835,0,0,0,0
159.1,162,37,1,0,37,1,20284,535,8523.66,0,0,0,0
159.2,161,38,1,0,38,1,20605,543,8518.205,0,1,0,0
159.3,160,39,1,0,39,1,20692,541,8512.09,0,1,0,0
159.4,161,38,1,0,38,1,20869,540,8506.875,1,0,0,0
159.5,160,38,2,0,38,2,21108,525,8501.165,0,0,0,1
159.6,161,37,2,0,37,2,21217,518,8495.68,1,0,0,0
159.7,160,38,2,0,38,2,21262,533,8489.775,0,1,0,0
159.8,160,38,2,0,38,2,21237,525,8483.675,0,0,0,0
159.9,160,38,2,0,38,2,21002,522,8477.815,0,0,0,0
160,160,38,2,0,38,2,20839,511,8472.135,0,0,0,0
160.1,161,37,2,0,37,2,20595,497,8466.67,1,0,0,0
160.2,161,37,2,0,37,2,20281,507,8461.64,0,0,0,0
160.3,161,37,2,0,37,2,19876,499,8455.82,0,0,0,0
160.4,161,37,2,0,37,2,19480,515,8450.23,0,0,0,0
160.5,162,36,2,0,36,2,19135,514,8445.47,1,0,0,0
160.6,161,37,2,0,37,2,18711,510,8440.895,0,1,0,0
160.7,161,37,2,0,37,2,18315,506,8436.515,0,0,0,0
160.8,161,37,2,0,37,2,17908,504,8432.245,0,0,0,0
160.9,161,37,2,0,37,2,17487,503,8427.97,0,0,0,0
161,161,37,2,0,37,2,17291,512,8424.265,0,0,0,0
161.1,162,36,2,0,36,2,17035,501,8420.335,1,0,0,0
161.2,162,36,2,0,36,2,16804,495,8416.71,0,0,0,0
161.3,162,36,2,0,36,2,16492,498,8412.84,0,0,0,0
161.4,162,36,2,0,36,2,16310,509,8409.175,0,0,0,0
161.5,162,36,2,0,36,2,16389,513,8406.045,0,0,0,0
161.6,161,37,2,0,37,2,16404,525,8402.44,0,1,0,0
161.7,161,37,2,0,37,2,16508,532,8399.65,0,0,0,0
161.8,161,37,2,0,37,2,16608,553,8396.295,0,0,0,0
161.9,161,37,2,0,37,2,16781,559,8393.005,0,0,0,0
162,161,37,2,0,37,2,16926,573,8389.785,0,0,0,0
162.1,161,37,2,0,37,2,17071,575,8386.18,0,0,0,0
162.2,161,37,2,0,37,2,17195,579,8382.32,0,0,0,0
162.3,161,37,2,0,37,2,17382,618,8378.79,0,0,0,0
162.4,162,36,2,0,36,2,17475,623,8375.08,1,0,0,0
162.5,162,36,2,0,36,2,17727,630,8371.75,0,0,0,0
162.6,162,36,2,0,36,2,17857,676,8368.165,0,0,0,0
162.7,163,35,2,0,35,2,17943,714,8364.305,1,0,0,0
162.8,163,35,2,0,35,2,18167,768,8361.09,0,0,0,0
162.9,163,35,2,0,35,2,18283,813,8357.4,0,0,0,0
163,163,35,2,0,35,2,18430,875,8353.28,0,0,0,0
163.1,163,35,2,0,35,2,18524,945,8349.25,0,0,0,0
163.2,163,35,2,0,35,2,18633,1039,8345.17,0,0,0,0
163.3,163,35,2,0,35,2,18734,1115,8340.695,0,0,0,0
163.4,163,35,1,1,36,2,18847,1182,8336.375,0,1,0,0
163.5,163,35,1,1,36,2,18907,1274,8331.915,0,0,0,0
163.6,163,35,1,1,36,2,19014,1357,8327.44,0,0,0,0
163.7,163,35,1,1,36,2,19309,1469,8323.51,0,0,0,0
163.8,163,35,1,1,36,2,19333,1595,8319.2,0,0,0,0
163.9,163,35,1,1,36,2,19464,1712,8315.17,0,0,0,0
164,163,35,2,0,35,2,19427,1815,8310.305,1,0,0,0
164.1,163,35,2,0,35,2,19407,1969,8305.595,0,0,0,0
164.2,163,35,2,0,35,2,19410,2133,8301.32,0,0,0,0
164.3,163,35,2,0,35,2,19250,2280,8296.3,0,0,0,0
164.4,163,35,2,0,35,2,19109,2373,8291.56,0,0,0,0
164.5,164,34,2,0,34,2,18784,2474,8286.34,1,0,0,0
164.6,164,34,2,0,34,2,18394,2571,8281.085,0,0,0,0
164.7,165,33,2,0,33,2,18067,2657,8276.63,1,0,0,0
164.8,165,33,2,0,33,2,17713,2758,8272.08,0,0,0,0
164.9,165,33,2,0,33,2,17240,2880,8267.36,1,1,0,0
165,164,34,2,0,34,2,16784,2939,8262.92,0,1,0,0
165.1,164,34,2,0,34,2,16355,3015,8258.51,0,0,0,0
165.2,164,34,2,0,34,2,15918,3044,8254.64,0,0,0,0
165.3,164,34,2,0,34,2,15533,3077,8250.8,0,0,0,0
165.4,164,34,2,0,34,2,15174,3089,8247.215,0,0,0,0
165.5,164,34,2,0,34,2,14818,3077,8243.905,0,0,0,0
165.6,164,34,2,0,34,2,14389,3071,8240.71,0,0,0,0
165.7,164,34,2,0,34,2,14033,3033,8237.7,0,0,0,0
165.8,164,34,2,0,34,2,13670,2960,8234.98,0,0,0,0
165.9,163,35,2,0,35,2,13414,2881,8232.405,0,1,0,0
166,163,35,2,0,35,2,13039,2791,8230.54,0,0,0,0
166.1,164,34,2,0,34,2,12700,2730,8228.885,1,0,0,0
166.2,164,34,2,0,34,2,12307,2660,8227.45,0,0,0,0
166.3,164,34,2,0,34,2,12067,2596,8226.11,0,0,0,0
166.4,164,34,2,0,34,2,11684,2504,8224.5,0,0,0,0
166.5,163,35,2,0,35,2,11329,2407,8223.2,0,1,0,0
166.6,163,35,2,0,35,2,10894,2322,8222.03,0,0,0,0
166.7,163,35,2,0,35,2,10480,2204,8220.73,0,0,0,0
166.8,163,35,2,0,35,2,10084,2094,8220.17,0,0,0,0
166.9,163,35,2,0,35,2,9770,1973,8220.055,0,0,0,0
167,163,35,2,0,35,2,9371,1888,8219.885,0,0,0,0
167.1,163,35,2,0,35,2,9004,1826,8220,0,0,0,0
167.2,163,35,2,0,35,2,8735,1737,8220.17,0,0,0,0
167.3,163,35,2,0,35,2,8447,1655,8220.72,0,0,0,0
167.4,163,35,2,0,35,2,8239,1568,8221.49,0,0,0,0
167.5,163,35,2,0,35,2,7992,1500,8222.5,0,0,0,0
167.6,163,35,2,0,35,2,7814,1419,8223.51,0,0,0,0
167.7,163,35,2,0,35,2,7608,1330,8224.585,0,0,0,0
167.8,163,35,2,0,35,2,7493,1241,8225.79,0,0,0,0
167.9,163,35,2,0,35,2,7311,1186,8226.88,0,0,0,0
168,164,34,2,0,34,2,7296,1100,8228.255,1,0,0,0
168.1,164,34,2,0,34,2,7231,1040,8229.695,0,0,0,0
168.2,164,34,2,0,34,2,7226,976,8231.125,0,0,0,0
168.3,164,34,2,0,34,2,7355,923,8233.105,0,0,0,0
168.4,165,33,2,0,33,2,7491,884,8235.045,1,0,0,0
168.5,165,33,2,0,33,2,7613,857,8236.82,0,0,0,0
168.6,165,33,2,0,33,2,7836,827,8238.425,0,0,0,0
168.7,165,33,2,0,33,2,8029,795,8240.205,0,0,0,0
168.8,167,31,2,0,31,2,8383,773,8241.58,2,0,0,0
168.9,167,31,2,0,31,2,8741,738,8242.97,0,0,0,0
169,167,31,2,0,31,2,9180,693,8244.46,0,0,0,0
169.1,167,31,2,0,31,2,9601,658,8245.475,0,0,0,0
169.2,167,31,2,0,31,2,10031,637,8246.515,0,0,0,0
169.3,167,31,2,0,31,2,10462,609,8247.28,0,0,0,0
169.4,167,31,2,0,31,2,10960,578,8247.96,0,0,0,0
169.5,168,30,2,0,30,2,11388,550,8248.32,1,0,0,0
169.6,168,30,2,0,30,2,11879,529,8248.31,0,0,0,0
169.7,168,30,2,0,30,2,12314,504,8248.96,0,0,0,0
169.8,168,30,2,0,30,2,12635,481,8249.07,0,0,0,0
169.9,167,31,2,0,31,2,13007,459,8248.845,0,1,0,0
170,167,31,2,0,31,2,13340,444,8248.96,0,0,0,0
170.1,167,31,2,0,31,2,13587,426,8248.785,0,0,0,0
170.2,167,31,2,0,31,2,13742,406,8248.45,0,0,0,0
170.3,167,31,2,0,31,2,13888,383,8248.17,0,0,0,0
170.4,167,31,2,0,31,2,13903,362,8247.51,0,0,0,0
170.5,168,30,2,0,30,2,13901,356,8247.315,1,0,0,0
170.6,168,30,2,0,30,2,13840,336,8246.4,0,0,0,0
170.7,168,30,2,0,30,2,13726,329,8245.87,0,0,0,0
170.8,168,30,2,0,30,2,13536,311,8245.71,0,0,0,0
170.9,168,30,2,0,30,2,13246,313,8245.215,0,0,0,0
171,168,30,2,0,30,2,12900,313,8245.135,0,0,0,0
171.1,168,30,2,0,30,2,12523,302,8244.96,0,0,0,0
171.2,169,29,2,0,29,2,12174,301,8244.97,1,0,0,0
171.3,169,29,2,0,29,2,11717,294,8245.095,0,0,0,0
171.4,169,29,2,0,29,2,11312,287,8246.225,0,0,0,0
171.5,169,29,2,0,29,2,10947,276,8247.045,0,0,0,0
171.6,169,29,2,0,29,2,10534,266,8247.665,0,0,0,0
171.7,169,29,2,0,29,2,10098,247,8248.385,0,0,0,0
171.8,169,29,2,0,29,2,9736,246,8249.5,0,0,0,0
171.9,170,28,2,0,28,2,9368,247,8250.73,1,0,0,0
172,171,27,2,0,27,2,9057,243,8252.03,1,0,0,0
172.1,171,27,2,0,27,2,8750,244,8253.88,0,0,0,0
172.2,170,28,2,0,28,2,8441,234,8255.71,0,1,0,0
172.3,170,28,2,0,28,2,8131,232,8257.63,0,0,0,0
172.4,170,28,2,0,28,2,7922,224,8259.965,0,0,0,0
172.5,171,27,2,0,27,2,7677,214,8262.38,1,0,0,0
172.6,171,27,2,0,27,2,7423,209,8264.595,0,0,0,0
172.7,171,27,2,0,27,2,7212,193,8266.78,0,0,0,0
172.8,171,27,2,0,27,2,7014,189,8269.205,0,0,0,0
172.9,171,27,2,0,27,2,6815,189,8271.845,0,0,0,0
173,171,27,2,0,27,2,6689,190,8274.815,0,0,0,0
173.1,171,27,2,0,27,2,6637,194,8277.85,0,0,0,0
173.2,171,27,2,0,27,2,6597,188,8280.83,0,0,0,0
173.3,171,27,2,0,27,2,6611,190,8283.865,0,0,0,0
173.4,171,27,2,0,27,2,6601,188,8286.65,0,0,0,0
173.5,171,27,2,0,27,2,6646,184,8289.475,0,0,0,0
173.6,172,26,2,0,26,2,6710,187,8292.415,1,0,0,0
173.7,172,26,2,0,26,2,6789,193,8295.545,0,0,0,0
173.8,172,26,2,0,26,2,6853,195,8298.66,0,0,0,0
173.9,172,26,2,0,26,2,6998,203,8301.88,0,0,0,0
174,172,26,2,0,26,2,7069,200,8304.63,0,0,0,0
174.1,172,26,2,0,26,2,7250,196,8307.585,0,0,0,0
174.2,172,26,2,0,26,2,7385,196,8310.435,0,0,0,0
174.3,172,26,2,0,26,2,7508,206,8313.055,0,0,0,0
174.4,171,27,2,0,27,2,7681,207,8316.04,0,1,0,0
174.5,171,27,2,0,27,2,7786,201,8318.44,0,0,0,0
174.6,171,27,2,0,27,2,7895,207,8321.37,0,0,0,0
174.7,171,27,2,0,27,2,7963,215,8323.75,0,0,0,0
174.8,171,27,2,0,27,2,8013,224,8326.455,0,0,0,0
174.9,171,27,2,0,27,2,7992,234,8329.215,0,0,0,0
175,171,27,2,0,27,2,7944,236,8332.095,0,0,0,0
175.1,171,27,2,0,27,2,7925,235,8335.055,0,0,0,0
175.2,171,27,2,0,27,2,7849,231,8337.345,0,0,0,0
175.3,171,27,2,0,27,2,7765,240,8339.97,0,0,0,0
175.4,171,27,2,0,27,2,7655,241,8342.525,0,0,0,0
175.5,171,27,2,0,27,2,7562,240,8345.475,0,0,0,0
175.6,172,26,2,0,26,2,7478,248,8348.565,1,0,0,0
175.7,172,26,2,0,26,2,7271,261,8351.045,0,0,0,0
175.8,172,26,2,0,26,2,7162,261,8354.245,0,0,0,0
175.9,172,26,2,0,26,2,7058,274,8357.165,0,0,0,0
176,172,26,2,0,26,2,6907,273,8360.085,0,0,0,0
176.1,172,26,2,0,26,2,6736,279,8363.225,0,0,0,0
176.2,172,26,2,0,26,2,6609,288,8366.165,0,0,0,0
176.3,173,25,2,0,25,2,6477,297,8369.48,1,0,0,0
176.4,173,25,2,0,25,2,6333,312,8372.825,0,0,0,0
176.5,173,25,2,0,25,2,6188,324,8376.24,1,1,0,0
176.6,173,25,2,0,25,2,6059,319,8379.895,0,0,0,0
176.7,172,26,2,0,26,2,5989,318,8383.495,0,1,0,0
176.8,172,26,2,0,26,2,5815,326,8386.74,0,0,0,0
176.9,172,26,2,0,26,2,5749,325,8390.415,0,0,0,0
177,173,25,2,0,25,2,5650,338,8393.67,1,0,0,0
177.1,173,25,2,0,25,2,5594,332,8397.53,0,0,0,0
177.2,173,25,2,0,25,2,5527,337,8401.485,0,0,0,0
177.3,174,24,2,0,24,2,5450,346,8405.11,1,0,0,0
177.4,173,25,2,0,25,2,5406,354,8408.905,0,1,0,0
177.5,174,24,2,0,24,2,5335,361,8412.9,1,0,0,0
177.6,174,24,2,0,24,2,5279,356,8416.535,0,0,0,0
177.7,174,24,2,0,24,2,5266,361,8420.455,0,0,0,0
177.8,175,23,2,0,23,2,5219,368,8424.2,1,0,0,0
177.9,175,23,2,0,23,2,5231,366,8428.095,0,0,0,0
178,175,23,2,0,23,2,5226,381,8432.05,0,0,0,0
178.1,175,23,2,0,23,2,5241,386,8435.98,0,0,0,0
178.2,175,23,2,0,23,2,5266,396,8439.885,0,0,0,0
178.3,175,23,2,0,23,2,5355,411,8444.09,0,0,0,0
178.4,175,23,2,0,23,2,5496,415,8448.44,0,0,0,0
178.5,176,22,2,0,22,2,5582,423,8452.36,1,0,0,0
178.6,176,22,2,0,22,2,5678,422,8455.94,0,0,0,0
178.7,175,23,2,0,23,2,5859,411,8460.005,0,1,0,0
178.8,176,22,2,0,22,2,6027,411,8463.42,1,0,0,0
178.9,176,22,2,0,22,2,6162,416,8466.9,0,0,0,0
179,176,22,2,0,22,2,6334,411,8470.38,0,0,0,0
179.1,176,22,2,0,22,2,6530,416,8473.56,0,0,0,0
179.2,176,22,2,0,22,2,6712,421,8476.755,0,0,0,0
179.3,176,22,2,0,22,2,6912,416,8480.16,1,1,0,0
179.4,176,22,2,0,22,2,7040,419,8483.4,0,0,0,0
179.5,176,22,2,0,22,2,7149,413,8486.545,0,0,0,0
179.6,176,22,2,0,22,2,7257,402,8489.94,0,0,0,0
179.7,175,23,2,0,23,2,7361,400,8493.19,0,1,0,0
179.8,177,21,2,0,21,2,7452,399,8496.6,2,0,0,0
179.9,177,21,2,0,21,2,7546,396,8499.435,0,0,0,0
180,178,20,2,0,20,2,7586,398,8502.025,1,0,0,0
180.1,178,20,2,0,20,2,7593,396,8504.98,0,0,0,0
180.2,178,20,2,0,20,2,7671,393,8508.245,0,0,0,0
180.3,178,20,2,0,20,2,7679,399,8511.02,0,0,0,0
180.4,178,20,2,0,20,2,7718,390,8514.09,0,0,0,0
180.5,178,20,2,0,20,2,7656,389,8516.635,0,0,0,0
180.6,178,20,2,0,20,2,7650,387,8519.53,0,0,0,0
180.7,178,20,2,0,20,2,7739,387,8522.435,0,0,0,0
180.8,178,20,2,0,20,2,7832,378,8525.33,0,0,0,0
180.9,178,20,2,0,20,2,7891,386,8527.98,0,0,0,0
181,178,20,2,0,20,2,7975,387,8530.76,0,0,0,0
181.1,178,20,2,0,20,2,8113,387,8533.525,0,0,0,0
181.2,178,20,2,0,20,2,8250,393,8536.44,0,0,0,0
181.3,178,20,2,0,20,2,8410,391,8538.805,0,0,0,0
181.4,178,20,2,0,20,2,8632,386,8541.68,0,0,0,0
181.5,178,20,2,0,20,2,8861,393,8544.425,0,0,0,0
181.6,179,19,2,0,19,2,9141,385,8546.74,1,0,0,0
181.7,179,19,2,0,19,2,9315,379,8548.775,0,0,0,0
181.8,179,19,2,0,19,2,9541,384,8551,0,0,0,0
181.9,179,19,2,0,19,2,9715,378,8553.28,0,0,0,0
182,179,19,2,0,19,2,9856,381,8555.465,0,0,0,0
182.1,179,19,2,0,19,2,10025,378,8557.385,0,0,0,0
182.2,180,18,2,0,18,2,10166,369,8559.315,1,0,0,0
182.3,180,18,2,0,18,2,10298,373,8561.4,0,0,0,0
182.4,179,19,2,0,19,2,10303,386,8563.38,0,1,0,0
182.5,179,19,2,0,19,2,10346,385,8565.03,0,0,0,0
182.6,178,20,2,0,20,2,10332,374,8566.895,0,1,0,0
182.7,177,21,2,0,21,2,10212,369,8568.555,0,1,0,0
182.8,177,21,2,0,21,2,10050,360,8570.455,0,0,0,0
182.9,177,21,2,0,21,2,9942,351,8571.94,0,0,0,0
183,178,20,2,0,20,2,9716,349,8573.685,1,0,0,0
183.1,178,20,2,0,20,2,9561,339,8575.76,0,0,0,0
183.2,178,20,2,0,20,2,9374,323,8578.13,0,0,0,0
183.3,178,20,2,0,20,2,9140,317,8580.69,0,0,0,0
183.4,178,20,2,0,20,2,8886,318,8583.115,0,0,0,0
183.5,178,20,2,0,20,2,8624,324,8585.25,0,0,0,0
183.6,178,20,2,0,20,2,8467,318,8588.05,0,0,0,0
183.7,178,20,2,0,20,2,8229,321,8591.115,0,0,0,0
183.8,178,20,2,0,20,2,8064,331,8594.25,0,0,0,0
183.9,178,20,2,0,20,2,7857,331,8597.315,0,0,0,0
184,178,20,2,0,20,2,7575,326,8599.755,0,0,0,0
184.1,178,20,2,0,20,2,7333,326,8602.625,0,0,0,0
184.2,178,20,2,0,20,2,7120,343,8605.39,0,0,0,0
184.3,178,20,2,0,20,2,6943,344,8608.315,0,0,0,0
184.4,178,20,2,0,20,2,6790,349,8611.57,0,0,0,0
184.5,178,20,2,0,20,2,6727,340,8614.69,0,0,0,0
184.6,178,20,2,0,20,2,6674,340,8618.485,0,0,0,0
184.7,178,20,2,0,20,2,6610,340,8622.025,0,0,0,0
184.8,178,20,2,0,20,2,6586,352,8625.37,0,0,0,0
184.9,178,20,2,0,20,2,6630,347,8628.815,0,0,0,0
185,178,20,2,0,20,2,6699,343,8632.375,0,0,0,0
185.1,178,20,2,0,20,2,6695,345,8635.71,0,0,0,0
185.2,178,20,2,0,20,2,6795,344,8639.045,0,0,0,0
185.3,178,20,2,0,20,2,6915,336,8642.53,0,0,0,0
185.4,178,20,2,0,20,2,7061,331,8645.87,0,0,0,0
185.5,178,20,2,0,20,2,7057,333,8648.525,0,0,0,0
185.6,178,20,2,0,20,2,7131,345,8651.74,0,0,0,0
185.7,178,20,2,0,20,2,7191,347,8655.075,0,0,0,0
185.8,178,20,2,0,20,2,7297,347,8658.315,0,0,0,0
185.9,178,20,2,0,20,2,7350,347,8661.825,0,0,0,0
186,178,20,2,0,20,2,7383,342,8664.905,0,0,0,0
186.1,178,20,2,0,20,2,7370,336,8667.985,0,0,0,0
186.2,178,20,2,0,20,2,7387,344,8671.1,0,0,0,0
186.3,178,20,2,0,20,2,7398,343,8674.125,0,0,0,0
186.4,178,20,2,0,20,2,7457,351,8677.365,0,0,0,0
186.5,178,20,2,0,20,2,7460,362,8680.365,0,0,0,0
186.6,179,19,2,0,19,2,7476,367,8683.275,1,0,0,0
186.7,179,19,2,0,19,2,7419,367,8686.01,0,0,0,0
186.8,179,19,2,0,19,2,7422,380,8688.7,0,0,0,0
186.9,179,19,2,0,19,2,7394,374,8691.54,0,0,0,0
187,179,19,2,0,19,2,7428,369,8694.39,0,0,0,0
187.1,178,20,2,0,20,2,7540,364,8697.42,0,1,0,0
187.2,178,20,2,0,20,2,7606,350,8700.225,0,0,0,0
187.3,178,20,2,0,20,2,7698,346,8702.825,0,0,0,0
187.4,178,20,2,0,20,2,7799,341,8705.765,0,0,0,0
187.5,178,20,2,0,20,2,7892,337,8708.535,0,0,0,0
187.6,178,20,2,0,20,2,7979,342,8711.345,0,0,0,0
187.7,178,20,2,0,20,2,8012,334,8714.29,0,0,0,0
187.8,178,20,2,0,20,2,8114,335,8717.165,0,0,0,0
187.9,178,20,2,0,20,2,8108,325,8719.585,0,0,0,0
188,178,20,2,0,20,2,8085,318,8721.965,0,0,0,0
188.1,178,20,2,0,20,2,8048,332,8724.51,0,0,0,0
188.2,178,20,2,0,20,2,8003,324,8726.94,0,0,0,0
188.3,178,20,2,0,20,2,7966,332,8729.745,0,0,0,0
188.4,178,20,2,0,20,2,7870,330,8732.445,0,0,0,0
188.5,178,20,2,0,20,2,7795,323,8734.755,0,0,0,0
188.6,178,20,2,0,20,2,7672,327,8737.2,0,0,0,0
188.7,178,20,2,0,20,2,7630,327,8740.36,0,0,0,0
188.8,178,20,2,0,20,2,7521,331,8743.255,0,0,0,0
188.9,178,20,2,0,20,2,7382,327,8746.335,0,0,0,0
189,178,20,2,0,20,2,7207,312,8749.275,0,0,0,0
189.1,178,20,2,0,20,2,7093,316,8751.75,0,0,0,0
189.2,177,21,2,0,21,2,7093,310,8755.035,0,1,0,0
189.3,177,21,2,0,21,2,7032,304,8757.88,0,0,0,0
189.4,177,21,2,0,21,2,7014,299,8761.185,0,0,0,0
189.5,177,21,2,0,21,2,6927,300,8763.97,0,0,0,0
189.6,177,21,2,0,21,2,6852,288,8766.69,0,0,0,0
189.7,178,20,2,0,20,2,6862,289,8770.075,1,0,0,0
189.8,178,20,2,0,20,2,6757,291,8773.05,0,0,0,0
189.9,178,20,2,0,20,2,6755,292,8776.155,0,0,0,0
190,178,20,2,0,20,2,6696,278,8779.085,0,0,0,0
190.1,178,20,2,0,20,2,6659,272,8782.155,0,0,0,0
190.2,178,20,2,0,20,2,6612,268,8785.05,0,0,0,0
190.3,178,20,2,0,20,2,6609,271,8788.215,0,0,0,0
190.4,177,21,2,0,21,2,6565,274,8791.035,0,1,0,0
190.5,177,21,2,0,21,2,6587,265,8793.88,0,0,0,0
190.6,177,21,2,0,21,2,6615,255,8796.975,0,0,0,0
190.7,177,21,2,0,21,2,6642,259,8799.745,0,0,0,0
190.8,177,21,2,0,21,2,6663,265,8802.73,0,0,0,0
190.9,177,21,2,0,21,2,6710,273,8805.735,0,0,0,0
191,177,21,2,0,21,2,6860,278,8808.96,0,0,0,0
191.1,177,21,2,0,21,2,6978,290,8812.015,0,0,0,0
191.2,176,22,2,0,22,2,7141,309,8815.005,0,1,0,0
191.3,175,23,2,0,23,2,7252,299,8818.075,0,1,0,0
191.4,175,23,2,0,23,2,7426,293,8820.725,0,0,0,0
191.5,175,23,2,0,23,2,7568,299,8823.54,0,0,0,0
191.6,176,22,2,0,22,2,7627,312,8825.965,2,1,0,0
191.7,176,22,2,0,22,2,7753,316,8828.32,0,0,0,0
191.8,176,22,2,0,22,2,7907,318,8830.48,0,0,0,0
191.9,176,22,2,0,22,2,7989,309,8832.67,0,0,0,0
192,176,22,2,0,22,2,8042,301,8834.88,0,0,0,0
192.1,176,22,2,0,22,2,8057,298,8836.78,0,0,0,0
192.2,176,22,2,0,22,2,8124,309,8839.31,0,0,0,0
192.3,176,22,2,0,22,2,8099,318,8841.48,0,0,0,0
192.4,176,22,2,0,22,2,8089,323,8843.42,0,0,0,0
192.5,176,22,2,0,22,2,8017,322,8845.13,0,0,0,0
192.6,176,22,2,0,22,2,7950,347,8847.44,0,0,0,0
192.7,176,22,2,0,22,2,7814,351,8849.385,0,0,0,0
192.8,176,22,2,0,22,2,7716,369,8851.345,0,0,0,0
192.9,176,22,2,0,22,2,7631,370,8853.235,0,0,0,0
193,176,22,2,0,22,2,7497,372,8855.53,0,0,0,0
193.1,176,22,2,0,22,2,7360,379,8857.58,0,0,0,0
193.2,176,22,2,0,22,2,7174,381,8859.395,0,0,0,0
193.3,176,22,2,0,22,2,7032,390,8861.845,0,0,0,0
193.4,177,21,2,0,21,2,6925,395,8864.195,1,0,0,0
193.5,176,22,2,0,22,2,6735,415,8866.335,0,1,0,0
193.6,176,22,2,0,22,2,6604,424,8868.795,0,0,0,0
193.7,176,22,2,0,22,2,6454,417,8871.5,0,0,0,0
193.8,176,22,2,0,22,2,6339,431,8874.04,0,0,0,0
193.9,176,22,2,0,22,2,6156,457,8876.785,0,0,0,0
194,176,22,2,0,22,2,6025,465,8879.33,0,0,0,0
194.1,176,22,2,0,22,2,5896,472,8881.555,0,0,0,0
194.2,176,22,2,0,22,2,5803,470,8884.205,0,0,0,0
194.3,177,21,2,0,21,2,5740,489,8887.095,1,0,0,0
194.4,177,21,2,0,21,2,5686,491,8889.85,0,0,0,0
194.5,177,21,2,0,21,2,5629,513,8892.46,0,0,0,0
194.6,177,21,2,0,21,2,5538,526,8894.915,0,0,0,0
194.7,177,21,2,0,21,2,5501,535,8897.705,0,0,0,0
194.8,176,21,3,0,21,3,5524,552,8900.595,0,0,0,1
194.9,176,21,3,0,21,3,5589,564,8903.565,0,0,0,0
195,176,21,3,0,21,3,5621,574,8905.96,0,0,0,0
195.1,175,22,3,0,22,3,5689,600,8908.565,0,1,0,0
195.2,175,22,3,0,22,3,5857,619,8911.41,0,0,0,0
195.3,175,22,3,0,22,3,5943,637,8913.86,0,0,0,0
195.4,176,21,3,0,21,3,6117,662,8916.79,1,0,0,0
195.5,176,21,3,0,21,3,6335,687,8919.48,0,0,0,0
195.6,176,21,3,0,21,3,6612,696,8921.89,0,0,0,0
195.7,176,21,3,0,21,3,6868,725,8923.93,0,0,0,0
195.8,176,21,3,0,21,3,7211,776,8926.095,0,0,0,0
195.9,177,20,3,0,20,3,7588,784,8927.585,1,0,0,0
196,177,20,3,0,20,3,7946,792,8929.36,0,0,0,0
196.1,177,20,3,0,20,3,8260,817,8930.41,0,0,0,0
196.2,177,20,3,0,20,3,8633,825,8931.55,0,0,0,0
196.3,177,20,3,0,20,3,9086,853,8932.755,0,0,0,0
196.4,177,20,3,0,20,3,9449,880,8933.665,0,0,0,0
196.5,176,21,3,0,21,3,9831,905,8933.965,0,1,0,0
196.6,176,21,3,0,21,3,10173,922,8934.365,0,0,0,0
196.7,176,21,3,0,21,3,10449,978,8934.63,0,0,0,0
196.8,176,21,3,0,21,3,10698,1027,8934.805,0,0,0,0
196.9,176,21,3,0,21,3,10896,1078,8934.85,0,0,0,0
197,176,21,3,0,21,3,10941,1131,8934.565,0,0,0,0
197.1,176,21,3,0,21,3,11116,1164,8934.655,0,0,0,0
197.2,176,21,3,0,21,3,11265,1225,8934.76,0,0,0,0
197.3,176,21,3,0,21,3,11349,1270,8934.44,0,0,0,0
197.4,176,21,3,0,21,3,11418,1328,8934.145,0,0,0,0
197.5,176,21,3,0,21,3,11452,1363,8933.615,0,0,0,0
197.6,176,21,3,0,21,3,11539,1398,8933.27,0,0,0,0
197.7,176,21,3,0,21,3,11531,1468,8932.9,0,0,0,0
197.8,176,21,3,0,21,3,11558,1491,8932.05,0,0,0,0
197.9,176,21,3,0,21,3,11626,1543,8931.205,0,0,0,0
198,176,21,3,0,21,3,11716,1586,8930.435,0,0,0,0
198.1,176,21,3,0,21,3,11827,1623,8929.53,0,0,0,0
198.2,175,21,4,0,21,4,11962,1650,8928.695,0,0,0,1
198.3,175,21,4,0,21,4,12074,1721,8928.04,0,0,0,0
198.4,175,21,4,0,21,4,12255,1767,8927.055,0,0,0,0
198.5,176,20,4,0,20,4,12521,1833,8925.97,1,0,0,0
198.6,176,20,4,0,20,4,12717,1915,8924.72,0,0,0,0
198.7,176,20,4,0,20,4,12929,2014,8923.695,0,0,0,0
198.8,175,21,4,0,21,4,13086,2099,8922.36,0,1,0,0
198.9,174,22,4,0,22,4,13244,2141,8921.09,0,1,0,0
199,174,22,4,0,22,4,13359,2213,8919.2,0,0,0,0
199.1,174,22,4,0,22,4,13371,2284,8917.4,0,0,0,0
199.2,173,23,4,0,23,4,13415,2382,8915.645,0,1,0,0
199.3,174,22,4,0,22,4,13307,2502,8913.615,1,0,0,0
199.4,174,22,4,0,22,4,13246,2596,8911.66,0,0,0,0
199.5,174,22,4,0,22,4,13111,2689,8909.435,0,0,0,0
199.6,173,23,4,0,23,4,12879,2784,8907.19,0,1,0,0
199.7,173,23,4,0,23,4,12633,2926,8904.61,0,0,0,0
199.8,173,23,4,0,23,4,12333,3050,8902.635,0,0,0,0
199.9,173,23,4,0,23,4,12060,3179,8900.53,0,0,0,0
200,172,23,4,1,24,5,11810,3290,8898.45,0,1,0,1
200.1,173,22,4,1,23,5,11593,3394,8896.955,1,0,0,0
200.2,173,22,4,1,23,5,11407,3478,8895.545,0,0,0,0
200.3,173,22,4,1,23,5,11253,3586,8893.9,0,0,0,0
200.4,173,22,4,1,23,5,11064,3659,8892.16,0,0,0,0
200.5,173,22,4,1,23,5,10978,3757,8890.825,0,0,0,0
200.6,173,22,4,1,23,5,10868,3811,8889.185,0,0,0,0
200.7,173,22,4,1,23,5,10731,3839,8887.015,0,0,0,0
200.8,173,22,4,1,23,5,10624,3845,8885.74,0,0,0,0
200.9,173,22,4,1,23,5,10613,3878,8884.17,0,0,0,0
201,173,22,4,1,23,5,10501,3907,8882.155,0,0,0,0
201.1,173,22,4,1,23,5,10462,3938,8880.395,0,0,0,0
201.2,173,22,4,1,23,5,10389,3930,8878.67,0,0,0,0
201.3,173,22,4,1,23,5,10372,3898,8877.195,0,0,0,0
201.4,173,23,4,0,23,4,10445,3872,8875.85,0,0,1,0
201.5,173,23,4,0,23,4,10508,3885,8874.25,0,0,0,0
201.6,173,23,4,0,23,4,10501,3813,8872.53,0,0,0,0
201.7,173,23,4,0,23,4,10486,3768,8870.745,0,0,0,0
201.8,173,23,4,0,23,4,10536,3755,8869.29,0,0,0,0
201.9,173,23,4,0,23,4,10483,3737,8867.32,0,0,0,0
202,173,23,4,0,23,4,10507,3680,8865.71,0,0,0,0
202.1,173,23,4,0,23,4,10544,3628,8863.8,0,0,0,0
202.2,173,23,4,0,23,4,10592,3615,8862.265,0,0,0,0
202.3,172,24,4,0,24,4,10538,3588,8860.3,0,1,0,0
202.4,172,24,4,0,24,4,10669,3619,8859.125,0,0,0,0
202.5,171,25,4,0,25,4,10750,3622,8857.265,0,1,0,0
202.6,171,25,4,0,25,4,10829,3642,8855.4,0,0,0,0
202.7,172,24,4,0,24,4,10903,3662,8853.565,1,0,0,0
202.8,172,24,4,0,24,4,10968,3687,8852,0,0,0,0
202.9,171,24,5,0,24,5,11093,3729,8850.335,0,0,0,1
203,171,24,5,0,24,5,11239,3741,8848.625,0,0,0,0
203.1,171,24,5,0,24,5,11434,3802,8846.915,0,0,0,0
203.2,172,23,5,0,23,5,11568,3863,8845.15,1,0,0,0
203.3,172,23,5,0,23,5,11733,3902,8843.105,0,0,0,0
203.4,171,22,6,1,23,7,11809,3991,8840.78,0,0,0,2
203.5,170,22,7,1,23,8,11936,4039,8838.77,0,0,0,1
203.6,171,21,7,1,22,8,11964,4143,8836.3,1,0,0,0
203.7,171,21,7,1,22,8,12025,4153,8833.685,0,0,0,0
203.8,172,21,6,1,22,7,12023,4192,8830.96,0,0,1,0
203.9,171,21,7,1,22,8,12008,4195,8828.76,0,0,0,1
204,171,21,6,2,23,8,11881,4159,8825.98,0,1,0,0
204.1,171,21,6,2,23,8,11732,4138,8823.53,0,0,0,0
204.2,171,21,6,2,23,8,11527,4075,8820.975,0,0,0,0
204.3,171,21,7,1,22,8,11273,4069,8818.89,1,0,0,0
204.4,171,21,7,1,22,8,10959,3930,8816.39,0,0,0,0
204.5,171,21,7,1,22,8,10602,3873,8814.515,0,0,0,0
204.6,171,21,7,1,22,8,10353,3838,8813.11,0,0,0,0
204.7,170,22,7,1,23,8,9980,3727,8810.885,0,1,0,0
204.8,170,22,7,1,23,8,9550,3604,8809.1,0,0,0,0
204.9,170,22,7,1,23,8,9229,3502,8808.075,0,0,0,0
205,170,22,7,1,23,8,8929,3376,8807.06,0,0,0,0
205.1,170,22,7,1,23,8,8630,3302,8806.17,0,0,0,0
205.2,170,22,7,1,23,8,8313,3181,8805.33,0,0,0,0
205.3,170,22,7,1,23,8,7997,3112,8804.88,0,0,0,0
205.4,170,22,7,1,23,8,7780,2958,8804.17,0,0,0,0
205.5,170,22,7,1,23,8,7462,2831,8803.62,0,0,0,0
205.6,170,22,7,1,23,8,7138,2720,8803.05,0,0,0,0
205.7,170,22,7,1,23,8,6905,2616,8803.555,0,0,0,0
205.8,169,23,7,1,24,8,6608,2525,8803.33,0,1,0,0
205.9,169,23,7,1,24,8,6382,2411,8803.75,0,0,0,0
206,169,23,7,1,24,8,6133,2309,8803.985,0,0,0,0
206.1,170,22,7,1,23,8,5914,2225,8804.815,1,0,0,0
206.2,171,21,7,1,22,8,5709,2177,8805.51,1,0,0,0
206.3,171,21,7,1,22,8,5554,2118,8806.705,0,0,0,0
206.4,171,21,7,1,22,8,5339,2062,8807.415,0,0,0,0
206.5,171,21,7,1,22,8,5242,1977,8808.76,0,0,0,0
206.6,171,21,7,1,22,8,5054,1922,8809.915,0,0,0,0
206.7,172,20,7,1,21,8,4879,1890,8811.115,1,0,0,0
206.8,172,20,7,1,21,8,4752,1867,8812.71,0,0,0,0
206.9,172,20,7,1,21,8,4621,1822,8814.08,0,0,0,0
207,173,19,7,1,20,8,4489,1803,8815.445,1,0,0,0
207.1,173,19,7,1,20,8,4385,1814,8817.135,0,0,0,0
207.2,173,19,7,1,20,8,4272,1856,8819.125,0,0,0,0
207.3,173,19,7,1,20,8,4160,1914,8820.975,0,0,0,0
207.4,173,19,7,1,20,8,4107,1920,8822.715,0,0,0,0
207.5,173,19,7,1,20,8,4039,1987,8824.655,0,0,0,0
207.6,173,19,7,1,20,8,3959,2060,8826.535,0,0,0,0
207.7,173,19,7,1,20,8,3921,2130,8828.44,0,0,0,0
207.8,173,20,7,0,20,7,3894,2174,8830.235,0,0,1,0
207.9,173,20,7,0,20,7,3886,2254,8831.97,0,0,0,0
208,173,20,7,0,20,7,3867,2391,8833.645,0,0,0,0
208.1,172,21,7,0,21,7,3913,2542,8835.74,0,1,0,0
208.2,172,21,7,0,21,7,3887,2702,8837.26,0,0,0,0
208.3,172,21,7,0,21,7,3945,2867,8838.7,0,0,0,0
208.4,172,21,7,0,21,7,4009,3067,8840.42,0,0,0,0
208.5,173,20,7,0,20,7,4099,3313,8841.86,1,0,0,0
208.6,173,20,7,0,20,7,4173,3560,8842.985,0,0,0,0
208.7,173,20,7,0,20,7,4290,3743,8844.255,0,0,0,0
208.8,172,21,7,0,21,7,4497,3952,8845.18,0,1,0,0
208.9,172,21,7,0,21,7,4629,4220,8845.51,0,0,0,0
209,172,21,7,0,21,7,4778,4412,8845.84,0,0,0,0
209.1,172,21,7,0,21,7,4974,4622,8846.125,0,0,0,0
209.2,172,21,7,0,21,7,5145,4794,8846.36,0,0,0,0
209.3,171,22,7,0,22,7,5393,5009,8846.73,0,1,0,0
209.4,170,22,8,0,22,8,5626,5184,8846.67,0,0,0,1
209.5,170,22,8,0,22,8,5765,5293,8846.2,0,0,0,0
209.6,170,22,8,0,22,8,5937,5481,8845.88,0,0,0,0
209.7,170,22,8,0,22,8,6081,5622,8845.375,0,0,0,0
209.8,170,22,8,0,22,8,6223,5758,8845.01,0,0,0,0
209.9,170,22,8,0,22,8,6293,5862,8844.06,0,0,0,0
210,170,22,8,0,22,8,6375,5959,8842.82,0,0,0,0
210.1,170,22,8,0,22,8,6347,6005,8842.235,0,0,0,0
210.2,170,22,8,0,22,8,6357,6074,8841.37,0,0,0,0
210.3,170,22,8,0,22,8,6291,6050,8840.215,0,0,0,0
210.4,170,22,8,0,22,8,6278,6019,8839.23,0,0,0,0
210.5,170,22,8,0,22,8,6194,6011,8838.27,0,0,0,0
210.6,171,20,9,0,20,9,6049,6008,8837.375,2,0,0,1
210.7,171,20,9,0,20,9,5969,5984,8836.785,0,0,0,0
210.8,171,20,9,0,20,9,5890,5975,8836.115,0,0,0,0
210.9,171,20,9,0,20,9,5823,5871,8835.48,0,0,0,0
211,170,20,10,0,20,10,5708,5813,8834.735,0,0,0,1
211.1,170,20,10,0,20,10,5685,5768,8834.1,0,0,0,0
211.2,170,20,10,0,20,10,5653,5697,8833.315,0,0,0,0
211.3,170,20,10,0,20,10,5592,5647,8832.89,0,0,0,0
211.4,170,20,10,0,20,10,5499,5585,8832.175,0,0,0,0
211.5,170,20,10,0,20,10,5424,5539,8831.82,0,0,0,0
211.6,170,20,10,0,20,10,5415,5489,8831.485,0,0,0,0
211.7,170,20,10,0,20,10,5454,5466,8831.375,0,0,0,0
211.8,169,20,11,0,20,11,5418,5462,8831.15,0,0,0,1
211.9,169,20,11,0,20,11,5472,5518,8831.255,0,0,0,0
212,168,21,11,0,21,11,5509,5500,8831.1,0,1,0,0
212.1,168,21,11,0,21,11,5619,5565,8831.265,0,0,0,0
212.2,168,21,11,0,21,11,5749,5560,8830.905,0,0,0,0
212.3,169,21,10,0,21,10,5972,5573,8830.465,0,0,1,0
212.4,169,21,10,0,21,10,6136,5565,8829.64,0,0,0,0
212.5,169,21,10,0,21,10,6345,5491,8829.16,0,0,0,0
212.6,169,21,10,0,21,10,6531,5468,8828.6,0,0,0,0
212.7,170,20,10,0,20,10,6772,5377,8827.615,1,0,0,0
212.8,170,20,10,0,20,10,7091,5314,8826.975,0,0,0,0
212.9,170,20,10,0,20,10,7422,5259,8826.02,0,0,0,0
213,170,20,10,0,20,10,7752,5144,8824.945,0,0,0,0
213.1,170,20,10,0,20,10,8114,5069,8823.785,0,0,0,0
213.2,169,21,10,0,21,10,8475,5017,8823,0,1,0,0
213.3,169,21,10,0,21,10,8789,4939,8821.405,0,0,0,0
213.4,169,21,10,0,21,10,9163,4865,8819.6,0,0,0,0
213.5,168,21,11,0,21,11,9454,4822,8818.025,0,0,0,1
213.6,168,21,11,0,21,11,9690,4764,8816.675,0,0,0,0
213.7,168,21,11,0,21,11,9868,4739,8815.165,0,0,0,0
213.8,168,21,11,0,21,11,10103,4742,8813.48,0,0,0,0
213.9,168,21,11,0,21,11,10309,4742,8811.64,0,0,0,0
214,168,20,11,1,21,12,10390,4781,8809.915,0,0,0,1
214.1,168,20,11,1,21,12,10415,4806,8807.73,1,1,0,0
214.2,168,20,11,1,21,12,10402,4832,8805.555,0,0,0,0
214.3,167,21,11,1,22,12,10270,4856,8803.4,0,1,0,0
214.4,167,21,11,1,22,12,10135,4916,8801.035,0,0,0,0
214.5,167,21,11,1,22,12,9940,5033,8798.855,0,0,0,0
214.6,167,21,11,1,22,12,9814,5209,8797.295,1,1,0,0
214.7,167,21,11,1,22,12,9618,5407,8795.265,0,0,0,0
214.8,166,21,12,1,22,13,9386,5670,8793.55,0,0,0,1
214.9,166,21,12,1,22,13,9209,5951,8791.39,0,0,0,0
215,166,21,12,1,22,13,9024,6183,8789.135,0,0,0,0
215.1,166,22,12,0,22,12,8826,6518,8786.95,0,0,1,0
215.2,166,22,12,0,22,12,8673,6850,8784.935,0,0,0,0
215.3,164,23,13,0,23,13,8485,7200,8782.6,0,1,0,1
215.4,164,23,13,0,23,13,8358,7526,8780.305,0,0,0,0
215.5,164,23,13,0,23,13,8238,7852,8778.23,0,0,0,0
215.6,164,23,13,0,23,13,8137,8194,8775.81,0,0,0,0
215.7,164,23,13,0,23,13,8115,8424,8773.22,0,0,0,0
215.8,165,22,13,0,22,13,8103,8694,8770.82,1,0,0,0
215.9,165,22,13,0,22,13,8142,8885,8768.005,0,0,0,0
216,165,22,13,0,22,13,8148,9053,8764.925,0,0,0,0
216.1,165,22,13,0,22,13,8230,9272,8761.93,0,0,0,0
216.2,165,22,13,0,22,13,8340,9416,8758.845,0,0,0,0
216.3,165,22,13,0,22,13,8458,9503,8756.095,0,0,0,0
216.4,165,22,13,0,22,13,8683,9546,8753.155,0,0,0,0
216.5,165,22,12,1,23,13,8877,9519,8750.095,0,1,0,0
216.6,165,22,12,1,23,13,9094,9509,8746.78,0,0,0,0
216.7,165,22,12,1,23,13,9309,9452,8743.675,0,0,0,0
216.8,164,22,13,1,23,14,9627,9287,8740.385,0,0,0,1
216.9,162,24,13,1,25,14,9794,9127,8736.71,0,2,0,0
217,161,24,14,1,25,15,9964,8918,8733.255,0,0,0,1
217.1,162,23,15,0,23,15,10176,8637,8729.33,2,0,0,0
217.2,162,23,15,0,23,15,10380,8348,8725.65,0,0,0,0
217.3,162,23,15,0,23,15,10518,8103,8721.925,0,0,0,0
217.4,162,23,15,0,23,15,10626,7863,8718.225,0,0,0,0
217.5,162,23,15,0,23,15,10741,7624,8714.655,0,0,0,0
217.6,161,23,16,0,23,16,10846,7363,8711.135,0,0,0,1
217.7,161,23,16,0,23,16,11006,7154,8707.7,0,0,0,0
217.8,162,23,15,0,23,15,11147,6935,8704.595,0,0,1,0
217.9,162,23,15,0,23,15,11206,6764,8701.25,0,0,0,0
218,161,24,15,0,24,15,11291,6562,8697.665,0,1,0,0
218.1,161,24,15,0,24,15,11365,6376,8694.655,0,0,0,0
218.2,161,24,15,0,24,15,11472,6241,8691.69,0,0,0,0
218.3,161,24,15,0,24,15,11579,6128,8688.675,0,0,0,0
218.4,161,24,15,0,24,15,11658,6009,8685.99,0,0,0,0
218.5,161,24,15,0,24,15,11724,5979,8683.255,0,0,0,0
218.6,161,24,15,0,24,15,11870,5926,8680.595,0,0,0,0
218.7,161,24,15,0,24,15,12051,5882,8677.945,0,0,0,0
218.8,161,24,15,0,24,15,12286,5867,8675.24,0,0,0,0
218.9,161,24,15,0,24,15,12518,5871,8672.19,0,0,0,0
219,161,24,15,0,24,15,12772,5820,8668.875,0,0,0,0
219.1,161,24,15,0,24,15,12999,5831,8665.265,0,0,0,0
219.2,162,24,14,0,24,14,13321,5853,8661.755,0,0,1,0
219.3,162,24,14,0,24,14,13766,5845,8658.365,0,0,0,0
219.4,162,24,14,0,24,14,14189,5862,8654.66,0,0,0,0
219.5,162,24,14,0,24,14,14586,5817,8650.355,0,0,0,0
219.6,162,24,13,1,25,14,14953,5877,8646.42,0,1,0,0
219.7,162,24,13,1,25,14,15422,5915,8642.325,0,0,0,0
219.8,162,24,13,1,25,14,15767,5947,8637.64,0,0,0,0
219.9,161,25,13,1,26,14,16203,5990,8633.235,0,1,0,0
220,160,25,14,1,26,15,16378,6101,8628.08,0,0,0,1
220.1,160,25,14,1,26,15,16524,6165,8623.35,0,0,0,0
220.2,160,25,14,1,26,15,16708,6315,8618.71,0,0,0,0
220.3,160,25,14,1,26,15,16792,6389,8613.345,0,0,0,0
220.4,160,25,14,1,26,15,16764,6471,8608.765,0,0,0,0
220.5,159,25,15,1,26,16,16590,6625,8603.51,0,0,0,1
220.6,159,25,15,1,26,16,16373,6821,8598.415,0,0,0,0
220.7,159,25,15,1,26,16,16210,6935,8593.385,0,0,0,0
220.8,159,25,15,1,26,16,15962,7057,8588.215,0,0,0,0
220.9,159,25,15,1,26,16,15729,7321,8583.42,0,0,0,0
221,158,24,16,2,26,18,15367,7519,8577.655,0,0,0,2
221.1,158,24,16,2,26,18,15006,7687,8572.34,0,0,0,0
221.2,158,25,16,1,26,17,14696,7811,8567.02,0,0,1,0
221.3,158,25,16,1,26,17,14384,7969,8561.735,0,0,0,0
221.4,158,25,16,1,26,17,14258,8113,8557.5,0,0,0,0
221.5,158,25,16,1,26,17,14073,8331,8552.795,0,0,0,0
221.6,157,26,16,1,27,17,13944,8453,8547.925,0,1,0,0
221.7,156,27,16,1,28,17,13766,8694,8543.21,0,1,0,0
221.8,157,26,16,1,27,17,13632,8836,8537.895,1,0,0,0
221.9,157,26,16,1,27,17,13541,9057,8532.925,0,0,0,0
222,157,26,16,1,27,17,13577,9227,8527.985,0,0,0,0
222.1,157,26,16,1,27,17,13650,9449,8523.61,0,0,0,0
222.2,157,26,16,1,27,17,13769,9607,8518.875,0,0,0,0
222.3,156,27,16,1,28,17,13787,9720,8513.81,0,1,0,0
222.4,156,27,16,1,28,17,13936,9825,8508.405,0,0,0,0
222.5,156,27,16,1,28,17,14087,9931,8502.6,0,0,0,0
222.6,155,27,17,1,28,18,14140,9993,8496.83,0,0,0,1
222.7,155,27,17,1,28,18,14187,10054,8491.265,0,0,0,0
222.8,154,27,17,2,29,19,14185,10238,8486.2,0,1,0,1
222.9,155,27,16,2,29,18,14121,10292,8480.35,0,0,1,0
223,155,27,16,2,29,18,13956,10381,8474.81,0,0,0,0
223.1,156,26,16,2,28,18,13785,10364,8468.815,1,0,0,0
223.2,156,26,16,2,28,18,13599,10325,8463.245,0,0,0,0
223.3,156,26,16,2,28,18,13384,10302,8457.76,0,0,0,0
223.4,157,25,16,2,27,18,13124,10256,8452.335,1,0,0,0
223.5,157,25,16,2,27,18,12842,10224,8447.285,0,0,0,0
223.6,157,25,16,2,27,18,12467,10211,8442.125,0,0,0,0
223.7,157,26,16,1,27,17,12176,10150,8437.205,0,0,1,0
223.8,157,26,16,1,27,17,11833,10046,8432.675,0,0,0,0
223.9,158,26,15,1,27,16,11511,10053,8428.95,0,0,1,0
224,158,26,15,1,27,16,11186,9950,8424.475,0,0,0,0
224.1,158,26,15,1,27,16,10902,9889,8420.39,0,0,0,0
224.2,158,26,15,1,27,16,10630,9919,8416.815,0,0,0,0
224.3,158,26,15,1,27,16,10327,9879,8413.015,0,0,0,0
224.4,158,26,15,1,27,16,10142,9779,8409.405,0,0,0,0
224.5,159,26,14,1,27,15,9925,9714,8405.77,0,0,1,0
224.6,159,26,14,1,27,15,9828,9599,8402.19,0,0,0,0
224.7,159,26,14,1,27,15,9681,9526,8398.825,0,0,0,0
224.8,159,26,14,1,27,15,9508,9426,8395.465,0,0,0,0
224.9,159,26,14,1,27,15,9376,9308,8392.395,0,0,0,0
225,159,26,14,1,27,15,9335,9321,8390.13,0,0,0,0
225.1,159,26,14,1,27,15,9373,9262,8387.22,0,0,0,0
225.2,160,25,13,2,27,15,9367,9205,8384.35,1,1,0,0
225.3,160,25,13,2,27,15,9530,9099,8381.705,0,0,0,0
225.4,159,25,14,2,27,16,9618,9035,8379.055,0,0,0,1
225.5,159,25,14,2,27,16,9778,9005,8376.44,0,0,0,0
225.6,159,25,14,2,27,16,9994,8907,8373.575,0,0,0,0
225.7,159,25,14,2,27,16,10174,8841,8370.54,0,0,0,0
225.8,159,25,14,2,27,16,10477,8792,8368.095,0,0,0,0
225.9,159,25,14,2,27,16,10670,8692,8364.97,0,0,0,0
226,159,25,14,2,27,16,10965,8608,8361.74,0,0,0,0
226.1,158,26,14,2,28,16,11276,8552,8358.35,0,1,0,0
226.2,158,26,14,2,28,16,11568,8496,8355.115,0,0,0,0
226.3,158,26,14,2,28,16,11807,8397,8351.705,0,0,0,0
226.4,159,25,14,2,27,16,12085,8358,8348.9,1,0,0,0
226.5,159,25,14,2,27,16,12315,8297,8345.13,0,0,0,0
226.6,158,26,14,2,28,16,12585,8218,8341.685,0,1,0,0
226.7,158,26,14,2,28,16,12761,8221,8338.595,0,0,0,0
226.8,158,26,14,2,28,16,12846,8161,8334.555,0,0,0,0
226.9,158,26,14,2,28,16,12925,8054,8330.885,0,0,0,0
227,158,26,14,2,28,16,13029,7977,8327.415,0,0,0,0
227.1,158,26,14,2,28,16,13178,7939,8323.88,0,0,0,0
227.2,158,26,14,2,28,16,13267,7882,8319.89,0,0,0,0
227.3,157,27,14,2,29,16,13213,7867,8316.4,0,1,0,0
227.4,156,28,14,2,30,16,13133,7779,8312.75,0,1,0,0
227.5,156,28,14,2,30,16,13017,7697,8309.16,0,0,0,0
227.6,156,28,14,2,30,16,12867,7600,8305.435,0,0,0,0
227.7,156,28,14,2,30,16,12632,7541,8302.015,0,0,0,0
227.8,156,28,14,2,30,16,12391,7421,8298.6,0,0,0,0
227.9,155,30,13,2,32,15,12079,7316,8295.345,0,2,1,0
228,155,30,13,2,32,15,11780,7184,8292.315,0,0,0,0
228.1,155,30,13,2,32,15,11505,7119,8289.73,0,0,0,0
228.2,156,29,13,2,31,15,11217,6958,8287.285,1,0,0,0
228.3,157,28,14,1,29,15,10953,6908,8285.055,2,0,0,0
228.4,158,28,13,1,29,14,10505,6753,8282.245,0,0,1,0
228.5,158,28,13,1,29,14,10097,6588,8279.785,0,0,0,0
228.6,158,28,13,1,29,14,9778,6455,8278.12,0,0,0,0
228.7,158,28,13,1,29,14,9523,6352,8276.67,0,0,0,0
228.8,158,28,13,1,29,14,9206,6261,8275.56,0,0,0,0
228.9,158,28,13,1,29,14,8880,6147,8274.135,0,0,0,0
229,158,28,13,1,29,14,8633,6005,8273.27,0,0,0,0
229.1,158,28,13,1,29,14,8392,5898,8272.3,0,0,0,0
229.2,159,27,13,1,28,14,8155,5805,8271.71,1,0,0,0
229.3,159,27,13,1,28,14,7936,5698,8271.355,0,0,0,0
229.4,159,27,13,1,28,14,7812,5574,8271.04,0,0,0,0
229.5,159,27,13,1,28,14,7728,5504,8271.19,0,0,0,0
229.6,159,27,13,1,28,14,7615,5395,8270.61,0,0,0,0
229.7,160,27,12,1,28,13,7508,5321,8270.49,0,0,1,0
229.8,159,28,12,1,29,13,7442,5248,8270.205,0,1,0,0
229.9,159,27,13,1,28,14,7461,5176,8270.18,1,0,0,1
230,159,27,13,1,28,14,7538,5105,8270.88,0,0,0,0
230.1,159,27,13,1,28,14,7562,4999,8271.01,0,0,0,0
230.2,159,27,13,1,28,14,7636,4896,8271.23,0,0,0,0
230.3,159,27,13,1,28,14,7740,4864,8272.17,0,0,0,0
230.4,159,27,13,1,28,14,7816,4841,8272.33,0,0,0,0
230.5,159,27,13,1,28,14,7995,4798,8272.515,0,0,0,0
230.6,159,27,13,1,28,14,8182,4743,8272.795,0,0,0,0
230.7,159,27,13,1,28,14,8298,4726,8273.185,0,0,0,0
230.8,159,27,13,1,28,14,8460,4730,8273.515,0,0,0,0
230.9,159,27,13,1,28,14,8684,4733,8273.935,0,0,0,0
231,159,27,13,1,28,14,8840,4737,8274.23,0,0,0,0
231.1,159,27,13,1,28,14,9014,4723,8274.115,0,0,0,0
231.2,159,27,13,1,28,14,9141,4795,8274.02,0,0,0,0
231.3,159,27,13,1,28,14,9356,4815,8274.16,0,0,0,0
231.4,160,27,12,1,28,13,9511,4873,8273.98,0,0,1,0
231.5,159,27,13,1,28,14,9734,4873,8273.715,0,0,0,1
231.6,159,27,13,1,28,14,10029,4922,8273.81,0,0,0,0
231.7,158,28,13,1,29,14,10347,4929,8273.595,0,1,0,0
231.8,157,29,13,1,30,14,10624,4966,8272.555,0,1,0,0
231.9,158,28,13,1,29,14,10933,4980,8271.93,1,0,0,0
232,159,28,12,1,29,13,11276,4926,8270.475,0,0,1,0
232.1,159,28,12,1,29,13,11654,4959,8269.68,0,0,0,0
232.2,160,27,12,1,28,13,12107,4933,8268.54,1,0,0,0
232.3,160,27,12,1,28,13,12404,4864,8267.18,0,0,0,0
232.4,160,27,12,1,28,13,12805,4785,8266.14,0,0,0,0
232.5,161,26,12,1,27,13,13158,4703,8264.38,1,0,0,0
232.6,160,27,12,1,28,13,13519,4622,8262.895,0,1,0,0
232.7,161,26,12,1,27,13,13869,4543,8260.835,1,0,0,0
232.8,162,25,12,1,26,13,14127,4439,8258.775,1,0,0,0
232.9,162,25,12,1,26,13,14412,4381,8256.665,0,0,0,0
233,162,25,12,1,26,13,14610,4289,8254.32,0,0,0,0
233.1,162,25,12,1,26,13,14703,4157,8252.085,0,0,0,0
233.2,162,25,12,1,26,13,14779,4029,8249.63,0,0,0,0
233.3,162,25,12,1,26,13,14868,3947,8247.625,0,0,0,0
233.4,162,25,11,2,27,13,14834,3837,8245.12,0,1,0,0
233.5,162,25,11,2,27,13,14719,3736,8242.925,0,0,0,0
233.6,162,25,11,2,27,13,14625,3685,8241.13,0,0,0,0
233.7,162,25,11,2,27,13,14491,3631,8239.18,0,0,0,0
233.8,162,25,11,2,27,13,14345,3603,8237.415,0,0,0,0
233.9,162,25,11,2,27,13,14157,3531,8235.85,0,0,0,0
234,161,26,11,2,28,13,13904,3455,8233.94,0,1,0,0
234.1,160,27,11,2,29,13,13781,3401,8232.845,0,1,0,0
234.2,160,27,11,2,29,13,13573,3358,8231.62,0,0,0,0
234.3,160,27,11,2,29,13,13307,3381,8230.17,0,0,0,0
234.4,160,27,11,2,29,13,13085,3361,8228.99,0,0,0,0
234.5,160,26,13,1,27,14,12894,3330,8228.04,2,0,0,1
234.6,160,26,13,1,27,14,12665,3340,8226.905,0,0,0,0
234.7,160,26,13,1,27,14,12491,3391,8226.38,0,0,0,0
234.8,161,26,12,1,27,13,12241,3424,8225.72,0,0,1,0
234.9,161,26,12,1,27,13,12027,3497,8225.735,0,0,0,0
235,162,25,12,1,26,13,11765,3555,8225.095,1,0,0,0
235.1,162,25,12,1,26,13,11375,3629,8224.535,0,0,0,0
235.2,162,25,12,1,26,13,11098,3675,8224.015,0,0,0,0
235.3,162,25,12,1,26,13,10741,3702,8223.67,0,0,0,0
235.4,163,25,11,1,26,12,10384,3763,8223.735,0,0,1,0
235.5,163,25,11,1,26,12,10079,3794,8223.995,0,0,0,0
235.6,163,25,11,1,26,12,9865,3844,8224.605,0,0,0,0
235.7,163,25,11,1,26,12,9494,3916,8225.065,0,0,0,0
235.8,163,25,11,1,26,12,9156,3952,8225.565,0,0,0,0
235.9,163,25,11,1,26,12,8834,3916,8226.555,0,0,0,0
236,163,25,11,1,26,12,8558,3883,8227.885,0,0,0,0
236.1,163,25,11,1,26,12,8233,3852,8228.705,0,0,0,0
236.2,164,25,10,1,26,11,7968,3784,8230.21,0,0,1,0
236.3,164,25,10,1,26,11,7734,3747,8231.67,0,0,0,0
236.4,164,25,10,1,26,11,7544,3646,8233.34,0,0,0,0
236.5,164,25,10,1,26,11,7304,3469,8234.485,0,0,0,0
236.6,164,25,10,1,26,11,7096,3370,8235.99,0,0,0,0
236.7,164,25,10,1,26,11,6862,3267,8237.625,0,0,0,0
236.8,164,25,10,1,26,11,6663,3175,8239.6,0,0,0,0
236.9,164,25,10,1,26,11,6494,3039,8241.9,0,0,0,0
237,164,25,10,1,26,11,6284,2970,8244.105,0,0,0,0
237.1,164,25,10,1,26,11,6154,2851,8246.745,0,0,0,0
237.2,164,25,10,1,26,11,6001,2727,8249.1,0,0,0,0
237.3,164,25,10,1,26,11,5906,2606,8251.985,0,0,0,0
237.4,164,25,10,1,26,11,5811,2485,8254.715,0,0,0,0
237.5,164,25,10,1,26,11,5721,2355,8257.7,0,0,0,0
237.6,164,25,10,1,26,11,5692,2224,8260.955,0,0,0,0
237.7,164,25,10,1,26,11,5652,2154,8264.21,0,0,0,0
237.8,164,25,10,1,26,11,5680,2047,8266.96,0,0,0,0
237.9,164,25,10,1,26,11,5666,1974,8270.185,0,0,0,0
238,164,25,10,1,26,11,5711,1866,8273.305,0,0,0,0
238.1,164,25,10,1,26,11,5777,1783,8276.32,0,0,0,0
238.2,164,25,10,1,26,11,5855,1694,8279.855,0,0,0,0
238.3,164,25,10,1,26,11,6033,1601,8283.385,0,0,0,0
238.4,164,25,10,1,26,11,6222,1535,8286.885,0,0,0,0
238.5,164,25,10,1,26,11,6421,1457,8290.3,0,0,0,0
238.6,164,25,10,1,26,11,6666,1376,8293.47,0,0,0,0
238.7,164,25,10,1,26,11,6941,1315,8296.35,0,0,0,0
238.8,164,25,10,1,26,11,7206,1233,8299.355,0,0,0,0
238.9,164,25,10,1,26,11,7567,1187,8302.46,0,0,0,0
239,164,25,10,1,26,11,7955,1128,8305.62,0,0,0,0
239.1,164,25,10,1,26,11,8381,1080,8308.425,0,0,0,0
239.2,164,25,10,1,26,11,8761,1018,8310.76,0,0,0,0
239.3,164,25,10,1,26,11,9261,967,8313.145,0,0,0,0
239.4,164,25,10,1,26,11,9771,940,8315.44,0,0,0,0
239.5,165,25,9,1,26,10,10252,882,8317.395,0,0,1,0
239.6,165,25,9,1,26,10,10715,866,8319.74,0,0,0,0
239.7,165,25,9,1,26,10,11191,832,8321.74,0,0,0,0
239.8,165,25,9,1,26,10,11545,830,8323.375,0,0,0,0
239.9,166,25,8,1,26,9,11816,792,8324.88,0,0,1,0
240,167,24,8,1,25,9,12094,758,8326.32,1,0,0,0
240.1,167,24,8,1,25,9,12327,733,8327.405,0,0,0,0
240.2,167,24,8,1,25,9,12455,710,8328.825,0,0,0,0
240.3,167,24,8,1,25,9,12401,700,8329.52,0,0,0,0
240.4,167,24,8,1,25,9,12423,693,8330.53,0,0,0,0
240.5,167,24,8,1,25,9,12367,687,8331.46,0,0,0,0
240.6,167,24,8,1,25,9,12300,677,8332.595,0,0,0,0
240.7,167,24,8,1,25,9,12119,658,8333.495,0,0,0,0
240.8,167,24,8,1,25,9,11882,642,8334.89,0,0,0,0
240.9,167,24,8,1,25,9,11713,644,8336.31,0,0,0,0
241,167,24,8,1,25,9,11453,640,8337.605,0,0,0,0
241.1,167,24,8,1,25,9,11170,621,8339,0,0,0,0
241.2,167,24,8,1,25,9,10893,605,8340.24,0,0,0,0
241.3,167,24,8,1,25,9,10577,609,8341.945,0,0,0,0
241.4,167,24,8,1,25,9,10221,591,8344.055,0,0,0,0
241.5,167,24,8,1,25,9,9866,572,8345.97,0,0,0,0
241.6,167,24,8,1,25,9,9623,571,8348.725,0,0,0,0
241.7,167,24,8,1,25,9,9304,586,8351.21,0,0,0,0
241.8,168,23,8,1,24,9,9028,606,8353.54,1,0,0,0
241.9,168,23,8,1,24,9,8762,613,8356.175,0,0,0,0
242,168,23,8,1,24,9,8523,637,8359.01,0,0,0,0
242.1,169,23,7,1,24,8,8267,644,8361.71,0,0,1,0
242.2,169,23,7,1,24,8,7995,642,8364.125,0,0,0,0
242.3,169,23,7,1,24,8,7763,658,8367.145,0,0,0,0
242.4,169,23,7,1,24,8,7515,670,8370.38,0,0,0,0
242.5,169,23,7,1,24,8,7294,668,8373.34,0,0,0,0
242.6,169,23,7,1,24,8,7057,664,8376.49,0,0,0,0
242.7,169,23,7,1,24,8,6891,696,8380.24,0,0,0,0
242.8,169,23,7,1,24,8,6770,703,8383.96,0,0,0,0
242.9,169,23,7,1,24,8,6657,696,8387.325,0,0,0,0
243,169,23,7,1,24,8,6570,713,8391.32,0,0,0,0
243.1,169,23,7,1,24,8,6464,730,8394.925,0,0,0,0
243.2,169,23,7,1,24,8,6435,733,8398.41,0,0,0,0
243.3,169,23,7,1,24,8,6300,746,8402.335,0,0,0,0
243.4,169,23,7,1,24,8,6220,760,8405.83,0,0,0,0
243.5,169,23,7,1,24,8,6101,742,8409.42,0,0,0,0
243.6,169,23,7,1,24,8,5941,775,8413.21,0,0,0,0
243.7,169,23,7,1,24,8,5862,792,8416.5,0,0,0,0
243.8,169,23,7,1,24,8,5793,793,8420.17,0,0,0,0
243.9,169,23,7,1,24,8,5767,820,8423.75,0,0,0,0
244,169,23,7,1,24,8,5702,839,8427.665,0,0,0,0
244.1,169,23,7,1,24,8,5662,880,8431.48,0,0,0,0
244.2,170,23,6,1,24,7,5637,922,8435.74,0,0,1,0
244.3,170,23,6,1,24,7,5629,943,8439.785,0,0,0,0
244.4,171,22,6,1,23,7,5638,985,8443.89,1,0,0,0
244.5,171,22,6,1,23,7,5563,984,8447.53,0,0,0,0
244.6,171,22,6,1,23,7,5528,1020,8451.15,0,0,0,0
244.7,171,22,6,1,23,7,5476,1077,8454.99,0,0,0,0
244.8,171,22,6,1,23,7,5439,1103,8458.645,0,0,0,0
244.9,171,22,6,1,23,7,5393,1126,8462.75,0,0,0,0
245,171,22,6,1,23,7,5330,1170,8466.55,0,0,0,0
245.1,171,22,6,1,23,7,5392,1214,8470.39,0,0,0,0
245.2,171,22,6,1,23,7,5345,1244,8474.025,0,0,0,0
245.3,171,22,6,1,23,7,5314,1270,8477.94,0,0,0,0
245.4,171,22,6,1,23,7,5255,1295,8481.38,0,0,0,0
245.5,170,23,6,1,24,7,5254,1322,8485.635,0,1,0,0
245.6,171,22,6,1,23,7,5214,1341,8489.7,1,0,0,0
245.7,171,22,6,1,23,7,5196,1349,8493.63,0,0,0,0
245.8,171,22,6,1,23,7,5234,1352,8497.32,0,0,0,0
245.9,171,22,6,1,23,7,5306,1379,8501.52,0,0,0,0
246,171,22,6,1,23,7,5280,1394,8505,0,0,0,0
246.1,171,22,6,1,23,7,5279,1388,8508.425,0,0,0,0
246.2,170,23,6,1,24,7,5288,1420,8512.245,0,1,0,0
246.3,170,22,7,1,23,8,5321,1437,8516.415,1,0,0,1
246.4,170,22,7,1,23,8,5285,1482,8519.945,0,0,0,0
246.5,171,22,6,1,23,7,5301,1501,8523.525,0,0,1,0
246.6,171,22,6,1,23,7,5385,1518,8527.425,0,0,0,0
246.7,171,22,6,1,23,7,5398,1539,8530.955,0,0,0,0
246.8,171,22,6,1,23,7,5381,1582,8534.625,0,0,0,0
246.9,171,21,7,1,22,8,5331,1615,8538.24,1,0,0,1
247,171,21,7,1,22,8,5285,1633,8541.825,0,0,0,0
247.1,171,21,7,1,22,8,5296,1658,8545.41,0,0,0,0
247.2,171,21,7,1,22,8,5286,1684,8549.09,0,0,0,0
247.3,171,21,7,1,22,8,5284,1736,8552.745,0,0,0,0
247.4,171,21,7,1,22,8,5279,1747,8556.4,0,0,0,0
247.5,171,21,7,1,22,8,5324,1774,8560.09,0,0,0,0
247.6,171,21,7,1,22,8,5340,1756,8563.725,0,0,0,0
247.7,171,21,7,1,22,8,5426,1778,8567.32,0,0,0,0
247.8,171,21,7,1,22,8,5456,1808,8570.665,0,0,0,0
247.9,171,21,7,1,22,8,5570,1868,8574.53,0,0,0,0
248,171,21,7,1,22,8,5573,1931,8577.91,0,0,0,0
248.1,171,21,7,1,22,8,5670,1949,8581.41,0,0,0,0
248.2,171,21,7,1,22,8,5767,1950,8584.31,0,0,0,0
248.3,171,21,7,1,22,8,5865,1939,8587.57,0,0,0,0
248.4,172,20,7,1,21,8,6007,1965,8590.815,1,0,0,0
248.5,172,20,7,1,21,8,6143,2012,8594.065,0,0,0,0
248.6,172,20,7,1,21,8,6322,2036,8597.1,0,0,0,0
248.7,173,19,7,1,20,8,6449,2064,8599.91,1,0,0,0
248.8,173,19,7,1,20,8,6661,2129,8602.42,0,0,0,0
248.9,173,19,7,1,20,8,6857,2193,8605.615,0,0,0,0
249,173,19,7,1,20,8,7078,2216,8607.855,0,0,0,0
249.1,173,19,7,1,20,8,7359,2274,8610.385,0,0,0,0
249.2,172,20,7,1,21,8,7696,2328,8612.88,0,1,0,0
249.3,172,20,7,1,21,8,8056,2395,8615.015,0,0,0,0
249.4,171,20,8,1,21,9,8427,2511,8617.04,0,0,0,1
249.5,171,20,8,1,21,9,8792,2611,8618.69,0,0,0,0
249.6,171,20,8,1,21,9,9198,2720,8620.31,0,0,0,0
249.7,170,21,8,1,22,9,9658,2838,8621.75,0,1,0,0
249.8,171,20,8,1,21,9,10155,2935,8623.12,1,0,0,0
249.9,172,20,7,1,21,8,10576,3051,8624.385,0,0,1,0
250,172,20,7,1,21,8,10884,3186,8624.605,0,0,0,0
250.1,171,21,7,1,22,8,11264,3297,8625.185,0,1,0,0
250.2,170,22,7,1,23,8,11460,3400,8625.435,0,1,0,0
250.3,170,22,7,1,23,8,11670,3569,8625.675,0,0,0,0
250.4,170,22,7,1,23,8,11803,3705,8625.29,0,0,0,0
250.5,171,21,7,1,22,8,11861,3861,8624.97,1,0,0,0
250.6,171,21,7,1,22,8,11940,4025,8624.6,0,0,0,0
250.7,171,21,7,1,22,8,11872,4244,8623.585,0,0,0,0
250.8,171,21,7,1,22,8,11724,4450,8622.38,0,0,0,0
250.9,171,21,6,2,23,8,11560,4710,8621.915,0,1,0,0
251,171,21,6,2,23,8,11376,4982,8621.53,0,0,0,0
251.1,171,21,6,2,23,8,11149,5234,8620.95,0,0,0,0
251.2,171,21,6,2,23,8,10860,5454,8619.935,0,0,0,0
251.3,171,21,6,2,23,8,10575,5721,8619.695,0,0,0,0
251.4,171,21,6,2,23,8,10245,6003,8619.12,0,0,0,0
251.5,171,21,6,2,23,8,9964,6305,8618.04,0,0,0,0
251.6,171,21,6,2,23,8,9617,6560,8617.025,0,0,0,0
251.7,171,21,6,2,23,8,9325,6799,8616.255,0,0,0,0
251.8,171,21,6,2,23,8,9083,7070,8616.19,0,0,0,0
251.9,171,21,6,2,23,8,8823,7261,8615.35,0,0,0,0
252,170,22,6,2,24,8,8498,7348,8614.125,0,1,0,0
252.1,170,22,6,2,24,8,8235,7493,8613.56,0,0,0,0
252.2,168,22,8,2,24,10,8022,7600,8613.125,0,0,0,2
252.3,168,22,8,2,24,10,7836,7660,8612.905,0,0,0,0
252.4,167,23,8,2,25,10,7681,7719,8612.285,0,1,0,0
252.5,168,22,8,2,24,10,7412,7733,8611.49,1,0,0,0
252.6,168,22,8,2,24,10,7252,7685,8610.99,0,0,0,0
252.7,169,22,7,2,24,9,7116,7725,8610.965,0,0,1,0
252.8,170,21,7,2,23,9,6985,7724,8611.125,1,0,0,0
252.9,169,21,8,2,23,10,6919,7610,8610.88,0,0,0,1
253,169,21,8,2,23,10,6873,7553,8610.72,0,0,0,0
253.1,169,21,8,2,23,10,6853,7459,8610.555,0,0,0,0
253.2,170,21,7,2,23,9,6857,7343,8610.065,0,0,1,0
253.3,170,21,7,2,23,9,6814,7302,8610.555,0,0,0,0
253.4,170,21,7,2,23,9,6875,7139,8610.96,0,0,0,0
253.5,170,21,7,2,23,9,6951,6958,8610.995,0,0,0,0
253.6,170,21,6,3,24,9,7080,6821,8611.305,0,1,0,0
253.7,170,22,6,2,24,8,7184,6717,8611.3,0,0,1,0
253.8,170,22,6,2,24,8,7324,6673,8611.755,0,0,0,0
253.9,170,22,6,2,24,8,7416,6596,8612.1,0,0,0,0
254,170,22,6,2,24,8,7574,6413,8611.94,0,0,0,0
254.1,170,22,6,2,24,8,7637,6327,8611.575,0,0,0,0
254.2,170,22,6,2,24,8,7755,6236,8611.63,0,0,0,0
254.3,170,22,6,2,24,8,7788,6156,8611.61,0,0,0,0
254.4,170,22,6,2,24,8,7717,6065,8611.615,0,0,0,0
254.5,170,22,6,2,24,8,7790,6004,8611.81,0,0,0,0
254.6,170,22,6,2,24,8,7764,5984,8612.42,0,0,0,0
254.7,170,22,6,2,24,8,7762,5904,8612.665,0,0,0,0
254.8,170,22,6,2,24,8,7693,5810,8612.445,0,0,0,0
254.9,170,22,6,2,24,8,7609,5682,8612.32,0,0,0,0
255,170,22,6,2,24,8,7543,5507,8612.665,0,0,0,0
255.1,170,22,6,2,24,8,7388,5413,8612.83,0,0,0,0
255.2,171,21,6,2,23,8,7348,5414,8613.39,1,0,0,0
255.3,171,21,6,2,23,8,7237,5310,8613.82,0,0,0,0
255.4,171,21,6,2,23,8,7198,5188,8614.565,0,0,0,0
255.5,171,21,6,2,23,8,7102,5044,8615.23,0,0,0,0
255.6,171,21,6,2,23,8,7030,4916,8616.005,0,0,0,0
255.7,171,21,6,2,23,8,7045,4782,8617.17,0,0,0,0
255.8,171,21,6,2,23,8,7013,4648,8618.285,0,0,0,0
255.9,171,21,6,2,23,8,7004,4517,8619.545,0,0,0,0
256,171,21,6,2,23,8,6991,4343,8620.785,0,0,0,0
256.1,171,21,6,2,23,8,7063,4219,8622.095,0,0,0,0
256.2,171,21,6,2,23,8,7103,4058,8622.81,0,0,0,0
256.3,171,21,6,2,23,8,7170,3973,8624.245,0,0,0,0
256.4,171,21,6,2,23,8,7257,3818,8625.235,0,0,0,0
256.5,171,21,6,2,23,8,7410,3715,8626.61,0,0,0,0
256.6,171,21,6,2,23,8,7553,3567,8627.915,0,0,0,0
256.7,171,21,6,2,23,8,7747,3481,8629.255,0,0,0,0
256.8,171,21,6,2,23,8,7881,3370,8630.575,0,0,0,0
256.9,171,21,6,2,23,8,7998,3249,8631.2,0,0,0,0
257,171,21,6,2,23,8,8128,3137,8632.265,0,0,0,0
257.1,171,21,6,2,23,8,8226,3084,8633.625,0,0,0,0
257.2,171,21,6,2,23,8,8307,3018,8634.83,0,0,0,0
257.3,171,21,6,2,23,8,8302,2978,8635.775,0,0,0,0
257.4,171,21,6,2,23,8,8300,2944,8637.195,0,0,0,0
257.5,172,20,6,2,22,8,8243,2938,8638.305,1,0,0,0
257.6,172,20,6,2,22,8,8277,2955,8639.625,0,0,0,0
257.7,173,19,6,2,21,8,8185,2963,8640.895,1,0,0,0
257.8,173,19,6,2,21,8,8119,3003,8641.83,0,0,0,0
257.9,173,19,6,2,21,8,8079,2984,8642.97,0,0,0,0
258,173,19,6,2,21,8,8051,2999,8644.165,0,0,0,0
258.1,173,19,6,2,21,8,8006,2993,8645.525,0,0,0,0
258.2,173,18,6,3,21,9,7947,3031,8646.78,0,0,0,1
258.3,173,18,6,3,21,9,7918,3045,8648.24,0,0,0,0
258.4,173,18,6,3,21,9,7863,3059,8649.34,0,0,0,0
258.5,173,19,6,2,21,8,7734,3067,8650.33,0,0,1,0
258.6,173,19,6,2,21,8,7666,3052,8651.78,0,0,0,0
258.7,172,20,6,2,22,8,7568,3058,8652.925,0,1,0,0
258.8,172,20,6,2,22,8,7493,3065,8654.24,0,0,0,0
258.9,172,20,6,2,22,8,7487,3044,8655.13,0,0,0,0
259,172,20,6,2,22,8,7405,3031,8656.225,0,0,0,0
259.1,172,20,6,2,22,8,7318,2957,8657.565,0,0,0,0
259.2,172,20,6,2,22,8,7294,2901,8659.19,0,0,0,0
259.3,172,20,6,2,22,8,7201,2841,8660.555,0,0,0,0
259.4,172,20,6,2,22,8,7110,2748,8662.175,0,0,0,0
259.5,172,20,6,2,22,8,7083,2680,8664.005,0,0,0,0
259.6,172,20,6,2,22,8,7035,2606,8665.81,0,0,0,0
259.7,172,20,6,2,22,8,6985,2537,8667.365,0,0,0,0
259.8,172,20,6,2,22,8,6940,2463,8669.1,0,0,0,0
259.9,172,20,6,2,22,8,6805,2408,8670.765,0,0,0,0
260,172,20,6,2,22,8,6719,2313,8673,0,0,0,0
260.1,172,20,6,2,22,8,6694,2213,8674.865,0,0,0,0
260.2,172,20,6,2,22,8,6629,2137,8676.815,0,0,0,0
260.3,172,20,6,2,22,8,6561,2021,8678.675,0,0,0,0
260.4,172,20,6,2,22,8,6453,1904,8680.6,0,0,0,0
260.5,172,20,6,2,22,8,6378,1800,8682.455,0,0,0,0
260.6,172,20,6,2,22,8,6327,1718,8684.825,0,0,0,0
260.7,172,20,6,2,22,8,6261,1638,8687.23,0,0,0,0
260.8,172,20,6,2,22,8,6182,1529,8689.28,0,0,0,0
260.9,172,20,6,2,22,8,6112,1483,8691.72,0,0,0,0
261,172,20,6,2,22,8,6091,1393,8694.25,0,0,0,0
261.1,172,20,6,2,22,8,6034,1335,8696.495,0,0,0,0
261.2,172,20,6,2,22,8,5953,1262,8698.765,0,0,0,0
261.3,172,20,6,2,22,8,5864,1202,8701.16,0,0,0,0
261.4,172,20,6,2,22,8,5771,1168,8703.93,0,0,0,0
261.5,172,20,6,2,22,8,5696,1120,8706.475,0,0,0,0
261.6,172,20,6,2,22,8,5606,1052,8709.25,0,0,0,0
261.7,172,20,6,2,22,8,5543,1027,8711.885,0,0,0,0
261.8,172,20,6,2,22,8,5525,967,8714.865,0,0,0,0
261.9,172,20,6,2,22,8,5507,948,8717.78,0,0,0,0
262,172,20,6,2,22,8,5489,916,8720.73,0,0,0,0
262.1,172,20,6,2,22,8,5472,875,8723.525,0,0,0,0
262.2,172,20,6,2,22,8,5457,830,8726.49,0,0,0,0
262.3,173,19,6,2,21,8,5436,792,8729.46,1,0,0,0
262.4,173,19,6,2,21,8,5410,774,8732.575,0,0,0,0
262.5,173,19,6,2,21,8,5456,745,8735.5,0,0,0,0
262.6,173,19,6,2,21,8,5421,715,8738.435,0,0,0,0
262.7,173,19,6,2,21,8,5425,691,8741.38,0,0,0,0
262.8,173,19,6,2,21,8,5502,662,8744.65,0,0,0,0
262.9,173,19,6,2,21,8,5524,638,8747.31,0,0,0,0
263,173,19,6,2,21,8,5668,623,8750.71,0,0,0,0
263.1,173,19,6,2,21,8,5760,605,8753.745,0,0,0,0
263.2,173,19,6,2,21,8,5887,600,8756.64,0,0,0,0
263.3,173,19,6,2,21,8,5948,592,8759.265,0,0,0,0
263.4,173,19,6,2,21,8,6149,565,8762.035,0,0,0,0
263.5,173,19,6,2,21,8,6293,551,8764.68,0,0,0,0
263.6,174,18,6,2,20,8,6412,550,8767.39,1,0,0,0
263.7,174,18,6,2,20,8,6561,539,8769.64,0,0,0,0
263.8,174,18,6,2,20,8,6819,545,8772.445,0,0,0,0
263.9,174,18,6,2,20,8,7028,532,8774.925,0,0,0,0
264,174,18,6,2,20,8,7271,529,8777.5,0,0,0,0
264.1,174,18,6,2,20,8,7486,511,8779.83,0,0,0,0
264.2,174,18,6,2,20,8,7650,496,8781.575,0,0,0,0
264.3,174,18,6,2,20,8,7855,506,8783.765,0,0,0,0
264.4,173,19,6,2,21,8,8003,496,8785.72,0,1,0,0
264.5,173,19,6,2,21,8,8170,492,8787.775,0,0,0,0
264.6,173,19,6,2,21,8,8149,511,8789.635,0,0,0,0
264.7,173,19,6,2,21,8,8174,526,8791.51,0,0,0,0
264.8,173,19,6,2,21,8,8170,511,8793.27,0,0,0,0
264.9,172,20,6,2,22,8,8143,498,8794.955,0,1,0,0
265,172,20,6,2,22,8,8085,494,8796.685,0,0,0,0
265.1,172,20,6,2,22,8,8047,499,8798.85,0,0,0,0
265.2,172,20,6,2,22,8,7932,514,8800.37,0,0,0,0
265.3,172,20,6,2,22,8,7823,521,8802.04,0,0,0,0
265.4,172,20,6,2,22,8,7676,528,8803.86,0,0,0,0
265.5,172,20,6,2,22,8,7517,524,8805.375,0,0,0,0
265.6,172,20,6,2,22,8,7316,521,8807.15,0,0,0,0
265.7,172,20,6,2,22,8,7130,515,8809.19,0,0,0,0
265.8,172,20,6,2,22,8,7004,508,8811.02,0,0,0,0
265.9,172,20,6,2,22,8,6871,505,8813.055,0,0,0,0
266,172,20,6,2,22,8,6768,519,8815.35,0,0,0,0
266.1,173,19,6,2,21,8,6666,510,8817.63,1,0,0,0
266.2,173,19,6,2,21,8,6580,517,8819.715,0,0,0,0
266.3,173,19,6,2,21,8,6460,530,8821.85,0,0,0,0
266.4,173,19,6,2,21,8,6406,528,8824.075,0,0,0,0
266.5,173,19,6,2,21,8,6328,537,8826.535,0,0,0,0
266.6,173,19,6,2,21,8,6243,540,8828.99,0,0,0,0
266.7,173,19,6,2,21,8,6219,529,8831.145,0,0,0,0
266.8,173,19,6,2,21,8,6116,530,8833.68,0,0,0,0
266.9,173,19,6,2,21,8,6061,537,8835.88,0,0,0,0
267,173,19,6,2,21,8,6042,541,8838.415,0,0,0,0
267.1,173,19,6,2,21,8,6017,541,8840.945,0,0,0,0
267.2,172,20,6,2,22,8,6004,555,8843.23,0,1,0,0
267.3,172,20,6,2,22,8,6018,574,8845.87,0,0,0,0
267.4,172,20,6,2,22,8,6004,600,8848.365,0,0,0,0
267.5,172,20,6,2,22,8,5986,605,8850.515,0,0,0,0
267.6,172,20,6,2,22,8,5980,589,8853.025,0,0,0,0
267.7,172,20,6,2,22,8,6008,588,8855.24,0,0,0,0
267.8,172,20,6,2,22,8,6078,625,8857.42,0,0,0,0
267.9,172,20,6,2,22,8,6204,623,8859.67,0,0,0,0
268,172,20,6,2,22,8,6274,643,8861.955,0,0,0,0
268.1,173,19,6,2,21,8,6400,664,8863.955,1,0,0,0
268.2,174,19,5,2,21,7,6559,668,8865.97,0,0,1,0
268.3,173,20,5,2,22,7,6771,661,8868.32,0,1,0,0
268.4,173,20,5,2,22,7,6897,653,8870.175,0,0,0,0
268.5,173,20,5,2,22,7,7096,657,8872.365,0,0,0,0
268.6,173,20,5,2,22,7,7278,677,8874.36,0,0,0,0
268.7,174,20,4,2,22,6,7500,701,8875.92,0,0,1,0
268.8,174,20,4,2,22,6,7774,712,8877.75,0,0,0,0
268.9,174,20,4,2,22,6,7954,706,8878.84,0,0,0,0
269,174,20,4,2,22,6,8173,718,8880.335,0,0,0,0
269.1,174,20,4,2,22,6,8348,739,8881.685,0,0,0,0
269.2,174,20,4,2,22,6,8609,760,8882.925,0,0,0,0
269.3,174,20,4,2,22,6,8766,789,8883.925,0,0,0,0
269.4,175,20,3,2,22,5,8903,803,8884.845,0,0,1,0
269.5,175,20,3,2,22,5,9083,813,8885.905,0,0,0,0
269.6,174,21,3,2,23,5,9228,839,8886.875,0,1,0,0
269.7,174,21,3,2,23,5,9391,850,8887.92,0,0,0,0
269.8,175,20,3,2,22,5,9442,859,8888.51,1,0,0,0
269.9,175,20,3,2,22,5,9547,872,8888.855,0,0,0,0
270,174,21,3,2,23,5,9643,885,8889.35,0,1,0,0
270.1,175,20,4,1,21,5,9729,883,8889.94,2,0,0,0
270.2,175,20,4,1,21,5,9802,896,8890.31,0,0,0,0
270.3,175,20,4,1,21,5,9831,899,8890.38,0,0,0,0
270.4,175,20,4,1,21,5,9897,907,8890.83,0,0,0,0
270.5,175,20,4,1,21,5,9982,911,8890.92,0,0,0,0
270.6,174,21,4,1,22,5,10034,924,8891.3,0,1,0,0
270.7,174,21,4,1,22,5,10134,939,8891.8,0,0,0,0
270.8,174,21,4,1,22,5,10084,940,8891.67,0,0,0,0
270.9,174,21,4,1,22,5,10124,958,8892.2,0,0,0,0
271,174,21,4,1,22,5,10086,985,8892.25,0,0,0,0
271.1,175,20,4,1,21,5,10074,991,8892.645,1,0,0,0
271.2,175,20,4,1,21,5,10018,991,8892.91,0,0,0,0
271.3,175,20,4,1,21,5,9869,993,8893.02,0,0,0,0
271.4,175,20,4,1,21,5,9761,990,8893.035,0,0,0,0
271.5,175,20,4,1,21,5,9709,1006,8893.53,0,0,0,0
271.6,176,20,3,1,21,4,9531,1023,8893.86,0,0,1,0
271.7,176,20,3,1,21,4,9385,1041,8894.17,0,0,0,0
271.8,176,20,3,1,21,4,9242,1049,8894.46,0,0,0,0
271.9,176,20,3,1,21,4,9142,1039,8894.97,0,0,0,0
272,176,20,3,1,21,4,8945,1038,8894.91,0,0,0,0
272.1,176,20,3,1,21,4,8813,1040,8895.455,0,0,0,0
272.2,176,20,3,1,21,4,8711,1054,8895.875,0,0,0,0
272.3,176,20,3,1,21,4,8622,1017,8896.495,0,0,0,0
272.4,176,20,3,1,21,4,8565,1013,8897.29,0,0,0,0
272.5,176,20,3,1,21,4,8440,1019,8897.81,0,0,0,0
272.6,176,20,3,1,21,4,8352,1047,8898.335,0,0,0,0
272.7,176,20,3,1,21,4,8351,1053,8899.065,0,0,0,0
272.8,176,20,3,1,21,4,8339,1075,8899.815,0,0,0,0
272.9,175,21,3,1,22,4,8332,1092,8900.595,0,1,0,0
273,175,21,3,1,22,4,8386,1108,8901.495,0,0,0,0
273.1,175,21,3,1,22,4,8456,1115,8902.34,0,0,0,0
273.2,175,21,3,1,22,4,8561,1146,8903.17,0,0,0,0
273.3,175,21,3,1,22,4,8598,1132,8903.355,0,0,0,0
273.4,175,21,3,1,22,4,8728,1134,8903.69,0,0,0,0
273.5,175,21,3,1,22,4,8840,1159,8904.215,0,0,0,0
273.6,175,21,3,1,22,4,8941,1186,8904.95,0,0,0,0
273.7,175,21,3,1,22,4,9040,1207,8905.48,0,0,0,0
273.8,175,21,3,1,22,4,9109,1226,8905.595,0,0,0,0
273.9,175,21,3,1,22,4,9180,1232,8905.88,0,0,0,0
274,175,21,3,1,22,4,9221,1229,8906.005,0,0,0,0
274.1,174,22,3,1,23,4,9281,1248,8906.235,0,1,0,0
274.2,174,22,3,1,23,4,9238,1290,8906.505,0,0,0,0
274.3,174,22,3,1,23,4,9244,1326,8906.555,0,0,0,0
274.4,174,22,3,1,23,4,9172,1326,8906.65,0,0,0,0
274.5,174,22,3,1,23,4,9162,1372,8906.84,0,0,0,0
274.6,174,22,3,1,23,4,9167,1367,8907.05,0,0,0,0
274.7,173,23,3,1,24,4,9132,1397,8906.9,0,1,0,0
274.8,173,23,3,1,24,4,9125,1405,8907.065,0,0,0,0
274.9,173,23,3,1,24,4,9140,1438,8907,0,0,0,0
275,173,23,3,1,24,4,9142,1474,8906.77,0,0,0,0
275.1,173,23,3,1,24,4,9146,1448,8906.64,0,0,0,0
275.2,173,23,3,1,24,4,9174,1472,8906.99,0,0,0,0
275.3,173,23,3,1,24,4,9316,1459,8907.205,0,0,0,0
275.4,173,23,3,1,24,4,9472,1479,8907.65,0,0,0,0
275.5,173,23,3,1,24,4,9544,1507,8907.21,0,0,0,0
275.6,173,23,3,1,24,4,9694,1518,8907.375,0,0,0,0
275.7,173,23,3,1,24,4,9886,1516,8907.115,0,0,0,0
275.8,173,23,3,1,24,4,9997,1546,8906.495,0,0,0,0
275.9,173,23,3,1,24,4,10102,1550,8905.815,0,0,0,0
276,173,23,3,1,24,4,10169,1565,8905.045,0,0,0,0
276.1,173,23,3,1,24,4,10296,1583,8904.245,0,0,0,0
276.2,173,23,3,1,24,4,10416,1589,8903.73,0,0,0,0
276.3,173,23,3,1,24,4,10507,1600,8902.905,0,0,0,0
276.4,173,23,3,1,24,4,10580,1630,8901.98,0,0,0,0
276.5,173,23,3,1,24,4,10776,1597,8901.18,0,0,0,0
276.6,173,23,3,1,24,4,10811,1598,8900.41,0,0,0,0
276.7,173,23,3,1,24,4,10912,1607,8899.83,0,0,0,0
276.8,173,23,3,1,24,4,11064,1575,8899.335,0,0,0,0
276.9,173,23,3,1,24,4,11188,1583,8898.37,0,0,0,0
277,173,23,3,1,24,4,11282,1595,8897.26,0,0,0,0
277.1,173,23,3,1,24,4,11329,1607,8896.385,0,0,0,0
277.2,173,23,3,1,24,4,11304,1623,8895.77,0,0,0,0
277.3,173,23,3,1,24,4,11244,1580,8894.48,0,0,0,0
277.4,173,23,3,1,24,4,11143,1562,8893.265,0,0,0,0
277.5,172,23,4,1,24,5,11111,1546,8891.985,0,0,0,1
277.6,172,23,4,1,24,5,11019,1547,8890.795,0,0,0,0
277.7,172,23,4,1,24,5,10945,1570,8890.215,0,0,0,0
277.8,172,23,4,1,24,5,10875,1586,8889.575,0,0,0,0
277.9,172,23,4,1,24,5,10732,1568,8888.46,0,0,0,0
278,171,24,4,1,25,5,10762,1568,8887.69,0,1,0,0
278.1,171,24,4,1,25,5,10687,1544,8886.765,0,0,0,0
278.2,171,25,4,0,25,4,10739,1512,8885.905,0,0,1,0
278.3,171,25,4,0,25,4,10775,1507,8885.265,0,0,0,0
278.4,171,25,4,0,25,4,10869,1495,8884.4,0,0,0,0
278.5,171,25,4,0,25,4,10985,1508,8883.45,0,0,0,0
278.6,171,25,4,0,25,4,11071,1497,8882.775,0,0,0,0
278.7,171,25,4,0,25,4,11216,1492,8881.87,0,0,0,0
278.8,171,25,4,0,25,4,11359,1471,8880.795,0,0,0,0
278.9,171,25,4,0,25,4,11561,1463,8879.385,0,0,0,0
279,171,25,4,0,25,4,11689,1440,8877.96,0,0,0,0
279.1,171,25,4,0,25,4,11800,1431,8876.505,0,0,0,0
279.2,170,26,4,0,26,4,11941,1456,8875.36,0,1,0,0
279.3,170,26,4,0,26,4,12025,1429,8873.685,0,0,0,0
279.4,170,26,4,0,26,4,12097,1397,8872.4,0,0,0,0
279.5,170,26,4,0,26,4,12116,1372,8871.5,0,0,0,0
279.6,169,26,5,0,26,5,12148,1370,8870.305,0,0,0,1
279.7,170,26,4,0,26,4,12022,1361,8868.635,0,0,1,0
279.8,170,26,4,0,26,4,11802,1334,8867.11,0,0,0,0
279.9,170,26,4,0,26,4,11648,1300,8866.38,0,0,0,0
280,171,25,4,0,25,4,11441,1300,8865.345,1,0,0,0
280.1,171,25,4,0,25,4,11207,1271,8864.45,0,0,0,0
280.2,171,25,4,0,25,4,11007,1286,8863.585,0,0,0,0
280.3,170,26,4,0,26,4,10659,1281,8862.825,0,1,0,0
280.4,170,26,4,0,26,4,10268,1260,8861.735,0,0,0,0
280.5,171,25,4,0,25,4,9957,1258,8861.49,1,0,0,0
280.6,171,25,4,0,25,4,9743,1237,8861.2,0,0,0,0
280.7,171,25,4,0,25,4,9431,1235,8860.735,0,0,0,0
280.8,171,25,4,0,25,4,9201,1226,8860.83,0,0,0,0
280.9,171,25,4,0,25,4,8940,1224,8860.635,0,0,0,0
281,173,23,4,0,23,4,8726,1230,8860.5,2,0,0,0
281.1,173,23,4,0,23,4,8516,1221,8860.705,0,0,0,0
281.2,173,23,4,0,23,4,8333,1236,8860.765,0,0,0,0
281.3,173,23,4,0,23,4,8233,1249,8861.19,0,0,0,0
281.4,173,23,4,0,23,4,8098,1247,8861.275,0,0,0,0
281.5,173,23,4,0,23,4,8029,1260,8861.72,0,0,0,0
281.6,173,23,4,0,23,4,7973,1279,8861.91,0,0,0,0
281.7,173,23,4,0,23,4,7964,1288,8862.38,0,0,0,0
281.8,173,23,4,0,23,4,7992,1322,8862.745,0,0,0,0
281.9,173,23,4,0,23,4,8068,1359,8863.295,0,0,0,0
282,173,23,4,0,23,4,8157,1408,8863.945,0,0,0,0
282.1,173,23,4,0,23,4,8235,1458,8864.195,0,0,0,0
282.2,173,23,4,0,23,4,8268,1526,8864.555,0,0,0,0
282.3,173,23,4,0,23,4,8362,1603,8865.05,0,0,0,0
282.4,173,23,4,0,23,4,8441,1660,8865.06,0,0,0,0
282.5,173,23,4,0,23,4,8531,1736,8865.4,0,0,0,0
282.6,173,23,4,0,23,4,8588,1831,8865.445,0,0,0,0
282.7,173,23,4,0,23,4,8632,1939,8865.485,0,0,0,0
282.8,172,24,4,0,24,4,8653,2047,8865.72,0,1,0,0
282.9,172,24,4,0,24,4,8629,2168,8865.465,0,0,0,0
283,172,24,4,0,24,4,8623,2273,8865.345,0,0,0,0
283.1,172,24,4,0,24,4,8613,2442,8865.555,0,0,0,0
283.2,172,24,4,0,24,4,8480,2584,8865.38,0,0,0,0
283.3,171,24,5,0,24,5,8407,2715,8865.035,0,0,0,1
283.4,171,24,5,0,24,5,8302,2836,8864.345,0,0,0,0
283.5,171,24,5,0,24,5,8169,2964,8864.345,0,0,0,0
283.6,171,24,5,0,24,5,8120,3051,8863.935,0,0,0,0
283.7,171,24,5,0,24,5,7949,3159,8863.39,0,0,0,0
283.8,171,24,5,0,24,5,7828,3290,8863.26,0,0,0,0
283.9,171,24,5,0,24,5,7609,3372,8862.52,0,0,0,0
284,171,24,5,0,24,5,7449,3433,8862.005,0,0,0,0
284.1,171,24,5,0,24,5,7248,3445,8861.48,0,0,0,0
284.2,171,24,5,0,24,5,7098,3453,8860.88,0,0,0,0
284.3,171,24,5,0,24,5,6975,3418,8860.81,0,0,0,0
284.4,171,24,5,0,24,5,6885,3391,8860.665,0,0,0,0
284.5,171,24,5,0,24,5,6765,3371,8860.645,0,0,0,0
284.6,171,24,5,0,24,5,6689,3314,8860.42,0,0,0,0
284.7,171,24,5,0,24,5,6605,3210,8860.22,0,0,0,0
284.8,171,24,5,0,24,5,6461,3151,8860.035,0,0,0,0
284.9,172,23,5,0,23,5,6315,3102,8860.035,1,0,0,0
285,172,23,5,0,23,5,6259,3040,8860.685,0,0,0,0
285.1,172,23,5,0,23,5,6206,2960,8860.835,0,0,0,0
285.2,172,23,5,0,23,5,6113,2855,8861.255,0,0,0,0
285.3,172,23,5,0,23,5,6079,2765,8861.96,0,0,0,0
285.4,172,23,5,0,23,5,6024,2669,8862.31,0,0,0,0
285.5,172,23,5,0,23,5,5975,2571,8862.81,0,0,0,0
285.6,171,24,5,0,24,5,5945,2457,8863.445,0,1,0,0
285.7,171,24,5,0,24,5,5938,2394,8864.395,0,0,0,0
285.8,171,24,5,0,24,5,5953,2324,8865.8,0,0,0,0
285.9,171,24,5,0,24,5,5890,2236,8866.06,0,0,0,0
286,171,24,5,0,24,5,5881,2161,8866.94,0,0,0,0
286.1,171,24,5,0,24,5,5915,2080,8867.78,0,0,0,0
286.2,171,24,5,0,24,5,5988,2009,8868.89,0,0,0,0
286.3,171,24,5,0,24,5,6088,1956,8869.82,0,0,0,0
286.4,171,24,5,0,24,5,6137,1898,8870.74,0,0,0,0
286.5,170,25,5,0,25,5,6218,1837,8871.595,0,1,0,0
286.6,170,25,5,0,25,5,6270,1751,8872.77,0,0,0,0
286.7,170,25,5,0,25,5,6440,1720,8873.94,0,0,0,0
286.8,171,24,5,0,24,5,6592,1697,8874.95,1,0,0,0
286.9,171,24,5,0,24,5,6715,1657,8875.955,0,0,0,0
287,171,24,5,0,24,5,6892,1605,8876.835,0,0,0,0
287.1,171,24,5,0,24,5,7063,1580,8877.305,0,0,0,0
287.2,171,24,5,0,24,5,7238,1555,8878.355,0,0,0,0
287.3,171,24,5,0,24,5,7429,1535,8879.25,0,0,0,0
287.4,171,24,5,0,24,5,7602,1531,8879.67,0,0,0,0
287.5,171,24,5,0,24,5,7839,1560,8880.135,0,0,0,0
287.6,171,24,5,0,24,5,8116,1533,8880.625,0,0,0,0
287.7,171,24,5,0,24,5,8280,1537,8880.58,0,0,0,0
287.8,171,24,5,0,24,5,8455,1559,8880.91,0,0,0,0
287.9,171,24,5,0,24,5,8550,1585,8881.13,0,0,0,0
288,171,24,5,0,24,5,8678,1613,8880.845,0,0,0,0
288.1,171,24,5,0,24,5,8809,1659,8880.705,0,0,0,0
288.2,171,24,5,0,24,5,8850,1696,8880.625,0,0,0,0
288.3,171,24,5,0,24,5,8924,1760,8880.755,0,0,0,0
288.4,170,24,6,0,24,6,9012,1839,8880.715,1,1,0,1
288.5,170,24,6,0,24,6,8981,1924,8880.345,0,0,0,0
288.6,170,24,6,0,24,6,8945,2038,8879.945,0,0,0,0
288.7,170,24,6,0,24,6,8887,2150,8879.385,0,0,0,0
288.8,169,24,7,0,24,7,8759,2268,8878.635,0,0,0,1
288.9,169,24,7,0,24,7,8657,2401,8878.35,0,0,0,0
289,169,24,7,0,24,7,8607,2495,8877.98,0,0,0,0
289.1,169,24,7,0,24,7,8490,2651,8877.75,0,0,0,0
289.2,168,24,8,0,24,8,8424,2752,8877.285,0,0,0,1
289.3,169,24,7,0,24,7,8356,2942,8876.875,0,0,1,0
289.4,169,24,7,0,24,7,8307,3090,8877.13,0,0,0,0
289.5,168,25,7,0,25,7,8259,3278,8876.62,0,1,0,0
289.6,168,25,7,0,25,7,8223,3386,8875.965,0,0,0,0
289.7,168,25,7,0,25,7,8174,3460,8875.05,0,0,0,0
289.8,168,25,7,0,25,7,8142,3490,8874.45,0,0,0,0
289.9,169,24,7,0,24,7,8123,3532,8873.71,1,0,0,0
290,169,24,7,0,24,7,8096,3574,8873.1,0,0,0,0
290.1,169,24,7,0,24,7,8061,3644,8872.31,1,1,0,0
290.2,169,24,7,0,24,7,8115,3673,8871.81,0,0,0,0
290.3,169,24,7,0,24,7,8186,3717,8871.215,0,0,0,0
290.4,170,23,7,0,23,7,8298,3710,8870.65,1,0,0,0
290.5,170,23,7,0,23,7,8348,3660,8869.8,0,0,0,0
290.6,170,23,7,0,23,7,8507,3634,8868.905,0,0,0,0
290.7,170,23,7,0,23,7,8648,3588,8868.135,0,0,0,0
290.8,170,23,7,0,23,7,8766,3502,8867.255,0,0,0,0
290.9,170,23,7,0,23,7,8873,3393,8866.11,0,0,0,0
291,170,23,7,0,23,7,9062,3308,8865.085,0,0,0,0
291.1,169,24,7,0,24,7,9212,3197,8863.895,0,1,0,0
291.2,169,24,7,0,24,7,9308,3126,8862.475,0,0,0,0
291.3,169,24,7,0,24,7,9412,3025,8861.295,0,0,0,0
291.4,169,24,7,0,24,7,9512,2919,8859.86,0,0,0,0
291.5,169,24,7,0,24,7,9539,2830,8858.695,0,0,0,0
291.6,169,24,7,0,24,7,9588,2785,8857.705,0,0,0,0
291.7,169,24,7,0,24,7,9625,2700,8856.565,0,0,0,0
291.8,169,24,7,0,24,7,9613,2656,8855.35,0,0,0,0
291.9,169,24,7,0,24,7,9601,2624,8854.025,0,0,0,0
292,169,24,7,0,24,7,9579,2629,8852.825,0,0,0,0
292.1,169,24,7,0,24,7,9610,2615,8851.84,0,0,0,0
292.2,168,25,7,0,25,7,9616,2584,8850.725,0,1,0,0
292.3,168,25,7,0,25,7,9654,2584,8849.81,0,0,0,0
292.4,168,25,7,0,25,7,9816,2601,8849.185,0,0,0,0
292.5,168,25,7,0,25,7,9840,2616,8848.005,0,0,0,0
292.6,168,25,7,0,25,7,9852,2664,8847.02,0,0,0,0
292.7,166,27,7,0,27,7,9956,2726,8845.82,0,2,0,0
292.8,166,27,7,0,27,7,10097,2797,8845.1,0,0,0,0
292.9,166,27,7,0,27,7,10112,2898,8843.575,0,0,0,0
293,166,27,7,0,27,7,10149,3008,8842.455,0,0,0,0
293.1,166,27,7,0,27,7,10216,3134,8840.96,0,0,0,0
293.2,166,27,7,0,27,7,10178,3250,8839.275,0,0,0,0
293.3,166,27,7,0,27,7,10113,3359,8838.05,0,0,0,0
293.4,166,27,7,0,27,7,10032,3524,8836.26,0,0,0,0
293.5,166,27,7,0,27,7,9917,3677,8834.725,0,0,0,0
293.6,166,27,7,0,27,7,9832,3842,8833.63,0,0,0,0
293.7,166,27,7,0,27,7,9776,4044,8832.27,0,0,0,0
293.8,166,27,7,0,27,7,9682,4205,8830.655,0,0,0,0
293.9,166,27,7,0,27,7,9471,4397,8828.495,0,0,0,0
294,166,27,7,0,27,7,9317,4570,8826.87,0,0,0,0
294.1,166,27,7,0,27,7,9207,4784,8825.29,0,0,0,0
294.2,167,26,7,0,26,7,9071,4990,8823.545,1,0,0,0
294.3,167,26,7,0,26,7,8912,5094,8821.395,0,0,0,0
294.4,167,26,7,0,26,7,8779,5260,8820.025,0,0,0,0
294.5,167,26,7,0,26,7,8628,5439,8818.26,0,0,0,0
294.6,167,26,7,0,26,7,8498,5603,8816.73,0,0,0,0
294.7,166,26,8,0,26,8,8431,5665,8815.085,0,0,0,1
294.8,166,26,8,0,26,8,8329,5739,8813.175,0,0,0,0
294.9,166,26,8,0,26,8,8337,5788,8811.145,0,0,0,0
295,166,26,8,0,26,8,8377,5845,8809.195,0,0,0,0
295.1,166,26,8,0,26,8,8463,5878,8807.645,0,0,0,0
295.2,166,26,8,0,26,8,8592,5872,8805.59,0,0,0,0
295.3,166,26,8,0,26,8,8667,5881,8803.695,0,0,0,0
295.4,166,26,8,0,26,8,8842,5872,8801.93,0,0,0,0
295.5,164,27,9,0,27,9,9035,5905,8800.585,0,1,0,1
295.6,164,27,9,0,27,9,9260,5850,8798.36,0,0,0,0
295.7,164,27,9,0,27,9,9491,5868,8796.3,0,0,0,0
295.8,165,26,9,0,26,9,9724,5797,8794.095,1,0,0,0
295.9,165,26,9,0,26,9,9960,5749,8791.75,0,0,0,0
296,165,26,9,0,26,9,10227,5695,8789.73,0,0,0,0
296.1,165,26,9,0,26,9,10494,5575,8787.33,0,0,0,0
296.2,165,26,9,0,26,9,10773,5501,8784.52,0,0,0,0
296.3,165,26,9,0,26,9,10988,5412,8781.61,0,0,0,0
296.4,165,26,9,0,26,9,11296,5304,8778.94,0,0,0,0
296.5,165,26,9,0,26,9,11498,5187,8775.77,0,0,0,0
296.6,165,26,9,0,26,9,11709,5048,8773.08,0,0,0,0
296.7,165,26,9,0,26,9,11956,4931,8770.195,0,0,0,0
296.8,165,26,9,0,26,9,12139,4824,8767.335,0,0,0,0
296.9,165,26,9,0,26,9,12285,4732,8764.54,0,0,0,0
297,166,25,9,0,25,9,12452,4583,8761.705,1,0,0,0
297.1,166,25,9,0,25,9,12594,4461,8759.16,0,0,0,0
297.2,166,25,9,0,25,9,12695,4339,8756.335,0,0,0,0
297.3,166,25,9,0,25,9,12787,4200,8753.445,0,0,0,0
297.4,166,25,9,0,25,9,12939,4032,8750.91,0,0,0,0
297.5,166,25,9,0,25,9,12960,3901,8747.91,0,0,0,0
297.6,165,26,9,0,26,9,12884,3843,8744.94,0,1,0,0
297.7,165,26,9,0,26,9,12811,3728,8742.03,0,0,0,0
297.8,164,26,10,0,26,10,12600,3658,8738.815,0,0,0,1
297.9,163,27,10,0,27,10,12398,3602,8736.115,0,1,0,0
298,163,27,10,0,27,10,12154,3583,8733.855,0,0,0,0
298.1,164,26,10,0,26,10,11910,3528,8731.445,1,0,0,0
298.2,164,26,10,0,26,10,11638,3490,8729.405,0,0,0,0
298.3,164,26,10,0,26,10,11417,3446,8727.3,0,0,0,0
298.4,164,26,10,0,26,10,11105,3465,8725.565,0,0,0,0
298.5,164,26,10,0,26,10,10790,3465,8723.56,0,0,0,0
298.6,164,26,10,0,26,10,10516,3454,8722.2,0,0,0,0
298.7,164,26,10,0,26,10,10136,3551,8720.735,0,0,0,0
298.8,164,26,10,0,26,10,9788,3610,8719.285,0,0,0,0
298.9,163,27,10,0,27,10,9477,3722,8718.225,0,1,0,0
299,163,27,10,0,27,10,9179,3836,8717.55,0,0,0,0
299.1,163,27,10,0,27,10,8898,3923,8716.505,0,0,0,0
299.2,163,27,10,0,27,10,8682,4015,8715.755,0,0,0,0
299.3,163,27,10,0,27,10,8470,4207,8715.085,0,0,0,0
299.4,164,26,10,0,26,10,8286,4352,8714.54,1,0,0,0
299.5,164,26,10,0,26,10,8010,4499,8713.8,0,0,0,0
299.6,165,26,9,0,26,9,7787,4738,8712.99,0,0,1,0
299.7,165,26,9,0,26,9,7504,4938,8711.955,0,0,0,0
299.8,165,26,9,0,26,9,7359,5130,8711.085,0,0,0,0
299.9,165,26,9,0,26,9,7205,5330,8710.235,0,0,0,0
300,164,26,10,0,26,10,7055,5543,8709.22,0,0,0,1
300.1,164,26,10,0,26,10,6920,5760,8708.49,0,0,0,0
300.2,163,26,11,0,26,11,6867,5941,8707.91,0,0,0,1
300.3,163,26,11,0,26,11,6798,6110,8707.165,0,0,0,0
300.4,164,26,10,0,26,10,6706,6261,8706.16,0,0,1,0
300.5,165,26,9,0,26,9,6633,6350,8704.99,0,0,1,0
300.6,165,26,9,0,26,9,6621,6468,8704.155,0,0,0,0
300.7,165,26,9,0,26,9,6545,6538,8702.835,0,0,0,0
300.8,165,26,9,0,26,9,6556,6661,8702.01,0,0,0,0
300.9,165,26,9,0,26,9,6566,6681,8700.975,0,0,0,0
301,165,26,9,0,26,9,6639,6683,8699.6,0,0,0,0
301.1,165,26,9,0,26,9,6762,6668,8698.685,0,0,0,0
301.2,165,26,9,0,26,9,6888,6582,8697.34,0,0,0,0
301.3,165,26,9,0,26,9,7023,6542,8695.97,0,0,0,0
301.4,165,26,9,0,26,9,7170,6446,8694.58,0,0,0,0
301.5,165,26,9,0,26,9,7312,6365,8693.34,0,0,0,0
301.6,165,26,9,0,26,9,7504,6226,8691.845,0,0,0,0
301.7,164,26,10,0,26,10,7767,6184,8690.93,0,0,0,1
301.8,164,26,10,0,26,10,8004,6024,8689.655,0,0,0,0
301.9,164,26,10,0,26,10,8291,5876,8688.39,0,0,0,0
302,164,26,10,0,26,10,8609,5711,8687.285,0,0,0,0
302.1,163,26,11,0,26,11,8905,5513,8685.48,0,0,0,1
302.2,163,26,11,0,26,11,9201,5337,8683.85,0,0,0,0
302.3,163,26,11,0,26,11,9591,5180,8682.395,0,0,0,0
302.4,162,26,12,0,26,12,9916,5009,8680.965,0,0,0,1
302.5,163,25,12,0,25,12,10202,4848,8679.155,1,0,0,0
302.6,164,24,12,0,24,12,10478,4663,8677.165,1,0,0,0
302.7,164,24,12,0,24,12,10767,4474,8675.185,0,0,0,0
302.8,164,24,12,0,24,12,10981,4338,8673.5,0,0,0,0
302.9,164,24,12,0,24,12,11165,4197,8671.535,0,0,0,0
303,164,24,12,0,24,12,11377,4020,8669.71,0,0,0,0
303.1,164,24,12,0,24,12,11449,3884,8667.815,0,0,0,0
303.2,164,24,12,0,24,12,11507,3731,8666.125,0,0,0,0
303.3,163,25,12,0,25,12,11567,3639,8664.34,0,1,0,0
303.4,164,25,11,0,25,11,11610,3536,8662.865,0,0,1,0
303.5,164,25,11,0,25,11,11523,3417,8661.055,0,0,0,0
303.6,164,25,11,0,25,11,11475,3326,8659.36,0,0,0,0
303.7,164,25,11,0,25,11,11473,3257,8658.035,0,0,0,0
303.8,164,25,11,0,25,11,11373,3215,8656.33,0,0,0,0
303.9,164,25,11,0,25,11,11308,3173,8654.71,0,0,0,0
304,164,25,11,0,25,11,11313,3136,8653.6,0,0,0,0
304.1,164,25,11,0,25,11,11235,3043,8652.015,0,0,0,0
304.2,164,25,11,0,25,11,11158,2977,8650.705,0,0,0,0
304.3,164,25,11,0,25,11,11133,2969,8649.845,0,0,0,0
304.4,163,26,11,0,26,11,11001,2920,8648.13,0,1,0,0
304.5,164,25,11,0,25,11,11013,2980,8647.28,1,0,0,0
304.6,163,26,10,1,27,11,10928,3020,8646.045,0,2,0,0
304.7,163,26,10,1,27,11,10796,3064,8644.74,0,0,0,0
304.8,164,25,10,1,26,11,10656,3115,8643.56,1,0,0,0
304.9,164,25,10,1,26,11,10549,3180,8642.44,0,0,0,0
305,164,25,10,1,26,11,10391,3269,8641.335,0,0,0,0
305.1,164,25,10,1,26,11,10093,3350,8639.725,0,0,0,0
305.2,164,25,10,1,26,11,9896,3454,8638.56,0,0,0,0
305.3,164,25,10,1,26,11,9693,3563,8637.91,0,0,0,0
305.4,163,26,10,1,27,11,9449,3718,8636.995,0,1,0,0
305.5,162,27,10,1,28,11,9248,3893,8635.845,0,1,0,0
305.6,163,26,10,1,27,11,9071,4093,8634.995,1,0,0,0
305.7,163,26,10,1,27,11,8855,4238,8634.345,0,0,0,0
305.8,163,26,10,1,27,11,8564,4458,8633.685,0,0,0,0
305.9,163,26,10,1,27,11,8376,4610,8632.925,0,0,0,0
306,163,26,10,1,27,11,8176,4847,8632.165,0,0,0,0
306.1,163,26,10,1,27,11,8024,5033,8631.79,0,0,0,0
306.2,162,27,11,0,27,11,7924,5224,8631.34,1,1,0,0
306.3,162,27,11,0,27,11,7827,5426,8630.655,0,0,0,0
306.4,162,27,11,0,27,11,7852,5667,8630.38,0,0,0,0
306.5,162,27,11,0,27,11,7795,5902,8629.965,0,0,0,0
306.6,162,27,11,0,27,11,7814,6053,8628.825,0,0,0,0
306.7,162,27,11,0,27,11,7805,6223,8627.95,0,0,0,0
306.8,162,27,11,0,27,11,7891,6428,8627.27,0,0,0,0
306.9,162,27,11,0,27,11,7959,6608,8625.915,0,0,0,0
307,162,27,11,0,27,11,8052,6794,8624.665,0,0,0,0
307.1,161,28,11,0,28,11,8262,6988,8623.485,0,1,0,0
307.2,161,28,11,0,28,11,8524,7255,8622.23,0,0,0,0
307.3,160,28,12,0,28,12,8696,7482,8620.72,0,0,0,1
307.4,160,28,12,0,28,12,8880,7678,8618.835,0,0,0,0
307.5,160,28,12,0,28,12,9090,7898,8616.9,0,0,0,0
307.6,160,28,12,0,28,12,9293,8093,8614.475,0,0,0,0
307.7,160,28,12,0,28,12,9571,8299,8611.66,0,0,0,0
307.8,160,28,12,0,28,12,9814,8454,8608.795,0,0,0,0
307.9,160,28,12,0,28,12,10047,8571,8606.05,0,0,0,0
308,160,28,12,0,28,12,10259,8774,8603.435,0,0,0,0
308.1,159,29,12,0,29,12,10565,8916,8600.425,0,1,0,0
308.2,160,29,11,0,29,11,10808,9094,8597.365,0,0,1,0
308.3,160,29,11,0,29,11,11070,9228,8594.48,0,0,0,0
308.4,160,29,11,0,29,11,11245,9335,8590.86,0,0,0,0
308.5,160,29,11,0,29,11,11423,9354,8586.87,0,0,0,0
308.6,160,29,11,0,29,11,11663,9385,8583.245,0,0,0,0
308.7,160,29,11,0,29,11,11781,9412,8579.12,0,0,0,0
308.8,160,29,11,0,29,11,11925,9341,8574.905,0,0,0,0
308.9,160,29,11,0,29,11,12073,9307,8570.705,0,0,0,0
309,160,29,11,0,29,11,12247,9266,8566.86,0,0,0,0
309.1,160,29,11,0,29,11,12433,9065,8562.365,0,0,0,0
309.2,161,28,11,0,28,11,12603,8934,8558.18,1,0,0,0
309.3,161,28,11,0,28,11,12578,8766,8553.71,0,0,0,0
309.4,161,28,11,0,28,11,12687,8562,8549.685,0,0,0,0
309.5,161,28,11,0,28,11,12833,8321,8545.6,0,0,0,0
309.6,161,28,11,0,28,11,12927,8132,8542.39,0,0,0,0
309.7,161,28,11,0,28,11,13001,7905,8538.505,0,0,0,0
309.8,161,28,11,0,28,11,13127,7662,8535.085,0,0,0,0
309.9,161,28,11,0,28,11,13227,7452,8531.37,0,0,0,0
310,160,28,12,0,28,12,13371,7189,8527.65,0,0,0,1
310.1,160,28,12,0,28,12,13500,6927,8523.845,0,0,0,0
310.2,160,28,12,0,28,12,13782,6635,8520.62,0,0,0,0
310.3,159,29,12,0,29,12,14043,6338,8517.08,0,1,0,0
310.4,159,29,12,0,29,12,14207,6088,8513.47,0,0,0,0
310.5,159,29,12,0,29,12,14429,5775,8509.7,0,0,0,0
310.6,159,29,12,0,29,12,14619,5557,8506.38,0,0,0,0
310.7,158,30,12,0,30,12,14850,5340,8503.595,0,1,0,0
310.8,158,30,12,0,30,12,15060,5084,8500.28,0,0,0,0
310.9,158,30,12,0,30,12,15253,4843,8496.61,0,0,0,0
311,157,31,12,0,31,12,15497,4599,8493.09,0,1,0,0
311.1,158,29,12,1,30,13,15738,4375,8489.95,1,0,0,1
311.2,158,29,12,1,30,13,15862,4143,8486.315,0,0,0,0
311.3,158,29,12,1,30,13,16011,3964,8483.215,0,0,0,0
311.4,158,29,12,1,30,13,16064,3790,8479.84,0,0,0,0
311.5,156,31,12,1,32,13,16076,3607,8476.41,0,2,0,0
311.6,156,31,12,1,32,13,16019,3463,8473.355,0,0,0,0
311.7,157,31,11,1,32,12,15996,3297,8470.68,0,0,1,0
311.8,157,31,11,1,32,12,15871,3163,8467.875,0,0,0,0
311.9,156,31,12,1,32,13,15684,3040,8465.255,0,0,0,1
312,156,31,12,1,32,13,15479,2946,8462.68,0,0,0,0
312.1,157,30,12,1,31,13,15223,2821,8460.455,1,0,0,0
312.2,157,30,12,1,31,13,14905,2691,8457.85,0,0,0,0
312.3,157,30,12,1,31,13,14625,2598,8455.87,0,0,0,0
312.4,157,31,12,0,31,12,14308,2516,8453.65,0,0,1,0
312.5,157,31,12,0,31,12,14038,2420,8451.92,0,0,0,0
312.6,157,31,12,0,31,12,13634,2320,8450.015,0,0,0,0
312.7,157,31,12,0,31,12,13356,2227,8448.48,0,0,0,0
312.8,157,31,12,0,31,12,13059,2192,8446.92,0,0,0,0
312.9,157,31,12,0,31,12,12841,2111,8445.77,0,0,0,0
313,157,31,12,0,31,12,12629,2047,8444.69,0,0,0,0
313.1,157,31,12,0,31,12,12467,2003,8443.705,0,0,0,0
313.2,157,31,12,0,31,12,12301,1942,8442.78,0,0,0,0
313.3,156,31,13,0,31,13,12189,1918,8442.06,0,0,0,1
313.4,156,31,13,0,31,13,12084,1895,8441.105,0,0,0,0
313.5,156,31,13,0,31,13,11933,1852,8440.305,0,0,0,0
313.6,156,31,13,0,31,13,11981,1832,8440.06,0,0,0,0
313.7,156,31,13,0,31,13,12002,1816,8439.255,0,0,0,0
313.8,156,31,13,0,31,13,11996,1828,8438.44,0,0,0,0
313.9,156,31,13,0,31,13,12061,1839,8438.075,0,0,0,0
314,156,31,13,0,31,13,12069,1831,8437.23,0,0,0,0
314.1,156,31,13,0,31,13,12087,1824,8436.915,0,0,0,0
314.2,157,31,12,0,31,12,12210,1878,8437.005,0,0,1,0
314.3,157,31,12,0,31,12,12320,1912,8436.86,0,0,0,0
314.4,157,31,12,0,31,12,12358,1945,8435.405,0,0,0,0
314.5,157,31,12,0,31,12,12525,1990,8434.92,0,0,0,0
314.6,158,30,12,0,30,12,12622,2083,8434.2,1,0,0,0
314.7,158,30,12,0,30,12,12847,2148,8433.465,0,0,0,0
314.8,158,30,12,0,30,12,13116,2229,8432.84,0,0,0,0
314.9,158,30,12,0,30,12,13283,2299,8431.71,0,0,0,0
315,159,30,11,0,30,11,13468,2378,8430.77,0,0,1,0
315.1,159,30,11,0,30,11,13645,2488,8428.995,0,0,0,0
315.2,159,30,11,0,30,11,13941,2598,8427.475,0,0,0,0
315.3,160,29,11,0,29,11,14253,2727,8425.905,1,0,0,0
315.4,160,29,11,0,29,11,14650,2897,8424.735,0,0,0,0
315.5,159,29,12,0,29,12,14930,3062,8422.94,0,0,0,1
315.6,159,29,12,0,29,12,15215,3219,8420.445,0,0,0,0
315.7,159,29,12,0,29,12,15450,3376,8417.95,0,0,0,0
315.8,159,29,12,0,29,12,15614,3592,8415.335,0,0,0,0
315.9,159,29,12,0,29,12,15861,3766,8412.895,0,0,0,0
316,159,29,12,0,29,12,16071,3961,8409.75,0,0,0,0
316.1,159,29,12,0,29,12,16215,4156,8407.245,0,0,0,0
316.2,158,30,12,0,30,12,16330,4320,8403.905,0,1,0,0
316.3,158,30,12,0,30,12,16362,4572,8400.375,0,0,0,0
316.4,157,31,12,0,31,12,16428,4846,8397.035,0,1,0,0
316.5,157,31,12,0,31,12,16281,5136,8393.425,0,0,0,0
316.6,157,31,12,0,31,12,16109,5406,8390.155,0,0,0,0
316.7,157,31,12,0,31,12,15857,5595,8386.805,0,0,0,0
316.8,157,31,12,0,31,12,15483,5849,8383.275,0,0,0,0
316.9,157,31,12,0,31,12,15230,6046,8379.685,0,0,0,0
317,157,31,12,0,31,12,14736,6368,8375.985,0,0,0,0
317.1,156,32,12,0,32,12,14338,6624,8372.76,0,1,0,0
317.2,156,32,12,0,32,12,13836,6857,8369.235,0,0,0,0
317.3,155,33,12,0,33,12,13419,7035,8366.225,0,1,0,0
317.4,155,33,12,0,33,12,12974,7230,8363.16,0,0,0,0
317.5,155,33,12,0,33,12,12560,7381,8359.93,0,0,0,0
317.6,155,33,12,0,33,12,12104,7508,8357.325,0,0,0,0
317.7,155,33,12,0,33,12,11670,7660,8354.625,0,0,0,0
317.8,155,33,12,0,33,12,11343,7728,8352.48,0,0,0,0
317.9,155,33,12,0,33,12,10991,7883,8350.295,0,0,0,0
318,154,33,13,0,33,13,10711,7895,8348.12,0,0,0,1
318.1,154,33,13,0,33,13,10391,7974,8345.97,0,0,0,0
318.2,154,33,13,0,33,13,10103,8038,8343.935,0,0,0,0
318.3,154,33,13,0,33,13,9863,7992,8341.91,0,0,0,0
318.4,155,32,13,0,32,13,9644,7961,8339.64,2,1,0,0
318.5,154,32,14,0,32,14,9376,7967,8337.79,0,0,0,1
318.6,155,31,14,0,31,14,9146,7935,8336.33,1,0,0,0
318.7,155,31,14,0,31,14,8961,7866,8334.31,0,0,0,0
318.8,155,31,14,0,31,14,8877,7801,8333.135,0,0,0,0
318.9,156,30,14,0,30,14,8781,7709,8331.945,1,0,0,0
319,156,30,14,0,30,14,8698,7503,8330.43,0,0,0,0
319.1,157,30,13,0,30,13,8666,7363,8329.105,0,0,1,0
319.2,157,30,13,0,30,13,8653,7226,8327.97,0,0,0,0
319.3,157,30,13,0,30,13,8648,7078,8326.91,0,0,0,0
319.4,157,30,13,0,30,13,8737,6891,8325.93,0,0,0,0
319.5,157,30,13,0,30,13,8888,6733,8325.175,0,0,0,0
319.6,157,30,13,0,30,13,9085,6542,8324.07,0,0,0,0
319.7,157,30,13,0,30,13,9377,6346,8323.435,0,0,0,0
319.8,157,30,13,0,30,13,9681,6155,8322.77,0,0,0,0
319.9,157,30,13,0,30,13,10038,5932,8321.495,0,0,0,0
320,157,30,13,0,30,13,10361,5718,8320.91,0,0,0,0
320.1,157,30,13,0,30,13,10740,5567,8319.99,0,0,0,0
320.2,157,30,13,0,30,13,11136,5396,8318.735,0,0,0,0
320.3,156,31,13,0,31,13,11522,5238,8317.13,0,1,0,0
320.4,156,31,13,0,31,13,11863,5080,8315.955,0,0,0,0
320.5,156,31,13,0,31,13,12314,4938,8314.94,0,0,0,0
320.6,156,31,13,0,31,13,12629,4783,8313.305,0,0,0,0
320.7,156,31,13,0,31,13,12971,4656,8311.795,0,0,0,0
320.8,156,31,13,0,31,13,13285,4497,8309.94,0,0,0,0
320.9,156,31,13,0,31,13,13625,4360,8308.655,0,0,0,0
321,156,31,13,0,31,13,13870,4232,8306.89,0,0,0,0
321.1,156,31,13,0,31,13,14056,4177,8304.65,0,0,0,0
321.2,156,31,13,0,31,13,14193,4132,8302.885,0,0,0,0
321.3,156,31,13,0,31,13,14351,4063,8300.905,0,0,0,0
321.4,156,31,13,0,31,13,14457,4026,8298.96,0,0,0,0
321.5,156,31,13,0,31,13,14574,3995,8296.95,0,0,0,0
321.6,156,31,13,0,31,13,14755,3961,8295.345,0,0,0,0
321.7,156,31,13,0,31,13,14941,3968,8293.745,0,0,0,0
321.8,156,31,13,0,31,13,15152,3973,8292.05,0,0,0,0
321.9,156,31,13,0,31,13,15195,4039,8289.56,0,0,0,0
322,156,31,13,0,31,13,15252,4084,8287.355,0,0,0,0
322.1,155,32,13,0,32,13,15463,4179,8285.365,0,1,0,0
322.2,155,32,13,0,32,13,15587,4267,8283.015,0,0,0,0
322.3,156,31,13,0,31,13,15696,4392,8280.705,1,0,0,0
322.4,156,31,13,0,31,13,15759,4493,8278.065,0,0,0,0
322.5,156,31,13,0,31,13,15777,4626,8274.955,0,0,0,0
322.6,156,31,13,0,31,13,15811,4717,8271.975,0,0,0,0
322.7,157,31,12,0,31,12,15752,4847,8269.27,0,0,1,0
322.8,157,31,12,0,31,12,15668,4980,8266.525,0,0,0,0
322.9,156,32,12,0,32,12,15535,5079,8263.715,0,1,0,0
323,157,31,12,0,31,12,15383,5223,8261.1,1,0,0,0
323.1,158,30,12,0,30,12,15094,5385,8258.05,1,0,0,0
323.2,157,30,13,0,30,13,14791,5547,8255.595,0,0,0,1
323.3,157,30,13,0,30,13,14452,5717,8253.205,0,0,0,0
323.4,157,30,13,0,30,13,14128,5845,8250.585,0,0,0,0
323.5,157,30,13,0,30,13,13712,5978,8247.905,0,0,0,0
323.6,157,30,13,0,30,13,13382,6085,8245.5,0,0,0,0
323.7,157,30,13,0,30,13,12972,6188,8242.675,0,0,0,0
323.8,157,30,13,0,30,13,12644,6281,8240.49,0,0,0,0
323.9,156,31,13,0,31,13,12332,6412,8238.83,0,1,0,0
324,156,31,13,0,31,13,12075,6446,8237.225,0,0,0,0
324.1,156,31,13,0,31,13,11851,6468,8235.405,0,0,0,0
324.2,156,31,13,0,31,13,11647,6450,8233.655,0,0,0,0
324.3,154,33,13,0,33,13,11502,6480,8232.32,0,2,0,0
324.4,154,33,13,0,33,13,11398,6465,8231.025,0,0,0,0
324.5,154,33,13,0,33,13,11282,6446,8229.83,0,0,0,0
324.6,154,33,13,0,33,13,11172,6398,8228.105,0,0,0,0
324.7,154,33,13,0,33,13,11147,6298,8226.62,0,0,0,0
324.8,154,33,13,0,33,13,11039,6146,8224.74,0,0,0,0
324.9,154,33,13,0,33,13,11074,6058,8223.615,0,0,0,0
325,155,32,13,0,32,13,11108,5959,8222.615,1,0,0,0
325.1,155,32,13,0,32,13,11218,5872,8221.555,0,0,0,0
325.2,155,32,13,0,32,13,11231,5826,8220.445,0,0,0,0
325.3,155,32,13,0,32,13,11238,5667,8219.465,0,0,0,0
325.4,155,32,13,0,32,13,11312,5576,8218.76,0,0,0,0
325.5,155,32,13,0,32,13,11332,5437,8217.4,0,0,0,0
325.6,155,32,13,0,32,13,11430,5318,8216.465,0,0,0,0
325.7,153,33,14,0,33,14,11477,5199,8215.53,0,1,0,1
325.8,153,33,14,0,33,14,11497,5085,8214.59,0,0,0,0
325.9,153,33,14,0,33,14,11588,4952,8213.985,0,0,0,0
326,152,34,14,0,34,14,11653,4896,8213.37,0,1,0,0
326.1,152,34,14,0,34,14,11641,4759,8212.045,0,0,0,0
326.2,152,34,14,0,34,14,11648,4642,8211.06,0,0,0,0
326.3,151,35,14,0,35,14,11662,4535,8210.5,0,1,0,0
326.4,151,35,14,0,35,14,11656,4446,8209.56,0,0,0,0
326.5,151,35,14,0,35,14,11718,4321,8208.955,0,0,0,0
326.6,151,35,14,0,35,14,11774,4213,8208.295,0,0,0,0
326.7,151,35,14,0,35,14,11820,4151,8207.855,0,0,0,0
326.8,151,35,14,0,35,14,11852,4063,8207.73,0,0,0,0
326.9,151,35,14,0,35,14,11851,3974,8207.47,0,0,0,0
327,151,35,14,0,35,14,11886,3861,8207.575,0,0,0,0
327.1,152,34,14,0,34,14,11885,3766,8206.98,1,0,0,0
327.2,153,34,13,0,34,13,11749,3726,8206.395,0,0,1,0
327.3,153,34,13,0,34,13,11831,3653,8206.035,0,0,0,0
327.4,153,34,13,0,34,13,11926,3561,8206.04,0,0,0,0
327.5,153,34,13,0,34,13,11909,3469,8205.47,0,0,0,0
327.6,153,34,13,0,34,13,11995,3390,8205.44,0,0,0,0
327.7,153,34,13,0,34,13,12097,3309,8204.89,0,0,0,0
327.8,153,34,13,0,34,13,12188,3264,8204.565,0,0,0,0
327.9,153,34,13,0,34,13,12345,3205,8204.135,0,0,0,0
328,153,34,13,0,34,13,12505,3120,8203.67,0,0,0,0
328.1,154,33,13,0,33,13,12664,3081,8203.63,1,0,0,0
328.2,156,31,13,0,31,13,12864,3066,8203.125,2,0,0,0
328.3,157,30,13,0,30,13,13179,3039,8203.18,1,0,0,0
328.4,157,30,13,0,30,13,13366,2987,8202.605,0,0,0,0
328.5,157,30,13,0,30,13,13709,2898,8202.19,0,0,0,0
328.6,157,30,13,0,30,13,13954,2831,8201.125,0,0,0,0
328.7,158,30,12,0,30,12,14232,2754,8200.145,0,0,1,0
328.8,158,30,12,0,30,12,14516,2729,8199.155,0,0,0,0
328.9,158,30,12,0,30,12,14728,2685,8197.97,0,0,0,0
329,158,30,12,0,30,12,14983,2627,8196.48,0,0,0,0
329.1,158,30,12,0,30,12,15309,2610,8195.525,0,0,0,0
329.2,158,30,12,0,30,12,15638,2543,8194.075,0,0,0,0
329.3,158,30,12,0,30,12,16040,2529,8193.305,0,0,0,0
329.4,158,30,12,0,30,12,16436,2525,8192.105,0,0,0,0
329.5,158,30,12,0,30,12,16870,2540,8190.565,0,0,0,0
329.6,159,29,12,0,29,12,17254,2533,8188.12,1,0,0,0
329.7,159,29,12,0,29,12,17657,2538,8186.195,0,0,0,0
329.8,159,29,12,0,29,12,18045,2579,8183.87,0,0,0,0
329.9,158,30,12,0,30,12,18451,2636,8181.35,0,1,0,0
330,159,29,12,0,29,12,18766,2689,8179.37,1,0,0,0
330.1,159,29,12,0,29,12,19104,2765,8176.91,0,0,0,0
330.2,158,30,12,0,30,12,19266,2856,8174.09,0,1,0,0
330.3,158,30,12,0,30,12,19373,2985,8171.72,0,0,0,0
330.4,156,32,11,1,33,12,19425,3092,8168.91,0,3,0,0
330.5,155,32,12,1,33,13,19400,3243,8165.86,0,0,0,1
330.6,155,32,12,1,33,13,19319,3381,8162.78,1,1,0,0
330.7,155,32,12,1,33,13,19244,3512,8159.865,0,0,0,0
330.8,154,33,12,1,34,13,19083,3698,8156.715,0,1,0,0
330.9,154,33,12,1,34,13,18870,3876,8153.405,0,0,0,0
331,154,33,12,1,34,13,18627,4074,8150.515,0,0,0,0
331.1,154,33,12,1,34,13,18135,4290,8146.885,0,0,0,0
331.2,153,33,13,1,34,14,17839,4522,8143.885,0,0,0,1
331.3,154,32,13,1,33,14,17473,4743,8140.745,1,0,0,0
331.4,155,31,13,1,32,14,17107,5031,8137.725,1,0,0,0
331.5,155,31,13,1,32,14,16536,5300,8134.555,0,0,0,0
331.6,155,31,13,1,32,14,16078,5518,8131.43,0,0,0,0
331.7,155,31,13,1,32,14,15738,5734,8129.195,0,0,0,0
331.8,155,31,13,1,32,14,15360,5954,8126.52,0,0,0,0
331.9,155,31,13,1,32,14,15000,6180,8124.47,0,0,0,0
332,154,31,14,1,32,15,14771,6378,8121.79,0,0,0,1
332.1,154,31,14,1,32,15,14445,6532,8119.31,0,0,0,0
332.2,154,31,14,1,32,15,14180,6721,8117.58,0,0,0,0
332.3,154,31,14,1,32,15,13920,6763,8115.11,0,0,0,0
332.4,154,31,14,1,32,15,13648,6849,8113.06,0,0,0,0
332.5,153,31,15,1,32,16,13421,6900,8110.91,0,0,0,1
332.6,153,31,15,1,32,16,13248,6955,8109.265,0,0,0,0
332.7,153,31,15,1,32,16,13003,6922,8106.845,0,0,0,0
332.8,153,31,15,1,32,16,12660,6888,8104.71,0,0,0,0
332.9,154,30,15,1,31,16,12353,6835,8103.145,1,0,0,0
333,154,30,15,1,31,16,12061,6818,8101.975,0,0,0,0
333.1,154,30,15,1,31,16,11818,6729,8100.665,0,0,0,0
333.2,154,30,15,1,31,16,11527,6581,8099.2,1,1,0,0
333.3,154,30,15,1,31,16,11284,6476,8098.53,0,0,0,0
333.4,155,29,15,1,30,16,11057,6390,8097.92,1,0,0,0
333.5,155,29,15,1,30,16,10869,6311,8097.125,0,0,0,0
333.6,154,29,16,1,30,17,10621,6172,8096.45,0,0,0,1
333.7,154,29,16,1,30,17,10359,5994,8095.98,0,0,0,0
333.8,155,29,15,1,30,16,10192,5895,8095.91,0,0,1,0
333.9,155,29,15,1,30,16,9965,5750,8095.525,0,0,0,0
334,155,29,15,1,30,16,9829,5587,8095.5,0,0,0,0
334.1,156,28,15,1,29,16,9794,5492,8095.81,1,0,0,0
334.2,156,28,15,1,29,16,9750,5413,8096.66,0,0,0,0
334.3,156,28,15,1,29,16,9730,5304,8097.18,0,0,0,0
334.4,156,28,15,1,29,16,9778,5204,8097.44,0,0,0,0
334.5,156,28,15,1,29,16,9892,5143,8097.875,0,0,0,0
334.6,156,28,15,1,29,16,10098,5119,8098.56,0,0,0,0
334.7,156,28,15,1,29,16,10293,5122,8098.83,0,0,0,0
334.8,156,28,15,1,29,16,10577,5090,8099.585,0,0,0,0
334.9,156,28,15,1,29,16,10884,5067,8100.07,0,0,0,0
335,156,28,15,1,29,16,11194,5111,8100.28,0,0,0,0
335.1,156,28,15,1,29,16,11381,5178,8099.905,0,0,0,0
335.2,156,28,15,1,29,16,11612,5290,8100.075,0,0,0,0
335.3,156,28,15,1,29,16,11872,5384,8099.89,0,0,0,0
335.4,155,28,16,1,29,17,12125,5559,8099.505,0,0,0,1
335.5,155,28,16,1,29,17,12209,5804,8099.045,0,0,0,0
335.6,155,28,16,1,29,17,12354,5980,8098.87,0,0,0,0
335.7,155,28,16,1,29,17,12366,6165,8098.105,0,0,0,0
335.8,155,28,16,1,29,17,12329,6432,8097,0,0,0,0
335.9,155,28,16,1,29,17,12190,6681,8095.575,0,0,0,0
336,154,28,17,1,29,18,12045,6877,8094.465,0,0,0,1
336.1,153,28,18,1,29,19,11810,7136,8093.32,0,0,0,1
336.2,152,28,19,1,29,20,11689,7444,8092.485,0,0,0,1
336.3,152,28,19,1,29,20,11549,7748,8091.495,0,0,0,0
336.4,153,28,18,1,29,19,11201,7992,8090.47,0,0,1,0
336.5,153,28,18,1,29,19,10974,8356,8089.255,0,0,0,0
336.6,152,29,18,1,30,19,10711,8669,8088.12,0,1,0,0
336.7,152,29,18,1,30,19,10447,9026,8087.14,0,0,0,0
336.8,152,29,18,1,30,19,10035,9442,8086.145,0,0,0,0
336.9,152,29,18,1,30,19,9760,9680,8084.775,0,0,0,0
337,152,29,18,1,30,19,9503,9942,8083.535,0,0,0,0
337.1,153,29,17,1,30,18,9247,10234,8082.645,0,0,1,0
337.2,153,29,17,1,30,18,8966,10526,8081.56,0,0,0,0
337.3,153,29,17,1,30,18,8799,10687,8080.685,0,0,0,0
337.4,153,29,17,1,30,18,8541,10858,8078.92,0,0,0,0
337.5,153,29,17,1,30,18,8325,11029,8077.315,0,0,0,0
337.6,153,29,17,1,30,18,8086,11155,8075.755,0,0,0,0
337.7,153,29,18,0,29,18,7901,11166,8074.635,1,0,0,0
337.8,153,29,18,0,29,18,7672,11236,8073.7,0,0,0,0
337.9,152,29,19,0,29,19,7549,11266,8073.055,0,0,0,1
338,152,29,19,0,29,19,7366,11245,8072.21,0,0,0,0
338.1,152,29,19,0,29,19,7187,11197,8071.41,0,0,0,0
338.2,152,29,19,0,29,19,7043,11180,8070.48,0,0,0,0
338.3,152,29,19,0,29,19,6892,11118,8069.6,0,0,0,0
338.4,152,29,19,0,29,19,6784,11094,8069.33,0,0,0,0
338.5,152,29,19,0,29,19,6668,11103,8068.8,0,0,0,0
338.6,152,29,19,0,29,19,6577,10959,8068.12,0,0,0,0
338.7,152,29,19,0,29,19,6502,10948,8068.25,0,0,0,0
338.8,152,29,19,0,29,19,6420,10922,8068.24,0,0,0,0
338.9,152,29,19,0,29,19,6347,10843,8067.83,0,0,0,0
339,152,29,19,0,29,19,6336,10772,8067.86,0,0,0,0
339.1,152,29,19,0,29,19,6277,10676,8067.97,0,0,0,0
339.2,151,29,20,0,29,20,6234,10601,8067.865,0,0,0,1
339.3,151,29,20,0,29,20,6237,10475,8067.89,0,0,0,0
339.4,151,29,20,0,29,20,6197,10448,8067.855,0,0,0,0
339.5,152,28,20,0,28,20,6162,10309,8068.195,1,0,0,0
339.6,152,28,20,0,28,20,6185,10156,8068.35,0,0,0,0
339.7,153,28,19,0,28,19,6175,10032,8068.56,0,0,1,0
339.8,154,28,18,0,28,18,6230,9878,8068.66,0,0,1,0
339.9,154,28,18,0,28,18,6271,9697,8068.875,0,0,0,0
340,153,29,18,0,29,18,6344,9618,8069.345,0,1,0,0
340.1,154,28,18,0,28,18,6414,9536,8070.42,1,0,0,0
340.2,154,28,17,1,29,18,6553,9428,8071.23,0,1,0,0
340.3,153,29,17,1,30,18,6647,9292,8072.13,0,1,0,0
340.4,153,29,17,1,30,18,6739,9164,8072.285,0,0,0,0
340.5,153,29,17,1,30,18,6873,9093,8072.52,0,0,0,0
340.6,153,29,17,1,30,18,7051,9029,8073.48,0,0,0,0
340.7,153,29,17,1,30,18,7241,8911,8073.95,0,0,0,0
340.8,154,28,17,1,29,18,7466,8911,8074.87,1,0,0,0
340.9,155,27,17,1,28,18,7638,8837,8075.145,1,0,0,0
341,155,27,18,0,27,18,7783,8781,8075.29,1,0,0,0
341.1,155,27,18,0,27,18,7966,8765,8075.67,0,0,0,0
341.2,155,27,18,0,27,18,8092,8732,8076.035,0,0,0,0
341.3,155,27,18,0,27,18,8245,8642,8076.39,0,0,0,0
341.4,155,27,18,0,27,18,8322,8608,8076.18,0,0,0,0
341.5,155,27,18,0,27,18,8424,8531,8076.415,0,0,0,0
341.6,156,26,18,0,26,18,8394,8484,8076.015,1,0,0,0
341.7,156,26,18,0,26,18,8429,8432,8075.9,0,0,0,0
341.8,155,27,18,0,27,18,8458,8349,8076.085,0,1,0,0
341.9,156,26,18,0,26,18,8398,8246,8076.225,1,0,0,0
342,156,26,18,0,26,18,8291,8214,8076.505,0,0,0,0
342.1,157,25,18,0,25,18,8231,8155,8076.94,1,0,0,0
342.2,157,25,18,0,25,18,8141,8079,8077.02,0,0,0,0
342.3,157,25,18,0,25,18,8040,7993,8076.835,0,0,0,0
342.4,157,25,18,0,25,18,7973,7880,8077.235,0,0,0,0
342.5,157,25,18,0,25,18,7865,7728,8077.68,0,0,0,0
342.6,156,25,19,0,25,19,7775,7694,8078.58,0,0,0,1
342.7,156,25,19,0,25,19,7710,7639,8079.49,0,0,0,0
342.8,156,25,19,0,25,19,7491,7524,8079.45,0,0,0,0
342.9,156,25,19,0,25,19,7427,7429,8080.57,0,0,0,0
343,156,25,19,0,25,19,7372,7316,8081.625,0,0,0,0
343.1,156,25,19,0,25,19,7333,7176,8082.88,0,0,0,0
343.2,156,25,19,0,25,19,7242,7096,8084.26,0,0,0,0
343.3,156,25,19,0,25,19,7268,6982,8085.745,0,0,0,0
343.4,156,25,19,0,25,19,7299,6831,8087.51,0,0,0,0
343.5,156,25,19,0,25,19,7338,6719,8088.635,0,0,0,0
343.6,157,25,18,0,25,18,7414,6641,8090.22,0,0,1,0
343.7,157,25,18,0,25,18,7471,6562,8091.805,0,0,0,0
343.8,157,25,18,0,25,18,7544,6485,8093.13,0,0,0,0
343.9,157,25,18,0,25,18,7640,6403,8094.67,0,0,0,0
344,157,25,18,0,25,18,7764,6265,8096.53,0,0,0,0
344.1,157,25,18,0,25,18,7882,6056,8097.54,0,0,0,0
344.2,157,25,18,0,25,18,8104,5963,8098.915,0,0,0,0
344.3,157,25,18,0,25,18,8348,5883,8100.535,0,0,0,0
344.4,158,24,18,0,24,18,8556,5748,8101.59,1,0,0,0
344.5,158,24,18,0,24,18,8787,5609,8102.665,0,0,0,0
344.6,158,24,18,0,24,18,9111,5501,8104.205,0,0,0,0
344.7,159,23,18,0,23,18,9440,5379,8105.665,1,0,0,0
344.8,159,23,18,0,23,18,9688,5323,8106.98,0,0,0,0
344.9,159,23,18,0,23,18,9931,5255,8107.81,0,0,0,0
345,159,23,18,0,23,18,10168,5224,8108.785,0,0,0,0
345.1,159,23,18,0,23,18,10495,5179,8109.65,0,0,0,0
345.2,159,23,18,0,23,18,10727,5138,8110.715,0,0,0,0
345.3,158,24,18,0,24,18,10993,5141,8111.27,0,1,0,0
345.4,158,24,18,0,24,18,11265,5130,8111.5,0,0,0,0
345.5,158,24,18,0,24,18,11479,5116,8111.64,0,0,0,0
345.6,158,24,18,0,24,18,11627,5149,8112.05,0,0,0,0
345.7,157,25,18,0,25,18,11795,5189,8112.555,0,1,0,0
345.8,157,25,18,0,25,18,11913,5221,8112.6,0,0,0,0
345.9,158,24,18,0,24,18,11981,5262,8113.115,1,0,0,0
346,158,24,18,0,24,18,11964,5398,8112.65,0,0,0,0
346.1,159,24,17,0,24,17,11953,5522,8112.415,0,0,1,0
346.2,159,24,17,0,24,17,11937,5670,8112.915,0,0,0,0
346.3,159,24,17,0,24,17,11861,5778,8113.455,0,0,0,0
346.4,159,24,17,0,24,17,11681,5871,8112.78,0,0,0,0
346.5,159,24,17,0,24,17,11505,5967,8112.85,0,0,0,0
346.6,159,24,17,0,24,17,11250,6097,8112.935,0,0,0,0
346.7,159,24,17,0,24,17,11059,6235,8113.025,0,0,0,0
346.8,158,24,18,0,24,18,10870,6267,8112.695,0,0,0,1
346.9,158,24,18,0,24,18,10697,6413,8112.79,0,0,0,0
347,158,24,17,1,25,18,10396,6509,8112.765,0,1,0,0
347.1,158,24,17,1,25,18,10096,6602,8113.15,0,0,0,0
347.2,158,24,17,1,25,18,9837,6750,8113.525,0,0,0,0
347.3,158,24,18,0,24,18,9569,6813,8113.75,1,0,0,0
347.4,158,24,18,0,24,18,9345,6881,8114.07,0,0,0,0
347.5,159,23,18,0,23,18,9048,7016,8114.465,1,0,0,0
347.6,159,23,18,0,23,18,8790,7057,8115.085,0,0,0,0
347.7,159,23,18,0,23,18,8628,7017,8115.865,0,0,0,0
347.8,159,23,18,0,23,18,8417,7104,8116.765,0,0,0,0
347.9,159,23,18,0,23,18,8192,7142,8117.42,0,0,0,0
348,159,23,18,0,23,18,8000,7115,8118.06,0,0,0,0
348.1,159,23,18,0,23,18,7886,7185,8119.53,0,0,0,0
348.2,159,23,18,0,23,18,7739,7181,8120.245,0,0,0,0
348.3,159,23,18,0,23,18,7690,7253,8121.38,0,0,0,0
348.4,159,23,18,0,23,18,7677,7287,8122.36,0,0,0,0
348.5,159,23,18,0,23,18,7679,7279,8123.45,0,0,0,0
348.6,159,23,18,0,23,18,7604,7318,8123.94,0,0,0,0
348.7,159,22,18,1,23,19,7612,7350,8125.325,0,0,0,1
348.8,159,22,18,1,23,19,7632,7328,8126.13,0,0,0,0
348.9,159,22,18,1,23,19,7747,7293,8127.02,0,0,0,0
349,159,22,18,1,23,19,7962,7301,8128.19,0,0,0,0
349.1,158,24,18,0,24,18,8180,7350,8129.72,0,1,1,0
349.2,158,24,18,0,24,18,8405,7362,8130.685,0,0,0,0
349.3,159,23,18,0,23,18,8661,7379,8131.205,1,0,0,0
349.4,159,23,18,0,23,18,8981,7385,8131.86,0,0,0,0
349.5,159,23,18,0,23,18,9279,7337,8132.69,0,0,0,0
349.6,159,23,18,0,23,18,9635,7253,8133.44,0,0,0,0
349.7,159,23,18,0,23,18,10047,7129,8133.88,0,0,0,0
349.8,159,23,18,0,23,18,10494,7056,8134.515,0,0,0,0
349.9,159,23,18,0,23,18,10800,6980,8134.9,0,0,0,0
350,159,23,18,0,23,18,11126,6890,8134.47,0,0,0,0
350.1,159,23,18,0,23,18,11424,6770,8134.51,0,0,0,0
350.2,159,23,18,0,23,18,11576,6635,8134.305,0,0,0,0
350.3,158,23,19,0,23,19,11757,6534,8133.86,0,0,0,1
350.4,158,23,19,0,23,19,11820,6403,8133.23,0,0,0,0
350.5,157,24,19,0,24,19,11951,6311,8133.355,0,1,0,0
350.6,157,24,19,0,24,19,11945,6260,8133.495,0,0,0,0
350.7,157,24,19,0,24,19,11797,6206,8132.955,0,0,0,0
350.8,157,24,19,0,24,19,11698,6107,8132.695,0,0,0,0
350.9,157,24,19,0,24,19,11574,6041,8133.1,0,0,0,0
351,157,24,19,0,24,19,11382,5930,8132.71,0,0,0,0
351.1,157,24,19,0,24,19,11213,5814,8132.79,0,0,0,0
351.2,156,25,19,0,25,19,10955,5723,8133.025,0,1,0,0
351.3,157,24,19,0,24,19,10689,5610,8133.19,1,0,0,0
351.4,157,24,19,0,24,19,10371,5587,8133.675,0,0,0,0
351.5,157,24,19,0,24,19,10118,5543,8134.36,0,0,0,0
351.6,157,24,19,0,24,19,9837,5524,8135.355,0,0,0,0
351.7,157,24,19,0,24,19,9520,5473,8136.235,0,0,0,0
351.8,157,24,19,0,24,19,9253,5458,8137.08,0,0,0,0
351.9,157,24,19,0,24,19,8903,5465,8138.505,0,0,0,0
352,157,24,19,0,24,19,8585,5466,8139.595,0,0,0,0
352.1,157,24,19,0,24,19,8320,5523,8141.46,0,0,0,0
352.2,157,24,19,0,24,19,8077,5546,8142.93,0,0,0,0
352.3,156,24,20,0,24,20,7826,5556,8144.51,0,0,0,1
352.4,156,24,20,0,24,20,7539,5636,8146.225,0,0,0,0
352.5,156,24,20,0,24,20,7332,5641,8148.455,0,0,0,0
352.6,156,24,20,0,24,20,7150,5681,8150.45,0,0,0,0
352.7,156,24,20,0,24,20,7019,5709,8152.515,0,0,0,0
352.8,156,24,20,0,24,20,6836,5718,8154.61,0,0,0,0
352.9,156,24,20,0,24,20,6667,5734,8156.57,0,0,0,0
353,156,24,20,0,24,20,6493,5783,8158.915,0,0,0,0
353.1,157,24,19,0,24,19,6370,5810,8161.4,0,0,1,0
353.2,157,24,19,0,24,19,6230,5761,8164.195,0,0,0,0
353.3,157,24,19,0,24,19,6148,5767,8167.08,0,0,0,0
353.4,157,24,19,0,24,19,6044,5808,8169.7,0,0,0,0
353.5,157,24,19,0,24,19,5933,5786,8172.305,0,0,0,0
353.6,157,24,19,0,24,19,5847,5799,8174.49,0,0,0,0
353.7,158,24,18,0,24,18,5790,5782,8177.17,0,0,1,0
353.8,158,24,18,0,24,18,5714,5730,8179.55,0,0,0,0
353.9,158,24,18,0,24,18,5649,5739,8182.18,0,0,0,0
354,158,24,18,0,24,18,5601,5701,8185.09,0,0,0,0
354.1,157,24,19,0,24,19,5577,5679,8187.935,0,0,0,1
354.2,157,24,19,0,24,19,5502,5677,8190.84,0,0,0,0
354.3,157,24,19,0,24,19,5507,5641,8193.54,0,0,0,0
354.4,157,24,19,0,24,19,5472,5656,8196.99,0,0,0,0
354.5,157,24,19,0,24,19,5454,5625,8200.19,0,0,0,0
354.6,157,24,19,0,24,19,5464,5630,8203.43,0,0,0,0
354.7,157,24,19,0,24,19,5509,5583,8206.125,0,0,0,0
354.8,156,24,20,0,24,20,5566,5602,8209.385,0,0,0,1
354.9,156,24,20,0,24,20,5640,5616,8212.565,0,0,0,0
355,156,24,20,0,24,20,5725,5590,8215.015,0,0,0,0
355.1,156,24,20,0,24,20,5837,5616,8217.87,0,0,0,0
355.2,156,24,20,0,24,20,5895,5632,8220.725,0,0,0,0
355.3,157,24,19,0,24,19,6037,5675,8223.485,0,0,1,0
355.4,157,24,19,0,24,19,6170,5779,8226.1,0,0,0,0
355.5,157,24,19,0,24,19,6390,5864,8229.07,0,0,0,0
355.6,157,24,19,0,24,19,6611,5899,8231.47,0,0,1,1
355.7,157,24,19,0,24,19,6886,5966,8233.86,0,0,0,0
355.8,156,25,19,0,25,19,7063,6038,8236.125,0,1,0,0
355.9,156,25,19,0,25,19,7233,6159,8238.415,0,0,0,0
356,156,25,19,0,25,19,7424,6206,8240.48,0,0,0,0
356.1,156,25,19,0,25,19,7596,6284,8242.445,0,0,0,0
356.2,156,25,19,0,25,19,7770,6279,8244.045,0,0,0,0
356.3,156,25,19,0,25,19,7858,6284,8245.155,0,0,0,0
356.4,155,26,19,0,26,19,7973,6335,8246.695,0,1,0,0
356.5,154,27,19,0,27,19,8047,6332,8248.525,0,1,0,0
356.6,154,27,19,0,27,19,8040,6317,8250.215,0,0,0,0
356.7,154,27,19,0,27,19,8096,6284,8251.65,0,0,0,0
356.8,155,27,18,0,27,18,8102,6213,8253.125,0,0,1,0
356.9,154,27,19,0,27,19,8069,6192,8254.565,0,0,0,1
357,154,27,19,0,27,19,7969,6204,8255.935,0,0,0,0
357.1,154,27,19,0,27,19,7893,6149,8257.33,0,0,0,0
357.2,154,27,19,0,27,19,7823,6067,8258.87,0,0,0,0
357.3,154,27,19,0,27,19,7733,6069,8260.36,0,0,0,0
357.4,154,27,19,0,27,19,7579,6014,8262.005,0,0,0,0
357.5,154,27,19,0,27,19,7471,6013,8263.745,0,0,0,0
357.6,154,27,19,0,27,19,7231,5986,8265.545,0,0,0,0
357.7,155,26,19,0,26,19,7097,5924,8267.47,1,0,0,0
357.8,156,26,18,0,26,18,7043,5927,8269.855,0,0,1,0
357.9,156,26,18,0,26,18,6944,5905,8272.08,0,0,0,0
358,156,26,18,0,26,18,6894,5935,8274.785,0,0,0,0
358.1,156,26,18,0,26,18,6782,6060,8277.035,0,0,0,0
358.2,156,26,18,0,26,18,6693,6192,8279.145,0,0,0,0
358.3,156,26,18,0,26,18,6608,6295,8281.385,0,0,0,0
358.4,155,26,18,1,27,19,6490,6421,8283.32,0,1,0,1
358.5,155,26,18,1,27,19,6388,6596,8285.46,0,0,0,0
358.6,155,26,18,1,27,19,6389,6731,8287.81,0,0,0,0
358.7,155,26,18,1,27,19,6401,6943,8289.93,0,0,0,0
358.8,156,25,18,1,26,19,6322,7045,8291.72,1,0,0,0
358.9,155,25,19,1,26,20,6325,7150,8293.635,0,0,0,1
359,155,26,19,0,26,19,6387,7432,8295.44,0,0,1,0
359.1,155,26,19,0,26,19,6390,7657,8297.39,0,0,0,0
359.2,156,25,19,0,25,19,6394,7856,8298.805,1,0,0,0
359.3,156,25,19,0,25,19,6458,8089,8300.055,0,0,0,0
359.4,155,26,19,0,26,19,6599,8329,8301.69,0,1,0,0
359.5,155,26,19,0,26,19,6778,8556,8302.85,0,0,0,0
359.6,156,26,18,0,26,18,6939,8771,8303.5,0,0,1,0
359.7,156,26,18,0,26,18,7123,8954,8304.475,0,0,0,0
359.8,156,26,18,0,26,18,7326,9166,8305.595,0,0,0,0
359.9,156,26,18,0,26,18,7587,9367,8306.42,0,0,0,0
360,156,26,18,0,26,18,7918,9501,8306.32,0,0,0,0
360.1,156,26,18,0,26,18,8291,9575,8306.77,0,0,0,0
360.2,156,26,18,0,26,18,8709,9715,8306.92,0,0,0,0
360.3,156,26,18,0,26,18,9149,9804,8306.685,0,0,0,0
360.4,156,26,18,0,26,18,9480,9878,8305.645,0,0,0,0
360.5,156,26,18,0,26,18,9803,9870,8304.605,0,0,0,0
360.6,155,27,18,0,27,18,10173,9851,8303.69,0,1,0,0
360.7,155,27,18,0,27,18,10589,9774,8302.675,0,0,0,0
360.8,155,27,18,0,27,18,10967,9710,8300.805,0,0,0,0
360.9,154,28,18,0,28,18,11437,9659,8299.615,0,1,0,0
361,154,28,18,0,28,18,11836,9598,8298.26,0,0,0,0
361.1,154,28,18,0,28,18,12226,9559,8296.295,0,0,0,0
361.2,154,28,18,0,28,18,12601,9588,8294.215,0,0,0,0
361.3,154,28,18,0,28,18,12849,9541,8292.62,0,0,0,0
361.4,154,28,18,0,28,18,13156,9425,8290.515,0,0,0,0
361.5,154,28,18,0,28,18,13368,9402,8288.08,0,0,0,0
361.6,154,28,18,0,28,18,13531,9335,8285.545,0,0,0,0
361.7,154,28,18,0,28,18,13678,9279,8283.345,0,0,0,0
361.8,154,28,18,0,28,18,13843,9197,8280.385,0,0,0,0
361.9,154,28,18,0,28,18,13823,9119,8277.32,0,0,0,0
362,154,28,18,0,28,18,13758,9080,8274.885,0,0,0,0
362.1,154,28,18,0,28,18,13684,8981,8271.875,0,0,0,0
362.2,155,27,18,0,27,18,13657,8908,8269.785,1,0,0,0
362.3,155,27,18,0,27,18,13524,8864,8267.14,0,0,0,0
362.4,155,27,18,0,27,18,13376,8747,8264.485,0,0,0,0
362.5,155,27,18,0,27,18,13235,8670,8261.94,0,0,0,0
362.6,155,27,18,0,27,18,13124,8606,8259.77,0,0,0,0
362.7,154,28,18,0,28,18,12948,8487,8258.115,0,1,0,0
362.8,154,28,18,0,28,18,12820,8341,8256.35,0,0,0,0
362.9,154,28,18,0,28,18,12702,8161,8255.08,0,0,0,0
363,154,28,18,0,28,18,12476,8046,8253.115,0,0,0,0
363.1,154,28,18,0,28,18,12221,7884,8251.2,0,0,0,0
363.2,154,28,18,0,28,18,12084,7662,8249.57,0,0,0,0
363.3,154,28,18,0,28,18,12045,7500,8247.97,0,0,0,0
363.4,153,28,19,0,28,19,11972,7264,8246.92,0,0,0,1
363.5,153,28,19,0,28,19,11891,7050,8245.685,0,0,0,0
363.6,153,28,19,0,28,19,11910,6850,8244.67,0,0,0,0
363.7,153,28,19,0,28,19,11888,6726,8243.91,0,0,0,0
363.8,154,28,18,0,28,18,11946,6565,8243.56,0,0,1,0
363.9,154,28,18,0,28,18,11980,6438,8242.62,0,0,0,0
364,154,28,18,0,28,18,12101,6265,8241.73,0,0,0,0
364.1,154,28,18,0,28,18,12345,6087,8241.83,0,0,0,0
364.2,154,28,18,0,28,18,12577,5912,8241.33,0,0,0,0
364.3,153,29,18,0,29,18,12758,5782,8240.695,0,1,0,0
364.4,153,29,18,0,29,18,12977,5648,8239.765,0,0,0,0
364.5,154,29,17,0,29,17,13204,5514,8239.27,0,0,1,0
364.6,154,29,17,0,29,17,13384,5360,8238.51,0,0,0,0
364.7,154,29,17,0,29,17,13610,5293,8237.72,0,0,0,0
364.8,154,29,17,0,29,17,13778,5169,8236.73,0,0,0,0
364.9,153,30,17,0,30,17,13986,5037,8235.975,0,1,0,0
365,153,30,17,0,30,17,14200,4889,8234.78,0,0,0,0
365.1,153,30,17,0,30,17,14448,4743,8234.15,0,0,0,0
365.2,154,30,16,0,30,16,14700,4671,8233.255,0,0,1,0
365.3,154,30,16,0,30,16,14925,4582,8232.315,0,0,0,0
365.4,154,30,16,0,30,16,15003,4495,8231.09,0,0,0,0
365.5,154,30,16,0,30,16,15013,4388,8229.8,0,0,0,0
365.6,154,30,16,0,30,16,14973,4282,8228.47,0,0,0,0
365.7,155,30,15,0,30,15,14958,4189,8227.015,0,0,1,0
365.8,155,30,15,0,30,15,14848,4121,8226.005,0,0,0,0
365.9,155,30,15,0,30,15,14604,4003,8224.52,0,0,0,0
366,155,30,15,0,30,15,14444,3941,8223.525,0,0,0,0
366.1,155,30,15,0,30,15,14284,3867,8222.795,0,0,0,0
366.2,155,30,15,0,30,15,14096,3804,8222.05,0,0,0,0
366.3,155,30,15,0,30,15,13894,3740,8221.31,0,0,0,0
366.4,154,31,15,0,31,15,13648,3672,8220.6,0,1,0,0
366.5,154,31,15,0,31,15,13359,3639,8220.145,0,0,0,0
366.6,154,30,16,0,30,16,13100,3619,8219.72,1,0,0,1
366.7,154,30,16,0,30,16,12854,3572,8219.735,0,0,0,0
366.8,153,30,17,0,30,17,12451,3535,8219.765,0,0,0,1
366.9,153,30,17,0,30,17,12169,3468,8219.97,0,0,0,0
367,153,30,17,0,30,17,11887,3444,8220.43,0,0,0,0
367.1,153,30,17,0,30,17,11639,3389,8220.855,0,0,0,0
367.2,153,30,17,0,30,17,11380,3383,8221.24,0,0,0,0
367.3,153,30,17,0,30,17,11153,3399,8222.325,0,0,0,0
367.4,153,30,17,0,30,17,10981,3407,8223.465,0,0,0,0
367.5,152,30,18,0,30,18,10695,3408,8224.015,0,0,0,1
367.6,152,30,18,0,30,18,10558,3421,8225.455,0,0,0,0
367.7,152,30,18,0,30,18,10503,3413,8227.115,0,0,0,0
367.8,152,30,18,0,30,18,10415,3397,8228.645,0,0,0,0
367.9,152,30,18,0,30,18,10347,3399,8230.185,0,0,0,0
368,152,30,18,0,30,18,10293,3396,8231.495,0,0,0,0
368.1,152,30,18,0,30,18,10239,3378,8232.57,0,0,0,0
368.2,152,30,18,0,30,18,10233,3388,8233.58,0,0,0,0
368.3,152,30,18,0,30,18,10297,3380,8234.455,0,0,0,0
368.4,152,30,18,0,30,18,10254,3362,8235.02,0,0,0,0
368.5,152,30,18,0,30,18,10376,3392,8236.145,0,0,0,0
368.6,152,30,18,0,30,18,10569,3389,8237.665,0,0,0,0
368.7,152,30,18,0,30,18,10724,3418,8238.85,0,0,0,0
368.8,152,30,18,0,30,18,10869,3371,8239.72,0,0,0,0
368.9,153,30,17,0,30,17,10998,3379,8240.915,0,0,1,0
369,153,30,17,0,30,17,11159,3368,8241.775,0,0,0,0
369.1,153,30,17,0,30,17,11389,3355,8242.57,0,0,0,0
369.2,152,31,17,0,31,17,11503,3379,8243.875,0,1,0,0
369.3,152,31,17,0,31,17,11694,3356,8244.325,0,0,0,0
369.4,152,31,17,0,31,17,11837,3389,8245.03,0,0,0,0
369.5,151,32,17,0,32,17,12115,3412,8245.845,0,1,0,0
369.6,151,32,17,0,32,17,12190,3426,8246.19,0,0,0,0
369.7,151,32,17,0,32,17,12257,3439,8246.7,0,0,0,0
369.8,151,32,17,0,32,17,12303,3493,8246.745,0,0,0,0
369.9,151,32,17,0,32,17,12237,3494,8246.6,0,0,0,0
370,151,32,17,0,32,17,12229,3457,8246.425,0,0,0,0
370.1,151,32,17,0,32,17,12224,3490,8246.63,0,0,0,0
370.2,152,31,17,0,31,17,12254,3523,8247.31,1,0,0,0
370.3,152,31,17,0,31,17,12296,3541,8247.755,0,0,0,0
370.4,151,31,18,0,31,18,12267,3589,8248.355,0,0,0,1
370.5,152,30,18,0,30,18,12303,3636,8248.75,1,0,0,0
370.6,152,30,18,0,30,18,12299,3679,8248.325,0,0,0,0
370.7,152,30,18,0,30,18,12293,3759,8248.485,0,0,0,0
370.8,152,30,18,0,30,18,12210,3819,8248.585,0,0,0,0
370.9,152,30,18,0,30,18,12195,3911,8248.935,0,0,0,0
371,152,30,18,0,30,18,12175,4020,8248.915,0,0,0,0
371.1,152,30,18,0,30,18,12158,4134,8249.05,0,0,0,0
371.2,152,30,18,0,30,18,12256,4262,8249.58,0,0,0,0
371.3,152,30,18,0,30,18,12411,4431,8249.195,0,0,0,0
371.4,151,31,18,0,31,18,12496,4543,8249.055,0,1,0,0
371.5,152,30,18,0,30,18,12480,4697,8248.68,1,0,0,0
371.6,152,30,18,0,30,18,12530,4872,8248.15,0,0,0,0
371.7,152,30,18,0,30,18,12673,5025,8247.675,0,0,0,0
371.8,152,30,18,0,30,18,12709,5196,8246.99,0,0,0,0
371.9,152,30,18,0,30,18,12760,5417,8246.335,0,0,0,0
372,152,30,18,0,30,18,12785,5655,8245.9,0,0,0,0
372.1,151,31,18,0,31,18,12881,5869,8245.27,0,1,0,0
372.2,151,31,18,0,31,18,12873,6102,8244.255,0,0,0,0
372.3,151,31,18,0,31,18,12853,6286,8243.015,0,0,0,0
372.4,150,31,19,0,31,19,12814,6610,8242.04,0,0,0,1
372.5,150,31,19,0,31,19,12732,6894,8240.465,0,0,0,0
372.6,150,31,19,0,31,19,12633,7120,8239.145,0,0,0,0
372.7,150,31,19,0,31,19,12581,7351,8237.51,0,0,0,0
372.8,150,31,19,0,31,19,12481,7572,8236.175,0,0,0,0
372.9,150,31,19,0,31,19,12376,7826,8234.275,0,0,0,0
373,150,31,19,0,31,19,12322,8085,8232.705,0,0,0,0
373.1,150,31,19,0,31,19,12267,8354,8231.18,0,0,0,0
373.2,150,31,19,0,31,19,12175,8523,8228.895,0,0,0,0
373.3,150,31,19,0,31,19,12189,8763,8227.41,0,0,0,0
373.4,150,31,19,0,31,19,12136,8923,8224.775,0,0,0,0
373.5,150,31,19,0,31,19,12172,9029,8222.63,0,0,0,0
373.6,150,31,19,0,31,19,12170,9176,8220.145,0,0,0,0
373.7,150,31,19,0,31,19,12304,9342,8217.97,0,0,0,0
373.8,150,31,19,0,31,19,12349,9489,8215.545,0,0,0,0
373.9,150,31,19,0,31,19,12535,9534,8213.08,0,0,0,0
374,150,31,19,0,31,19,12742,9589,8210.58,0,0,0,0
374.1,150,31,19,0,31,19,12926,9539,8207.785,0,0,0,0
374.2,150,31,19,0,31,19,13122,9550,8205.265,0,0,0,0
374.3,150,30,20,0,30,20,13335,9592,8202.425,1,0,0,1
374.4,151,29,20,0,29,20,13564,9595,8199.685,1,0,0,0
374.5,151,29,20,0,29,20,13742,9484,8196.36,0,0,0,0
374.6,151,29,20,0,29,20,13831,9416,8192.995,0,0,0,0
374.7,151,29,20,0,29,20,13906,9320,8190.13,0,0,0,0
374.8,150,29,21,0,29,21,14061,9168,8187.32,0,0,0,1
374.9,150,29,20,1,30,21,14109,9013,8184.095,0,1,0,0
375,149,29,21,1,30,22,14170,8837,8180.79,0,0,0,1
375.1,149,29,21,1,30,22,14094,8751,8177.85,0,0,0,0
375.2,149,28,22,1,29,23,13927,8635,8174.895,1,0,0,1
375.3,149,28,22,1,29,23,13941,8497,8171.82,0,0,0,0
375.4,149,28,22,1,29,23,13787,8387,8169.11,0,0,0,0
375.5,149,28,22,1,29,23,13646,8316,8166.335,0,0,0,0
375.6,150,28,21,1,29,22,13507,8189,8163.445,0,0,1,0
375.7,150,28,21,1,29,22,13393,8050,8160.63,0,0,0,0
375.8,150,28,21,1,29,22,13178,8043,8158.465,0,0,0,0
375.9,149,28,22,1,29,23,12912,7962,8155.94,0,0,0,1
376,149,28,22,1,29,23,12768,7853,8153.69,0,0,0,0
376.1,149,28,22,1,29,23,12513,7814,8151.345,0,0,0,0
376.2,149,28,22,1,29,23,12325,7814,8149.38,0,0,0,0
376.3,149,28,22,1,29,23,12306,7799,8147.55,0,0,0,0
376.4,149,28,22,1,29,23,12162,7824,8145.96,0,0,0,0
376.5,149,27,22,2,29,24,12049,7848,8144.3,0,0,0,1
376.6,148,28,22,2,30,24,11957,7898,8142.9,0,1,0,0
376.7,146,30,23,1,31,24,11851,7951,8141.335,0,1,1,1
376.8,147,29,23,1,30,24,11750,7956,8139.575,1,0,0,0
376.9,147,29,23,1,30,24,11652,8025,8138.11,0,0,0,0
377,148,29,22,1,30,23,11515,8214,8136.94,0,0,1,0
377.1,148,29,22,1,30,23,11316,8314,8135.49,0,0,0,0
377.2,147,29,23,1,30,24,11208,8448,8133.84,0,0,0,1
377.3,146,30,23,1,31,24,10998,8568,8132.26,0,1,0,0
377.4,146,30,23,1,31,24,10751,8602,8130.505,0,0,0,0
377.5,147,30,22,1,31,23,10578,8746,8129.315,0,0,1,0
377.6,146,31,22,1,32,23,10346,8827,8127.94,0,1,0,0
377.7,146,31,22,1,32,23,10051,8876,8125.9,0,0,0,0
377.8,146,31,22,1,32,23,9748,8922,8124.44,0,0,0,0
377.9,147,30,22,1,31,23,9480,8963,8123.145,1,0,0,0
378,147,30,22,1,31,23,9237,9040,8122.345,0,0,0,0
378.1,147,30,22,1,31,23,8954,9121,8121.76,0,0,0,0
378.2,148,29,22,1,30,23,8761,9103,8120.795,1,0,0,0
378.3,148,29,22,1,30,23,8579,9104,8120.065,0,0,0,0
378.4,148,29,22,1,30,23,8348,9097,8119.47,0,0,0,0
378.5,148,29,22,1,30,23,8192,9202,8119.325,0,0,0,0
378.6,148,29,22,1,30,23,8006,9109,8118.705,0,0,0,0
378.7,148,29,22,1,30,23,7766,9071,8117.83,0,0,0,0
378.8,148,29,23,0,29,23,7611,9057,8117.22,1,0,0,0
378.9,148,29,23,0,29,23,7468,9095,8117.215,1,1,0,0
379,148,29,23,0,29,23,7342,9084,8117.095,0,0,0,0
379.1,149,28,23,0,28,23,7258,9093,8117.62,1,0,0,0
379.2,149,28,23,0,28,23,7270,9091,8117.895,0,0,0,0
379.3,148,29,23,0,29,23,7230,9072,8117.485,0,1,0,0
379.4,148,29,23,0,29,23,7265,9124,8118.12,0,0,0,0
379.5,148,29,23,0,29,23,7216,9200,8118.68,0,0,0,0
379.6,149,28,23,0,28,23,7277,9266,8119.165,1,0,0,0
379.7,148,29,23,0,29,23,7332,9315,8119.365,0,1,0,0
379.8,148,29,23,0,29,23,7427,9429,8119.16,0,0,0,0
379.9,148,29,23,0,29,23,7551,9598,8119.06,0,0,0,0
380,148,29,23,0,29,23,7619,9757,8118.595,0,0,0,0
380.1,149,29,22,0,29,22,7762,9926,8118.33,0,0,1,0
380.2,149,29,22,0,29,22,7883,10183,8117.99,0,0,0,0
380.3,149,29,21,1,30,22,8000,10403,8117.61,0,1,0,0
380.4,149,29,21,1,30,22,8120,10667,8117.19,0,0,0,0
380.5,149,29,21,1,30,22,8287,11018,8116.515,0,0,0,0
380.6,149,29,21,1,30,22,8509,11304,8115.855,0,0,0,0
380.7,149,29,21,1,30,22,8698,11601,8114.795,0,0,0,0
380.8,148,29,22,1,30,23,8860,11941,8113.76,0,0,0,1
380.9,148,29,22,1,30,23,9041,12256,8112.18,0,0,0,0
381,148,29,23,0,29,23,9121,12619,8109.885,1,0,0,0
381.1,148,29,23,0,29,23,9179,12978,8108.08,0,0,0,0
381.2,148,29,23,0,29,23,9292,13375,8106.15,0,0,0,0
381.3,148,29,23,0,29,23,9338,13719,8103.345,0,0,0,0
381.4,148,29,23,0,29,23,9316,14129,8100.57,0,0,0,0
381.5,147,30,23,0,30,23,9379,14463,8097.985,0,1,0,0
381.6,147,30,23,0,30,23,9459,14737,8095.125,0,0,0,0
381.7,147,30,23,0,30,23,9567,15002,8091.94,0,0,0,0
381.8,147,30,23,0,30,23,9670,15079,8088.325,0,0,0,0
381.9,147,30,23,0,30,23,9830,15284,8085.005,1,1,0,0
382,147,30,23,0,30,23,10020,15383,8081.47,0,0,0,0
382.1,147,30,23,0,30,23,10214,15535,8077.88,0,0,0,0
382.2,147,30,23,0,30,23,10416,15583,8073.94,0,0,0,0
382.3,147,30,23,0,30,23,10651,15661,8070.07,0,0,0,0
382.4,147,30,23,0,30,23,10933,15695,8066.035,0,0,0,0
382.5,147,30,23,0,30,23,11274,15729,8062.14,0,0,0,0
382.6,147,30,23,0,30,23,11732,15665,8057.75,0,0,0,0
382.7,147,30,23,0,30,23,12163,15554,8053.32,0,0,0,0
382.8,147,30,23,0,30,23,12570,15529,8049.405,0,0,0,0
382.9,147,30,23,0,30,23,13060,15411,8044.465,0,0,0,0
383,147,30,23,0,30,23,13403,15267,8039.065,0,0,0,0
383.1,147,30,23,0,30,23,13871,15042,8033.795,0,0,0,0
383.2,146,31,23,0,31,23,14378,14826,8028.96,0,1,0,0
383.3,146,31,23,0,31,23,14827,14640,8023.91,0,0,0,0
383.4,146,31,23,0,31,23,15193,14526,8018.385,0,0,0,0
383.5,146,31,23,0,31,23,15535,14309,8013.215,0,0,0,0
383.6,146,31,23,0,31,23,15869,14063,8007.705,0,0,0,0
383.7,145,32,23,0,32,23,16257,13847,8002.625,0,1,0,0
383.8,145,32,23,0,32,23,16548,13646,7997.225,0,0,0,0
383.9,146,31,23,0,31,23,16870,13352,7991.79,1,0,0,0
384,145,31,24,0,31,24,16957,13143,7985.81,0,0,0,1
384.1,146,31,23,0,31,23,16996,12882,7980.175,0,0,1,0
384.2,146,31,23,0,31,23,17029,12625,7974.85,0,0,0,0
384.3,146,31,23,0,31,23,16979,12364,7969.015,0,0,0,0
384.4,146,31,23,0,31,23,16908,12117,7963.525,0,0,0,0
384.5,146,31,23,0,31,23,16709,11787,7958.16,0,0,0,0
384.6,146,31,23,0,31,23,16553,11529,7953.605,0,0,0,0
384.7,146,31,23,0,31,23,16323,11212,7948.995,0,0,0,0
384.8,146,31,23,0,31,23,16118,10963,7944.835,0,0,0,0
384.9,146,31,23,0,31,23,15803,10684,7940.43,0,0,0,0
385,146,31,23,0,31,23,15364,10450,7935.85,0,0,0,0
385.1,146,31,23,0,31,23,14939,10253,7932.085,0,0,0,0
385.2,145,32,23,0,32,23,14579,10031,7928.485,0,1,0,0
385.3,145,32,23,0,32,23,14168,9864,7925.14,0,0,0,0
385.4,146,31,23,0,31,23,13801,9691,7922.415,1,0,0,0
385.5,146,31,23,0,31,23,13450,9576,7920.1,0,0,0,0
385.6,146,31,23,0,31,23,13102,9351,7917.835,0,0,0,0
385.7,146,31,23,0,31,23,12703,9203,7915.585,0,0,0,0
385.8,147,30,23,0,30,23,12435,9101,7914.375,1,0,0,0
385.9,147,30,23,0,30,23,12111,9025,7912.29,0,0,0,0
386,147,30,23,0,30,23,11780,8965,7910.58,0,0,0,0
386.1,148,29,23,0,29,23,11420,8983,7909.165,1,0,0,0
386.2,148,29,23,0,29,23,11180,8935,7908.22,0,0,0,0
386.3,148,29,23,0,29,23,10942,8945,7907.13,0,0,0,0
386.4,148,29,23,0,29,23,10738,8955,7906.375,0,0,0,0
386.5,148,29,23,0,29,23,10576,8934,7905.48,0,0,0,0
386.6,148,29,23,0,29,23,10493,8963,7904.885,0,0,0,0
386.7,148,29,23,0,29,23,10430,8991,7904.855,0,0,0,0
386.8,148,29,23,0,29,23,10274,8953,7904.08,0,0,0,0
386.9,148,29,23,0,29,23,10255,8911,7903.485,0,0,0,0
387,148,29,23,0,29,23,10305,8899,7902.835,0,0,0,0
387.1,148,29,23,0,29,23,10373,8774,7902.435,0,0,0,0
387.2,148,29,23,0,29,23,10443,8712,7901.795,0,0,0,0
387.3,149,29,22,0,29,22,10575,8724,7901.515,0,0,1,0
387.4,150,29,21,0,29,21,10681,8681,7901.25,0,0,1,0
387.5,150,29,21,0,29,21,10805,8623,7900.05,0,0,0,0
387.6,150,29,21,0,29,21,11055,8567,7899.655,0,0,0,0
387.7,150,29,21,0,29,21,11329,8403,7898.915,0,0,0,0
387.8,150,29,21,0,29,21,11533,8309,7897.95,0,0,0,0
387.9,149,29,22,0,29,22,11768,8236,7897.075,0,0,0,1
388,149,29,22,0,29,22,11821,8096,7895.575,0,0,0,0
388.1,149,29,22,0,29,22,12118,8032,7895.23,0,0,0,0
388.2,149,29,22,0,29,22,12325,7895,7894.615,0,0,0,0
388.3,149,29,22,0,29,22,12433,7758,7893.265,0,0,0,0
388.4,149,29,22,0,29,22,12577,7595,7892.4,0,0,0,0
388.5,149,29,22,0,29,22,12748,7412,7891.59,0,0,0,0
388.6,149,29,22,0,29,22,12914,7260,7890.39,0,0,0,0
388.7,149,29,22,0,29,22,12986,7114,7889.765,0,0,0,0
388.8,149,29,22,0,29,22,13112,6973,7888.69,0,0,0,0
388.9,149,29,22,0,29,22,13161,6849,7887.3,0,0,0,0
389,149,29,22,0,29,22,13197,6780,7886.265,0,0,0,0
389.1,148,29,23,0,29,23,13220,6644,7885.185,0,0,0,1
389.2,148,29,23,0,29,23,13250,6555,7884.3,0,0,0,0
389.3,148,29,23,0,29,23,13180,6432,7882.985,0,0,0,0
389.4,148,29,23,0,29,23,13207,6356,7881.985,0,0,0,0
389.5,148,29,23,0,29,23,13222,6271,7881.585,0,0,0,0
389.6,148,29,23,0,29,23,13087,6147,7880.565,0,0,0,0
389.7,149,29,22,0,29,22,13106,6104,7880.355,0,0,1,0
389.8,149,29,22,0,29,22,12975,5996,7879.57,0,0,0,0
389.9,149,29,22,0,29,22,12736,5882,7878.86,0,0,0,0
390,149,29,22,0,29,22,12607,5832,7878.92,0,0,0,0
390.1,149,29,22,0,29,22,12436,5748,7879.045,0,0,0,0
390.2,149,29,22,0,29,22,12178,5691,7878.73,0,0,0,0
390.3,149,29,22,0,29,22,11889,5622,7878.555,0,0,0,0
390.4,149,29,22,0,29,22,11655,5609,7879.21,0,0,0,0
390.5,149,28,22,1,29,23,11378,5570,7879.715,0,0,0,1
390.6,149,28,22,1,29,23,11054,5520,7880.125,0,0,0,0
390.7,149,28,22,1,29,23,10808,5426,7880.425,0,0,0,0
390.8,149,28,22,1,29,23,10539,5341,7881.25,0,0,0,0
390.9,149,28,22,1,29,23,10249,5341,7881.905,0,0,0,0
391,149,28,22,1,29,23,9984,5324,7883.08,0,0,0,0
391.1,149,28,22,1,29,23,9710,5277,7884.27,0,0,0,0
391.2,149,28,22,1,29,23,9486,5239,7885.825,0,0,0,0
391.3,149,28,22,1,29,23,9268,5158,7886.715,0,0,0,0
391.4,149,28,22,1,29,23,9032,5169,7888.61,0,0,0,0
391.5,149,28,21,2,30,23,8886,5081,7890.345,0,1,0,0
391.6,149,28,21,2,30,23,8737,5052,7892.6,0,0,0,0
391.7,149,28,21,2,30,23,8527,5036,7894.3,0,0,0,0
391.8,149,28,21,2,30,23,8436,4985,7896.815,0,0,0,0
391.9,149,28,21,2,30,23,8302,4980,7899.11,0,0,0,0
392,149,28,21,2,30,23,8051,4971,7901.17,0,0,0,0
392.1,150,27,21,2,29,23,7839,4939,7903.62,1,0,0,0
392.2,151,27,20,2,29,22,7694,4882,7906.025,0,0,1,0
392.3,151,27,20,2,29,22,7532,4856,7908.115,0,0,0,0
392.4,151,27,20,2,29,22,7455,4823,7911.03,0,0,0,0
392.5,151,27,20,2,29,22,7338,4794,7913.44,0,0,0,0
392.6,151,27,20,2,29,22,7196,4825,7916.055,0,0,0,0
392.7,151,28,20,1,29,21,7069,4789,7918.975,0,0,1,0
392.8,151,28,20,1,29,21,7008,4770,7922.03,0,0,0,0
392.9,151,28,20,1,29,21,6916,4730,7924.95,0,0,0,0
393,151,28,20,1,29,21,6830,4724,7927.825,0,0,0,0
393.1,152,27,20,1,28,21,6771,4701,7930.64,1,0,0,0
393.2,152,27,20,1,28,21,6736,4698,7933.56,0,0,0,0
393.3,152,27,20,1,28,21,6717,4745,7936.875,0,0,0,0
393.4,152,27,20,1,28,21,6633,4732,7939.58,0,0,0,0
393.5,152,27,20,1,28,21,6595,4744,7942.66,0,0,0,0
393.6,152,27,20,1,28,21,6515,4836,7946.235,0,0,0,0
393.7,152,27,20,1,28,21,6433,4866,7949.3,0,0,0,0
393.8,153,26,20,1,27,21,6376,4954,7952.77,1,0,0,0
393.9,154,26,19,1,27,20,6312,4978,7955.77,0,0,1,0
394,154,26,19,1,27,20,6267,5078,7958.665,0,0,0,0
394.1,154,26,19,1,27,20,6282,5127,7961.935,0,0,0,0
394.2,154,26,19,1,27,20,6241,5288,7964.71,0,0,0,0
394.3,154,26,19,1,27,20,6209,5383,7967.46,0,0,0,0
394.4,154,26,19,1,27,20,6160,5456,7970.815,0,0,0,0
394.5,154,26,19,1,27,20,6119,5599,7974.225,0,0,0,0
394.6,154,26,19,1,27,20,6026,5653,7976.845,0,0,0,0
394.7,154,26,19,1,27,20,5967,5749,7979.765,0,0,0,0
394.8,153,26,21,0,26,21,5885,5815,7982.605,1,0,0,1
394.9,153,26,21,0,26,21,5782,5943,7985.69,0,0,0,0
395,153,26,21,0,26,21,5742,6014,7988.255,0,0,0,0
395.1,153,26,21,0,26,21,5634,6105,7991.495,0,0,0,0
395.2,153,26,21,0,26,21,5616,6145,7994.505,0,0,0,0
395.3,153,26,21,0,26,21,5548,6225,7997.42,0,0,0,0
395.4,153,26,21,0,26,21,5533,6251,8000.24,0,0,0,0
395.5,153,26,21,0,26,21,5535,6272,8003.995,0,0,0,0
395.6,152,26,22,0,26,22,5538,6279,8007.345,0,0,0,1
395.7,152,26,22,0,26,22,5553,6267,8010.255,0,0,0,0
395.8,152,26,22,0,26,22,5560,6255,8012.995,0,0,0,0
395.9,152,26,22,0,26,22,5506,6219,8015.895,0,0,0,0
396,152,26,22,0,26,22,5495,6193,8018.88,0,0,0,0
396.1,152,26,22,0,26,22,5483,6163,8022.44,0,0,0,0
396.2,152,26,22,0,26,22,5452,6153,8025.875,0,0,0,0
396.3,152,26,22,0,26,22,5427,6122,8028.54,0,0,0,0
396.4,152,26,22,0,26,22,5425,6041,8031.88,0,0,0,0
396.5,152,26,22,0,26,22,5451,6047,8035.26,0,0,0,0
396.6,152,26,22,0,26,22,5433,6030,8038.705,0,0,0,0
396.7,152,26,22,0,26,22,5460,5921,8041.72,0,0,0,0
396.8,152,26,22,0,26,22,5502,5954,8045.12,0,0,0,0
396.9,152,26,22,0,26,22,5544,5873,8048.195,0,0,0,0
397,152,26,22,0,26,22,5530,5824,8051.24,0,0,0,0
397.1,152,26,22,0,26,22,5567,5760,8054.47,0,0,0,0
397.2,152,26,22,0,26,22,5589,5704,8057.33,0,0,0,0
397.3,153,26,21,0,26,21,5605,5643,8060.55,0,0,1,0
397.4,153,26,21,0,26,21,5587,5643,8063.905,0,0,0,0
397.5,154,25,21,0,25,21,5621,5588,8067.32,1,0,0,0
397.6,155,24,21,0,24,21,5723,5525,8070.695,1,0,0,0
397.7,156,24,20,0,24,20,5842,5500,8073.955,0,0,1,0
397.8,156,24,20,0,24,20,5911,5504,8077.37,0,0,0,0
397.9,156,24,20,0,24,20,5926,5435,8080.37,0,0,0,0
398,156,24,20,0,24,20,5975,5390,8083.745,0,0,0,0
398.1,157,24,19,0,24,19,5962,5352,8086.865,0,0,1,0
398.2,157,24,19,0,24,19,6008,5313,8089.9,0,0,0,0
398.3,157,24,19,0,24,19,6009,5259,8093.04,0,0,0,0
398.4,157,24,19,0,24,19,6047,5230,8096.925,0,0,0,0
398.5,157,24,19,0,24,19,6157,5178,8100.315,0,0,0,0
398.6,158,23,19,0,23,19,6251,5147,8103.48,1,0,0,0
398.7,157,23,20,0,23,20,6321,5137,8106.705,0,0,0,1
398.8,156,23,21,0,23,21,6373,5131,8109.74,0,0,0,1
398.9,156,23,21,0,23,21,6455,5115,8112.93,0,0,0,0
399,156,23,21,0,23,21,6538,5084,8116.05,0,0,0,0
399.1,156,23,21,0,23,21,6696,5070,8119.22,0,0,0,0
399.2,156,23,21,0,23,21,6770,5111,8122.635,0,0,0,0
399.3,156,23,21,0,23,21,6899,5145,8125.975,0,0,0,0
399.4,156,23,21,0,23,21,7034,5107,8129.005,0,0,0,0
399.5,156,23,21,0,23,21,7102,5141,8131.785,0,0,0,0
399.6,156,23,21,0,23,21,7136,5196,8134.435,0,0,0,0
399.7,156,23,21,0,23,21,7200,5243,8137.1,0,0,0,0
399.8,156,23,21,0,23,21,7352,5273,8139.98,0,0,0,0
399.9,156,23,21,0,23,21,7362,5336,8142.255,0,0,0,0
400,156,23,21,0,23,21,7431,5339,8144.94,0,0,0,0
400.1,156,23,21,0,23,21,7481,5403,8147.49,0,0,0,0
400.2,156,24,20,0,24,20,7499,5497,8149.605,0,1,1,0
400.3,156,24,20,0,24,20,7590,5585,8152.115,0,0,0,0
400.4,156,24,20,0,24,20,7631,5689,8154.595,0,0,0,0
400.5,156,24,20,0,24,20,7630,5798,8156.075,0,0,0,0
400.6,156,24,20,0,24,20,7677,5860,8158.165,0,0,0,0
400.7,156,24,20,0,24,20,7674,5956,8160.76,0,0,0,0
400.8,155,25,20,0,25,20,7662,6067,8162.785,0,1,0,0
400.9,155,25,20,0,25,20,7715,6187,8165.135,0,0,0,0
401,154,26,20,0,26,20,7688,6321,8167.215,0,1,0,0
401.1,154,26,20,0,26,20,7629,6487,8169.605,0,0,0,0
401.2,154,27,19,0,27,19,7630,6556,8171.725,0,1,1,0
401.3,154,27,19,0,27,19,7611,6667,8173.995,0,0,0,0
401.4,154,27,19,0,27,19,7594,6785,8176.22,0,0,0,0
401.5,153,27,20,0,27,20,7515,6879,8177.95,0,0,0,1
401.6,153,26,21,0,26,21,7483,6982,8180.055,1,0,0,1
401.7,154,25,21,0,25,21,7472,6955,8182.355,1,0,0,0
401.8,155,24,21,0,24,21,7421,7003,8184.205,1,0,0,0
401.9,155,24,21,0,24,21,7397,6989,8186.21,0,0,0,0
402,153,25,22,0,25,22,7346,6995,8188.245,0,1,0,1
402.1,153,25,22,0,25,22,7310,7005,8190.44,0,0,0,0
402.2,153,25,22,0,25,22,7278,6970,8192.555,0,0,0,0
402.3,153,25,22,0,25,22,7196,6948,8194.43,0,0,0,0
402.4,153,24,23,0,24,23,7086,6935,8195.905,1,0,0,1
402.5,153,24,22,1,25,23,6973,6834,8197.745,0,1,0,0
402.6,154,24,21,1,25,22,6865,6774,8199.625,0,0,1,0
402.7,154,24,21,1,25,22,6816,6661,8202.02,0,0,0,0
402.8,154,24,21,1,25,22,6821,6628,8204.685,0,0,0,0
402.9,154,24,21,1,25,22,6801,6588,8206.635,0,0,0,0
403,154,24,22,0,24,22,6792,6547,8209.075,1,0,0,0
403.1,154,24,22,0,24,22,6803,6495,8210.975,0,0,0,0
403.2,154,24,22,0,24,22,6808,6463,8213.255,0,0,0,0
403.3,154,24,22,0,24,22,6820,6424,8215.65,0,0,0,0
403.4,154,24,22,0,24,22,6848,6448,8218.16,0,0,0,0
403.5,153,24,23,0,24,23,6862,6471,8220.41,0,0,0,1
403.6,153,24,23,0,24,23,6984,6501,8223.18,0,0,0,0
403.7,152,24,24,0,24,24,7160,6526,8225.595,0,0,0,1
403.8,151,25,24,0,25,24,7274,6614,8228.005,0,1,0,0
403.9,152,24,24,0,24,24,7421,6710,8230.135,1,0,0,0
404,152,24,24,0,24,24,7654,6807,8231.97,0,0,0,0
404.1,152,24,24,0,24,24,7882,6885,8233.69,0,0,0,0
404.2,152,24,24,0,24,24,8170,6993,8235.255,0,0,0,0
404.3,152,24,24,0,24,24,8461,7155,8236.46,0,0,0,0
404.4,152,24,24,0,24,24,8816,7286,8237.755,0,0,0,0
404.5,152,24,24,0,24,24,9071,7470,8238.895,0,0,0,0
404.6,152,24,24,0,24,24,9414,7745,8240.025,0,0,0,0
404.7,152,24,24,0,24,24,9755,7962,8240.635,0,0,0,0
404.8,152,24,24,0,24,24,10138,8193,8241.325,0,0,0,0
404.9,152,24,24,0,24,24,10468,8443,8241.205,0,0,0,0
405,152,24,24,0,24,24,10863,8646,8240.995,0,0,0,0
405.1,152,24,24,0,24,24,11261,8843,8240.305,0,0,0,0
405.2,152,24,24,0,24,24,11642,9058,8239.895,0,0,0,0
405.3,152,24,24,0,24,24,11980,9355,8239.62,0,0,0,0
405.4,152,24,24,0,24,24,12277,9739,8238.4,0,0,0,0
405.5,152,24,24,0,24,24,12523,10022,8237.125,0,0,0,0
405.6,151,25,24,0,25,24,12779,10251,8235.06,0,1,0,0
405.7,150,26,24,0,26,24,13040,10521,8233.44,0,1,0,0
405.8,150,26,24,0,26,24,13171,10711,8230.955,0,0,0,0
405.9,150,26,24,0,26,24,13236,10843,8228.625,0,0,0,0
406,150,26,24,0,26,24,13341,11029,8226.365,0,0,0,0
406.1,150,26,24,0,26,24,13456,11236,8224.125,0,0,0,0
406.2,150,26,24,0,26,24,13493,11406,8221.23,0,0,0,0
406.3,150,26,24,0,26,24,13557,11562,8218.49,0,0,0,0
406.4,150,26,24,0,26,24,13604,11685,8215.32,0,0,0,0
406.5,150,26,24,0,26,24,13667,11903,8212.48,0,0,0,0
406.6,150,26,24,0,26,24,13650,12125,8210.045,0,0,0,0
406.7,150,26,24,0,26,24,13651,12240,8207.23,0,0,0,0
406.8,150,26,24,0,26,24,13696,12460,8203.99,0,0,0,0
406.9,150,26,24,0,26,24,13681,12708,8201.27,0,0,0,0
407,149,27,24,0,27,24,13548,12955,8197.61,0,1,0,0
407.1,149,27,24,0,27,24,13553,13204,8195.005,0,0,0,0
407.2,147,27,26,0,27,26,13427,13467,8191.145,0,0,0,2
407.3,146,27,27,0,27,27,13338,13746,8187.87,0,0,0,1
407.4,146,27,27,0,27,27,13218,14015,8184.505,0,0,0,0
407.5,145,27,28,0,27,28,13051,14187,8180.515,0,0,0,1
407.6,145,27,28,0,27,28,12874,14508,8176.56,0,0,0,0
407.7,145,27,28,0,27,28,12684,14777,8172.73,0,0,0,0
407.8,146,27,27,0,27,27,12407,14901,8168.455,0,0,1,0
407.9,146,27,27,0,27,27,12166,15095,8164.65,0,0,0,0
408,146,27,27,0,27,27,11936,15220,8160.45,0,0,0,0
408.1,146,27,27,0,27,27,11718,15389,8156.245,0,0,0,0
408.2,146,27,27,0,27,27,11454,15704,8152.905,0,0,0,0
408.3,145,27,28,0,27,28,11236,15859,8149.595,0,0,0,1
408.4,145,27,28,0,27,28,10996,16012,8145.69,0,0,0,0
408.5,145,27,28,0,27,28,10842,16149,8142.5,0,0,0,0
408.6,145,27,28,0,27,28,10628,16331,8138.575,0,0,0,0
408.7,145,27,28,0,27,28,10371,16393,8135.13,0,0,0,0
408.8,145,27,28,0,27,28,10194,16374,8131.215,0,0,0,0
408.9,145,26,28,1,27,29,10078,16492,8128.295,0,0,0,1
409,144,28,28,0,28,28,10052,16527,8125.14,0,1,1,0
409.1,143,28,29,0,28,29,10024,16564,8122.065,0,0,0,1
409.2,143,27,30,0,27,30,9946,16582,8118.615,1,0,0,1
409.3,144,27,29,0,27,29,9944,16635,8115.4,0,0,1,0
409.4,144,27,29,0,27,29,9965,16646,8111.13,0,0,0,0
409.5,143,28,29,0,28,29,10057,16735,8108.335,0,1,0,0
409.6,143,28,29,0,28,29,10209,16676,8104.685,0,0,0,0
409.7,143,28,29,0,28,29,10379,16557,8100.945,0,0,0,0
409.8,143,28,29,0,28,29,10543,16533,8097.17,0,0,0,0
409.9,143,28,29,0,28,29,10759,16431,8093.59,0,0,0,0
410,143,28,29,0,28,29,11026,16260,8089.35,0,0,0,0
410.1,143,28,29,0,28,29,11286,16127,8085.455,0,0,0,0
410.2,143,28,29,0,28,29,11501,16099,8081.545,0,0,0,0
410.3,142,29,29,0,29,29,11767,16094,8078.225,0,1,0,0
410.4,142,29,29,0,29,29,12048,15943,8074.1,0,0,0,0
410.5,142,29,29,0,29,29,12302,15763,8069.875,0,0,0,0
410.6,141,29,30,0,29,30,12554,15422,8065.1,0,0,0,1
410.7,140,30,30,0,30,30,12849,15297,8061.495,0,1,0,0
410.8,140,30,30,0,30,30,13117,15067,8057.575,0,0,0,0
410.9,140,30,30,0,30,30,13356,14815,8053.015,0,0,0,0
411,139,31,30,0,31,30,13625,14594,8049.315,0,1,0,0
411.1,139,31,30,0,31,30,13792,14397,8045.25,0,0,0,0
411.2,139,31,30,0,31,30,13971,14157,8040.615,0,0,0,0
411.3,139,31,30,0,31,30,14088,13840,8035.685,0,0,0,0
411.4,139,31,30,0,31,30,14215,13553,8031.49,0,0,0,0
411.5,139,31,30,0,31,30,14204,13388,8026.9,0,0,0,0
411.6,138,32,30,0,32,30,14176,13263,8022.29,0,1,0,0
411.7,138,32,30,0,32,30,14198,13107,8018.6,0,0,0,0
411.8,138,32,30,0,32,30,14205,12932,8014.65,0,0,0,0
411.9,138,32,30,0,32,30,14222,12821,8010.385,0,0,0,0
412,138,32,30,0,32,30,14133,12671,8006.555,0,0,0,0
412.1,138,32,30,0,32,30,14042,12598,8002.995,0,0,0,0
412.2,138,32,30,0,32,30,13899,12585,7999.405,0,0,0,0
412.3,138,32,30,0,32,30,13690,12591,7996.175,0,0,0,0
412.4,137,33,30,0,33,30,13482,12478,7992.975,0,1,0,0
412.5,137,32,30,1,33,31,13312,12632,7989.56,0,0,0,1
412.6,136,34,30,0,34,30,13108,12696,7986.42,0,1,1,0
412.7,136,34,30,0,34,30,12926,12700,7983.105,0,0,0,0
412.8,135,34,31,0,34,31,12711,12792,7979.48,0,0,0,1
412.9,135,34,31,0,34,31,12599,12801,7976.675,0,0,0,0
413,135,34,31,0,34,31,12470,12780,7973.62,0,0,0,0
413.1,135,34,31,0,34,31,12243,12903,7970.755,1,1,0,0
413.2,136,34,30,0,34,30,12161,12944,7967.655,0,0,1,0
413.3,135,35,30,0,35,30,12136,12949,7964.725,0,1,0,0
413.4,135,35,30,0,35,30,12068,12958,7961.75,0,0,0,0
413.5,134,35,31,0,35,31,12068,13014,7958.655,0,0,0,1
413.6,134,35,31,0,35,31,12043,12982,7955.965,0,0,0,0
413.7,134,35,31,0,35,31,12021,13018,7953.265,0,0,0,0
413.8,134,35,31,0,35,31,12104,13049,7950.535,0,0,0,0
413.9,135,34,31,0,34,31,12126,13117,7947.92,1,0,0,0
414,135,34,31,0,34,31,12203,12997,7944.84,0,0,0,0
414.1,136,33,31,0,33,31,12190,12907,7941.565,1,0,0,0
414.2,136,33,31,0,33,31,12233,12885,7939.06,0,0,0,0
414.3,136,33,31,0,33,31,12281,12867,7935.925,0,0,0,0
414.4,136,33,31,0,33,31,12339,12867,7933.25,0,0,0,0
414.5,136,33,31,0,33,31,12427,12837,7930.38,0,0,0,0
414.6,136,33,31,0,33,31,12492,12758,7927.51,0,0,0,0
414.7,136,33,31,0,33,31,12630,12748,7925.38,0,0,0,0
414.8,136,33,31,0,33,31,12788,12852,7922.625,0,0,0,0
414.9,136,33,31,0,33,31,12869,12842,7919.305,0,0,0,0
415,136,33,31,0,33,31,12978,12820,7915.84,0,0,0,0
415.1,136,33,31,0,33,31,13160,12794,7912.55,0,0,0,0
415.2,136,33,31,0,33,31,13352,12792,7908.9,0,0,0,0
415.3,136,33,31,0,33,31,13410,12901,7905.48,0,0,0,0
415.4,136,33,31,0,33,31,13641,12923,7902.585,0,0,0,0
415.5,136,33,31,0,33,31,13818,13019,7899.065,0,0,0,0
415.6,136,33,31,0,33,31,14063,13186,7896.15,0,0,0,0
415.7,136,33,31,0,33,31,14328,13233,7892.77,0,0,0,0
415.8,136,33,31,0,33,31,14545,13212,7888.41,0,0,0,0
415.9,136,33,31,0,33,31,14841,13230,7884.735,0,0,0,0
416,135,34,31,0,34,31,15021,13283,7880.895,0,1,0,0
416.1,135,34,31,0,34,31,15088,13286,7876.465,0,0,0,0
416.2,135,34,31,0,34,31,15271,13308,7872.45,0,0,0,0
416.3,135,34,31,0,34,31,15375,13342,7868.415,0,0,0,0
416.4,135,34,31,0,34,31,15378,13265,7864.02,0,0,0,0
416.5,135,34,31,0,34,31,15350,13179,7859.045,0,0,0,0
416.6,135,34,31,0,34,31,15238,13131,7854.615,0,0,0,0
416.7,135,34,31,0,34,31,15253,13123,7850.675,0,0,0,0
416.8,135,34,31,0,34,31,15113,13007,7846.44,0,0,0,0
416.9,135,34,31,0,34,31,15099,12880,7842.24,0,0,0,0
417,135,34,31,0,34,31,15007,12624,7837.5,0,0,0,0
417.1,135,34,30,1,35,31,15039,12474,7834.075,0,1,0,0
417.2,135,34,30,1,35,31,14976,12377,7830.545,0,0,0,0
417.3,134,35,30,1,36,31,14948,12139,7826.455,0,1,0,0
417.4,133,35,31,1,36,32,14878,11991,7822.54,0,0,0,1
417.5,134,34,31,1,35,32,14740,11829,7818.76,1,0,0,0
417.6,134,34,31,1,35,32,14642,11669,7815.425,0,0,0,0
417.7,135,33,31,1,34,32,14462,11634,7812.325,1,0,0,0
417.8,135,33,31,1,34,32,14350,11482,7809.35,0,0,0,0
417.9,135,33,31,1,34,32,14242,11375,7806.365,0,0,0,0
418,136,32,31,1,33,32,14097,11372,7803.465,1,0,0,0
418.1,136,32,31,1,33,32,13774,11308,7800.05,0,0,0,0
418.2,136,32,31,1,33,32,13652,11256,7797.53,0,0,0,0
418.3,136,32,31,1,33,32,13480,11244,7794.77,0,0,0,0
418.4,135,32,32,1,33,33,13272,11309,7792.2,0,0,0,1
418.5,135,32,32,1,33,33,13078,11406,7790.465,0,0,0,0
418.6,135,32,32,1,33,33,12948,11494,7788.04,0,0,0,0
418.7,135,32,32,1,33,33,12774,11523,7785.25,0,0,0,0
418.8,135,32,32,1,33,33,12572,11573,7782.045,0,0,0,0
418.9,135,32,32,1,33,33,12440,11500,7779.875,0,0,0,0
419,135,32,32,1,33,33,12326,11502,7777.155,0,0,0,0
419.1,135,32,32,1,33,33,12296,11614,7775.435,0,0,0,0
419.2,135,32,33,0,32,33,12282,11792,7773.41,1,0,0,0
419.3,136,31,33,0,31,33,12347,11900,7771.425,1,0,0,0
419.4,136,31,33,0,31,33,12372,12006,7769.225,0,0,0,0
419.5,137,31,32,0,31,32,12493,12010,7766.765,0,0,1,0
419.6,137,31,32,0,31,32,12603,12003,7764.805,0,0,0,0
419.7,137,31,32,0,31,32,12674,12063,7762.995,0,0,0,0
419.8,137,31,32,0,31,32,12714,12146,7760.02,0,0,0,0
419.9,137,31,32,0,31,32,12792,12173,7757.295,0,0,0,0
420,136,32,32,0,32,32,12910,12127,7755.21,0,1,0,0
420.1,136,32,32,0,32,32,12996,11983,7751.93,0,0,0,0
420.2,136,32,32,0,32,32,13161,11894,7749.18,0,0,0,0
420.3,136,32,32,0,32,32,13335,11810,7746.315,0,0,0,0
420.4,135,31,33,1,32,34,13602,11737,7743.445,0,0,0,2
420.5,135,31,33,1,32,34,13781,11603,7740.66,0,0,0,0
420.6,135,31,33,1,32,34,13971,11406,7737.07,0,0,0,0
420.7,135,31,33,1,32,34,14215,11255,7734.175,0,0,0,0
420.8,134,32,33,1,33,34,14388,11088,7730.595,0,1,0,0
420.9,134,32,33,1,33,34,14529,10907,7727.24,0,0,0,0
421,133,33,33,1,34,34,14732,10703,7724.29,0,1,0,0
421.1,134,32,33,1,33,34,14849,10456,7721.55,1,0,0,0
421.2,134,32,33,1,33,34,14946,10319,7719.205,0,0,1,1
421.3,134,32,33,1,33,34,15084,10140,7716.39,0,0,0,0
421.4,134,32,33,1,33,34,15117,9919,7713.415,0,0,0,0
421.5,134,32,33,1,33,34,15138,9714,7710.735,0,0,0,0
421.6,134,32,33,1,33,34,15178,9494,7707.64,0,0,0,0
421.7,134,32,33,1,33,34,15206,9293,7704.995,1,1,0,0
421.8,135,31,33,1,32,34,15109,9081,7701.885,1,0,0,0
421.9,135,31,33,1,32,34,14959,8968,7699.655,0,0,0,0
422,135,31,33,1,32,34,14852,8884,7696.615,0,0,0,0
422.1,135,31,33,1,32,34,14731,8806,7694.35,0,0,0,0
422.2,136,31,32,1,32,33,14502,8720,7692.15,0,0,1,0
422.3,136,31,32,1,32,33,14315,8664,7689.78,0,0,0,0
422.4,136,31,32,1,32,33,14108,8611,7687.875,0,0,0,0
422.5,136,31,32,1,32,33,13878,8616,7686.46,0,0,0,0
422.6,136,31,32,1,32,33,13594,8625,7684.97,0,0,0,0
422.7,137,31,30,2,33,32,13341,8592,7683.64,0,1,1,0
422.8,137,31,30,2,33,32,13004,8692,7682.53,0,0,0,0
422.9,137,31,30,2,33,32,12735,8745,7681.56,0,0,0,0
423,137,31,30,2,33,32,12374,8785,7679.805,0,0,0,0
423.1,137,31,30,2,33,32,12041,8917,7678.945,0,0,0,0
423.2,137,31,30,2,33,32,11678,9098,7678.125,0,0,0,0
423.3,136,31,31,2,33,33,11337,9254,7677.57,0,0,0,1
423.4,137,31,30,2,33,32,11046,9389,7677.11,0,0,1,0
423.5,137,31,30,2,33,32,10704,9565,7676.1,0,0,0,0
423.6,137,31,30,2,33,32,10496,9781,7676.085,0,0,0,0
423.7,137,31,30,2,33,32,10198,10004,7675.425,0,0,0,0
423.8,137,31,30,2,33,32,9951,10187,7675.22,0,0,0,0
423.9,137,30,30,3,33,33,9812,10385,7674.795,0,0,0,1
424,137,30,31,2,32,33,9567,10552,7674.055,1,0,0,0
424.1,137,30,31,2,32,33,9423,10702,7674.495,0,0,0,0
424.2,137,30,31,2,32,33,9212,10887,7674.23,0,0,0,0
424.3,137,30,31,2,32,33,9075,11062,7673.635,0,0,0,0
424.4,137,30,31,2,32,33,9019,11177,7673.51,0,0,0,0
424.5,137,30,31,2,32,33,8974,11281,7672.915,0,0,0,0
424.6,137,30,31,2,32,33,8943,11300,7672.015,0,0,0,0
424.7,138,29,31,2,31,33,8935,11462,7672.34,1,0,0,0
424.8,138,29,31,2,31,33,8948,11467,7672.355,0,0,0,0
424.9,138,29,31,2,31,33,9032,11457,7671.925,0,0,0,0
425,138,27,31,4,31,35,9133,11415,7671.71,0,0,0,2
425.1,138,27,31,4,31,35,9317,11352,7671.42,0,0,0,0
425.2,138,27,31,4,31,35,9407,11323,7671.365,0,0,0,0
425.3,138,27,31,4,31,35,9578,11291,7671.305,0,0,0,0
425.4,138,27,31,4,31,35,9846,11086,7670.725,0,0,0,0
425.5,138,27,31,4,31,35,10111,11033,7670.98,0,0,0,0
425.6,138,27,31,4,31,35,10437,10951,7670.395,0,0,0,0
425.7,138,28,31,3,31,34,10657,10759,7669.525,0,0,1,0
425.8,138,28,31,3,31,34,10931,10652,7668.375,0,0,0,0
425.9,139,28,30,3,31,33,11224,10489,7667.485,0,0,1,0
426,139,28,30,3,31,33,11578,10327,7667.305,0,0,0,0
426.1,139,27,31,3,30,34,11807,10203,7666.48,1,0,0,1
426.2,138,27,32,3,30,35,12099,10075,7665.225,0,0,0,1
426.3,138,27,32,3,30,35,12356,9915,7664.135,0,0,0,0
426.4,139,27,31,3,30,34,12664,9743,7662.765,0,0,1,0
426.5,139,27,31,3,30,34,12982,9621,7662.21,0,0,0,0
426.6,139,28,31,2,30,33,13303,9530,7661.445,0,0,1,0
426.7,139,28,31,2,30,33,13625,9469,7660.945,0,0,0,0
426.8,140,27,31,2,29,33,13992,9389,7659.49,1,0,0,0
426.9,140,27,31,2,29,33,14265,9270,7657.85,0,0,0,0
427,140,27,31,2,29,33,14503,9158,7656.2,0,0,0,0
427.1,140,27,31,2,29,33,14765,9110,7654.97,0,0,0,0
427.2,139,28,31,2,30,33,14856,9043,7652.835,0,1,0,0
427.3,139,28,31,2,30,33,14995,8965,7651.41,0,0,0,0
427.4,139,28,31,2,30,33,15076,8933,7649.99,0,0,0,0
427.5,139,28,31,2,30,33,15067,8853,7648.365,0,0,0,0
427.6,138,28,32,2,30,34,14948,8783,7646.27,0,0,0,1
427.7,138,28,32,2,30,34,14765,8755,7645.035,0,0,0,0
427.8,138,28,32,2,30,34,14591,8758,7643.675,0,0,0,0
427.9,139,27,31,3,30,34,14288,8801,7642.13,1,1,0,0
428,139,27,32,2,29,34,14094,8865,7640.985,1,0,0,0
428.1,140,27,31,2,29,33,13705,8941,7639.755,0,0,1,0
428.2,140,27,31,2,29,33,13325,8985,7638.525,0,0,0,0
428.3,140,27,31,2,29,33,12939,9000,7637.415,0,0,0,0
428.4,140,27,31,2,29,33,12579,9082,7636.52,0,0,0,0
428.5,139,28,31,2,30,33,12206,9102,7635.825,0,1,0,0
428.6,139,28,31,2,30,33,11768,9171,7635.715,0,0,0,0
428.7,139,28,31,2,30,33,11390,9247,7635.125,0,0,0,0
428.8,138,29,31,2,31,33,10950,9242,7634.805,0,1,0,0
428.9,138,29,31,2,31,33,10672,9244,7635.34,0,0,0,0
429,138,29,31,2,31,33,10326,9261,7636.01,0,0,0,0
429.1,138,29,31,2,31,33,9977,9214,7636.195,0,0,0,0
429.2,139,29,31,1,30,32,9684,9228,7636.64,1,0,1,0
429.3,139,29,30,2,31,32,9407,9208,7637.93,0,1,0,0
429.4,140,28,30,2,30,32,9078,9157,7638.35,1,0,0,0
429.5,140,28,30,2,30,32,8792,9084,7639.59,0,0,0,0
429.6,140,28,30,2,30,32,8608,8976,7641.05,0,0,0,0
429.7,140,28,30,2,30,32,8354,8871,7642.895,0,0,0,0
429.8,139,29,30,2,31,32,8090,8755,7644.375,0,1,0,0
429.9,139,29,30,2,31,32,7885,8602,7646.295,0,0,0,0
430,139,29,30,2,31,32,7646,8491,7648.66,0,0,0,0
430.1,139,29,30,2,31,32,7413,8317,7650.36,0,0,0,0
430.2,139,29,30,2,31,32,7207,8255,7652.45,0,0,0,0
430.3,139,29,30,2,31,32,7063,8205,7655.02,0,0,0,0
430.4,139,29,29,3,32,32,6857,8129,7657.3,0,1,0,0
430.5,139,29,29,3,32,32,6740,7997,7659.66,0,0,0,0
430.6,139,29,29,3,32,32,6593,7896,7662.495,0,0,0,0
430.7,139,29,30,2,31,32,6429,7760,7664.98,1,0,0,0
430.8,139,29,30,2,31,32,6320,7667,7667.78,0,0,0,0
430.9,139,29,30,2,31,32,6234,7601,7670.51,0,0,0,0
431,139,29,30,2,31,32,6121,7598,7673.72,0,0,0,0
431.1,139,29,30,2,31,32,6073,7540,7676.96,0,0,0,0
431.2,140,29,29,2,31,31,5991,7552,7680.37,0,0,1,0
431.3,140,29,29,2,31,31,5886,7552,7684.065,0,0,0,0
431.4,140,29,29,2,31,31,5874,7537,7687.58,0,0,0,0
431.5,140,29,29,2,31,31,5837,7608,7691.17,0,0,0,0
431.6,139,29,30,2,31,32,5758,7665,7694.34,0,0,0,1
431.7,139,29,30,2,31,32,5715,7708,7698.075,0,0,0,0
431.8,139,29,30,2,31,32,5720,7799,7701.445,0,0,0,0
431.9,139,29,30,2,31,32,5671,7953,7704.99,0,0,0,0
432,139,29,30,2,31,32,5693,8018,7708.53,0,0,0,0
432.1,139,29,30,2,31,32,5671,8131,7711.785,0,0,0,0
432.2,139,29,30,2,31,32,5648,8207,7715.05,0,0,0,0
432.3,139,29,30,2,31,32,5703,8339,7718.77,0,0,0,0
432.4,139,29,30,2,31,32,5775,8461,7722.17,0,0,0,0
432.5,138,29,31,2,31,33,5800,8560,7725.3,0,0,0,1
432.6,139,28,31,2,30,33,5818,8672,7728.415,1,0,0,0
432.7,139,28,31,2,30,33,5879,8770,7731.515,0,0,0,0
432.8,139,28,31,2,30,33,5932,8969,7734.625,0,0,0,0
432.9,139,28,31,2,30,33,6015,9147,7737.845,0,0,0,0
433,139,28,31,2,30,33,6103,9237,7740.96,0,0,1,1
433.1,139,28,31,2,30,33,6157,9343,7744.02,0,0,0,0
433.2,140,27,31,2,29,33,6253,9482,7747,1,0,0,0
433.3,140,27,31,2,29,33,6392,9565,7749.885,0,0,0,0
433.4,140,27,31,2,29,33,6452,9673,7752.135,0,0,0,0
433.5,140,27,31,2,29,33,6582,9737,7753.99,0,0,0,0
433.6,140,27,31,2,29,33,6654,9807,7756.355,0,0,0,0
433.7,140,27,31,2,29,33,6635,9867,7758.495,0,0,0,0
433.8,140,27,31,2,29,33,6681,9892,7760.495,0,0,0,0
433.9,140,27,31,2,29,33,6728,9950,7762.475,0,0,0,0
434,141,27,30,2,29,32,6792,9991,7764.51,0,0,1,0
434.1,141,27,30,2,29,32,6856,10007,7766.62,0,0,0,0
434.2,141,27,30,2,29,32,6969,10122,7768.615,0,0,0,0
434.3,141,27,30,2,29,32,7072,10087,7770.15,0,0,0,0
434.4,141,27,30,2,29,32,7195,10114,7772.03,0,0,0,0
434.5,140,27,31,2,29,33,7318,10120,7773.88,0,0,0,1
434.6,140,27,31,2,29,33,7448,10191,7775.985,0,0,0,0
434.7,140,27,31,2,29,33,7585,10322,7777.63,0,0,0,0
434.8,139,28,31,2,30,33,7790,10339,7779.035,0,1,0,0
434.9,139,28,31,2,30,33,7945,10445,7780.515,0,0,0,0
435,139,28,31,2,30,33,8129,10523,7781.735,0,0,0,0
435.1,139,28,31,2,30,33,8329,10561,7782.86,0,0,0,0
435.2,139,28,31,2,30,33,8513,10726,7784.265,0,0,0,0
435.3,138,29,31,2,31,33,8696,10784,7785.645,0,1,0,0
435.4,138,29,31,2,31,33,8873,10917,7786.97,0,0,0,0
435.5,139,29,30,2,31,32,9016,10983,7787.97,0,0,1,0
435.6,138,29,31,2,31,33,9061,11130,7789.24,0,0,0,1
435.7,139,29,30,2,31,32,9138,11173,7790.34,0,0,1,0
435.8,139,29,30,2,31,32,9209,11270,7790.73,0,0,0,0
435.9,139,30,29,2,32,31,9196,11367,7791.495,0,1,1,0
436,140,29,29,2,31,31,9204,11387,7792.185,1,0,0,0
436.1,140,29,29,2,31,31,9126,11294,7792.21,0,0,0,0
436.2,140,29,29,2,31,31,9076,11312,7792.98,0,0,0,0
436.3,140,29,29,2,31,31,9023,11252,7793.665,0,0,0,0
436.4,140,29,29,2,31,31,8853,11197,7793.745,0,0,0,0
436.5,141,29,28,2,31,30,8751,11236,7794.895,0,0,1,0
436.6,141,29,28,2,31,30,8620,11129,7795.675,0,0,0,0
436.7,141,29,28,2,31,30,8436,11061,7796.525,0,0,0,0
436.8,141,29,28,2,31,30,8322,10952,7797.195,0,0,0,0
436.9,141,29,28,2,31,30,8220,10812,7797.625,0,0,0,0
437,141,29,28,2,31,30,8102,10802,7799.095,0,0,0,0
437.1,141,29,28,2,31,30,8010,10735,7800.45,0,0,0,0
437.2,141,30,28,1,31,29,7902,10660,7801.535,0,0,1,0
437.3,141,30,28,1,31,29,7773,10559,7802.495,0,0,0,0
437.4,141,30,28,1,31,29,7763,10481,7804.255,0,0,0,0
437.5,141,30,28,1,31,29,7719,10502,7806.055,0,0,0,0
437.6,140,30,29,1,31,30,7719,10476,7807.825,0,0,0,1
437.7,140,30,29,1,31,30,7631,10465,7809.235,0,0,0,0
437.8,140,30,29,1,31,30,7596,10521,7811.11,0,0,0,0
437.9,140,30,29,1,31,30,7595,10604,7812.825,0,0,0,0
438,140,30,29,1,31,30,7599,10704,7814.65,0,0,0,0
438.1,141,29,29,1,30,30,7701,10723,7816.26,1,0,0,0
438.2,141,29,29,1,30,30,7736,10826,7817.605,0,0,0,0
438.3,141,29,29,1,30,30,7882,10922,7819.375,0,0,0,0
438.4,141,29,29,1,30,30,8012,11070,7820.82,0,0,0,0
438.5,142,28,29,1,29,30,8215,11186,7821.755,1,0,0,0
438.6,142,28,29,1,29,30,8406,11363,7822.57,0,0,0,0
438.7,142,28,29,1,29,30,8634,11537,7824.04,0,0,0,0
438.8,142,28,29,1,29,30,8881,11749,7824.97,0,0,0,0
438.9,142,28,29,1,29,30,9209,12007,7826.21,0,0,0,0
439,142,28,29,1,29,30,9570,12165,7826.765,0,0,0,0
439.1,142,28,29,1,29,30,9854,12386,7827.09,0,0,0,0
439.2,143,27,29,1,28,30,10182,12475,7826.82,1,0,0,0
439.3,143,27,29,1,28,30,10498,12570,7826.62,0,0,0,0
439.4,144,26,29,1,27,30,10778,12631,7825.665,1,0,0,0
439.5,144,26,29,1,27,30,11151,12773,7825.125,0,0,0,0
439.6,144,26,29,1,27,30,11549,12779,7824.35,0,0,0,0
439.7,144,26,29,1,27,30,11938,12795,7823.085,0,0,0,0
439.8,144,26,29,1,27,30,12323,12815,7821.915,0,0,0,0
439.9,144,26,29,1,27,30,12678,12837,7820.895,0,0,0,0
440,145,25,29,1,26,30,13072,12815,7820.055,1,0,0,0
440.1,145,25,29,1,26,30,13413,12660,7818.24,0,0,0,0
440.2,145,25,29,1,26,30,13765,12562,7816.165,0,0,0,0
440.3,144,25,30,1,26,31,14079,12403,7814.005,0,0,0,1
440.4,144,25,30,1,26,31,14281,12273,7812.285,0,0,0,0
440.5,143,25,31,1,26,32,14380,12076,7810.025,0,0,0,1
440.6,143,25,31,1,26,32,14619,11933,7808.39,0,0,0,0
440.7,142,25,32,1,26,33,14677,11760,7806.04,0,0,0,1
440.8,141,25,33,1,26,34,14607,11561,7803.87,0,0,0,1
440.9,141,25,33,1,26,34,14645,11423,7802.33,0,0,1,1
441,142,25,32,1,26,33,14504,11235,7800.035,0,0,1,0
441.1,141,25,33,1,26,34,14233,11057,7798.49,0,0,0,1
441.2,142,25,32,1,26,33,14001,10859,7797.11,0,0,1,0
441.3,142,25,32,1,26,33,13756,10697,7795.95,0,0,0,0
441.4,141,26,32,1,27,33,13419,10544,7794.62,0,1,0,0
441.5,141,26,32,1,27,33,13055,10451,7793.52,0,0,0,0
441.6,141,26,32,1,27,33,12743,10323,7792.74,0,0,0,0
441.7,141,26,32,1,27,33,12425,10268,7792.25,0,0,0,0
441.8,141,26,32,1,27,33,12076,10263,7792.08,0,0,0,0
441.9,141,26,32,1,27,33,11716,10182,7791.535,0,0,0,0
442,141,26,32,1,27,33,11377,10171,7792.2,0,0,0,0
442.1,139,27,33,1,28,34,11066,10170,7792.945,0,1,0,1
442.2,138,27,34,1,28,35,10719,10137,7793.08,0,0,0,1
442.3,138,27,34,1,28,35,10411,10031,7793.54,0,0,0,0
442.4,138,27,34,1,28,35,10059,10082,7793.725,0,0,0,0
442.5,138,27,34,1,28,35,9796,10017,7794.635,0,0,0,0
442.6,138,27,34,1,28,35,9565,10048,7795.67,0,0,0,0
442.7,138,27,34,1,28,35,9320,10078,7796.875,0,0,0,0
442.8,139,27,33,1,28,34,9117,10167,7798.005,0,0,1,0
442.9,140,27,32,1,28,33,8961,10223,7799.08,0,0,1,0
443,140,27,32,1,28,33,8805,10349,7800.87,0,0,0,0
443.1,140,27,32,1,28,33,8635,10442,7802.025,0,0,0,0
443.2,140,27,32,1,28,33,8424,10513,7802.73,0,0,0,0
443.3,140,27,32,1,28,33,8310,10604,7804.365,0,0,0,0
443.4,140,27,32,1,28,33,8179,10728,7805.93,0,0,0,0
443.5,140,26,32,2,28,34,8028,10754,7806.93,0,0,0,1
443.6,140,26,32,2,28,34,7908,10800,7808.12,0,0,0,0
443.7,140,27,32,1,28,33,7846,10919,7810.11,0,0,1,0
443.8,140,27,32,1,28,33,7797,10955,7811.54,0,0,0,0
443.9,140,27,32,1,28,33,7687,10940,7812.455,0,0,0,0
444,141,27,31,1,28,32,7606,11064,7814.115,0,0,1,0
444.1,141,27,31,1,28,32,7504,11022,7815.215,0,0,0,0
444.2,141,27,31,1,28,32,7399,10956,7816.175,0,0,0,0
444.3,141,27,31,1,28,32,7355,10998,7818.07,0,0,0,0
444.4,141,27,31,1,28,32,7327,10942,7819.435,0,0,0,0
444.5,141,27,31,1,28,32,7306,10923,7821.355,0,0,0,0
444.6,141,27,31,1,28,32,7284,10923,7822.705,0,0,0,0
444.7,141,27,31,1,28,32,7234,10902,7823.68,0,0,0,0
444.8,141,27,31,1,28,32,7294,10958,7825.41,0,0,0,0
444.9,141,27,31,1,28,32,7373,10965,7826.84,0,0,0,0
445,141,27,31,1,28,32,7396,11002,7828.11,0,0,0,0
445.1,141,27,31,1,28,32,7427,11097,7829.55,0,0,0,0
445.2,140,27,32,1,28,33,7433,11224,7830.745,0,0,0,1
445.3,140,27,32,1,28,33,7556,11346,7832.205,0,0,0,0
445.4,140,27,32,1,28,33,7704,11485,7833.745,0,0,0,0
445.5,139,27,33,1,28,34,7794,11627,7834.97,0,0,0,1
445.6,139,27,34,0,27,34,7951,11779,7836.615,1,0,0,0
445.7,139,27,34,0,27,34,8105,12026,7837.755,0,0,0,0
445.8,139,28,33,0,28,33,8323,12190,7838.24,0,1,1,0
445.9,138,29,33,0,29,33,8463,12440,7838.525,0,1,0,0
446,137,29,34,0,29,34,8568,12746,7838.95,0,0,0,1
446.1,138,28,34,0,28,34,8801,13046,7839.7,1,0,0,0
446.2,138,28,34,0,28,34,8977,13328,7840.37,0,0,0,0
446.3,138,28,34,0,28,34,9246,13623,7840.36,0,0,0,0
446.4,138,28,34,0,28,34,9408,13897,7839.865,0,0,0,0
446.5,138,28,34,0,28,34,9650,14104,7839.265,0,0,0,0
446.6,138,28,34,0,28,34,9883,14315,7838.63,0,0,0,0
446.7,138,28,34,0,28,34,10128,14577,7838.15,0,0,0,0
446.8,138,28,34,0,28,34,10301,14741,7836.955,0,0,0,0
446.9,139,27,34,0,27,34,10511,14944,7835.66,1,0,0,0
447,139,27,34,0,27,34,10696,15103,7834.07,0,0,0,0
447.1,138,27,35,0,27,35,10897,15242,7832.215,0,0,0,1
447.2,138,27,35,0,27,35,11018,15189,7829.795,0,0,0,0
447.3,138,27,35,0,27,35,11124,15103,7827.655,0,0,0,0
447.4,138,27,35,0,27,35,11190,15034,7825.63,0,0,0,0
447.5,138,27,35,0,27,35,11311,14908,7823.485,0,0,0,0
447.6,138,27,35,0,27,35,11405,14760,7821.325,0,0,0,0
447.7,138,27,35,0,27,35,11420,14620,7819.515,0,0,0,0
447.8,137,27,36,0,27,36,11554,14477,7817.66,0,0,0,1
447.9,137,27,36,0,27,36,11612,14363,7815.69,0,0,0,0
448,137,27,36,0,27,36,11684,14157,7814.38,0,0,0,0
448.1,137,27,36,0,27,36,11723,13999,7812.82,0,0,0,0
448.2,138,27,35,0,27,35,11786,13738,7810.97,0,0,1,0
448.3,138,27,35,0,27,35,11871,13471,7809.445,0,0,0,0
448.4,138,27,35,0,27,35,11975,13319,7808.535,0,0,0,0
448.5,137,27,36,0,27,36,11936,13076,7806.78,0,0,0,1
448.6,137,27,36,0,27,36,11979,12821,7805.04,0,0,0,0
448.7,137,27,36,0,27,36,11978,12596,7803.26,0,0,0,0
448.8,137,27,36,0,27,36,12023,12414,7801.93,0,0,0,0
448.9,137,27,36,0,27,36,12061,12183,7800.845,0,0,0,0
449,137,27,36,0,27,36,12069,12037,7799.74,0,0,0,0
449.1,137,27,36,0,27,36,12019,11918,7798.95,0,0,0,0
449.2,137,27,36,0,27,36,11951,11859,7797.75,0,0,0,0
449.3,137,27,35,1,28,36,11944,11728,7796.87,0,1,0,0
449.4,137,27,35,1,28,36,11952,11619,7796.32,0,0,0,0
449.5,137,27,35,1,28,36,11908,11517,7795.07,0,0,0,0
449.6,136,27,35,2,29,37,11961,11381,7794.345,0,1,0,1
449.7,135,28,35,2,30,37,11934,11281,7792.985,0,1,0,0
449.8,135,28,35,2,30,37,11913,11220,7792.66,0,0,0,0
449.9,135,28,35,2,30,37,11890,11211,7792.1,0,0,0,0
450,135,28,35,2,30,37,11904,11218,7792.07,0,0,0,0
450.1,135,28,35,2,30,37,11900,11280,7791.195,0,0,0,0
450.2,135,28,35,2,30,37,11884,11253,7790.09,0,0,0,0
450.3,135,28,35,2,30,37,11902,11286,7789.555,0,0,0,0
450.4,135,28,35,2,30,37,11880,11393,7788.92,0,0,0,0
450.5,134,30,35,1,31,36,11957,11482,7787.695,0,1,1,0
450.6,134,30,35,1,31,36,11999,11683,7786.78,0,0,0,0
450.7,134,30,35,1,31,36,12017,11865,7785.915,0,0,0,0
450.8,134,30,35,1,31,36,12053,12016,7784.9,0,0,0,0
450.9,134,29,35,2,31,37,12076,12129,7784.275,0,0,0,1
451,134,29,35,2,31,37,12016,12401,7783.44,0,0,0,0
451.1,134,30,35,1,31,36,11895,12548,7782.215,0,0,1,0
451.2,134,30,35,1,31,36,11837,12797,7781.49,0,0,0,0
451.3,134,30,35,1,31,36,11751,12956,7780.08,0,0,0,0
451.4,134,30,35,1,31,36,11561,13307,7778.565,0,0,0,0
451.5,134,30,35,1,31,36,11375,13535,7777.045,0,0,0,0
451.6,132,32,35,1,33,36,11257,13750,7775.645,0,2,0,0
451.7,132,32,35,1,33,36,11106,13960,7774.27,0,0,0,0
451.8,132,32,35,1,33,36,10893,14225,7772.35,0,0,0,0
451.9,132,32,35,1,33,36,10730,14417,7770.46,0,0,0,0
452,133,32,34,1,33,35,10470,14685,7768.97,0,0,1,0
452.1,133,32,34,1,33,35,10190,14918,7767.16,0,0,0,0
452.2,133,32,34,1,33,35,10052,15115,7765.395,0,0,0,0
452.3,133,32,34,1,33,35,9949,15251,7764.01,0,0,0,0
452.4,132,32,35,1,33,36,9752,15303,7762.455,0,0,0,1
452.5,133,31,36,0,31,36,9662,15435,7759.955,2,0,0,0
452.6,133,31,36,0,31,36,9616,15404,7758.08,0,0,0,0
452.7,135,30,34,1,31,35,9517,15469,7756.275,1,1,1,0
452.8,135,30,34,1,31,35,9493,15522,7754.91,0,0,0,0
452.9,135,30,34,1,31,35,9457,15553,7753.315,0,0,0,0
453,136,30,32,2,32,34,9464,15474,7751.65,0,1,1,0
453.1,136,30,32,2,32,34,9543,15583,7750.46,0,0,0,0
453.2,137,29,33,1,30,34,9586,15511,7748.99,2,0,0,0
453.3,136,29,34,1,30,35,9698,15408,7747.35,0,0,0,1
453.4,136,29,35,0,29,35,9870,15385,7746.345,1,0,0,0
453.5,136,29,35,0,29,35,10024,15257,7745.15,0,0,0,0
453.6,137,29,34,0,29,34,10234,15198,7743.405,0,0,1,0
453.7,136,29,35,0,29,35,10498,15093,7741.83,0,0,0,1
453.8,136,29,35,0,29,35,10760,15085,7740.375,0,0,0,0
453.9,135,29,36,0,29,36,11011,14959,7738.19,0,0,0,1
454,135,29,36,0,29,36,11272,14826,7736.06,0,0,0,0
454.1,135,29,36,0,29,36,11585,14739,7733.98,0,0,0,0
454.2,135,29,36,0,29,36,11753,14615,7731.505,0,0,0,0
454.3,135,29,36,0,29,36,12037,14466,7729.3,0,0,0,0
454.4,135,29,36,0,29,36,12318,14451,7726.965,0,0,0,0
454.5,134,29,37,0,29,37,12582,14468,7724.665,0,0,0,1
454.6,134,29,37,0,29,37,12869,14415,7721.76,0,0,0,0
454.7,134,29,37,0,29,37,13137,14284,7719.39,0,0,0,0
454.8,134,29,37,0,29,37,13327,14359,7716.645,0,0,0,0
454.9,134,29,37,0,29,37,13623,14320,7713.165,0,0,0,0
455,134,29,37,0,29,37,13853,14275,7710.195,0,0,0,0
455.1,132,29,39,0,29,39,14118,14224,7707.41,0,0,0,2
455.2,132,29,39,0,29,39,14444,14190,7704.395,0,0,0,0
455.3,132,29,39,0,29,39,14684,14119,7701.14,0,0,0,0
455.4,132,29,39,0,29,39,14917,14003,7697.275,0,0,0,0
455.5,132,29,39,0,29,39,15192,13946,7694.05,0,0,0,0
455.6,132,29,39,0,29,39,15399,13845,7690.44,0,0,0,0
455.7,132,29,39,0,29,39,15594,13746,7687.42,0,0,0,0
455.8,132,29,38,1,30,39,15868,13651,7684.44,0,1,0,0
455.9,131,30,38,1,31,39,16169,13547,7681.36,0,1,0,0
456,131,29,38,2,31,40,16431,13484,7677.66,0,0,0,1
456.1,131,29,38,2,31,40,16699,13375,7674.05,0,0,0,0
456.2,131,29,38,2,31,40,16895,13339,7670.825,0,0,0,0
456.3,131,29,38,2,31,40,17181,13288,7667.095,0,0,0,0
456.4,130,29,39,2,31,41,17421,13214,7663.54,0,0,0,1
456.5,130,29,39,2,31,41,17538,13173,7659.95,0,0,0,0
456.6,130,29,39,2,31,41,17625,13102,7655.72,0,0,0,0
456.7,130,29,39,2,31,41,17616,12966,7651.835,0,0,0,0
456.8,130,29,39,2,31,41,17620,12879,7647.545,0,0,0,0
456.9,129,30,39,2,32,41,17576,12811,7643.655,0,1,0,0
457,129,30,39,2,32,41,17611,12769,7640.375,0,0,0,0
457.1,129,30,39,2,32,41,17399,12771,7636.085,0,0,0,0
457.2,128,30,40,2,32,42,17186,12749,7631.35,0,0,0,1
457.3,128,30,40,2,32,42,16965,12769,7627.655,0,0,0,0
457.4,128,30,39,3,33,42,16746,12851,7624.07,0,1,0,0
457.5,128,30,39,3,33,42,16439,12883,7620.835,0,0,0,0
457.6,128,30,39,3,33,42,16126,13025,7617.71,0,0,0,0
457.7,129,30,38,3,33,41,15748,13194,7614.495,0,0,1,0
457.8,129,30,38,3,33,41,15429,13322,7611.455,0,0,0,0
457.9,129,30,37,4,34,41,15074,13493,7608.02,0,1,0,0
458,129,30,38,3,33,41,14621,13797,7604.925,1,0,0,0
458.1,129,30,38,3,33,41,14226,14022,7601.97,0,0,0,0
458.2,129,31,38,2,33,40,13850,14220,7599.065,0,0,1,0
458.3,128,31,40,1,32,41,13366,14510,7596.225,1,0,0,1
458.4,128,31,40,1,32,41,12958,14821,7593.75,0,0,0,0
458.5,126,31,42,1,32,43,12549,15114,7591.645,0,0,0,2
458.6,126,31,42,1,32,43,12126,15353,7588.68,0,0,0,0
458.7,126,31,42,1,32,43,11729,15712,7586.145,0,0,0,0
458.8,126,31,42,1,32,43,11363,16042,7583.875,0,0,0,0
458.9,126,31,42,1,32,43,11115,16433,7581.925,0,0,0,0
459,126,31,42,1,32,43,10832,16818,7579.335,0,0,0,0
459.1,127,31,41,1,32,42,10578,17135,7576.93,0,0,1,0
459.2,127,31,41,1,32,42,10276,17501,7574.215,0,0,0,0
459.3,127,31,41,1,32,42,10061,17829,7571.085,0,0,0,0
459.4,127,31,41,1,32,42,9891,18122,7567.895,0,0,0,0
459.5,127,31,40,2,33,42,9704,18344,7565.105,0,1,0,0
459.6,127,31,40,2,33,42,9613,18617,7562.685,0,0,0,0
459.7,126,32,40,2,34,42,9519,18866,7559.6,0,1,0,0
459.8,126,32,40,2,34,42,9515,19077,7556.76,0,0,0,0
459.9,126,32,41,1,33,42,9567,19352,7554.255,1,0,0,0
460,126,30,41,3,33,44,9560,19584,7551.505,0,0,0,2
460.1,126,30,41,3,33,44,9609,19766,7547.885,0,0,0,0
460.2,126,30,41,3,33,44,9687,19969,7544.635,0,0,0,0
460.3,126,30,42,2,32,44,9849,20103,7541.54,1,0,0,0
460.4,126,30,42,2,32,44,9989,20110,7538.1,0,0,0,0
460.5,126,30,42,2,32,44,10215,20273,7534.655,0,0,0,0
460.6,125,32,42,1,33,43,10389,20208,7531.125,0,1,1,0
460.7,125,32,42,1,33,43,10622,20171,7527.365,0,0,0,0
460.8,125,32,42,1,33,43,10900,19994,7523.365,0,0,0,0
460.9,124,33,42,1,34,43,11082,19882,7520.21,0,1,0,0
461,124,33,41,2,35,43,11356,19711,7516.47,0,1,0,0
461.1,124,34,41,1,35,42,11498,19431,7512.78,0,0,1,0
461.2,123,35,41,1,36,42,11610,19270,7509.095,0,1,0,0
461.3,123,35,41,1,36,42,11712,18966,7504.555,0,0,0,0
461.4,123,35,41,1,36,42,11893,18657,7500.885,0,0,0,0
461.5,123,35,41,1,36,42,12007,18393,7497.71,0,0,0,0
461.6,123,35,41,1,36,42,12081,18090,7493.955,0,0,0,0
461.7,123,35,41,1,36,42,12150,17784,7490.98,0,0,0,0
461.8,123,35,41,1,36,42,12143,17396,7486.88,0,0,0,0
461.9,122,35,42,1,36,43,12197,17037,7484.185,0,0,0,1
462,122,35,42,1,36,43,12196,16689,7481.535,0,0,0,0
462.1,121,35,43,1,36,44,12159,16349,7478.735,0,0,0,1
462.2,121,35,43,1,36,44,11956,16005,7476.045,0,0,0,0
462.3,121,35,43,1,36,44,11854,15661,7473.32,0,0,0,0
462.4,121,35,43,1,36,44,11645,15319,7470.465,0,0,0,0
462.5,121,35,43,1,36,44,11420,15045,7468.375,0,0,1,1
462.6,120,36,43,1,37,44,11198,14758,7466.28,0,1,0,0
462.7,120,36,43,1,37,44,10946,14457,7463.99,0,0,0,0
462.8,120,36,43,1,37,44,10822,14139,7462.9,0,0,0,0
462.9,120,36,43,1,37,44,10723,13955,7462.14,0,0,0,0
463,118,36,45,1,37,46,10523,13771,7460.435,0,0,0,2
463.1,118,36,45,1,37,46,10373,13581,7459.9,0,0,0,0
463.2,118,36,45,1,37,46,10237,13456,7458.82,0,0,0,0
463.3,120,35,43,2,37,45,10171,13342,7458.72,0,0,2,1
463.4,120,36,43,1,37,44,10099,13234,7458.205,0,0,1,0
463.5,121,36,42,1,37,43,10119,13115,7457.46,0,0,1,0
463.6,121,36,42,1,37,43,10141,12984,7457.41,0,0,0,0
463.7,122,35,42,1,36,43,10172,12947,7457.305,1,0,0,0
463.8,122,35,42,1,36,43,10290,12978,7456.655,0,0,0,0
463.9,122,35,42,1,36,43,10515,12977,7456.245,0,0,0,0
464,122,35,42,1,36,43,10804,13089,7456.775,0,0,0,0
464.1,122,35,42,1,36,43,10997,13166,7455.925,0,0,0,0
464.2,122,35,42,1,36,43,11250,13166,7454.76,0,0,0,0
464.3,122,35,42,1,36,43,11512,13327,7454.24,0,0,0,0
464.4,121,35,43,1,36,44,11843,13494,7453.03,0,0,0,1
464.5,122,34,43,1,35,44,12245,13574,7451.41,1,0,1,1
464.6,122,34,43,1,35,44,12635,13715,7450.16,0,0,0,0
464.7,122,34,43,1,35,44,13119,13785,7448.94,0,0,0,0
464.8,123,34,42,1,35,43,13567,13937,7447.245,0,0,1,0
464.9,123,34,42,1,35,43,14038,14081,7444.89,0,0,0,0
465,122,34,43,1,35,44,14532,14236,7442.47,0,0,0,1
465.1,122,34,43,1,35,44,15051,14246,7439.845,0,0,0,0
465.2,122,33,44,1,34,45,15524,14437,7437.4,1,0,0,1
465.3,123,33,43,1,34,44,16049,14650,7434.595,0,0,1,0
465.4,122,34,43,1,35,44,16643,14712,7431.61,0,1,0,0
465.5,121,34,44,1,35,45,17190,14778,7428.33,0,0,0,1
465.6,122,33,44,1,34,45,17649,14960,7425.07,1,0,0,0
465.7,121,34,44,1,35,45,18075,15073,7420.89,0,1,0,0
465.8,121,34,44,1,35,45,18422,15066,7416.585,0,0,0,0
465.9,121,34,43,2,36,45,18740,15056,7411.93,0,1,0,0
466,119,35,44,2,37,46,18946,15076,7407.095,0,1,0,1
466.1,119,35,44,2,37,46,19112,15046,7402.21,0,0,0,0
466.2,119,35,44,2,37,46,19116,15021,7397.26,0,0,0,0
466.3,118,35,45,2,37,47,19093,15148,7392.835,0,0,0,1
466.4,118,35,45,2,37,47,19030,15138,7388.315,0,0,0,0
466.5,118,35,45,2,37,47,18792,15190,7383.675,0,0,0,0
466.6,118,35,45,2,37,47,18532,15307,7378.37,0,0,0,0
466.7,119,34,46,1,35,47,18205,15325,7373.245,2,0,0,0
466.8,119,35,45,1,36,46,17788,15436,7368.825,0,1,1,0
466.9,119,35,45,1,36,46,17366,15448,7364.165,0,0,0,0
467,119,35,45,1,36,46,16898,15541,7359.615,0,0,0,0
467.1,119,35,45,1,36,46,16452,15707,7355.62,0,0,0,0
467.2,119,35,45,1,36,46,15996,15819,7351.515,0,0,0,0
467.3,119,35,45,1,36,46,15431,15978,7347.33,0,0,1,1
467.4,119,35,45,1,36,46,14917,16137,7343.585,0,0,0,0
467.5,119,35,45,1,36,46,14506,16291,7339.785,0,0,0,0
467.6,119,35,45,1,36,46,14076,16525,7337.06,0,0,0,0
467.7,119,35,45,1,36,46,13623,16822,7333.64,0,0,0,0
467.8,120,35,44,1,36,45,13202,17140,7330.48,0,0,1,0
467.9,120,35,44,1,36,45,12743,17336,7326.85,0,0,0,0
468,120,35,44,1,36,45,12388,17628,7323.94,0,0,0,0
468.1,120,35,44,1,36,45,11987,17882,7320.88,0,0,0,0
468.2,120,35,44,1,36,45,11690,18159,7318.645,0,0,0,0
468.3,121,34,44,1,35,45,11366,18513,7315.625,1,0,0,0
468.4,121,34,44,1,35,45,11081,18815,7312.53,0,0,0,0
468.5,121,34,44,1,35,45,10860,18990,7309.41,0,0,0,0
468.6,121,34,44,1,35,45,10662,19216,7306.82,0,0,0,0
468.7,121,34,44,1,35,45,10530,19474,7304.025,0,0,0,0
468.8,121,34,44,1,35,45,10364,19742,7300.95,0,0,0,0
468.9,121,34,44,1,35,45,10241,19959,7297.585,0,0,0,0
469,121,34,44,1,35,45,10151,20243,7294.815,0,0,0,0
469.1,121,34,44,1,35,45,10140,20498,7292.305,0,0,0,0
469.2,121,34,44,1,35,45,10139,20820,7289.75,0,0,0,0
469.3,121,34,44,1,35,45,10287,20991,7286.16,0,0,0,0
469.4,121,34,44,1,35,45,10468,21053,7282.57,0,0,0,0
469.5,121,34,44,1,35,45,10707,21351,7279.285,0,0,0,0
469.6,121,34,44,1,35,45,10973,21498,7276.575,0,0,0,0
469.7,122,34,43,1,35,44,11152,21595,7271.82,0,0,1,0
469.8,122,34,43,1,35,44,11471,21761,7268.59,0,0,0,0
469.9,122,34,43,1,35,44,11824,21938,7264.64,0,0,0,0
470,122,34,43,1,35,44,12190,22016,7260.35,0,0,0,0
470.1,122,34,43,1,35,44,12523,22076,7255.63,0,0,0,0
470.2,121,35,43,1,36,44,12860,22179,7250.85,0,1,0,0
470.3,121,35,43,1,36,44,13238,22221,7244.9,0,0,0,0
470.4,121,35,43,1,36,44,13725,22221,7239.64,0,0,0,0
470.5,121,35,43,1,36,44,14131,22285,7234.165,0,0,0,0
470.6,122,34,43,1,35,44,14418,22321,7228.29,1,0,0,0
470.7,122,34,42,2,36,44,14747,22315,7222.06,0,1,0,0
470.8,122,34,42,2,36,44,15092,22229,7216.445,0,0,0,0
470.9,121,34,43,2,36,45,15413,22171,7210.905,0,0,0,1
471,121,34,43,2,36,45,15670,22177,7205.26,0,0,0,0
471.1,121,34,43,2,36,45,15894,22028,7198.9,0,0,0,0
471.2,121,34,43,2,36,45,16115,21946,7193.22,0,0,0,0
471.3,122,34,42,2,36,44,16204,21860,7187.155,0,0,1,0
471.4,122,34,42,2,36,44,16296,21798,7181.85,0,0,0,0
471.5,122,34,41,3,37,44,16191,21836,7176.305,0,1,0,0
471.6,122,34,41,3,37,44,16149,21781,7169.955,0,0,0,0
471.7,123,33,41,3,36,44,15972,21710,7163.93,1,0,0,0
471.8,123,33,41,3,36,44,15743,21670,7158.095,0,0,0,0
471.9,123,33,41,3,36,44,15480,21747,7152.75,0,0,0,0
472,123,33,41,3,36,44,15174,21620,7146.17,0,0,0,0
472.1,123,33,41,3,36,44,14910,21638,7140.775,0,0,0,0
472.2,122,33,42,3,36,45,14513,21640,7135.295,0,0,0,1
472.3,122,33,42,3,36,45,14250,21542,7129.735,0,0,0,0
472.4,122,33,42,3,36,45,13875,21535,7124.34,0,0,0,0
472.5,122,33,41,4,37,45,13608,21554,7119.81,0,1,0,0
472.6,122,33,41,4,37,45,13253,21388,7114.49,0,0,0,0
472.7,122,33,41,4,37,45,12831,21344,7109.61,0,0,0,0
472.8,122,33,41,4,37,45,12570,21326,7105.905,0,0,0,0
472.9,122,33,41,4,37,45,12308,21314,7101.785,0,0,0,0
473,122,33,41,4,37,45,11981,21210,7097.7,0,0,0,0
473.1,122,33,41,4,37,45,11738,21024,7093.595,0,0,0,0
473.2,122,33,41,4,37,45,11521,20884,7089.79,0,0,0,0
473.3,121,33,42,4,37,46,11268,20795,7086.58,0,0,0,1
473.4,121,33,42,4,37,46,11159,20659,7083.605,0,0,0,0
473.5,120,33,43,4,37,47,11029,20396,7080.485,0,0,0,1
473.6,120,33,44,3,36,47,10841,20190,7077.74,1,0,0,0
473.7,120,33,44,3,36,47,10722,19964,7075.45,1,1,0,0
473.8,120,33,44,3,36,47,10614,19575,7072.72,0,0,0,0
473.9,119,33,44,4,37,48,10546,19210,7070.29,0,1,0,1
474,119,33,44,4,37,48,10468,18894,7068.055,0,0,0,0
474.1,120,33,44,3,36,47,10398,18625,7066.545,1,0,1,0
474.2,120,33,44,3,36,47,10425,18285,7065.045,1,1,0,0
474.3,120,33,44,3,36,47,10407,17874,7062.835,0,0,0,0
474.4,120,33,44,3,36,47,10510,17482,7062.19,0,0,0,0
474.5,119,33,45,3,36,48,10591,17048,7060.91,0,0,0,1
474.6,119,33,45,3,36,48,10764,16529,7059.85,0,0,0,0
474.7,120,33,44,3,36,47,10839,16075,7058.66,0,0,1,0
474.8,120,33,44,3,36,47,11004,15614,7057.855,0,0,0,0
474.9,120,33,44,3,36,47,11172,15319,7057.955,0,0,0,0
475,121,33,44,2,35,46,11350,14955,7057.975,1,0,1,0
475.1,121,33,44,2,35,46,11529,14636,7057.485,0,0,0,0
475.2,121,33,44,2,35,46,11607,14242,7056.995,0,0,0,0
475.3,122,33,43,2,35,45,11806,13874,7056.745,0,0,1,0
475.4,122,33,43,2,35,45,11953,13544,7056.79,0,0,0,0
475.5,122,33,43,2,35,45,12038,13249,7056.62,0,0,0,0
475.6,122,33,43,2,35,45,12126,12997,7056.46,0,0,0,0
475.7,122,33,43,2,35,45,12051,12636,7055.94,0,0,0,0
475.8,122,33,43,2,35,45,11982,12381,7055.98,0,0,0,0
475.9,122,33,43,2,35,45,11951,12137,7056.275,0,0,0,0
476,122,33,43,2,35,45,11907,11827,7056.13,0,0,0,0
476.1,122,33,43,2,35,45,11807,11555,7056.73,0,0,0,0
476.2,121,34,44,1,35,45,11794,11338,7057.805,0,0,1,1
476.3,121,34,44,1,35,45,11711,11082,7058.685,0,0,0,0
476.4,121,34,44,1,35,45,11657,10932,7059.615,0,0,0,0
476.5,122,34,43,1,35,44,11562,10867,7061.505,0,0,1,0
476.6,122,34,43,1,35,44,11454,10697,7062.97,0,0,0,0
476.7,122,34,43,1,35,44,11419,10592,7064.525,0,0,0,0
476.8,122,34,43,1,35,44,11318,10497,7066.39,0,0,0,0
476.9,122,34,43,1,35,44,11156,10420,7068.015,0,0,0,0
477,122,34,43,1,35,44,11101,10355,7069.94,0,0,0,0
477.1,122,34,43,1,35,44,11017,10296,7071.54,0,0,0,0
477.2,122,34,43,1,35,44,10894,10311,7073.58,0,0,0,0
477.3,121,35,43,1,36,44,10866,10334,7075.62,0,1,0,0
477.4,121,35,43,1,36,44,10852,10296,7077.18,0,0,0,0
477.5,122,34,43,1,35,44,10815,10360,7079.58,1,0,0,0
477.6,122,34,43,1,35,44,10796,10466,7081.665,0,0,0,0
477.7,122,34,43,1,35,44,10745,10632,7083.665,0,0,0,0
477.8,121,35,43,1,36,44,10785,10677,7085.325,0,1,0,0
477.9,122,34,43,1,35,44,10858,10767,7087.225,1,0,0,0
478,122,34,43,1,35,44,10929,10787,7089.175,0,0,0,0
478.1,122,34,43,1,35,44,10990,10900,7091.035,0,0,0,0
478.2,122,34,43,1,35,44,11041,11125,7092.62,0,0,0,0
478.3,122,34,43,1,35,44,11192,11193,7094.15,0,0,0,0
478.4,122,33,43,2,35,45,11284,11433,7095.755,0,0,0,1
478.5,122,33,43,2,35,45,11355,11763,7097.38,0,0,0,0
478.6,122,33,43,2,35,45,11431,11973,7098.665,0,0,0,0
478.7,122,33,43,2,35,45,11488,12170,7100.32,0,0,0,0
478.8,122,33,43,2,35,45,11516,12296,7101.255,0,0,0,0
478.9,122,33,43,2,35,45,11544,12588,7102.115,0,0,0,0
479,122,33,43,2,35,45,11515,12797,7102.765,0,0,0,0
479.1,122,33,43,2,35,45,11558,13030,7103.975,0,0,0,0
479.2,122,34,43,1,35,44,11544,13216,7104.38,0,0,1,0
479.3,122,34,43,1,35,44,11558,13387,7104.815,0,0,0,0
479.4,121,34,44,1,35,45,11542,13599,7105.44,0,0,0,1
479.5,121,34,44,1,35,45,11421,13777,7105.435,0,0,0,0
479.6,121,33,44,2,35,46,11240,13976,7105.635,0,0,0,1
479.7,121,33,44,2,35,46,11112,14149,7105.785,0,0,0,0
479.8,121,33,44,2,35,46,10958,14368,7106.15,0,0,0,0
479.9,122,32,44,2,34,46,10800,14549,7106.125,1,0,0,0
480,122,32,44,2,34,46,10591,14805,7106.36,0,0,0,0
480.1,122,32,44,2,34,46,10470,14873,7106.61,0,0,0,0
480.2,122,32,44,2,34,46,10373,14955,7106.905,0,0,0,0
480.3,122,32,44,2,34,46,10300,15179,7107.25,0,0,0,0
480.4,122,32,44,2,34,46,10128,15294,7107.48,0,0,0,0
480.5,122,33,44,1,34,45,10015,15424,7107.83,0,0,1,0
480.6,122,33,44,1,34,45,9990,15467,7108.19,0,0,0,0
480.7,123,32,44,1,33,45,9917,15491,7108.865,1,0,0,0
480.8,122,32,45,1,33,46,9782,15512,7109.515,0,0,0,1
480.9,122,32,45,1,33,46,9751,15525,7110.34,0,0,0,0
481,120,34,45,1,35,46,9772,15458,7111.07,0,2,0,0
481.1,121,33,45,1,34,46,9706,15409,7111.615,1,0,0,0
481.2,122,32,45,1,33,46,9684,15163,7111.725,1,0,0,0
481.3,121,32,46,1,33,47,9629,15038,7112.355,0,0,0,1
481.4,121,32,46,1,33,47,9580,14902,7112.905,0,0,0,0
481.5,121,32,46,1,33,47,9593,14791,7114.355,0,0,0,0
481.6,122,32,45,1,33,46,9598,14506,7114.56,0,0,1,0
481.7,122,32,45,1,33,46,9580,14303,7115.8,0,0,0,0
481.8,123,31,45,1,32,46,9522,14058,7116.445,1,0,0,0
481.9,123,31,45,1,32,46,9520,13826,7118.07,0,0,0,0
482,123,31,45,1,32,46,9572,13597,7119.825,0,0,0,0
482.1,122,31,46,1,32,47,9579,13359,7121.67,0,0,0,1
482.2,122,31,46,1,32,47,9605,13111,7123.055,0,0,0,0
482.3,122,31,46,1,32,47,9631,12946,7125.25,0,0,0,0
482.4,122,31,46,1,32,47,9636,12793,7127.205,0,0,0,0
482.5,121,32,46,1,33,47,9644,12485,7128.815,0,1,0,0
482.6,121,32,46,1,33,47,9687,12276,7130.09,0,0,0,0
482.7,122,31,46,1,32,47,9686,12053,7131.935,1,0,0,0
482.8,123,30,46,1,31,47,9739,11918,7134.61,1,0,0,0
482.9,123,30,46,1,31,47,9774,11735,7137.01,0,0,0,0
483,123,30,46,1,31,47,9805,11573,7139.375,0,0,0,0
483.1,124,30,45,1,31,46,9845,11335,7141.97,0,0,1,0
483.2,124,30,45,1,31,46,9848,11169,7144.5,0,0,0,0
483.3,124,30,45,1,31,46,9869,11050,7147.52,0,0,0,0
483.4,124,30,45,1,31,46,9887,10954,7150.025,0,0,0,0
483.5,124,30,45,1,31,46,9976,10872,7153.6,0,0,0,0
483.6,124,30,45,1,31,46,9984,10756,7156.115,0,0,0,0
483.7,122,31,46,1,32,47,9945,10651,7158.87,0,1,0,1
483.8,122,31,46,1,32,47,9933,10573,7161.83,0,0,0,0
483.9,122,31,46,1,32,47,9976,10562,7165.3,0,0,0,0
484,124,31,44,1,32,45,10018,10543,7168.93,0,0,2,0
484.1,124,31,44,1,32,45,9968,10462,7171.505,0,0,0,0
484.2,124,31,43,2,33,45,9981,10378,7174.285,0,1,0,0
484.3,124,31,43,2,33,45,10024,10303,7176.84,0,0,0,0
484.4,122,33,43,2,35,45,10074,10214,7179.82,0,2,0,0
484.5,122,33,44,1,34,45,10085,10203,7182.46,1,0,0,0
484.6,122,33,44,1,34,45,10109,10258,7185.725,0,0,0,0
484.7,123,32,44,1,33,45,10209,10310,7188.425,1,0,0,0
484.8,124,32,43,1,33,44,10292,10381,7190.9,0,0,1,0
484.9,124,32,43,1,33,44,10348,10468,7193.61,0,0,0,0
485,124,32,43,1,33,44,10403,10564,7196.45,0,0,0,0
485.1,124,31,43,2,33,45,10495,10680,7199.25,0,0,0,1
485.2,124,31,43,2,33,45,10701,10807,7201.84,0,0,0,0
485.3,124,31,43,2,33,45,10771,10954,7204.42,0,0,0,0
485.4,124,31,43,2,33,45,10978,11161,7207.08,0,0,0,0
485.5,124,31,43,2,33,45,11017,11379,7209.37,0,0,0,0
485.6,124,31,43,2,33,45,11127,11553,7211,0,0,0,0
485.7,124,31,43,2,33,45,11240,11758,7213.135,0,0,0,0
485.8,124,31,43,2,33,45,11262,11937,7215.13,0,0,0,0
485.9,125,29,43,3,32,46,11391,12182,7216.975,1,0,0,1
486,125,29,43,3,32,46,11383,12433,7218.945,0,0,0,0
486.1,125,29,43,3,32,46,11445,12702,7220.405,0,0,0,0
486.2,124,29,44,3,32,47,11459,12945,7222.415,0,0,0,1
486.3,123,30,44,3,33,47,11425,13207,7223.91,0,1,0,0
486.4,122,30,45,3,33,48,11376,13564,7224.975,0,0,0,1
486.5,122,30,45,3,33,48,11351,13686,7226.015,0,0,0,0
486.6,122,30,45,3,33,48,11247,13970,7227.36,0,0,0,0
486.7,122,29,45,4,33,49,11240,14150,7228.135,0,0,0,1
486.8,123,28,45,4,32,49,11149,14240,7228.72,1,0,0,0
486.9,123,29,44,4,33,48,11064,14465,7229.375,0,1,1,0
487,122,30,45,3,33,48,11069,14627,7230.23,0,0,1,1
487.1,122,30,45,3,33,48,11090,14747,7230.83,0,0,0,0
487.2,122,30,45,3,33,48,11075,14833,7231.405,0,0,0,0
487.3,123,30,44,3,33,47,11129,14878,7232.505,0,0,1,0
487.4,123,31,44,2,33,46,11189,14872,7233.335,0,0,1,0
487.5,124,31,43,2,33,45,11335,14811,7233.7,0,0,1,0
487.6,124,31,43,2,33,45,11389,14743,7234.07,0,0,0,0
487.7,123,32,43,2,34,45,11503,14758,7234.68,0,1,0,0
487.8,124,31,43,2,33,45,11566,14652,7235.38,1,0,0,0
487.9,124,31,43,2,33,45,11716,14606,7235.68,0,0,0,0
488,124,32,43,1,33,44,11879,14532,7236.675,0,0,1,0
488.1,124,32,43,1,33,44,12009,14463,7237.045,0,0,0,0
488.2,124,32,43,1,33,44,12141,14397,7237.68,0,0,0,0
488.3,124,32,43,1,33,44,12275,14292,7238.185,0,0,0,0
488.4,124,32,43,1,33,44,12350,14197,7238.775,0,0,0,0
488.5,123,32,44,1,33,45,12613,14078,7239.765,0,0,0,1
488.6,123,32,44,1,33,45,12771,13924,7240.67,0,0,0,0
488.7,123,32,44,1,33,45,12964,13768,7240.61,0,0,0,0
488.8,123,32,44,1,33,45,13126,13658,7240.935,0,0,0,0
488.9,123,32,44,1,33,45,13307,13546,7241.065,0,0,0,0
489,123,32,44,1,33,45,13643,13497,7241.65,0,0,0,0
489.1,125,32,42,1,33,43,13894,13442,7241.535,0,0,2,0
489.2,125,32,42,1,33,43,14133,13370,7241.215,0,0,0,0
489.3,126,33,41,0,33,41,14392,13262,7241.13,0,0,2,0
489.4,125,33,42,0,33,42,14606,13199,7241.585,0,0,0,1
489.5,124,34,42,0,34,42,14742,13228,7241.01,0,1,0,0
489.6,124,34,42,0,34,42,14902,13250,7241.045,0,0,0,0
489.7,124,34,42,0,34,42,15026,13217,7240.825,0,0,0,0
489.8,124,33,42,1,34,43,15027,13179,7240.12,0,0,0,1
489.9,124,34,42,0,34,42,15015,13240,7239.26,0,0,1,0
490,124,34,42,0,34,42,15017,13358,7239.415,0,0,0,0
490.1,122,34,44,0,34,44,15003,13512,7239.395,0,0,0,2
490.2,123,33,44,0,33,44,14857,13551,7238.97,1,0,0,0
490.3,123,33,44,0,33,44,14614,13538,7238.27,0,0,0,0
490.4,121,35,44,0,35,44,14426,13582,7237.11,0,2,0,0
490.5,121,35,44,0,35,44,14276,13660,7237.48,0,0,0,0
490.6,121,35,44,0,35,44,14025,13728,7237.055,0,0,0,0
490.7,121,35,43,1,36,44,13824,13775,7237.475,0,1,0,0
490.8,121,35,43,1,36,44,13594,13920,7237.405,0,0,0,0
490.9,122,35,42,1,36,43,13426,14011,7237.34,0,0,1,0
491,123,34,42,1,35,43,13197,14009,7236.59,1,0,0,0
491.1,123,34,42,1,35,43,13011,14113,7237.305,0,0,0,0
491.2,123,34,42,1,35,43,12879,14140,7237.1,0,0,0,0
491.3,123,34,42,1,35,43,12739,14140,7236.91,0,0,0,0
491.4,123,34,42,1,35,43,12594,14228,7237.29,0,0,0,0
491.5,123,34,42,1,35,43,12536,14226,7237.675,0,0,0,0
491.6,123,34,42,1,35,43,12442,14287,7237.81,0,0,0,0
491.7,122,34,43,1,35,44,12324,14333,7238.595,0,0,0,1
491.8,122,34,43,1,35,44,12271,14400,7239.08,0,0,0,0
491.9,122,34,43,1,35,44,12194,14582,7240.16,0,0,0,0
492,121,34,44,1,35,45,12086,14724,7241.035,0,0,0,1
492.1,120,34,46,0,34,46,11925,14853,7241.245,1,0,0,1
492.2,120,34,46,0,34,46,11727,14980,7241.27,0,0,0,0
492.3,120,34,46,0,34,46,11599,15196,7241.42,0,0,0,0
492.4,119,34,47,0,34,47,11296,15305,7241.44,0,0,0,1
492.5,119,34,47,0,34,47,11088,15439,7241.905,0,0,0,0
492.6,119,33,47,1,34,48,10845,15589,7242.255,0,0,0,1
492.7,119,33,47,1,34,48,10553,15740,7242.53,0,0,0,0
492.8,119,33,47,1,34,48,10283,15887,7242.845,0,0,0,0
492.9,119,33,47,1,34,48,10046,16097,7243.73,0,0,0,0
493,119,33,47,1,34,48,9829,16386,7245.005,0,0,0,0
493.1,119,33,47,1,34,48,9610,16562,7245.88,0,0,0,0
493.2,119,33,47,1,34,48,9371,16774,7246.26,0,0,0,0
493.3,119,33,47,1,34,48,9085,17009,7247.365,0,0,0,0
493.4,119,33,47,1,34,48,8891,17272,7247.99,0,0,0,0
493.5,119,33,47,1,34,48,8667,17564,7248.305,0,0,0,0
493.6,119,33,47,1,34,48,8542,17785,7248.95,0,0,0,0
493.7,120,33,46,1,34,47,8412,18059,7249.23,0,0,1,0
493.8,120,33,46,1,34,47,8312,18425,7250.04,0,0,0,0
493.9,120,33,46,1,34,47,8233,18726,7250.73,0,0,0,0
494,120,33,46,1,34,47,8180,18998,7251.28,0,0,0,0
494.1,120,33,46,1,34,47,8122,19458,7251.495,0,0,0,0
494.2,120,33,46,1,34,47,8045,19858,7251.395,0,0,0,0
494.3,120,33,46,1,34,47,8048,20247,7251.165,0,0,0,0
494.4,120,33,46,1,34,47,7972,20714,7251.465,0,0,0,0
494.5,120,33,46,1,34,47,7979,21074,7251.825,0,0,0,0
494.6,120,33,46,1,34,47,8017,21582,7251.765,0,0,0,0
494.7,120,33,46,1,34,47,7986,22093,7252.015,0,0,0,0
494.8,119,33,47,1,34,48,8051,22516,7250.74,0,0,0,1
494.9,119,33,47,1,34,48,8206,22938,7249.605,0,0,0,0
495,119,33,47,1,34,48,8336,23360,7247.71,0,0,0,0
495.1,120,33,46,1,34,47,8467,23822,7246.31,0,0,1,0
495.2,120,33,46,1,34,47,8629,24126,7244.155,0,0,0,0
495.3,118,35,46,1,36,47,8819,24412,7241.7,0,2,0,0
495.4,118,35,46,1,36,47,8999,24654,7238.81,0,0,0,0
495.5,118,36,46,0,36,46,9242,24919,7236.715,0,0,1,0
495.6,119,35,46,0,35,46,9385,25161,7234.01,1,0,0,0
495.7,119,35,46,0,35,46,9622,25282,7231.255,0,0,0,0
495.8,120,35,45,0,35,45,9909,25335,7228.525,0,0,1,0
495.9,120,35,45,0,35,45,10141,25351,7225.665,0,0,0,0
496,119,36,45,0,36,45,10312,25316,7222.88,0,1,0,0
496.1,119,36,45,0,36,45,10463,25287,7219.83,0,0,0,0
496.2,119,36,45,0,36,45,10557,25121,7216.83,0,0,0,0
496.3,119,36,45,0,36,45,10649,24961,7212.97,0,0,0,0
496.4,119,36,45,0,36,45,10668,24762,7209.155,0,0,0,0
496.5,119,36,45,0,36,45,10720,24636,7205.705,0,0,0,0
496.6,119,36,44,1,37,45,10823,24666,7202.32,0,1,0,0
496.7,119,36,44,1,37,45,10859,24581,7199.26,0,0,0,0
496.8,119,36,44,1,37,45,10849,24441,7195.89,0,0,0,0
496.9,119,36,44,1,37,45,10853,24307,7191.87,0,0,0,0
497,119,36,44,1,37,45,10869,24105,7188.475,0,0,0,0
497.1,119,36,44,1,37,45,10772,24068,7185.5,0,0,0,0
497.2,119,36,44,1,37,45,10791,24003,7182.255,0,0,0,0
497.3,119,36,44,1,37,45,10857,23933,7179.14,0,0,0,0
497.4,119,36,43,2,38,45,10863,24022,7176.375,0,1,0,0
497.5,119,36,43,2,38,45,10785,24117,7173.705,0,0,0,0
497.6,119,36,43,2,38,45,10742,24016,7169.82,0,0,0,0
497.7,119,36,43,2,38,45,10668,24069,7166.59,0,0,0,0
497.8,119,36,43,2,38,45,10680,24157,7163.765,0,0,0,0
497.9,119,36,43,2,38,45,10649,24241,7160.495,0,0,0,0
498,119,35,44,2,37,46,10672,24375,7157.71,1,0,0,1
498.1,119,35,43,3,38,46,10726,24431,7154.975,0,1,0,0
498.2,119,35,43,3,38,46,10768,24542,7152.005,0,0,0,0
498.3,118,35,44,3,38,47,10810,24563,7148.14,0,0,0,1
498.4,118,35,44,3,38,47,10794,24534,7144.26,0,0,0,0
498.5,118,35,45,2,37,47,10850,24566,7141.17,1,0,0,0
498.6,118,35,45,2,37,47,10994,24533,7137.97,0,0,0,0
498.7,117,35,46,2,37,48,10980,24425,7134.65,0,0,0,1
498.8,117,34,46,3,37,49,11103,24263,7131.415,0,0,0,1
498.9,117,34,46,3,37,49,11157,24035,7127.88,0,0,0,0
499,117,34,46,3,37,49,11248,23790,7124.96,0,0,0,0
499.1,119,33,46,2,35,48,11366,23579,7121.66,2,0,1,0
499.2,119,33,46,2,35,48,11475,23258,7118.58,0,0,0,0
499.3,119,33,46,2,35,48,11669,22950,7115.315,0,0,0,0
499.4,119,33,46,2,35,48,11871,22597,7112.37,0,0,0,0
499.5,119,33,47,1,34,48,11998,22329,7109.605,1,0,0,0
499.6,119,33,47,1,34,48,12200,22046,7106.69,0,0,0,0
499.7,119,33,47,1,34,48,12438,21659,7104.92,0,0,0,0
499.8,119,33,47,1,34,48,12702,21158,7101.995,0,0,0,0
499.9,119,33,46,2,35,48,13032,20715,7099.22,0,1,0,0
500,119,33,46,2,35,48,13309,20359,7096.685,0,0,0,0
