"R0","K","log10K","r","gamma","dt","t_max","nsim","n_patch","alpha","I_init","mean_ext_time_index","mean_T_ext","ext_prob","n_ext","finite_conditional_mean"
1.1,1000,3,0.05,1,0.1,200,1000,1,0,10,218.742,21.7742,1,1000,TRUE
1.2,1000,3,0.05,1,0.1,200,1000,1,0,10,261.398,26.0398,1,1000,TRUE
1.3,1000,3,0.05,1,0.1,200,1000,1,0,10,271.732,27.0732,1,1000,TRUE
1.4,1000,3,0.05,1,0.1,200,1000,1,0,10,255.084,25.4084,1,1000,TRUE
1.5,1000,3,0.05,1,0.1,200,1000,1,0,10,234.16,23.316,1,1000,TRUE
1.6,1000,3,0.05,1,0.1,200,1000,1,0,10,205.713,20.4713,1,1000,TRUE
1.7,1000,3,0.05,1,0.1,200,1000,1,0,10,192.483,19.1483,1,1000,TRUE
1.8,1000,3,0.05,1,0.1,200,1000,1,0,10,183.01,18.201,1,1000,TRUE
1.9,1000,3,0.05,1,0.1,200,1000,1,0,10,171.563,17.0563,1,1000,TRUE
2,1000,3,0.05,1,0.1,200,1000,1,0,10,160.761,15.9761,1,1000,TRUE
2.1,1000,3,0.05,1,0.1,200,1000,1,0,10,152.781,15.1781,1,1000,TRUE
2.2,1000,3,0.05,1,0.1,200,1000,1,0,10,146.932,14.5932,1,1000,TRUE
2.3,1000,3,0.05,1,0.1,200,1000,1,0,10,140.099,13.9099,1,1000,TRUE
2.4,1000,3,0.05,1,0.1,200,1000,1,0,10,135.823,13.4823,1,1000,TRUE
2.5,1000,3,0.05,1,0.1,200,1000,1,0,10,131.128,13.0128,1,1000,TRUE
2.6,1000,3,0.05,1,0.1,200,1000,1,0,10,127.238,12.6238,1,1000,TRUE
2.7,1000,3,0.05,1,0.1,200,1000,1,0,10,124.926,12.3926,1,1000,TRUE
2.8,1000,3,0.05,1,0.1,200,1000,1,0,10,121.956,12.0956,1,1000,TRUE
2.9,1000,3,0.05,1,0.1,200,1000,1,0,10,119.225,11.8225,1,1000,TRUE
3,1000,3,0.05,1,0.1,200,1000,1,0,10,115.718,11.4718,1,1000,TRUE
3.1,1000,3,0.05,1,0.1,200,1000,1,0,10,114.222,11.3222,1,1000,TRUE
3.2,1000,3,0.05,1,0.1,200,1000,1,0,10,112.676,11.1676,1,1000,TRUE
3.3,1000,3,0.05,1,0.1,200,1000,1,0,10,109.263,10.8263,1,1000,TRUE
3.4,1000,3,0.05,1,0.1,200,1000,1,0,10,108.127,10.7127,1,1000,TRUE
3.5,1000,3,0.05,1,0.1,200,1000,1,0,10,107.238,10.6238,1,1000,TRUE
3.6,1000,3,0.05,1,0.1,200,1000,1,0,10,105.502,10.4502,1,1000,TRUE
3.7,1000,3,0.05,1,0.1,200,1000,1,0,10,104.335,10.3335,1,1000,TRUE
3.8,1000,3,0.05,1,0.1,200,1000,1,0,10,103.263,10.2263,1,1000,TRUE
3.9,1000,3,0.05,1,0.1,200,1000,1,0,10,101.376,10.0376,1,1000,TRUE
4,1000,3,0.05,1,0.1,200,1000,1,0,10,101.514,10.0514,1,1000,TRUE
4.1,1000,3,0.05,1,0.1,200,1000,1,0,10,99.975,9.8975,1,1000,TRUE
4.2,1000,3,0.05,1,0.1,200,1000,1,0,10,99.881,9.8881,1,1000,TRUE
4.3,1000,3,0.05,1,0.1,200,1000,1,0,10,99.25,9.825,1,1000,TRUE
4.4,1000,3,0.05,1,0.1,200,1000,1,0,10,97.358,9.6358,1,1000,TRUE
4.5,1000,3,0.05,1,0.1,200,1000,1,0,10,96.985,9.5985,1,1000,TRUE
4.6,1000,3,0.05,1,0.1,200,1000,1,0,10,96.595,9.5595,1,1000,TRUE
4.7,1000,3,0.05,1,0.1,200,1000,1,0,10,95.654,9.4654,1,1000,TRUE
4.8,1000,3,0.05,1,0.1,200,1000,1,0,10,94.744,9.3744,1,1000,TRUE
4.9,1000,3,0.05,1,0.1,200,1000,1,0,10,93.904,9.2904,1,1000,TRUE
5,1000,3,0.05,1,0.1,200,1000,1,0,10,93.672,9.2672,1,1000,TRUE
1.1,1778.27941003892,3.25,0.05,1,0.1,200,1000,1,0,10,300.114,29.9114,1,1000,TRUE
1.2,1778.27941003892,3.25,0.05,1,0.1,200,1000,1,0,10,353.761,35.2761,1,1000,TRUE
1.3,1778.27941003892,3.25,0.05,1,0.1,200,1000,1,0,10,358.740740740741,35.7740740740741,0.999,999,TRUE
1.4,1778.27941003892,3.25,0.05,1,0.1,200,1000,1,0,10,314.365,31.3365,1,1000,TRUE
1.5,1778.27941003892,3.25,0.05,1,0.1,200,1000,1,0,10,284.876,28.3876,1,1000,TRUE
1.6,1778.27941003892,3.25,0.05,1,0.1,200,1000,1,0,10,247.837,24.6837,1,1000,TRUE
1.7,1778.27941003892,3.25,0.05,1,0.1,200,1000,1,0,10,224.55,22.355,1,1000,TRUE
1.8,1778.27941003892,3.25,0.05,1,0.1,200,1000,1,0,10,206.241,20.5241,1,1000,TRUE
1.9,1778.27941003892,3.25,0.05,1,0.1,200,1000,1,0,10,189.034,18.8034,1,1000,TRUE
2,1778.27941003892,3.25,0.05,1,0.1,200,1000,1,0,10,179.804,17.8804,1,1000,TRUE
2.1,1778.27941003892,3.25,0.05,1,0.1,200,1000,1,0,10,169.235,16.8235,1,1000,TRUE
2.2,1778.27941003892,3.25,0.05,1,0.1,200,1000,1,0,10,161.403,16.0403,1,1000,TRUE
2.3,1778.27941003892,3.25,0.05,1,0.1,200,1000,1,0,10,155.598,15.4598,1,1000,TRUE
2.4,1778.27941003892,3.25,0.05,1,0.1,200,1000,1,0,10,148.979,14.7979,1,1000,TRUE
2.5,1778.27941003892,3.25,0.05,1,0.1,200,1000,1,0,10,143.334,14.2334,1,1000,TRUE
2.6,1778.27941003892,3.25,0.05,1,0.1,200,1000,1,0,10,140.181,13.9181,1,1000,TRUE
2.7,1778.27941003892,3.25,0.05,1,0.1,200,1000,1,0,10,135.409,13.4409,1,1000,TRUE
2.8,1778.27941003892,3.25,0.05,1,0.1,200,1000,1,0,10,131.975,13.0975,1,1000,TRUE
2.9,1778.27941003892,3.25,0.05,1,0.1,200,1000,1,0,10,130.376,12.9376,1,1000,TRUE
3,1778.27941003892,3.25,0.05,1,0.1,200,1000,1,0,10,127.656,12.6656,1,1000,TRUE
3.1,1778.27941003892,3.25,0.05,1,0.1,200,1000,1,0,10,124.831,12.3831,1,1000,TRUE
3.2,1778.27941003892,3.25,0.05,1,0.1,200,1000,1,0,10,122.374,12.1374,1,1000,TRUE
3.3,1778.27941003892,3.25,0.05,1,0.1,200,1000,1,0,10,119.908,11.8908,1,1000,TRUE
3.4,1778.27941003892,3.25,0.05,1,0.1,200,1000,1,0,10,118.248,11.7248,1,1000,TRUE
3.5,1778.27941003892,3.25,0.05,1,0.1,200,1000,1,0,10,115.156,11.4156,1,1000,TRUE
3.6,1778.27941003892,3.25,0.05,1,0.1,200,1000,1,0,10,114.949,11.3949,1,1000,TRUE
3.7,1778.27941003892,3.25,0.05,1,0.1,200,1000,1,0,10,113.507,11.2507,1,1000,TRUE
3.8,1778.27941003892,3.25,0.05,1,0.1,200,1000,1,0,10,112.132,11.1132,1,1000,TRUE
3.9,1778.27941003892,3.25,0.05,1,0.1,200,1000,1,0,10,109.986,10.8986,1,1000,TRUE
4,1778.27941003892,3.25,0.05,1,0.1,200,1000,1,0,10,109.444,10.8444,1,1000,TRUE
4.1,1778.27941003892,3.25,0.05,1,0.1,200,1000,1,0,10,107.622,10.6622,1,1000,TRUE
4.2,1778.27941003892,3.25,0.05,1,0.1,200,1000,1,0,10,107.442,10.6442,1,1000,TRUE
4.3,1778.27941003892,3.25,0.05,1,0.1,200,1000,1,0,10,106.057,10.5057,1,1000,TRUE
4.4,1778.27941003892,3.25,0.05,1,0.1,200,1000,1,0,10,105.601,10.4601,1,1000,TRUE
4.5,1778.27941003892,3.25,0.05,1,0.1,200,1000,1,0,10,104.847,10.3847,1,1000,TRUE
4.6,1778.27941003892,3.25,0.05,1,0.1,200,1000,1,0,10,103.665,10.2665,1,1000,TRUE
4.7,1778.27941003892,3.25,0.05,1,0.1,200,1000,1,0,10,103.441,10.2441,1,1000,TRUE
4.8,1778.27941003892,3.25,0.05,1,0.1,200,1000,1,0,10,103.1,10.21,1,1000,TRUE
4.9,1778.27941003892,3.25,0.05,1,0.1,200,1000,1,0,10,102.287,10.1287,1,1000,TRUE
5,1778.27941003892,3.25,0.05,1,0.1,200,1000,1,0,10,101.544,10.0544,1,1000,TRUE
1.1,3162.27766016838,3.5,0.05,1,0.1,200,1000,1,0,10,435.385385385385,43.4385385385385,0.999,999,TRUE
1.2,3162.27766016838,3.5,0.05,1,0.1,200,1000,1,0,10,509.322906155399,50.8322906155399,0.991,991,TRUE
1.3,3162.27766016838,3.5,0.05,1,0.1,200,1000,1,0,10,481.137931034483,48.0137931034483,0.986,986,TRUE
1.4,3162.27766016838,3.5,0.05,1,0.1,200,1000,1,0,10,421.539325842697,42.0539325842697,0.979,979,TRUE
1.5,3162.27766016838,3.5,0.05,1,0.1,200,1000,1,0,10,343.362068965517,34.2362068965517,0.986,986,TRUE
1.6,3162.27766016838,3.5,0.05,1,0.1,200,1000,1,0,10,298.248496993988,29.7248496993988,0.998,998,TRUE
1.7,3162.27766016838,3.5,0.05,1,0.1,200,1000,1,0,10,253.972972972973,25.2972972972973,0.999,999,TRUE
1.8,3162.27766016838,3.5,0.05,1,0.1,200,1000,1,0,10,229.759519038076,22.8759519038076,0.998,998,TRUE
1.9,3162.27766016838,3.5,0.05,1,0.1,200,1000,1,0,10,213.288288288288,21.2288288288288,0.999,999,TRUE
2,3162.27766016838,3.5,0.05,1,0.1,200,1000,1,0,10,197.663,19.6663,1,1000,TRUE
2.1,3162.27766016838,3.5,0.05,1,0.1,200,1000,1,0,10,186.242,18.5242,1,1000,TRUE
2.2,3162.27766016838,3.5,0.05,1,0.1,200,1000,1,0,10,177.557,17.6557,1,1000,TRUE
2.3,3162.27766016838,3.5,0.05,1,0.1,200,1000,1,0,10,170.723,16.9723,1,1000,TRUE
2.4,3162.27766016838,3.5,0.05,1,0.1,200,1000,1,0,10,162.934,16.1934,1,1000,TRUE
2.5,3162.27766016838,3.5,0.05,1,0.1,200,1000,1,0,10,157.051,15.6051,1,1000,TRUE
2.6,3162.27766016838,3.5,0.05,1,0.1,200,1000,1,0,10,152.484,15.1484,1,1000,TRUE
2.7,3162.27766016838,3.5,0.05,1,0.1,200,1000,1,0,10,148.416,14.7416,1,1000,TRUE
2.8,3162.27766016838,3.5,0.05,1,0.1,200,1000,1,0,10,142.842,14.1842,1,1000,TRUE
2.9,3162.27766016838,3.5,0.05,1,0.1,200,1000,1,0,10,139.748,13.8748,1,1000,TRUE
3,3162.27766016838,3.5,0.05,1,0.1,200,1000,1,0,10,137.296,13.6296,1,1000,TRUE
3.1,3162.27766016838,3.5,0.05,1,0.1,200,1000,1,0,10,134.523,13.3523,1,1000,TRUE
3.2,3162.27766016838,3.5,0.05,1,0.1,200,1000,1,0,10,131.666,13.0666,1,1000,TRUE
3.3,3162.27766016838,3.5,0.05,1,0.1,200,1000,1,0,10,128.833,12.7833,1,1000,TRUE
3.4,3162.27766016838,3.5,0.05,1,0.1,200,1000,1,0,10,127.963,12.6963,1,1000,TRUE
3.5,3162.27766016838,3.5,0.05,1,0.1,200,1000,1,0,10,125.676,12.4676,1,1000,TRUE
3.6,3162.27766016838,3.5,0.05,1,0.1,200,1000,1,0,10,123.789,12.2789,1,1000,TRUE
3.7,3162.27766016838,3.5,0.05,1,0.1,200,1000,1,0,10,122.182,12.1182,1,1000,TRUE
3.8,3162.27766016838,3.5,0.05,1,0.1,200,1000,1,0,10,120.791,11.9791,1,1000,TRUE
3.9,3162.27766016838,3.5,0.05,1,0.1,200,1000,1,0,10,119.628,11.8628,1,1000,TRUE
4,3162.27766016838,3.5,0.05,1,0.1,200,1000,1,0,10,118.038,11.7038,1,1000,TRUE
4.1,3162.27766016838,3.5,0.05,1,0.1,200,1000,1,0,10,116.695,11.5695,1,1000,TRUE
4.2,3162.27766016838,3.5,0.05,1,0.1,200,1000,1,0,10,116.18,11.518,1,1000,TRUE
4.3,3162.27766016838,3.5,0.05,1,0.1,200,1000,1,0,10,115.146,11.4146,1,1000,TRUE
4.4,3162.27766016838,3.5,0.05,1,0.1,200,1000,1,0,10,114.196,11.3196,1,1000,TRUE
4.5,3162.27766016838,3.5,0.05,1,0.1,200,1000,1,0,10,112.288,11.1288,1,1000,TRUE
4.6,3162.27766016838,3.5,0.05,1,0.1,200,1000,1,0,10,111.679,11.0679,1,1000,TRUE
4.7,3162.27766016838,3.5,0.05,1,0.1,200,1000,1,0,10,110.826,10.9826,1,1000,TRUE
4.8,3162.27766016838,3.5,0.05,1,0.1,200,1000,1,0,10,111.076,11.0076,1,1000,TRUE
4.9,3162.27766016838,3.5,0.05,1,0.1,200,1000,1,0,10,109.998,10.8998,1,1000,TRUE
5,3162.27766016838,3.5,0.05,1,0.1,200,1000,1,0,10,109.548,10.8548,1,1000,TRUE
1.1,5623.41325190349,3.75,0.05,1,0.1,200,1000,1,0,10,595.983350676379,59.4983350676379,0.961,961,TRUE
1.2,5623.41325190349,3.75,0.05,1,0.1,200,1000,1,0,10,651.783256880734,65.0783256880734,0.872,872,TRUE
1.3,5623.41325190349,3.75,0.05,1,0.1,200,1000,1,0,10,572.480611045828,57.1480611045829,0.851,851,TRUE
1.4,5623.41325190349,3.75,0.05,1,0.1,200,1000,1,0,10,501.180974477958,50.0180974477958,0.862,862,TRUE
1.5,5623.41325190349,3.75,0.05,1,0.1,200,1000,1,0,10,400.763300760043,39.9763300760043,0.921,921,TRUE
1.6,5623.41325190349,3.75,0.05,1,0.1,200,1000,1,0,10,328.941727367326,32.7941727367326,0.961,961,TRUE
1.7,5623.41325190349,3.75,0.05,1,0.1,200,1000,1,0,10,284.947100712106,28.3947100712106,0.983,983,TRUE
1.8,5623.41325190349,3.75,0.05,1,0.1,200,1000,1,0,10,255.717457114026,25.4717457114026,0.991,991,TRUE
1.9,5623.41325190349,3.75,0.05,1,0.1,200,1000,1,0,10,235.473,23.4473,1,1000,TRUE
2,5623.41325190349,3.75,0.05,1,0.1,200,1000,1,0,10,218.896793587174,21.7896793587174,0.998,998,TRUE
2.1,5623.41325190349,3.75,0.05,1,0.1,200,1000,1,0,10,201.317317317317,20.0317317317317,0.999,999,TRUE
2.2,5623.41325190349,3.75,0.05,1,0.1,200,1000,1,0,10,192.15,19.115,1,1000,TRUE
2.3,5623.41325190349,3.75,0.05,1,0.1,200,1000,1,0,10,183.756,18.2756,1,1000,TRUE
2.4,5623.41325190349,3.75,0.05,1,0.1,200,1000,1,0,10,176.87,17.587,1,1000,TRUE
2.5,5623.41325190349,3.75,0.05,1,0.1,200,1000,1,0,10,169.203,16.8203,1,1000,TRUE
2.6,5623.41325190349,3.75,0.05,1,0.1,200,1000,1,0,10,164.439,16.3439,1,1000,TRUE
2.7,5623.41325190349,3.75,0.05,1,0.1,200,1000,1,0,10,160.709,15.9709,1,1000,TRUE
2.8,5623.41325190349,3.75,0.05,1,0.1,200,1000,1,0,10,155.642,15.4642,1,1000,TRUE
2.9,5623.41325190349,3.75,0.05,1,0.1,200,1000,1,0,10,150.889,14.9889,1,1000,TRUE
3,5623.41325190349,3.75,0.05,1,0.1,200,1000,1,0,10,147.621,14.6621,1,1000,TRUE
3.1,5623.41325190349,3.75,0.05,1,0.1,200,1000,1,0,10,144.465,14.3465,1,1000,TRUE
3.2,5623.41325190349,3.75,0.05,1,0.1,200,1000,1,0,10,142.122,14.1122,1,1000,TRUE
3.3,5623.41325190349,3.75,0.05,1,0.1,200,1000,1,0,10,139.663,13.8663,1,1000,TRUE
3.4,5623.41325190349,3.75,0.05,1,0.1,200,1000,1,0,10,136.546,13.5546,1,1000,TRUE
3.5,5623.41325190349,3.75,0.05,1,0.1,200,1000,1,0,10,134.271,13.3271,1,1000,TRUE
3.6,5623.41325190349,3.75,0.05,1,0.1,200,1000,1,0,10,132.964,13.1964,1,1000,TRUE
3.7,5623.41325190349,3.75,0.05,1,0.1,200,1000,1,0,10,131.223,13.0223,1,1000,TRUE
3.8,5623.41325190349,3.75,0.05,1,0.1,200,1000,1,0,10,129.57,12.857,1,1000,TRUE
3.9,5623.41325190349,3.75,0.05,1,0.1,200,1000,1,0,10,128.588,12.7588,1,1000,TRUE
4,5623.41325190349,3.75,0.05,1,0.1,200,1000,1,0,10,127.039,12.6039,1,1000,TRUE
4.1,5623.41325190349,3.75,0.05,1,0.1,200,1000,1,0,10,125.913,12.4913,1,1000,TRUE
4.2,5623.41325190349,3.75,0.05,1,0.1,200,1000,1,0,10,124.404,12.3404,1,1000,TRUE
4.3,5623.41325190349,3.75,0.05,1,0.1,200,1000,1,0,10,122.707,12.1707,1,1000,TRUE
4.4,5623.41325190349,3.75,0.05,1,0.1,200,1000,1,0,10,121.716,12.0716,1,1000,TRUE
4.5,5623.41325190349,3.75,0.05,1,0.1,200,1000,1,0,10,120.441,11.9441,1,1000,TRUE
4.6,5623.41325190349,3.75,0.05,1,0.1,200,1000,1,0,10,120.135,11.9135,1,1000,TRUE
4.7,5623.41325190349,3.75,0.05,1,0.1,200,1000,1,0,10,119.641,11.8641,1,1000,TRUE
4.8,5623.41325190349,3.75,0.05,1,0.1,200,1000,1,0,10,118.239,11.7239,1,1000,TRUE
4.9,5623.41325190349,3.75,0.05,1,0.1,200,1000,1,0,10,117.541,11.6541,1,1000,TRUE
5,5623.41325190349,3.75,0.05,1,0.1,200,1000,1,0,10,116.608,11.5608,1,1000,TRUE
1.1,10000,4,0.05,1,0.1,200,1000,1,0,10,687.327127659574,68.6327127659575,0.752,752,TRUE
1.2,10000,4,0.05,1,0.1,200,1000,1,0,10,673.106870229008,67.2106870229008,0.524,524,TRUE
1.3,10000,4,0.05,1,0.1,200,1000,1,0,10,550.285714285714,54.9285714285714,0.511,511,TRUE
1.4,10000,4,0.05,1,0.1,200,1000,1,0,10,457.990322580645,45.6990322580645,0.62,620,TRUE
1.5,10000,4,0.05,1,0.1,200,1000,1,0,10,397.294267515924,39.6294267515924,0.785,785,TRUE
1.6,10000,4,0.05,1,0.1,200,1000,1,0,10,356.668564920273,35.5668564920273,0.878,878,TRUE
1.7,10000,4,0.05,1,0.1,200,1000,1,0,10,314.422222222222,31.3422222222222,0.945,945,TRUE
1.8,10000,4,0.05,1,0.1,200,1000,1,0,10,278.58932238193,27.758932238193,0.974,974,TRUE
1.9,10000,4,0.05,1,0.1,200,1000,1,0,10,253.543172690763,25.2543172690763,0.996,996,TRUE
2,10000,4,0.05,1,0.1,200,1000,1,0,10,239.520080321285,23.8520080321285,0.996,996,TRUE
2.1,10000,4,0.05,1,0.1,200,1000,1,0,10,222.147147147147,22.1147147147147,0.999,999,TRUE
2.2,10000,4,0.05,1,0.1,200,1000,1,0,10,208.814,20.7814,1,1000,TRUE
2.3,10000,4,0.05,1,0.1,200,1000,1,0,10,198.772,19.7772,1,1000,TRUE
2.4,10000,4,0.05,1,0.1,200,1000,1,0,10,190.846,18.9846,1,1000,TRUE
2.5,10000,4,0.05,1,0.1,200,1000,1,0,10,182.57,18.157,1,1000,TRUE
2.6,10000,4,0.05,1,0.1,200,1000,1,0,10,176.896,17.5896,1,1000,TRUE
2.7,10000,4,0.05,1,0.1,200,1000,1,0,10,171.443,17.0443,1,1000,TRUE
2.8,10000,4,0.05,1,0.1,200,1000,1,0,10,167.336,16.6336,1,1000,TRUE
2.9,10000,4,0.05,1,0.1,200,1000,1,0,10,162.855,16.1855,1,1000,TRUE
3,10000,4,0.05,1,0.1,200,1000,1,0,10,159.575,15.8575,1,1000,TRUE
3.1,10000,4,0.05,1,0.1,200,1000,1,0,10,155.559,15.4559,1,1000,TRUE
3.2,10000,4,0.05,1,0.1,200,1000,1,0,10,152.403,15.1403,1,1000,TRUE
3.3,10000,4,0.05,1,0.1,200,1000,1,0,10,148.695,14.7695,1,1000,TRUE
3.4,10000,4,0.05,1,0.1,200,1000,1,0,10,146.513,14.5513,1,1000,TRUE
3.5,10000,4,0.05,1,0.1,200,1000,1,0,10,144.368,14.3368,1,1000,TRUE
3.6,10000,4,0.05,1,0.1,200,1000,1,0,10,141.322,14.0322,1,1000,TRUE
3.7,10000,4,0.05,1,0.1,200,1000,1,0,10,140.113,13.9113,1,1000,TRUE
3.8,10000,4,0.05,1,0.1,200,1000,1,0,10,138.609,13.7609,1,1000,TRUE
3.9,10000,4,0.05,1,0.1,200,1000,1,0,10,136.629,13.5629,1,1000,TRUE
4,10000,4,0.05,1,0.1,200,1000,1,0,10,135.447,13.4447,1,1000,TRUE
4.1,10000,4,0.05,1,0.1,200,1000,1,0,10,133.3,13.23,1,1000,TRUE
4.2,10000,4,0.05,1,0.1,200,1000,1,0,10,132.481,13.1481,1,1000,TRUE
4.3,10000,4,0.05,1,0.1,200,1000,1,0,10,131.202,13.0202,1,1000,TRUE
4.4,10000,4,0.05,1,0.1,200,1000,1,0,10,130.704,12.9704,1,1000,TRUE
4.5,10000,4,0.05,1,0.1,200,1000,1,0,10,129.056,12.8056,1,1000,TRUE
4.6,10000,4,0.05,1,0.1,200,1000,1,0,10,127.331,12.6331,1,1000,TRUE
4.7,10000,4,0.05,1,0.1,200,1000,1,0,10,126.559,12.5559,1,1000,TRUE
4.8,10000,4,0.05,1,0.1,200,1000,1,0,10,126.273,12.5273,1,1000,TRUE
4.9,10000,4,0.05,1,0.1,200,1000,1,0,10,125.009,12.4009,1,1000,TRUE
5,10000,4,0.05,1,0.1,200,1000,1,0,10,124.682,12.3682,1,1000,TRUE
1.1,17782.7941003892,4.25,0.05,1,0.1,200,1000,1,0,10,488.143939393939,48.7143939393939,0.396,396,TRUE
1.2,17782.7941003892,4.25,0.05,1,0.1,200,1000,1,0,10,414.021834061135,41.3021834061135,0.229,229,TRUE
1.3,17782.7941003892,4.25,0.05,1,0.1,200,1000,1,0,10,482.234126984127,48.1234126984127,0.252,252,TRUE
1.4,17782.7941003892,4.25,0.05,1,0.1,200,1000,1,0,10,437.456989247312,43.6456989247312,0.372,372,TRUE
1.5,17782.7941003892,4.25,0.05,1,0.1,200,1000,1,0,10,404.456666666667,40.3456666666667,0.6,600,TRUE
1.6,17782.7941003892,4.25,0.05,1,0.1,200,1000,1,0,10,367.90234375,36.690234375,0.768,768,TRUE
1.7,17782.7941003892,4.25,0.05,1,0.1,200,1000,1,0,10,330.433481152993,32.9433481152993,0.902,902,TRUE
1.8,17782.7941003892,4.25,0.05,1,0.1,200,1000,1,0,10,304.515957446808,30.3515957446808,0.94,940,TRUE
1.9,17782.7941003892,4.25,0.05,1,0.1,200,1000,1,0,10,273.106014271152,27.2106014271152,0.981,981,TRUE
2,17782.7941003892,4.25,0.05,1,0.1,200,1000,1,0,10,256.011133603239,25.5011133603239,0.988,988,TRUE
2.1,17782.7941003892,4.25,0.05,1,0.1,200,1000,1,0,10,238.438877755511,23.7438877755511,0.998,998,TRUE
2.2,17782.7941003892,4.25,0.05,1,0.1,200,1000,1,0,10,227.574,22.6574,1,1000,TRUE
2.3,17782.7941003892,4.25,0.05,1,0.1,200,1000,1,0,10,213.782,21.2782,1,1000,TRUE
2.4,17782.7941003892,4.25,0.05,1,0.1,200,1000,1,0,10,205.177,20.4177,1,1000,TRUE
2.5,17782.7941003892,4.25,0.05,1,0.1,200,1000,1,0,10,197.479,19.6479,1,1000,TRUE
2.6,17782.7941003892,4.25,0.05,1,0.1,200,1000,1,0,10,189.026,18.8026,1,1000,TRUE
2.7,17782.7941003892,4.25,0.05,1,0.1,200,1000,1,0,10,184.227,18.3227,1,1000,TRUE
2.8,17782.7941003892,4.25,0.05,1,0.1,200,1000,1,0,10,179.434,17.8434,1,1000,TRUE
2.9,17782.7941003892,4.25,0.05,1,0.1,200,1000,1,0,10,173.314,17.2314,1,1000,TRUE
3,17782.7941003892,4.25,0.05,1,0.1,200,1000,1,0,10,168.972,16.7972,1,1000,TRUE
3.1,17782.7941003892,4.25,0.05,1,0.1,200,1000,1,0,10,166.07,16.507,1,1000,TRUE
3.2,17782.7941003892,4.25,0.05,1,0.1,200,1000,1,0,10,162.987,16.1987,1,1000,TRUE
3.3,17782.7941003892,4.25,0.05,1,0.1,200,1000,1,0,10,159.56,15.856,1,1000,TRUE
3.4,17782.7941003892,4.25,0.05,1,0.1,200,1000,1,0,10,156.579,15.5579,1,1000,TRUE
3.5,17782.7941003892,4.25,0.05,1,0.1,200,1000,1,0,10,154.336,15.3336,1,1000,TRUE
3.6,17782.7941003892,4.25,0.05,1,0.1,200,1000,1,0,10,151.044,15.0044,1,1000,TRUE
3.7,17782.7941003892,4.25,0.05,1,0.1,200,1000,1,0,10,148.742,14.7742,1,1000,TRUE
3.8,17782.7941003892,4.25,0.05,1,0.1,200,1000,1,0,10,147.233,14.6233,1,1000,TRUE
3.9,17782.7941003892,4.25,0.05,1,0.1,200,1000,1,0,10,145.44,14.444,1,1000,TRUE
4,17782.7941003892,4.25,0.05,1,0.1,200,1000,1,0,10,144.223,14.3223,1,1000,TRUE
4.1,17782.7941003892,4.25,0.05,1,0.1,200,1000,1,0,10,142.909,14.1909,1,1000,TRUE
4.2,17782.7941003892,4.25,0.05,1,0.1,200,1000,1,0,10,141.185,14.0185,1,1000,TRUE
4.3,17782.7941003892,4.25,0.05,1,0.1,200,1000,1,0,10,139.791,13.8791,1,1000,TRUE
4.4,17782.7941003892,4.25,0.05,1,0.1,200,1000,1,0,10,138.131,13.7131,1,1000,TRUE
4.5,17782.7941003892,4.25,0.05,1,0.1,200,1000,1,0,10,136.632,13.5632,1,1000,TRUE
4.6,17782.7941003892,4.25,0.05,1,0.1,200,1000,1,0,10,136.562,13.5562,1,1000,TRUE
4.7,17782.7941003892,4.25,0.05,1,0.1,200,1000,1,0,10,134.784,13.3784,1,1000,TRUE
4.8,17782.7941003892,4.25,0.05,1,0.1,200,1000,1,0,10,134.223,13.3223,1,1000,TRUE
4.9,17782.7941003892,4.25,0.05,1,0.1,200,1000,1,0,10,133.297,13.2297,1,1000,TRUE
5,17782.7941003892,4.25,0.05,1,0.1,200,1000,1,0,10,132.215,13.1215,1,1000,TRUE
1.1,31622.7766016838,4.5,0.05,1,0.1,200,1000,1,0,10,147.847014925373,14.6847014925373,0.268,268,TRUE
1.2,31622.7766016838,4.5,0.05,1,0.1,200,1000,1,0,10,95.0808823529412,9.40808823529412,0.136,136,TRUE
1.3,31622.7766016838,4.5,0.05,1,0.1,200,1000,1,0,10,274.349514563107,27.3349514563107,0.103,103,TRUE
1.4,31622.7766016838,4.5,0.05,1,0.1,200,1000,1,0,10,426.71098265896,42.571098265896,0.173,173,TRUE
1.5,31622.7766016838,4.5,0.05,1,0.1,200,1000,1,0,10,426.554945054945,42.5554945054945,0.364,364,TRUE
1.6,31622.7766016838,4.5,0.05,1,0.1,200,1000,1,0,10,400.164285714286,39.9164285714286,0.56,560,TRUE
1.7,31622.7766016838,4.5,0.05,1,0.1,200,1000,1,0,10,358.589808917197,35.7589808917197,0.785,785,TRUE
1.8,31622.7766016838,4.5,0.05,1,0.1,200,1000,1,0,10,326.701098901099,32.5701098901099,0.91,910,TRUE
1.9,31622.7766016838,4.5,0.05,1,0.1,200,1000,1,0,10,302.420725388601,30.1420725388601,0.965,965,TRUE
2,31622.7766016838,4.5,0.05,1,0.1,200,1000,1,0,10,276.873353596758,27.5873353596758,0.987,987,TRUE
2.1,31622.7766016838,4.5,0.05,1,0.1,200,1000,1,0,10,258.867336683417,25.7867336683417,0.995,995,TRUE
2.2,31622.7766016838,4.5,0.05,1,0.1,200,1000,1,0,10,244.389389389389,24.3389389389389,0.999,999,TRUE
2.3,31622.7766016838,4.5,0.05,1,0.1,200,1000,1,0,10,230.602,22.9602,1,1000,TRUE
2.4,31622.7766016838,4.5,0.05,1,0.1,200,1000,1,0,10,220.458,21.9458,1,1000,TRUE
2.5,31622.7766016838,4.5,0.05,1,0.1,200,1000,1,0,10,211.188,21.0188,1,1000,TRUE
2.6,31622.7766016838,4.5,0.05,1,0.1,200,1000,1,0,10,202.956,20.1956,1,1000,TRUE
2.7,31622.7766016838,4.5,0.05,1,0.1,200,1000,1,0,10,196.336,19.5336,1,1000,TRUE
2.8,31622.7766016838,4.5,0.05,1,0.1,200,1000,1,0,10,189.396,18.8396,1,1000,TRUE
2.9,31622.7766016838,4.5,0.05,1,0.1,200,1000,1,0,10,184.182,18.3182,1,1000,TRUE
3,31622.7766016838,4.5,0.05,1,0.1,200,1000,1,0,10,180.53,17.953,1,1000,TRUE
3.1,31622.7766016838,4.5,0.05,1,0.1,200,1000,1,0,10,176.853,17.5853,1,1000,TRUE
3.2,31622.7766016838,4.5,0.05,1,0.1,200,1000,1,0,10,173.442,17.2442,1,1000,TRUE
3.3,31622.7766016838,4.5,0.05,1,0.1,200,1000,1,0,10,168.523,16.7523,1,1000,TRUE
3.4,31622.7766016838,4.5,0.05,1,0.1,200,1000,1,0,10,165.186,16.4186,1,1000,TRUE
3.5,31622.7766016838,4.5,0.05,1,0.1,200,1000,1,0,10,163.651,16.2651,1,1000,TRUE
3.6,31622.7766016838,4.5,0.05,1,0.1,200,1000,1,0,10,159.911,15.8911,1,1000,TRUE
3.7,31622.7766016838,4.5,0.05,1,0.1,200,1000,1,0,10,158.312,15.7312,1,1000,TRUE
3.8,31622.7766016838,4.5,0.05,1,0.1,200,1000,1,0,10,156.239,15.5239,1,1000,TRUE
3.9,31622.7766016838,4.5,0.05,1,0.1,200,1000,1,0,10,154.829,15.3829,1,1000,TRUE
4,31622.7766016838,4.5,0.05,1,0.1,200,1000,1,0,10,152.346,15.1346,1,1000,TRUE
4.1,31622.7766016838,4.5,0.05,1,0.1,200,1000,1,0,10,151.735,15.0735,1,1000,TRUE
4.2,31622.7766016838,4.5,0.05,1,0.1,200,1000,1,0,10,150.054,14.9054,1,1000,TRUE
4.3,31622.7766016838,4.5,0.05,1,0.1,200,1000,1,0,10,147.564,14.6564,1,1000,TRUE
4.4,31622.7766016838,4.5,0.05,1,0.1,200,1000,1,0,10,146.449,14.5449,1,1000,TRUE
4.5,31622.7766016838,4.5,0.05,1,0.1,200,1000,1,0,10,145.341,14.4341,1,1000,TRUE
4.6,31622.7766016838,4.5,0.05,1,0.1,200,1000,1,0,10,143.88,14.288,1,1000,TRUE
4.7,31622.7766016838,4.5,0.05,1,0.1,200,1000,1,0,10,142.482,14.1482,1,1000,TRUE
4.8,31622.7766016838,4.5,0.05,1,0.1,200,1000,1,0,10,142.117,14.1117,1,1000,TRUE
4.9,31622.7766016838,4.5,0.05,1,0.1,200,1000,1,0,10,141.366,14.0366,1,1000,TRUE
5,31622.7766016838,4.5,0.05,1,0.1,200,1000,1,0,10,139.763,13.8763,1,1000,TRUE
1.1,56234.1325190349,4.75,0.05,1,0.1,200,1000,1,0,10,84.23046875,8.323046875,0.256,256,TRUE
1.2,56234.1325190349,4.75,0.05,1,0.1,200,1000,1,0,10,56.6126126126126,5.56126126126126,0.111,111,TRUE
1.3,56234.1325190349,4.75,0.05,1,0.1,200,1000,1,0,10,58.8392857142857,5.78392857142857,0.056,56,TRUE
1.4,56234.1325190349,4.75,0.05,1,0.1,200,1000,1,0,10,290.507936507937,28.9507936507937,0.063,63,TRUE
1.5,56234.1325190349,4.75,0.05,1,0.1,200,1000,1,0,10,413.320610687023,41.2320610687023,0.131,131,TRUE
1.6,56234.1325190349,4.75,0.05,1,0.1,200,1000,1,0,10,417.683417085427,41.6683417085427,0.398,398,TRUE
1.7,56234.1325190349,4.75,0.05,1,0.1,200,1000,1,0,10,385.782131661442,38.4782131661442,0.638,638,TRUE
1.8,56234.1325190349,4.75,0.05,1,0.1,200,1000,1,0,10,350.432009626955,34.9432009626955,0.831,831,TRUE
1.9,56234.1325190349,4.75,0.05,1,0.1,200,1000,1,0,10,326.621359223301,32.5621359223301,0.927,927,TRUE
2,56234.1325190349,4.75,0.05,1,0.1,200,1000,1,0,10,299.156441717791,29.8156441717791,0.978,978,TRUE
2.1,56234.1325190349,4.75,0.05,1,0.1,200,1000,1,0,10,279.76012145749,27.876012145749,0.988,988,TRUE
2.2,56234.1325190349,4.75,0.05,1,0.1,200,1000,1,0,10,258.485456369107,25.7485456369107,0.997,997,TRUE
2.3,56234.1325190349,4.75,0.05,1,0.1,200,1000,1,0,10,244.803607214429,24.3803607214429,0.998,998,TRUE
2.4,56234.1325190349,4.75,0.05,1,0.1,200,1000,1,0,10,234.933,23.3933,1,1000,TRUE
2.5,56234.1325190349,4.75,0.05,1,0.1,200,1000,1,0,10,224.122,22.3122,1,1000,TRUE
2.6,56234.1325190349,4.75,0.05,1,0.1,200,1000,1,0,10,215.835,21.4835,1,1000,TRUE
2.7,56234.1325190349,4.75,0.05,1,0.1,200,1000,1,0,10,208.103,20.7103,1,1000,TRUE
2.8,56234.1325190349,4.75,0.05,1,0.1,200,1000,1,0,10,202.107,20.1107,1,1000,TRUE
2.9,56234.1325190349,4.75,0.05,1,0.1,200,1000,1,0,10,197.024,19.6024,1,1000,TRUE
3,56234.1325190349,4.75,0.05,1,0.1,200,1000,1,0,10,191.243,19.0243,1,1000,TRUE
3.1,56234.1325190349,4.75,0.05,1,0.1,200,1000,1,0,10,186.27,18.527,1,1000,TRUE
3.2,56234.1325190349,4.75,0.05,1,0.1,200,1000,1,0,10,183.277,18.2277,1,1000,TRUE
3.3,56234.1325190349,4.75,0.05,1,0.1,200,1000,1,0,10,178.92,17.792,1,1000,TRUE
3.4,56234.1325190349,4.75,0.05,1,0.1,200,1000,1,0,10,174.568,17.3568,1,1000,TRUE
3.5,56234.1325190349,4.75,0.05,1,0.1,200,1000,1,0,10,173.355,17.2355,1,1000,TRUE
3.6,56234.1325190349,4.75,0.05,1,0.1,200,1000,1,0,10,170.835,16.9835,1,1000,TRUE
3.7,56234.1325190349,4.75,0.05,1,0.1,200,1000,1,0,10,167.636,16.6636,1,1000,TRUE
3.8,56234.1325190349,4.75,0.05,1,0.1,200,1000,1,0,10,165.408,16.4408,1,1000,TRUE
3.9,56234.1325190349,4.75,0.05,1,0.1,200,1000,1,0,10,162.043,16.1043,1,1000,TRUE
4,56234.1325190349,4.75,0.05,1,0.1,200,1000,1,0,10,162.18,16.118,1,1000,TRUE
4.1,56234.1325190349,4.75,0.05,1,0.1,200,1000,1,0,10,159.49,15.849,1,1000,TRUE
4.2,56234.1325190349,4.75,0.05,1,0.1,200,1000,1,0,10,157.087,15.6087,1,1000,TRUE
4.3,56234.1325190349,4.75,0.05,1,0.1,200,1000,1,0,10,156.69,15.569,1,1000,TRUE
4.4,56234.1325190349,4.75,0.05,1,0.1,200,1000,1,0,10,153.839,15.2839,1,1000,TRUE
4.5,56234.1325190349,4.75,0.05,1,0.1,200,1000,1,0,10,153.007,15.2007,1,1000,TRUE
4.6,56234.1325190349,4.75,0.05,1,0.1,200,1000,1,0,10,151.719,15.0719,1,1000,TRUE
4.7,56234.1325190349,4.75,0.05,1,0.1,200,1000,1,0,10,150.189,14.9189,1,1000,TRUE
4.8,56234.1325190349,4.75,0.05,1,0.1,200,1000,1,0,10,149.412,14.8412,1,1000,TRUE
4.9,56234.1325190349,4.75,0.05,1,0.1,200,1000,1,0,10,148.264,14.7264,1,1000,TRUE
5,56234.1325190349,4.75,0.05,1,0.1,200,1000,1,0,10,147.683,14.6683,1,1000,TRUE
1.1,1e+05,5,0.05,1,0.1,200,1000,1,0,10,86.1344537815126,8.51344537815126,0.238,238,TRUE
1.2,1e+05,5,0.05,1,0.1,200,1000,1,0,10,52.877358490566,5.1877358490566,0.106,106,TRUE
1.3,1e+05,5,0.05,1,0.1,200,1000,1,0,10,48.0625,4.70625,0.048,48,TRUE
1.4,1e+05,5,0.05,1,0.1,200,1000,1,0,10,109.659090909091,10.8659090909091,0.044,44,TRUE
1.5,1e+05,5,0.05,1,0.1,200,1000,1,0,10,350.125,34.9125,0.056,56,TRUE
1.6,1e+05,5,0.05,1,0.1,200,1000,1,0,10,450.267759562842,44.9267759562842,0.183,183,TRUE
1.7,1e+05,5,0.05,1,0.1,200,1000,1,0,10,413.521929824561,41.2521929824561,0.456,456,TRUE
1.8,1e+05,5,0.05,1,0.1,200,1000,1,0,10,378.908707865169,37.7908707865169,0.712,712,TRUE
1.9,1e+05,5,0.05,1,0.1,200,1000,1,0,10,350.188356164384,34.9188356164384,0.876,876,TRUE
2,1e+05,5,0.05,1,0.1,200,1000,1,0,10,325.603793466807,32.4603793466807,0.949,949,TRUE
2.1,1e+05,5,0.05,1,0.1,200,1000,1,0,10,298.495926680244,29.7495926680244,0.982,982,TRUE
2.2,1e+05,5,0.05,1,0.1,200,1000,1,0,10,277.752008032129,27.6752008032129,0.996,996,TRUE
2.3,1e+05,5,0.05,1,0.1,200,1000,1,0,10,262.733733733734,26.1733733733734,0.999,999,TRUE
2.4,1e+05,5,0.05,1,0.1,200,1000,1,0,10,250.463463463463,24.9463463463463,0.999,999,TRUE
2.5,1e+05,5,0.05,1,0.1,200,1000,1,0,10,238.703,23.7703,1,1000,TRUE
2.6,1e+05,5,0.05,1,0.1,200,1000,1,0,10,230.11,22.911,1,1000,TRUE
2.7,1e+05,5,0.05,1,0.1,200,1000,1,0,10,222.056,22.1056,1,1000,TRUE
2.8,1e+05,5,0.05,1,0.1,200,1000,1,0,10,214.8,21.38,1,1000,TRUE
2.9,1e+05,5,0.05,1,0.1,200,1000,1,0,10,209.086,20.8086,1,1000,TRUE
3,1e+05,5,0.05,1,0.1,200,1000,1,0,10,202.382,20.1382,1,1000,TRUE
3.1,1e+05,5,0.05,1,0.1,200,1000,1,0,10,197.616,19.6616,1,1000,TRUE
3.2,1e+05,5,0.05,1,0.1,200,1000,1,0,10,193.975,19.2975,1,1000,TRUE
3.3,1e+05,5,0.05,1,0.1,200,1000,1,0,10,189.681,18.8681,1,1000,TRUE
3.4,1e+05,5,0.05,1,0.1,200,1000,1,0,10,186.202,18.5202,1,1000,TRUE
3.5,1e+05,5,0.05,1,0.1,200,1000,1,0,10,182.361,18.1361,1,1000,TRUE
3.6,1e+05,5,0.05,1,0.1,200,1000,1,0,10,179.871,17.8871,1,1000,TRUE
3.7,1e+05,5,0.05,1,0.1,200,1000,1,0,10,177.011,17.6011,1,1000,TRUE
3.8,1e+05,5,0.05,1,0.1,200,1000,1,0,10,174.451,17.3451,1,1000,TRUE
3.9,1e+05,5,0.05,1,0.1,200,1000,1,0,10,171.633,17.0633,1,1000,TRUE
4,1e+05,5,0.05,1,0.1,200,1000,1,0,10,169.668,16.8668,1,1000,TRUE
4.1,1e+05,5,0.05,1,0.1,200,1000,1,0,10,168.386,16.7386,1,1000,TRUE
4.2,1e+05,5,0.05,1,0.1,200,1000,1,0,10,165.888,16.4888,1,1000,TRUE
4.3,1e+05,5,0.05,1,0.1,200,1000,1,0,10,164.576,16.3576,1,1000,TRUE
4.4,1e+05,5,0.05,1,0.1,200,1000,1,0,10,162.487,16.1487,1,1000,TRUE
4.5,1e+05,5,0.05,1,0.1,200,1000,1,0,10,160.964,15.9964,1,1000,TRUE
4.6,1e+05,5,0.05,1,0.1,200,1000,1,0,10,160.253,15.9253,1,1000,TRUE
4.7,1e+05,5,0.05,1,0.1,200,1000,1,0,10,159.362,15.8362,1,1000,TRUE
4.8,1e+05,5,0.05,1,0.1,200,1000,1,0,10,158.225,15.7225,1,1000,TRUE
4.9,1e+05,5,0.05,1,0.1,200,1000,1,0,10,157.036,15.6036,1,1000,TRUE
5,1e+05,5,0.05,1,0.1,200,1000,1,0,10,155.323,15.4323,1,1000,TRUE
1.1,177827.941003892,5.25,0.05,1,0.1,200,1000,1,0,10,84.4372469635628,8.34372469635628,0.247,247,TRUE
1.2,177827.941003892,5.25,0.05,1,0.1,200,1000,1,0,10,52.9,5.19,0.11,110,TRUE
1.3,177827.941003892,5.25,0.05,1,0.1,200,1000,1,0,10,49.6730769230769,4.86730769230769,0.052,52,TRUE
1.4,177827.941003892,5.25,0.05,1,0.1,200,1000,1,0,10,39.5185185185185,3.85185185185185,0.027,27,TRUE
1.5,177827.941003892,5.25,0.05,1,0.1,200,1000,1,0,10,128.52380952381,12.752380952381,0.021,21,TRUE
1.6,177827.941003892,5.25,0.05,1,0.1,200,1000,1,0,10,400.796610169492,39.9796610169492,0.059,59,TRUE
1.7,177827.941003892,5.25,0.05,1,0.1,200,1000,1,0,10,426.235772357724,42.5235772357724,0.246,246,TRUE
1.8,177827.941003892,5.25,0.05,1,0.1,200,1000,1,0,10,410.402550091075,40.9402550091075,0.549,549,TRUE
1.9,177827.941003892,5.25,0.05,1,0.1,200,1000,1,0,10,377.397208121827,37.6397208121827,0.788,788,TRUE
2,177827.941003892,5.25,0.05,1,0.1,200,1000,1,0,10,346.281045751634,34.5281045751634,0.918,918,TRUE
2.1,177827.941003892,5.25,0.05,1,0.1,200,1000,1,0,10,318.521560574949,31.7521560574949,0.974,974,TRUE
2.2,177827.941003892,5.25,0.05,1,0.1,200,1000,1,0,10,296.161779575329,29.5161779575329,0.989,989,TRUE
2.3,177827.941003892,5.25,0.05,1,0.1,200,1000,1,0,10,279.733466933868,27.8733466933868,0.998,998,TRUE
2.4,177827.941003892,5.25,0.05,1,0.1,200,1000,1,0,10,266.471471471471,26.5471471471472,0.999,999,TRUE
2.5,177827.941003892,5.25,0.05,1,0.1,200,1000,1,0,10,253.199,25.2199,1,1000,TRUE
2.6,177827.941003892,5.25,0.05,1,0.1,200,1000,1,0,10,243.441,24.2441,1,1000,TRUE
2.7,177827.941003892,5.25,0.05,1,0.1,200,1000,1,0,10,233.971,23.2971,1,1000,TRUE
2.8,177827.941003892,5.25,0.05,1,0.1,200,1000,1,0,10,226.554,22.5554,1,1000,TRUE
2.9,177827.941003892,5.25,0.05,1,0.1,200,1000,1,0,10,219.131,21.8131,1,1000,TRUE
3,177827.941003892,5.25,0.05,1,0.1,200,1000,1,0,10,214.954,21.3954,1,1000,TRUE
3.1,177827.941003892,5.25,0.05,1,0.1,200,1000,1,0,10,208.571,20.7571,1,1000,TRUE
3.2,177827.941003892,5.25,0.05,1,0.1,200,1000,1,0,10,202.413,20.1413,1,1000,TRUE
3.3,177827.941003892,5.25,0.05,1,0.1,200,1000,1,0,10,198.157,19.7157,1,1000,TRUE
3.4,177827.941003892,5.25,0.05,1,0.1,200,1000,1,0,10,195.134,19.4134,1,1000,TRUE
3.5,177827.941003892,5.25,0.05,1,0.1,200,1000,1,0,10,191.445,19.0445,1,1000,TRUE
3.6,177827.941003892,5.25,0.05,1,0.1,200,1000,1,0,10,189.511,18.8511,1,1000,TRUE
3.7,177827.941003892,5.25,0.05,1,0.1,200,1000,1,0,10,187.087,18.6087,1,1000,TRUE
3.8,177827.941003892,5.25,0.05,1,0.1,200,1000,1,0,10,183.281,18.2281,1,1000,TRUE
3.9,177827.941003892,5.25,0.05,1,0.1,200,1000,1,0,10,181.198,18.0198,1,1000,TRUE
4,177827.941003892,5.25,0.05,1,0.1,200,1000,1,0,10,178.613,17.7613,1,1000,TRUE
4.1,177827.941003892,5.25,0.05,1,0.1,200,1000,1,0,10,175.53,17.453,1,1000,TRUE
4.2,177827.941003892,5.25,0.05,1,0.1,200,1000,1,0,10,174.504,17.3504,1,1000,TRUE
4.3,177827.941003892,5.25,0.05,1,0.1,200,1000,1,0,10,172.447,17.1447,1,1000,TRUE
4.4,177827.941003892,5.25,0.05,1,0.1,200,1000,1,0,10,171.22,17.022,1,1000,TRUE
4.5,177827.941003892,5.25,0.05,1,0.1,200,1000,1,0,10,169.12,16.812,1,1000,TRUE
4.6,177827.941003892,5.25,0.05,1,0.1,200,1000,1,0,10,167.411,16.6411,1,1000,TRUE
4.7,177827.941003892,5.25,0.05,1,0.1,200,1000,1,0,10,167.349,16.6349,1,1000,TRUE
4.8,177827.941003892,5.25,0.05,1,0.1,200,1000,1,0,10,165.951,16.4951,1,1000,TRUE
4.9,177827.941003892,5.25,0.05,1,0.1,200,1000,1,0,10,164.001,16.3001,1,1000,TRUE
5,177827.941003892,5.25,0.05,1,0.1,200,1000,1,0,10,162.457,16.1457,1,1000,TRUE
1.1,316227.766016838,5.5,0.05,1,0.1,200,1000,1,0,10,82.9877049180328,8.19877049180328,0.244,244,TRUE
1.2,316227.766016838,5.5,0.05,1,0.1,200,1000,1,0,10,51.2156862745098,5.02156862745098,0.102,102,TRUE
1.3,316227.766016838,5.5,0.05,1,0.1,200,1000,1,0,10,48.1969696969697,4.71969696969697,0.066,66,TRUE
1.4,316227.766016838,5.5,0.05,1,0.1,200,1000,1,0,10,41,4,0.034,34,TRUE
1.5,316227.766016838,5.5,0.05,1,0.1,200,1000,1,0,10,30.2857142857143,2.92857142857143,0.021,21,TRUE
1.6,316227.766016838,5.5,0.05,1,0.1,200,1000,1,0,10,165.0625,16.40625,0.016,16,TRUE
1.7,316227.766016838,5.5,0.05,1,0.1,200,1000,1,0,10,424.888888888889,42.3888888888889,0.099,99,TRUE
1.8,316227.766016838,5.5,0.05,1,0.1,200,1000,1,0,10,430.55421686747,42.955421686747,0.332,332,TRUE
1.9,316227.766016838,5.5,0.05,1,0.1,200,1000,1,0,10,403.664615384615,40.2664615384615,0.65,650,TRUE
2,316227.766016838,5.5,0.05,1,0.1,200,1000,1,0,10,371.620809248555,37.0620809248555,0.865,865,TRUE
2.1,316227.766016838,5.5,0.05,1,0.1,200,1000,1,0,10,342.123417721519,34.1123417721519,0.948,948,TRUE
2.2,316227.766016838,5.5,0.05,1,0.1,200,1000,1,0,10,318.264073694985,31.7264073694985,0.977,977,TRUE
2.3,316227.766016838,5.5,0.05,1,0.1,200,1000,1,0,10,300.098492462312,29.9098492462312,0.995,995,TRUE
2.4,316227.766016838,5.5,0.05,1,0.1,200,1000,1,0,10,282.383534136546,28.1383534136546,0.996,996,TRUE
2.5,316227.766016838,5.5,0.05,1,0.1,200,1000,1,0,10,269.431431431431,26.8431431431431,0.999,999,TRUE
2.6,316227.766016838,5.5,0.05,1,0.1,200,1000,1,0,10,255.564,25.4564,1,1000,TRUE
2.7,316227.766016838,5.5,0.05,1,0.1,200,1000,1,0,10,247.637,24.6637,1,1000,TRUE
2.8,316227.766016838,5.5,0.05,1,0.1,200,1000,1,0,10,239.776,23.8776,1,1000,TRUE
2.9,316227.766016838,5.5,0.05,1,0.1,200,1000,1,0,10,232.751,23.1751,1,1000,TRUE
3,316227.766016838,5.5,0.05,1,0.1,200,1000,1,0,10,224.571,22.3571,1,1000,TRUE
3.1,316227.766016838,5.5,0.05,1,0.1,200,1000,1,0,10,218.654,21.7654,1,1000,TRUE
3.2,316227.766016838,5.5,0.05,1,0.1,200,1000,1,0,10,214.064,21.3064,1,1000,TRUE
3.3,316227.766016838,5.5,0.05,1,0.1,200,1000,1,0,10,208.803,20.7803,1,1000,TRUE
3.4,316227.766016838,5.5,0.05,1,0.1,200,1000,1,0,10,204.504,20.3504,1,1000,TRUE
3.5,316227.766016838,5.5,0.05,1,0.1,200,1000,1,0,10,200.835,19.9835,1,1000,TRUE
3.6,316227.766016838,5.5,0.05,1,0.1,200,1000,1,0,10,198.418,19.7418,1,1000,TRUE
3.7,316227.766016838,5.5,0.05,1,0.1,200,1000,1,0,10,195.113,19.4113,1,1000,TRUE
3.8,316227.766016838,5.5,0.05,1,0.1,200,1000,1,0,10,191.785,19.0785,1,1000,TRUE
3.9,316227.766016838,5.5,0.05,1,0.1,200,1000,1,0,10,189.751,18.8751,1,1000,TRUE
4,316227.766016838,5.5,0.05,1,0.1,200,1000,1,0,10,187.83,18.683,1,1000,TRUE
4.1,316227.766016838,5.5,0.05,1,0.1,200,1000,1,0,10,185.434,18.4434,1,1000,TRUE
4.2,316227.766016838,5.5,0.05,1,0.1,200,1000,1,0,10,182.725,18.1725,1,1000,TRUE
4.3,316227.766016838,5.5,0.05,1,0.1,200,1000,1,0,10,181.308,18.0308,1,1000,TRUE
4.4,316227.766016838,5.5,0.05,1,0.1,200,1000,1,0,10,178.437,17.7437,1,1000,TRUE
4.5,316227.766016838,5.5,0.05,1,0.1,200,1000,1,0,10,178.555,17.7555,1,1000,TRUE
4.6,316227.766016838,5.5,0.05,1,0.1,200,1000,1,0,10,176.2,17.52,1,1000,TRUE
4.7,316227.766016838,5.5,0.05,1,0.1,200,1000,1,0,10,175.089,17.4089,1,1000,TRUE
4.8,316227.766016838,5.5,0.05,1,0.1,200,1000,1,0,10,174.105,17.3105,1,1000,TRUE
4.9,316227.766016838,5.5,0.05,1,0.1,200,1000,1,0,10,171.858,17.0858,1,1000,TRUE
5,316227.766016838,5.5,0.05,1,0.1,200,1000,1,0,10,171.222,17.0222,1,1000,TRUE
1.1,562341.325190349,5.75,0.05,1,0.1,200,1000,1,0,10,83.2242152466368,8.22242152466368,0.223,223,TRUE
1.2,562341.325190349,5.75,0.05,1,0.1,200,1000,1,0,10,62.3203883495146,6.13203883495146,0.103,103,TRUE
1.3,562341.325190349,5.75,0.05,1,0.1,200,1000,1,0,10,43,4.2,0.061,61,TRUE
1.4,562341.325190349,5.75,0.05,1,0.1,200,1000,1,0,10,37.1904761904762,3.61904761904762,0.042,42,TRUE
1.5,562341.325190349,5.75,0.05,1,0.1,200,1000,1,0,10,28.68,2.768,0.025,25,TRUE
1.6,562341.325190349,5.75,0.05,1,0.1,200,1000,1,0,10,18.8666666666667,1.78666666666667,0.015,15,TRUE
1.7,562341.325190349,5.75,0.05,1,0.1,200,1000,1,0,10,301.444444444444,30.0444444444444,0.018,18,TRUE
1.8,562341.325190349,5.75,0.05,1,0.1,200,1000,1,0,10,443.938271604938,44.2938271604938,0.162,162,TRUE
1.9,562341.325190349,5.75,0.05,1,0.1,200,1000,1,0,10,425.942917547569,42.4942917547569,0.473,473,TRUE
2,562341.325190349,5.75,0.05,1,0.1,200,1000,1,0,10,398.085271317829,39.7085271317829,0.774,774,TRUE
2.1,562341.325190349,5.75,0.05,1,0.1,200,1000,1,0,10,367.760655737705,36.6760655737705,0.915,915,TRUE
2.2,562341.325190349,5.75,0.05,1,0.1,200,1000,1,0,10,341.389233954451,34.0389233954451,0.966,966,TRUE
2.3,562341.325190349,5.75,0.05,1,0.1,200,1000,1,0,10,316.733870967742,31.5733870967742,0.992,992,TRUE
2.4,562341.325190349,5.75,0.05,1,0.1,200,1000,1,0,10,298.743975903614,29.7743975903614,0.996,996,TRUE
2.5,562341.325190349,5.75,0.05,1,0.1,200,1000,1,0,10,284.53,28.353,1,1000,TRUE
2.6,562341.325190349,5.75,0.05,1,0.1,200,1000,1,0,10,272.432,27.1432,1,1000,TRUE
2.7,562341.325190349,5.75,0.05,1,0.1,200,1000,1,0,10,260.635,25.9635,1,1000,TRUE
2.8,562341.325190349,5.75,0.05,1,0.1,200,1000,1,0,10,251.464,25.0464,1,1000,TRUE
2.9,562341.325190349,5.75,0.05,1,0.1,200,1000,1,0,10,242.811,24.1811,1,1000,TRUE
3,562341.325190349,5.75,0.05,1,0.1,200,1000,1,0,10,236.706,23.5706,1,1000,TRUE
3.1,562341.325190349,5.75,0.05,1,0.1,200,1000,1,0,10,230.509,22.9509,1,1000,TRUE
3.2,562341.325190349,5.75,0.05,1,0.1,200,1000,1,0,10,224.238,22.3238,1,1000,TRUE
3.3,562341.325190349,5.75,0.05,1,0.1,200,1000,1,0,10,219.287,21.8287,1,1000,TRUE
3.4,562341.325190349,5.75,0.05,1,0.1,200,1000,1,0,10,214.998,21.3998,1,1000,TRUE
3.5,562341.325190349,5.75,0.05,1,0.1,200,1000,1,0,10,212.7,21.17,1,1000,TRUE
3.6,562341.325190349,5.75,0.05,1,0.1,200,1000,1,0,10,207.711,20.6711,1,1000,TRUE
3.7,562341.325190349,5.75,0.05,1,0.1,200,1000,1,0,10,204.136,20.3136,1,1000,TRUE
3.8,562341.325190349,5.75,0.05,1,0.1,200,1000,1,0,10,200.828,19.9828,1,1000,TRUE
3.9,562341.325190349,5.75,0.05,1,0.1,200,1000,1,0,10,198.906,19.7906,1,1000,TRUE
4,562341.325190349,5.75,0.05,1,0.1,200,1000,1,0,10,195.855,19.4855,1,1000,TRUE
4.1,562341.325190349,5.75,0.05,1,0.1,200,1000,1,0,10,193.749,19.2749,1,1000,TRUE
4.2,562341.325190349,5.75,0.05,1,0.1,200,1000,1,0,10,191.747,19.0747,1,1000,TRUE
4.3,562341.325190349,5.75,0.05,1,0.1,200,1000,1,0,10,189.437,18.8437,1,1000,TRUE
4.4,562341.325190349,5.75,0.05,1,0.1,200,1000,1,0,10,187.914,18.6914,1,1000,TRUE
4.5,562341.325190349,5.75,0.05,1,0.1,200,1000,1,0,10,186.329,18.5329,1,1000,TRUE
4.6,562341.325190349,5.75,0.05,1,0.1,200,1000,1,0,10,183.798,18.2798,1,1000,TRUE
4.7,562341.325190349,5.75,0.05,1,0.1,200,1000,1,0,10,182.59,18.159,1,1000,TRUE
4.8,562341.325190349,5.75,0.05,1,0.1,200,1000,1,0,10,180.828,17.9828,1,1000,TRUE
4.9,562341.325190349,5.75,0.05,1,0.1,200,1000,1,0,10,179.441,17.8441,1,1000,TRUE
5,562341.325190349,5.75,0.05,1,0.1,200,1000,1,0,10,178.154,17.7154,1,1000,TRUE
1.1,1e+06,6,0.05,1,0.1,200,1000,1,0,10,82.834008097166,8.1834008097166,0.247,247,TRUE
1.2,1e+06,6,0.05,1,0.1,200,1000,1,0,10,58.1531531531532,5.71531531531532,0.111,111,TRUE
1.3,1e+06,6,0.05,1,0.1,200,1000,1,0,10,40.7307692307692,3.97307692307692,0.052,52,TRUE
1.4,1e+06,6,0.05,1,0.1,200,1000,1,0,10,37.4285714285714,3.64285714285714,0.035,35,TRUE
1.5,1e+06,6,0.05,1,0.1,200,1000,1,0,10,27.15,2.615,0.02,20,TRUE
1.6,1e+06,6,0.05,1,0.1,200,1000,1,0,10,25.75,2.475,0.012,12,TRUE
1.7,1e+06,6,0.05,1,0.1,200,1000,1,0,10,36.2857142857143,3.52857142857143,0.007,7,TRUE
1.8,1e+06,6,0.05,1,0.1,200,1000,1,0,10,412.975609756098,41.1975609756098,0.041,41,TRUE
1.9,1e+06,6,0.05,1,0.1,200,1000,1,0,10,446.172881355932,44.5172881355932,0.295,295,TRUE
2,1e+06,6,0.05,1,0.1,200,1000,1,0,10,424.066037735849,42.3066037735849,0.636,636,TRUE
2.1,1e+06,6,0.05,1,0.1,200,1000,1,0,10,393.430082256169,39.2430082256169,0.851,851,TRUE
2.2,1e+06,6,0.05,1,0.1,200,1000,1,0,10,363.00752688172,36.200752688172,0.93,930,TRUE
2.3,1e+06,6,0.05,1,0.1,200,1000,1,0,10,337.183943089431,33.6183943089431,0.984,984,TRUE
2.4,1e+06,6,0.05,1,0.1,200,1000,1,0,10,316.344064386318,31.5344064386318,0.994,994,TRUE
2.5,1e+06,6,0.05,1,0.1,200,1000,1,0,10,301.04112337011,30.004112337011,0.997,997,TRUE
2.6,1e+06,6,0.05,1,0.1,200,1000,1,0,10,285.618618618619,28.4618618618619,0.999,999,TRUE
2.7,1e+06,6,0.05,1,0.1,200,1000,1,0,10,272.499,27.1499,1,1000,TRUE
2.8,1e+06,6,0.05,1,0.1,200,1000,1,0,10,264.28,26.328,1,1000,TRUE
2.9,1e+06,6,0.05,1,0.1,200,1000,1,0,10,256.516,25.5516,1,1000,TRUE
3,1e+06,6,0.05,1,0.1,200,1000,1,0,10,247.511,24.6511,1,1000,TRUE
3.1,1e+06,6,0.05,1,0.1,200,1000,1,0,10,239.964,23.8964,1,1000,TRUE
3.2,1e+06,6,0.05,1,0.1,200,1000,1,0,10,235.161,23.4161,1,1000,TRUE
3.3,1e+06,6,0.05,1,0.1,200,1000,1,0,10,230.51,22.951,1,1000,TRUE
3.4,1e+06,6,0.05,1,0.1,200,1000,1,0,10,225.426,22.4426,1,1000,TRUE
3.5,1e+06,6,0.05,1,0.1,200,1000,1,0,10,221.095,22.0095,1,1000,TRUE
3.6,1e+06,6,0.05,1,0.1,200,1000,1,0,10,217.651,21.6651,1,1000,TRUE
3.7,1e+06,6,0.05,1,0.1,200,1000,1,0,10,213.307,21.2307,1,1000,TRUE
3.8,1e+06,6,0.05,1,0.1,200,1000,1,0,10,209.812,20.8812,1,1000,TRUE
3.9,1e+06,6,0.05,1,0.1,200,1000,1,0,10,207.779,20.6779,1,1000,TRUE
4,1e+06,6,0.05,1,0.1,200,1000,1,0,10,204.526,20.3526,1,1000,TRUE
4.1,1e+06,6,0.05,1,0.1,200,1000,1,0,10,202.403,20.1403,1,1000,TRUE
4.2,1e+06,6,0.05,1,0.1,200,1000,1,0,10,199.659,19.8659,1,1000,TRUE
4.3,1e+06,6,0.05,1,0.1,200,1000,1,0,10,197.676,19.6676,1,1000,TRUE
4.4,1e+06,6,0.05,1,0.1,200,1000,1,0,10,195.963,19.4963,1,1000,TRUE
4.5,1e+06,6,0.05,1,0.1,200,1000,1,0,10,194.015,19.3015,1,1000,TRUE
4.6,1e+06,6,0.05,1,0.1,200,1000,1,0,10,192.468,19.1468,1,1000,TRUE
4.7,1e+06,6,0.05,1,0.1,200,1000,1,0,10,191.027,19.0027,1,1000,TRUE
4.8,1e+06,6,0.05,1,0.1,200,1000,1,0,10,189.119,18.8119,1,1000,TRUE
4.9,1e+06,6,0.05,1,0.1,200,1000,1,0,10,188.178,18.7178,1,1000,TRUE
5,1e+06,6,0.05,1,0.1,200,1000,1,0,10,186.266,18.5266,1,1000,TRUE
1.1,1000,3,0.1,1,0.1,200,1000,1,0,10,284.933,28.3933,1,1000,TRUE
1.2,1000,3,0.1,1,0.1,200,1000,1,0,10,387.528528528529,38.6528528528529,0.999,999,TRUE
1.3,1000,3,0.1,1,0.1,200,1000,1,0,10,432.434170854271,43.1434170854271,0.995,995,TRUE
1.4,1000,3,0.1,1,0.1,200,1000,1,0,10,463.149646107179,46.2149646107179,0.989,989,TRUE
1.5,1000,3,0.1,1,0.1,200,1000,1,0,10,432.526849037487,43.1526849037487,0.987,987,TRUE
1.6,1000,3,0.1,1,0.1,200,1000,1,0,10,377.596348884381,37.6596348884381,0.986,986,TRUE
1.7,1000,3,0.1,1,0.1,200,1000,1,0,10,336.111782477341,33.5111782477341,0.993,993,TRUE
1.8,1000,3,0.1,1,0.1,200,1000,1,0,10,279.931382441978,27.8931382441978,0.991,991,TRUE
1.9,1000,3,0.1,1,0.1,200,1000,1,0,10,237.706118355065,23.6706118355065,0.997,997,TRUE
2,1000,3,0.1,1,0.1,200,1000,1,0,10,205.834834834835,20.4834834834835,0.999,999,TRUE
2.1,1000,3,0.1,1,0.1,200,1000,1,0,10,188.306306306306,18.7306306306306,0.999,999,TRUE
2.2,1000,3,0.1,1,0.1,200,1000,1,0,10,168.618,16.7618,1,1000,TRUE
2.3,1000,3,0.1,1,0.1,200,1000,1,0,10,155.95995995996,15.495995995996,0.999,999,TRUE
2.4,1000,3,0.1,1,0.1,200,1000,1,0,10,149.474,14.8474,1,1000,TRUE
2.5,1000,3,0.1,1,0.1,200,1000,1,0,10,141.225,14.0225,1,1000,TRUE
2.6,1000,3,0.1,1,0.1,200,1000,1,0,10,135.724,13.4724,1,1000,TRUE
2.7,1000,3,0.1,1,0.1,200,1000,1,0,10,132.252,13.1252,1,1000,TRUE
2.8,1000,3,0.1,1,0.1,200,1000,1,0,10,126.364,12.5364,1,1000,TRUE
2.9,1000,3,0.1,1,0.1,200,1000,1,0,10,123.25,12.225,1,1000,TRUE
3,1000,3,0.1,1,0.1,200,1000,1,0,10,121.54,12.054,1,1000,TRUE
3.1,1000,3,0.1,1,0.1,200,1000,1,0,10,119.002,11.8002,1,1000,TRUE
3.2,1000,3,0.1,1,0.1,200,1000,1,0,10,114.997,11.3997,1,1000,TRUE
3.3,1000,3,0.1,1,0.1,200,1000,1,0,10,112.792,11.1792,1,1000,TRUE
3.4,1000,3,0.1,1,0.1,200,1000,1,0,10,110.8,10.98,1,1000,TRUE
3.5,1000,3,0.1,1,0.1,200,1000,1,0,10,109.774,10.8774,1,1000,TRUE
3.6,1000,3,0.1,1,0.1,200,1000,1,0,10,108.697,10.7697,1,1000,TRUE
3.7,1000,3,0.1,1,0.1,200,1000,1,0,10,105.948,10.4948,1,1000,TRUE
3.8,1000,3,0.1,1,0.1,200,1000,1,0,10,105.063,10.4063,1,1000,TRUE
3.9,1000,3,0.1,1,0.1,200,1000,1,0,10,103.411,10.2411,1,1000,TRUE
4,1000,3,0.1,1,0.1,200,1000,1,0,10,101.812,10.0812,1,1000,TRUE
4.1,1000,3,0.1,1,0.1,200,1000,1,0,10,101.245,10.0245,1,1000,TRUE
4.2,1000,3,0.1,1,0.1,200,1000,1,0,10,100.24,9.924,1,1000,TRUE
4.3,1000,3,0.1,1,0.1,200,1000,1,0,10,98.73,9.773,1,1000,TRUE
4.4,1000,3,0.1,1,0.1,200,1000,1,0,10,98.738,9.7738,1,1000,TRUE
4.5,1000,3,0.1,1,0.1,200,1000,1,0,10,97.197,9.6197,1,1000,TRUE
4.6,1000,3,0.1,1,0.1,200,1000,1,0,10,97.367,9.6367,1,1000,TRUE
4.7,1000,3,0.1,1,0.1,200,1000,1,0,10,96.475,9.5475,1,1000,TRUE
4.8,1000,3,0.1,1,0.1,200,1000,1,0,10,95.476,9.4476,1,1000,TRUE
4.9,1000,3,0.1,1,0.1,200,1000,1,0,10,95.339,9.4339,1,1000,TRUE
5,1000,3,0.1,1,0.1,200,1000,1,0,10,94.629,9.3629,1,1000,TRUE
1.1,1778.27941003892,3.25,0.1,1,0.1,200,1000,1,0,10,426.346733668342,42.5346733668342,0.995,995,TRUE
1.2,1778.27941003892,3.25,0.1,1,0.1,200,1000,1,0,10,643.879074658254,64.2879074658255,0.951,951,TRUE
1.3,1778.27941003892,3.25,0.1,1,0.1,200,1000,1,0,10,692.727168949772,69.1727168949772,0.876,876,TRUE
1.4,1778.27941003892,3.25,0.1,1,0.1,200,1000,1,0,10,671.40943877551,67.040943877551,0.784,784,TRUE
1.5,1778.27941003892,3.25,0.1,1,0.1,200,1000,1,0,10,629.544863459038,62.8544863459038,0.769,769,TRUE
1.6,1778.27941003892,3.25,0.1,1,0.1,200,1000,1,0,10,483.177639751553,48.2177639751553,0.805,805,TRUE
1.7,1778.27941003892,3.25,0.1,1,0.1,200,1000,1,0,10,431.498245614035,43.0498245614035,0.855,855,TRUE
1.8,1778.27941003892,3.25,0.1,1,0.1,200,1000,1,0,10,363.266443701226,36.2266443701226,0.897,897,TRUE
1.9,1778.27941003892,3.25,0.1,1,0.1,200,1000,1,0,10,299.017185821697,29.8017185821697,0.931,931,TRUE
2,1778.27941003892,3.25,0.1,1,0.1,200,1000,1,0,10,259.429460580913,25.8429460580913,0.964,964,TRUE
2.1,1778.27941003892,3.25,0.1,1,0.1,200,1000,1,0,10,228.377823408624,22.7377823408624,0.974,974,TRUE
2.2,1778.27941003892,3.25,0.1,1,0.1,200,1000,1,0,10,202.849037487335,20.1849037487335,0.987,987,TRUE
2.3,1778.27941003892,3.25,0.1,1,0.1,200,1000,1,0,10,184.539235412475,18.3539235412475,0.994,994,TRUE
2.4,1778.27941003892,3.25,0.1,1,0.1,200,1000,1,0,10,173.571142284569,17.2571142284569,0.998,998,TRUE
2.5,1778.27941003892,3.25,0.1,1,0.1,200,1000,1,0,10,159.315315315315,15.8315315315315,0.999,999,TRUE
2.6,1778.27941003892,3.25,0.1,1,0.1,200,1000,1,0,10,153.148,15.2148,1,1000,TRUE
2.7,1778.27941003892,3.25,0.1,1,0.1,200,1000,1,0,10,143.533,14.2533,1,1000,TRUE
2.8,1778.27941003892,3.25,0.1,1,0.1,200,1000,1,0,10,138.104,13.7104,1,1000,TRUE
2.9,1778.27941003892,3.25,0.1,1,0.1,200,1000,1,0,10,137.693,13.6693,1,1000,TRUE
3,1778.27941003892,3.25,0.1,1,0.1,200,1000,1,0,10,131.027,13.0027,1,1000,TRUE
3.1,1778.27941003892,3.25,0.1,1,0.1,200,1000,1,0,10,128.508,12.7508,1,1000,TRUE
3.2,1778.27941003892,3.25,0.1,1,0.1,200,1000,1,0,10,127.087,12.6087,1,1000,TRUE
3.3,1778.27941003892,3.25,0.1,1,0.1,200,1000,1,0,10,123.126,12.2126,1,1000,TRUE
3.4,1778.27941003892,3.25,0.1,1,0.1,200,1000,1,0,10,120.565,11.9565,1,1000,TRUE
3.5,1778.27941003892,3.25,0.1,1,0.1,200,1000,1,0,10,118.978,11.7978,1,1000,TRUE
3.6,1778.27941003892,3.25,0.1,1,0.1,200,1000,1,0,10,117.588,11.6588,1,1000,TRUE
3.7,1778.27941003892,3.25,0.1,1,0.1,200,1000,1,0,10,115.922,11.4922,1,1000,TRUE
3.8,1778.27941003892,3.25,0.1,1,0.1,200,1000,1,0,10,114.044,11.3044,1,1000,TRUE
3.9,1778.27941003892,3.25,0.1,1,0.1,200,1000,1,0,10,112.78,11.178,1,1000,TRUE
4,1778.27941003892,3.25,0.1,1,0.1,200,1000,1,0,10,110.666,10.9666,1,1000,TRUE
4.1,1778.27941003892,3.25,0.1,1,0.1,200,1000,1,0,10,110.028,10.9028,1,1000,TRUE
4.2,1778.27941003892,3.25,0.1,1,0.1,200,1000,1,0,10,108.655,10.7655,1,1000,TRUE
4.3,1778.27941003892,3.25,0.1,1,0.1,200,1000,1,0,10,108.571,10.7571,1,1000,TRUE
4.4,1778.27941003892,3.25,0.1,1,0.1,200,1000,1,0,10,107.46,10.646,1,1000,TRUE
4.5,1778.27941003892,3.25,0.1,1,0.1,200,1000,1,0,10,106.621,10.5621,1,1000,TRUE
4.6,1778.27941003892,3.25,0.1,1,0.1,200,1000,1,0,10,105.517,10.4517,1,1000,TRUE
4.7,1778.27941003892,3.25,0.1,1,0.1,200,1000,1,0,10,104.024,10.3024,1,1000,TRUE
4.8,1778.27941003892,3.25,0.1,1,0.1,200,1000,1,0,10,104.141,10.3141,1,1000,TRUE
4.9,1778.27941003892,3.25,0.1,1,0.1,200,1000,1,0,10,103.163,10.2163,1,1000,TRUE
5,1778.27941003892,3.25,0.1,1,0.1,200,1000,1,0,10,103.007,10.2007,1,1000,TRUE
1.1,3162.27766016838,3.5,0.1,1,0.1,200,1000,1,0,10,647.267403314917,64.6267403314917,0.905,905,TRUE
1.2,3162.27766016838,3.5,0.1,1,0.1,200,1000,1,0,10,822.76779661017,82.176779661017,0.59,590,TRUE
1.3,3162.27766016838,3.5,0.1,1,0.1,200,1000,1,0,10,703.377260981912,70.2377260981912,0.387,387,TRUE
1.4,3162.27766016838,3.5,0.1,1,0.1,200,1000,1,0,10,645.092879256966,64.4092879256966,0.323,323,TRUE
1.5,3162.27766016838,3.5,0.1,1,0.1,200,1000,1,0,10,530.204402515723,52.9204402515723,0.318,318,TRUE
1.6,3162.27766016838,3.5,0.1,1,0.1,200,1000,1,0,10,424.161445783133,42.3161445783133,0.415,415,TRUE
1.7,3162.27766016838,3.5,0.1,1,0.1,200,1000,1,0,10,374.035714285714,37.3035714285714,0.532,532,TRUE
1.8,3162.27766016838,3.5,0.1,1,0.1,200,1000,1,0,10,327.090189873418,32.6090189873418,0.632,632,TRUE
1.9,3162.27766016838,3.5,0.1,1,0.1,200,1000,1,0,10,279.633879781421,27.8633879781421,0.732,732,TRUE
2,3162.27766016838,3.5,0.1,1,0.1,200,1000,1,0,10,272.466091245376,27.1466091245376,0.811,811,TRUE
2.1,3162.27766016838,3.5,0.1,1,0.1,200,1000,1,0,10,231.494926719278,23.0494926719278,0.887,887,TRUE
2.2,3162.27766016838,3.5,0.1,1,0.1,200,1000,1,0,10,199.332261521972,19.8332261521972,0.933,933,TRUE
2.3,3162.27766016838,3.5,0.1,1,0.1,200,1000,1,0,10,197.884133611691,19.6884133611691,0.958,958,TRUE
2.4,3162.27766016838,3.5,0.1,1,0.1,200,1000,1,0,10,190.68,18.968,0.975,975,TRUE
2.5,3162.27766016838,3.5,0.1,1,0.1,200,1000,1,0,10,174.220766129032,17.3220766129032,0.992,992,TRUE
2.6,3162.27766016838,3.5,0.1,1,0.1,200,1000,1,0,10,165.690452261307,16.4690452261307,0.995,995,TRUE
2.7,3162.27766016838,3.5,0.1,1,0.1,200,1000,1,0,10,159.969849246231,15.8969849246231,0.995,995,TRUE
2.8,3162.27766016838,3.5,0.1,1,0.1,200,1000,1,0,10,152.590361445783,15.1590361445783,0.996,996,TRUE
2.9,3162.27766016838,3.5,0.1,1,0.1,200,1000,1,0,10,149.833833833834,14.8833833833834,0.999,999,TRUE
3,3162.27766016838,3.5,0.1,1,0.1,200,1000,1,0,10,144.037,14.3037,1,1000,TRUE
3.1,3162.27766016838,3.5,0.1,1,0.1,200,1000,1,0,10,139.684,13.8684,1,1000,TRUE
3.2,3162.27766016838,3.5,0.1,1,0.1,200,1000,1,0,10,136.966,13.5966,1,1000,TRUE
3.3,3162.27766016838,3.5,0.1,1,0.1,200,1000,1,0,10,133.56,13.256,1,1000,TRUE
3.4,3162.27766016838,3.5,0.1,1,0.1,200,1000,1,0,10,131.595,13.0595,1,1000,TRUE
3.5,3162.27766016838,3.5,0.1,1,0.1,200,1000,1,0,10,128.765,12.7765,1,1000,TRUE
3.6,3162.27766016838,3.5,0.1,1,0.1,200,1000,1,0,10,127.239,12.6239,1,1000,TRUE
3.7,3162.27766016838,3.5,0.1,1,0.1,200,1000,1,0,10,124.094,12.3094,1,1000,TRUE
3.8,3162.27766016838,3.5,0.1,1,0.1,200,1000,1,0,10,122.917,12.1917,1,1000,TRUE
3.9,3162.27766016838,3.5,0.1,1,0.1,200,1000,1,0,10,121.802,12.0802,1,1000,TRUE
4,3162.27766016838,3.5,0.1,1,0.1,200,1000,1,0,10,120.738,11.9738,1,1000,TRUE
4.1,3162.27766016838,3.5,0.1,1,0.1,200,1000,1,0,10,118.171,11.7171,1,1000,TRUE
4.2,3162.27766016838,3.5,0.1,1,0.1,200,1000,1,0,10,116.926,11.5926,1,1000,TRUE
4.3,3162.27766016838,3.5,0.1,1,0.1,200,1000,1,0,10,116.306,11.5306,1,1000,TRUE
4.4,3162.27766016838,3.5,0.1,1,0.1,200,1000,1,0,10,115.004,11.4004,1,1000,TRUE
4.5,3162.27766016838,3.5,0.1,1,0.1,200,1000,1,0,10,113.976,11.2976,1,1000,TRUE
4.6,3162.27766016838,3.5,0.1,1,0.1,200,1000,1,0,10,112.787,11.1787,1,1000,TRUE
4.7,3162.27766016838,3.5,0.1,1,0.1,200,1000,1,0,10,111.809,11.0809,1,1000,TRUE
4.8,3162.27766016838,3.5,0.1,1,0.1,200,1000,1,0,10,111.968,11.0968,1,1000,TRUE
4.9,3162.27766016838,3.5,0.1,1,0.1,200,1000,1,0,10,110.825,10.9825,1,1000,TRUE
5,3162.27766016838,3.5,0.1,1,0.1,200,1000,1,0,10,110.135,10.9135,1,1000,TRUE
1.1,5623.41325190349,3.75,0.1,1,0.1,200,1000,1,0,10,635.193262411348,63.4193262411348,0.564,564,TRUE
1.2,5623.41325190349,3.75,0.1,1,0.1,200,1000,1,0,10,334.17816091954,33.317816091954,0.174,174,TRUE
1.3,5623.41325190349,3.75,0.1,1,0.1,200,1000,1,0,10,260.422222222222,25.9422222222222,0.09,90,TRUE
1.4,5623.41325190349,3.75,0.1,1,0.1,200,1000,1,0,10,299.609195402299,29.8609195402299,0.087,87,TRUE
1.5,5623.41325190349,3.75,0.1,1,0.1,200,1000,1,0,10,259.378048780488,25.8378048780488,0.082,82,TRUE
1.6,5623.41325190349,3.75,0.1,1,0.1,200,1000,1,0,10,333.929078014184,33.2929078014184,0.141,141,TRUE
1.7,5623.41325190349,3.75,0.1,1,0.1,200,1000,1,0,10,280.478632478633,27.9478632478633,0.234,234,TRUE
1.8,5623.41325190349,3.75,0.1,1,0.1,200,1000,1,0,10,268.432360742706,26.7432360742706,0.377,377,TRUE
1.9,5623.41325190349,3.75,0.1,1,0.1,200,1000,1,0,10,262.853174603175,26.1853174603175,0.504,504,TRUE
2,5623.41325190349,3.75,0.1,1,0.1,200,1000,1,0,10,247.280757097792,24.6280757097792,0.634,634,TRUE
2.1,5623.41325190349,3.75,0.1,1,0.1,200,1000,1,0,10,232.190168175938,23.1190168175938,0.773,773,TRUE
2.2,5623.41325190349,3.75,0.1,1,0.1,200,1000,1,0,10,217.154651162791,21.6154651162791,0.86,860,TRUE
2.3,5623.41325190349,3.75,0.1,1,0.1,200,1000,1,0,10,210.386138613861,20.9386138613861,0.909,909,TRUE
2.4,5623.41325190349,3.75,0.1,1,0.1,200,1000,1,0,10,195.32206969377,19.432206969377,0.947,947,TRUE
2.5,5623.41325190349,3.75,0.1,1,0.1,200,1000,1,0,10,186.019607843137,18.5019607843137,0.969,969,TRUE
2.6,5623.41325190349,3.75,0.1,1,0.1,200,1000,1,0,10,177.199592668024,17.6199592668024,0.982,982,TRUE
2.7,5623.41325190349,3.75,0.1,1,0.1,200,1000,1,0,10,173.286004056795,17.2286004056795,0.986,986,TRUE
2.8,5623.41325190349,3.75,0.1,1,0.1,200,1000,1,0,10,166.375751503006,16.5375751503006,0.998,998,TRUE
2.9,5623.41325190349,3.75,0.1,1,0.1,200,1000,1,0,10,161.271271271271,16.0271271271271,0.999,999,TRUE
3,5623.41325190349,3.75,0.1,1,0.1,200,1000,1,0,10,156.039039039039,15.5039039039039,0.999,999,TRUE
3.1,5623.41325190349,3.75,0.1,1,0.1,200,1000,1,0,10,151.534534534535,15.0534534534535,0.999,999,TRUE
3.2,5623.41325190349,3.75,0.1,1,0.1,200,1000,1,0,10,146.808,14.5808,1,1000,TRUE
3.3,5623.41325190349,3.75,0.1,1,0.1,200,1000,1,0,10,145.097,14.4097,1,1000,TRUE
3.4,5623.41325190349,3.75,0.1,1,0.1,200,1000,1,0,10,141.751,14.0751,1,1000,TRUE
3.5,5623.41325190349,3.75,0.1,1,0.1,200,1000,1,0,10,138.784,13.7784,1,1000,TRUE
3.6,5623.41325190349,3.75,0.1,1,0.1,200,1000,1,0,10,136.241,13.5241,1,1000,TRUE
3.7,5623.41325190349,3.75,0.1,1,0.1,200,1000,1,0,10,134.289,13.3289,1,1000,TRUE
3.8,5623.41325190349,3.75,0.1,1,0.1,200,1000,1,0,10,132.165,13.1165,1,1000,TRUE
3.9,5623.41325190349,3.75,0.1,1,0.1,200,1000,1,0,10,131.421,13.0421,1,1000,TRUE
4,5623.41325190349,3.75,0.1,1,0.1,200,1000,1,0,10,128.706,12.7706,1,1000,TRUE
4.1,5623.41325190349,3.75,0.1,1,0.1,200,1000,1,0,10,128.432,12.7432,1,1000,TRUE
4.2,5623.41325190349,3.75,0.1,1,0.1,200,1000,1,0,10,125.913,12.4913,1,1000,TRUE
4.3,5623.41325190349,3.75,0.1,1,0.1,200,1000,1,0,10,123.857,12.2857,1,1000,TRUE
4.4,5623.41325190349,3.75,0.1,1,0.1,200,1000,1,0,10,123.01,12.201,1,1000,TRUE
4.5,5623.41325190349,3.75,0.1,1,0.1,200,1000,1,0,10,122.942,12.1942,1,1000,TRUE
4.6,5623.41325190349,3.75,0.1,1,0.1,200,1000,1,0,10,121.239,12.0239,1,1000,TRUE
4.7,5623.41325190349,3.75,0.1,1,0.1,200,1000,1,0,10,120.565,11.9565,1,1000,TRUE
4.8,5623.41325190349,3.75,0.1,1,0.1,200,1000,1,0,10,120.279,11.9279,1,1000,TRUE
4.9,5623.41325190349,3.75,0.1,1,0.1,200,1000,1,0,10,118.872,11.7872,1,1000,TRUE
5,5623.41325190349,3.75,0.1,1,0.1,200,1000,1,0,10,117.817,11.6817,1,1000,TRUE
1.1,10000,4,0.1,1,0.1,200,1000,1,0,10,197.36013986014,19.636013986014,0.286,286,TRUE
1.2,10000,4,0.1,1,0.1,200,1000,1,0,10,78.1885245901639,7.71885245901639,0.122,122,TRUE
1.3,10000,4,0.1,1,0.1,200,1000,1,0,10,51.4915254237288,5.04915254237288,0.059,59,TRUE
1.4,10000,4,0.1,1,0.1,200,1000,1,0,10,63.4473684210526,6.24473684210526,0.038,38,TRUE
1.5,10000,4,0.1,1,0.1,200,1000,1,0,10,100.083333333333,9.90833333333333,0.036,36,TRUE
1.6,10000,4,0.1,1,0.1,200,1000,1,0,10,232.526315789474,23.1526315789474,0.038,38,TRUE
1.7,10000,4,0.1,1,0.1,200,1000,1,0,10,274.868421052632,27.3868421052632,0.076,76,TRUE
1.8,10000,4,0.1,1,0.1,200,1000,1,0,10,276.45625,27.545625,0.16,160,TRUE
1.9,10000,4,0.1,1,0.1,200,1000,1,0,10,266.236666666667,26.5236666666667,0.3,300,TRUE
2,10000,4,0.1,1,0.1,200,1000,1,0,10,252.773148148148,25.1773148148148,0.432,432,TRUE
2.1,10000,4,0.1,1,0.1,200,1000,1,0,10,245.273170731707,24.4273170731707,0.615,615,TRUE
2.2,10000,4,0.1,1,0.1,200,1000,1,0,10,232.705801104972,23.1705801104972,0.724,724,TRUE
2.3,10000,4,0.1,1,0.1,200,1000,1,0,10,219.803121248499,21.8803121248499,0.833,833,TRUE
2.4,10000,4,0.1,1,0.1,200,1000,1,0,10,213.409090909091,21.2409090909091,0.902,902,TRUE
2.5,10000,4,0.1,1,0.1,200,1000,1,0,10,199.929861849097,19.8929861849097,0.941,941,TRUE
2.6,10000,4,0.1,1,0.1,200,1000,1,0,10,192.664953751285,19.1664953751285,0.973,973,TRUE
2.7,10000,4,0.1,1,0.1,200,1000,1,0,10,186.168699186992,18.5168699186992,0.984,984,TRUE
2.8,10000,4,0.1,1,0.1,200,1000,1,0,10,177.877281947262,17.6877281947262,0.986,986,TRUE
2.9,10000,4,0.1,1,0.1,200,1000,1,0,10,172.012048192771,17.1012048192771,0.996,996,TRUE
3,10000,4,0.1,1,0.1,200,1000,1,0,10,167.583583583584,16.6583583583584,0.999,999,TRUE
3.1,10000,4,0.1,1,0.1,200,1000,1,0,10,162.513513513514,16.1513513513514,0.999,999,TRUE
3.2,10000,4,0.1,1,0.1,200,1000,1,0,10,160.87,15.987,1,1000,TRUE
3.3,10000,4,0.1,1,0.1,200,1000,1,0,10,154.914,15.3914,1,1000,TRUE
3.4,10000,4,0.1,1,0.1,200,1000,1,0,10,152.075,15.1075,1,1000,TRUE
3.5,10000,4,0.1,1,0.1,200,1000,1,0,10,148.566,14.7566,1,1000,TRUE
3.6,10000,4,0.1,1,0.1,200,1000,1,0,10,145.214,14.4214,1,1000,TRUE
3.7,10000,4,0.1,1,0.1,200,1000,1,0,10,143.76,14.276,1,1000,TRUE
3.8,10000,4,0.1,1,0.1,200,1000,1,0,10,142.131,14.1131,1,1000,TRUE
3.9,10000,4,0.1,1,0.1,200,1000,1,0,10,139.252,13.8252,1,1000,TRUE
4,10000,4,0.1,1,0.1,200,1000,1,0,10,137.878,13.6878,1,1000,TRUE
4.1,10000,4,0.1,1,0.1,200,1000,1,0,10,136.252,13.5252,1,1000,TRUE
4.2,10000,4,0.1,1,0.1,200,1000,1,0,10,135.092,13.4092,1,1000,TRUE
4.3,10000,4,0.1,1,0.1,200,1000,1,0,10,133.077,13.2077,1,1000,TRUE
4.4,10000,4,0.1,1,0.1,200,1000,1,0,10,131.544,13.0544,1,1000,TRUE
4.5,10000,4,0.1,1,0.1,200,1000,1,0,10,130.057,12.9057,1,1000,TRUE
4.6,10000,4,0.1,1,0.1,200,1000,1,0,10,129,12.8,1,1000,TRUE
4.7,10000,4,0.1,1,0.1,200,1000,1,0,10,128.5,12.75,1,1000,TRUE
4.8,10000,4,0.1,1,0.1,200,1000,1,0,10,127.915,12.6915,1,1000,TRUE
4.9,10000,4,0.1,1,0.1,200,1000,1,0,10,126.486,12.5486,1,1000,TRUE
5,10000,4,0.1,1,0.1,200,1000,1,0,10,125.702,12.4702,1,1000,TRUE
1.1,17782.7941003892,4.25,0.1,1,0.1,200,1000,1,0,10,82.5655737704918,8.15655737704918,0.244,244,TRUE
1.2,17782.7941003892,4.25,0.1,1,0.1,200,1000,1,0,10,66.1785714285714,6.51785714285714,0.112,112,TRUE
1.3,17782.7941003892,4.25,0.1,1,0.1,200,1000,1,0,10,42.0535714285714,4.10535714285714,0.056,56,TRUE
1.4,17782.7941003892,4.25,0.1,1,0.1,200,1000,1,0,10,38.2,3.72,0.04,40,TRUE
1.5,17782.7941003892,4.25,0.1,1,0.1,200,1000,1,0,10,28.6086956521739,2.76086956521739,0.023,23,TRUE
1.6,17782.7941003892,4.25,0.1,1,0.1,200,1000,1,0,10,55.8181818181818,5.48181818181818,0.011,11,TRUE
1.7,17782.7941003892,4.25,0.1,1,0.1,200,1000,1,0,10,124.266666666667,12.3266666666667,0.015,15,TRUE
1.8,17782.7941003892,4.25,0.1,1,0.1,200,1000,1,0,10,273.527777777778,27.2527777777778,0.036,36,TRUE
1.9,17782.7941003892,4.25,0.1,1,0.1,200,1000,1,0,10,283.357142857143,28.2357142857143,0.112,112,TRUE
2,17782.7941003892,4.25,0.1,1,0.1,200,1000,1,0,10,279.831932773109,27.8831932773109,0.238,238,TRUE
2.1,17782.7941003892,4.25,0.1,1,0.1,200,1000,1,0,10,262.647668393782,26.1647668393782,0.386,386,TRUE
2.2,17782.7941003892,4.25,0.1,1,0.1,200,1000,1,0,10,252.682373472949,25.1682373472949,0.573,573,TRUE
2.3,17782.7941003892,4.25,0.1,1,0.1,200,1000,1,0,10,239.106442577031,23.8106442577031,0.714,714,TRUE
2.4,17782.7941003892,4.25,0.1,1,0.1,200,1000,1,0,10,227.519951632406,22.6519951632406,0.827,827,TRUE
2.5,17782.7941003892,4.25,0.1,1,0.1,200,1000,1,0,10,218.100441501104,21.7100441501104,0.906,906,TRUE
2.6,17782.7941003892,4.25,0.1,1,0.1,200,1000,1,0,10,208.440768409819,20.7440768409819,0.937,937,TRUE
2.7,17782.7941003892,4.25,0.1,1,0.1,200,1000,1,0,10,199.463692946058,19.8463692946058,0.964,964,TRUE
2.8,17782.7941003892,4.25,0.1,1,0.1,200,1000,1,0,10,191.730691056911,19.0730691056911,0.984,984,TRUE
2.9,17782.7941003892,4.25,0.1,1,0.1,200,1000,1,0,10,185.533333333333,18.4533333333333,0.99,990,TRUE
3,17782.7941003892,4.25,0.1,1,0.1,200,1000,1,0,10,182.240201005025,18.1240201005025,0.995,995,TRUE
3.1,17782.7941003892,4.25,0.1,1,0.1,200,1000,1,0,10,174.305611222445,17.3305611222445,0.998,998,TRUE
3.2,17782.7941003892,4.25,0.1,1,0.1,200,1000,1,0,10,170.433734939759,16.9433734939759,0.996,996,TRUE
3.3,17782.7941003892,4.25,0.1,1,0.1,200,1000,1,0,10,164.219438877756,16.3219438877756,0.998,998,TRUE
3.4,17782.7941003892,4.25,0.1,1,0.1,200,1000,1,0,10,162.978,16.1978,1,1000,TRUE
3.5,17782.7941003892,4.25,0.1,1,0.1,200,1000,1,0,10,158.501,15.7501,1,1000,TRUE
3.6,17782.7941003892,4.25,0.1,1,0.1,200,1000,1,0,10,156.515,15.5515,1,1000,TRUE
3.7,17782.7941003892,4.25,0.1,1,0.1,200,1000,1,0,10,153.942,15.2942,1,1000,TRUE
3.8,17782.7941003892,4.25,0.1,1,0.1,200,1000,1,0,10,151.897,15.0897,1,1000,TRUE
3.9,17782.7941003892,4.25,0.1,1,0.1,200,1000,1,0,10,150.038,14.9038,1,1000,TRUE
4,17782.7941003892,4.25,0.1,1,0.1,200,1000,1,0,10,146.36,14.536,1,1000,TRUE
4.1,17782.7941003892,4.25,0.1,1,0.1,200,1000,1,0,10,144.254,14.3254,1,1000,TRUE
4.2,17782.7941003892,4.25,0.1,1,0.1,200,1000,1,0,10,143.369,14.2369,1,1000,TRUE
4.3,17782.7941003892,4.25,0.1,1,0.1,200,1000,1,0,10,141.366,14.0366,1,1000,TRUE
4.4,17782.7941003892,4.25,0.1,1,0.1,200,1000,1,0,10,140.127,13.9127,1,1000,TRUE
4.5,17782.7941003892,4.25,0.1,1,0.1,200,1000,1,0,10,139.076,13.8076,1,1000,TRUE
4.6,17782.7941003892,4.25,0.1,1,0.1,200,1000,1,0,10,137.695,13.6695,1,1000,TRUE
4.7,17782.7941003892,4.25,0.1,1,0.1,200,1000,1,0,10,136.606,13.5606,1,1000,TRUE
4.8,17782.7941003892,4.25,0.1,1,0.1,200,1000,1,0,10,134.957,13.3957,1,1000,TRUE
4.9,17782.7941003892,4.25,0.1,1,0.1,200,1000,1,0,10,134.417,13.3417,1,1000,TRUE
5,17782.7941003892,4.25,0.1,1,0.1,200,1000,1,0,10,133.989,13.2989,1,1000,TRUE
1.1,31622.7766016838,4.5,0.1,1,0.1,200,1000,1,0,10,89.638783269962,8.8638783269962,0.263,263,TRUE
1.2,31622.7766016838,4.5,0.1,1,0.1,200,1000,1,0,10,67.219298245614,6.6219298245614,0.114,114,TRUE
1.3,31622.7766016838,4.5,0.1,1,0.1,200,1000,1,0,10,54.6507936507937,5.36507936507937,0.063,63,TRUE
1.4,31622.7766016838,4.5,0.1,1,0.1,200,1000,1,0,10,42.4857142857143,4.14857142857143,0.035,35,TRUE
1.5,31622.7766016838,4.5,0.1,1,0.1,200,1000,1,0,10,36.9473684210526,3.59473684210526,0.019,19,TRUE
1.6,31622.7766016838,4.5,0.1,1,0.1,200,1000,1,0,10,26.4615384615385,2.54615384615385,0.013,13,TRUE
1.7,31622.7766016838,4.5,0.1,1,0.1,200,1000,1,0,10,35.8,3.48,0.01,10,TRUE
1.8,31622.7766016838,4.5,0.1,1,0.1,200,1000,1,0,10,138.8,13.78,0.005,5,TRUE
1.9,31622.7766016838,4.5,0.1,1,0.1,200,1000,1,0,10,277.777777777778,27.6777777777778,0.018,18,TRUE
2,31622.7766016838,4.5,0.1,1,0.1,200,1000,1,0,10,289.922077922078,28.8922077922078,0.077,77,TRUE
2.1,31622.7766016838,4.5,0.1,1,0.1,200,1000,1,0,10,278.437185929648,27.7437185929648,0.199,199,TRUE
2.2,31622.7766016838,4.5,0.1,1,0.1,200,1000,1,0,10,268.131016042781,26.7131016042781,0.374,374,TRUE
2.3,31622.7766016838,4.5,0.1,1,0.1,200,1000,1,0,10,259.246323529412,25.8246323529412,0.544,544,TRUE
2.4,31622.7766016838,4.5,0.1,1,0.1,200,1000,1,0,10,246.258019525802,24.5258019525802,0.717,717,TRUE
2.5,31622.7766016838,4.5,0.1,1,0.1,200,1000,1,0,10,236.117216117216,23.5117216117216,0.819,819,TRUE
2.6,31622.7766016838,4.5,0.1,1,0.1,200,1000,1,0,10,225.492358078603,22.4492358078603,0.916,916,TRUE
2.7,31622.7766016838,4.5,0.1,1,0.1,200,1000,1,0,10,215.390139335477,21.4390139335477,0.933,933,TRUE
2.8,31622.7766016838,4.5,0.1,1,0.1,200,1000,1,0,10,206.728305785124,20.5728305785124,0.968,968,TRUE
2.9,31622.7766016838,4.5,0.1,1,0.1,200,1000,1,0,10,199.569105691057,19.8569105691057,0.984,984,TRUE
3,31622.7766016838,4.5,0.1,1,0.1,200,1000,1,0,10,192.705465587045,19.1705465587045,0.988,988,TRUE
3.1,31622.7766016838,4.5,0.1,1,0.1,200,1000,1,0,10,186.138554216867,18.5138554216867,0.996,996,TRUE
3.2,31622.7766016838,4.5,0.1,1,0.1,200,1000,1,0,10,182.618236472946,18.1618236472946,0.998,998,TRUE
3.3,31622.7766016838,4.5,0.1,1,0.1,200,1000,1,0,10,177.913,17.6913,1,1000,TRUE
3.4,31622.7766016838,4.5,0.1,1,0.1,200,1000,1,0,10,173.078078078078,17.2078078078078,0.999,999,TRUE
3.5,31622.7766016838,4.5,0.1,1,0.1,200,1000,1,0,10,169.947,16.8947,1,1000,TRUE
3.6,31622.7766016838,4.5,0.1,1,0.1,200,1000,1,0,10,166.291,16.5291,1,1000,TRUE
3.7,31622.7766016838,4.5,0.1,1,0.1,200,1000,1,0,10,163.285,16.2285,1,1000,TRUE
3.8,31622.7766016838,4.5,0.1,1,0.1,200,1000,1,0,10,160.49,15.949,1,1000,TRUE
3.9,31622.7766016838,4.5,0.1,1,0.1,200,1000,1,0,10,157.562,15.6562,1,1000,TRUE
4,31622.7766016838,4.5,0.1,1,0.1,200,1000,1,0,10,156.96,15.596,1,1000,TRUE
4.1,31622.7766016838,4.5,0.1,1,0.1,200,1000,1,0,10,153.208,15.2208,1,1000,TRUE
4.2,31622.7766016838,4.5,0.1,1,0.1,200,1000,1,0,10,151.18,15.018,1,1000,TRUE
4.3,31622.7766016838,4.5,0.1,1,0.1,200,1000,1,0,10,150.244,14.9244,1,1000,TRUE
4.4,31622.7766016838,4.5,0.1,1,0.1,200,1000,1,0,10,148.424,14.7424,1,1000,TRUE
4.5,31622.7766016838,4.5,0.1,1,0.1,200,1000,1,0,10,147.187,14.6187,1,1000,TRUE
4.6,31622.7766016838,4.5,0.1,1,0.1,200,1000,1,0,10,145.635,14.4635,1,1000,TRUE
4.7,31622.7766016838,4.5,0.1,1,0.1,200,1000,1,0,10,144.744,14.3744,1,1000,TRUE
4.8,31622.7766016838,4.5,0.1,1,0.1,200,1000,1,0,10,144.317,14.3317,1,1000,TRUE
4.9,31622.7766016838,4.5,0.1,1,0.1,200,1000,1,0,10,142.761,14.1761,1,1000,TRUE
5,31622.7766016838,4.5,0.1,1,0.1,200,1000,1,0,10,141.54,14.054,1,1000,TRUE
1.1,56234.1325190349,4.75,0.1,1,0.1,200,1000,1,0,10,81.2909836065574,8.02909836065574,0.244,244,TRUE
1.2,56234.1325190349,4.75,0.1,1,0.1,200,1000,1,0,10,57.6601941747573,5.66601941747573,0.103,103,TRUE
1.3,56234.1325190349,4.75,0.1,1,0.1,200,1000,1,0,10,46.0153846153846,4.50153846153846,0.065,65,TRUE
1.4,56234.1325190349,4.75,0.1,1,0.1,200,1000,1,0,10,38.4722222222222,3.74722222222222,0.036,36,TRUE
1.5,56234.1325190349,4.75,0.1,1,0.1,200,1000,1,0,10,29.2592592592593,2.82592592592593,0.027,27,TRUE
1.6,56234.1325190349,4.75,0.1,1,0.1,200,1000,1,0,10,29.7272727272727,2.87272727272727,0.022,22,TRUE
1.7,56234.1325190349,4.75,0.1,1,0.1,200,1000,1,0,10,27.6666666666667,2.66666666666667,0.003,3,TRUE
1.8,56234.1325190349,4.75,0.1,1,0.1,200,1000,1,0,10,18.5,1.75,0.01,10,TRUE
1.9,56234.1325190349,4.75,0.1,1,0.1,200,1000,1,0,10,65,6.4,0.005,5,TRUE
2,56234.1325190349,4.75,0.1,1,0.1,200,1000,1,0,10,232.764705882353,23.1764705882353,0.017,17,TRUE
2.1,56234.1325190349,4.75,0.1,1,0.1,200,1000,1,0,10,300.758620689655,29.9758620689655,0.058,58,TRUE
2.2,56234.1325190349,4.75,0.1,1,0.1,200,1000,1,0,10,287.59375,28.659375,0.192,192,TRUE
2.3,56234.1325190349,4.75,0.1,1,0.1,200,1000,1,0,10,275.686217008798,27.4686217008798,0.341,341,TRUE
2.4,56234.1325190349,4.75,0.1,1,0.1,200,1000,1,0,10,264.814487632509,26.3814487632509,0.566,566,TRUE
2.5,56234.1325190349,4.75,0.1,1,0.1,200,1000,1,0,10,252.669503546099,25.1669503546099,0.705,705,TRUE
2.6,56234.1325190349,4.75,0.1,1,0.1,200,1000,1,0,10,242.780871670702,24.1780871670702,0.826,826,TRUE
2.7,56234.1325190349,4.75,0.1,1,0.1,200,1000,1,0,10,231.199335548173,23.0199335548173,0.903,903,TRUE
2.8,56234.1325190349,4.75,0.1,1,0.1,200,1000,1,0,10,224.726595744681,22.3726595744681,0.94,940,TRUE
2.9,56234.1325190349,4.75,0.1,1,0.1,200,1000,1,0,10,213.518134715026,21.2518134715026,0.965,965,TRUE
3,56234.1325190349,4.75,0.1,1,0.1,200,1000,1,0,10,207.434384537131,20.6434384537131,0.983,983,TRUE
3.1,56234.1325190349,4.75,0.1,1,0.1,200,1000,1,0,10,200.368421052632,19.9368421052632,0.988,988,TRUE
3.2,56234.1325190349,4.75,0.1,1,0.1,200,1000,1,0,10,195.058174523571,19.4058174523571,0.997,997,TRUE
3.3,56234.1325190349,4.75,0.1,1,0.1,200,1000,1,0,10,189.225677031093,18.8225677031093,0.997,997,TRUE
3.4,56234.1325190349,4.75,0.1,1,0.1,200,1000,1,0,10,183.625,18.2625,1,1000,TRUE
3.5,56234.1325190349,4.75,0.1,1,0.1,200,1000,1,0,10,180.053,17.9053,1,1000,TRUE
3.6,56234.1325190349,4.75,0.1,1,0.1,200,1000,1,0,10,177.800800800801,17.6800800800801,0.999,999,TRUE
3.7,56234.1325190349,4.75,0.1,1,0.1,200,1000,1,0,10,173.51,17.251,1,1000,TRUE
3.8,56234.1325190349,4.75,0.1,1,0.1,200,1000,1,0,10,170.87,16.987,1,1000,TRUE
3.9,56234.1325190349,4.75,0.1,1,0.1,200,1000,1,0,10,168.108,16.7108,1,1000,TRUE
4,56234.1325190349,4.75,0.1,1,0.1,200,1000,1,0,10,165.865,16.4865,1,1000,TRUE
4.1,56234.1325190349,4.75,0.1,1,0.1,200,1000,1,0,10,161.69,16.069,1,1000,TRUE
4.2,56234.1325190349,4.75,0.1,1,0.1,200,1000,1,0,10,162.194,16.1194,1,1000,TRUE
4.3,56234.1325190349,4.75,0.1,1,0.1,200,1000,1,0,10,158.847,15.7847,1,1000,TRUE
4.4,56234.1325190349,4.75,0.1,1,0.1,200,1000,1,0,10,157.409,15.6409,1,1000,TRUE
4.5,56234.1325190349,4.75,0.1,1,0.1,200,1000,1,0,10,156.434,15.5434,1,1000,TRUE
4.6,56234.1325190349,4.75,0.1,1,0.1,200,1000,1,0,10,154.403,15.3403,1,1000,TRUE
4.7,56234.1325190349,4.75,0.1,1,0.1,200,1000,1,0,10,153.969,15.2969,1,1000,TRUE
4.8,56234.1325190349,4.75,0.1,1,0.1,200,1000,1,0,10,151.596,15.0596,1,1000,TRUE
4.9,56234.1325190349,4.75,0.1,1,0.1,200,1000,1,0,10,149.909,14.8909,1,1000,TRUE
5,56234.1325190349,4.75,0.1,1,0.1,200,1000,1,0,10,148.406,14.7406,1,1000,TRUE
1.1,1e+05,5,0.1,1,0.1,200,1000,1,0,10,87.6770428015564,8.66770428015564,0.257,257,TRUE
1.2,1e+05,5,0.1,1,0.1,200,1000,1,0,10,61.9909090909091,6.09909090909091,0.11,110,TRUE
1.3,1e+05,5,0.1,1,0.1,200,1000,1,0,10,49.8208955223881,4.88208955223881,0.067,67,TRUE
1.4,1e+05,5,0.1,1,0.1,200,1000,1,0,10,40.5483870967742,3.95483870967742,0.031,31,TRUE
1.5,1e+05,5,0.1,1,0.1,200,1000,1,0,10,27.9333333333333,2.69333333333333,0.015,15,TRUE
1.6,1e+05,5,0.1,1,0.1,200,1000,1,0,10,31.4666666666667,3.04666666666667,0.015,15,TRUE
1.7,1e+05,5,0.1,1,0.1,200,1000,1,0,10,32.2,3.12,0.01,10,TRUE
1.8,1e+05,5,0.1,1,0.1,200,1000,1,0,10,15.2,1.42,0.01,10,TRUE
1.9,1e+05,5,0.1,1,0.1,200,1000,1,0,10,15.6,1.46,0.005,5,TRUE
2,1e+05,5,0.1,1,0.1,200,1000,1,0,10,9,0.8,0.005,5,TRUE
2.1,1e+05,5,0.1,1,0.1,200,1000,1,0,10,172.833333333333,17.1833333333333,0.006,6,TRUE
2.2,1e+05,5,0.1,1,0.1,200,1000,1,0,10,293.675,29.2675,0.04,40,TRUE
2.3,1e+05,5,0.1,1,0.1,200,1000,1,0,10,293.645714285714,29.2645714285714,0.175,175,TRUE
2.4,1e+05,5,0.1,1,0.1,200,1000,1,0,10,279.493506493507,27.8493506493507,0.308,308,TRUE
2.5,1e+05,5,0.1,1,0.1,200,1000,1,0,10,271.771371769384,27.0771371769384,0.503,503,TRUE
2.6,1e+05,5,0.1,1,0.1,200,1000,1,0,10,261.024045261669,26.0024045261669,0.707,707,TRUE
2.7,1e+05,5,0.1,1,0.1,200,1000,1,0,10,249.196319018405,24.8196319018405,0.815,815,TRUE
2.8,1e+05,5,0.1,1,0.1,200,1000,1,0,10,239.896816684962,23.8896816684962,0.911,911,TRUE
2.9,1e+05,5,0.1,1,0.1,200,1000,1,0,10,229.388481675393,22.8388481675393,0.955,955,TRUE
3,1e+05,5,0.1,1,0.1,200,1000,1,0,10,221.735926305015,22.0735926305015,0.977,977,TRUE
3.1,1e+05,5,0.1,1,0.1,200,1000,1,0,10,213.008113590264,21.2008113590264,0.986,986,TRUE
3.2,1e+05,5,0.1,1,0.1,200,1000,1,0,10,207.063316582915,20.6063316582915,0.995,995,TRUE
3.3,1e+05,5,0.1,1,0.1,200,1000,1,0,10,202.200201207243,20.1200201207243,0.994,994,TRUE
3.4,1e+05,5,0.1,1,0.1,200,1000,1,0,10,196.400801603206,19.5400801603206,0.998,998,TRUE
3.5,1e+05,5,0.1,1,0.1,200,1000,1,0,10,192.346385542169,19.1346385542169,0.996,996,TRUE
3.6,1e+05,5,0.1,1,0.1,200,1000,1,0,10,187.493,18.6493,1,1000,TRUE
3.7,1e+05,5,0.1,1,0.1,200,1000,1,0,10,183.553,18.2553,1,1000,TRUE
3.8,1e+05,5,0.1,1,0.1,200,1000,1,0,10,180.895,17.9895,1,1000,TRUE
3.9,1e+05,5,0.1,1,0.1,200,1000,1,0,10,178.29,17.729,1,1000,TRUE
4,1e+05,5,0.1,1,0.1,200,1000,1,0,10,174.975,17.3975,1,1000,TRUE
4.1,1e+05,5,0.1,1,0.1,200,1000,1,0,10,171.747,17.0747,1,1000,TRUE
4.2,1e+05,5,0.1,1,0.1,200,1000,1,0,10,169.889,16.8889,1,1000,TRUE
4.3,1e+05,5,0.1,1,0.1,200,1000,1,0,10,168.216,16.7216,1,1000,TRUE
4.4,1e+05,5,0.1,1,0.1,200,1000,1,0,10,166.584,16.5584,1,1000,TRUE
4.5,1e+05,5,0.1,1,0.1,200,1000,1,0,10,164.276,16.3276,1,1000,TRUE
4.6,1e+05,5,0.1,1,0.1,200,1000,1,0,10,162.409,16.1409,1,1000,TRUE
4.7,1e+05,5,0.1,1,0.1,200,1000,1,0,10,161.647,16.0647,1,1000,TRUE
4.8,1e+05,5,0.1,1,0.1,200,1000,1,0,10,160.49,15.949,1,1000,TRUE
4.9,1e+05,5,0.1,1,0.1,200,1000,1,0,10,158.208,15.7208,1,1000,TRUE
5,1e+05,5,0.1,1,0.1,200,1000,1,0,10,156.879,15.5879,1,1000,TRUE
1.1,177827.941003892,5.25,0.1,1,0.1,200,1000,1,0,10,78.6309012875536,7.76309012875536,0.233,233,TRUE
1.2,177827.941003892,5.25,0.1,1,0.1,200,1000,1,0,10,54.3636363636364,5.33636363636364,0.099,99,TRUE
1.3,177827.941003892,5.25,0.1,1,0.1,200,1000,1,0,10,48.5,4.75,0.058,58,TRUE
1.4,177827.941003892,5.25,0.1,1,0.1,200,1000,1,0,10,36.2926829268293,3.52926829268293,0.041,41,TRUE
1.5,177827.941003892,5.25,0.1,1,0.1,200,1000,1,0,10,28.7142857142857,2.77142857142857,0.028,28,TRUE
1.6,177827.941003892,5.25,0.1,1,0.1,200,1000,1,0,10,27.5,2.65,0.012,12,TRUE
1.7,177827.941003892,5.25,0.1,1,0.1,200,1000,1,0,10,28.1,2.71,0.01,10,TRUE
1.8,177827.941003892,5.25,0.1,1,0.1,200,1000,1,0,10,27.8,2.68,0.005,5,TRUE
1.9,177827.941003892,5.25,0.1,1,0.1,200,1000,1,0,10,19.8571428571429,1.88571428571429,0.007,7,TRUE
2,177827.941003892,5.25,0.1,1,0.1,200,1000,1,0,10,17.25,1.625,0.004,4,TRUE
2.1,177827.941003892,5.25,0.1,1,0.1,200,1000,1,0,10,169.5,16.85,0.002,2,TRUE
2.2,177827.941003892,5.25,0.1,1,0.1,200,1000,1,0,10,185,18.4,0.002,2,TRUE
2.3,177827.941003892,5.25,0.1,1,0.1,200,1000,1,0,10,313.666666666667,31.2666666666667,0.045,45,TRUE
2.4,177827.941003892,5.25,0.1,1,0.1,200,1000,1,0,10,298.281879194631,29.7281879194631,0.149,149,TRUE
2.5,177827.941003892,5.25,0.1,1,0.1,200,1000,1,0,10,288.507418397626,28.7507418397626,0.337,337,TRUE
2.6,177827.941003892,5.25,0.1,1,0.1,200,1000,1,0,10,279.635687732342,27.8635687732342,0.538,538,TRUE
2.7,177827.941003892,5.25,0.1,1,0.1,200,1000,1,0,10,266.311888111888,26.5311888111888,0.715,715,TRUE
2.8,177827.941003892,5.25,0.1,1,0.1,200,1000,1,0,10,254.223140495868,25.3223140495868,0.847,847,TRUE
2.9,177827.941003892,5.25,0.1,1,0.1,200,1000,1,0,10,245.246119733925,24.4246119733925,0.902,902,TRUE
3,177827.941003892,5.25,0.1,1,0.1,200,1000,1,0,10,236.208955223881,23.5208955223881,0.938,938,TRUE
3.1,177827.941003892,5.25,0.1,1,0.1,200,1000,1,0,10,227.243602865916,22.6243602865916,0.977,977,TRUE
3.2,177827.941003892,5.25,0.1,1,0.1,200,1000,1,0,10,220.689340101523,21.9689340101523,0.985,985,TRUE
3.3,177827.941003892,5.25,0.1,1,0.1,200,1000,1,0,10,214.733333333333,21.3733333333333,0.99,990,TRUE
3.4,177827.941003892,5.25,0.1,1,0.1,200,1000,1,0,10,208.084168336673,20.7084168336673,0.998,998,TRUE
3.5,177827.941003892,5.25,0.1,1,0.1,200,1000,1,0,10,202.530530530531,20.1530530530531,0.999,999,TRUE
3.6,177827.941003892,5.25,0.1,1,0.1,200,1000,1,0,10,199.001001001001,19.8001001001001,0.999,999,TRUE
3.7,177827.941003892,5.25,0.1,1,0.1,200,1000,1,0,10,193.358,19.2358,1,1000,TRUE
3.8,177827.941003892,5.25,0.1,1,0.1,200,1000,1,0,10,189.643,18.8643,1,1000,TRUE
3.9,177827.941003892,5.25,0.1,1,0.1,200,1000,1,0,10,186.588,18.5588,1,1000,TRUE
4,177827.941003892,5.25,0.1,1,0.1,200,1000,1,0,10,183.905,18.2905,1,1000,TRUE
4.1,177827.941003892,5.25,0.1,1,0.1,200,1000,1,0,10,181.229,18.0229,1,1000,TRUE
4.2,177827.941003892,5.25,0.1,1,0.1,200,1000,1,0,10,179.504,17.8504,1,1000,TRUE
4.3,177827.941003892,5.25,0.1,1,0.1,200,1000,1,0,10,176.652,17.5652,1,1000,TRUE
4.4,177827.941003892,5.25,0.1,1,0.1,200,1000,1,0,10,175,17.4,1,1000,TRUE
4.5,177827.941003892,5.25,0.1,1,0.1,200,1000,1,0,10,172.595,17.1595,1,1000,TRUE
4.6,177827.941003892,5.25,0.1,1,0.1,200,1000,1,0,10,171.001,17.0001,1,1000,TRUE
4.7,177827.941003892,5.25,0.1,1,0.1,200,1000,1,0,10,168.502,16.7502,1,1000,TRUE
4.8,177827.941003892,5.25,0.1,1,0.1,200,1000,1,0,10,167.36,16.636,1,1000,TRUE
4.9,177827.941003892,5.25,0.1,1,0.1,200,1000,1,0,10,165.946,16.4946,1,1000,TRUE
5,177827.941003892,5.25,0.1,1,0.1,200,1000,1,0,10,165.73,16.473,1,1000,TRUE
1.1,316227.766016838,5.5,0.1,1,0.1,200,1000,1,0,10,79.6639344262295,7.86639344262295,0.244,244,TRUE
1.2,316227.766016838,5.5,0.1,1,0.1,200,1000,1,0,10,57.3653846153846,5.63653846153846,0.104,104,TRUE
1.3,316227.766016838,5.5,0.1,1,0.1,200,1000,1,0,10,49.6984126984127,4.86984126984127,0.063,63,TRUE
1.4,316227.766016838,5.5,0.1,1,0.1,200,1000,1,0,10,35.7878787878788,3.47878787878788,0.033,33,TRUE
1.5,316227.766016838,5.5,0.1,1,0.1,200,1000,1,0,10,38.4444444444444,3.74444444444444,0.018,18,TRUE
1.6,316227.766016838,5.5,0.1,1,0.1,200,1000,1,0,10,22.35,2.135,0.02,20,TRUE
1.7,316227.766016838,5.5,0.1,1,0.1,200,1000,1,0,10,26.8,2.58,0.01,10,TRUE
1.8,316227.766016838,5.5,0.1,1,0.1,200,1000,1,0,10,24.3333333333333,2.33333333333333,0.012,12,TRUE
1.9,316227.766016838,5.5,0.1,1,0.1,200,1000,1,0,10,18.1666666666667,1.71666666666667,0.006,6,TRUE
2,316227.766016838,5.5,0.1,1,0.1,200,1000,1,0,10,17,1.6,0.004,4,TRUE
2.1,316227.766016838,5.5,0.1,1,0.1,200,1000,1,0,10,7,0.6,0.002,2,TRUE
2.2,316227.766016838,5.5,0.1,1,0.1,200,1000,1,0,10,19,1.8,0.001,1,TRUE
2.3,316227.766016838,5.5,0.1,1,0.1,200,1000,1,0,10,314,31.3,0.001,1,TRUE
2.4,316227.766016838,5.5,0.1,1,0.1,200,1000,1,0,10,311.421052631579,31.0421052631579,0.038,38,TRUE
2.5,316227.766016838,5.5,0.1,1,0.1,200,1000,1,0,10,307.294520547945,30.6294520547945,0.146,146,TRUE
2.6,316227.766016838,5.5,0.1,1,0.1,200,1000,1,0,10,293.54,29.254,0.35,350,TRUE
2.7,316227.766016838,5.5,0.1,1,0.1,200,1000,1,0,10,283.992495309568,28.2992495309568,0.533,533,TRUE
2.8,316227.766016838,5.5,0.1,1,0.1,200,1000,1,0,10,271.897902097902,27.0897902097902,0.715,715,TRUE
2.9,316227.766016838,5.5,0.1,1,0.1,200,1000,1,0,10,260.470518867925,25.9470518867925,0.848,848,TRUE
3,316227.766016838,5.5,0.1,1,0.1,200,1000,1,0,10,252.539753639418,25.1539753639418,0.893,893,TRUE
3.1,316227.766016838,5.5,0.1,1,0.1,200,1000,1,0,10,242.161392405063,24.1161392405063,0.948,948,TRUE
3.2,316227.766016838,5.5,0.1,1,0.1,200,1000,1,0,10,234.165118679051,23.3165118679051,0.969,969,TRUE
3.3,316227.766016838,5.5,0.1,1,0.1,200,1000,1,0,10,228.568825910931,22.7568825910931,0.988,988,TRUE
3.4,316227.766016838,5.5,0.1,1,0.1,200,1000,1,0,10,220.606060606061,21.9606060606061,0.99,990,TRUE
3.5,316227.766016838,5.5,0.1,1,0.1,200,1000,1,0,10,215.639278557114,21.4639278557114,0.998,998,TRUE
3.6,316227.766016838,5.5,0.1,1,0.1,200,1000,1,0,10,210.609657947686,20.9609657947686,0.994,994,TRUE
3.7,316227.766016838,5.5,0.1,1,0.1,200,1000,1,0,10,204.149149149149,20.3149149149149,0.999,999,TRUE
3.8,316227.766016838,5.5,0.1,1,0.1,200,1000,1,0,10,201.139,20.0139,1,1000,TRUE
3.9,316227.766016838,5.5,0.1,1,0.1,200,1000,1,0,10,196.561,19.5561,1,1000,TRUE
4,316227.766016838,5.5,0.1,1,0.1,200,1000,1,0,10,194.446,19.3446,1,1000,TRUE
4.1,316227.766016838,5.5,0.1,1,0.1,200,1000,1,0,10,190.598,18.9598,1,1000,TRUE
4.2,316227.766016838,5.5,0.1,1,0.1,200,1000,1,0,10,187.659,18.6659,1,1000,TRUE
4.3,316227.766016838,5.5,0.1,1,0.1,200,1000,1,0,10,186.061,18.5061,1,1000,TRUE
4.4,316227.766016838,5.5,0.1,1,0.1,200,1000,1,0,10,183.04,18.204,1,1000,TRUE
4.5,316227.766016838,5.5,0.1,1,0.1,200,1000,1,0,10,181.591,18.0591,1,1000,TRUE
4.6,316227.766016838,5.5,0.1,1,0.1,200,1000,1,0,10,179.136,17.8136,1,1000,TRUE
4.7,316227.766016838,5.5,0.1,1,0.1,200,1000,1,0,10,178.052,17.7052,1,1000,TRUE
4.8,316227.766016838,5.5,0.1,1,0.1,200,1000,1,0,10,177.072,17.6072,1,1000,TRUE
4.9,316227.766016838,5.5,0.1,1,0.1,200,1000,1,0,10,174.931,17.3931,1,1000,TRUE
5,316227.766016838,5.5,0.1,1,0.1,200,1000,1,0,10,173.185,17.2185,1,1000,TRUE
1.1,562341.325190349,5.75,0.1,1,0.1,200,1000,1,0,10,83.5158371040724,8.25158371040724,0.221,221,TRUE
1.2,562341.325190349,5.75,0.1,1,0.1,200,1000,1,0,10,59.9044117647059,5.89044117647059,0.136,136,TRUE
1.3,562341.325190349,5.75,0.1,1,0.1,200,1000,1,0,10,46.15,4.515,0.06,60,TRUE
1.4,562341.325190349,5.75,0.1,1,0.1,200,1000,1,0,10,36.1777777777778,3.51777777777778,0.045,45,TRUE
1.5,562341.325190349,5.75,0.1,1,0.1,200,1000,1,0,10,35.125,3.4125,0.016,16,TRUE
1.6,562341.325190349,5.75,0.1,1,0.1,200,1000,1,0,10,27.5,2.65,0.006,6,TRUE
1.7,562341.325190349,5.75,0.1,1,0.1,200,1000,1,0,10,22.2,2.12,0.01,10,TRUE
1.8,562341.325190349,5.75,0.1,1,0.1,200,1000,1,0,10,25.6,2.46,0.005,5,TRUE
1.9,562341.325190349,5.75,0.1,1,0.1,200,1000,1,0,10,11.8,1.08,0.005,5,TRUE
2,562341.325190349,5.75,0.1,1,0.1,200,1000,1,0,10,22.2,2.12,0.005,5,TRUE
2.1,562341.325190349,5.75,0.1,1,0.1,200,1000,1,0,10,17.5,1.65,0.004,4,TRUE
2.2,562341.325190349,5.75,0.1,1,0.1,200,1000,1,0,10,11.6666666666667,1.06666666666667,0.003,3,TRUE
2.3,562341.325190349,5.75,0.1,1,0.1,200,1000,1,0,10,16,1.5,0.003,3,TRUE
2.4,562341.325190349,5.75,0.1,1,0.1,200,1000,1,0,10,208,20.7,0.005,5,TRUE
2.5,562341.325190349,5.75,0.1,1,0.1,200,1000,1,0,10,326.032258064516,32.5032258064516,0.031,31,TRUE
2.6,562341.325190349,5.75,0.1,1,0.1,200,1000,1,0,10,307.496551724138,30.6496551724138,0.145,145,TRUE
2.7,562341.325190349,5.75,0.1,1,0.1,200,1000,1,0,10,299.460674157303,29.8460674157303,0.356,356,TRUE
2.8,562341.325190349,5.75,0.1,1,0.1,200,1000,1,0,10,288.392014519056,28.7392014519056,0.551,551,TRUE
2.9,562341.325190349,5.75,0.1,1,0.1,200,1000,1,0,10,278.398675496689,27.7398675496689,0.755,755,TRUE
3,562341.325190349,5.75,0.1,1,0.1,200,1000,1,0,10,267.496437054632,26.6496437054632,0.842,842,TRUE
3.1,562341.325190349,5.75,0.1,1,0.1,200,1000,1,0,10,258.045951859956,25.7045951859956,0.914,914,TRUE
3.2,562341.325190349,5.75,0.1,1,0.1,200,1000,1,0,10,247.486883525708,24.6486883525708,0.953,953,TRUE
3.3,562341.325190349,5.75,0.1,1,0.1,200,1000,1,0,10,239.850868232891,23.8850868232891,0.979,979,TRUE
3.4,562341.325190349,5.75,0.1,1,0.1,200,1000,1,0,10,233.371196754564,23.2371196754564,0.986,986,TRUE
3.5,562341.325190349,5.75,0.1,1,0.1,200,1000,1,0,10,227.040281973817,22.6040281973817,0.993,993,TRUE
3.6,562341.325190349,5.75,0.1,1,0.1,200,1000,1,0,10,220.571142284569,21.9571142284569,0.998,998,TRUE
3.7,562341.325190349,5.75,0.1,1,0.1,200,1000,1,0,10,215.093093093093,21.4093093093093,0.999,999,TRUE
3.8,562341.325190349,5.75,0.1,1,0.1,200,1000,1,0,10,211.474474474474,21.0474474474474,0.999,999,TRUE
3.9,562341.325190349,5.75,0.1,1,0.1,200,1000,1,0,10,206.845,20.5845,1,1000,TRUE
4,562341.325190349,5.75,0.1,1,0.1,200,1000,1,0,10,203.254,20.2254,1,1000,TRUE
4.1,562341.325190349,5.75,0.1,1,0.1,200,1000,1,0,10,200.747,19.9747,1,1000,TRUE
4.2,562341.325190349,5.75,0.1,1,0.1,200,1000,1,0,10,197.582,19.6582,1,1000,TRUE
4.3,562341.325190349,5.75,0.1,1,0.1,200,1000,1,0,10,194.136,19.3136,1,1000,TRUE
4.4,562341.325190349,5.75,0.1,1,0.1,200,1000,1,0,10,192.929,19.1929,1,1000,TRUE
4.5,562341.325190349,5.75,0.1,1,0.1,200,1000,1,0,10,190.448,18.9448,1,1000,TRUE
4.6,562341.325190349,5.75,0.1,1,0.1,200,1000,1,0,10,188.943,18.7943,1,1000,TRUE
4.7,562341.325190349,5.75,0.1,1,0.1,200,1000,1,0,10,186.826,18.5826,1,1000,TRUE
4.8,562341.325190349,5.75,0.1,1,0.1,200,1000,1,0,10,183.863,18.2863,1,1000,TRUE
4.9,562341.325190349,5.75,0.1,1,0.1,200,1000,1,0,10,182.86,18.186,1,1000,TRUE
5,562341.325190349,5.75,0.1,1,0.1,200,1000,1,0,10,182.276,18.1276,1,1000,TRUE
1.1,1e+06,6,0.1,1,0.1,200,1000,1,0,10,79.2156862745098,7.82156862745098,0.255,255,TRUE
1.2,1e+06,6,0.1,1,0.1,200,1000,1,0,10,60.0275229357798,5.90275229357798,0.109,109,TRUE
1.3,1e+06,6,0.1,1,0.1,200,1000,1,0,10,48.7678571428571,4.77678571428571,0.056,56,TRUE
1.4,1e+06,6,0.1,1,0.1,200,1000,1,0,10,41.8378378378378,4.08378378378378,0.037,37,TRUE
1.5,1e+06,6,0.1,1,0.1,200,1000,1,0,10,34.2068965517241,3.32068965517241,0.029,29,TRUE
1.6,1e+06,6,0.1,1,0.1,200,1000,1,0,10,23.3333333333333,2.23333333333333,0.015,15,TRUE
1.7,1e+06,6,0.1,1,0.1,200,1000,1,0,10,27.7272727272727,2.67272727272727,0.011,11,TRUE
1.8,1e+06,6,0.1,1,0.1,200,1000,1,0,10,26.375,2.5375,0.008,8,TRUE
1.9,1e+06,6,0.1,1,0.1,200,1000,1,0,10,16.5,1.55,0.004,4,TRUE
2,1e+06,6,0.1,1,0.1,200,1000,1,0,10,11,1,0.001,1,TRUE
2.1,1e+06,6,0.1,1,0.1,200,1000,1,0,10,11.75,1.075,0.004,4,TRUE
2.2,1e+06,6,0.1,1,0.1,200,1000,1,0,10,14.5,1.35,0.002,2,TRUE
2.3,1e+06,6,0.1,1,0.1,200,1000,1,0,10,19.5,1.85,0.004,4,TRUE
2.4,1e+06,6,0.1,1,0.1,200,1000,1,0,10,3.5,0.25,0.002,2,TRUE
2.5,1e+06,6,0.1,1,0.1,200,1000,1,0,10,358.666666666667,35.7666666666667,0.003,3,TRUE
2.6,1e+06,6,0.1,1,0.1,200,1000,1,0,10,318.863636363636,31.7863636363636,0.022,22,TRUE
2.7,1e+06,6,0.1,1,0.1,200,1000,1,0,10,314.53164556962,31.353164556962,0.158,158,TRUE
2.8,1e+06,6,0.1,1,0.1,200,1000,1,0,10,307.463483146067,30.6463483146067,0.356,356,TRUE
2.9,1e+06,6,0.1,1,0.1,200,1000,1,0,10,293.826086956522,29.2826086956522,0.598,598,TRUE
3,1e+06,6,0.1,1,0.1,200,1000,1,0,10,283.253333333333,28.2253333333333,0.75,750,TRUE
3.1,1e+06,6,0.1,1,0.1,200,1000,1,0,10,272.177906976744,27.1177906976744,0.86,860,TRUE
3.2,1e+06,6,0.1,1,0.1,200,1000,1,0,10,262.5599559956,26.15599559956,0.909,909,TRUE
3.3,1e+06,6,0.1,1,0.1,200,1000,1,0,10,255.381742738589,25.4381742738589,0.964,964,TRUE
3.4,1e+06,6,0.1,1,0.1,200,1000,1,0,10,246.755351681957,24.5755351681957,0.981,981,TRUE
3.5,1e+06,6,0.1,1,0.1,200,1000,1,0,10,239.112789526687,23.8112789526687,0.993,993,TRUE
3.6,1e+06,6,0.1,1,0.1,200,1000,1,0,10,233.2351160444,23.22351160444,0.991,991,TRUE
3.7,1e+06,6,0.1,1,0.1,200,1000,1,0,10,227.833833833834,22.6833833833834,0.999,999,TRUE
3.8,1e+06,6,0.1,1,0.1,200,1000,1,0,10,223.356,22.2356,1,1000,TRUE
3.9,1e+06,6,0.1,1,0.1,200,1000,1,0,10,217.993,21.6993,1,1000,TRUE
4,1e+06,6,0.1,1,0.1,200,1000,1,0,10,214.232,21.3232,1,1000,TRUE
4.1,1e+06,6,0.1,1,0.1,200,1000,1,0,10,209.549,20.8549,1,1000,TRUE
4.2,1e+06,6,0.1,1,0.1,200,1000,1,0,10,206.281,20.5281,1,1000,TRUE
4.3,1e+06,6,0.1,1,0.1,200,1000,1,0,10,204.737,20.3737,1,1000,TRUE
4.4,1e+06,6,0.1,1,0.1,200,1000,1,0,10,201.112,20.0112,1,1000,TRUE
4.5,1e+06,6,0.1,1,0.1,200,1000,1,0,10,198.312,19.7312,1,1000,TRUE
4.6,1e+06,6,0.1,1,0.1,200,1000,1,0,10,197.271,19.6271,1,1000,TRUE
4.7,1e+06,6,0.1,1,0.1,200,1000,1,0,10,195.279,19.4279,1,1000,TRUE
4.8,1e+06,6,0.1,1,0.1,200,1000,1,0,10,193.662,19.2662,1,1000,TRUE
4.9,1e+06,6,0.1,1,0.1,200,1000,1,0,10,191,19,1,1000,TRUE
5,1e+06,6,0.1,1,0.1,200,1000,1,0,10,188.743,18.7743,1,1000,TRUE
1.1,1000,3,0.125,1,0.1,200,1000,1,0,10,312.605605605606,31.1605605605606,0.999,999,TRUE
1.2,1000,3,0.125,1,0.1,200,1000,1,0,10,499.471774193548,49.8471774193548,0.992,992,TRUE
1.3,1000,3,0.125,1,0.1,200,1000,1,0,10,617.179215270414,61.6179215270414,0.943,943,TRUE
1.4,1000,3,0.125,1,0.1,200,1000,1,0,10,617.301724137931,61.6301724137931,0.928,928,TRUE
1.5,1000,3,0.125,1,0.1,200,1000,1,0,10,590.298034934498,58.9298034934498,0.916,916,TRUE
1.6,1000,3,0.125,1,0.1,200,1000,1,0,10,516.709315375982,51.5709315375982,0.891,891,TRUE
1.7,1000,3,0.125,1,0.1,200,1000,1,0,10,474.153005464481,47.3153005464481,0.915,915,TRUE
1.8,1000,3,0.125,1,0.1,200,1000,1,0,10,420.114616193481,41.9114616193481,0.951,951,TRUE
1.9,1000,3,0.125,1,0.1,200,1000,1,0,10,350.810867293626,34.9810867293626,0.957,957,TRUE
2,1000,3,0.125,1,0.1,200,1000,1,0,10,294.228070175439,29.3228070175439,0.969,969,TRUE
2.1,1000,3,0.125,1,0.1,200,1000,1,0,10,265.089139344262,26.4089139344262,0.976,976,TRUE
2.2,1000,3,0.125,1,0.1,200,1000,1,0,10,223.016177957533,22.2016177957533,0.989,989,TRUE
2.3,1000,3,0.125,1,0.1,200,1000,1,0,10,204.380281690141,20.3380281690141,0.994,994,TRUE
2.4,1000,3,0.125,1,0.1,200,1000,1,0,10,180.011033099298,17.9011033099298,0.997,997,TRUE
2.5,1000,3,0.125,1,0.1,200,1000,1,0,10,163.335,16.2335,1,1000,TRUE
2.6,1000,3,0.125,1,0.1,200,1000,1,0,10,157.369107321966,15.6369107321966,0.997,997,TRUE
2.7,1000,3,0.125,1,0.1,200,1000,1,0,10,139.318318318318,13.8318318318318,0.999,999,TRUE
2.8,1000,3,0.125,1,0.1,200,1000,1,0,10,133.439439439439,13.2439439439439,0.999,999,TRUE
2.9,1000,3,0.125,1,0.1,200,1000,1,0,10,128.439439439439,12.7439439439439,0.999,999,TRUE
3,1000,3,0.125,1,0.1,200,1000,1,0,10,125.870870870871,12.4870870870871,0.999,999,TRUE
3.1,1000,3,0.125,1,0.1,200,1000,1,0,10,120.059,11.9059,1,1000,TRUE
3.2,1000,3,0.125,1,0.1,200,1000,1,0,10,118.758,11.7758,1,1000,TRUE
3.3,1000,3,0.125,1,0.1,200,1000,1,0,10,117.148,11.6148,1,1000,TRUE
3.4,1000,3,0.125,1,0.1,200,1000,1,0,10,113.374,11.2374,1,1000,TRUE
3.5,1000,3,0.125,1,0.1,200,1000,1,0,10,110.917,10.9917,1,1000,TRUE
3.6,1000,3,0.125,1,0.1,200,1000,1,0,10,109.749,10.8749,1,1000,TRUE
3.7,1000,3,0.125,1,0.1,200,1000,1,0,10,106.736,10.5736,1,1000,TRUE
3.8,1000,3,0.125,1,0.1,200,1000,1,0,10,105.632,10.4632,1,1000,TRUE
3.9,1000,3,0.125,1,0.1,200,1000,1,0,10,104.183,10.3183,1,1000,TRUE
4,1000,3,0.125,1,0.1,200,1000,1,0,10,103.747,10.2747,1,1000,TRUE
4.1,1000,3,0.125,1,0.1,200,1000,1,0,10,103.289,10.2289,1,1000,TRUE
4.2,1000,3,0.125,1,0.1,200,1000,1,0,10,101.144,10.0144,1,1000,TRUE
4.3,1000,3,0.125,1,0.1,200,1000,1,0,10,100.498,9.9498,1,1000,TRUE
4.4,1000,3,0.125,1,0.1,200,1000,1,0,10,98.608,9.7608,1,1000,TRUE
4.5,1000,3,0.125,1,0.1,200,1000,1,0,10,96.908,9.5908,1,1000,TRUE
4.6,1000,3,0.125,1,0.1,200,1000,1,0,10,97.778,9.6778,1,1000,TRUE
4.7,1000,3,0.125,1,0.1,200,1000,1,0,10,96.177,9.5177,1,1000,TRUE
4.8,1000,3,0.125,1,0.1,200,1000,1,0,10,96.298,9.5298,1,1000,TRUE
4.9,1000,3,0.125,1,0.1,200,1000,1,0,10,95.701,9.4701,1,1000,TRUE
5,1000,3,0.125,1,0.1,200,1000,1,0,10,95.816,9.4816,1,1000,TRUE
1.1,1778.27941003892,3.25,0.125,1,0.1,200,1000,1,0,10,518.577160493827,51.7577160493827,0.972,972,TRUE
1.2,1778.27941003892,3.25,0.125,1,0.1,200,1000,1,0,10,778.217721518987,77.7217721518987,0.79,790,TRUE
1.3,1778.27941003892,3.25,0.125,1,0.1,200,1000,1,0,10,833.044776119403,83.2044776119403,0.603,603,TRUE
1.4,1778.27941003892,3.25,0.125,1,0.1,200,1000,1,0,10,778.560767590618,77.7560767590618,0.469,469,TRUE
1.5,1778.27941003892,3.25,0.125,1,0.1,200,1000,1,0,10,722.452747252747,72.1452747252747,0.455,455,TRUE
1.6,1778.27941003892,3.25,0.125,1,0.1,200,1000,1,0,10,548.96887966805,54.796887966805,0.482,482,TRUE
1.7,1778.27941003892,3.25,0.125,1,0.1,200,1000,1,0,10,515.521505376344,51.4521505376344,0.558,558,TRUE
1.8,1778.27941003892,3.25,0.125,1,0.1,200,1000,1,0,10,416.298887122417,41.5298887122417,0.629,629,TRUE
1.9,1778.27941003892,3.25,0.125,1,0.1,200,1000,1,0,10,366.44347826087,36.544347826087,0.69,690,TRUE
2,1778.27941003892,3.25,0.125,1,0.1,200,1000,1,0,10,326.478260869565,32.5478260869565,0.782,782,TRUE
2.1,1778.27941003892,3.25,0.125,1,0.1,200,1000,1,0,10,283.007194244604,28.2007194244604,0.834,834,TRUE
2.2,1778.27941003892,3.25,0.125,1,0.1,200,1000,1,0,10,257.118510158014,25.6118510158014,0.886,886,TRUE
2.3,1778.27941003892,3.25,0.125,1,0.1,200,1000,1,0,10,217.739037433155,21.6739037433155,0.935,935,TRUE
2.4,1778.27941003892,3.25,0.125,1,0.1,200,1000,1,0,10,198.582291666667,19.7582291666667,0.96,960,TRUE
2.5,1778.27941003892,3.25,0.125,1,0.1,200,1000,1,0,10,179.838114754098,17.8838114754098,0.976,976,TRUE
2.6,1778.27941003892,3.25,0.125,1,0.1,200,1000,1,0,10,168.049645390071,16.7049645390071,0.987,987,TRUE
2.7,1778.27941003892,3.25,0.125,1,0.1,200,1000,1,0,10,161.594320486815,16.0594320486815,0.986,986,TRUE
2.8,1778.27941003892,3.25,0.125,1,0.1,200,1000,1,0,10,153.592517694641,15.2592517694641,0.989,989,TRUE
2.9,1778.27941003892,3.25,0.125,1,0.1,200,1000,1,0,10,144.327327327327,14.3327327327327,0.999,999,TRUE
3,1778.27941003892,3.25,0.125,1,0.1,200,1000,1,0,10,140.019019019019,13.9019019019019,0.999,999,TRUE
3.1,1778.27941003892,3.25,0.125,1,0.1,200,1000,1,0,10,133.516,13.2516,1,1000,TRUE
3.2,1778.27941003892,3.25,0.125,1,0.1,200,1000,1,0,10,131.108,13.0108,1,1000,TRUE
3.3,1778.27941003892,3.25,0.125,1,0.1,200,1000,1,0,10,126.783783783784,12.5783783783784,0.999,999,TRUE
3.4,1778.27941003892,3.25,0.125,1,0.1,200,1000,1,0,10,123.442,12.2442,1,1000,TRUE
3.5,1778.27941003892,3.25,0.125,1,0.1,200,1000,1,0,10,121.13,12.013,1,1000,TRUE
3.6,1778.27941003892,3.25,0.125,1,0.1,200,1000,1,0,10,119.286,11.8286,1,1000,TRUE
3.7,1778.27941003892,3.25,0.125,1,0.1,200,1000,1,0,10,116.622,11.5622,1,1000,TRUE
3.8,1778.27941003892,3.25,0.125,1,0.1,200,1000,1,0,10,114.33,11.333,1,1000,TRUE
3.9,1778.27941003892,3.25,0.125,1,0.1,200,1000,1,0,10,113.67,11.267,1,1000,TRUE
4,1778.27941003892,3.25,0.125,1,0.1,200,1000,1,0,10,112.345,11.1345,1,1000,TRUE
4.1,1778.27941003892,3.25,0.125,1,0.1,200,1000,1,0,10,111.64,11.064,1,1000,TRUE
4.2,1778.27941003892,3.25,0.125,1,0.1,200,1000,1,0,10,110.448,10.9448,1,1000,TRUE
4.3,1778.27941003892,3.25,0.125,1,0.1,200,1000,1,0,10,107.838,10.6838,1,1000,TRUE
4.4,1778.27941003892,3.25,0.125,1,0.1,200,1000,1,0,10,108.011,10.7011,1,1000,TRUE
4.5,1778.27941003892,3.25,0.125,1,0.1,200,1000,1,0,10,107.14,10.614,1,1000,TRUE
4.6,1778.27941003892,3.25,0.125,1,0.1,200,1000,1,0,10,106.223,10.5223,1,1000,TRUE
4.7,1778.27941003892,3.25,0.125,1,0.1,200,1000,1,0,10,104.528,10.3528,1,1000,TRUE
4.8,1778.27941003892,3.25,0.125,1,0.1,200,1000,1,0,10,104.069,10.3069,1,1000,TRUE
4.9,1778.27941003892,3.25,0.125,1,0.1,200,1000,1,0,10,102.16,10.116,1,1000,TRUE
5,1778.27941003892,3.25,0.125,1,0.1,200,1000,1,0,10,102.006,10.1006,1,1000,TRUE
1.1,3162.27766016838,3.5,0.125,1,0.1,200,1000,1,0,10,709.983717774763,70.8983717774763,0.737,737,TRUE
1.2,3162.27766016838,3.5,0.125,1,0.1,200,1000,1,0,10,613.801948051948,61.2801948051948,0.308,308,TRUE
1.3,3162.27766016838,3.5,0.125,1,0.1,200,1000,1,0,10,548.421428571429,54.7421428571429,0.14,140,TRUE
1.4,3162.27766016838,3.5,0.125,1,0.1,200,1000,1,0,10,492.1875,49.11875,0.08,80,TRUE
1.5,3162.27766016838,3.5,0.125,1,0.1,200,1000,1,0,10,418.819444444444,41.7819444444444,0.072,72,TRUE
1.6,3162.27766016838,3.5,0.125,1,0.1,200,1000,1,0,10,291.333333333333,29.0333333333333,0.123,123,TRUE
1.7,3162.27766016838,3.5,0.125,1,0.1,200,1000,1,0,10,304.325443786982,30.3325443786982,0.169,169,TRUE
1.8,3162.27766016838,3.5,0.125,1,0.1,200,1000,1,0,10,285.717741935484,28.4717741935484,0.248,248,TRUE
1.9,3162.27766016838,3.5,0.125,1,0.1,200,1000,1,0,10,267.240932642487,26.6240932642487,0.386,386,TRUE
2,3162.27766016838,3.5,0.125,1,0.1,200,1000,1,0,10,239.155462184874,23.8155462184874,0.476,476,TRUE
2.1,3162.27766016838,3.5,0.125,1,0.1,200,1000,1,0,10,228.174652241113,22.7174652241113,0.647,647,TRUE
2.2,3162.27766016838,3.5,0.125,1,0.1,200,1000,1,0,10,218.507649513213,21.7507649513213,0.719,719,TRUE
2.3,3162.27766016838,3.5,0.125,1,0.1,200,1000,1,0,10,201.118437118437,20.0118437118437,0.819,819,TRUE
2.4,3162.27766016838,3.5,0.125,1,0.1,200,1000,1,0,10,191.908886389201,19.0908886389201,0.889,889,TRUE
2.5,3162.27766016838,3.5,0.125,1,0.1,200,1000,1,0,10,190.3170995671,18.93170995671,0.924,924,TRUE
2.6,3162.27766016838,3.5,0.125,1,0.1,200,1000,1,0,10,172.92513368984,17.192513368984,0.935,935,TRUE
2.7,3162.27766016838,3.5,0.125,1,0.1,200,1000,1,0,10,169.541795665635,16.8541795665635,0.969,969,TRUE
2.8,3162.27766016838,3.5,0.125,1,0.1,200,1000,1,0,10,162.298353909465,16.1298353909465,0.972,972,TRUE
2.9,3162.27766016838,3.5,0.125,1,0.1,200,1000,1,0,10,152.177777777778,15.1177777777778,0.99,990,TRUE
3,3162.27766016838,3.5,0.125,1,0.1,200,1000,1,0,10,147.888217522659,14.6888217522659,0.993,993,TRUE
3.1,3162.27766016838,3.5,0.125,1,0.1,200,1000,1,0,10,144.544088176353,14.3544088176353,0.998,998,TRUE
3.2,3162.27766016838,3.5,0.125,1,0.1,200,1000,1,0,10,139.401401401401,13.8401401401401,0.999,999,TRUE
3.3,3162.27766016838,3.5,0.125,1,0.1,200,1000,1,0,10,135.844844844845,13.4844844844845,0.999,999,TRUE
3.4,3162.27766016838,3.5,0.125,1,0.1,200,1000,1,0,10,134.477955911824,13.3477955911824,0.998,998,TRUE
3.5,3162.27766016838,3.5,0.125,1,0.1,200,1000,1,0,10,131.046,13.0046,1,1000,TRUE
3.6,3162.27766016838,3.5,0.125,1,0.1,200,1000,1,0,10,129.251,12.8251,1,1000,TRUE
3.7,3162.27766016838,3.5,0.125,1,0.1,200,1000,1,0,10,127.731,12.6731,1,1000,TRUE
3.8,3162.27766016838,3.5,0.125,1,0.1,200,1000,1,0,10,124.347347347347,12.3347347347347,0.999,999,TRUE
3.9,3162.27766016838,3.5,0.125,1,0.1,200,1000,1,0,10,122.615,12.1615,1,1000,TRUE
4,3162.27766016838,3.5,0.125,1,0.1,200,1000,1,0,10,121.201,12.0201,1,1000,TRUE
4.1,3162.27766016838,3.5,0.125,1,0.1,200,1000,1,0,10,119.73,11.873,1,1000,TRUE
4.2,3162.27766016838,3.5,0.125,1,0.1,200,1000,1,0,10,118.35,11.735,1,1000,TRUE
4.3,3162.27766016838,3.5,0.125,1,0.1,200,1000,1,0,10,117.595,11.6595,1,1000,TRUE
4.4,3162.27766016838,3.5,0.125,1,0.1,200,1000,1,0,10,115.024,11.4024,1,1000,TRUE
4.5,3162.27766016838,3.5,0.125,1,0.1,200,1000,1,0,10,114.36,11.336,1,1000,TRUE
4.6,3162.27766016838,3.5,0.125,1,0.1,200,1000,1,0,10,113.841,11.2841,1,1000,TRUE
4.7,3162.27766016838,3.5,0.125,1,0.1,200,1000,1,0,10,112.723,11.1723,1,1000,TRUE
4.8,3162.27766016838,3.5,0.125,1,0.1,200,1000,1,0,10,111.461,11.0461,1,1000,TRUE
4.9,3162.27766016838,3.5,0.125,1,0.1,200,1000,1,0,10,111.294,11.0294,1,1000,TRUE
5,3162.27766016838,3.5,0.125,1,0.1,200,1000,1,0,10,110.533,10.9533,1,1000,TRUE
1.1,5623.41325190349,3.75,0.125,1,0.1,200,1000,1,0,10,405.019607843137,40.4019607843137,0.408,408,TRUE
1.2,5623.41325190349,3.75,0.125,1,0.1,200,1000,1,0,10,150.431654676259,14.9431654676259,0.139,139,TRUE
1.3,5623.41325190349,3.75,0.125,1,0.1,200,1000,1,0,10,71.1194029850746,7.01194029850746,0.067,67,TRUE
1.4,5623.41325190349,3.75,0.125,1,0.1,200,1000,1,0,10,48.9736842105263,4.79736842105263,0.038,38,TRUE
1.5,5623.41325190349,3.75,0.125,1,0.1,200,1000,1,0,10,86.4193548387097,8.54193548387097,0.031,31,TRUE
1.6,5623.41325190349,3.75,0.125,1,0.1,200,1000,1,0,10,138.076923076923,13.7076923076923,0.026,26,TRUE
1.7,5623.41325190349,3.75,0.125,1,0.1,200,1000,1,0,10,229.297872340426,22.8297872340426,0.047,47,TRUE
1.8,5623.41325190349,3.75,0.125,1,0.1,200,1000,1,0,10,252.541176470588,25.1541176470588,0.085,85,TRUE
1.9,5623.41325190349,3.75,0.125,1,0.1,200,1000,1,0,10,248.792307692308,24.7792307692308,0.13,130,TRUE
2,5623.41325190349,3.75,0.125,1,0.1,200,1000,1,0,10,233.846456692913,23.2846456692913,0.254,254,TRUE
2.1,5623.41325190349,3.75,0.125,1,0.1,200,1000,1,0,10,228.460317460317,22.7460317460317,0.378,378,TRUE
2.2,5623.41325190349,3.75,0.125,1,0.1,200,1000,1,0,10,219.963878326996,21.8963878326996,0.526,526,TRUE
2.3,5623.41325190349,3.75,0.125,1,0.1,200,1000,1,0,10,207.884615384615,20.6884615384615,0.65,650,TRUE
2.4,5623.41325190349,3.75,0.125,1,0.1,200,1000,1,0,10,199.485411140584,19.8485411140584,0.754,754,TRUE
2.5,5623.41325190349,3.75,0.125,1,0.1,200,1000,1,0,10,193.973268529769,19.2973268529769,0.823,823,TRUE
2.6,5623.41325190349,3.75,0.125,1,0.1,200,1000,1,0,10,184.741648106904,18.3741648106904,0.898,898,TRUE
2.7,5623.41325190349,3.75,0.125,1,0.1,200,1000,1,0,10,179.567053854277,17.8567053854277,0.947,947,TRUE
2.8,5623.41325190349,3.75,0.125,1,0.1,200,1000,1,0,10,171.959543568465,17.0959543568465,0.964,964,TRUE
2.9,5623.41325190349,3.75,0.125,1,0.1,200,1000,1,0,10,166.396711202467,16.5396711202467,0.973,973,TRUE
3,5623.41325190349,3.75,0.125,1,0.1,200,1000,1,0,10,159.832657200811,15.8832657200811,0.986,986,TRUE
3.1,5623.41325190349,3.75,0.125,1,0.1,200,1000,1,0,10,156.031376518219,15.5031376518219,0.988,988,TRUE
3.2,5623.41325190349,3.75,0.125,1,0.1,200,1000,1,0,10,152.084507042254,15.1084507042254,0.994,994,TRUE
3.3,5623.41325190349,3.75,0.125,1,0.1,200,1000,1,0,10,147.722891566265,14.6722891566265,0.996,996,TRUE
3.4,5623.41325190349,3.75,0.125,1,0.1,200,1000,1,0,10,145.225677031093,14.4225677031093,0.997,997,TRUE
3.5,5623.41325190349,3.75,0.125,1,0.1,200,1000,1,0,10,141.426,14.0426,1,1000,TRUE
3.6,5623.41325190349,3.75,0.125,1,0.1,200,1000,1,0,10,139.251251251251,13.8251251251251,0.999,999,TRUE
3.7,5623.41325190349,3.75,0.125,1,0.1,200,1000,1,0,10,137.67,13.667,1,1000,TRUE
3.8,5623.41325190349,3.75,0.125,1,0.1,200,1000,1,0,10,134.005005005005,13.3005005005005,0.999,999,TRUE
3.9,5623.41325190349,3.75,0.125,1,0.1,200,1000,1,0,10,132.557557557558,13.1557557557558,0.999,999,TRUE
4,5623.41325190349,3.75,0.125,1,0.1,200,1000,1,0,10,130.606,12.9606,1,1000,TRUE
4.1,5623.41325190349,3.75,0.125,1,0.1,200,1000,1,0,10,129.194,12.8194,1,1000,TRUE
4.2,5623.41325190349,3.75,0.125,1,0.1,200,1000,1,0,10,126.278,12.5278,1,1000,TRUE
4.3,5623.41325190349,3.75,0.125,1,0.1,200,1000,1,0,10,125.473,12.4473,1,1000,TRUE
4.4,5623.41325190349,3.75,0.125,1,0.1,200,1000,1,0,10,125.007,12.4007,1,1000,TRUE
4.5,5623.41325190349,3.75,0.125,1,0.1,200,1000,1,0,10,122.933,12.1933,1,1000,TRUE
4.6,5623.41325190349,3.75,0.125,1,0.1,200,1000,1,0,10,122.064,12.1064,1,1000,TRUE
4.7,5623.41325190349,3.75,0.125,1,0.1,200,1000,1,0,10,121.26,12.026,1,1000,TRUE
4.8,5623.41325190349,3.75,0.125,1,0.1,200,1000,1,0,10,120.157,11.9157,1,1000,TRUE
4.9,5623.41325190349,3.75,0.125,1,0.1,200,1000,1,0,10,119.239,11.8239,1,1000,TRUE
5,5623.41325190349,3.75,0.125,1,0.1,200,1000,1,0,10,119.18,11.818,1,1000,TRUE
1.1,10000,4,0.125,1,0.1,200,1000,1,0,10,119.996183206107,11.8996183206107,0.262,262,TRUE
1.2,10000,4,0.125,1,0.1,200,1000,1,0,10,56.353982300885,5.5353982300885,0.113,113,TRUE
1.3,10000,4,0.125,1,0.1,200,1000,1,0,10,42.8405797101449,4.18405797101449,0.069,69,TRUE
1.4,10000,4,0.125,1,0.1,200,1000,1,0,10,38.1363636363636,3.71363636363636,0.044,44,TRUE
1.5,10000,4,0.125,1,0.1,200,1000,1,0,10,30.2857142857143,2.92857142857143,0.021,21,TRUE
1.6,10000,4,0.125,1,0.1,200,1000,1,0,10,45.75,4.475,0.016,16,TRUE
1.7,10000,4,0.125,1,0.1,200,1000,1,0,10,122.272727272727,12.1272727272727,0.011,11,TRUE
1.8,10000,4,0.125,1,0.1,200,1000,1,0,10,226.818181818182,22.5818181818182,0.011,11,TRUE
1.9,10000,4,0.125,1,0.1,200,1000,1,0,10,234.268292682927,23.3268292682927,0.041,41,TRUE
2,10000,4,0.125,1,0.1,200,1000,1,0,10,248.178947368421,24.7178947368421,0.095,95,TRUE
2.1,10000,4,0.125,1,0.1,200,1000,1,0,10,231.808080808081,23.0808080808081,0.198,198,TRUE
2.2,10000,4,0.125,1,0.1,200,1000,1,0,10,235.543046357616,23.4543046357616,0.302,302,TRUE
2.3,10000,4,0.125,1,0.1,200,1000,1,0,10,224.576419213974,22.3576419213974,0.458,458,TRUE
2.4,10000,4,0.125,1,0.1,200,1000,1,0,10,213.973109243697,21.2973109243698,0.595,595,TRUE
2.5,10000,4,0.125,1,0.1,200,1000,1,0,10,207.067251461988,20.6067251461988,0.684,684,TRUE
2.6,10000,4,0.125,1,0.1,200,1000,1,0,10,200.415441176471,19.9415441176471,0.816,816,TRUE
2.7,10000,4,0.125,1,0.1,200,1000,1,0,10,191.342956120092,19.0342956120092,0.866,866,TRUE
2.8,10000,4,0.125,1,0.1,200,1000,1,0,10,185.746509129968,18.4746509129968,0.931,931,TRUE
2.9,10000,4,0.125,1,0.1,200,1000,1,0,10,179.239244491081,17.8239244491081,0.953,953,TRUE
3,10000,4,0.125,1,0.1,200,1000,1,0,10,174.176470588235,17.3176470588235,0.969,969,TRUE
3.1,10000,4,0.125,1,0.1,200,1000,1,0,10,168.711382113821,16.7711382113821,0.984,984,TRUE
3.2,10000,4,0.125,1,0.1,200,1000,1,0,10,165.216380182002,16.4216380182002,0.989,989,TRUE
3.3,10000,4,0.125,1,0.1,200,1000,1,0,10,159.728915662651,15.8728915662651,0.996,996,TRUE
3.4,10000,4,0.125,1,0.1,200,1000,1,0,10,155.808808808809,15.4808808808809,0.999,999,TRUE
3.5,10000,4,0.125,1,0.1,200,1000,1,0,10,151.827,15.0827,1,1000,TRUE
3.6,10000,4,0.125,1,0.1,200,1000,1,0,10,149.418418418418,14.8418418418418,0.999,999,TRUE
3.7,10000,4,0.125,1,0.1,200,1000,1,0,10,146.756756756757,14.5756756756757,0.999,999,TRUE
3.8,10000,4,0.125,1,0.1,200,1000,1,0,10,143.67,14.267,1,1000,TRUE
3.9,10000,4,0.125,1,0.1,200,1000,1,0,10,143.067,14.2067,1,1000,TRUE
4,10000,4,0.125,1,0.1,200,1000,1,0,10,138.258,13.7258,1,1000,TRUE
4.1,10000,4,0.125,1,0.1,200,1000,1,0,10,138.089,13.7089,1,1000,TRUE
4.2,10000,4,0.125,1,0.1,200,1000,1,0,10,136.602,13.5602,1,1000,TRUE
4.3,10000,4,0.125,1,0.1,200,1000,1,0,10,134.126,13.3126,1,1000,TRUE
4.4,10000,4,0.125,1,0.1,200,1000,1,0,10,133.337,13.2337,1,1000,TRUE
4.5,10000,4,0.125,1,0.1,200,1000,1,0,10,131.962,13.0962,1,1000,TRUE
4.6,10000,4,0.125,1,0.1,200,1000,1,0,10,131.559,13.0559,1,1000,TRUE
4.7,10000,4,0.125,1,0.1,200,1000,1,0,10,129.861,12.8861,1,1000,TRUE
4.8,10000,4,0.125,1,0.1,200,1000,1,0,10,128.939,12.7939,1,1000,TRUE
4.9,10000,4,0.125,1,0.1,200,1000,1,0,10,127.047,12.6047,1,1000,TRUE
5,10000,4,0.125,1,0.1,200,1000,1,0,10,126.844,12.5844,1,1000,TRUE
1.1,17782.7941003892,4.25,0.125,1,0.1,200,1000,1,0,10,96.2595744680851,9.52595744680851,0.235,235,TRUE
1.2,17782.7941003892,4.25,0.125,1,0.1,200,1000,1,0,10,63.6,6.26,0.13,130,TRUE
1.3,17782.7941003892,4.25,0.125,1,0.1,200,1000,1,0,10,42.5,4.15,0.06,60,TRUE
1.4,17782.7941003892,4.25,0.125,1,0.1,200,1000,1,0,10,35.8717948717949,3.48717948717949,0.039,39,TRUE
1.5,17782.7941003892,4.25,0.125,1,0.1,200,1000,1,0,10,35.7368421052632,3.47368421052632,0.019,19,TRUE
1.6,17782.7941003892,4.25,0.125,1,0.1,200,1000,1,0,10,29.5,2.85,0.014,14,TRUE
1.7,17782.7941003892,4.25,0.125,1,0.1,200,1000,1,0,10,26.3636363636364,2.53636363636364,0.011,11,TRUE
1.8,17782.7941003892,4.25,0.125,1,0.1,200,1000,1,0,10,20.4,1.94,0.005,5,TRUE
1.9,17782.7941003892,4.25,0.125,1,0.1,200,1000,1,0,10,81.2,8.02,0.005,5,TRUE
2,17782.7941003892,4.25,0.125,1,0.1,200,1000,1,0,10,209.578947368421,20.8578947368421,0.019,19,TRUE
2.1,17782.7941003892,4.25,0.125,1,0.1,200,1000,1,0,10,257.645833333333,25.6645833333333,0.048,48,TRUE
2.2,17782.7941003892,4.25,0.125,1,0.1,200,1000,1,0,10,250.655405405405,24.9655405405405,0.148,148,TRUE
2.3,17782.7941003892,4.25,0.125,1,0.1,200,1000,1,0,10,239.560483870968,23.8560483870968,0.248,248,TRUE
2.4,17782.7941003892,4.25,0.125,1,0.1,200,1000,1,0,10,230.422279792746,22.9422279792746,0.386,386,TRUE
2.5,17782.7941003892,4.25,0.125,1,0.1,200,1000,1,0,10,225.737335834897,22.4737335834897,0.533,533,TRUE
2.6,17782.7941003892,4.25,0.125,1,0.1,200,1000,1,0,10,214.031976744186,21.3031976744186,0.688,688,TRUE
2.7,17782.7941003892,4.25,0.125,1,0.1,200,1000,1,0,10,207.937904269082,20.6937904269082,0.773,773,TRUE
2.8,17782.7941003892,4.25,0.125,1,0.1,200,1000,1,0,10,198.776255707763,19.7776255707763,0.876,876,TRUE
2.9,17782.7941003892,4.25,0.125,1,0.1,200,1000,1,0,10,194.356371490281,19.3356371490281,0.926,926,TRUE
3,17782.7941003892,4.25,0.125,1,0.1,200,1000,1,0,10,185.076923076923,18.4076923076923,0.949,949,TRUE
3.1,17782.7941003892,4.25,0.125,1,0.1,200,1000,1,0,10,181.421215242019,18.0421215242019,0.971,971,TRUE
3.2,17782.7941003892,4.25,0.125,1,0.1,200,1000,1,0,10,176.444785276074,17.5444785276074,0.978,978,TRUE
3.3,17782.7941003892,4.25,0.125,1,0.1,200,1000,1,0,10,170.437185929648,16.9437185929648,0.995,995,TRUE
3.4,17782.7941003892,4.25,0.125,1,0.1,200,1000,1,0,10,165.774974772957,16.4774974772957,0.991,991,TRUE
3.5,17782.7941003892,4.25,0.125,1,0.1,200,1000,1,0,10,163.985915492958,16.2985915492958,0.994,994,TRUE
3.6,17782.7941003892,4.25,0.125,1,0.1,200,1000,1,0,10,159.723723723724,15.8723723723724,0.999,999,TRUE
3.7,17782.7941003892,4.25,0.125,1,0.1,200,1000,1,0,10,156.607,15.5607,1,1000,TRUE
3.8,17782.7941003892,4.25,0.125,1,0.1,200,1000,1,0,10,154.102102102102,15.3102102102102,0.999,999,TRUE
3.9,17782.7941003892,4.25,0.125,1,0.1,200,1000,1,0,10,152.159,15.1159,1,1000,TRUE
4,17782.7941003892,4.25,0.125,1,0.1,200,1000,1,0,10,148.401,14.7401,1,1000,TRUE
4.1,17782.7941003892,4.25,0.125,1,0.1,200,1000,1,0,10,147.56,14.656,1,1000,TRUE
4.2,17782.7941003892,4.25,0.125,1,0.1,200,1000,1,0,10,145.221,14.4221,1,1000,TRUE
4.3,17782.7941003892,4.25,0.125,1,0.1,200,1000,1,0,10,142.294,14.1294,1,1000,TRUE
4.4,17782.7941003892,4.25,0.125,1,0.1,200,1000,1,0,10,141.757,14.0757,1,1000,TRUE
4.5,17782.7941003892,4.25,0.125,1,0.1,200,1000,1,0,10,140.324,13.9324,1,1000,TRUE
4.6,17782.7941003892,4.25,0.125,1,0.1,200,1000,1,0,10,139.247,13.8247,1,1000,TRUE
4.7,17782.7941003892,4.25,0.125,1,0.1,200,1000,1,0,10,137.587,13.6587,1,1000,TRUE
4.8,17782.7941003892,4.25,0.125,1,0.1,200,1000,1,0,10,136.878,13.5878,1,1000,TRUE
4.9,17782.7941003892,4.25,0.125,1,0.1,200,1000,1,0,10,135.702,13.4702,1,1000,TRUE
5,17782.7941003892,4.25,0.125,1,0.1,200,1000,1,0,10,134.148,13.3148,1,1000,TRUE
1.1,31622.7766016838,4.5,0.125,1,0.1,200,1000,1,0,10,79.327731092437,7.8327731092437,0.238,238,TRUE
1.2,31622.7766016838,4.5,0.125,1,0.1,200,1000,1,0,10,63.9345794392523,6.29345794392523,0.107,107,TRUE
1.3,31622.7766016838,4.5,0.125,1,0.1,200,1000,1,0,10,40.1285714285714,3.91285714285714,0.07,70,TRUE
1.4,31622.7766016838,4.5,0.125,1,0.1,200,1000,1,0,10,47,4.6,0.037,37,TRUE
1.5,31622.7766016838,4.5,0.125,1,0.1,200,1000,1,0,10,30.9545454545455,2.99545454545455,0.022,22,TRUE
1.6,31622.7766016838,4.5,0.125,1,0.1,200,1000,1,0,10,31.2857142857143,3.02857142857143,0.014,14,TRUE
1.7,31622.7766016838,4.5,0.125,1,0.1,200,1000,1,0,10,24.5454545454545,2.35454545454545,0.011,11,TRUE
1.8,31622.7766016838,4.5,0.125,1,0.1,200,1000,1,0,10,27,2.6,0.005,5,TRUE
1.9,31622.7766016838,4.5,0.125,1,0.1,200,1000,1,0,10,18.1428571428571,1.71428571428571,0.007,7,TRUE
2,31622.7766016838,4.5,0.125,1,0.1,200,1000,1,0,10,98.2857142857143,9.72857142857143,0.007,7,TRUE
2.1,31622.7766016838,4.5,0.125,1,0.1,200,1000,1,0,10,74.4,7.34,0.005,5,TRUE
2.2,31622.7766016838,4.5,0.125,1,0.1,200,1000,1,0,10,261.913043478261,26.0913043478261,0.023,23,TRUE
2.3,31622.7766016838,4.5,0.125,1,0.1,200,1000,1,0,10,250.670731707317,24.9670731707317,0.082,82,TRUE
2.4,31622.7766016838,4.5,0.125,1,0.1,200,1000,1,0,10,247.764102564103,24.6764102564103,0.195,195,TRUE
2.5,31622.7766016838,4.5,0.125,1,0.1,200,1000,1,0,10,239.864161849711,23.8864161849711,0.346,346,TRUE
2.6,31622.7766016838,4.5,0.125,1,0.1,200,1000,1,0,10,230.104508196721,22.9104508196721,0.488,488,TRUE
2.7,31622.7766016838,4.5,0.125,1,0.1,200,1000,1,0,10,221.672727272727,22.0672727272727,0.66,660,TRUE
2.8,31622.7766016838,4.5,0.125,1,0.1,200,1000,1,0,10,213.555979643766,21.2555979643766,0.786,786,TRUE
2.9,31622.7766016838,4.5,0.125,1,0.1,200,1000,1,0,10,208.463133640553,20.7463133640553,0.868,868,TRUE
3,31622.7766016838,4.5,0.125,1,0.1,200,1000,1,0,10,202.153931339978,20.1153931339978,0.903,903,TRUE
3.1,31622.7766016838,4.5,0.125,1,0.1,200,1000,1,0,10,194.081109925294,19.3081109925294,0.937,937,TRUE
3.2,31622.7766016838,4.5,0.125,1,0.1,200,1000,1,0,10,189.171664943123,18.8171664943123,0.967,967,TRUE
3.3,31622.7766016838,4.5,0.125,1,0.1,200,1000,1,0,10,185.405432595573,18.4405432595573,0.994,994,TRUE
3.4,31622.7766016838,4.5,0.125,1,0.1,200,1000,1,0,10,179.930894308943,17.8930894308943,0.984,984,TRUE
3.5,31622.7766016838,4.5,0.125,1,0.1,200,1000,1,0,10,174.55297679112,17.355297679112,0.991,991,TRUE
3.6,31622.7766016838,4.5,0.125,1,0.1,200,1000,1,0,10,170.140280561122,16.9140280561122,0.998,998,TRUE
3.7,31622.7766016838,4.5,0.125,1,0.1,200,1000,1,0,10,167.481481481481,16.6481481481481,0.999,999,TRUE
3.8,31622.7766016838,4.5,0.125,1,0.1,200,1000,1,0,10,164.040080160321,16.3040080160321,0.998,998,TRUE
3.9,31622.7766016838,4.5,0.125,1,0.1,200,1000,1,0,10,161.144,16.0144,1,1000,TRUE
4,31622.7766016838,4.5,0.125,1,0.1,200,1000,1,0,10,159.322322322322,15.8322322322322,0.999,999,TRUE
4.1,31622.7766016838,4.5,0.125,1,0.1,200,1000,1,0,10,156.09,15.509,1,1000,TRUE
4.2,31622.7766016838,4.5,0.125,1,0.1,200,1000,1,0,10,153.972,15.2972,1,1000,TRUE
4.3,31622.7766016838,4.5,0.125,1,0.1,200,1000,1,0,10,151.934,15.0934,1,1000,TRUE
4.4,31622.7766016838,4.5,0.125,1,0.1,200,1000,1,0,10,150.047,14.9047,1,1000,TRUE
4.5,31622.7766016838,4.5,0.125,1,0.1,200,1000,1,0,10,149.334,14.8334,1,1000,TRUE
4.6,31622.7766016838,4.5,0.125,1,0.1,200,1000,1,0,10,146.896,14.5896,1,1000,TRUE
4.7,31622.7766016838,4.5,0.125,1,0.1,200,1000,1,0,10,146.348,14.5348,1,1000,TRUE
4.8,31622.7766016838,4.5,0.125,1,0.1,200,1000,1,0,10,144.869,14.3869,1,1000,TRUE
4.9,31622.7766016838,4.5,0.125,1,0.1,200,1000,1,0,10,143.679,14.2679,1,1000,TRUE
5,31622.7766016838,4.5,0.125,1,0.1,200,1000,1,0,10,142.682,14.1682,1,1000,TRUE
1.1,56234.1325190349,4.75,0.125,1,0.1,200,1000,1,0,10,92.0967741935484,9.10967741935484,0.248,248,TRUE
1.2,56234.1325190349,4.75,0.125,1,0.1,200,1000,1,0,10,63.784,6.2784,0.125,125,TRUE
1.3,56234.1325190349,4.75,0.125,1,0.1,200,1000,1,0,10,44.7924528301887,4.37924528301887,0.053,53,TRUE
1.4,56234.1325190349,4.75,0.125,1,0.1,200,1000,1,0,10,38.6739130434783,3.76739130434783,0.046,46,TRUE
1.5,56234.1325190349,4.75,0.125,1,0.1,200,1000,1,0,10,34.1481481481481,3.31481481481481,0.027,27,TRUE
1.6,56234.1325190349,4.75,0.125,1,0.1,200,1000,1,0,10,27.68,2.668,0.025,25,TRUE
1.7,56234.1325190349,4.75,0.125,1,0.1,200,1000,1,0,10,21.75,2.075,0.012,12,TRUE
1.8,56234.1325190349,4.75,0.125,1,0.1,200,1000,1,0,10,29.8,2.88,0.005,5,TRUE
1.9,56234.1325190349,4.75,0.125,1,0.1,200,1000,1,0,10,14,1.3,0.002,2,TRUE
2,56234.1325190349,4.75,0.125,1,0.1,200,1000,1,0,10,8,0.7,0.003,3,TRUE
2.1,56234.1325190349,4.75,0.125,1,0.1,200,1000,1,0,10,18.6,1.76,0.005,5,TRUE
2.2,56234.1325190349,4.75,0.125,1,0.1,200,1000,1,0,10,73.4,7.24,0.005,5,TRUE
2.3,56234.1325190349,4.75,0.125,1,0.1,200,1000,1,0,10,222.235294117647,22.1235294117647,0.017,17,TRUE
2.4,56234.1325190349,4.75,0.125,1,0.1,200,1000,1,0,10,247.414634146341,24.6414634146341,0.082,82,TRUE
2.5,56234.1325190349,4.75,0.125,1,0.1,200,1000,1,0,10,253.689873417722,25.2689873417722,0.158,158,TRUE
2.6,56234.1325190349,4.75,0.125,1,0.1,200,1000,1,0,10,248.832278481013,24.7832278481013,0.316,316,TRUE
2.7,56234.1325190349,4.75,0.125,1,0.1,200,1000,1,0,10,238.895178197065,23.7895178197065,0.477,477,TRUE
2.8,56234.1325190349,4.75,0.125,1,0.1,200,1000,1,0,10,230.92937399679,22.992937399679,0.623,623,TRUE
2.9,56234.1325190349,4.75,0.125,1,0.1,200,1000,1,0,10,224.197368421053,22.3197368421053,0.76,760,TRUE
3,56234.1325190349,4.75,0.125,1,0.1,200,1000,1,0,10,213.32634032634,21.232634032634,0.858,858,TRUE
3.1,56234.1325190349,4.75,0.125,1,0.1,200,1000,1,0,10,207.761013215859,20.6761013215859,0.908,908,TRUE
3.2,56234.1325190349,4.75,0.125,1,0.1,200,1000,1,0,10,203.553895410886,20.2553895410886,0.937,937,TRUE
3.3,56234.1325190349,4.75,0.125,1,0.1,200,1000,1,0,10,196.691115702479,19.5691115702479,0.968,968,TRUE
3.4,56234.1325190349,4.75,0.125,1,0.1,200,1000,1,0,10,190.564206268959,18.9564206268959,0.989,989,TRUE
3.5,56234.1325190349,4.75,0.125,1,0.1,200,1000,1,0,10,187.177598385469,18.6177598385469,0.991,991,TRUE
3.6,56234.1325190349,4.75,0.125,1,0.1,200,1000,1,0,10,182.551863041289,18.1551863041289,0.993,993,TRUE
3.7,56234.1325190349,4.75,0.125,1,0.1,200,1000,1,0,10,176.983967935872,17.5983967935872,0.998,998,TRUE
3.8,56234.1325190349,4.75,0.125,1,0.1,200,1000,1,0,10,174.183183183183,17.3183183183183,0.999,999,TRUE
3.9,56234.1325190349,4.75,0.125,1,0.1,200,1000,1,0,10,171.575,17.0575,1,1000,TRUE
4,56234.1325190349,4.75,0.125,1,0.1,200,1000,1,0,10,169.282,16.8282,1,1000,TRUE
4.1,56234.1325190349,4.75,0.125,1,0.1,200,1000,1,0,10,166.607,16.5607,1,1000,TRUE
4.2,56234.1325190349,4.75,0.125,1,0.1,200,1000,1,0,10,163.309,16.2309,1,1000,TRUE
4.3,56234.1325190349,4.75,0.125,1,0.1,200,1000,1,0,10,160.74,15.974,1,1000,TRUE
4.4,56234.1325190349,4.75,0.125,1,0.1,200,1000,1,0,10,159.36,15.836,1,1000,TRUE
4.5,56234.1325190349,4.75,0.125,1,0.1,200,1000,1,0,10,157.674,15.6674,1,1000,TRUE
4.6,56234.1325190349,4.75,0.125,1,0.1,200,1000,1,0,10,155.439,15.4439,1,1000,TRUE
4.7,56234.1325190349,4.75,0.125,1,0.1,200,1000,1,0,10,154.952,15.3952,1,1000,TRUE
4.8,56234.1325190349,4.75,0.125,1,0.1,200,1000,1,0,10,152.802,15.1802,1,1000,TRUE
4.9,56234.1325190349,4.75,0.125,1,0.1,200,1000,1,0,10,151.547,15.0547,1,1000,TRUE
5,56234.1325190349,4.75,0.125,1,0.1,200,1000,1,0,10,149.896,14.8896,1,1000,TRUE
1.1,1e+05,5,0.125,1,0.1,200,1000,1,0,10,82.00395256917,8.100395256917,0.253,253,TRUE
1.2,1e+05,5,0.125,1,0.1,200,1000,1,0,10,65.2347826086957,6.42347826086957,0.115,115,TRUE
1.3,1e+05,5,0.125,1,0.1,200,1000,1,0,10,52.7166666666667,5.17166666666667,0.06,60,TRUE
1.4,1e+05,5,0.125,1,0.1,200,1000,1,0,10,38.6326530612245,3.76326530612245,0.049,49,TRUE
1.5,1e+05,5,0.125,1,0.1,200,1000,1,0,10,32.1428571428571,3.11428571428571,0.014,14,TRUE
1.6,1e+05,5,0.125,1,0.1,200,1000,1,0,10,24.6,2.36,0.01,10,TRUE
1.7,1e+05,5,0.125,1,0.1,200,1000,1,0,10,24.4285714285714,2.34285714285714,0.007,7,TRUE
1.8,1e+05,5,0.125,1,0.1,200,1000,1,0,10,16,1.5,0.01,10,TRUE
1.9,1e+05,5,0.125,1,0.1,200,1000,1,0,10,18.75,1.775,0.004,4,TRUE
2,1e+05,5,0.125,1,0.1,200,1000,1,0,10,12.25,1.125,0.004,4,TRUE
2.1,1e+05,5,0.125,1,0.1,200,1000,1,0,10,14.8333333333333,1.38333333333333,0.006,6,TRUE
2.2,1e+05,5,0.125,1,0.1,200,1000,1,0,10,NA,NA,0,0,FALSE
2.3,1e+05,5,0.125,1,0.1,200,1000,1,0,10,87.75,8.675,0.004,4,TRUE
2.4,1e+05,5,0.125,1,0.1,200,1000,1,0,10,249.375,24.8375,0.008,8,TRUE
2.5,1e+05,5,0.125,1,0.1,200,1000,1,0,10,247.925925925926,24.6925925925926,0.027,27,TRUE
2.6,1e+05,5,0.125,1,0.1,200,1000,1,0,10,262.540540540541,26.1540540540541,0.111,111,TRUE
2.7,1e+05,5,0.125,1,0.1,200,1000,1,0,10,254.956349206349,25.3956349206349,0.252,252,TRUE
2.8,1e+05,5,0.125,1,0.1,200,1000,1,0,10,247.497706422018,24.6497706422018,0.436,436,TRUE
2.9,1e+05,5,0.125,1,0.1,200,1000,1,0,10,238.005042016807,23.7005042016807,0.595,595,TRUE
3,1e+05,5,0.125,1,0.1,200,1000,1,0,10,229.743519781719,22.8743519781719,0.733,733,TRUE
3.1,1e+05,5,0.125,1,0.1,200,1000,1,0,10,223.952898550725,22.2952898550725,0.828,828,TRUE
3.2,1e+05,5,0.125,1,0.1,200,1000,1,0,10,216.854767184035,21.5854767184035,0.902,902,TRUE
3.3,1e+05,5,0.125,1,0.1,200,1000,1,0,10,209.947816826411,20.8947816826411,0.939,939,TRUE
3.4,1e+05,5,0.125,1,0.1,200,1000,1,0,10,203.340956340956,20.2340956340956,0.962,962,TRUE
3.5,1e+05,5,0.125,1,0.1,200,1000,1,0,10,198.705284552846,19.7705284552846,0.984,984,TRUE
3.6,1e+05,5,0.125,1,0.1,200,1000,1,0,10,194.053861788618,19.3053861788618,0.984,984,TRUE
3.7,1e+05,5,0.125,1,0.1,200,1000,1,0,10,188.886432160804,18.7886432160804,0.995,995,TRUE
3.8,1e+05,5,0.125,1,0.1,200,1000,1,0,10,184.537074148297,18.3537074148297,0.998,998,TRUE
3.9,1e+05,5,0.125,1,0.1,200,1000,1,0,10,181.836836836837,18.0836836836837,0.999,999,TRUE
4,1e+05,5,0.125,1,0.1,200,1000,1,0,10,178.483967935872,17.7483967935872,0.998,998,TRUE
4.1,1e+05,5,0.125,1,0.1,200,1000,1,0,10,175.885,17.4885,1,1000,TRUE
4.2,1e+05,5,0.125,1,0.1,200,1000,1,0,10,173.191,17.2191,1,1000,TRUE
4.3,1e+05,5,0.125,1,0.1,200,1000,1,0,10,170.827,16.9827,1,1000,TRUE
4.4,1e+05,5,0.125,1,0.1,200,1000,1,0,10,168.044,16.7044,1,1000,TRUE
4.5,1e+05,5,0.125,1,0.1,200,1000,1,0,10,166.279,16.5279,1,1000,TRUE
4.6,1e+05,5,0.125,1,0.1,200,1000,1,0,10,165.207,16.4207,1,1000,TRUE
4.7,1e+05,5,0.125,1,0.1,200,1000,1,0,10,162.486,16.1486,1,1000,TRUE
4.8,1e+05,5,0.125,1,0.1,200,1000,1,0,10,159.985,15.8985,1,1000,TRUE
4.9,1e+05,5,0.125,1,0.1,200,1000,1,0,10,159.797,15.8797,1,1000,TRUE
5,1e+05,5,0.125,1,0.1,200,1000,1,0,10,159.078,15.8078,1,1000,TRUE
1.1,177827.941003892,5.25,0.125,1,0.1,200,1000,1,0,10,79.3333333333333,7.83333333333333,0.255,255,TRUE
1.2,177827.941003892,5.25,0.125,1,0.1,200,1000,1,0,10,64.4653465346535,6.34653465346535,0.101,101,TRUE
1.3,177827.941003892,5.25,0.125,1,0.1,200,1000,1,0,10,37.515625,3.6515625,0.064,64,TRUE
1.4,177827.941003892,5.25,0.125,1,0.1,200,1000,1,0,10,42.2857142857143,4.12857142857143,0.028,28,TRUE
1.5,177827.941003892,5.25,0.125,1,0.1,200,1000,1,0,10,28,2.7,0.022,22,TRUE
1.6,177827.941003892,5.25,0.125,1,0.1,200,1000,1,0,10,33.75,3.275,0.012,12,TRUE
1.7,177827.941003892,5.25,0.125,1,0.1,200,1000,1,0,10,18.1428571428571,1.71428571428571,0.007,7,TRUE
1.8,177827.941003892,5.25,0.125,1,0.1,200,1000,1,0,10,27.1428571428571,2.61428571428571,0.007,7,TRUE
1.9,177827.941003892,5.25,0.125,1,0.1,200,1000,1,0,10,18.4444444444444,1.74444444444444,0.009,9,TRUE
2,177827.941003892,5.25,0.125,1,0.1,200,1000,1,0,10,26.3333333333333,2.53333333333333,0.006,6,TRUE
2.1,177827.941003892,5.25,0.125,1,0.1,200,1000,1,0,10,14.3333333333333,1.33333333333333,0.003,3,TRUE
2.2,177827.941003892,5.25,0.125,1,0.1,200,1000,1,0,10,15,1.4,0.003,3,TRUE
2.3,177827.941003892,5.25,0.125,1,0.1,200,1000,1,0,10,11,1,0.002,2,TRUE
2.4,177827.941003892,5.25,0.125,1,0.1,200,1000,1,0,10,10,0.9,0.002,2,TRUE
2.5,177827.941003892,5.25,0.125,1,0.1,200,1000,1,0,10,24,2.3,0.001,1,TRUE
2.6,177827.941003892,5.25,0.125,1,0.1,200,1000,1,0,10,267.483870967742,26.6483870967742,0.031,31,TRUE
2.7,177827.941003892,5.25,0.125,1,0.1,200,1000,1,0,10,271.85,27.085,0.08,80,TRUE
2.8,177827.941003892,5.25,0.125,1,0.1,200,1000,1,0,10,265.199074074074,26.4199074074074,0.216,216,TRUE
2.9,177827.941003892,5.25,0.125,1,0.1,200,1000,1,0,10,253.620418848168,25.2620418848168,0.382,382,TRUE
3,177827.941003892,5.25,0.125,1,0.1,200,1000,1,0,10,247.163793103448,24.6163793103448,0.58,580,TRUE
3.1,177827.941003892,5.25,0.125,1,0.1,200,1000,1,0,10,237.994579945799,23.6994579945799,0.738,738,TRUE
3.2,177827.941003892,5.25,0.125,1,0.1,200,1000,1,0,10,230.797833935018,22.9797833935018,0.831,831,TRUE
3.3,177827.941003892,5.25,0.125,1,0.1,200,1000,1,0,10,225.206818181818,22.4206818181818,0.88,880,TRUE
3.4,177827.941003892,5.25,0.125,1,0.1,200,1000,1,0,10,216.139935414424,21.5139935414424,0.929,929,TRUE
3.5,177827.941003892,5.25,0.125,1,0.1,200,1000,1,0,10,211.099897013388,21.0099897013388,0.971,971,TRUE
3.6,177827.941003892,5.25,0.125,1,0.1,200,1000,1,0,10,206.055158324821,20.5055158324821,0.979,979,TRUE
3.7,177827.941003892,5.25,0.125,1,0.1,200,1000,1,0,10,202.264379414733,20.1264379414733,0.991,991,TRUE
3.8,177827.941003892,5.25,0.125,1,0.1,200,1000,1,0,10,196.144869215292,19.5144869215292,0.994,994,TRUE
3.9,177827.941003892,5.25,0.125,1,0.1,200,1000,1,0,10,192.627883650953,19.1627883650953,0.997,997,TRUE
4,177827.941003892,5.25,0.125,1,0.1,200,1000,1,0,10,189.806419257773,18.8806419257773,0.997,997,TRUE
4.1,177827.941003892,5.25,0.125,1,0.1,200,1000,1,0,10,186.188376753507,18.5188376753507,0.998,998,TRUE
4.2,177827.941003892,5.25,0.125,1,0.1,200,1000,1,0,10,182.946,18.1946,1,1000,TRUE
4.3,177827.941003892,5.25,0.125,1,0.1,200,1000,1,0,10,180.122244488978,17.9122244488978,0.998,998,TRUE
4.4,177827.941003892,5.25,0.125,1,0.1,200,1000,1,0,10,177.171,17.6171,1,1000,TRUE
4.5,177827.941003892,5.25,0.125,1,0.1,200,1000,1,0,10,174.865,17.3865,1,1000,TRUE
4.6,177827.941003892,5.25,0.125,1,0.1,200,1000,1,0,10,174.093,17.3093,1,1000,TRUE
4.7,177827.941003892,5.25,0.125,1,0.1,200,1000,1,0,10,171.82,17.082,1,1000,TRUE
4.8,177827.941003892,5.25,0.125,1,0.1,200,1000,1,0,10,170.598,16.9598,1,1000,TRUE
4.9,177827.941003892,5.25,0.125,1,0.1,200,1000,1,0,10,167.593,16.6593,1,1000,TRUE
5,177827.941003892,5.25,0.125,1,0.1,200,1000,1,0,10,167.356,16.6356,1,1000,TRUE
1.1,316227.766016838,5.5,0.125,1,0.1,200,1000,1,0,10,82.0688259109312,8.10688259109312,0.247,247,TRUE
1.2,316227.766016838,5.5,0.125,1,0.1,200,1000,1,0,10,58.2844827586207,5.72844827586207,0.116,116,TRUE
1.3,316227.766016838,5.5,0.125,1,0.1,200,1000,1,0,10,45.8550724637681,4.48550724637681,0.069,69,TRUE
1.4,316227.766016838,5.5,0.125,1,0.1,200,1000,1,0,10,39.7,3.87,0.04,40,TRUE
1.5,316227.766016838,5.5,0.125,1,0.1,200,1000,1,0,10,31.8333333333333,3.08333333333333,0.018,18,TRUE
1.6,316227.766016838,5.5,0.125,1,0.1,200,1000,1,0,10,29,2.8,0.018,18,TRUE
1.7,316227.766016838,5.5,0.125,1,0.1,200,1000,1,0,10,38.25,3.725,0.004,4,TRUE
1.8,316227.766016838,5.5,0.125,1,0.1,200,1000,1,0,10,31.8571428571429,3.08571428571429,0.007,7,TRUE
1.9,316227.766016838,5.5,0.125,1,0.1,200,1000,1,0,10,14.2857142857143,1.32857142857143,0.007,7,TRUE
2,316227.766016838,5.5,0.125,1,0.1,200,1000,1,0,10,14.5,1.35,0.004,4,TRUE
2.1,316227.766016838,5.5,0.125,1,0.1,200,1000,1,0,10,19.3333333333333,1.83333333333333,0.006,6,TRUE
2.2,316227.766016838,5.5,0.125,1,0.1,200,1000,1,0,10,2,0.1,0.001,1,TRUE
2.3,316227.766016838,5.5,0.125,1,0.1,200,1000,1,0,10,10.6,0.96,0.005,5,TRUE
2.4,316227.766016838,5.5,0.125,1,0.1,200,1000,1,0,10,NA,NA,0,0,FALSE
2.5,316227.766016838,5.5,0.125,1,0.1,200,1000,1,0,10,8,0.7,0.001,1,TRUE
2.6,316227.766016838,5.5,0.125,1,0.1,200,1000,1,0,10,NA,NA,0,0,FALSE
2.7,316227.766016838,5.5,0.125,1,0.1,200,1000,1,0,10,266.761904761905,26.5761904761905,0.021,21,TRUE
2.8,316227.766016838,5.5,0.125,1,0.1,200,1000,1,0,10,272.827160493827,27.1827160493827,0.081,81,TRUE
2.9,316227.766016838,5.5,0.125,1,0.1,200,1000,1,0,10,269.176767676768,26.8176767676768,0.198,198,TRUE
3,316227.766016838,5.5,0.125,1,0.1,200,1000,1,0,10,262.289893617021,26.1289893617021,0.376,376,TRUE
3.1,316227.766016838,5.5,0.125,1,0.1,200,1000,1,0,10,255.566727605119,25.4566727605119,0.547,547,TRUE
3.2,316227.766016838,5.5,0.125,1,0.1,200,1000,1,0,10,245.251076040172,24.4251076040172,0.697,697,TRUE
3.3,316227.766016838,5.5,0.125,1,0.1,200,1000,1,0,10,237.301568154403,23.6301568154403,0.829,829,TRUE
3.4,316227.766016838,5.5,0.125,1,0.1,200,1000,1,0,10,230.765168539326,22.9765168539326,0.89,890,TRUE
3.5,316227.766016838,5.5,0.125,1,0.1,200,1000,1,0,10,225.252127659574,22.4252127659574,0.94,940,TRUE
3.6,316227.766016838,5.5,0.125,1,0.1,200,1000,1,0,10,217.965553235908,21.6965553235908,0.958,958,TRUE
3.7,316227.766016838,5.5,0.125,1,0.1,200,1000,1,0,10,212.226762002043,21.1226762002043,0.979,979,TRUE
3.8,316227.766016838,5.5,0.125,1,0.1,200,1000,1,0,10,208.462159434914,20.7462159434914,0.991,991,TRUE
3.9,316227.766016838,5.5,0.125,1,0.1,200,1000,1,0,10,204.110552763819,20.3110552763819,0.995,995,TRUE
4,316227.766016838,5.5,0.125,1,0.1,200,1000,1,0,10,200.17017017017,19.917017017017,0.999,999,TRUE
4.1,316227.766016838,5.5,0.125,1,0.1,200,1000,1,0,10,195.627627627628,19.4627627627628,0.999,999,TRUE
4.2,316227.766016838,5.5,0.125,1,0.1,200,1000,1,0,10,192.970941883768,19.1970941883768,0.998,998,TRUE
4.3,316227.766016838,5.5,0.125,1,0.1,200,1000,1,0,10,189.06,18.806,1,1000,TRUE
4.4,316227.766016838,5.5,0.125,1,0.1,200,1000,1,0,10,186.862,18.5862,1,1000,TRUE
4.5,316227.766016838,5.5,0.125,1,0.1,200,1000,1,0,10,183.352,18.2352,1,1000,TRUE
4.6,316227.766016838,5.5,0.125,1,0.1,200,1000,1,0,10,182.093,18.1093,1,1000,TRUE
4.7,316227.766016838,5.5,0.125,1,0.1,200,1000,1,0,10,179.379,17.8379,1,1000,TRUE
4.8,316227.766016838,5.5,0.125,1,0.1,200,1000,1,0,10,178.97997997998,17.797997997998,0.999,999,TRUE
4.9,316227.766016838,5.5,0.125,1,0.1,200,1000,1,0,10,176.508,17.5508,1,1000,TRUE
5,316227.766016838,5.5,0.125,1,0.1,200,1000,1,0,10,175.065,17.4065,1,1000,TRUE
1.1,562341.325190349,5.75,0.125,1,0.1,200,1000,1,0,10,87.2597402597403,8.62597402597403,0.231,231,TRUE
1.2,562341.325190349,5.75,0.125,1,0.1,200,1000,1,0,10,64.4130434782609,6.34130434782609,0.092,92,TRUE
1.3,562341.325190349,5.75,0.125,1,0.1,200,1000,1,0,10,46.1818181818182,4.51818181818182,0.055,55,TRUE
1.4,562341.325190349,5.75,0.125,1,0.1,200,1000,1,0,10,39.32,3.832,0.025,25,TRUE
1.5,562341.325190349,5.75,0.125,1,0.1,200,1000,1,0,10,25.1176470588235,2.41176470588235,0.017,17,TRUE
1.6,562341.325190349,5.75,0.125,1,0.1,200,1000,1,0,10,27.8888888888889,2.68888888888889,0.018,18,TRUE
1.7,562341.325190349,5.75,0.125,1,0.1,200,1000,1,0,10,16.6363636363636,1.56363636363636,0.011,11,TRUE
1.8,562341.325190349,5.75,0.125,1,0.1,200,1000,1,0,10,30,2.9,0.005,5,TRUE
1.9,562341.325190349,5.75,0.125,1,0.1,200,1000,1,0,10,15,1.4,0.002,2,TRUE
2,562341.325190349,5.75,0.125,1,0.1,200,1000,1,0,10,12,1.1,0.003,3,TRUE
2.1,562341.325190349,5.75,0.125,1,0.1,200,1000,1,0,10,10.5,0.95,0.002,2,TRUE
2.2,562341.325190349,5.75,0.125,1,0.1,200,1000,1,0,10,15.4,1.44,0.005,5,TRUE
2.3,562341.325190349,5.75,0.125,1,0.1,200,1000,1,0,10,13.6,1.26,0.005,5,TRUE
2.4,562341.325190349,5.75,0.125,1,0.1,200,1000,1,0,10,11.3333333333333,1.03333333333333,0.003,3,TRUE
2.5,562341.325190349,5.75,0.125,1,0.1,200,1000,1,0,10,9.66666666666667,0.866666666666667,0.003,3,TRUE
2.6,562341.325190349,5.75,0.125,1,0.1,200,1000,1,0,10,13,1.2,0.002,2,TRUE
2.7,562341.325190349,5.75,0.125,1,0.1,200,1000,1,0,10,107.333333333333,10.6333333333333,0.003,3,TRUE
2.8,562341.325190349,5.75,0.125,1,0.1,200,1000,1,0,10,245.285714285714,24.4285714285714,0.014,14,TRUE
2.9,562341.325190349,5.75,0.125,1,0.1,200,1000,1,0,10,274.078125,27.3078125,0.064,64,TRUE
3,562341.325190349,5.75,0.125,1,0.1,200,1000,1,0,10,273.707182320442,27.2707182320442,0.181,181,TRUE
3.1,562341.325190349,5.75,0.125,1,0.1,200,1000,1,0,10,265.71954674221,26.471954674221,0.353,353,TRUE
3.2,562341.325190349,5.75,0.125,1,0.1,200,1000,1,0,10,260.470149253731,25.9470149253731,0.536,536,TRUE
3.3,562341.325190349,5.75,0.125,1,0.1,200,1000,1,0,10,252.266288951841,25.1266288951841,0.706,706,TRUE
3.4,562341.325190349,5.75,0.125,1,0.1,200,1000,1,0,10,245.032886723508,24.4032886723508,0.821,821,TRUE
3.5,562341.325190349,5.75,0.125,1,0.1,200,1000,1,0,10,239.229563269877,23.8229563269877,0.893,893,TRUE
3.6,562341.325190349,5.75,0.125,1,0.1,200,1000,1,0,10,231.948663101604,23.0948663101604,0.935,935,TRUE
3.7,562341.325190349,5.75,0.125,1,0.1,200,1000,1,0,10,226.538699690402,22.5538699690402,0.969,969,TRUE
3.8,562341.325190349,5.75,0.125,1,0.1,200,1000,1,0,10,219.468495934959,21.8468495934959,0.984,984,TRUE
3.9,562341.325190349,5.75,0.125,1,0.1,200,1000,1,0,10,214.41046277666,21.341046277666,0.994,994,TRUE
4,562341.325190349,5.75,0.125,1,0.1,200,1000,1,0,10,210.404020100503,20.9404020100503,0.995,995,TRUE
4.1,562341.325190349,5.75,0.125,1,0.1,200,1000,1,0,10,207.495975855131,20.6495975855131,0.994,994,TRUE
4.2,562341.325190349,5.75,0.125,1,0.1,200,1000,1,0,10,203.327655310621,20.2327655310621,0.998,998,TRUE
4.3,562341.325190349,5.75,0.125,1,0.1,200,1000,1,0,10,199.706706706707,19.8706706706707,0.999,999,TRUE
4.4,562341.325190349,5.75,0.125,1,0.1,200,1000,1,0,10,196.722,19.5722,1,1000,TRUE
4.5,562341.325190349,5.75,0.125,1,0.1,200,1000,1,0,10,192.853,19.1853,1,1000,TRUE
4.6,562341.325190349,5.75,0.125,1,0.1,200,1000,1,0,10,191.846,19.0846,1,1000,TRUE
4.7,562341.325190349,5.75,0.125,1,0.1,200,1000,1,0,10,188.652,18.7652,1,1000,TRUE
4.8,562341.325190349,5.75,0.125,1,0.1,200,1000,1,0,10,187.484,18.6484,1,1000,TRUE
4.9,562341.325190349,5.75,0.125,1,0.1,200,1000,1,0,10,185.288,18.4288,1,1000,TRUE
5,562341.325190349,5.75,0.125,1,0.1,200,1000,1,0,10,182.957,18.1957,1,1000,TRUE
1.1,1e+06,6,0.125,1,0.1,200,1000,1,0,10,86.7379912663755,8.57379912663755,0.229,229,TRUE
1.2,1e+06,6,0.125,1,0.1,200,1000,1,0,10,62.4955752212389,6.14955752212389,0.113,113,TRUE
1.3,1e+06,6,0.125,1,0.1,200,1000,1,0,10,44.875,4.3875,0.048,48,TRUE
1.4,1e+06,6,0.125,1,0.1,200,1000,1,0,10,41.6206896551724,4.06206896551724,0.029,29,TRUE
1.5,1e+06,6,0.125,1,0.1,200,1000,1,0,10,25.0416666666667,2.40416666666667,0.024,24,TRUE
1.6,1e+06,6,0.125,1,0.1,200,1000,1,0,10,27.3076923076923,2.63076923076923,0.013,13,TRUE
1.7,1e+06,6,0.125,1,0.1,200,1000,1,0,10,33.1111111111111,3.21111111111111,0.009,9,TRUE
1.8,1e+06,6,0.125,1,0.1,200,1000,1,0,10,20.7272727272727,1.97272727272727,0.011,11,TRUE
1.9,1e+06,6,0.125,1,0.1,200,1000,1,0,10,25,2.4,0.003,3,TRUE
2,1e+06,6,0.125,1,0.1,200,1000,1,0,10,28,2.7,0.002,2,TRUE
2.1,1e+06,6,0.125,1,0.1,200,1000,1,0,10,25.6666666666667,2.46666666666667,0.003,3,TRUE
2.2,1e+06,6,0.125,1,0.1,200,1000,1,0,10,34,3.3,0.002,2,TRUE
2.3,1e+06,6,0.125,1,0.1,200,1000,1,0,10,23.5,2.25,0.002,2,TRUE
2.4,1e+06,6,0.125,1,0.1,200,1000,1,0,10,11,1,0.001,1,TRUE
2.5,1e+06,6,0.125,1,0.1,200,1000,1,0,10,6,0.5,0.001,1,TRUE
2.6,1e+06,6,0.125,1,0.1,200,1000,1,0,10,7.33333333333333,0.633333333333333,0.003,3,TRUE
2.7,1e+06,6,0.125,1,0.1,200,1000,1,0,10,8.66666666666667,0.766666666666667,0.003,3,TRUE
2.8,1e+06,6,0.125,1,0.1,200,1000,1,0,10,300,29.9,0.001,1,TRUE
2.9,1e+06,6,0.125,1,0.1,200,1000,1,0,10,291.4,29.04,0.005,5,TRUE
3,1e+06,6,0.125,1,0.1,200,1000,1,0,10,288.115384615385,28.7115384615385,0.052,52,TRUE
3.1,1e+06,6,0.125,1,0.1,200,1000,1,0,10,281.525714285714,28.0525714285714,0.175,175,TRUE
3.2,1e+06,6,0.125,1,0.1,200,1000,1,0,10,275.639664804469,27.4639664804469,0.358,358,TRUE
3.3,1e+06,6,0.125,1,0.1,200,1000,1,0,10,268.475046210721,26.7475046210721,0.541,541,TRUE
3.4,1e+06,6,0.125,1,0.1,200,1000,1,0,10,259.00580551524,25.800580551524,0.689,689,TRUE
3.5,1e+06,6,0.125,1,0.1,200,1000,1,0,10,252.811004784689,25.1811004784689,0.836,836,TRUE
3.6,1e+06,6,0.125,1,0.1,200,1000,1,0,10,245.164613661814,24.4164613661814,0.893,893,TRUE
3.7,1e+06,6,0.125,1,0.1,200,1000,1,0,10,238.678002125399,23.7678002125399,0.941,941,TRUE
3.8,1e+06,6,0.125,1,0.1,200,1000,1,0,10,231.094105480869,23.0094105480869,0.967,967,TRUE
3.9,1e+06,6,0.125,1,0.1,200,1000,1,0,10,226.993865030675,22.5993865030675,0.978,978,TRUE
4,1e+06,6,0.125,1,0.1,200,1000,1,0,10,222.10111223458,22.110111223458,0.989,989,TRUE
4.1,1e+06,6,0.125,1,0.1,200,1000,1,0,10,218.497472194135,21.7497472194135,0.989,989,TRUE
4.2,1e+06,6,0.125,1,0.1,200,1000,1,0,10,212.213,21.1213,1,1000,TRUE
4.3,1e+06,6,0.125,1,0.1,200,1000,1,0,10,208.596790371113,20.7596790371113,0.997,997,TRUE
4.4,1e+06,6,0.125,1,0.1,200,1000,1,0,10,206.345381526104,20.5345381526104,0.996,996,TRUE
4.5,1e+06,6,0.125,1,0.1,200,1000,1,0,10,202.913,20.1913,1,1000,TRUE
4.6,1e+06,6,0.125,1,0.1,200,1000,1,0,10,200.94994994995,19.994994994995,0.999,999,TRUE
4.7,1e+06,6,0.125,1,0.1,200,1000,1,0,10,198.451451451451,19.7451451451451,0.999,999,TRUE
4.8,1e+06,6,0.125,1,0.1,200,1000,1,0,10,195.67,19.467,1,1000,TRUE
4.9,1e+06,6,0.125,1,0.1,200,1000,1,0,10,193.459,19.2459,1,1000,TRUE
5,1e+06,6,0.125,1,0.1,200,1000,1,0,10,191.901,19.0901,1,1000,TRUE
1.1,1000,3,0.2,1,0.1,200,1000,1,0,10,455.824543610548,45.4824543610548,0.986,986,TRUE
1.2,1000,3,0.2,1,0.1,200,1000,1,0,10,768.600508905852,76.7600508905852,0.786,786,TRUE
1.3,1000,3,0.2,1,0.1,200,1000,1,0,10,822.353658536585,82.1353658536585,0.492,492,TRUE
1.4,1000,3,0.2,1,0.1,200,1000,1,0,10,868.846153846154,86.7846153846154,0.286,286,TRUE
1.5,1000,3,0.2,1,0.1,200,1000,1,0,10,857.730038022814,85.6730038022814,0.263,263,TRUE
1.6,1000,3,0.2,1,0.1,200,1000,1,0,10,729.079646017699,72.8079646017699,0.226,226,TRUE
1.7,1000,3,0.2,1,0.1,200,1000,1,0,10,718.601593625498,71.7601593625498,0.251,251,TRUE
1.8,1000,3,0.2,1,0.1,200,1000,1,0,10,608.654411764706,60.7654411764706,0.272,272,TRUE
1.9,1000,3,0.2,1,0.1,200,1000,1,0,10,487.012084592145,48.6012084592145,0.331,331,TRUE
2,1000,3,0.2,1,0.1,200,1000,1,0,10,411.906091370558,41.0906091370558,0.394,394,TRUE
2.1,1000,3,0.2,1,0.1,200,1000,1,0,10,438.059701492537,43.7059701492537,0.469,469,TRUE
2.2,1000,3,0.2,1,0.1,200,1000,1,0,10,352.980357142857,35.1980357142857,0.56,560,TRUE
2.3,1000,3,0.2,1,0.1,200,1000,1,0,10,323.413533834586,32.2413533834587,0.665,665,TRUE
2.4,1000,3,0.2,1,0.1,200,1000,1,0,10,289.260683760684,28.8260683760684,0.702,702,TRUE
2.5,1000,3,0.2,1,0.1,200,1000,1,0,10,296.363751584284,29.5363751584284,0.789,789,TRUE
2.6,1000,3,0.2,1,0.1,200,1000,1,0,10,264.080487804878,26.3080487804878,0.82,820,TRUE
2.7,1000,3,0.2,1,0.1,200,1000,1,0,10,235.552873563218,23.4552873563218,0.87,870,TRUE
2.8,1000,3,0.2,1,0.1,200,1000,1,0,10,205.767543859649,20.4767543859649,0.912,912,TRUE
2.9,1000,3,0.2,1,0.1,200,1000,1,0,10,187.608648648649,18.6608648648649,0.925,925,TRUE
3,1000,3,0.2,1,0.1,200,1000,1,0,10,177.550724637681,17.6550724637681,0.966,966,TRUE
3.1,1000,3,0.2,1,0.1,200,1000,1,0,10,165.254115226337,16.4254115226337,0.972,972,TRUE
3.2,1000,3,0.2,1,0.1,200,1000,1,0,10,152.661885245902,15.1661885245902,0.976,976,TRUE
3.3,1000,3,0.2,1,0.1,200,1000,1,0,10,146.743174924166,14.5743174924166,0.989,989,TRUE
3.4,1000,3,0.2,1,0.1,200,1000,1,0,10,127.953441295547,12.6953441295547,0.988,988,TRUE
3.5,1000,3,0.2,1,0.1,200,1000,1,0,10,127.736842105263,12.6736842105263,0.988,988,TRUE
3.6,1000,3,0.2,1,0.1,200,1000,1,0,10,123.377755511022,12.2377755511022,0.998,998,TRUE
3.7,1000,3,0.2,1,0.1,200,1000,1,0,10,115.041041041041,11.4041041041041,0.999,999,TRUE
3.8,1000,3,0.2,1,0.1,200,1000,1,0,10,116.72972972973,11.572972972973,0.999,999,TRUE
3.9,1000,3,0.2,1,0.1,200,1000,1,0,10,111.822,11.0822,1,1000,TRUE
4,1000,3,0.2,1,0.1,200,1000,1,0,10,108.446,10.7446,1,1000,TRUE
4.1,1000,3,0.2,1,0.1,200,1000,1,0,10,107.142,10.6142,1,1000,TRUE
4.2,1000,3,0.2,1,0.1,200,1000,1,0,10,104.559,10.3559,1,1000,TRUE
4.3,1000,3,0.2,1,0.1,200,1000,1,0,10,103.731462925852,10.2731462925852,0.998,998,TRUE
4.4,1000,3,0.2,1,0.1,200,1000,1,0,10,102.393,10.1393,1,1000,TRUE
4.5,1000,3,0.2,1,0.1,200,1000,1,0,10,100.358,9.9358,1,1000,TRUE
4.6,1000,3,0.2,1,0.1,200,1000,1,0,10,98.552,9.7552,1,1000,TRUE
4.7,1000,3,0.2,1,0.1,200,1000,1,0,10,99.091,9.8091,1,1000,TRUE
4.8,1000,3,0.2,1,0.1,200,1000,1,0,10,97.866,9.6866,1,1000,TRUE
4.9,1000,3,0.2,1,0.1,200,1000,1,0,10,97.104,9.6104,1,1000,TRUE
5,1000,3,0.2,1,0.1,200,1000,1,0,10,96.28,9.528,1,1000,TRUE
1.1,1778.27941003892,3.25,0.2,1,0.1,200,1000,1,0,10,678.235372340426,67.7235372340426,0.752,752,TRUE
1.2,1778.27941003892,3.25,0.2,1,0.1,200,1000,1,0,10,646.041353383459,64.5041353383459,0.266,266,TRUE
1.3,1778.27941003892,3.25,0.2,1,0.1,200,1000,1,0,10,404.795698924731,40.3795698924731,0.093,93,TRUE
1.4,1778.27941003892,3.25,0.2,1,0.1,200,1000,1,0,10,348.072727272727,34.7072727272727,0.055,55,TRUE
1.5,1778.27941003892,3.25,0.2,1,0.1,200,1000,1,0,10,325,32.4,0.042,42,TRUE
1.6,1778.27941003892,3.25,0.2,1,0.1,200,1000,1,0,10,220.033333333333,21.9033333333333,0.03,30,TRUE
1.7,1778.27941003892,3.25,0.2,1,0.1,200,1000,1,0,10,121.5,12.05,0.026,26,TRUE
1.8,1778.27941003892,3.25,0.2,1,0.1,200,1000,1,0,10,246.404761904762,24.5404761904762,0.042,42,TRUE
1.9,1778.27941003892,3.25,0.2,1,0.1,200,1000,1,0,10,243.9375,24.29375,0.064,64,TRUE
2,1778.27941003892,3.25,0.2,1,0.1,200,1000,1,0,10,227.990990990991,22.6990990990991,0.111,111,TRUE
2.1,1778.27941003892,3.25,0.2,1,0.1,200,1000,1,0,10,208.242857142857,20.7242857142857,0.14,140,TRUE
2.2,1778.27941003892,3.25,0.2,1,0.1,200,1000,1,0,10,217.800925925926,21.6800925925926,0.216,216,TRUE
2.3,1778.27941003892,3.25,0.2,1,0.1,200,1000,1,0,10,183.871186440678,18.2871186440678,0.295,295,TRUE
2.4,1778.27941003892,3.25,0.2,1,0.1,200,1000,1,0,10,203.084507042254,20.2084507042254,0.355,355,TRUE
2.5,1778.27941003892,3.25,0.2,1,0.1,200,1000,1,0,10,192.48085106383,19.148085106383,0.47,470,TRUE
2.6,1778.27941003892,3.25,0.2,1,0.1,200,1000,1,0,10,197.780575539568,19.6780575539568,0.556,556,TRUE
2.7,1778.27941003892,3.25,0.2,1,0.1,200,1000,1,0,10,177.848254931715,17.6848254931715,0.659,659,TRUE
2.8,1778.27941003892,3.25,0.2,1,0.1,200,1000,1,0,10,166.141509433962,16.5141509433962,0.742,742,TRUE
2.9,1778.27941003892,3.25,0.2,1,0.1,200,1000,1,0,10,165.649122807018,16.4649122807018,0.798,798,TRUE
3,1778.27941003892,3.25,0.2,1,0.1,200,1000,1,0,10,156.08896797153,15.508896797153,0.843,843,TRUE
3.1,1778.27941003892,3.25,0.2,1,0.1,200,1000,1,0,10,151.687711386697,15.0687711386697,0.887,887,TRUE
3.2,1778.27941003892,3.25,0.2,1,0.1,200,1000,1,0,10,164.230184581976,16.3230184581976,0.921,921,TRUE
3.3,1778.27941003892,3.25,0.2,1,0.1,200,1000,1,0,10,146.201063829787,14.5201063829787,0.94,940,TRUE
3.4,1778.27941003892,3.25,0.2,1,0.1,200,1000,1,0,10,144.876059322034,14.3876059322034,0.944,944,TRUE
3.5,1778.27941003892,3.25,0.2,1,0.1,200,1000,1,0,10,129.103483606557,12.8103483606557,0.976,976,TRUE
3.6,1778.27941003892,3.25,0.2,1,0.1,200,1000,1,0,10,136.064974619289,13.5064974619289,0.985,985,TRUE
3.7,1778.27941003892,3.25,0.2,1,0.1,200,1000,1,0,10,125.955465587045,12.4955465587045,0.988,988,TRUE
3.8,1778.27941003892,3.25,0.2,1,0.1,200,1000,1,0,10,129.846619576186,12.8846619576186,0.991,991,TRUE
3.9,1778.27941003892,3.25,0.2,1,0.1,200,1000,1,0,10,123.204204204204,12.2204204204204,0.999,999,TRUE
4,1778.27941003892,3.25,0.2,1,0.1,200,1000,1,0,10,120.562688064193,11.9562688064193,0.997,997,TRUE
4.1,1778.27941003892,3.25,0.2,1,0.1,200,1000,1,0,10,119.600600600601,11.8600600600601,0.999,999,TRUE
4.2,1778.27941003892,3.25,0.2,1,0.1,200,1000,1,0,10,117.186186186186,11.6186186186186,0.999,999,TRUE
4.3,1778.27941003892,3.25,0.2,1,0.1,200,1000,1,0,10,113.697394789579,11.2697394789579,0.998,998,TRUE
4.4,1778.27941003892,3.25,0.2,1,0.1,200,1000,1,0,10,110.646,10.9646,1,1000,TRUE
4.5,1778.27941003892,3.25,0.2,1,0.1,200,1000,1,0,10,110.622622622623,10.9622622622623,0.999,999,TRUE
4.6,1778.27941003892,3.25,0.2,1,0.1,200,1000,1,0,10,107.994,10.6994,1,1000,TRUE
4.7,1778.27941003892,3.25,0.2,1,0.1,200,1000,1,0,10,108.035,10.7035,1,1000,TRUE
4.8,1778.27941003892,3.25,0.2,1,0.1,200,1000,1,0,10,106.763,10.5763,1,1000,TRUE
4.9,1778.27941003892,3.25,0.2,1,0.1,200,1000,1,0,10,104.844844844845,10.3844844844845,0.999,999,TRUE
5,1778.27941003892,3.25,0.2,1,0.1,200,1000,1,0,10,104.81,10.381,1,1000,TRUE
1.1,3162.27766016838,3.5,0.2,1,0.1,200,1000,1,0,10,420.152230971129,41.9152230971129,0.381,381,TRUE
1.2,3162.27766016838,3.5,0.2,1,0.1,200,1000,1,0,10,121.306666666667,12.0306666666667,0.15,150,TRUE
1.3,3162.27766016838,3.5,0.2,1,0.1,200,1000,1,0,10,42.6842105263158,4.16842105263158,0.057,57,TRUE
1.4,3162.27766016838,3.5,0.2,1,0.1,200,1000,1,0,10,40.1944444444444,3.91944444444444,0.036,36,TRUE
1.5,3162.27766016838,3.5,0.2,1,0.1,200,1000,1,0,10,35.0416666666667,3.40416666666667,0.024,24,TRUE
1.6,3162.27766016838,3.5,0.2,1,0.1,200,1000,1,0,10,25.7647058823529,2.47647058823529,0.017,17,TRUE
1.7,3162.27766016838,3.5,0.2,1,0.1,200,1000,1,0,10,29.4615384615385,2.84615384615385,0.013,13,TRUE
1.8,3162.27766016838,3.5,0.2,1,0.1,200,1000,1,0,10,17.4,1.64,0.005,5,TRUE
1.9,3162.27766016838,3.5,0.2,1,0.1,200,1000,1,0,10,110.5,10.95,0.012,12,TRUE
2,3162.27766016838,3.5,0.2,1,0.1,200,1000,1,0,10,152.933333333333,15.1933333333333,0.015,15,TRUE
2.1,3162.27766016838,3.5,0.2,1,0.1,200,1000,1,0,10,175.8,17.48,0.025,25,TRUE
2.2,3162.27766016838,3.5,0.2,1,0.1,200,1000,1,0,10,178.68085106383,17.768085106383,0.047,47,TRUE
2.3,3162.27766016838,3.5,0.2,1,0.1,200,1000,1,0,10,184.669902912621,18.3669902912621,0.103,103,TRUE
2.4,3162.27766016838,3.5,0.2,1,0.1,200,1000,1,0,10,176.777777777778,17.5777777777778,0.162,162,TRUE
2.5,3162.27766016838,3.5,0.2,1,0.1,200,1000,1,0,10,178.723140495868,17.7723140495868,0.242,242,TRUE
2.6,3162.27766016838,3.5,0.2,1,0.1,200,1000,1,0,10,172.366863905325,17.1366863905325,0.338,338,TRUE
2.7,3162.27766016838,3.5,0.2,1,0.1,200,1000,1,0,10,168.592677345538,16.7592677345538,0.437,437,TRUE
2.8,3162.27766016838,3.5,0.2,1,0.1,200,1000,1,0,10,164.142585551331,16.3142585551331,0.526,526,TRUE
2.9,3162.27766016838,3.5,0.2,1,0.1,200,1000,1,0,10,159.355754857997,15.8355754857997,0.669,669,TRUE
3,3162.27766016838,3.5,0.2,1,0.1,200,1000,1,0,10,154.354748603352,15.3354748603352,0.716,716,TRUE
3.1,3162.27766016838,3.5,0.2,1,0.1,200,1000,1,0,10,152.350698856417,15.1350698856417,0.787,787,TRUE
3.2,3162.27766016838,3.5,0.2,1,0.1,200,1000,1,0,10,149.751781472684,14.8751781472684,0.842,842,TRUE
3.3,3162.27766016838,3.5,0.2,1,0.1,200,1000,1,0,10,148.09584295612,14.709584295612,0.866,866,TRUE
3.4,3162.27766016838,3.5,0.2,1,0.1,200,1000,1,0,10,145.51403887689,14.451403887689,0.926,926,TRUE
3.5,3162.27766016838,3.5,0.2,1,0.1,200,1000,1,0,10,144.549726775956,14.3549726775956,0.915,915,TRUE
3.6,3162.27766016838,3.5,0.2,1,0.1,200,1000,1,0,10,134.812038014784,13.3812038014784,0.947,947,TRUE
3.7,3162.27766016838,3.5,0.2,1,0.1,200,1000,1,0,10,136.847736625514,13.5847736625514,0.972,972,TRUE
3.8,3162.27766016838,3.5,0.2,1,0.1,200,1000,1,0,10,131.532110091743,13.0532110091743,0.981,981,TRUE
3.9,3162.27766016838,3.5,0.2,1,0.1,200,1000,1,0,10,130.004032258065,12.9004032258065,0.992,992,TRUE
4,3162.27766016838,3.5,0.2,1,0.1,200,1000,1,0,10,129.332320162107,12.8332320162107,0.987,987,TRUE
4.1,3162.27766016838,3.5,0.2,1,0.1,200,1000,1,0,10,124.713420787084,12.3713420787084,0.991,991,TRUE
4.2,3162.27766016838,3.5,0.2,1,0.1,200,1000,1,0,10,123.93480441324,12.293480441324,0.997,997,TRUE
4.3,3162.27766016838,3.5,0.2,1,0.1,200,1000,1,0,10,120.314944834504,11.9314944834504,0.997,997,TRUE
4.4,3162.27766016838,3.5,0.2,1,0.1,200,1000,1,0,10,118.406218655968,11.7406218655968,0.997,997,TRUE
4.5,3162.27766016838,3.5,0.2,1,0.1,200,1000,1,0,10,117.473420260782,11.6473420260782,0.997,997,TRUE
4.6,3162.27766016838,3.5,0.2,1,0.1,200,1000,1,0,10,115.704,11.4704,1,1000,TRUE
4.7,3162.27766016838,3.5,0.2,1,0.1,200,1000,1,0,10,115.488977955912,11.4488977955912,0.998,998,TRUE
4.8,3162.27766016838,3.5,0.2,1,0.1,200,1000,1,0,10,115.829,11.4829,1,1000,TRUE
4.9,3162.27766016838,3.5,0.2,1,0.1,200,1000,1,0,10,114.4,11.34,1,1000,TRUE
5,3162.27766016838,3.5,0.2,1,0.1,200,1000,1,0,10,112.312312312312,11.1312312312312,0.999,999,TRUE
1.1,5623.41325190349,3.75,0.2,1,0.1,200,1000,1,0,10,114.014814814815,11.3014814814815,0.27,270,TRUE
1.2,5623.41325190349,3.75,0.2,1,0.1,200,1000,1,0,10,62.7822580645161,6.17822580645161,0.124,124,TRUE
1.3,5623.41325190349,3.75,0.2,1,0.1,200,1000,1,0,10,48.3333333333333,4.73333333333333,0.054,54,TRUE
1.4,5623.41325190349,3.75,0.2,1,0.1,200,1000,1,0,10,40.5106382978723,3.95106382978723,0.047,47,TRUE
1.5,5623.41325190349,3.75,0.2,1,0.1,200,1000,1,0,10,34.3913043478261,3.33913043478261,0.023,23,TRUE
1.6,5623.41325190349,3.75,0.2,1,0.1,200,1000,1,0,10,31.5,3.05,0.006,6,TRUE
1.7,5623.41325190349,3.75,0.2,1,0.1,200,1000,1,0,10,23.75,2.275,0.012,12,TRUE
1.8,5623.41325190349,3.75,0.2,1,0.1,200,1000,1,0,10,14.75,1.375,0.012,12,TRUE
1.9,5623.41325190349,3.75,0.2,1,0.1,200,1000,1,0,10,21.5,2.05,0.006,6,TRUE
2,5623.41325190349,3.75,0.2,1,0.1,200,1000,1,0,10,8.33333333333333,0.733333333333333,0.003,3,TRUE
2.1,5623.41325190349,3.75,0.2,1,0.1,200,1000,1,0,10,98,9.7,0.005,5,TRUE
2.2,5623.41325190349,3.75,0.2,1,0.1,200,1000,1,0,10,153.75,15.275,0.008,8,TRUE
2.3,5623.41325190349,3.75,0.2,1,0.1,200,1000,1,0,10,183.375,18.2375,0.016,16,TRUE
2.4,5623.41325190349,3.75,0.2,1,0.1,200,1000,1,0,10,189.59375,18.859375,0.032,32,TRUE
2.5,5623.41325190349,3.75,0.2,1,0.1,200,1000,1,0,10,183.454545454545,18.2454545454545,0.088,88,TRUE
2.6,5623.41325190349,3.75,0.2,1,0.1,200,1000,1,0,10,182.067669172932,18.1067669172932,0.133,133,TRUE
2.7,5623.41325190349,3.75,0.2,1,0.1,200,1000,1,0,10,177.751004016064,17.6751004016064,0.249,249,TRUE
2.8,5623.41325190349,3.75,0.2,1,0.1,200,1000,1,0,10,177.2125,17.62125,0.32,320,TRUE
2.9,5623.41325190349,3.75,0.2,1,0.1,200,1000,1,0,10,171.140589569161,17.0140589569161,0.441,441,TRUE
3,5623.41325190349,3.75,0.2,1,0.1,200,1000,1,0,10,165.83185840708,16.483185840708,0.565,565,TRUE
3.1,5623.41325190349,3.75,0.2,1,0.1,200,1000,1,0,10,166.706436420722,16.5706436420722,0.637,637,TRUE
3.2,5623.41325190349,3.75,0.2,1,0.1,200,1000,1,0,10,159.835781041389,15.8835781041389,0.749,749,TRUE
3.3,5623.41325190349,3.75,0.2,1,0.1,200,1000,1,0,10,156.826086956522,15.5826086956522,0.759,759,TRUE
3.4,5623.41325190349,3.75,0.2,1,0.1,200,1000,1,0,10,153.465737514518,15.2465737514518,0.861,861,TRUE
3.5,5623.41325190349,3.75,0.2,1,0.1,200,1000,1,0,10,149.712514092446,14.8712514092446,0.887,887,TRUE
3.6,5623.41325190349,3.75,0.2,1,0.1,200,1000,1,0,10,146.322510822511,14.5322510822511,0.924,924,TRUE
3.7,5623.41325190349,3.75,0.2,1,0.1,200,1000,1,0,10,144.315228966986,14.3315228966986,0.939,939,TRUE
3.8,5623.41325190349,3.75,0.2,1,0.1,200,1000,1,0,10,143.136645962733,14.2136645962733,0.966,966,TRUE
3.9,5623.41325190349,3.75,0.2,1,0.1,200,1000,1,0,10,139.703172978506,13.8703172978506,0.977,977,TRUE
4,5623.41325190349,3.75,0.2,1,0.1,200,1000,1,0,10,136.725690890481,13.5725690890481,0.977,977,TRUE
4.1,5623.41325190349,3.75,0.2,1,0.1,200,1000,1,0,10,134.018311291963,13.3018311291963,0.983,983,TRUE
4.2,5623.41325190349,3.75,0.2,1,0.1,200,1000,1,0,10,131.048289738431,13.0048289738431,0.994,994,TRUE
4.3,5623.41325190349,3.75,0.2,1,0.1,200,1000,1,0,10,131.964717741935,13.0964717741935,0.992,992,TRUE
4.4,5623.41325190349,3.75,0.2,1,0.1,200,1000,1,0,10,129.111557788945,12.8111557788945,0.995,995,TRUE
4.5,5623.41325190349,3.75,0.2,1,0.1,200,1000,1,0,10,127.58074222668,12.658074222668,0.997,997,TRUE
4.6,5623.41325190349,3.75,0.2,1,0.1,200,1000,1,0,10,124.538076152305,12.3538076152305,0.998,998,TRUE
4.7,5623.41325190349,3.75,0.2,1,0.1,200,1000,1,0,10,125.077154308617,12.4077154308617,0.998,998,TRUE
4.8,5623.41325190349,3.75,0.2,1,0.1,200,1000,1,0,10,123.264264264264,12.2264264264264,0.999,999,TRUE
4.9,5623.41325190349,3.75,0.2,1,0.1,200,1000,1,0,10,122.299,12.1299,1,1000,TRUE
5,5623.41325190349,3.75,0.2,1,0.1,200,1000,1,0,10,120.553,11.9553,1,1000,TRUE
1.1,10000,4,0.2,1,0.1,200,1000,1,0,10,86.4627450980392,8.54627450980392,0.255,255,TRUE
1.2,10000,4,0.2,1,0.1,200,1000,1,0,10,63.8,6.28,0.115,115,TRUE
1.3,10000,4,0.2,1,0.1,200,1000,1,0,10,51.3125,5.03125,0.064,64,TRUE
1.4,10000,4,0.2,1,0.1,200,1000,1,0,10,35.475,3.4475,0.04,40,TRUE
1.5,10000,4,0.2,1,0.1,200,1000,1,0,10,29.6428571428571,2.86428571428571,0.028,28,TRUE
1.6,10000,4,0.2,1,0.1,200,1000,1,0,10,21.5384615384615,2.05384615384615,0.013,13,TRUE
1.7,10000,4,0.2,1,0.1,200,1000,1,0,10,28,2.7,0.008,8,TRUE
1.8,10000,4,0.2,1,0.1,200,1000,1,0,10,12.8571428571429,1.18571428571429,0.007,7,TRUE
1.9,10000,4,0.2,1,0.1,200,1000,1,0,10,15,1.4,0.004,4,TRUE
2,10000,4,0.2,1,0.1,200,1000,1,0,10,11.5,1.05,0.002,2,TRUE
2.1,10000,4,0.2,1,0.1,200,1000,1,0,10,15.375,1.4375,0.008,8,TRUE
2.2,10000,4,0.2,1,0.1,200,1000,1,0,10,18,1.7,0.002,2,TRUE
2.3,10000,4,0.2,1,0.1,200,1000,1,0,10,104.5,10.35,0.002,2,TRUE
2.4,10000,4,0.2,1,0.1,200,1000,1,0,10,150.714285714286,14.9714285714286,0.007,7,TRUE
2.5,10000,4,0.2,1,0.1,200,1000,1,0,10,191.071428571429,19.0071428571429,0.014,14,TRUE
2.6,10000,4,0.2,1,0.1,200,1000,1,0,10,197.666666666667,19.6666666666667,0.039,39,TRUE
2.7,10000,4,0.2,1,0.1,200,1000,1,0,10,182.68115942029,18.168115942029,0.069,69,TRUE
2.8,10000,4,0.2,1,0.1,200,1000,1,0,10,185.531914893617,18.4531914893617,0.141,141,TRUE
2.9,10000,4,0.2,1,0.1,200,1000,1,0,10,184.111607142857,18.3111607142857,0.224,224,TRUE
3,10000,4,0.2,1,0.1,200,1000,1,0,10,179.335347432024,17.8335347432024,0.331,331,TRUE
3.1,10000,4,0.2,1,0.1,200,1000,1,0,10,176.279909706546,17.5279909706546,0.443,443,TRUE
3.2,10000,4,0.2,1,0.1,200,1000,1,0,10,172.220994475138,17.1220994475138,0.543,543,TRUE
3.3,10000,4,0.2,1,0.1,200,1000,1,0,10,167.672727272727,16.6672727272727,0.66,660,TRUE
3.4,10000,4,0.2,1,0.1,200,1000,1,0,10,165.433962264151,16.4433962264151,0.742,742,TRUE
3.5,10000,4,0.2,1,0.1,200,1000,1,0,10,160.996319018405,15.9996319018405,0.815,815,TRUE
3.6,10000,4,0.2,1,0.1,200,1000,1,0,10,157.383707201889,15.6383707201889,0.847,847,TRUE
3.7,10000,4,0.2,1,0.1,200,1000,1,0,10,154.199084668192,15.3199084668192,0.874,874,TRUE
3.8,10000,4,0.2,1,0.1,200,1000,1,0,10,150.566810344828,14.9566810344828,0.928,928,TRUE
3.9,10000,4,0.2,1,0.1,200,1000,1,0,10,149.225531914894,14.8225531914894,0.94,940,TRUE
4,10000,4,0.2,1,0.1,200,1000,1,0,10,147.646265560166,14.6646265560166,0.964,964,TRUE
4.1,10000,4,0.2,1,0.1,200,1000,1,0,10,145.19052523172,14.419052523172,0.971,971,TRUE
4.2,10000,4,0.2,1,0.1,200,1000,1,0,10,142.596527068437,14.1596527068437,0.979,979,TRUE
4.3,10000,4,0.2,1,0.1,200,1000,1,0,10,139.409456740443,13.8409456740443,0.994,994,TRUE
4.4,10000,4,0.2,1,0.1,200,1000,1,0,10,138.015182186235,13.7015182186235,0.988,988,TRUE
4.5,10000,4,0.2,1,0.1,200,1000,1,0,10,135.888329979879,13.4888329979879,0.994,994,TRUE
4.6,10000,4,0.2,1,0.1,200,1000,1,0,10,135.647236180905,13.4647236180905,0.995,995,TRUE
4.7,10000,4,0.2,1,0.1,200,1000,1,0,10,133.473420260782,13.2473420260782,0.997,997,TRUE
4.8,10000,4,0.2,1,0.1,200,1000,1,0,10,132.235470941884,13.1235470941884,0.998,998,TRUE
4.9,10000,4,0.2,1,0.1,200,1000,1,0,10,131.099,13.0099,1,1000,TRUE
5,10000,4,0.2,1,0.1,200,1000,1,0,10,129.755,12.8755,1,1000,TRUE
1.1,17782.7941003892,4.25,0.2,1,0.1,200,1000,1,0,10,79.3624454148472,7.83624454148472,0.229,229,TRUE
1.2,17782.7941003892,4.25,0.2,1,0.1,200,1000,1,0,10,53.7244897959184,5.27244897959184,0.098,98,TRUE
1.3,17782.7941003892,4.25,0.2,1,0.1,200,1000,1,0,10,43.7543859649123,4.27543859649123,0.057,57,TRUE
1.4,17782.7941003892,4.25,0.2,1,0.1,200,1000,1,0,10,39.7435897435897,3.87435897435897,0.039,39,TRUE
1.5,17782.7941003892,4.25,0.2,1,0.1,200,1000,1,0,10,33.6521739130435,3.26521739130435,0.023,23,TRUE
1.6,17782.7941003892,4.25,0.2,1,0.1,200,1000,1,0,10,26.6666666666667,2.56666666666667,0.015,15,TRUE
1.7,17782.7941003892,4.25,0.2,1,0.1,200,1000,1,0,10,34,3.3,0.009,9,TRUE
1.8,17782.7941003892,4.25,0.2,1,0.1,200,1000,1,0,10,31.8,3.08,0.005,5,TRUE
1.9,17782.7941003892,4.25,0.2,1,0.1,200,1000,1,0,10,20,1.9,0.008,8,TRUE
2,17782.7941003892,4.25,0.2,1,0.1,200,1000,1,0,10,10,0.9,0.001,1,TRUE
2.1,17782.7941003892,4.25,0.2,1,0.1,200,1000,1,0,10,21.3333333333333,2.03333333333333,0.006,6,TRUE
2.2,17782.7941003892,4.25,0.2,1,0.1,200,1000,1,0,10,18,1.7,0.004,4,TRUE
2.3,17782.7941003892,4.25,0.2,1,0.1,200,1000,1,0,10,8,0.7,0.001,1,TRUE
2.4,17782.7941003892,4.25,0.2,1,0.1,200,1000,1,0,10,17,1.6,0.001,1,TRUE
2.5,17782.7941003892,4.25,0.2,1,0.1,200,1000,1,0,10,138.666666666667,13.7666666666667,0.003,3,TRUE
2.6,17782.7941003892,4.25,0.2,1,0.1,200,1000,1,0,10,10,0.9,0.001,1,TRUE
2.7,17782.7941003892,4.25,0.2,1,0.1,200,1000,1,0,10,173.916666666667,17.2916666666667,0.012,12,TRUE
2.8,17782.7941003892,4.25,0.2,1,0.1,200,1000,1,0,10,193.64,19.264,0.025,25,TRUE
2.9,17782.7941003892,4.25,0.2,1,0.1,200,1000,1,0,10,195.8,19.48,0.075,75,TRUE
3,17782.7941003892,4.25,0.2,1,0.1,200,1000,1,0,10,191.460431654676,19.0460431654676,0.139,139,TRUE
3.1,17782.7941003892,4.25,0.2,1,0.1,200,1000,1,0,10,187.026785714286,18.6026785714286,0.224,224,TRUE
3.2,17782.7941003892,4.25,0.2,1,0.1,200,1000,1,0,10,183.404069767442,18.2404069767442,0.344,344,TRUE
3.3,17782.7941003892,4.25,0.2,1,0.1,200,1000,1,0,10,180.197033898305,17.9197033898305,0.472,472,TRUE
3.4,17782.7941003892,4.25,0.2,1,0.1,200,1000,1,0,10,176.354385964912,17.5354385964912,0.57,570,TRUE
3.5,17782.7941003892,4.25,0.2,1,0.1,200,1000,1,0,10,173.359281437126,17.2359281437126,0.668,668,TRUE
3.6,17782.7941003892,4.25,0.2,1,0.1,200,1000,1,0,10,170.363031914894,16.9363031914894,0.752,752,TRUE
3.7,17782.7941003892,4.25,0.2,1,0.1,200,1000,1,0,10,165.992779783394,16.4992779783394,0.831,831,TRUE
3.8,17782.7941003892,4.25,0.2,1,0.1,200,1000,1,0,10,162.597447795824,16.1597447795824,0.862,862,TRUE
3.9,17782.7941003892,4.25,0.2,1,0.1,200,1000,1,0,10,161.836484983315,16.0836484983315,0.899,899,TRUE
4,17782.7941003892,4.25,0.2,1,0.1,200,1000,1,0,10,157.776119402985,15.6776119402985,0.938,938,TRUE
4.1,17782.7941003892,4.25,0.2,1,0.1,200,1000,1,0,10,154.913865546218,15.3913865546218,0.952,952,TRUE
4.2,17782.7941003892,4.25,0.2,1,0.1,200,1000,1,0,10,152.775489186406,15.1775489186406,0.971,971,TRUE
4.3,17782.7941003892,4.25,0.2,1,0.1,200,1000,1,0,10,151.344512195122,15.0344512195122,0.984,984,TRUE
4.4,17782.7941003892,4.25,0.2,1,0.1,200,1000,1,0,10,147.701932858596,14.6701932858596,0.983,983,TRUE
4.5,17782.7941003892,4.25,0.2,1,0.1,200,1000,1,0,10,146.195939086294,14.5195939086294,0.985,985,TRUE
4.6,17782.7941003892,4.25,0.2,1,0.1,200,1000,1,0,10,144.355915065723,14.3355915065723,0.989,989,TRUE
4.7,17782.7941003892,4.25,0.2,1,0.1,200,1000,1,0,10,142.304828973843,14.1304828973843,0.994,994,TRUE
4.8,17782.7941003892,4.25,0.2,1,0.1,200,1000,1,0,10,142.148148148148,14.1148148148148,0.999,999,TRUE
4.9,17782.7941003892,4.25,0.2,1,0.1,200,1000,1,0,10,138.582329317269,13.7582329317269,0.996,996,TRUE
5,17782.7941003892,4.25,0.2,1,0.1,200,1000,1,0,10,138.396586345382,13.7396586345382,0.996,996,TRUE
1.1,31622.7766016838,4.5,0.2,1,0.1,200,1000,1,0,10,90.5798319327731,8.95798319327731,0.238,238,TRUE
1.2,31622.7766016838,4.5,0.2,1,0.1,200,1000,1,0,10,59.3070175438597,5.83070175438597,0.114,114,TRUE
1.3,31622.7766016838,4.5,0.2,1,0.1,200,1000,1,0,10,42.2602739726027,4.12602739726027,0.073,73,TRUE
1.4,31622.7766016838,4.5,0.2,1,0.1,200,1000,1,0,10,34.9285714285714,3.39285714285714,0.028,28,TRUE
1.5,31622.7766016838,4.5,0.2,1,0.1,200,1000,1,0,10,26.8636363636364,2.58636363636364,0.022,22,TRUE
1.6,31622.7766016838,4.5,0.2,1,0.1,200,1000,1,0,10,23.4666666666667,2.24666666666667,0.015,15,TRUE
1.7,31622.7766016838,4.5,0.2,1,0.1,200,1000,1,0,10,27.5555555555556,2.65555555555556,0.009,9,TRUE
1.8,31622.7766016838,4.5,0.2,1,0.1,200,1000,1,0,10,17.625,1.6625,0.008,8,TRUE
1.9,31622.7766016838,4.5,0.2,1,0.1,200,1000,1,0,10,28.25,2.725,0.004,4,TRUE
2,31622.7766016838,4.5,0.2,1,0.1,200,1000,1,0,10,23.3333333333333,2.23333333333333,0.003,3,TRUE
2.1,31622.7766016838,4.5,0.2,1,0.1,200,1000,1,0,10,14.5,1.35,0.006,6,TRUE
2.2,31622.7766016838,4.5,0.2,1,0.1,200,1000,1,0,10,60,5.9,0.001,1,TRUE
2.3,31622.7766016838,4.5,0.2,1,0.1,200,1000,1,0,10,NA,NA,0,0,FALSE
2.4,31622.7766016838,4.5,0.2,1,0.1,200,1000,1,0,10,9.75,0.875,0.004,4,TRUE
2.5,31622.7766016838,4.5,0.2,1,0.1,200,1000,1,0,10,4.8,0.38,0.005,5,TRUE
2.6,31622.7766016838,4.5,0.2,1,0.1,200,1000,1,0,10,13,1.2,0.001,1,TRUE
2.7,31622.7766016838,4.5,0.2,1,0.1,200,1000,1,0,10,8.5,0.75,0.002,2,TRUE
2.8,31622.7766016838,4.5,0.2,1,0.1,200,1000,1,0,10,114.5,11.35,0.002,2,TRUE
2.9,31622.7766016838,4.5,0.2,1,0.1,200,1000,1,0,10,161.375,16.0375,0.008,8,TRUE
3,31622.7766016838,4.5,0.2,1,0.1,200,1000,1,0,10,200.137931034483,19.9137931034483,0.029,29,TRUE
3.1,31622.7766016838,4.5,0.2,1,0.1,200,1000,1,0,10,196.225352112676,19.5225352112676,0.071,71,TRUE
3.2,31622.7766016838,4.5,0.2,1,0.1,200,1000,1,0,10,194.625806451613,19.3625806451613,0.155,155,TRUE
3.3,31622.7766016838,4.5,0.2,1,0.1,200,1000,1,0,10,193.249011857708,19.2249011857708,0.253,253,TRUE
3.4,31622.7766016838,4.5,0.2,1,0.1,200,1000,1,0,10,188.808785529716,18.7808785529716,0.387,387,TRUE
3.5,31622.7766016838,4.5,0.2,1,0.1,200,1000,1,0,10,185.951737451737,18.4951737451737,0.518,518,TRUE
3.6,31622.7766016838,4.5,0.2,1,0.1,200,1000,1,0,10,181.093137254902,18.0093137254902,0.612,612,TRUE
3.7,31622.7766016838,4.5,0.2,1,0.1,200,1000,1,0,10,177.654624277457,17.6654624277457,0.692,692,TRUE
3.8,31622.7766016838,4.5,0.2,1,0.1,200,1000,1,0,10,175.363177805801,17.4363177805801,0.793,793,TRUE
3.9,31622.7766016838,4.5,0.2,1,0.1,200,1000,1,0,10,172.925,17.1925,0.84,840,TRUE
4,31622.7766016838,4.5,0.2,1,0.1,200,1000,1,0,10,168.754266211604,16.7754266211604,0.879,879,TRUE
4.1,31622.7766016838,4.5,0.2,1,0.1,200,1000,1,0,10,165.776444929117,16.4776444929117,0.917,917,TRUE
4.2,31622.7766016838,4.5,0.2,1,0.1,200,1000,1,0,10,163.058947368421,16.2058947368421,0.95,950,TRUE
4.3,31622.7766016838,4.5,0.2,1,0.1,200,1000,1,0,10,160.882901554404,15.9882901554404,0.965,965,TRUE
4.4,31622.7766016838,4.5,0.2,1,0.1,200,1000,1,0,10,158.030737704918,15.7030737704918,0.976,976,TRUE
4.5,31622.7766016838,4.5,0.2,1,0.1,200,1000,1,0,10,154.69481180061,15.369481180061,0.983,983,TRUE
4.6,31622.7766016838,4.5,0.2,1,0.1,200,1000,1,0,10,154.148936170213,15.3148936170213,0.987,987,TRUE
4.7,31622.7766016838,4.5,0.2,1,0.1,200,1000,1,0,10,152.416750756811,15.1416750756811,0.991,991,TRUE
4.8,31622.7766016838,4.5,0.2,1,0.1,200,1000,1,0,10,149.488977955912,14.8488977955912,0.998,998,TRUE
4.9,31622.7766016838,4.5,0.2,1,0.1,200,1000,1,0,10,149.252515090543,14.8252515090543,0.994,994,TRUE
5,31622.7766016838,4.5,0.2,1,0.1,200,1000,1,0,10,146.798792756539,14.5798792756539,0.994,994,TRUE
1.1,56234.1325190349,4.75,0.2,1,0.1,200,1000,1,0,10,85.7909836065574,8.47909836065574,0.244,244,TRUE
1.2,56234.1325190349,4.75,0.2,1,0.1,200,1000,1,0,10,53.1953125,5.21953125,0.128,128,TRUE
1.3,56234.1325190349,4.75,0.2,1,0.1,200,1000,1,0,10,50.9814814814815,4.99814814814815,0.054,54,TRUE
1.4,56234.1325190349,4.75,0.2,1,0.1,200,1000,1,0,10,34.8333333333333,3.38333333333333,0.03,30,TRUE
1.5,56234.1325190349,4.75,0.2,1,0.1,200,1000,1,0,10,29.6666666666667,2.86666666666667,0.018,18,TRUE
1.6,56234.1325190349,4.75,0.2,1,0.1,200,1000,1,0,10,27.5,2.65,0.012,12,TRUE
1.7,56234.1325190349,4.75,0.2,1,0.1,200,1000,1,0,10,17.1666666666667,1.61666666666667,0.006,6,TRUE
1.8,56234.1325190349,4.75,0.2,1,0.1,200,1000,1,0,10,32.875,3.1875,0.008,8,TRUE
1.9,56234.1325190349,4.75,0.2,1,0.1,200,1000,1,0,10,15.875,1.4875,0.008,8,TRUE
2,56234.1325190349,4.75,0.2,1,0.1,200,1000,1,0,10,17,1.6,0.002,2,TRUE
2.1,56234.1325190349,4.75,0.2,1,0.1,200,1000,1,0,10,13.6666666666667,1.26666666666667,0.003,3,TRUE
2.2,56234.1325190349,4.75,0.2,1,0.1,200,1000,1,0,10,3,0.2,0.002,2,TRUE
2.3,56234.1325190349,4.75,0.2,1,0.1,200,1000,1,0,10,10.75,0.975,0.004,4,TRUE
2.4,56234.1325190349,4.75,0.2,1,0.1,200,1000,1,0,10,12,1.1,0.002,2,TRUE
2.5,56234.1325190349,4.75,0.2,1,0.1,200,1000,1,0,10,10,0.9,0.001,1,TRUE
2.6,56234.1325190349,4.75,0.2,1,0.1,200,1000,1,0,10,1,0,0.001,1,TRUE
2.7,56234.1325190349,4.75,0.2,1,0.1,200,1000,1,0,10,12,1.1,0.005,5,TRUE
2.8,56234.1325190349,4.75,0.2,1,0.1,200,1000,1,0,10,2.33333333333333,0.133333333333333,0.003,3,TRUE
2.9,56234.1325190349,4.75,0.2,1,0.1,200,1000,1,0,10,NA,NA,0,0,FALSE
3,56234.1325190349,4.75,0.2,1,0.1,200,1000,1,0,10,209.666666666667,20.8666666666667,0.003,3,TRUE
3.1,56234.1325190349,4.75,0.2,1,0.1,200,1000,1,0,10,165.444444444444,16.4444444444444,0.009,9,TRUE
3.2,56234.1325190349,4.75,0.2,1,0.1,200,1000,1,0,10,207.302325581395,20.6302325581395,0.043,43,TRUE
3.3,56234.1325190349,4.75,0.2,1,0.1,200,1000,1,0,10,201.03488372093,20.003488372093,0.086,86,TRUE
3.4,56234.1325190349,4.75,0.2,1,0.1,200,1000,1,0,10,198.558011049724,19.7558011049724,0.181,181,TRUE
3.5,56234.1325190349,4.75,0.2,1,0.1,200,1000,1,0,10,197.212698412698,19.6212698412698,0.315,315,TRUE
3.6,56234.1325190349,4.75,0.2,1,0.1,200,1000,1,0,10,194.52358490566,19.352358490566,0.424,424,TRUE
3.7,56234.1325190349,4.75,0.2,1,0.1,200,1000,1,0,10,188.764492753623,18.7764492753623,0.552,552,TRUE
3.8,56234.1325190349,4.75,0.2,1,0.1,200,1000,1,0,10,187.453857791225,18.6453857791225,0.661,661,TRUE
3.9,56234.1325190349,4.75,0.2,1,0.1,200,1000,1,0,10,182.780455153949,18.1780455153949,0.747,747,TRUE
4,56234.1325190349,4.75,0.2,1,0.1,200,1000,1,0,10,179.85396039604,17.885396039604,0.808,808,TRUE
4.1,56234.1325190349,4.75,0.2,1,0.1,200,1000,1,0,10,177.114994363021,17.6114994363021,0.887,887,TRUE
4.2,56234.1325190349,4.75,0.2,1,0.1,200,1000,1,0,10,174.015642458101,17.3015642458101,0.895,895,TRUE
4.3,56234.1325190349,4.75,0.2,1,0.1,200,1000,1,0,10,171.657725321888,17.0657725321888,0.932,932,TRUE
4.4,56234.1325190349,4.75,0.2,1,0.1,200,1000,1,0,10,167.958027282267,16.6958027282267,0.953,953,TRUE
4.5,56234.1325190349,4.75,0.2,1,0.1,200,1000,1,0,10,166.331243469174,16.5331243469175,0.957,957,TRUE
4.6,56234.1325190349,4.75,0.2,1,0.1,200,1000,1,0,10,163.092402464066,16.2092402464066,0.974,974,TRUE
4.7,56234.1325190349,4.75,0.2,1,0.1,200,1000,1,0,10,161.069979716024,16.0069979716024,0.986,986,TRUE
4.8,56234.1325190349,4.75,0.2,1,0.1,200,1000,1,0,10,158.691056910569,15.7691056910569,0.984,984,TRUE
4.9,56234.1325190349,4.75,0.2,1,0.1,200,1000,1,0,10,157.979838709677,15.6979838709677,0.992,992,TRUE
5,56234.1325190349,4.75,0.2,1,0.1,200,1000,1,0,10,155.383149448345,15.4383149448345,0.997,997,TRUE
1.1,1e+05,5,0.2,1,0.1,200,1000,1,0,10,95.0972762645914,9.40972762645914,0.257,257,TRUE
1.2,1e+05,5,0.2,1,0.1,200,1000,1,0,10,68.5142857142857,6.75142857142857,0.105,105,TRUE
1.3,1e+05,5,0.2,1,0.1,200,1000,1,0,10,50.2407407407407,4.92407407407407,0.054,54,TRUE
1.4,1e+05,5,0.2,1,0.1,200,1000,1,0,10,29.1388888888889,2.81388888888889,0.036,36,TRUE
1.5,1e+05,5,0.2,1,0.1,200,1000,1,0,10,28.3333333333333,2.73333333333333,0.012,12,TRUE
1.6,1e+05,5,0.2,1,0.1,200,1000,1,0,10,29.3684210526316,2.83684210526316,0.019,19,TRUE
1.7,1e+05,5,0.2,1,0.1,200,1000,1,0,10,25.9,2.49,0.01,10,TRUE
1.8,1e+05,5,0.2,1,0.1,200,1000,1,0,10,20.7777777777778,1.97777777777778,0.009,9,TRUE
1.9,1e+05,5,0.2,1,0.1,200,1000,1,0,10,21,2,0.004,4,TRUE
2,1e+05,5,0.2,1,0.1,200,1000,1,0,10,18.3333333333333,1.73333333333333,0.003,3,TRUE
2.1,1e+05,5,0.2,1,0.1,200,1000,1,0,10,29.3333333333333,2.83333333333333,0.003,3,TRUE
2.2,1e+05,5,0.2,1,0.1,200,1000,1,0,10,5,0.4,0.001,1,TRUE
2.3,1e+05,5,0.2,1,0.1,200,1000,1,0,10,11.5,1.05,0.002,2,TRUE
2.4,1e+05,5,0.2,1,0.1,200,1000,1,0,10,6,0.5,0.001,1,TRUE
2.5,1e+05,5,0.2,1,0.1,200,1000,1,0,10,NA,NA,0,0,FALSE
2.6,1e+05,5,0.2,1,0.1,200,1000,1,0,10,22,2.1,0.001,1,TRUE
2.7,1e+05,5,0.2,1,0.1,200,1000,1,0,10,14,1.3,0.001,1,TRUE
2.8,1e+05,5,0.2,1,0.1,200,1000,1,0,10,15,1.4,0.001,1,TRUE
2.9,1e+05,5,0.2,1,0.1,200,1000,1,0,10,NA,NA,0,0,FALSE
3,1e+05,5,0.2,1,0.1,200,1000,1,0,10,NA,NA,0,0,FALSE
3.1,1e+05,5,0.2,1,0.1,200,1000,1,0,10,NA,NA,0,0,FALSE
3.2,1e+05,5,0.2,1,0.1,200,1000,1,0,10,231,23,0.004,4,TRUE
3.3,1e+05,5,0.2,1,0.1,200,1000,1,0,10,211.333333333333,21.0333333333333,0.015,15,TRUE
3.4,1e+05,5,0.2,1,0.1,200,1000,1,0,10,204.068181818182,20.3068181818182,0.044,44,TRUE
3.5,1e+05,5,0.2,1,0.1,200,1000,1,0,10,207.857142857143,20.6857142857143,0.133,133,TRUE
3.6,1e+05,5,0.2,1,0.1,200,1000,1,0,10,203.281690140845,20.2281690140845,0.213,213,TRUE
3.7,1e+05,5,0.2,1,0.1,200,1000,1,0,10,201.663768115942,20.0663768115942,0.345,345,TRUE
3.8,1e+05,5,0.2,1,0.1,200,1000,1,0,10,196.518348623853,19.5518348623853,0.436,436,TRUE
3.9,1e+05,5,0.2,1,0.1,200,1000,1,0,10,196.369602763385,19.5369602763385,0.579,579,TRUE
4,1e+05,5,0.2,1,0.1,200,1000,1,0,10,191.024182076814,19.0024182076814,0.703,703,TRUE
4.1,1e+05,5,0.2,1,0.1,200,1000,1,0,10,187.720551378446,18.6720551378446,0.798,798,TRUE
4.2,1e+05,5,0.2,1,0.1,200,1000,1,0,10,185.194244604317,18.4194244604317,0.834,834,TRUE
4.3,1e+05,5,0.2,1,0.1,200,1000,1,0,10,181.47065462754,18.047065462754,0.886,886,TRUE
4.4,1e+05,5,0.2,1,0.1,200,1000,1,0,10,178.801991150442,17.7801991150443,0.904,904,TRUE
4.5,1e+05,5,0.2,1,0.1,200,1000,1,0,10,176.270613107822,17.5270613107822,0.946,946,TRUE
4.6,1e+05,5,0.2,1,0.1,200,1000,1,0,10,173.736297828335,17.2736297828335,0.967,967,TRUE
4.7,1e+05,5,0.2,1,0.1,200,1000,1,0,10,171.721193415638,17.0721193415638,0.972,972,TRUE
4.8,1e+05,5,0.2,1,0.1,200,1000,1,0,10,169.332317073171,16.8332317073171,0.984,984,TRUE
4.9,1e+05,5,0.2,1,0.1,200,1000,1,0,10,167.433808553971,16.6433808553972,0.982,982,TRUE
5,1e+05,5,0.2,1,0.1,200,1000,1,0,10,164.459049544995,16.3459049544995,0.989,989,TRUE
1.1,177827.941003892,5.25,0.2,1,0.1,200,1000,1,0,10,90.3438735177866,8.93438735177866,0.253,253,TRUE
1.2,177827.941003892,5.25,0.2,1,0.1,200,1000,1,0,10,54.8425925925926,5.38425925925926,0.108,108,TRUE
1.3,177827.941003892,5.25,0.2,1,0.1,200,1000,1,0,10,48.84375,4.784375,0.064,64,TRUE
1.4,177827.941003892,5.25,0.2,1,0.1,200,1000,1,0,10,33.8947368421053,3.28947368421053,0.038,38,TRUE
1.5,177827.941003892,5.25,0.2,1,0.1,200,1000,1,0,10,33.6666666666667,3.26666666666667,0.027,27,TRUE
1.6,177827.941003892,5.25,0.2,1,0.1,200,1000,1,0,10,26.3571428571429,2.53571428571429,0.014,14,TRUE
1.7,177827.941003892,5.25,0.2,1,0.1,200,1000,1,0,10,37.5,3.65,0.01,10,TRUE
1.8,177827.941003892,5.25,0.2,1,0.1,200,1000,1,0,10,15.2,1.42,0.005,5,TRUE
1.9,177827.941003892,5.25,0.2,1,0.1,200,1000,1,0,10,20.125,1.9125,0.008,8,TRUE
2,177827.941003892,5.25,0.2,1,0.1,200,1000,1,0,10,17.6666666666667,1.66666666666667,0.003,3,TRUE
2.1,177827.941003892,5.25,0.2,1,0.1,200,1000,1,0,10,11.5714285714286,1.05714285714286,0.007,7,TRUE
2.2,177827.941003892,5.25,0.2,1,0.1,200,1000,1,0,10,12.5,1.15,0.002,2,TRUE
2.3,177827.941003892,5.25,0.2,1,0.1,200,1000,1,0,10,5,0.4,0.001,1,TRUE
2.4,177827.941003892,5.25,0.2,1,0.1,200,1000,1,0,10,5,0.4,0.001,1,TRUE
2.5,177827.941003892,5.25,0.2,1,0.1,200,1000,1,0,10,6.66666666666667,0.566666666666667,0.003,3,TRUE
2.6,177827.941003892,5.25,0.2,1,0.1,200,1000,1,0,10,9.5,0.85,0.002,2,TRUE
2.7,177827.941003892,5.25,0.2,1,0.1,200,1000,1,0,10,7,0.6,0.001,1,TRUE
2.8,177827.941003892,5.25,0.2,1,0.1,200,1000,1,0,10,NA,NA,0,0,FALSE
2.9,177827.941003892,5.25,0.2,1,0.1,200,1000,1,0,10,1,0,0.001,1,TRUE
3,177827.941003892,5.25,0.2,1,0.1,200,1000,1,0,10,NA,NA,0,0,FALSE
3.1,177827.941003892,5.25,0.2,1,0.1,200,1000,1,0,10,8,0.7,0.001,1,TRUE
3.2,177827.941003892,5.25,0.2,1,0.1,200,1000,1,0,10,8,0.7,0.001,1,TRUE
3.3,177827.941003892,5.25,0.2,1,0.1,200,1000,1,0,10,7.5,0.65,0.002,2,TRUE
3.4,177827.941003892,5.25,0.2,1,0.1,200,1000,1,0,10,222,22.1,0.004,4,TRUE
3.5,177827.941003892,5.25,0.2,1,0.1,200,1000,1,0,10,220.041666666667,21.9041666666667,0.024,24,TRUE
3.6,177827.941003892,5.25,0.2,1,0.1,200,1000,1,0,10,218.205882352941,21.7205882352941,0.068,68,TRUE
3.7,177827.941003892,5.25,0.2,1,0.1,200,1000,1,0,10,215.598639455782,21.4598639455782,0.147,147,TRUE
3.8,177827.941003892,5.25,0.2,1,0.1,200,1000,1,0,10,209.153846153846,20.8153846153846,0.247,247,TRUE
3.9,177827.941003892,5.25,0.2,1,0.1,200,1000,1,0,10,207.441326530612,20.6441326530612,0.392,392,TRUE
4,177827.941003892,5.25,0.2,1,0.1,200,1000,1,0,10,202.92438563327,20.192438563327,0.529,529,TRUE
4.1,177827.941003892,5.25,0.2,1,0.1,200,1000,1,0,10,200.185419968304,19.9185419968304,0.631,631,TRUE
4.2,177827.941003892,5.25,0.2,1,0.1,200,1000,1,0,10,196.55223880597,19.555223880597,0.737,737,TRUE
4.3,177827.941003892,5.25,0.2,1,0.1,200,1000,1,0,10,191.913098236776,19.0913098236776,0.794,794,TRUE
4.4,177827.941003892,5.25,0.2,1,0.1,200,1000,1,0,10,189.754098360656,18.8754098360656,0.854,854,TRUE
4.5,177827.941003892,5.25,0.2,1,0.1,200,1000,1,0,10,186.276785714286,18.5276785714286,0.896,896,TRUE
4.6,177827.941003892,5.25,0.2,1,0.1,200,1000,1,0,10,184.60752688172,18.360752688172,0.93,930,TRUE
4.7,177827.941003892,5.25,0.2,1,0.1,200,1000,1,0,10,180.405462184874,17.9405462184874,0.952,952,TRUE
4.8,177827.941003892,5.25,0.2,1,0.1,200,1000,1,0,10,179.154639175258,17.8154639175258,0.97,970,TRUE
4.9,177827.941003892,5.25,0.2,1,0.1,200,1000,1,0,10,176.819487179487,17.5819487179487,0.975,975,TRUE
5,177827.941003892,5.25,0.2,1,0.1,200,1000,1,0,10,175.051987767584,17.4051987767584,0.981,981,TRUE
1.1,316227.766016838,5.5,0.2,1,0.1,200,1000,1,0,10,75.878431372549,7.4878431372549,0.255,255,TRUE
1.2,316227.766016838,5.5,0.2,1,0.1,200,1000,1,0,10,57.8301886792453,5.68301886792453,0.106,106,TRUE
1.3,316227.766016838,5.5,0.2,1,0.1,200,1000,1,0,10,39.9090909090909,3.89090909090909,0.055,55,TRUE
1.4,316227.766016838,5.5,0.2,1,0.1,200,1000,1,0,10,36.3333333333333,3.53333333333333,0.027,27,TRUE
1.5,316227.766016838,5.5,0.2,1,0.1,200,1000,1,0,10,37.59375,3.659375,0.032,32,TRUE
1.6,316227.766016838,5.5,0.2,1,0.1,200,1000,1,0,10,23.1333333333333,2.21333333333333,0.015,15,TRUE
1.7,316227.766016838,5.5,0.2,1,0.1,200,1000,1,0,10,16.9,1.59,0.01,10,TRUE
1.8,316227.766016838,5.5,0.2,1,0.1,200,1000,1,0,10,17.2222222222222,1.62222222222222,0.009,9,TRUE
1.9,316227.766016838,5.5,0.2,1,0.1,200,1000,1,0,10,31,3,0.006,6,TRUE
2,316227.766016838,5.5,0.2,1,0.1,200,1000,1,0,10,10.2,0.92,0.005,5,TRUE
2.1,316227.766016838,5.5,0.2,1,0.1,200,1000,1,0,10,9.33333333333333,0.833333333333333,0.003,3,TRUE
2.2,316227.766016838,5.5,0.2,1,0.1,200,1000,1,0,10,12.5,1.15,0.002,2,TRUE
2.3,316227.766016838,5.5,0.2,1,0.1,200,1000,1,0,10,NA,NA,0,0,FALSE
2.4,316227.766016838,5.5,0.2,1,0.1,200,1000,1,0,10,27,2.6,0.001,1,TRUE
2.5,316227.766016838,5.5,0.2,1,0.1,200,1000,1,0,10,10,0.9,0.004,4,TRUE
2.6,316227.766016838,5.5,0.2,1,0.1,200,1000,1,0,10,NA,NA,0,0,FALSE
2.7,316227.766016838,5.5,0.2,1,0.1,200,1000,1,0,10,NA,NA,0,0,FALSE
2.8,316227.766016838,5.5,0.2,1,0.1,200,1000,1,0,10,7,0.6,0.001,1,TRUE
2.9,316227.766016838,5.5,0.2,1,0.1,200,1000,1,0,10,8.5,0.75,0.002,2,TRUE
3,316227.766016838,5.5,0.2,1,0.1,200,1000,1,0,10,NA,NA,0,0,FALSE
3.1,316227.766016838,5.5,0.2,1,0.1,200,1000,1,0,10,3,0.2,0.001,1,TRUE
3.2,316227.766016838,5.5,0.2,1,0.1,200,1000,1,0,10,NA,NA,0,0,FALSE
3.3,316227.766016838,5.5,0.2,1,0.1,200,1000,1,0,10,17,1.6,0.001,1,TRUE
3.4,316227.766016838,5.5,0.2,1,0.1,200,1000,1,0,10,NA,NA,0,0,FALSE
3.5,316227.766016838,5.5,0.2,1,0.1,200,1000,1,0,10,231.5,23.05,0.002,2,TRUE
3.6,316227.766016838,5.5,0.2,1,0.1,200,1000,1,0,10,231.181818181818,23.0181818181818,0.011,11,TRUE
3.7,316227.766016838,5.5,0.2,1,0.1,200,1000,1,0,10,219.41935483871,21.841935483871,0.031,31,TRUE
3.8,316227.766016838,5.5,0.2,1,0.1,200,1000,1,0,10,218.957894736842,21.7957894736842,0.095,95,TRUE
3.9,316227.766016838,5.5,0.2,1,0.1,200,1000,1,0,10,215.57225433526,21.457225433526,0.173,173,TRUE
4,316227.766016838,5.5,0.2,1,0.1,200,1000,1,0,10,212.253822629969,21.1253822629969,0.327,327,TRUE
4.1,316227.766016838,5.5,0.2,1,0.1,200,1000,1,0,10,211.022883295195,21.0022883295195,0.437,437,TRUE
4.2,316227.766016838,5.5,0.2,1,0.1,200,1000,1,0,10,207.737024221453,20.6737024221453,0.578,578,TRUE
4.3,316227.766016838,5.5,0.2,1,0.1,200,1000,1,0,10,203.362831858407,20.2362831858407,0.678,678,TRUE
4.4,316227.766016838,5.5,0.2,1,0.1,200,1000,1,0,10,200.458542713568,19.9458542713568,0.796,796,TRUE
4.5,316227.766016838,5.5,0.2,1,0.1,200,1000,1,0,10,198.321811680572,19.7321811680572,0.839,839,TRUE
4.6,316227.766016838,5.5,0.2,1,0.1,200,1000,1,0,10,195.457858769932,19.4457858769932,0.878,878,TRUE
4.7,316227.766016838,5.5,0.2,1,0.1,200,1000,1,0,10,192.186495176849,19.1186495176849,0.933,933,TRUE
4.8,316227.766016838,5.5,0.2,1,0.1,200,1000,1,0,10,189.868143459916,18.8868143459916,0.948,948,TRUE
4.9,316227.766016838,5.5,0.2,1,0.1,200,1000,1,0,10,186.536787564767,18.5536787564767,0.965,965,TRUE
5,316227.766016838,5.5,0.2,1,0.1,200,1000,1,0,10,183.692857142857,18.2692857142857,0.98,980,TRUE
1.1,562341.325190349,5.75,0.2,1,0.1,200,1000,1,0,10,85.0960698689956,8.40960698689956,0.229,229,TRUE
1.2,562341.325190349,5.75,0.2,1,0.1,200,1000,1,0,10,54.9834710743802,5.39834710743802,0.121,121,TRUE
1.3,562341.325190349,5.75,0.2,1,0.1,200,1000,1,0,10,54.7538461538462,5.37538461538462,0.065,65,TRUE
1.4,562341.325190349,5.75,0.2,1,0.1,200,1000,1,0,10,41.1951219512195,4.01951219512195,0.041,41,TRUE
1.5,562341.325190349,5.75,0.2,1,0.1,200,1000,1,0,10,19.0666666666667,1.80666666666667,0.015,15,TRUE
1.6,562341.325190349,5.75,0.2,1,0.1,200,1000,1,0,10,20,1.9,0.012,12,TRUE
1.7,562341.325190349,5.75,0.2,1,0.1,200,1000,1,0,10,23.1111111111111,2.21111111111111,0.009,9,TRUE
1.8,562341.325190349,5.75,0.2,1,0.1,200,1000,1,0,10,20,1.9,0.007,7,TRUE
1.9,562341.325190349,5.75,0.2,1,0.1,200,1000,1,0,10,13.75,1.275,0.008,8,TRUE
2,562341.325190349,5.75,0.2,1,0.1,200,1000,1,0,10,14.8,1.38,0.005,5,TRUE
2.1,562341.325190349,5.75,0.2,1,0.1,200,1000,1,0,10,20.5,1.95,0.002,2,TRUE
2.2,562341.325190349,5.75,0.2,1,0.1,200,1000,1,0,10,NA,NA,0,0,FALSE
2.3,562341.325190349,5.75,0.2,1,0.1,200,1000,1,0,10,7,0.6,0.001,1,TRUE
2.4,562341.325190349,5.75,0.2,1,0.1,200,1000,1,0,10,22,2.1,0.001,1,TRUE
2.5,562341.325190349,5.75,0.2,1,0.1,200,1000,1,0,10,NA,NA,0,0,FALSE
2.6,562341.325190349,5.75,0.2,1,0.1,200,1000,1,0,10,NA,NA,0,0,FALSE
2.7,562341.325190349,5.75,0.2,1,0.1,200,1000,1,0,10,NA,NA,0,0,FALSE
2.8,562341.325190349,5.75,0.2,1,0.1,200,1000,1,0,10,6,0.5,0.001,1,TRUE
2.9,562341.325190349,5.75,0.2,1,0.1,200,1000,1,0,10,NA,NA,0,0,FALSE
3,562341.325190349,5.75,0.2,1,0.1,200,1000,1,0,10,9,0.8,0.001,1,TRUE
3.1,562341.325190349,5.75,0.2,1,0.1,200,1000,1,0,10,1,0,0.001,1,TRUE
3.2,562341.325190349,5.75,0.2,1,0.1,200,1000,1,0,10,3,0.2,0.001,1,TRUE
3.3,562341.325190349,5.75,0.2,1,0.1,200,1000,1,0,10,NA,NA,0,0,FALSE
3.4,562341.325190349,5.75,0.2,1,0.1,200,1000,1,0,10,2,0.1,0.001,1,TRUE
3.5,562341.325190349,5.75,0.2,1,0.1,200,1000,1,0,10,NA,NA,0,0,FALSE
3.6,562341.325190349,5.75,0.2,1,0.1,200,1000,1,0,10,NA,NA,0,0,FALSE
3.7,562341.325190349,5.75,0.2,1,0.1,200,1000,1,0,10,184.2,18.32,0.005,5,TRUE
3.8,562341.325190349,5.75,0.2,1,0.1,200,1000,1,0,10,225.071428571429,22.4071428571429,0.014,14,TRUE
3.9,562341.325190349,5.75,0.2,1,0.1,200,1000,1,0,10,231.590909090909,23.0590909090909,0.044,44,TRUE
4,562341.325190349,5.75,0.2,1,0.1,200,1000,1,0,10,225.624113475177,22.4624113475177,0.141,141,TRUE
4.1,562341.325190349,5.75,0.2,1,0.1,200,1000,1,0,10,222.409482758621,22.1409482758621,0.232,232,TRUE
4.2,562341.325190349,5.75,0.2,1,0.1,200,1000,1,0,10,218.174863387978,21.7174863387978,0.366,366,TRUE
4.3,562341.325190349,5.75,0.2,1,0.1,200,1000,1,0,10,215.708333333333,21.4708333333333,0.504,504,TRUE
4.4,562341.325190349,5.75,0.2,1,0.1,200,1000,1,0,10,211.762658227848,21.0762658227848,0.632,632,TRUE
4.5,562341.325190349,5.75,0.2,1,0.1,200,1000,1,0,10,210.070941336971,20.9070941336971,0.733,733,TRUE
4.6,562341.325190349,5.75,0.2,1,0.1,200,1000,1,0,10,206.247883917775,20.5247883917775,0.827,827,TRUE
4.7,562341.325190349,5.75,0.2,1,0.1,200,1000,1,0,10,202.697038724374,20.1697038724374,0.878,878,TRUE
4.8,562341.325190349,5.75,0.2,1,0.1,200,1000,1,0,10,200.565121412804,19.9565121412804,0.906,906,TRUE
4.9,562341.325190349,5.75,0.2,1,0.1,200,1000,1,0,10,196.247567567568,19.5247567567568,0.925,925,TRUE
5,562341.325190349,5.75,0.2,1,0.1,200,1000,1,0,10,194.358627858628,19.3358627858628,0.962,962,TRUE
1.1,1e+06,6,0.2,1,0.1,200,1000,1,0,10,84.6127819548872,8.36127819548872,0.266,266,TRUE
1.2,1e+06,6,0.2,1,0.1,200,1000,1,0,10,57.122641509434,5.6122641509434,0.106,106,TRUE
1.3,1e+06,6,0.2,1,0.1,200,1000,1,0,10,48.2794117647059,4.72794117647059,0.068,68,TRUE
1.4,1e+06,6,0.2,1,0.1,200,1000,1,0,10,43.44,4.244,0.025,25,TRUE
1.5,1e+06,6,0.2,1,0.1,200,1000,1,0,10,21.3529411764706,2.03529411764706,0.017,17,TRUE
1.6,1e+06,6,0.2,1,0.1,200,1000,1,0,10,29.1333333333333,2.81333333333333,0.015,15,TRUE
1.7,1e+06,6,0.2,1,0.1,200,1000,1,0,10,24.6,2.36,0.01,10,TRUE
1.8,1e+06,6,0.2,1,0.1,200,1000,1,0,10,22.875,2.1875,0.008,8,TRUE
1.9,1e+06,6,0.2,1,0.1,200,1000,1,0,10,15.6,1.46,0.01,10,TRUE
2,1e+06,6,0.2,1,0.1,200,1000,1,0,10,3,0.2,0.001,1,TRUE
2.1,1e+06,6,0.2,1,0.1,200,1000,1,0,10,17.75,1.675,0.004,4,TRUE
2.2,1e+06,6,0.2,1,0.1,200,1000,1,0,10,22,2.1,0.001,1,TRUE
2.3,1e+06,6,0.2,1,0.1,200,1000,1,0,10,18.5,1.75,0.002,2,TRUE
2.4,1e+06,6,0.2,1,0.1,200,1000,1,0,10,12.5,1.15,0.002,2,TRUE
2.5,1e+06,6,0.2,1,0.1,200,1000,1,0,10,8,0.7,0.002,2,TRUE
2.6,1e+06,6,0.2,1,0.1,200,1000,1,0,10,NA,NA,0,0,FALSE
2.7,1e+06,6,0.2,1,0.1,200,1000,1,0,10,NA,NA,0,0,FALSE
2.8,1e+06,6,0.2,1,0.1,200,1000,1,0,10,NA,NA,0,0,FALSE
2.9,1e+06,6,0.2,1,0.1,200,1000,1,0,10,NA,NA,0,0,FALSE
3,1e+06,6,0.2,1,0.1,200,1000,1,0,10,NA,NA,0,0,FALSE
3.1,1e+06,6,0.2,1,0.1,200,1000,1,0,10,NA,NA,0,0,FALSE
3.2,1e+06,6,0.2,1,0.1,200,1000,1,0,10,6,0.5,0.002,2,TRUE
3.3,1e+06,6,0.2,1,0.1,200,1000,1,0,10,NA,NA,0,0,FALSE
3.4,1e+06,6,0.2,1,0.1,200,1000,1,0,10,NA,NA,0,0,FALSE
3.5,1e+06,6,0.2,1,0.1,200,1000,1,0,10,8,0.7,0.002,2,TRUE
3.6,1e+06,6,0.2,1,0.1,200,1000,1,0,10,1.5,0.05,0.002,2,TRUE
3.7,1e+06,6,0.2,1,0.1,200,1000,1,0,10,NA,NA,0,0,FALSE
3.8,1e+06,6,0.2,1,0.1,200,1000,1,0,10,NA,NA,0,0,FALSE
3.9,1e+06,6,0.2,1,0.1,200,1000,1,0,10,197.625,19.6625,0.008,8,TRUE
4,1e+06,6,0.2,1,0.1,200,1000,1,0,10,226.103448275862,22.5103448275862,0.029,29,TRUE
4.1,1e+06,6,0.2,1,0.1,200,1000,1,0,10,229.75,22.875,0.084,84,TRUE
4.2,1e+06,6,0.2,1,0.1,200,1000,1,0,10,230.149171270718,22.9149171270718,0.181,181,TRUE
4.3,1e+06,6,0.2,1,0.1,200,1000,1,0,10,224.955172413793,22.3955172413793,0.29,290,TRUE
4.4,1e+06,6,0.2,1,0.1,200,1000,1,0,10,223.618736383442,22.2618736383442,0.459,459,TRUE
4.5,1e+06,6,0.2,1,0.1,200,1000,1,0,10,219.852049910873,21.8852049910873,0.561,561,TRUE
4.6,1e+06,6,0.2,1,0.1,200,1000,1,0,10,216.720351390922,21.5720351390922,0.683,683,TRUE
4.7,1e+06,6,0.2,1,0.1,200,1000,1,0,10,215.090909090909,21.4090909090909,0.77,770,TRUE
4.8,1e+06,6,0.2,1,0.1,200,1000,1,0,10,209.986794717887,20.8986794717887,0.833,833,TRUE
4.9,1e+06,6,0.2,1,0.1,200,1000,1,0,10,207.264870931538,20.6264870931538,0.891,891,TRUE
5,1e+06,6,0.2,1,0.1,200,1000,1,0,10,204.059139784946,20.3059139784946,0.93,930,TRUE
1.1,1000,3,0.4,1,0.1,200,1000,1,0,10,591.829921259843,59.0829921259843,0.635,635,TRUE
1.2,1000,3,0.4,1,0.1,200,1000,1,0,10,235.089171974522,23.4089171974522,0.157,157,TRUE
1.3,1000,3,0.4,1,0.1,200,1000,1,0,10,59.3538461538462,5.83538461538462,0.065,65,TRUE
1.4,1000,3,0.4,1,0.1,200,1000,1,0,10,35.35,3.435,0.04,40,TRUE
1.5,1000,3,0.4,1,0.1,200,1000,1,0,10,25.25,2.425,0.024,24,TRUE
1.6,1000,3,0.4,1,0.1,200,1000,1,0,10,26.8571428571429,2.58571428571429,0.014,14,TRUE
1.7,1000,3,0.4,1,0.1,200,1000,1,0,10,20.6666666666667,1.96666666666667,0.006,6,TRUE
1.8,1000,3,0.4,1,0.1,200,1000,1,0,10,16.5,1.55,0.008,8,TRUE
1.9,1000,3,0.4,1,0.1,200,1000,1,0,10,18.7142857142857,1.77142857142857,0.007,7,TRUE
2,1000,3,0.4,1,0.1,200,1000,1,0,10,15,1.4,0.007,7,TRUE
2.1,1000,3,0.4,1,0.1,200,1000,1,0,10,5,0.4,0.002,2,TRUE
2.2,1000,3,0.4,1,0.1,200,1000,1,0,10,7,0.6,0.002,2,TRUE
2.3,1000,3,0.4,1,0.1,200,1000,1,0,10,17.3333333333333,1.63333333333333,0.003,3,TRUE
2.4,1000,3,0.4,1,0.1,200,1000,1,0,10,71.5,7.05,0.002,2,TRUE
2.5,1000,3,0.4,1,0.1,200,1000,1,0,10,111.25,11.025,0.008,8,TRUE
2.6,1000,3,0.4,1,0.1,200,1000,1,0,10,164.357142857143,16.3357142857143,0.014,14,TRUE
2.7,1000,3,0.4,1,0.1,200,1000,1,0,10,132.5,13.15,0.014,14,TRUE
2.8,1000,3,0.4,1,0.1,200,1000,1,0,10,128.055555555556,12.7055555555556,0.036,36,TRUE
2.9,1000,3,0.4,1,0.1,200,1000,1,0,10,125.880952380952,12.4880952380952,0.042,42,TRUE
3,1000,3,0.4,1,0.1,200,1000,1,0,10,145.120879120879,14.4120879120879,0.091,91,TRUE
3.1,1000,3,0.4,1,0.1,200,1000,1,0,10,156.118811881188,15.5118811881188,0.101,101,TRUE
3.2,1000,3,0.4,1,0.1,200,1000,1,0,10,126.969696969697,12.5969696969697,0.165,165,TRUE
3.3,1000,3,0.4,1,0.1,200,1000,1,0,10,125.005076142132,12.4005076142132,0.197,197,TRUE
3.4,1000,3,0.4,1,0.1,200,1000,1,0,10,132.213178294574,13.1213178294574,0.258,258,TRUE
3.5,1000,3,0.4,1,0.1,200,1000,1,0,10,122.644171779141,12.1644171779141,0.326,326,TRUE
3.6,1000,3,0.4,1,0.1,200,1000,1,0,10,138.853598014888,13.7853598014888,0.403,403,TRUE
3.7,1000,3,0.4,1,0.1,200,1000,1,0,10,138.983833718245,13.7983833718245,0.433,433,TRUE
3.8,1000,3,0.4,1,0.1,200,1000,1,0,10,138.585987261146,13.7585987261147,0.471,471,TRUE
3.9,1000,3,0.4,1,0.1,200,1000,1,0,10,133.1875,13.21875,0.592,592,TRUE
4,1000,3,0.4,1,0.1,200,1000,1,0,10,131.964573268921,13.0964573268921,0.621,621,TRUE
4.1,1000,3,0.4,1,0.1,200,1000,1,0,10,141.753687315634,14.0753687315634,0.678,678,TRUE
4.2,1000,3,0.4,1,0.1,200,1000,1,0,10,138.15,13.715,0.68,680,TRUE
4.3,1000,3,0.4,1,0.1,200,1000,1,0,10,132.11780104712,13.111780104712,0.764,764,TRUE
4.4,1000,3,0.4,1,0.1,200,1000,1,0,10,129.085858585859,12.8085858585859,0.792,792,TRUE
4.5,1000,3,0.4,1,0.1,200,1000,1,0,10,127.268382352941,12.6268382352941,0.816,816,TRUE
4.6,1000,3,0.4,1,0.1,200,1000,1,0,10,125.257575757576,12.4257575757576,0.858,858,TRUE
4.7,1000,3,0.4,1,0.1,200,1000,1,0,10,124.537246049661,12.3537246049661,0.886,886,TRUE
4.8,1000,3,0.4,1,0.1,200,1000,1,0,10,121.414364640884,12.0414364640884,0.905,905,TRUE
4.9,1000,3,0.4,1,0.1,200,1000,1,0,10,121.4596069869,12.04596069869,0.916,916,TRUE
5,1000,3,0.4,1,0.1,200,1000,1,0,10,119.229098805646,11.8229098805646,0.921,921,TRUE
1.1,1778.27941003892,3.25,0.4,1,0.1,200,1000,1,0,10,257.166172106825,25.6166172106825,0.337,337,TRUE
1.2,1778.27941003892,3.25,0.4,1,0.1,200,1000,1,0,10,70.0614035087719,6.90614035087719,0.114,114,TRUE
1.3,1778.27941003892,3.25,0.4,1,0.1,200,1000,1,0,10,51.7368421052632,5.07368421052632,0.076,76,TRUE
1.4,1778.27941003892,3.25,0.4,1,0.1,200,1000,1,0,10,42.2962962962963,4.12962962962963,0.027,27,TRUE
1.5,1778.27941003892,3.25,0.4,1,0.1,200,1000,1,0,10,28.8888888888889,2.78888888888889,0.018,18,TRUE
1.6,1778.27941003892,3.25,0.4,1,0.1,200,1000,1,0,10,29.4,2.84,0.015,15,TRUE
1.7,1778.27941003892,3.25,0.4,1,0.1,200,1000,1,0,10,26,2.5,0.008,8,TRUE
1.8,1778.27941003892,3.25,0.4,1,0.1,200,1000,1,0,10,21.3333333333333,2.03333333333333,0.006,6,TRUE
1.9,1778.27941003892,3.25,0.4,1,0.1,200,1000,1,0,10,26.5714285714286,2.55714285714286,0.007,7,TRUE
2,1778.27941003892,3.25,0.4,1,0.1,200,1000,1,0,10,25.6666666666667,2.46666666666667,0.003,3,TRUE
2.1,1778.27941003892,3.25,0.4,1,0.1,200,1000,1,0,10,16,1.5,0.003,3,TRUE
2.2,1778.27941003892,3.25,0.4,1,0.1,200,1000,1,0,10,12,1.1,0.005,5,TRUE
2.3,1778.27941003892,3.25,0.4,1,0.1,200,1000,1,0,10,8.5,0.75,0.002,2,TRUE
2.4,1778.27941003892,3.25,0.4,1,0.1,200,1000,1,0,10,NA,NA,0,0,FALSE
2.5,1778.27941003892,3.25,0.4,1,0.1,200,1000,1,0,10,13.5,1.25,0.002,2,TRUE
2.6,1778.27941003892,3.25,0.4,1,0.1,200,1000,1,0,10,NA,NA,0,0,FALSE
2.7,1778.27941003892,3.25,0.4,1,0.1,200,1000,1,0,10,55.3333333333333,5.43333333333333,0.003,3,TRUE
2.8,1778.27941003892,3.25,0.4,1,0.1,200,1000,1,0,10,47,4.6,0.005,5,TRUE
2.9,1778.27941003892,3.25,0.4,1,0.1,200,1000,1,0,10,111.4,11.04,0.005,5,TRUE
3,1778.27941003892,3.25,0.4,1,0.1,200,1000,1,0,10,133.333333333333,13.2333333333333,0.006,6,TRUE
3.1,1778.27941003892,3.25,0.4,1,0.1,200,1000,1,0,10,130,12.9,0.02,20,TRUE
3.2,1778.27941003892,3.25,0.4,1,0.1,200,1000,1,0,10,129.333333333333,12.8333333333333,0.03,30,TRUE
3.3,1778.27941003892,3.25,0.4,1,0.1,200,1000,1,0,10,125.46,12.446,0.05,50,TRUE
3.4,1778.27941003892,3.25,0.4,1,0.1,200,1000,1,0,10,123.175824175824,12.2175824175824,0.091,91,TRUE
3.5,1778.27941003892,3.25,0.4,1,0.1,200,1000,1,0,10,122.8,12.18,0.105,105,TRUE
3.6,1778.27941003892,3.25,0.4,1,0.1,200,1000,1,0,10,126.448818897638,12.5448818897638,0.127,127,TRUE
3.7,1778.27941003892,3.25,0.4,1,0.1,200,1000,1,0,10,124.050251256281,12.3050251256281,0.199,199,TRUE
3.8,1778.27941003892,3.25,0.4,1,0.1,200,1000,1,0,10,119.155737704918,11.8155737704918,0.244,244,TRUE
3.9,1778.27941003892,3.25,0.4,1,0.1,200,1000,1,0,10,121.332288401254,12.0332288401254,0.319,319,TRUE
4,1778.27941003892,3.25,0.4,1,0.1,200,1000,1,0,10,122.347188264059,12.1347188264059,0.409,409,TRUE
4.1,1778.27941003892,3.25,0.4,1,0.1,200,1000,1,0,10,122.074324324324,12.1074324324324,0.444,444,TRUE
4.2,1778.27941003892,3.25,0.4,1,0.1,200,1000,1,0,10,118.228796844181,11.7228796844181,0.507,507,TRUE
4.3,1778.27941003892,3.25,0.4,1,0.1,200,1000,1,0,10,117.242320819113,11.6242320819113,0.586,586,TRUE
4.4,1778.27941003892,3.25,0.4,1,0.1,200,1000,1,0,10,120.61316211878,11.961316211878,0.623,623,TRUE
4.5,1778.27941003892,3.25,0.4,1,0.1,200,1000,1,0,10,118.782934131737,11.7782934131737,0.668,668,TRUE
4.6,1778.27941003892,3.25,0.4,1,0.1,200,1000,1,0,10,117.027104136947,11.6027104136947,0.701,701,TRUE
4.7,1778.27941003892,3.25,0.4,1,0.1,200,1000,1,0,10,115.001371742112,11.4001371742112,0.729,729,TRUE
4.8,1778.27941003892,3.25,0.4,1,0.1,200,1000,1,0,10,114.362264150943,11.3362264150943,0.795,795,TRUE
4.9,1778.27941003892,3.25,0.4,1,0.1,200,1000,1,0,10,115.316892725031,11.4316892725031,0.811,811,TRUE
5,1778.27941003892,3.25,0.4,1,0.1,200,1000,1,0,10,110.616374269006,10.9616374269006,0.855,855,TRUE
1.1,3162.27766016838,3.5,0.4,1,0.1,200,1000,1,0,10,96.4712230215827,9.54712230215827,0.278,278,TRUE
1.2,3162.27766016838,3.5,0.4,1,0.1,200,1000,1,0,10,61.7821782178218,6.07821782178218,0.101,101,TRUE
1.3,3162.27766016838,3.5,0.4,1,0.1,200,1000,1,0,10,49.9411764705882,4.89411764705882,0.068,68,TRUE
1.4,3162.27766016838,3.5,0.4,1,0.1,200,1000,1,0,10,42.8181818181818,4.18181818181818,0.022,22,TRUE
1.5,3162.27766016838,3.5,0.4,1,0.1,200,1000,1,0,10,32.5454545454545,3.15454545454545,0.033,33,TRUE
1.6,3162.27766016838,3.5,0.4,1,0.1,200,1000,1,0,10,30.5,2.95,0.008,8,TRUE
1.7,3162.27766016838,3.5,0.4,1,0.1,200,1000,1,0,10,15.8,1.48,0.005,5,TRUE
1.8,3162.27766016838,3.5,0.4,1,0.1,200,1000,1,0,10,20.8,1.98,0.01,10,TRUE
1.9,3162.27766016838,3.5,0.4,1,0.1,200,1000,1,0,10,19.4,1.84,0.005,5,TRUE
2,3162.27766016838,3.5,0.4,1,0.1,200,1000,1,0,10,16.8571428571429,1.58571428571429,0.007,7,TRUE
2.1,3162.27766016838,3.5,0.4,1,0.1,200,1000,1,0,10,11.5,1.05,0.002,2,TRUE
2.2,3162.27766016838,3.5,0.4,1,0.1,200,1000,1,0,10,13,1.2,0.002,2,TRUE
2.3,3162.27766016838,3.5,0.4,1,0.1,200,1000,1,0,10,23.5,2.25,0.002,2,TRUE
2.4,3162.27766016838,3.5,0.4,1,0.1,200,1000,1,0,10,6.33333333333333,0.533333333333333,0.003,3,TRUE
2.5,3162.27766016838,3.5,0.4,1,0.1,200,1000,1,0,10,10,0.9,0.001,1,TRUE
2.6,3162.27766016838,3.5,0.4,1,0.1,200,1000,1,0,10,NA,NA,0,0,FALSE
2.7,3162.27766016838,3.5,0.4,1,0.1,200,1000,1,0,10,7,0.6,0.002,2,TRUE
2.8,3162.27766016838,3.5,0.4,1,0.1,200,1000,1,0,10,22,2.1,0.002,2,TRUE
2.9,3162.27766016838,3.5,0.4,1,0.1,200,1000,1,0,10,NA,NA,0,0,FALSE
3,3162.27766016838,3.5,0.4,1,0.1,200,1000,1,0,10,NA,NA,0,0,FALSE
3.1,3162.27766016838,3.5,0.4,1,0.1,200,1000,1,0,10,129,12.8,0.001,1,TRUE
3.2,3162.27766016838,3.5,0.4,1,0.1,200,1000,1,0,10,142,14.1,0.003,3,TRUE
3.3,3162.27766016838,3.5,0.4,1,0.1,200,1000,1,0,10,128.666666666667,12.7666666666667,0.003,3,TRUE
3.4,3162.27766016838,3.5,0.4,1,0.1,200,1000,1,0,10,137.454545454545,13.6454545454545,0.011,11,TRUE
3.5,3162.27766016838,3.5,0.4,1,0.1,200,1000,1,0,10,131.941176470588,13.0941176470588,0.017,17,TRUE
3.6,3162.27766016838,3.5,0.4,1,0.1,200,1000,1,0,10,130.864864864865,12.9864864864865,0.037,37,TRUE
3.7,3162.27766016838,3.5,0.4,1,0.1,200,1000,1,0,10,128.381578947368,12.7381578947368,0.076,76,TRUE
3.8,3162.27766016838,3.5,0.4,1,0.1,200,1000,1,0,10,128.030927835052,12.7030927835052,0.097,97,TRUE
3.9,3162.27766016838,3.5,0.4,1,0.1,200,1000,1,0,10,128.592307692308,12.7592307692308,0.13,130,TRUE
4,3162.27766016838,3.5,0.4,1,0.1,200,1000,1,0,10,125.505617977528,12.4505617977528,0.178,178,TRUE
4.1,3162.27766016838,3.5,0.4,1,0.1,200,1000,1,0,10,125.809090909091,12.4809090909091,0.22,220,TRUE
4.2,3162.27766016838,3.5,0.4,1,0.1,200,1000,1,0,10,123.844884488449,12.2844884488449,0.303,303,TRUE
4.3,3162.27766016838,3.5,0.4,1,0.1,200,1000,1,0,10,123.949554896142,12.2949554896142,0.337,337,TRUE
4.4,3162.27766016838,3.5,0.4,1,0.1,200,1000,1,0,10,124.014184397163,12.3014184397163,0.423,423,TRUE
4.5,3162.27766016838,3.5,0.4,1,0.1,200,1000,1,0,10,122.222462203024,12.1222462203024,0.463,463,TRUE
4.6,3162.27766016838,3.5,0.4,1,0.1,200,1000,1,0,10,122.551971326165,12.1551971326165,0.558,558,TRUE
4.7,3162.27766016838,3.5,0.4,1,0.1,200,1000,1,0,10,120.428109854604,11.9428109854604,0.619,619,TRUE
4.8,3162.27766016838,3.5,0.4,1,0.1,200,1000,1,0,10,121.749244712991,12.0749244712991,0.662,662,TRUE
4.9,3162.27766016838,3.5,0.4,1,0.1,200,1000,1,0,10,117.827034883721,11.6827034883721,0.688,688,TRUE
5,3162.27766016838,3.5,0.4,1,0.1,200,1000,1,0,10,118.07123655914,11.707123655914,0.744,744,TRUE
1.1,5623.41325190349,3.75,0.4,1,0.1,200,1000,1,0,10,95.8932806324111,9.48932806324111,0.253,253,TRUE
1.2,5623.41325190349,3.75,0.4,1,0.1,200,1000,1,0,10,68.6363636363636,6.76363636363636,0.121,121,TRUE
1.3,5623.41325190349,3.75,0.4,1,0.1,200,1000,1,0,10,52.3968253968254,5.13968253968254,0.063,63,TRUE
1.4,5623.41325190349,3.75,0.4,1,0.1,200,1000,1,0,10,41.0444444444444,4.00444444444444,0.045,45,TRUE
1.5,5623.41325190349,3.75,0.4,1,0.1,200,1000,1,0,10,34.0833333333333,3.30833333333333,0.024,24,TRUE
1.6,5623.41325190349,3.75,0.4,1,0.1,200,1000,1,0,10,30.4615384615385,2.94615384615385,0.013,13,TRUE
1.7,5623.41325190349,3.75,0.4,1,0.1,200,1000,1,0,10,24.2,2.32,0.01,10,TRUE
1.8,5623.41325190349,3.75,0.4,1,0.1,200,1000,1,0,10,26,2.5,0.006,6,TRUE
1.9,5623.41325190349,3.75,0.4,1,0.1,200,1000,1,0,10,19.3333333333333,1.83333333333333,0.006,6,TRUE
2,5623.41325190349,3.75,0.4,1,0.1,200,1000,1,0,10,18.6666666666667,1.76666666666667,0.003,3,TRUE
2.1,5623.41325190349,3.75,0.4,1,0.1,200,1000,1,0,10,6.4,0.54,0.005,5,TRUE
2.2,5623.41325190349,3.75,0.4,1,0.1,200,1000,1,0,10,13,1.2,0.004,4,TRUE
2.3,5623.41325190349,3.75,0.4,1,0.1,200,1000,1,0,10,14.75,1.375,0.004,4,TRUE
2.4,5623.41325190349,3.75,0.4,1,0.1,200,1000,1,0,10,6.66666666666667,0.566666666666667,0.003,3,TRUE
2.5,5623.41325190349,3.75,0.4,1,0.1,200,1000,1,0,10,9.5,0.85,0.002,2,TRUE
2.6,5623.41325190349,3.75,0.4,1,0.1,200,1000,1,0,10,10.5,0.95,0.002,2,TRUE
2.7,5623.41325190349,3.75,0.4,1,0.1,200,1000,1,0,10,16,1.5,0.003,3,TRUE
2.8,5623.41325190349,3.75,0.4,1,0.1,200,1000,1,0,10,13,1.2,0.001,1,TRUE
2.9,5623.41325190349,3.75,0.4,1,0.1,200,1000,1,0,10,10,0.9,0.002,2,TRUE
3,5623.41325190349,3.75,0.4,1,0.1,200,1000,1,0,10,4,0.3,0.001,1,TRUE
3.1,5623.41325190349,3.75,0.4,1,0.1,200,1000,1,0,10,2,0.1,0.001,1,TRUE
3.2,5623.41325190349,3.75,0.4,1,0.1,200,1000,1,0,10,NA,NA,0,0,FALSE
3.3,5623.41325190349,3.75,0.4,1,0.1,200,1000,1,0,10,11,1,0.001,1,TRUE
3.4,5623.41325190349,3.75,0.4,1,0.1,200,1000,1,0,10,3,0.2,0.001,1,TRUE
3.5,5623.41325190349,3.75,0.4,1,0.1,200,1000,1,0,10,132,13.1,0.001,1,TRUE
3.6,5623.41325190349,3.75,0.4,1,0.1,200,1000,1,0,10,104,10.3,0.003,3,TRUE
3.7,5623.41325190349,3.75,0.4,1,0.1,200,1000,1,0,10,139.333333333333,13.8333333333333,0.009,9,TRUE
3.8,5623.41325190349,3.75,0.4,1,0.1,200,1000,1,0,10,134.892857142857,13.3892857142857,0.028,28,TRUE
3.9,5623.41325190349,3.75,0.4,1,0.1,200,1000,1,0,10,127.933333333333,12.6933333333333,0.03,30,TRUE
4,5623.41325190349,3.75,0.4,1,0.1,200,1000,1,0,10,132.111111111111,13.1111111111111,0.045,45,TRUE
4.1,5623.41325190349,3.75,0.4,1,0.1,200,1000,1,0,10,132.877777777778,13.1877777777778,0.09,90,TRUE
4.2,5623.41325190349,3.75,0.4,1,0.1,200,1000,1,0,10,131.918699186992,13.0918699186992,0.123,123,TRUE
4.3,5623.41325190349,3.75,0.4,1,0.1,200,1000,1,0,10,130.253623188406,12.9253623188406,0.138,138,TRUE
4.4,5623.41325190349,3.75,0.4,1,0.1,200,1000,1,0,10,129.37962962963,12.837962962963,0.216,216,TRUE
4.5,5623.41325190349,3.75,0.4,1,0.1,200,1000,1,0,10,131,13,0.264,264,TRUE
4.6,5623.41325190349,3.75,0.4,1,0.1,200,1000,1,0,10,128.904109589041,12.7904109589041,0.365,365,TRUE
4.7,5623.41325190349,3.75,0.4,1,0.1,200,1000,1,0,10,128.516826923077,12.7516826923077,0.416,416,TRUE
4.8,5623.41325190349,3.75,0.4,1,0.1,200,1000,1,0,10,126.913131313131,12.5913131313131,0.495,495,TRUE
4.9,5623.41325190349,3.75,0.4,1,0.1,200,1000,1,0,10,126.722222222222,12.5722222222222,0.522,522,TRUE
5,5623.41325190349,3.75,0.4,1,0.1,200,1000,1,0,10,125.981907894737,12.4981907894737,0.608,608,TRUE
1.1,10000,4,0.4,1,0.1,200,1000,1,0,10,91.82995951417,9.082995951417,0.247,247,TRUE
1.2,10000,4,0.4,1,0.1,200,1000,1,0,10,57.9238095238095,5.69238095238095,0.105,105,TRUE
1.3,10000,4,0.4,1,0.1,200,1000,1,0,10,47.375,4.6375,0.048,48,TRUE
1.4,10000,4,0.4,1,0.1,200,1000,1,0,10,33.3513513513514,3.23513513513514,0.037,37,TRUE
1.5,10000,4,0.4,1,0.1,200,1000,1,0,10,34.25,3.325,0.02,20,TRUE
1.6,10000,4,0.4,1,0.1,200,1000,1,0,10,34.7,3.37,0.01,10,TRUE
1.7,10000,4,0.4,1,0.1,200,1000,1,0,10,21.5,2.05,0.01,10,TRUE
1.8,10000,4,0.4,1,0.1,200,1000,1,0,10,21.875,2.0875,0.008,8,TRUE
1.9,10000,4,0.4,1,0.1,200,1000,1,0,10,27.5,2.65,0.004,4,TRUE
2,10000,4,0.4,1,0.1,200,1000,1,0,10,13.6666666666667,1.26666666666667,0.003,3,TRUE
2.1,10000,4,0.4,1,0.1,200,1000,1,0,10,18.6,1.76,0.005,5,TRUE
2.2,10000,4,0.4,1,0.1,200,1000,1,0,10,12,1.1,0.004,4,TRUE
2.3,10000,4,0.4,1,0.1,200,1000,1,0,10,24.3333333333333,2.33333333333333,0.003,3,TRUE
2.4,10000,4,0.4,1,0.1,200,1000,1,0,10,10,0.9,0.001,1,TRUE
2.5,10000,4,0.4,1,0.1,200,1000,1,0,10,NA,NA,0,0,FALSE
2.6,10000,4,0.4,1,0.1,200,1000,1,0,10,NA,NA,0,0,FALSE
2.7,10000,4,0.4,1,0.1,200,1000,1,0,10,7,0.6,0.002,2,TRUE
2.8,10000,4,0.4,1,0.1,200,1000,1,0,10,NA,NA,0,0,FALSE
2.9,10000,4,0.4,1,0.1,200,1000,1,0,10,8,0.7,0.002,2,TRUE
3,10000,4,0.4,1,0.1,200,1000,1,0,10,NA,NA,0,0,FALSE
3.1,10000,4,0.4,1,0.1,200,1000,1,0,10,NA,NA,0,0,FALSE
3.2,10000,4,0.4,1,0.1,200,1000,1,0,10,4.5,0.35,0.002,2,TRUE
3.3,10000,4,0.4,1,0.1,200,1000,1,0,10,NA,NA,0,0,FALSE
3.4,10000,4,0.4,1,0.1,200,1000,1,0,10,NA,NA,0,0,FALSE
3.5,10000,4,0.4,1,0.1,200,1000,1,0,10,12,1.1,0.001,1,TRUE
3.6,10000,4,0.4,1,0.1,200,1000,1,0,10,14,1.3,0.001,1,TRUE
3.7,10000,4,0.4,1,0.1,200,1000,1,0,10,5,0.4,0.002,2,TRUE
3.8,10000,4,0.4,1,0.1,200,1000,1,0,10,NA,NA,0,0,FALSE
3.9,10000,4,0.4,1,0.1,200,1000,1,0,10,88,8.7,0.003,3,TRUE
4,10000,4,0.4,1,0.1,200,1000,1,0,10,150.5,14.95,0.006,6,TRUE
4.1,10000,4,0.4,1,0.1,200,1000,1,0,10,140.714285714286,13.9714285714286,0.007,7,TRUE
4.2,10000,4,0.4,1,0.1,200,1000,1,0,10,134.04347826087,13.304347826087,0.023,23,TRUE
4.3,10000,4,0.4,1,0.1,200,1000,1,0,10,138,13.7,0.045,45,TRUE
4.4,10000,4,0.4,1,0.1,200,1000,1,0,10,138.076923076923,13.7076923076923,0.065,65,TRUE
4.5,10000,4,0.4,1,0.1,200,1000,1,0,10,136.770114942529,13.5770114942529,0.087,87,TRUE
4.6,10000,4,0.4,1,0.1,200,1000,1,0,10,137.192052980132,13.6192052980132,0.151,151,TRUE
4.7,10000,4,0.4,1,0.1,200,1000,1,0,10,136.091743119266,13.5091743119266,0.218,218,TRUE
4.8,10000,4,0.4,1,0.1,200,1000,1,0,10,135.025454545455,13.4025454545455,0.275,275,TRUE
4.9,10000,4,0.4,1,0.1,200,1000,1,0,10,133.351351351351,13.2351351351351,0.333,333,TRUE
5,10000,4,0.4,1,0.1,200,1000,1,0,10,133.720194647202,13.2720194647202,0.411,411,TRUE
1.1,17782.7941003892,4.25,0.4,1,0.1,200,1000,1,0,10,86.5657370517928,8.55657370517928,0.251,251,TRUE
1.2,17782.7941003892,4.25,0.4,1,0.1,200,1000,1,0,10,58.2109375,5.72109375,0.128,128,TRUE
1.3,17782.7941003892,4.25,0.4,1,0.1,200,1000,1,0,10,48.8181818181818,4.78181818181818,0.066,66,TRUE
1.4,17782.7941003892,4.25,0.4,1,0.1,200,1000,1,0,10,39.7297297297297,3.87297297297297,0.037,37,TRUE
1.5,17782.7941003892,4.25,0.4,1,0.1,200,1000,1,0,10,29.4230769230769,2.84230769230769,0.026,26,TRUE
1.6,17782.7941003892,4.25,0.4,1,0.1,200,1000,1,0,10,23.7,2.27,0.02,20,TRUE
1.7,17782.7941003892,4.25,0.4,1,0.1,200,1000,1,0,10,21.1,2.01,0.01,10,TRUE
1.8,17782.7941003892,4.25,0.4,1,0.1,200,1000,1,0,10,19,1.8,0.006,6,TRUE
1.9,17782.7941003892,4.25,0.4,1,0.1,200,1000,1,0,10,19.75,1.875,0.004,4,TRUE
2,17782.7941003892,4.25,0.4,1,0.1,200,1000,1,0,10,29,2.8,0.003,3,TRUE
2.1,17782.7941003892,4.25,0.4,1,0.1,200,1000,1,0,10,13.2,1.22,0.005,5,TRUE
2.2,17782.7941003892,4.25,0.4,1,0.1,200,1000,1,0,10,9,0.8,0.004,4,TRUE
2.3,17782.7941003892,4.25,0.4,1,0.1,200,1000,1,0,10,22.4,2.14,0.005,5,TRUE
2.4,17782.7941003892,4.25,0.4,1,0.1,200,1000,1,0,10,NA,NA,0,0,FALSE
2.5,17782.7941003892,4.25,0.4,1,0.1,200,1000,1,0,10,6,0.5,0.001,1,TRUE
2.6,17782.7941003892,4.25,0.4,1,0.1,200,1000,1,0,10,NA,NA,0,0,FALSE
2.7,17782.7941003892,4.25,0.4,1,0.1,200,1000,1,0,10,NA,NA,0,0,FALSE
2.8,17782.7941003892,4.25,0.4,1,0.1,200,1000,1,0,10,10.5,0.95,0.002,2,TRUE
2.9,17782.7941003892,4.25,0.4,1,0.1,200,1000,1,0,10,7,0.6,0.001,1,TRUE
3,17782.7941003892,4.25,0.4,1,0.1,200,1000,1,0,10,2.5,0.15,0.002,2,TRUE
3.1,17782.7941003892,4.25,0.4,1,0.1,200,1000,1,0,10,NA,NA,0,0,FALSE
3.2,17782.7941003892,4.25,0.4,1,0.1,200,1000,1,0,10,NA,NA,0,0,FALSE
3.3,17782.7941003892,4.25,0.4,1,0.1,200,1000,1,0,10,NA,NA,0,0,FALSE
3.4,17782.7941003892,4.25,0.4,1,0.1,200,1000,1,0,10,NA,NA,0,0,FALSE
3.5,17782.7941003892,4.25,0.4,1,0.1,200,1000,1,0,10,13,1.2,0.001,1,TRUE
3.6,17782.7941003892,4.25,0.4,1,0.1,200,1000,1,0,10,NA,NA,0,0,FALSE
3.7,17782.7941003892,4.25,0.4,1,0.1,200,1000,1,0,10,21,2,0.001,1,TRUE
3.8,17782.7941003892,4.25,0.4,1,0.1,200,1000,1,0,10,5,0.4,0.002,2,TRUE
3.9,17782.7941003892,4.25,0.4,1,0.1,200,1000,1,0,10,NA,NA,0,0,FALSE
4,17782.7941003892,4.25,0.4,1,0.1,200,1000,1,0,10,NA,NA,0,0,FALSE
4.1,17782.7941003892,4.25,0.4,1,0.1,200,1000,1,0,10,NA,NA,0,0,FALSE
4.2,17782.7941003892,4.25,0.4,1,0.1,200,1000,1,0,10,141,14,0.001,1,TRUE
4.3,17782.7941003892,4.25,0.4,1,0.1,200,1000,1,0,10,140,13.9,0.002,2,TRUE
4.4,17782.7941003892,4.25,0.4,1,0.1,200,1000,1,0,10,139.307692307692,13.8307692307692,0.013,13,TRUE
4.5,17782.7941003892,4.25,0.4,1,0.1,200,1000,1,0,10,146.066666666667,14.5066666666667,0.015,15,TRUE
4.6,17782.7941003892,4.25,0.4,1,0.1,200,1000,1,0,10,143.529411764706,14.2529411764706,0.034,34,TRUE
4.7,17782.7941003892,4.25,0.4,1,0.1,200,1000,1,0,10,141.293103448276,14.0293103448276,0.058,58,TRUE
4.8,17782.7941003892,4.25,0.4,1,0.1,200,1000,1,0,10,143.28431372549,14.228431372549,0.102,102,TRUE
4.9,17782.7941003892,4.25,0.4,1,0.1,200,1000,1,0,10,141.206666666667,14.0206666666667,0.15,150,TRUE
5,17782.7941003892,4.25,0.4,1,0.1,200,1000,1,0,10,139.417989417989,13.8417989417989,0.189,189,TRUE
1.1,31622.7766016838,4.5,0.4,1,0.1,200,1000,1,0,10,90.3291666666667,8.93291666666667,0.24,240,TRUE
1.2,31622.7766016838,4.5,0.4,1,0.1,200,1000,1,0,10,55.8524590163934,5.48524590163934,0.122,122,TRUE
1.3,31622.7766016838,4.5,0.4,1,0.1,200,1000,1,0,10,46.9180327868852,4.59180327868853,0.061,61,TRUE
1.4,31622.7766016838,4.5,0.4,1,0.1,200,1000,1,0,10,35.8648648648649,3.48648648648649,0.037,37,TRUE
1.5,31622.7766016838,4.5,0.4,1,0.1,200,1000,1,0,10,39.1739130434783,3.81739130434783,0.023,23,TRUE
1.6,31622.7766016838,4.5,0.4,1,0.1,200,1000,1,0,10,20.8947368421053,1.98947368421053,0.019,19,TRUE
1.7,31622.7766016838,4.5,0.4,1,0.1,200,1000,1,0,10,23.3333333333333,2.23333333333333,0.012,12,TRUE
1.8,31622.7766016838,4.5,0.4,1,0.1,200,1000,1,0,10,18.6666666666667,1.76666666666667,0.009,9,TRUE
1.9,31622.7766016838,4.5,0.4,1,0.1,200,1000,1,0,10,17.4,1.64,0.005,5,TRUE
2,31622.7766016838,4.5,0.4,1,0.1,200,1000,1,0,10,18.3333333333333,1.73333333333333,0.003,3,TRUE
2.1,31622.7766016838,4.5,0.4,1,0.1,200,1000,1,0,10,19.3333333333333,1.83333333333333,0.003,3,TRUE
2.2,31622.7766016838,4.5,0.4,1,0.1,200,1000,1,0,10,2,0.1,0.001,1,TRUE
2.3,31622.7766016838,4.5,0.4,1,0.1,200,1000,1,0,10,15,1.4,0.002,2,TRUE
2.4,31622.7766016838,4.5,0.4,1,0.1,200,1000,1,0,10,8.5,0.75,0.002,2,TRUE
2.5,31622.7766016838,4.5,0.4,1,0.1,200,1000,1,0,10,NA,NA,0,0,FALSE
2.6,31622.7766016838,4.5,0.4,1,0.1,200,1000,1,0,10,NA,NA,0,0,FALSE
2.7,31622.7766016838,4.5,0.4,1,0.1,200,1000,1,0,10,NA,NA,0,0,FALSE
2.8,31622.7766016838,4.5,0.4,1,0.1,200,1000,1,0,10,NA,NA,0,0,FALSE
2.9,31622.7766016838,4.5,0.4,1,0.1,200,1000,1,0,10,9,0.8,0.001,1,TRUE
3,31622.7766016838,4.5,0.4,1,0.1,200,1000,1,0,10,NA,NA,0,0,FALSE
3.1,31622.7766016838,4.5,0.4,1,0.1,200,1000,1,0,10,NA,NA,0,0,FALSE
3.2,31622.7766016838,4.5,0.4,1,0.1,200,1000,1,0,10,NA,NA,0,0,FALSE
3.3,31622.7766016838,4.5,0.4,1,0.1,200,1000,1,0,10,4,0.3,0.001,1,TRUE
3.4,31622.7766016838,4.5,0.4,1,0.1,200,1000,1,0,10,10,0.9,0.001,1,TRUE
3.5,31622.7766016838,4.5,0.4,1,0.1,200,1000,1,0,10,4,0.3,0.001,1,TRUE
3.6,31622.7766016838,4.5,0.4,1,0.1,200,1000,1,0,10,NA,NA,0,0,FALSE
3.7,31622.7766016838,4.5,0.4,1,0.1,200,1000,1,0,10,NA,NA,0,0,FALSE
3.8,31622.7766016838,4.5,0.4,1,0.1,200,1000,1,0,10,NA,NA,0,0,FALSE
3.9,31622.7766016838,4.5,0.4,1,0.1,200,1000,1,0,10,NA,NA,0,0,FALSE
4,31622.7766016838,4.5,0.4,1,0.1,200,1000,1,0,10,NA,NA,0,0,FALSE
4.1,31622.7766016838,4.5,0.4,1,0.1,200,1000,1,0,10,NA,NA,0,0,FALSE
4.2,31622.7766016838,4.5,0.4,1,0.1,200,1000,1,0,10,NA,NA,0,0,FALSE
4.3,31622.7766016838,4.5,0.4,1,0.1,200,1000,1,0,10,NA,NA,0,0,FALSE
4.4,31622.7766016838,4.5,0.4,1,0.1,200,1000,1,0,10,5,0.4,0.001,1,TRUE
4.5,31622.7766016838,4.5,0.4,1,0.1,200,1000,1,0,10,NA,NA,0,0,FALSE
4.6,31622.7766016838,4.5,0.4,1,0.1,200,1000,1,0,10,145.75,14.475,0.008,8,TRUE
4.7,31622.7766016838,4.5,0.4,1,0.1,200,1000,1,0,10,149.5,14.85,0.008,8,TRUE
4.8,31622.7766016838,4.5,0.4,1,0.1,200,1000,1,0,10,151.388888888889,15.0388888888889,0.018,18,TRUE
4.9,31622.7766016838,4.5,0.4,1,0.1,200,1000,1,0,10,148.829268292683,14.7829268292683,0.041,41,TRUE
5,31622.7766016838,4.5,0.4,1,0.1,200,1000,1,0,10,150.638888888889,14.9638888888889,0.072,72,TRUE
1.1,56234.1325190349,4.75,0.4,1,0.1,200,1000,1,0,10,84.412955465587,8.3412955465587,0.247,247,TRUE
1.2,56234.1325190349,4.75,0.4,1,0.1,200,1000,1,0,10,53.0084745762712,5.20084745762712,0.118,118,TRUE
1.3,56234.1325190349,4.75,0.4,1,0.1,200,1000,1,0,10,45.3666666666667,4.43666666666667,0.06,60,TRUE
1.4,56234.1325190349,4.75,0.4,1,0.1,200,1000,1,0,10,39.1891891891892,3.81891891891892,0.037,37,TRUE
1.5,56234.1325190349,4.75,0.4,1,0.1,200,1000,1,0,10,30.32,2.932,0.025,25,TRUE
1.6,56234.1325190349,4.75,0.4,1,0.1,200,1000,1,0,10,26.2105263157895,2.52105263157895,0.019,19,TRUE
1.7,56234.1325190349,4.75,0.4,1,0.1,200,1000,1,0,10,19.7692307692308,1.87692307692308,0.013,13,TRUE
1.8,56234.1325190349,4.75,0.4,1,0.1,200,1000,1,0,10,20,1.9,0.002,2,TRUE
1.9,56234.1325190349,4.75,0.4,1,0.1,200,1000,1,0,10,17.625,1.6625,0.008,8,TRUE
2,56234.1325190349,4.75,0.4,1,0.1,200,1000,1,0,10,20.5,1.95,0.004,4,TRUE
2.1,56234.1325190349,4.75,0.4,1,0.1,200,1000,1,0,10,9.2,0.82,0.005,5,TRUE
2.2,56234.1325190349,4.75,0.4,1,0.1,200,1000,1,0,10,11.6,1.06,0.005,5,TRUE
2.3,56234.1325190349,4.75,0.4,1,0.1,200,1000,1,0,10,11,1,0.003,3,TRUE
2.4,56234.1325190349,4.75,0.4,1,0.1,200,1000,1,0,10,9,0.8,0.002,2,TRUE
2.5,56234.1325190349,4.75,0.4,1,0.1,200,1000,1,0,10,1,0,0.001,1,TRUE
2.6,56234.1325190349,4.75,0.4,1,0.1,200,1000,1,0,10,NA,NA,0,0,FALSE
2.7,56234.1325190349,4.75,0.4,1,0.1,200,1000,1,0,10,8,0.7,0.001,1,TRUE
2.8,56234.1325190349,4.75,0.4,1,0.1,200,1000,1,0,10,NA,NA,0,0,FALSE
2.9,56234.1325190349,4.75,0.4,1,0.1,200,1000,1,0,10,8,0.7,0.001,1,TRUE
3,56234.1325190349,4.75,0.4,1,0.1,200,1000,1,0,10,18,1.7,0.001,1,TRUE
3.1,56234.1325190349,4.75,0.4,1,0.1,200,1000,1,0,10,NA,NA,0,0,FALSE
3.2,56234.1325190349,4.75,0.4,1,0.1,200,1000,1,0,10,8,0.7,0.002,2,TRUE
3.3,56234.1325190349,4.75,0.4,1,0.1,200,1000,1,0,10,16,1.5,0.001,1,TRUE
3.4,56234.1325190349,4.75,0.4,1,0.1,200,1000,1,0,10,NA,NA,0,0,FALSE
3.5,56234.1325190349,4.75,0.4,1,0.1,200,1000,1,0,10,NA,NA,0,0,FALSE
3.6,56234.1325190349,4.75,0.4,1,0.1,200,1000,1,0,10,NA,NA,0,0,FALSE
3.7,56234.1325190349,4.75,0.4,1,0.1,200,1000,1,0,10,6,0.5,0.001,1,TRUE
3.8,56234.1325190349,4.75,0.4,1,0.1,200,1000,1,0,10,4,0.3,0.001,1,TRUE
3.9,56234.1325190349,4.75,0.4,1,0.1,200,1000,1,0,10,NA,NA,0,0,FALSE
4,56234.1325190349,4.75,0.4,1,0.1,200,1000,1,0,10,NA,NA,0,0,FALSE
4.1,56234.1325190349,4.75,0.4,1,0.1,200,1000,1,0,10,NA,NA,0,0,FALSE
4.2,56234.1325190349,4.75,0.4,1,0.1,200,1000,1,0,10,NA,NA,0,0,FALSE
4.3,56234.1325190349,4.75,0.4,1,0.1,200,1000,1,0,10,NA,NA,0,0,FALSE
4.4,56234.1325190349,4.75,0.4,1,0.1,200,1000,1,0,10,3,0.2,0.001,1,TRUE
4.5,56234.1325190349,4.75,0.4,1,0.1,200,1000,1,0,10,NA,NA,0,0,FALSE
4.6,56234.1325190349,4.75,0.4,1,0.1,200,1000,1,0,10,NA,NA,0,0,FALSE
4.7,56234.1325190349,4.75,0.4,1,0.1,200,1000,1,0,10,85.5,8.45,0.002,2,TRUE
4.8,56234.1325190349,4.75,0.4,1,0.1,200,1000,1,0,10,NA,NA,0,0,FALSE
4.9,56234.1325190349,4.75,0.4,1,0.1,200,1000,1,0,10,156.25,15.525,0.004,4,TRUE
5,56234.1325190349,4.75,0.4,1,0.1,200,1000,1,0,10,156.5,15.55,0.008,8,TRUE
1.1,1e+05,5,0.4,1,0.1,200,1000,1,0,10,85.8729508196721,8.48729508196721,0.244,244,TRUE
1.2,1e+05,5,0.4,1,0.1,200,1000,1,0,10,59.1714285714286,5.81714285714286,0.105,105,TRUE
1.3,1e+05,5,0.4,1,0.1,200,1000,1,0,10,41.0166666666667,4.00166666666667,0.06,60,TRUE
1.4,1e+05,5,0.4,1,0.1,200,1000,1,0,10,36.4054054054054,3.54054054054054,0.037,37,TRUE
1.5,1e+05,5,0.4,1,0.1,200,1000,1,0,10,30.2105263157895,2.92105263157895,0.019,19,TRUE
1.6,1e+05,5,0.4,1,0.1,200,1000,1,0,10,25.6363636363636,2.46363636363636,0.022,22,TRUE
1.7,1e+05,5,0.4,1,0.1,200,1000,1,0,10,17.2,1.62,0.01,10,TRUE
1.8,1e+05,5,0.4,1,0.1,200,1000,1,0,10,14.3333333333333,1.33333333333333,0.003,3,TRUE
1.9,1e+05,5,0.4,1,0.1,200,1000,1,0,10,22.3333333333333,2.13333333333333,0.003,3,TRUE
2,1e+05,5,0.4,1,0.1,200,1000,1,0,10,18,1.7,0.004,4,TRUE
2.1,1e+05,5,0.4,1,0.1,200,1000,1,0,10,25.75,2.475,0.004,4,TRUE
2.2,1e+05,5,0.4,1,0.1,200,1000,1,0,10,20.5,1.95,0.002,2,TRUE
2.3,1e+05,5,0.4,1,0.1,200,1000,1,0,10,10,0.9,0.003,3,TRUE
2.4,1e+05,5,0.4,1,0.1,200,1000,1,0,10,5.5,0.45,0.004,4,TRUE
2.5,1e+05,5,0.4,1,0.1,200,1000,1,0,10,7.6,0.66,0.005,5,TRUE
2.6,1e+05,5,0.4,1,0.1,200,1000,1,0,10,5.33333333333333,0.433333333333333,0.003,3,TRUE
2.7,1e+05,5,0.4,1,0.1,200,1000,1,0,10,16,1.5,0.001,1,TRUE
2.8,1e+05,5,0.4,1,0.1,200,1000,1,0,10,32,3.1,0.001,1,TRUE
2.9,1e+05,5,0.4,1,0.1,200,1000,1,0,10,NA,NA,0,0,FALSE
3,1e+05,5,0.4,1,0.1,200,1000,1,0,10,6,0.5,0.001,1,TRUE
3.1,1e+05,5,0.4,1,0.1,200,1000,1,0,10,11,1,0.002,2,TRUE
3.2,1e+05,5,0.4,1,0.1,200,1000,1,0,10,5.5,0.45,0.002,2,TRUE
3.3,1e+05,5,0.4,1,0.1,200,1000,1,0,10,6,0.5,0.001,1,TRUE
3.4,1e+05,5,0.4,1,0.1,200,1000,1,0,10,2,0.1,0.002,2,TRUE
3.5,1e+05,5,0.4,1,0.1,200,1000,1,0,10,6,0.5,0.001,1,TRUE
3.6,1e+05,5,0.4,1,0.1,200,1000,1,0,10,NA,NA,0,0,FALSE
3.7,1e+05,5,0.4,1,0.1,200,1000,1,0,10,3,0.2,0.002,2,TRUE
3.8,1e+05,5,0.4,1,0.1,200,1000,1,0,10,NA,NA,0,0,FALSE
3.9,1e+05,5,0.4,1,0.1,200,1000,1,0,10,NA,NA,0,0,FALSE
4,1e+05,5,0.4,1,0.1,200,1000,1,0,10,NA,NA,0,0,FALSE
4.1,1e+05,5,0.4,1,0.1,200,1000,1,0,10,NA,NA,0,0,FALSE
4.2,1e+05,5,0.4,1,0.1,200,1000,1,0,10,NA,NA,0,0,FALSE
4.3,1e+05,5,0.4,1,0.1,200,1000,1,0,10,NA,NA,0,0,FALSE
4.4,1e+05,5,0.4,1,0.1,200,1000,1,0,10,NA,NA,0,0,FALSE
4.5,1e+05,5,0.4,1,0.1,200,1000,1,0,10,4,0.3,0.001,1,TRUE
4.6,1e+05,5,0.4,1,0.1,200,1000,1,0,10,4,0.3,0.001,1,TRUE
4.7,1e+05,5,0.4,1,0.1,200,1000,1,0,10,NA,NA,0,0,FALSE
4.8,1e+05,5,0.4,1,0.1,200,1000,1,0,10,NA,NA,0,0,FALSE
4.9,1e+05,5,0.4,1,0.1,200,1000,1,0,10,1,0,0.001,1,TRUE
5,1e+05,5,0.4,1,0.1,200,1000,1,0,10,NA,NA,0,0,FALSE
1.1,177827.941003892,5.25,0.4,1,0.1,200,1000,1,0,10,84.5275590551181,8.35275590551181,0.254,254,TRUE
1.2,177827.941003892,5.25,0.4,1,0.1,200,1000,1,0,10,55.843137254902,5.4843137254902,0.102,102,TRUE
1.3,177827.941003892,5.25,0.4,1,0.1,200,1000,1,0,10,47.8125,4.68125,0.064,64,TRUE
1.4,177827.941003892,5.25,0.4,1,0.1,200,1000,1,0,10,44.52,4.352,0.025,25,TRUE
1.5,177827.941003892,5.25,0.4,1,0.1,200,1000,1,0,10,31.5454545454545,3.05454545454545,0.022,22,TRUE
1.6,177827.941003892,5.25,0.4,1,0.1,200,1000,1,0,10,25,2.4,0.015,15,TRUE
1.7,177827.941003892,5.25,0.4,1,0.1,200,1000,1,0,10,23.4615384615385,2.24615384615385,0.013,13,TRUE
1.8,177827.941003892,5.25,0.4,1,0.1,200,1000,1,0,10,20.5714285714286,1.95714285714286,0.007,7,TRUE
1.9,177827.941003892,5.25,0.4,1,0.1,200,1000,1,0,10,19.5,1.85,0.002,2,TRUE
2,177827.941003892,5.25,0.4,1,0.1,200,1000,1,0,10,18.25,1.725,0.004,4,TRUE
2.1,177827.941003892,5.25,0.4,1,0.1,200,1000,1,0,10,10,0.9,0.002,2,TRUE
2.2,177827.941003892,5.25,0.4,1,0.1,200,1000,1,0,10,11.75,1.075,0.004,4,TRUE
2.3,177827.941003892,5.25,0.4,1,0.1,200,1000,1,0,10,17.5,1.65,0.002,2,TRUE
2.4,177827.941003892,5.25,0.4,1,0.1,200,1000,1,0,10,11.5,1.05,0.002,2,TRUE
2.5,177827.941003892,5.25,0.4,1,0.1,200,1000,1,0,10,NA,NA,0,0,FALSE
2.6,177827.941003892,5.25,0.4,1,0.1,200,1000,1,0,10,17.5,1.65,0.002,2,TRUE
2.7,177827.941003892,5.25,0.4,1,0.1,200,1000,1,0,10,9,0.8,0.001,1,TRUE
2.8,177827.941003892,5.25,0.4,1,0.1,200,1000,1,0,10,12,1.1,0.001,1,TRUE
2.9,177827.941003892,5.25,0.4,1,0.1,200,1000,1,0,10,5,0.4,0.001,1,TRUE
3,177827.941003892,5.25,0.4,1,0.1,200,1000,1,0,10,NA,NA,0,0,FALSE
3.1,177827.941003892,5.25,0.4,1,0.1,200,1000,1,0,10,NA,NA,0,0,FALSE
3.2,177827.941003892,5.25,0.4,1,0.1,200,1000,1,0,10,25,2.4,0.002,2,TRUE
3.3,177827.941003892,5.25,0.4,1,0.1,200,1000,1,0,10,9,0.8,0.001,1,TRUE
3.4,177827.941003892,5.25,0.4,1,0.1,200,1000,1,0,10,NA,NA,0,0,FALSE
3.5,177827.941003892,5.25,0.4,1,0.1,200,1000,1,0,10,NA,NA,0,0,FALSE
3.6,177827.941003892,5.25,0.4,1,0.1,200,1000,1,0,10,NA,NA,0,0,FALSE
3.7,177827.941003892,5.25,0.4,1,0.1,200,1000,1,0,10,NA,NA,0,0,FALSE
3.8,177827.941003892,5.25,0.4,1,0.1,200,1000,1,0,10,5,0.4,0.002,2,TRUE
3.9,177827.941003892,5.25,0.4,1,0.1,200,1000,1,0,10,NA,NA,0,0,FALSE
4,177827.941003892,5.25,0.4,1,0.1,200,1000,1,0,10,NA,NA,0,0,FALSE
4.1,177827.941003892,5.25,0.4,1,0.1,200,1000,1,0,10,NA,NA,0,0,FALSE
4.2,177827.941003892,5.25,0.4,1,0.1,200,1000,1,0,10,NA,NA,0,0,FALSE
4.3,177827.941003892,5.25,0.4,1,0.1,200,1000,1,0,10,5,0.4,0.001,1,TRUE
4.4,177827.941003892,5.25,0.4,1,0.1,200,1000,1,0,10,9,0.8,0.001,1,TRUE
4.5,177827.941003892,5.25,0.4,1,0.1,200,1000,1,0,10,NA,NA,0,0,FALSE
4.6,177827.941003892,5.25,0.4,1,0.1,200,1000,1,0,10,NA,NA,0,0,FALSE
4.7,177827.941003892,5.25,0.4,1,0.1,200,1000,1,0,10,NA,NA,0,0,FALSE
4.8,177827.941003892,5.25,0.4,1,0.1,200,1000,1,0,10,NA,NA,0,0,FALSE
4.9,177827.941003892,5.25,0.4,1,0.1,200,1000,1,0,10,NA,NA,0,0,FALSE
5,177827.941003892,5.25,0.4,1,0.1,200,1000,1,0,10,NA,NA,0,0,FALSE
1.1,316227.766016838,5.5,0.4,1,0.1,200,1000,1,0,10,79.4896265560166,7.84896265560166,0.241,241,TRUE
1.2,316227.766016838,5.5,0.4,1,0.1,200,1000,1,0,10,60,5.9,0.11,110,TRUE
1.3,316227.766016838,5.5,0.4,1,0.1,200,1000,1,0,10,34.5102040816327,3.35102040816327,0.049,49,TRUE
1.4,316227.766016838,5.5,0.4,1,0.1,200,1000,1,0,10,37.3125,3.63125,0.032,32,TRUE
1.5,316227.766016838,5.5,0.4,1,0.1,200,1000,1,0,10,32.2941176470588,3.12941176470588,0.017,17,TRUE
1.6,316227.766016838,5.5,0.4,1,0.1,200,1000,1,0,10,23.5294117647059,2.25294117647059,0.017,17,TRUE
1.7,316227.766016838,5.5,0.4,1,0.1,200,1000,1,0,10,13.1428571428571,1.21428571428571,0.007,7,TRUE
1.8,316227.766016838,5.5,0.4,1,0.1,200,1000,1,0,10,33,3.2,0.01,10,TRUE
1.9,316227.766016838,5.5,0.4,1,0.1,200,1000,1,0,10,10.4,0.94,0.005,5,TRUE
2,316227.766016838,5.5,0.4,1,0.1,200,1000,1,0,10,NA,NA,0,0,FALSE
2.1,316227.766016838,5.5,0.4,1,0.1,200,1000,1,0,10,31.5,3.05,0.002,2,TRUE
2.2,316227.766016838,5.5,0.4,1,0.1,200,1000,1,0,10,NA,NA,0,0,FALSE
2.3,316227.766016838,5.5,0.4,1,0.1,200,1000,1,0,10,12,1.1,0.005,5,TRUE
2.4,316227.766016838,5.5,0.4,1,0.1,200,1000,1,0,10,18,1.7,0.002,2,TRUE
2.5,316227.766016838,5.5,0.4,1,0.1,200,1000,1,0,10,11,1,0.001,1,TRUE
2.6,316227.766016838,5.5,0.4,1,0.1,200,1000,1,0,10,NA,NA,0,0,FALSE
2.7,316227.766016838,5.5,0.4,1,0.1,200,1000,1,0,10,NA,NA,0,0,FALSE
2.8,316227.766016838,5.5,0.4,1,0.1,200,1000,1,0,10,NA,NA,0,0,FALSE
2.9,316227.766016838,5.5,0.4,1,0.1,200,1000,1,0,10,13.5,1.25,0.002,2,TRUE
3,316227.766016838,5.5,0.4,1,0.1,200,1000,1,0,10,NA,NA,0,0,FALSE
3.1,316227.766016838,5.5,0.4,1,0.1,200,1000,1,0,10,NA,NA,0,0,FALSE
3.2,316227.766016838,5.5,0.4,1,0.1,200,1000,1,0,10,6,0.5,0.001,1,TRUE
3.3,316227.766016838,5.5,0.4,1,0.1,200,1000,1,0,10,NA,NA,0,0,FALSE
3.4,316227.766016838,5.5,0.4,1,0.1,200,1000,1,0,10,NA,NA,0,0,FALSE
3.5,316227.766016838,5.5,0.4,1,0.1,200,1000,1,0,10,NA,NA,0,0,FALSE
3.6,316227.766016838,5.5,0.4,1,0.1,200,1000,1,0,10,12,1.1,0.001,1,TRUE
3.7,316227.766016838,5.5,0.4,1,0.1,200,1000,1,0,10,NA,NA,0,0,FALSE
3.8,316227.766016838,5.5,0.4,1,0.1,200,1000,1,0,10,NA,NA,0,0,FALSE
3.9,316227.766016838,5.5,0.4,1,0.1,200,1000,1,0,10,NA,NA,0,0,FALSE
4,316227.766016838,5.5,0.4,1,0.1,200,1000,1,0,10,NA,NA,0,0,FALSE
4.1,316227.766016838,5.5,0.4,1,0.1,200,1000,1,0,10,6,0.5,0.001,1,TRUE
4.2,316227.766016838,5.5,0.4,1,0.1,200,1000,1,0,10,NA,NA,0,0,FALSE
4.3,316227.766016838,5.5,0.4,1,0.1,200,1000,1,0,10,NA,NA,0,0,FALSE
4.4,316227.766016838,5.5,0.4,1,0.1,200,1000,1,0,10,NA,NA,0,0,FALSE
4.5,316227.766016838,5.5,0.4,1,0.1,200,1000,1,0,10,NA,NA,0,0,FALSE
4.6,316227.766016838,5.5,0.4,1,0.1,200,1000,1,0,10,NA,NA,0,0,FALSE
4.7,316227.766016838,5.5,0.4,1,0.1,200,1000,1,0,10,NA,NA,0,0,FALSE
4.8,316227.766016838,5.5,0.4,1,0.1,200,1000,1,0,10,NA,NA,0,0,FALSE
4.9,316227.766016838,5.5,0.4,1,0.1,200,1000,1,0,10,NA,NA,0,0,FALSE
5,316227.766016838,5.5,0.4,1,0.1,200,1000,1,0,10,NA,NA,0,0,FALSE
1.1,562341.325190349,5.75,0.4,1,0.1,200,1000,1,0,10,91.704845814978,9.0704845814978,0.227,227,TRUE
1.2,562341.325190349,5.75,0.4,1,0.1,200,1000,1,0,10,53.8611111111111,5.28611111111111,0.108,108,TRUE
1.3,562341.325190349,5.75,0.4,1,0.1,200,1000,1,0,10,40.2727272727273,3.92727272727273,0.055,55,TRUE
1.4,562341.325190349,5.75,0.4,1,0.1,200,1000,1,0,10,33.8421052631579,3.28421052631579,0.038,38,TRUE
1.5,562341.325190349,5.75,0.4,1,0.1,200,1000,1,0,10,33.5714285714286,3.25714285714286,0.021,21,TRUE
1.6,562341.325190349,5.75,0.4,1,0.1,200,1000,1,0,10,22.9090909090909,2.19090909090909,0.011,11,TRUE
1.7,562341.325190349,5.75,0.4,1,0.1,200,1000,1,0,10,24.3846153846154,2.33846153846154,0.013,13,TRUE
1.8,562341.325190349,5.75,0.4,1,0.1,200,1000,1,0,10,19.8333333333333,1.88333333333333,0.006,6,TRUE
1.9,562341.325190349,5.75,0.4,1,0.1,200,1000,1,0,10,9.33333333333333,0.833333333333333,0.003,3,TRUE
2,562341.325190349,5.75,0.4,1,0.1,200,1000,1,0,10,14.75,1.375,0.004,4,TRUE
2.1,562341.325190349,5.75,0.4,1,0.1,200,1000,1,0,10,10.75,0.975,0.004,4,TRUE
2.2,562341.325190349,5.75,0.4,1,0.1,200,1000,1,0,10,11.5,1.05,0.002,2,TRUE
2.3,562341.325190349,5.75,0.4,1,0.1,200,1000,1,0,10,12.5,1.15,0.002,2,TRUE
2.4,562341.325190349,5.75,0.4,1,0.1,200,1000,1,0,10,8.25,0.725,0.004,4,TRUE
2.5,562341.325190349,5.75,0.4,1,0.1,200,1000,1,0,10,27,2.6,0.002,2,TRUE
2.6,562341.325190349,5.75,0.4,1,0.1,200,1000,1,0,10,9,0.8,0.003,3,TRUE
2.7,562341.325190349,5.75,0.4,1,0.1,200,1000,1,0,10,6,0.5,0.001,1,TRUE
2.8,562341.325190349,5.75,0.4,1,0.1,200,1000,1,0,10,NA,NA,0,0,FALSE
2.9,562341.325190349,5.75,0.4,1,0.1,200,1000,1,0,10,NA,NA,0,0,FALSE
3,562341.325190349,5.75,0.4,1,0.1,200,1000,1,0,10,2,0.1,0.001,1,TRUE
3.1,562341.325190349,5.75,0.4,1,0.1,200,1000,1,0,10,2,0.1,0.001,1,TRUE
3.2,562341.325190349,5.75,0.4,1,0.1,200,1000,1,0,10,NA,NA,0,0,FALSE
3.3,562341.325190349,5.75,0.4,1,0.1,200,1000,1,0,10,11,1,0.001,1,TRUE
3.4,562341.325190349,5.75,0.4,1,0.1,200,1000,1,0,10,4,0.3,0.001,1,TRUE
3.5,562341.325190349,5.75,0.4,1,0.1,200,1000,1,0,10,NA,NA,0,0,FALSE
3.6,562341.325190349,5.75,0.4,1,0.1,200,1000,1,0,10,5,0.4,0.001,1,TRUE
3.7,562341.325190349,5.75,0.4,1,0.1,200,1000,1,0,10,8,0.7,0.001,1,TRUE
3.8,562341.325190349,5.75,0.4,1,0.1,200,1000,1,0,10,11,1,0.001,1,TRUE
3.9,562341.325190349,5.75,0.4,1,0.1,200,1000,1,0,10,NA,NA,0,0,FALSE
4,562341.325190349,5.75,0.4,1,0.1,200,1000,1,0,10,NA,NA,0,0,FALSE
4.1,562341.325190349,5.75,0.4,1,0.1,200,1000,1,0,10,NA,NA,0,0,FALSE
4.2,562341.325190349,5.75,0.4,1,0.1,200,1000,1,0,10,NA,NA,0,0,FALSE
4.3,562341.325190349,5.75,0.4,1,0.1,200,1000,1,0,10,NA,NA,0,0,FALSE
4.4,562341.325190349,5.75,0.4,1,0.1,200,1000,1,0,10,NA,NA,0,0,FALSE
4.5,562341.325190349,5.75,0.4,1,0.1,200,1000,1,0,10,NA,NA,0,0,FALSE
4.6,562341.325190349,5.75,0.4,1,0.1,200,1000,1,0,10,NA,NA,0,0,FALSE
4.7,562341.325190349,5.75,0.4,1,0.1,200,1000,1,0,10,4,0.3,0.002,2,TRUE
4.8,562341.325190349,5.75,0.4,1,0.1,200,1000,1,0,10,NA,NA,0,0,FALSE
4.9,562341.325190349,5.75,0.4,1,0.1,200,1000,1,0,10,NA,NA,0,0,FALSE
5,562341.325190349,5.75,0.4,1,0.1,200,1000,1,0,10,NA,NA,0,0,FALSE
1.1,1e+06,6,0.4,1,0.1,200,1000,1,0,10,87.718875502008,8.6718875502008,0.249,249,TRUE
1.2,1e+06,6,0.4,1,0.1,200,1000,1,0,10,58.7857142857143,5.77857142857143,0.112,112,TRUE
1.3,1e+06,6,0.4,1,0.1,200,1000,1,0,10,40.8518518518519,3.98518518518519,0.054,54,TRUE
1.4,1e+06,6,0.4,1,0.1,200,1000,1,0,10,31.2903225806452,3.02903225806452,0.031,31,TRUE
1.5,1e+06,6,0.4,1,0.1,200,1000,1,0,10,32.8,3.18,0.02,20,TRUE
1.6,1e+06,6,0.4,1,0.1,200,1000,1,0,10,29.3333333333333,2.83333333333333,0.012,12,TRUE
1.7,1e+06,6,0.4,1,0.1,200,1000,1,0,10,15.0833333333333,1.40833333333333,0.012,12,TRUE
1.8,1e+06,6,0.4,1,0.1,200,1000,1,0,10,27,2.6,0.009,9,TRUE
1.9,1e+06,6,0.4,1,0.1,200,1000,1,0,10,12.5,1.15,0.004,4,TRUE
2,1e+06,6,0.4,1,0.1,200,1000,1,0,10,11.3333333333333,1.03333333333333,0.006,6,TRUE
2.1,1e+06,6,0.4,1,0.1,200,1000,1,0,10,14,1.3,0.002,2,TRUE
2.2,1e+06,6,0.4,1,0.1,200,1000,1,0,10,25.3333333333333,2.43333333333333,0.003,3,TRUE
2.3,1e+06,6,0.4,1,0.1,200,1000,1,0,10,12,1.1,0.002,2,TRUE
2.4,1e+06,6,0.4,1,0.1,200,1000,1,0,10,18,1.7,0.002,2,TRUE
2.5,1e+06,6,0.4,1,0.1,200,1000,1,0,10,NA,NA,0,0,FALSE
2.6,1e+06,6,0.4,1,0.1,200,1000,1,0,10,9.33333333333333,0.833333333333333,0.003,3,TRUE
2.7,1e+06,6,0.4,1,0.1,200,1000,1,0,10,NA,NA,0,0,FALSE
2.8,1e+06,6,0.4,1,0.1,200,1000,1,0,10,5,0.4,0.001,1,TRUE
2.9,1e+06,6,0.4,1,0.1,200,1000,1,0,10,NA,NA,0,0,FALSE
3,1e+06,6,0.4,1,0.1,200,1000,1,0,10,NA,NA,0,0,FALSE
3.1,1e+06,6,0.4,1,0.1,200,1000,1,0,10,16,1.5,0.001,1,TRUE
3.2,1e+06,6,0.4,1,0.1,200,1000,1,0,10,12,1.1,0.001,1,TRUE
3.3,1e+06,6,0.4,1,0.1,200,1000,1,0,10,NA,NA,0,0,FALSE
3.4,1e+06,6,0.4,1,0.1,200,1000,1,0,10,7,0.6,0.001,1,TRUE
3.5,1e+06,6,0.4,1,0.1,200,1000,1,0,10,NA,NA,0,0,FALSE
3.6,1e+06,6,0.4,1,0.1,200,1000,1,0,10,11,1,0.001,1,TRUE
3.7,1e+06,6,0.4,1,0.1,200,1000,1,0,10,16,1.5,0.001,1,TRUE
3.8,1e+06,6,0.4,1,0.1,200,1000,1,0,10,NA,NA,0,0,FALSE
3.9,1e+06,6,0.4,1,0.1,200,1000,1,0,10,NA,NA,0,0,FALSE
4,1e+06,6,0.4,1,0.1,200,1000,1,0,10,NA,NA,0,0,FALSE
4.1,1e+06,6,0.4,1,0.1,200,1000,1,0,10,4,0.3,0.001,1,TRUE
4.2,1e+06,6,0.4,1,0.1,200,1000,1,0,10,4,0.3,0.001,1,TRUE
4.3,1e+06,6,0.4,1,0.1,200,1000,1,0,10,NA,NA,0,0,FALSE
4.4,1e+06,6,0.4,1,0.1,200,1000,1,0,10,2,0.1,0.001,1,TRUE
4.5,1e+06,6,0.4,1,0.1,200,1000,1,0,10,NA,NA,0,0,FALSE
4.6,1e+06,6,0.4,1,0.1,200,1000,1,0,10,NA,NA,0,0,FALSE
4.7,1e+06,6,0.4,1,0.1,200,1000,1,0,10,NA,NA,0,0,FALSE
4.8,1e+06,6,0.4,1,0.1,200,1000,1,0,10,NA,NA,0,0,FALSE
4.9,1e+06,6,0.4,1,0.1,200,1000,1,0,10,1,0,0.001,1,TRUE
5,1e+06,6,0.4,1,0.1,200,1000,1,0,10,1,0,0.001,1,TRUE
