"combo_id","replicate","patch","episode_id","start_time","end_time","censoring_time","observed_duration","extinction_observed","T0","threshold_multiplier","fadeout_threshold","survived_beyond_threshold","early_extinction","fadeout","right_censored"
"smoke",1,1,1,0,891,3650,891,TRUE,128.684649154444,1.5,193.026973731666,TRUE,FALSE,TRUE,FALSE
"smoke",1,1,2,1425,1426,3650,1,TRUE,128.684649154444,1.5,193.026973731666,FALSE,TRUE,FALSE,FALSE
"smoke",1,1,3,1468,1537,3650,69,TRUE,128.684649154444,1.5,193.026973731666,FALSE,TRUE,FALSE,FALSE
"smoke",1,1,4,1540,1541,3650,1,TRUE,128.684649154444,1.5,193.026973731666,FALSE,TRUE,FALSE,FALSE
"smoke",1,1,5,2285,2288,3650,3,TRUE,128.684649154444,1.5,193.026973731666,FALSE,TRUE,FALSE,FALSE
"smoke",1,1,6,2316,2317,3650,1,TRUE,128.684649154444,1.5,193.026973731666,FALSE,TRUE,FALSE,FALSE
"smoke",1,1,7,2577,2654,3650,77,TRUE,128.684649154444,1.5,193.026973731666,FALSE,TRUE,FALSE,FALSE
"smoke",1,2,1,0,519,3650,519,TRUE,128.684649154444,1.5,193.026973731666,TRUE,FALSE,TRUE,FALSE
"smoke",1,2,2,1514,1585,3650,71,TRUE,128.684649154444,1.5,193.026973731666,FALSE,TRUE,FALSE,FALSE
"smoke",1,2,3,2916,2984,3650,68,TRUE,128.684649154444,1.5,193.026973731666,FALSE,TRUE,FALSE,FALSE
"smoke",1,2,4,3635,NA,3650,15,FALSE,128.684649154444,1.5,193.026973731666,FALSE,FALSE,FALSE,TRUE
"smoke",1,3,1,0,113,3650,113,TRUE,128.684649154444,1.5,193.026973731666,FALSE,TRUE,FALSE,FALSE
"smoke",1,3,2,845,970,3650,125,TRUE,128.684649154444,1.5,193.026973731666,FALSE,TRUE,FALSE,FALSE
"smoke",1,3,3,1137,1210,3650,73,TRUE,128.684649154444,1.5,193.026973731666,FALSE,TRUE,FALSE,FALSE
"smoke",1,3,4,1513,1596,3650,83,TRUE,128.684649154444,1.5,193.026973731666,FALSE,TRUE,FALSE,FALSE
"smoke",1,3,5,2287,2386,3650,99,TRUE,128.684649154444,1.5,193.026973731666,FALSE,TRUE,FALSE,FALSE
"smoke",1,3,6,3416,NA,3650,234,FALSE,128.684649154444,1.5,193.026973731666,TRUE,FALSE,FALSE,TRUE
"smoke",1,4,1,0,595,3650,595,TRUE,128.684649154444,1.5,193.026973731666,TRUE,FALSE,TRUE,FALSE
"smoke",1,4,2,755,831,3650,76,TRUE,128.684649154444,1.5,193.026973731666,FALSE,TRUE,FALSE,FALSE
"smoke",1,4,3,2271,2347,3650,76,TRUE,128.684649154444,1.5,193.026973731666,FALSE,TRUE,FALSE,FALSE
"smoke",1,4,4,2919,2989,3650,70,TRUE,128.684649154444,1.5,193.026973731666,FALSE,TRUE,FALSE,FALSE
"smoke",1,5,1,0,94,3650,94,TRUE,128.684649154444,1.5,193.026973731666,FALSE,TRUE,FALSE,FALSE
"smoke",1,5,2,316,383,3650,67,TRUE,128.684649154444,1.5,193.026973731666,FALSE,TRUE,FALSE,FALSE
"smoke",1,5,3,1521,1603,3650,82,TRUE,128.684649154444,1.5,193.026973731666,FALSE,TRUE,FALSE,FALSE
"smoke",1,5,4,2939,3035,3650,96,TRUE,128.684649154444,1.5,193.026973731666,FALSE,TRUE,FALSE,FALSE
"smoke",1,6,1,0,105,3650,105,TRUE,128.684649154444,1.5,193.026973731666,FALSE,TRUE,FALSE,FALSE
"smoke",1,6,2,372,476,3650,104,TRUE,128.684649154444,1.5,193.026973731666,FALSE,TRUE,FALSE,FALSE
"smoke",1,6,3,976,1252,3650,276,TRUE,128.684649154444,1.5,193.026973731666,TRUE,FALSE,TRUE,FALSE
"smoke",1,6,4,1447,1521,3650,74,TRUE,128.684649154444,1.5,193.026973731666,FALSE,TRUE,FALSE,FALSE
"smoke",1,6,5,2185,2241,3650,56,TRUE,128.684649154444,1.5,193.026973731666,FALSE,TRUE,FALSE,FALSE
"smoke",1,6,6,2263,2264,3650,1,TRUE,128.684649154444,1.5,193.026973731666,FALSE,TRUE,FALSE,FALSE
"smoke",1,6,7,2564,2565,3650,1,TRUE,128.684649154444,1.5,193.026973731666,FALSE,TRUE,FALSE,FALSE
"smoke",1,6,8,2595,2655,3650,60,TRUE,128.684649154444,1.5,193.026973731666,FALSE,TRUE,FALSE,FALSE
"smoke",1,6,9,2941,2946,3650,5,TRUE,128.684649154444,1.5,193.026973731666,FALSE,TRUE,FALSE,FALSE
"smoke",1,6,10,3110,3344,3650,234,TRUE,128.684649154444,1.5,193.026973731666,TRUE,FALSE,TRUE,FALSE
"smoke",1,6,11,3392,NA,3650,258,FALSE,128.684649154444,1.5,193.026973731666,TRUE,FALSE,FALSE,TRUE
"smoke",1,7,1,0,481,3650,481,TRUE,128.684649154444,1.5,193.026973731666,TRUE,FALSE,TRUE,FALSE
"smoke",1,7,2,723,798,3650,75,TRUE,128.684649154444,1.5,193.026973731666,FALSE,TRUE,FALSE,FALSE
"smoke",1,7,3,1117,1182,3650,65,TRUE,128.684649154444,1.5,193.026973731666,FALSE,TRUE,FALSE,FALSE
"smoke",1,7,4,1368,1369,3650,1,TRUE,128.684649154444,1.5,193.026973731666,FALSE,TRUE,FALSE,FALSE
"smoke",1,7,5,1402,1477,3650,75,TRUE,128.684649154444,1.5,193.026973731666,FALSE,TRUE,FALSE,FALSE
"smoke",1,7,6,2829,2920,3650,91,TRUE,128.684649154444,1.5,193.026973731666,FALSE,TRUE,FALSE,FALSE
"smoke",1,7,7,2954,2955,3650,1,TRUE,128.684649154444,1.5,193.026973731666,FALSE,TRUE,FALSE,FALSE
"smoke",1,7,8,3051,3053,3650,2,TRUE,128.684649154444,1.5,193.026973731666,FALSE,TRUE,FALSE,FALSE
"smoke",1,8,1,0,75,3650,75,TRUE,128.684649154444,1.5,193.026973731666,FALSE,TRUE,FALSE,FALSE
"smoke",1,8,2,143,145,3650,2,TRUE,128.684649154444,1.5,193.026973731666,FALSE,TRUE,FALSE,FALSE
"smoke",1,8,3,677,756,3650,79,TRUE,128.684649154444,1.5,193.026973731666,FALSE,TRUE,FALSE,FALSE
"smoke",1,8,4,791,810,3650,19,TRUE,128.684649154444,1.5,193.026973731666,FALSE,TRUE,FALSE,FALSE
"smoke",1,8,5,1032,1110,3650,78,TRUE,128.684649154444,1.5,193.026973731666,FALSE,TRUE,FALSE,FALSE
"smoke",1,8,6,1123,1125,3650,2,TRUE,128.684649154444,1.5,193.026973731666,FALSE,TRUE,FALSE,FALSE
"smoke",1,8,7,1175,1178,3650,3,TRUE,128.684649154444,1.5,193.026973731666,FALSE,TRUE,FALSE,FALSE
"smoke",1,8,8,1473,1474,3650,1,TRUE,128.684649154444,1.5,193.026973731666,FALSE,TRUE,FALSE,FALSE
"smoke",1,8,9,3601,3603,3650,2,TRUE,128.684649154444,1.5,193.026973731666,FALSE,TRUE,FALSE,FALSE
"smoke",1,9,1,0,849,3650,849,TRUE,128.684649154444,1.5,193.026973731666,TRUE,FALSE,TRUE,FALSE
"smoke",1,9,2,1416,1417,3650,1,TRUE,128.684649154444,1.5,193.026973731666,FALSE,TRUE,FALSE,FALSE
"smoke",1,9,3,1579,1674,3650,95,TRUE,128.684649154444,1.5,193.026973731666,FALSE,TRUE,FALSE,FALSE
"smoke",1,9,4,2271,2351,3650,80,TRUE,128.684649154444,1.5,193.026973731666,FALSE,TRUE,FALSE,FALSE
"smoke",1,9,5,2591,2679,3650,88,TRUE,128.684649154444,1.5,193.026973731666,FALSE,TRUE,FALSE,FALSE
"smoke",1,9,6,2890,2961,3650,71,TRUE,128.684649154444,1.5,193.026973731666,FALSE,TRUE,FALSE,FALSE
"smoke",1,10,1,0,108,3650,108,TRUE,128.684649154444,1.5,193.026973731666,FALSE,TRUE,FALSE,FALSE
"smoke",1,10,2,288,380,3650,92,TRUE,128.684649154444,1.5,193.026973731666,FALSE,TRUE,FALSE,FALSE
"smoke",1,10,3,629,710,3650,81,TRUE,128.684649154444,1.5,193.026973731666,FALSE,TRUE,FALSE,FALSE
"smoke",1,10,4,1510,1581,3650,71,TRUE,128.684649154444,1.5,193.026973731666,FALSE,TRUE,FALSE,FALSE
"smoke",1,10,5,1837,1912,3650,75,TRUE,128.684649154444,1.5,193.026973731666,FALSE,TRUE,FALSE,FALSE
"smoke",1,10,6,2178,2250,3650,72,TRUE,128.684649154444,1.5,193.026973731666,FALSE,TRUE,FALSE,FALSE
"smoke",1,10,7,2820,2921,3650,101,TRUE,128.684649154444,1.5,193.026973731666,FALSE,TRUE,FALSE,FALSE
"smoke",1,10,8,2997,3426,3650,429,TRUE,128.684649154444,1.5,193.026973731666,TRUE,FALSE,TRUE,FALSE
"smoke",1,11,1,0,109,3650,109,TRUE,128.684649154444,1.5,193.026973731666,FALSE,TRUE,FALSE,FALSE
"smoke",1,11,2,2243,2309,3650,66,TRUE,128.684649154444,1.5,193.026973731666,FALSE,TRUE,FALSE,FALSE
"smoke",1,11,3,2326,2329,3650,3,TRUE,128.684649154444,1.5,193.026973731666,FALSE,TRUE,FALSE,FALSE
"smoke",1,12,1,0,141,3650,141,TRUE,128.684649154444,1.5,193.026973731666,FALSE,TRUE,FALSE,FALSE
"smoke",1,12,2,308,311,3650,3,TRUE,128.684649154444,1.5,193.026973731666,FALSE,TRUE,FALSE,FALSE
"smoke",1,12,3,384,453,3650,69,TRUE,128.684649154444,1.5,193.026973731666,FALSE,TRUE,FALSE,FALSE
"smoke",1,12,4,595,596,3650,1,TRUE,128.684649154444,1.5,193.026973731666,FALSE,TRUE,FALSE,FALSE
"smoke",1,12,5,1344,1452,3650,108,TRUE,128.684649154444,1.5,193.026973731666,FALSE,TRUE,FALSE,FALSE
"smoke",1,12,6,2159,2162,3650,3,TRUE,128.684649154444,1.5,193.026973731666,FALSE,TRUE,FALSE,FALSE
"smoke",1,12,7,2279,2361,3650,82,TRUE,128.684649154444,1.5,193.026973731666,FALSE,TRUE,FALSE,FALSE
"smoke",1,12,8,2468,2469,3650,1,TRUE,128.684649154444,1.5,193.026973731666,FALSE,TRUE,FALSE,FALSE
"smoke",1,12,9,2618,2703,3650,85,TRUE,128.684649154444,1.5,193.026973731666,FALSE,TRUE,FALSE,FALSE
"smoke",1,13,1,0,125,3650,125,TRUE,128.684649154444,1.5,193.026973731666,FALSE,TRUE,FALSE,FALSE
"smoke",1,13,2,293,296,3650,3,TRUE,128.684649154444,1.5,193.026973731666,FALSE,TRUE,FALSE,FALSE
"smoke",1,13,3,693,697,3650,4,TRUE,128.684649154444,1.5,193.026973731666,FALSE,TRUE,FALSE,FALSE
"smoke",1,13,4,723,787,3650,64,TRUE,128.684649154444,1.5,193.026973731666,FALSE,TRUE,FALSE,FALSE
"smoke",1,13,5,791,795,3650,4,TRUE,128.684649154444,1.5,193.026973731666,FALSE,TRUE,FALSE,FALSE
"smoke",1,13,6,1450,1511,3650,61,TRUE,128.684649154444,1.5,193.026973731666,FALSE,TRUE,FALSE,FALSE
"smoke",1,13,7,1605,1609,3650,4,TRUE,128.684649154444,1.5,193.026973731666,FALSE,TRUE,FALSE,FALSE
"smoke",1,13,8,1634,1644,3650,10,TRUE,128.684649154444,1.5,193.026973731666,FALSE,TRUE,FALSE,FALSE
"smoke",1,13,9,1923,2023,3650,100,TRUE,128.684649154444,1.5,193.026973731666,FALSE,TRUE,FALSE,FALSE
"smoke",1,13,10,2147,2243,3650,96,TRUE,128.684649154444,1.5,193.026973731666,FALSE,TRUE,FALSE,FALSE
"smoke",1,13,11,2294,2301,3650,7,TRUE,128.684649154444,1.5,193.026973731666,FALSE,TRUE,FALSE,FALSE
"smoke",1,14,1,0,129,3650,129,TRUE,128.684649154444,1.5,193.026973731666,FALSE,TRUE,FALSE,FALSE
"smoke",1,14,2,682,749,3650,67,TRUE,128.684649154444,1.5,193.026973731666,FALSE,TRUE,FALSE,FALSE
"smoke",1,14,3,1039,1124,3650,85,TRUE,128.684649154444,1.5,193.026973731666,FALSE,TRUE,FALSE,FALSE
"smoke",1,14,4,1517,1590,3650,73,TRUE,128.684649154444,1.5,193.026973731666,FALSE,TRUE,FALSE,FALSE
"smoke",1,14,5,2662,2804,3650,142,TRUE,128.684649154444,1.5,193.026973731666,FALSE,TRUE,FALSE,FALSE
"smoke",1,15,1,0,106,3650,106,TRUE,128.684649154444,1.5,193.026973731666,FALSE,TRUE,FALSE,FALSE
"smoke",1,15,2,435,447,3650,12,TRUE,128.684649154444,1.5,193.026973731666,FALSE,TRUE,FALSE,FALSE
"smoke",1,15,3,726,795,3650,69,TRUE,128.684649154444,1.5,193.026973731666,FALSE,TRUE,FALSE,FALSE
"smoke",1,15,4,799,802,3650,3,TRUE,128.684649154444,1.5,193.026973731666,FALSE,TRUE,FALSE,FALSE
"smoke",1,15,5,1175,1263,3650,88,TRUE,128.684649154444,1.5,193.026973731666,FALSE,TRUE,FALSE,FALSE
"smoke",1,15,6,2338,2339,3650,1,TRUE,128.684649154444,1.5,193.026973731666,FALSE,TRUE,FALSE,FALSE
"smoke",1,15,7,2444,2547,3650,103,TRUE,128.684649154444,1.5,193.026973731666,FALSE,TRUE,FALSE,FALSE
"smoke",1,15,8,2930,2931,3650,1,TRUE,128.684649154444,1.5,193.026973731666,FALSE,TRUE,FALSE,FALSE
"smoke",1,15,9,3326,3407,3650,81,TRUE,128.684649154444,1.5,193.026973731666,FALSE,TRUE,FALSE,FALSE
"smoke",1,16,1,0,66,3650,66,TRUE,128.684649154444,1.5,193.026973731666,FALSE,TRUE,FALSE,FALSE
"smoke",1,16,2,638,728,3650,90,TRUE,128.684649154444,1.5,193.026973731666,FALSE,TRUE,FALSE,FALSE
"smoke",1,16,3,782,790,3650,8,TRUE,128.684649154444,1.5,193.026973731666,FALSE,TRUE,FALSE,FALSE
"smoke",1,16,4,1589,1968,3650,379,TRUE,128.684649154444,1.5,193.026973731666,TRUE,FALSE,TRUE,FALSE
"smoke",1,16,5,3305,3372,3650,67,TRUE,128.684649154444,1.5,193.026973731666,FALSE,TRUE,FALSE,FALSE
"smoke",1,16,6,3600,NA,3650,50,FALSE,128.684649154444,1.5,193.026973731666,FALSE,FALSE,FALSE,TRUE
"smoke",1,17,1,0,98,3650,98,TRUE,128.684649154444,1.5,193.026973731666,FALSE,TRUE,FALSE,FALSE
"smoke",1,17,2,1404,1475,3650,71,TRUE,128.684649154444,1.5,193.026973731666,FALSE,TRUE,FALSE,FALSE
"smoke",1,17,3,1784,1866,3650,82,TRUE,128.684649154444,1.5,193.026973731666,FALSE,TRUE,FALSE,FALSE
"smoke",1,17,4,1951,1958,3650,7,TRUE,128.684649154444,1.5,193.026973731666,FALSE,TRUE,FALSE,FALSE
"smoke",1,17,5,2194,2276,3650,82,TRUE,128.684649154444,1.5,193.026973731666,FALSE,TRUE,FALSE,FALSE
"smoke",1,17,6,2290,2291,3650,1,TRUE,128.684649154444,1.5,193.026973731666,FALSE,TRUE,FALSE,FALSE
"smoke",1,17,7,3010,3110,3650,100,TRUE,128.684649154444,1.5,193.026973731666,FALSE,TRUE,FALSE,FALSE
"smoke",1,18,1,0,108,3650,108,TRUE,128.684649154444,1.5,193.026973731666,FALSE,TRUE,FALSE,FALSE
"smoke",1,18,2,229,232,3650,3,TRUE,128.684649154444,1.5,193.026973731666,FALSE,TRUE,FALSE,FALSE
"smoke",1,18,3,500,933,3650,433,TRUE,128.684649154444,1.5,193.026973731666,TRUE,FALSE,TRUE,FALSE
"smoke",1,18,4,1099,1164,3650,65,TRUE,128.684649154444,1.5,193.026973731666,FALSE,TRUE,FALSE,FALSE
"smoke",1,18,5,1167,1178,3650,11,TRUE,128.684649154444,1.5,193.026973731666,FALSE,TRUE,FALSE,FALSE
"smoke",1,18,6,1457,1520,3650,63,TRUE,128.684649154444,1.5,193.026973731666,FALSE,TRUE,FALSE,FALSE
"smoke",1,18,7,1737,1820,3650,83,TRUE,128.684649154444,1.5,193.026973731666,FALSE,TRUE,FALSE,FALSE
"smoke",1,18,8,2900,2962,3650,62,TRUE,128.684649154444,1.5,193.026973731666,FALSE,TRUE,FALSE,FALSE
"smoke",1,18,9,3648,NA,3650,2,FALSE,128.684649154444,1.5,193.026973731666,FALSE,FALSE,FALSE,TRUE
"smoke",1,19,1,0,132,3650,132,TRUE,128.684649154444,1.5,193.026973731666,FALSE,TRUE,FALSE,FALSE
"smoke",1,19,2,396,458,3650,62,TRUE,128.684649154444,1.5,193.026973731666,FALSE,TRUE,FALSE,FALSE
"smoke",1,19,3,1114,1116,3650,2,TRUE,128.684649154444,1.5,193.026973731666,FALSE,TRUE,FALSE,FALSE
"smoke",1,19,4,1170,1251,3650,81,TRUE,128.684649154444,1.5,193.026973731666,FALSE,TRUE,FALSE,FALSE
"smoke",1,19,5,1412,1493,3650,81,TRUE,128.684649154444,1.5,193.026973731666,FALSE,TRUE,FALSE,FALSE
"smoke",1,19,6,2252,2335,3650,83,TRUE,128.684649154444,1.5,193.026973731666,FALSE,TRUE,FALSE,FALSE
"smoke",1,19,7,2597,2676,3650,79,TRUE,128.684649154444,1.5,193.026973731666,FALSE,TRUE,FALSE,FALSE
"smoke",1,19,8,2869,2951,3650,82,TRUE,128.684649154444,1.5,193.026973731666,FALSE,TRUE,FALSE,FALSE
"smoke",1,20,1,0,1267,3650,1267,TRUE,128.684649154444,1.5,193.026973731666,TRUE,FALSE,TRUE,FALSE
"smoke",1,20,2,1538,1608,3650,70,TRUE,128.684649154444,1.5,193.026973731666,FALSE,TRUE,FALSE,FALSE
"smoke",1,20,3,1740,1742,3650,2,TRUE,128.684649154444,1.5,193.026973731666,FALSE,TRUE,FALSE,FALSE
"smoke",1,20,4,2285,2293,3650,8,TRUE,128.684649154444,1.5,193.026973731666,FALSE,TRUE,FALSE,FALSE
"smoke",1,20,5,2896,2961,3650,65,TRUE,128.684649154444,1.5,193.026973731666,FALSE,TRUE,FALSE,FALSE
"smoke",1,20,6,2971,2972,3650,1,TRUE,128.684649154444,1.5,193.026973731666,FALSE,TRUE,FALSE,FALSE
"smoke",1,20,7,2999,3018,3650,19,TRUE,128.684649154444,1.5,193.026973731666,FALSE,TRUE,FALSE,FALSE
"smoke",1,21,1,0,70,3650,70,TRUE,128.684649154444,1.5,193.026973731666,FALSE,TRUE,FALSE,FALSE
"smoke",1,21,2,638,641,3650,3,TRUE,128.684649154444,1.5,193.026973731666,FALSE,TRUE,FALSE,FALSE
"smoke",1,21,3,733,795,3650,62,TRUE,128.684649154444,1.5,193.026973731666,FALSE,TRUE,FALSE,FALSE
"smoke",1,21,4,1053,1126,3650,73,TRUE,128.684649154444,1.5,193.026973731666,FALSE,TRUE,FALSE,FALSE
"smoke",1,21,5,1130,1137,3650,7,TRUE,128.684649154444,1.5,193.026973731666,FALSE,TRUE,FALSE,FALSE
"smoke",1,21,6,1593,1598,3650,5,TRUE,128.684649154444,1.5,193.026973731666,FALSE,TRUE,FALSE,FALSE
"smoke",1,21,7,1700,1827,3650,127,TRUE,128.684649154444,1.5,193.026973731666,FALSE,TRUE,FALSE,FALSE
"smoke",1,21,8,2114,2193,3650,79,TRUE,128.684649154444,1.5,193.026973731666,FALSE,TRUE,FALSE,FALSE
"smoke",1,21,9,2322,2323,3650,1,TRUE,128.684649154444,1.5,193.026973731666,FALSE,TRUE,FALSE,FALSE
"smoke",1,21,10,2355,2377,3650,22,TRUE,128.684649154444,1.5,193.026973731666,FALSE,TRUE,FALSE,FALSE
"smoke",1,21,11,3234,3236,3650,2,TRUE,128.684649154444,1.5,193.026973731666,FALSE,TRUE,FALSE,FALSE
"smoke",1,22,1,0,107,3650,107,TRUE,128.684649154444,1.5,193.026973731666,FALSE,TRUE,FALSE,FALSE
"smoke",1,22,2,155,550,3650,395,TRUE,128.684649154444,1.5,193.026973731666,TRUE,FALSE,TRUE,FALSE
"smoke",1,22,3,695,772,3650,77,TRUE,128.684649154444,1.5,193.026973731666,FALSE,TRUE,FALSE,FALSE
"smoke",1,22,4,1524,1599,3650,75,TRUE,128.684649154444,1.5,193.026973731666,FALSE,TRUE,FALSE,FALSE
"smoke",1,23,1,0,119,3650,119,TRUE,128.684649154444,1.5,193.026973731666,FALSE,TRUE,FALSE,FALSE
"smoke",1,23,2,263,264,3650,1,TRUE,128.684649154444,1.5,193.026973731666,FALSE,TRUE,FALSE,FALSE
"smoke",1,23,3,1018,1090,3650,72,TRUE,128.684649154444,1.5,193.026973731666,FALSE,TRUE,FALSE,FALSE
"smoke",1,23,4,2199,2204,3650,5,TRUE,128.684649154444,1.5,193.026973731666,FALSE,TRUE,FALSE,FALSE
"smoke",1,23,5,2854,2929,3650,75,TRUE,128.684649154444,1.5,193.026973731666,FALSE,TRUE,FALSE,FALSE
"smoke",1,23,6,2977,2978,3650,1,TRUE,128.684649154444,1.5,193.026973731666,FALSE,TRUE,FALSE,FALSE
"smoke",1,23,7,3327,3389,3650,62,TRUE,128.684649154444,1.5,193.026973731666,FALSE,TRUE,FALSE,FALSE
"smoke",1,24,1,0,119,3650,119,TRUE,128.684649154444,1.5,193.026973731666,FALSE,TRUE,FALSE,FALSE
"smoke",1,24,2,673,748,3650,75,TRUE,128.684649154444,1.5,193.026973731666,FALSE,TRUE,FALSE,FALSE
"smoke",1,24,3,808,813,3650,5,TRUE,128.684649154444,1.5,193.026973731666,FALSE,TRUE,FALSE,FALSE
"smoke",1,24,4,979,1086,3650,107,TRUE,128.684649154444,1.5,193.026973731666,FALSE,TRUE,FALSE,FALSE
"smoke",1,24,5,1139,1140,3650,1,TRUE,128.684649154444,1.5,193.026973731666,FALSE,TRUE,FALSE,FALSE
"smoke",1,24,6,1489,1576,3650,87,TRUE,128.684649154444,1.5,193.026973731666,FALSE,TRUE,FALSE,FALSE
"smoke",1,24,7,2873,2934,3650,61,TRUE,128.684649154444,1.5,193.026973731666,FALSE,TRUE,FALSE,FALSE
"smoke",1,25,1,0,98,3650,98,TRUE,128.684649154444,1.5,193.026973731666,FALSE,TRUE,FALSE,FALSE
"smoke",1,25,2,269,351,3650,82,TRUE,128.684649154444,1.5,193.026973731666,FALSE,TRUE,FALSE,FALSE
"smoke",1,25,3,789,888,3650,99,TRUE,128.684649154444,1.5,193.026973731666,FALSE,TRUE,FALSE,FALSE
"smoke",1,25,4,1958,1963,3650,5,TRUE,128.684649154444,1.5,193.026973731666,FALSE,TRUE,FALSE,FALSE
"smoke",1,25,5,2460,2538,3650,78,TRUE,128.684649154444,1.5,193.026973731666,FALSE,TRUE,FALSE,FALSE
"smoke",1,25,6,2653,2656,3650,3,TRUE,128.684649154444,1.5,193.026973731666,FALSE,TRUE,FALSE,FALSE
"smoke",1,25,7,2952,2954,3650,2,TRUE,128.684649154444,1.5,193.026973731666,FALSE,TRUE,FALSE,FALSE
"smoke",1,25,8,2994,3066,3650,72,TRUE,128.684649154444,1.5,193.026973731666,FALSE,TRUE,FALSE,FALSE
"smoke",1,25,9,3230,3233,3650,3,TRUE,128.684649154444,1.5,193.026973731666,FALSE,TRUE,FALSE,FALSE
"smoke",1,25,10,3636,NA,3650,14,FALSE,128.684649154444,1.5,193.026973731666,FALSE,FALSE,FALSE,TRUE
"smoke",1,26,1,0,120,3650,120,TRUE,128.684649154444,1.5,193.026973731666,FALSE,TRUE,FALSE,FALSE
"smoke",1,26,2,383,453,3650,70,TRUE,128.684649154444,1.5,193.026973731666,FALSE,TRUE,FALSE,FALSE
"smoke",1,26,3,724,808,3650,84,TRUE,128.684649154444,1.5,193.026973731666,FALSE,TRUE,FALSE,FALSE
"smoke",1,26,4,1516,1587,3650,71,TRUE,128.684649154444,1.5,193.026973731666,FALSE,TRUE,FALSE,FALSE
"smoke",1,26,5,1906,1986,3650,80,TRUE,128.684649154444,1.5,193.026973731666,FALSE,TRUE,FALSE,FALSE
"smoke",1,26,6,2333,2334,3650,1,TRUE,128.684649154444,1.5,193.026973731666,FALSE,TRUE,FALSE,FALSE
"smoke",1,26,7,2360,2362,3650,2,TRUE,128.684649154444,1.5,193.026973731666,FALSE,TRUE,FALSE,FALSE
"smoke",1,26,8,3458,NA,3650,192,FALSE,128.684649154444,1.5,193.026973731666,FALSE,FALSE,FALSE,TRUE
"smoke",1,27,1,0,81,3650,81,TRUE,128.684649154444,1.5,193.026973731666,FALSE,TRUE,FALSE,FALSE
"smoke",1,27,2,266,362,3650,96,TRUE,128.684649154444,1.5,193.026973731666,FALSE,TRUE,FALSE,FALSE
"smoke",1,27,3,414,875,3650,461,TRUE,128.684649154444,1.5,193.026973731666,TRUE,FALSE,TRUE,FALSE
"smoke",1,27,4,1360,1440,3650,80,TRUE,128.684649154444,1.5,193.026973731666,FALSE,TRUE,FALSE,FALSE
"smoke",1,27,5,1712,1717,3650,5,TRUE,128.684649154444,1.5,193.026973731666,FALSE,TRUE,FALSE,FALSE
"smoke",1,27,6,2144,2213,3650,69,TRUE,128.684649154444,1.5,193.026973731666,FALSE,TRUE,FALSE,FALSE
"smoke",1,27,7,2241,2266,3650,25,TRUE,128.684649154444,1.5,193.026973731666,FALSE,TRUE,FALSE,FALSE
"smoke",1,27,8,2369,2547,3650,178,TRUE,128.684649154444,1.5,193.026973731666,FALSE,TRUE,FALSE,FALSE
"smoke",1,27,9,2902,2980,3650,78,TRUE,128.684649154444,1.5,193.026973731666,FALSE,TRUE,FALSE,FALSE
"smoke",1,27,10,3080,3093,3650,13,TRUE,128.684649154444,1.5,193.026973731666,FALSE,TRUE,FALSE,FALSE
"smoke",1,28,1,0,501,3650,501,TRUE,128.684649154444,1.5,193.026973731666,TRUE,FALSE,TRUE,FALSE
"smoke",1,28,2,679,745,3650,66,TRUE,128.684649154444,1.5,193.026973731666,FALSE,TRUE,FALSE,FALSE
"smoke",1,28,3,1094,1165,3650,71,TRUE,128.684649154444,1.5,193.026973731666,FALSE,TRUE,FALSE,FALSE
"smoke",1,28,4,1531,1536,3650,5,TRUE,128.684649154444,1.5,193.026973731666,FALSE,TRUE,FALSE,FALSE
"smoke",1,28,5,1609,1981,3650,372,TRUE,128.684649154444,1.5,193.026973731666,TRUE,FALSE,TRUE,FALSE
"smoke",1,28,6,2160,2235,3650,75,TRUE,128.684649154444,1.5,193.026973731666,FALSE,TRUE,FALSE,FALSE
"smoke",1,28,7,2245,2246,3650,1,TRUE,128.684649154444,1.5,193.026973731666,FALSE,TRUE,FALSE,FALSE
"smoke",1,28,8,2263,2264,3650,1,TRUE,128.684649154444,1.5,193.026973731666,FALSE,TRUE,FALSE,FALSE
"smoke",1,28,9,3058,3451,3650,393,TRUE,128.684649154444,1.5,193.026973731666,TRUE,FALSE,TRUE,FALSE
"smoke",1,29,1,0,88,3650,88,TRUE,128.684649154444,1.5,193.026973731666,FALSE,TRUE,FALSE,FALSE
"smoke",1,29,2,242,352,3650,110,TRUE,128.684649154444,1.5,193.026973731666,FALSE,TRUE,FALSE,FALSE
"smoke",1,29,3,1044,1127,3650,83,TRUE,128.684649154444,1.5,193.026973731666,FALSE,TRUE,FALSE,FALSE
"smoke",1,29,4,1173,1174,3650,1,TRUE,128.684649154444,1.5,193.026973731666,FALSE,TRUE,FALSE,FALSE
"smoke",1,29,5,1370,1374,3650,4,TRUE,128.684649154444,1.5,193.026973731666,FALSE,TRUE,FALSE,FALSE
"smoke",1,29,6,1510,1575,3650,65,TRUE,128.684649154444,1.5,193.026973731666,FALSE,TRUE,FALSE,FALSE
"smoke",1,29,7,2265,2355,3650,90,TRUE,128.684649154444,1.5,193.026973731666,FALSE,TRUE,FALSE,FALSE
"smoke",1,29,8,2944,3009,3650,65,TRUE,128.684649154444,1.5,193.026973731666,FALSE,TRUE,FALSE,FALSE
"smoke",1,29,9,3577,3578,3650,1,TRUE,128.684649154444,1.5,193.026973731666,FALSE,TRUE,FALSE,FALSE
"smoke",1,30,1,0,80,3650,80,TRUE,128.684649154444,1.5,193.026973731666,FALSE,TRUE,FALSE,FALSE
"smoke",1,30,2,1110,1188,3650,78,TRUE,128.684649154444,1.5,193.026973731666,FALSE,TRUE,FALSE,FALSE
"smoke",1,30,3,1514,1516,3650,2,TRUE,128.684649154444,1.5,193.026973731666,FALSE,TRUE,FALSE,FALSE
"smoke",1,30,4,1528,1606,3650,78,TRUE,128.684649154444,1.5,193.026973731666,FALSE,TRUE,FALSE,FALSE
"smoke",1,30,5,1722,1836,3650,114,TRUE,128.684649154444,1.5,193.026973731666,FALSE,TRUE,FALSE,FALSE
"smoke",1,30,6,2200,2266,3650,66,TRUE,128.684649154444,1.5,193.026973731666,FALSE,TRUE,FALSE,FALSE
"smoke",1,30,7,2619,2711,3650,92,TRUE,128.684649154444,1.5,193.026973731666,FALSE,TRUE,FALSE,FALSE
"smoke",1,30,8,2760,2767,3650,7,TRUE,128.684649154444,1.5,193.026973731666,FALSE,TRUE,FALSE,FALSE
"smoke",1,30,9,2916,2917,3650,1,TRUE,128.684649154444,1.5,193.026973731666,FALSE,TRUE,FALSE,FALSE
"smoke",1,30,10,2928,2997,3650,69,TRUE,128.684649154444,1.5,193.026973731666,FALSE,TRUE,FALSE,FALSE
"smoke",1,30,11,3613,NA,3650,37,FALSE,128.684649154444,1.5,193.026973731666,FALSE,FALSE,FALSE,TRUE
"smoke",1,31,1,0,79,3650,79,TRUE,128.684649154444,1.5,193.026973731666,FALSE,TRUE,FALSE,FALSE
"smoke",1,31,2,302,387,3650,85,TRUE,128.684649154444,1.5,193.026973731666,FALSE,TRUE,FALSE,FALSE
"smoke",1,31,3,971,1250,3650,279,TRUE,128.684649154444,1.5,193.026973731666,TRUE,FALSE,TRUE,FALSE
"smoke",1,31,4,1446,1540,3650,94,TRUE,128.684649154444,1.5,193.026973731666,FALSE,TRUE,FALSE,FALSE
"smoke",1,31,5,2029,2186,3650,157,TRUE,128.684649154444,1.5,193.026973731666,FALSE,TRUE,FALSE,FALSE
"smoke",1,31,6,2527,2610,3650,83,TRUE,128.684649154444,1.5,193.026973731666,FALSE,TRUE,FALSE,FALSE
"smoke",1,31,7,2623,2629,3650,6,TRUE,128.684649154444,1.5,193.026973731666,FALSE,TRUE,FALSE,FALSE
"smoke",1,31,8,2890,2956,3650,66,TRUE,128.684649154444,1.5,193.026973731666,FALSE,TRUE,FALSE,FALSE
"smoke",1,31,9,2995,3002,3650,7,TRUE,128.684649154444,1.5,193.026973731666,FALSE,TRUE,FALSE,FALSE
"smoke",1,32,1,0,91,3650,91,TRUE,128.684649154444,1.5,193.026973731666,FALSE,TRUE,FALSE,FALSE
"smoke",1,32,2,261,394,3650,133,TRUE,128.684649154444,1.5,193.026973731666,FALSE,TRUE,FALSE,FALSE
"smoke",1,32,3,670,756,3650,86,TRUE,128.684649154444,1.5,193.026973731666,FALSE,TRUE,FALSE,FALSE
"smoke",1,32,4,1058,1140,3650,82,TRUE,128.684649154444,1.5,193.026973731666,FALSE,TRUE,FALSE,FALSE
"smoke",1,32,5,1534,1542,3650,8,TRUE,128.684649154444,1.5,193.026973731666,FALSE,TRUE,FALSE,FALSE
"smoke",1,32,6,2669,3079,3650,410,TRUE,128.684649154444,1.5,193.026973731666,TRUE,FALSE,TRUE,FALSE
"smoke",1,32,7,3583,NA,3650,67,FALSE,128.684649154444,1.5,193.026973731666,FALSE,FALSE,FALSE,TRUE
"smoke",1,33,1,0,84,3650,84,TRUE,128.684649154444,1.5,193.026973731666,FALSE,TRUE,FALSE,FALSE
"smoke",1,33,2,679,751,3650,72,TRUE,128.684649154444,1.5,193.026973731666,FALSE,TRUE,FALSE,FALSE
"smoke",1,33,3,936,937,3650,1,TRUE,128.684649154444,1.5,193.026973731666,FALSE,TRUE,FALSE,FALSE
"smoke",1,33,4,1010,1084,3650,74,TRUE,128.684649154444,1.5,193.026973731666,FALSE,TRUE,FALSE,FALSE
"smoke",1,33,5,1141,1158,3650,17,TRUE,128.684649154444,1.5,193.026973731666,FALSE,TRUE,FALSE,FALSE
"smoke",1,33,6,1163,1164,3650,1,TRUE,128.684649154444,1.5,193.026973731666,FALSE,TRUE,FALSE,FALSE
"smoke",1,33,7,1538,1625,3650,87,TRUE,128.684649154444,1.5,193.026973731666,FALSE,TRUE,FALSE,FALSE
"smoke",1,33,8,1777,1779,3650,2,TRUE,128.684649154444,1.5,193.026973731666,FALSE,TRUE,FALSE,FALSE
"smoke",1,33,9,1866,1867,3650,1,TRUE,128.684649154444,1.5,193.026973731666,FALSE,TRUE,FALSE,FALSE
"smoke",1,33,10,2041,2307,3650,266,TRUE,128.684649154444,1.5,193.026973731666,TRUE,FALSE,TRUE,FALSE
"smoke",1,33,11,2917,2983,3650,66,TRUE,128.684649154444,1.5,193.026973731666,FALSE,TRUE,FALSE,FALSE
"smoke",1,33,12,2995,2996,3650,1,TRUE,128.684649154444,1.5,193.026973731666,FALSE,TRUE,FALSE,FALSE
"smoke",1,33,13,3522,3525,3650,3,TRUE,128.684649154444,1.5,193.026973731666,FALSE,TRUE,FALSE,FALSE
"smoke",1,34,1,0,148,3650,148,TRUE,128.684649154444,1.5,193.026973731666,FALSE,TRUE,FALSE,FALSE
"smoke",1,34,2,604,616,3650,12,TRUE,128.684649154444,1.5,193.026973731666,FALSE,TRUE,FALSE,FALSE
"smoke",1,34,3,730,802,3650,72,TRUE,128.684649154444,1.5,193.026973731666,FALSE,TRUE,FALSE,FALSE
"smoke",1,34,4,1974,1984,3650,10,TRUE,128.684649154444,1.5,193.026973731666,FALSE,TRUE,FALSE,FALSE
"smoke",1,34,5,2252,2333,3650,81,TRUE,128.684649154444,1.5,193.026973731666,FALSE,TRUE,FALSE,FALSE
"smoke",1,34,6,2337,2345,3650,8,TRUE,128.684649154444,1.5,193.026973731666,FALSE,TRUE,FALSE,FALSE
"smoke",1,34,7,3204,3295,3650,91,TRUE,128.684649154444,1.5,193.026973731666,FALSE,TRUE,FALSE,FALSE
"smoke",1,35,1,0,143,3650,143,TRUE,128.684649154444,1.5,193.026973731666,FALSE,TRUE,FALSE,FALSE
"smoke",1,35,2,655,730,3650,75,TRUE,128.684649154444,1.5,193.026973731666,FALSE,TRUE,FALSE,FALSE
"smoke",1,35,3,765,790,3650,25,TRUE,128.684649154444,1.5,193.026973731666,FALSE,TRUE,FALSE,FALSE
"smoke",1,35,4,953,958,3650,5,TRUE,128.684649154444,1.5,193.026973731666,FALSE,TRUE,FALSE,FALSE
"smoke",1,35,5,1047,1126,3650,79,TRUE,128.684649154444,1.5,193.026973731666,FALSE,TRUE,FALSE,FALSE
"smoke",1,35,6,2285,2286,3650,1,TRUE,128.684649154444,1.5,193.026973731666,FALSE,TRUE,FALSE,FALSE
"smoke",1,35,7,2894,2958,3650,64,TRUE,128.684649154444,1.5,193.026973731666,FALSE,TRUE,FALSE,FALSE
"smoke",1,35,8,3497,3502,3650,5,TRUE,128.684649154444,1.5,193.026973731666,FALSE,TRUE,FALSE,FALSE
"smoke",1,35,9,3608,NA,3650,42,FALSE,128.684649154444,1.5,193.026973731666,FALSE,FALSE,FALSE,TRUE
"smoke",1,36,1,0,102,3650,102,TRUE,128.684649154444,1.5,193.026973731666,FALSE,TRUE,FALSE,FALSE
"smoke",1,36,2,147,168,3650,21,TRUE,128.684649154444,1.5,193.026973731666,FALSE,TRUE,FALSE,FALSE
"smoke",1,36,3,260,354,3650,94,TRUE,128.684649154444,1.5,193.026973731666,FALSE,TRUE,FALSE,FALSE
"smoke",1,36,4,629,631,3650,2,TRUE,128.684649154444,1.5,193.026973731666,FALSE,TRUE,FALSE,FALSE
"smoke",1,36,5,648,650,3650,2,TRUE,128.684649154444,1.5,193.026973731666,FALSE,TRUE,FALSE,FALSE
"smoke",1,36,6,1156,1232,3650,76,TRUE,128.684649154444,1.5,193.026973731666,FALSE,TRUE,FALSE,FALSE
"smoke",1,36,7,1399,1475,3650,76,TRUE,128.684649154444,1.5,193.026973731666,FALSE,TRUE,FALSE,FALSE
"smoke",1,36,8,1772,1853,3650,81,TRUE,128.684649154444,1.5,193.026973731666,FALSE,TRUE,FALSE,FALSE
"smoke",1,36,9,2314,2315,3650,1,TRUE,128.684649154444,1.5,193.026973731666,FALSE,TRUE,FALSE,FALSE
"smoke",1,36,10,2855,2948,3650,93,TRUE,128.684649154444,1.5,193.026973731666,FALSE,TRUE,FALSE,FALSE
"smoke",1,37,1,0,140,3650,140,TRUE,128.684649154444,1.5,193.026973731666,FALSE,TRUE,FALSE,FALSE
"smoke",1,37,2,350,419,3650,69,TRUE,128.684649154444,1.5,193.026973731666,FALSE,TRUE,FALSE,FALSE
"smoke",1,37,3,712,795,3650,83,TRUE,128.684649154444,1.5,193.026973731666,FALSE,TRUE,FALSE,FALSE
"smoke",1,37,4,1447,1505,3650,58,TRUE,128.684649154444,1.5,193.026973731666,FALSE,TRUE,FALSE,FALSE
"smoke",1,37,5,1545,1547,3650,2,TRUE,128.684649154444,1.5,193.026973731666,FALSE,TRUE,FALSE,FALSE
"smoke",1,37,6,2152,2220,3650,68,TRUE,128.684649154444,1.5,193.026973731666,FALSE,TRUE,FALSE,FALSE
"smoke",1,37,7,2898,2963,3650,65,TRUE,128.684649154444,1.5,193.026973731666,FALSE,TRUE,FALSE,FALSE
"smoke",1,37,8,3299,3387,3650,88,TRUE,128.684649154444,1.5,193.026973731666,FALSE,TRUE,FALSE,FALSE
"smoke",1,38,1,0,86,3650,86,TRUE,128.684649154444,1.5,193.026973731666,FALSE,TRUE,FALSE,FALSE
"smoke",1,38,2,500,758,3650,258,TRUE,128.684649154444,1.5,193.026973731666,TRUE,FALSE,TRUE,FALSE
"smoke",1,38,3,782,913,3650,131,TRUE,128.684649154444,1.5,193.026973731666,FALSE,TRUE,FALSE,FALSE
"smoke",1,38,4,1029,1033,3650,4,TRUE,128.684649154444,1.5,193.026973731666,FALSE,TRUE,FALSE,FALSE
"smoke",1,38,5,1485,1560,3650,75,TRUE,128.684649154444,1.5,193.026973731666,FALSE,TRUE,FALSE,FALSE
"smoke",1,38,6,1611,1612,3650,1,TRUE,128.684649154444,1.5,193.026973731666,FALSE,TRUE,FALSE,FALSE
"smoke",1,38,7,2262,2344,3650,82,TRUE,128.684649154444,1.5,193.026973731666,FALSE,TRUE,FALSE,FALSE
"smoke",1,38,8,2644,2717,3650,73,TRUE,128.684649154444,1.5,193.026973731666,FALSE,TRUE,FALSE,FALSE
"smoke",1,38,9,2722,2739,3650,17,TRUE,128.684649154444,1.5,193.026973731666,FALSE,TRUE,FALSE,FALSE
"smoke",1,39,1,0,147,3650,147,TRUE,128.684649154444,1.5,193.026973731666,FALSE,TRUE,FALSE,FALSE
"smoke",1,39,2,940,1223,3650,283,TRUE,128.684649154444,1.5,193.026973731666,TRUE,FALSE,TRUE,FALSE
"smoke",1,39,3,1518,1589,3650,71,TRUE,128.684649154444,1.5,193.026973731666,FALSE,TRUE,FALSE,FALSE
"smoke",1,39,4,1893,1960,3650,67,TRUE,128.684649154444,1.5,193.026973731666,FALSE,TRUE,FALSE,FALSE
"smoke",1,39,5,2278,2354,3650,76,TRUE,128.684649154444,1.5,193.026973731666,FALSE,TRUE,FALSE,FALSE
"smoke",1,39,6,2411,2412,3650,1,TRUE,128.684649154444,1.5,193.026973731666,FALSE,TRUE,FALSE,FALSE
"smoke",1,39,7,2601,2664,3650,63,TRUE,128.684649154444,1.5,193.026973731666,FALSE,TRUE,FALSE,FALSE
"smoke",1,39,8,2898,2968,3650,70,TRUE,128.684649154444,1.5,193.026973731666,FALSE,TRUE,FALSE,FALSE
"smoke",1,39,9,2991,2996,3650,5,TRUE,128.684649154444,1.5,193.026973731666,FALSE,TRUE,FALSE,FALSE
"smoke",1,39,10,3417,NA,3650,233,FALSE,128.684649154444,1.5,193.026973731666,TRUE,FALSE,FALSE,TRUE
"smoke",1,40,1,0,87,3650,87,TRUE,128.684649154444,1.5,193.026973731666,FALSE,TRUE,FALSE,FALSE
"smoke",1,40,2,412,484,3650,72,TRUE,128.684649154444,1.5,193.026973731666,FALSE,TRUE,FALSE,FALSE
"smoke",1,40,3,647,749,3650,102,TRUE,128.684649154444,1.5,193.026973731666,FALSE,TRUE,FALSE,FALSE
"smoke",1,40,4,773,1200,3650,427,TRUE,128.684649154444,1.5,193.026973731666,TRUE,FALSE,TRUE,FALSE
"smoke",1,40,5,1558,1675,3650,117,TRUE,128.684649154444,1.5,193.026973731666,FALSE,TRUE,FALSE,FALSE
"smoke",1,40,6,2078,2081,3650,3,TRUE,128.684649154444,1.5,193.026973731666,FALSE,TRUE,FALSE,FALSE
"smoke",1,40,7,2176,2250,3650,74,TRUE,128.684649154444,1.5,193.026973731666,FALSE,TRUE,FALSE,FALSE
"smoke",1,40,8,2964,3030,3650,66,TRUE,128.684649154444,1.5,193.026973731666,FALSE,TRUE,FALSE,FALSE
"smoke",1,40,9,3286,3355,3650,69,TRUE,128.684649154444,1.5,193.026973731666,FALSE,TRUE,FALSE,FALSE
"smoke",1,41,1,0,1259,3650,1259,TRUE,128.684649154444,1.5,193.026973731666,TRUE,FALSE,TRUE,FALSE
"smoke",1,41,2,1422,1489,3650,67,TRUE,128.684649154444,1.5,193.026973731666,FALSE,TRUE,FALSE,FALSE
"smoke",1,41,3,2562,2632,3650,70,TRUE,128.684649154444,1.5,193.026973731666,FALSE,TRUE,FALSE,FALSE
"smoke",1,41,4,2750,2764,3650,14,TRUE,128.684649154444,1.5,193.026973731666,FALSE,TRUE,FALSE,FALSE
"smoke",1,41,5,3645,NA,3650,5,FALSE,128.684649154444,1.5,193.026973731666,FALSE,FALSE,FALSE,TRUE
"smoke",1,42,1,0,77,3650,77,TRUE,128.684649154444,1.5,193.026973731666,FALSE,TRUE,FALSE,FALSE
"smoke",1,42,2,506,914,3650,408,TRUE,128.684649154444,1.5,193.026973731666,TRUE,FALSE,TRUE,FALSE
"smoke",1,42,3,1421,1506,3650,85,TRUE,128.684649154444,1.5,193.026973731666,FALSE,TRUE,FALSE,FALSE
"smoke",1,42,4,2925,3017,3650,92,TRUE,128.684649154444,1.5,193.026973731666,FALSE,TRUE,FALSE,FALSE
"smoke",1,42,5,3630,NA,3650,20,FALSE,128.684649154444,1.5,193.026973731666,FALSE,FALSE,FALSE,TRUE
"smoke",1,43,1,0,95,3650,95,TRUE,128.684649154444,1.5,193.026973731666,FALSE,TRUE,FALSE,FALSE
"smoke",1,43,2,1073,1147,3650,74,TRUE,128.684649154444,1.5,193.026973731666,FALSE,TRUE,FALSE,FALSE
"smoke",1,43,3,1495,1556,3650,61,TRUE,128.684649154444,1.5,193.026973731666,FALSE,TRUE,FALSE,FALSE
"smoke",1,43,4,1870,1942,3650,72,TRUE,128.684649154444,1.5,193.026973731666,FALSE,TRUE,FALSE,FALSE
"smoke",1,43,5,2178,2243,3650,65,TRUE,128.684649154444,1.5,193.026973731666,FALSE,TRUE,FALSE,FALSE
"smoke",1,43,6,2554,2624,3650,70,TRUE,128.684649154444,1.5,193.026973731666,FALSE,TRUE,FALSE,FALSE
"smoke",1,43,7,2691,2696,3650,5,TRUE,128.684649154444,1.5,193.026973731666,FALSE,TRUE,FALSE,FALSE
"smoke",1,43,8,2830,2831,3650,1,TRUE,128.684649154444,1.5,193.026973731666,FALSE,TRUE,FALSE,FALSE
"smoke",1,43,9,2855,2943,3650,88,TRUE,128.684649154444,1.5,193.026973731666,FALSE,TRUE,FALSE,FALSE
"smoke",1,44,1,0,78,3650,78,TRUE,128.684649154444,1.5,193.026973731666,FALSE,TRUE,FALSE,FALSE
"smoke",1,44,2,230,233,3650,3,TRUE,128.684649154444,1.5,193.026973731666,FALSE,TRUE,FALSE,FALSE
"smoke",1,44,3,247,250,3650,3,TRUE,128.684649154444,1.5,193.026973731666,FALSE,TRUE,FALSE,FALSE
"smoke",1,44,4,774,849,3650,75,TRUE,128.684649154444,1.5,193.026973731666,FALSE,TRUE,FALSE,FALSE
"smoke",1,44,5,1488,1553,3650,65,TRUE,128.684649154444,1.5,193.026973731666,FALSE,TRUE,FALSE,FALSE
"smoke",1,44,6,2347,2348,3650,1,TRUE,128.684649154444,1.5,193.026973731666,FALSE,TRUE,FALSE,FALSE
"smoke",1,44,7,2685,2812,3650,127,TRUE,128.684649154444,1.5,193.026973731666,FALSE,TRUE,FALSE,FALSE
"smoke",1,45,1,0,884,3650,884,TRUE,128.684649154444,1.5,193.026973731666,TRUE,FALSE,TRUE,FALSE
"smoke",1,45,2,1266,1532,3650,266,TRUE,128.684649154444,1.5,193.026973731666,TRUE,FALSE,TRUE,FALSE
"smoke",1,45,3,2501,2562,3650,61,TRUE,128.684649154444,1.5,193.026973731666,FALSE,TRUE,FALSE,FALSE
"smoke",1,45,4,2928,2929,3650,1,TRUE,128.684649154444,1.5,193.026973731666,FALSE,TRUE,FALSE,FALSE
"smoke",1,45,5,3201,3270,3650,69,TRUE,128.684649154444,1.5,193.026973731666,FALSE,TRUE,FALSE,FALSE
"smoke",1,46,1,0,89,3650,89,TRUE,128.684649154444,1.5,193.026973731666,FALSE,TRUE,FALSE,FALSE
"smoke",1,46,2,328,330,3650,2,TRUE,128.684649154444,1.5,193.026973731666,FALSE,TRUE,FALSE,FALSE
"smoke",1,46,3,675,773,3650,98,TRUE,128.684649154444,1.5,193.026973731666,FALSE,TRUE,FALSE,FALSE
"smoke",1,46,4,875,876,3650,1,TRUE,128.684649154444,1.5,193.026973731666,FALSE,TRUE,FALSE,FALSE
"smoke",1,46,5,1046,1049,3650,3,TRUE,128.684649154444,1.5,193.026973731666,FALSE,TRUE,FALSE,FALSE
"smoke",1,46,6,1364,1450,3650,86,TRUE,128.684649154444,1.5,193.026973731666,FALSE,TRUE,FALSE,FALSE
"smoke",1,46,7,1917,1918,3650,1,TRUE,128.684649154444,1.5,193.026973731666,FALSE,TRUE,FALSE,FALSE
"smoke",1,46,8,2253,2256,3650,3,TRUE,128.684649154444,1.5,193.026973731666,FALSE,TRUE,FALSE,FALSE
"smoke",1,46,9,2971,3039,3650,68,TRUE,128.684649154444,1.5,193.026973731666,FALSE,TRUE,FALSE,FALSE
"smoke",1,46,10,3072,3074,3650,2,TRUE,128.684649154444,1.5,193.026973731666,FALSE,TRUE,FALSE,FALSE
"smoke",1,47,1,0,591,3650,591,TRUE,128.684649154444,1.5,193.026973731666,TRUE,FALSE,TRUE,FALSE
"smoke",1,47,2,674,675,3650,1,TRUE,128.684649154444,1.5,193.026973731666,FALSE,TRUE,FALSE,FALSE
"smoke",1,47,3,994,995,3650,1,TRUE,128.684649154444,1.5,193.026973731666,FALSE,TRUE,FALSE,FALSE
"smoke",1,47,4,1453,1515,3650,62,TRUE,128.684649154444,1.5,193.026973731666,FALSE,TRUE,FALSE,FALSE
"smoke",1,47,5,1968,2716,3650,748,TRUE,128.684649154444,1.5,193.026973731666,TRUE,FALSE,TRUE,FALSE
"smoke",1,47,6,2893,2960,3650,67,TRUE,128.684649154444,1.5,193.026973731666,FALSE,TRUE,FALSE,FALSE
"smoke",1,47,7,3267,3269,3650,2,TRUE,128.684649154444,1.5,193.026973731666,FALSE,TRUE,FALSE,FALSE
"smoke",1,48,1,0,84,3650,84,TRUE,128.684649154444,1.5,193.026973731666,FALSE,TRUE,FALSE,FALSE
"smoke",1,48,2,2250,2330,3650,80,TRUE,128.684649154444,1.5,193.026973731666,FALSE,TRUE,FALSE,FALSE
"smoke",1,48,3,2915,2980,3650,65,TRUE,128.684649154444,1.5,193.026973731666,FALSE,TRUE,FALSE,FALSE
"smoke",1,49,1,0,86,3650,86,TRUE,128.684649154444,1.5,193.026973731666,FALSE,TRUE,FALSE,FALSE
"smoke",1,49,2,223,364,3650,141,TRUE,128.684649154444,1.5,193.026973731666,FALSE,TRUE,FALSE,FALSE
"smoke",1,49,3,1528,1602,3650,74,TRUE,128.684649154444,1.5,193.026973731666,FALSE,TRUE,FALSE,FALSE
"smoke",1,49,4,2332,2740,3650,408,TRUE,128.684649154444,1.5,193.026973731666,TRUE,FALSE,TRUE,FALSE
"smoke",1,49,5,2993,3081,3650,88,TRUE,128.684649154444,1.5,193.026973731666,FALSE,TRUE,FALSE,FALSE
"smoke",1,49,6,3418,NA,3650,232,FALSE,128.684649154444,1.5,193.026973731666,TRUE,FALSE,FALSE,TRUE
"smoke",1,50,1,0,1480,3650,1480,TRUE,128.684649154444,1.5,193.026973731666,TRUE,FALSE,TRUE,FALSE
"smoke",1,50,2,1495,1496,3650,1,TRUE,128.684649154444,1.5,193.026973731666,FALSE,TRUE,FALSE,FALSE
"smoke",1,50,3,2133,2204,3650,71,TRUE,128.684649154444,1.5,193.026973731666,FALSE,TRUE,FALSE,FALSE
"smoke",1,50,4,3499,3503,3650,4,TRUE,128.684649154444,1.5,193.026973731666,FALSE,TRUE,FALSE,FALSE
"smoke",1,51,1,0,87,3650,87,TRUE,128.684649154444,1.5,193.026973731666,FALSE,TRUE,FALSE,FALSE
"smoke",1,51,2,555,557,3650,2,TRUE,128.684649154444,1.5,193.026973731666,FALSE,TRUE,FALSE,FALSE
"smoke",1,51,3,727,814,3650,87,TRUE,128.684649154444,1.5,193.026973731666,FALSE,TRUE,FALSE,FALSE
"smoke",1,51,4,1480,1547,3650,67,TRUE,128.684649154444,1.5,193.026973731666,FALSE,TRUE,FALSE,FALSE
"smoke",1,51,5,1913,2025,3650,112,TRUE,128.684649154444,1.5,193.026973731666,FALSE,TRUE,FALSE,FALSE
"smoke",1,51,6,2233,2309,3650,76,TRUE,128.684649154444,1.5,193.026973731666,FALSE,TRUE,FALSE,FALSE
"smoke",1,51,7,3019,3106,3650,87,TRUE,128.684649154444,1.5,193.026973731666,FALSE,TRUE,FALSE,FALSE
"smoke",1,52,1,0,593,3650,593,TRUE,128.684649154444,1.5,193.026973731666,TRUE,FALSE,TRUE,FALSE
"smoke",1,52,2,642,723,3650,81,TRUE,128.684649154444,1.5,193.026973731666,FALSE,TRUE,FALSE,FALSE
"smoke",1,52,3,1112,1178,3650,66,TRUE,128.684649154444,1.5,193.026973731666,FALSE,TRUE,FALSE,FALSE
"smoke",1,52,4,1533,1605,3650,72,TRUE,128.684649154444,1.5,193.026973731666,FALSE,TRUE,FALSE,FALSE
"smoke",1,52,5,2294,2457,3650,163,TRUE,128.684649154444,1.5,193.026973731666,FALSE,TRUE,FALSE,FALSE
"smoke",1,52,6,2641,2733,3650,92,TRUE,128.684649154444,1.5,193.026973731666,FALSE,TRUE,FALSE,FALSE
"smoke",1,52,7,2996,3073,3650,77,TRUE,128.684649154444,1.5,193.026973731666,FALSE,TRUE,FALSE,FALSE
"smoke",1,52,8,3353,3443,3650,90,TRUE,128.684649154444,1.5,193.026973731666,FALSE,TRUE,FALSE,FALSE
"smoke",1,53,1,0,104,3650,104,TRUE,128.684649154444,1.5,193.026973731666,FALSE,TRUE,FALSE,FALSE
"smoke",1,53,2,732,735,3650,3,TRUE,128.684649154444,1.5,193.026973731666,FALSE,TRUE,FALSE,FALSE
"smoke",1,53,3,1511,1515,3650,4,TRUE,128.684649154444,1.5,193.026973731666,FALSE,TRUE,FALSE,FALSE
"smoke",1,53,4,2231,2298,3650,67,TRUE,128.684649154444,1.5,193.026973731666,FALSE,TRUE,FALSE,FALSE
"smoke",1,53,5,2918,2989,3650,71,TRUE,128.684649154444,1.5,193.026973731666,FALSE,TRUE,FALSE,FALSE
"smoke",1,54,1,0,116,3650,116,TRUE,128.684649154444,1.5,193.026973731666,FALSE,TRUE,FALSE,FALSE
"smoke",1,54,2,618,706,3650,88,TRUE,128.684649154444,1.5,193.026973731666,FALSE,TRUE,FALSE,FALSE
"smoke",1,54,3,953,1217,3650,264,TRUE,128.684649154444,1.5,193.026973731666,TRUE,FALSE,TRUE,FALSE
"smoke",1,54,4,1356,1457,3650,101,TRUE,128.684649154444,1.5,193.026973731666,FALSE,TRUE,FALSE,FALSE
"smoke",1,54,5,1951,2094,3650,143,TRUE,128.684649154444,1.5,193.026973731666,FALSE,TRUE,FALSE,FALSE
"smoke",1,54,6,2785,2786,3650,1,TRUE,128.684649154444,1.5,193.026973731666,FALSE,TRUE,FALSE,FALSE
"smoke",1,55,1,0,1564,3650,1564,TRUE,128.684649154444,1.5,193.026973731666,TRUE,FALSE,TRUE,FALSE
"smoke",1,55,2,2539,2601,3650,62,TRUE,128.684649154444,1.5,193.026973731666,FALSE,TRUE,FALSE,FALSE
"smoke",1,55,3,2980,3052,3650,72,TRUE,128.684649154444,1.5,193.026973731666,FALSE,TRUE,FALSE,FALSE
"smoke",1,55,4,3239,3315,3650,76,TRUE,128.684649154444,1.5,193.026973731666,FALSE,TRUE,FALSE,FALSE
"smoke",1,55,5,3580,NA,3650,70,FALSE,128.684649154444,1.5,193.026973731666,FALSE,FALSE,FALSE,TRUE
"smoke",1,56,1,0,108,3650,108,TRUE,128.684649154444,1.5,193.026973731666,FALSE,TRUE,FALSE,FALSE
"smoke",1,56,2,2687,3484,3650,797,TRUE,128.684649154444,1.5,193.026973731666,TRUE,FALSE,TRUE,FALSE
"smoke",1,56,3,3530,3638,3650,108,TRUE,128.684649154444,1.5,193.026973731666,FALSE,TRUE,FALSE,FALSE
"smoke",1,57,1,0,1243,3650,1243,TRUE,128.684649154444,1.5,193.026973731666,TRUE,FALSE,TRUE,FALSE
"smoke",1,57,2,1428,1488,3650,60,TRUE,128.684649154444,1.5,193.026973731666,FALSE,TRUE,FALSE,FALSE
"smoke",1,57,3,1893,1982,3650,89,TRUE,128.684649154444,1.5,193.026973731666,FALSE,TRUE,FALSE,FALSE
"smoke",1,57,4,2256,2361,3650,105,TRUE,128.684649154444,1.5,193.026973731666,FALSE,TRUE,FALSE,FALSE
"smoke",1,57,5,2928,2930,3650,2,TRUE,128.684649154444,1.5,193.026973731666,FALSE,TRUE,FALSE,FALSE
"smoke",1,57,6,2961,3038,3650,77,TRUE,128.684649154444,1.5,193.026973731666,FALSE,TRUE,FALSE,FALSE
"smoke",1,58,1,0,103,3650,103,TRUE,128.684649154444,1.5,193.026973731666,FALSE,TRUE,FALSE,FALSE
"smoke",1,58,2,1452,1514,3650,62,TRUE,128.684649154444,1.5,193.026973731666,FALSE,TRUE,FALSE,FALSE
"smoke",1,58,3,1604,1605,3650,1,TRUE,128.684649154444,1.5,193.026973731666,FALSE,TRUE,FALSE,FALSE
"smoke",1,58,4,2910,2919,3650,9,TRUE,128.684649154444,1.5,193.026973731666,FALSE,TRUE,FALSE,FALSE
"smoke",1,58,5,3355,3437,3650,82,TRUE,128.684649154444,1.5,193.026973731666,FALSE,TRUE,FALSE,FALSE
"smoke",1,59,1,0,145,3650,145,TRUE,128.684649154444,1.5,193.026973731666,FALSE,TRUE,FALSE,FALSE
"smoke",1,59,2,382,460,3650,78,TRUE,128.684649154444,1.5,193.026973731666,FALSE,TRUE,FALSE,FALSE
"smoke",1,59,3,1168,1255,3650,87,TRUE,128.684649154444,1.5,193.026973731666,FALSE,TRUE,FALSE,FALSE
"smoke",1,59,4,1753,1754,3650,1,TRUE,128.684649154444,1.5,193.026973731666,FALSE,TRUE,FALSE,FALSE
"smoke",1,59,5,1916,1917,3650,1,TRUE,128.684649154444,1.5,193.026973731666,FALSE,TRUE,FALSE,FALSE
"smoke",1,59,6,2250,2326,3650,76,TRUE,128.684649154444,1.5,193.026973731666,FALSE,TRUE,FALSE,FALSE
"smoke",1,59,7,3354,3431,3650,77,TRUE,128.684649154444,1.5,193.026973731666,FALSE,TRUE,FALSE,FALSE
"smoke",1,60,1,0,106,3650,106,TRUE,128.684649154444,1.5,193.026973731666,FALSE,TRUE,FALSE,FALSE
"smoke",1,60,2,381,448,3650,67,TRUE,128.684649154444,1.5,193.026973731666,FALSE,TRUE,FALSE,FALSE
"smoke",1,60,3,648,662,3650,14,TRUE,128.684649154444,1.5,193.026973731666,FALSE,TRUE,FALSE,FALSE
"smoke",1,60,4,706,782,3650,76,TRUE,128.684649154444,1.5,193.026973731666,FALSE,TRUE,FALSE,FALSE
"smoke",1,60,5,824,829,3650,5,TRUE,128.684649154444,1.5,193.026973731666,FALSE,TRUE,FALSE,FALSE
"smoke",1,60,6,1514,1578,3650,64,TRUE,128.684649154444,1.5,193.026973731666,FALSE,TRUE,FALSE,FALSE
"smoke",1,61,1,0,106,3650,106,TRUE,128.684649154444,1.5,193.026973731666,FALSE,TRUE,FALSE,FALSE
"smoke",1,61,2,579,582,3650,3,TRUE,128.684649154444,1.5,193.026973731666,FALSE,TRUE,FALSE,FALSE
"smoke",1,61,3,752,822,3650,70,TRUE,128.684649154444,1.5,193.026973731666,FALSE,TRUE,FALSE,FALSE
"smoke",1,61,4,1522,1598,3650,76,TRUE,128.684649154444,1.5,193.026973731666,FALSE,TRUE,FALSE,FALSE
"smoke",1,61,5,1867,1871,3650,4,TRUE,128.684649154444,1.5,193.026973731666,FALSE,TRUE,FALSE,FALSE
"smoke",1,62,1,0,104,3650,104,TRUE,128.684649154444,1.5,193.026973731666,FALSE,TRUE,FALSE,FALSE
"smoke",1,62,2,391,484,3650,93,TRUE,128.684649154444,1.5,193.026973731666,FALSE,TRUE,FALSE,FALSE
"smoke",1,62,3,770,853,3650,83,TRUE,128.684649154444,1.5,193.026973731666,FALSE,TRUE,FALSE,FALSE
"smoke",1,62,4,1150,1231,3650,81,TRUE,128.684649154444,1.5,193.026973731666,FALSE,TRUE,FALSE,FALSE
"smoke",1,62,5,1453,1454,3650,1,TRUE,128.684649154444,1.5,193.026973731666,FALSE,TRUE,FALSE,FALSE
"smoke",1,62,6,1928,2022,3650,94,TRUE,128.684649154444,1.5,193.026973731666,FALSE,TRUE,FALSE,FALSE
"smoke",1,62,7,3015,3020,3650,5,TRUE,128.684649154444,1.5,193.026973731666,FALSE,TRUE,FALSE,FALSE
"smoke",1,62,8,3369,3370,3650,1,TRUE,128.684649154444,1.5,193.026973731666,FALSE,TRUE,FALSE,FALSE
"smoke",1,62,9,3376,3476,3650,100,TRUE,128.684649154444,1.5,193.026973731666,FALSE,TRUE,FALSE,FALSE
"smoke",1,63,1,0,883,3650,883,TRUE,128.684649154444,1.5,193.026973731666,TRUE,FALSE,TRUE,FALSE
"smoke",1,63,2,1132,1200,3650,68,TRUE,128.684649154444,1.5,193.026973731666,FALSE,TRUE,FALSE,FALSE
"smoke",1,63,3,1368,1369,3650,1,TRUE,128.684649154444,1.5,193.026973731666,FALSE,TRUE,FALSE,FALSE
"smoke",1,63,4,1436,1504,3650,68,TRUE,128.684649154444,1.5,193.026973731666,FALSE,TRUE,FALSE,FALSE
"smoke",1,63,5,1812,1878,3650,66,TRUE,128.684649154444,1.5,193.026973731666,FALSE,TRUE,FALSE,FALSE
"smoke",1,63,6,2947,3013,3650,66,TRUE,128.684649154444,1.5,193.026973731666,FALSE,TRUE,FALSE,FALSE
"smoke",1,64,1,0,87,3650,87,TRUE,128.684649154444,1.5,193.026973731666,FALSE,TRUE,FALSE,FALSE
"smoke",1,64,2,365,441,3650,76,TRUE,128.684649154444,1.5,193.026973731666,FALSE,TRUE,FALSE,FALSE
"smoke",1,64,3,632,634,3650,2,TRUE,128.684649154444,1.5,193.026973731666,FALSE,TRUE,FALSE,FALSE
"smoke",1,64,4,755,825,3650,70,TRUE,128.684649154444,1.5,193.026973731666,FALSE,TRUE,FALSE,FALSE
"smoke",1,64,5,1120,1189,3650,69,TRUE,128.684649154444,1.5,193.026973731666,FALSE,TRUE,FALSE,FALSE
"smoke",1,64,6,1214,1222,3650,8,TRUE,128.684649154444,1.5,193.026973731666,FALSE,TRUE,FALSE,FALSE
"smoke",1,64,7,1574,1850,3650,276,TRUE,128.684649154444,1.5,193.026973731666,TRUE,FALSE,TRUE,FALSE
"smoke",1,65,1,0,493,3650,493,TRUE,128.684649154444,1.5,193.026973731666,TRUE,FALSE,TRUE,FALSE
"smoke",1,65,2,658,734,3650,76,TRUE,128.684649154444,1.5,193.026973731666,FALSE,TRUE,FALSE,FALSE
"smoke",1,65,3,818,1432,3650,614,TRUE,128.684649154444,1.5,193.026973731666,TRUE,FALSE,TRUE,FALSE
"smoke",1,65,4,2920,2988,3650,68,TRUE,128.684649154444,1.5,193.026973731666,FALSE,TRUE,FALSE,FALSE
"smoke",1,65,5,3235,3315,3650,80,TRUE,128.684649154444,1.5,193.026973731666,FALSE,TRUE,FALSE,FALSE
"smoke",1,66,1,0,126,3650,126,TRUE,128.684649154444,1.5,193.026973731666,FALSE,TRUE,FALSE,FALSE
"smoke",1,66,2,1090,1177,3650,87,TRUE,128.684649154444,1.5,193.026973731666,FALSE,TRUE,FALSE,FALSE
"smoke",1,66,3,1387,1484,3650,97,TRUE,128.684649154444,1.5,193.026973731666,FALSE,TRUE,FALSE,FALSE
"smoke",1,66,4,2204,2206,3650,2,TRUE,128.684649154444,1.5,193.026973731666,FALSE,TRUE,FALSE,FALSE
"smoke",1,66,5,2826,2917,3650,91,TRUE,128.684649154444,1.5,193.026973731666,FALSE,TRUE,FALSE,FALSE
"smoke",1,66,6,2921,2923,3650,2,TRUE,128.684649154444,1.5,193.026973731666,FALSE,TRUE,FALSE,FALSE
"smoke",1,66,7,2947,2960,3650,13,TRUE,128.684649154444,1.5,193.026973731666,FALSE,TRUE,FALSE,FALSE
"smoke",1,67,1,0,112,3650,112,TRUE,128.684649154444,1.5,193.026973731666,FALSE,TRUE,FALSE,FALSE
"smoke",1,67,2,753,754,3650,1,TRUE,128.684649154444,1.5,193.026973731666,FALSE,TRUE,FALSE,FALSE
"smoke",1,67,3,1307,1632,3650,325,TRUE,128.684649154444,1.5,193.026973731666,TRUE,FALSE,TRUE,FALSE
"smoke",1,67,4,1823,1892,3650,69,TRUE,128.684649154444,1.5,193.026973731666,FALSE,TRUE,FALSE,FALSE
"smoke",1,67,5,2230,2293,3650,63,TRUE,128.684649154444,1.5,193.026973731666,FALSE,TRUE,FALSE,FALSE
"smoke",1,67,6,2661,2760,3650,99,TRUE,128.684649154444,1.5,193.026973731666,FALSE,TRUE,FALSE,FALSE
"smoke",1,67,7,3039,3182,3650,143,TRUE,128.684649154444,1.5,193.026973731666,FALSE,TRUE,FALSE,FALSE
"smoke",1,67,8,3628,3630,3650,2,TRUE,128.684649154444,1.5,193.026973731666,FALSE,TRUE,FALSE,FALSE
"smoke",1,68,1,0,109,3650,109,TRUE,128.684649154444,1.5,193.026973731666,FALSE,TRUE,FALSE,FALSE
"smoke",1,68,2,279,374,3650,95,TRUE,128.684649154444,1.5,193.026973731666,FALSE,TRUE,FALSE,FALSE
"smoke",1,68,3,617,619,3650,2,TRUE,128.684649154444,1.5,193.026973731666,FALSE,TRUE,FALSE,FALSE
"smoke",1,68,4,1403,1494,3650,91,TRUE,128.684649154444,1.5,193.026973731666,FALSE,TRUE,FALSE,FALSE
"smoke",1,68,5,1555,1557,3650,2,TRUE,128.684649154444,1.5,193.026973731666,FALSE,TRUE,FALSE,FALSE
"smoke",1,68,6,1811,1884,3650,73,TRUE,128.684649154444,1.5,193.026973731666,FALSE,TRUE,FALSE,FALSE
"smoke",1,68,7,3009,3080,3650,71,TRUE,128.684649154444,1.5,193.026973731666,FALSE,TRUE,FALSE,FALSE
"smoke",1,68,8,3613,NA,3650,37,FALSE,128.684649154444,1.5,193.026973731666,FALSE,FALSE,FALSE,TRUE
"smoke",1,69,1,0,1212,3650,1212,TRUE,128.684649154444,1.5,193.026973731666,TRUE,FALSE,TRUE,FALSE
"smoke",1,69,2,1525,1621,3650,96,TRUE,128.684649154444,1.5,193.026973731666,FALSE,TRUE,FALSE,FALSE
"smoke",1,69,3,2140,2217,3650,77,TRUE,128.684649154444,1.5,193.026973731666,FALSE,TRUE,FALSE,FALSE
"smoke",1,69,4,2540,2601,3650,61,TRUE,128.684649154444,1.5,193.026973731666,FALSE,TRUE,FALSE,FALSE
"smoke",1,70,1,0,85,3650,85,TRUE,128.684649154444,1.5,193.026973731666,FALSE,TRUE,FALSE,FALSE
"smoke",1,70,2,400,467,3650,67,TRUE,128.684649154444,1.5,193.026973731666,FALSE,TRUE,FALSE,FALSE
"smoke",1,70,3,769,844,3650,75,TRUE,128.684649154444,1.5,193.026973731666,FALSE,TRUE,FALSE,FALSE
"smoke",1,70,4,1209,1225,3650,16,TRUE,128.684649154444,1.5,193.026973731666,FALSE,TRUE,FALSE,FALSE
"smoke",1,70,5,1476,1544,3650,68,TRUE,128.684649154444,1.5,193.026973731666,FALSE,TRUE,FALSE,FALSE
"smoke",1,70,6,1835,1959,3650,124,TRUE,128.684649154444,1.5,193.026973731666,FALSE,TRUE,FALSE,FALSE
"smoke",1,70,7,2214,2286,3650,72,TRUE,128.684649154444,1.5,193.026973731666,FALSE,TRUE,FALSE,FALSE
"smoke",1,70,8,2697,2704,3650,7,TRUE,128.684649154444,1.5,193.026973731666,FALSE,TRUE,FALSE,FALSE
"smoke",1,70,9,3417,NA,3650,233,FALSE,128.684649154444,1.5,193.026973731666,TRUE,FALSE,FALSE,TRUE
"smoke",1,71,1,0,82,3650,82,TRUE,128.684649154444,1.5,193.026973731666,FALSE,TRUE,FALSE,FALSE
"smoke",1,71,2,221,224,3650,3,TRUE,128.684649154444,1.5,193.026973731666,FALSE,TRUE,FALSE,FALSE
"smoke",1,71,3,502,1545,3650,1043,TRUE,128.684649154444,1.5,193.026973731666,TRUE,FALSE,TRUE,FALSE
"smoke",1,71,4,1844,1908,3650,64,TRUE,128.684649154444,1.5,193.026973731666,FALSE,TRUE,FALSE,FALSE
"smoke",1,71,5,2230,2310,3650,80,TRUE,128.684649154444,1.5,193.026973731666,FALSE,TRUE,FALSE,FALSE
"smoke",1,71,6,2644,2737,3650,93,TRUE,128.684649154444,1.5,193.026973731666,FALSE,TRUE,FALSE,FALSE
"smoke",1,71,7,2912,2989,3650,77,TRUE,128.684649154444,1.5,193.026973731666,FALSE,TRUE,FALSE,FALSE
"smoke",1,72,1,0,98,3650,98,TRUE,128.684649154444,1.5,193.026973731666,FALSE,TRUE,FALSE,FALSE
"smoke",1,72,2,277,281,3650,4,TRUE,128.684649154444,1.5,193.026973731666,FALSE,TRUE,FALSE,FALSE
"smoke",1,72,3,582,585,3650,3,TRUE,128.684649154444,1.5,193.026973731666,FALSE,TRUE,FALSE,FALSE
"smoke",1,72,4,730,796,3650,66,TRUE,128.684649154444,1.5,193.026973731666,FALSE,TRUE,FALSE,FALSE
"smoke",1,72,5,1065,1144,3650,79,TRUE,128.684649154444,1.5,193.026973731666,FALSE,TRUE,FALSE,FALSE
"smoke",1,72,6,1498,1580,3650,82,TRUE,128.684649154444,1.5,193.026973731666,FALSE,TRUE,FALSE,FALSE
"smoke",1,72,7,1923,2016,3650,93,TRUE,128.684649154444,1.5,193.026973731666,FALSE,TRUE,FALSE,FALSE
"smoke",1,72,8,2076,2222,3650,146,TRUE,128.684649154444,1.5,193.026973731666,FALSE,TRUE,FALSE,FALSE
"smoke",1,72,9,2580,2581,3650,1,TRUE,128.684649154444,1.5,193.026973731666,FALSE,TRUE,FALSE,FALSE
"smoke",1,72,10,2745,2754,3650,9,TRUE,128.684649154444,1.5,193.026973731666,FALSE,TRUE,FALSE,FALSE
"smoke",1,72,11,2927,2930,3650,3,TRUE,128.684649154444,1.5,193.026973731666,FALSE,TRUE,FALSE,FALSE
"smoke",1,73,1,0,63,3650,63,TRUE,128.684649154444,1.5,193.026973731666,FALSE,TRUE,FALSE,FALSE
"smoke",1,73,2,629,632,3650,3,TRUE,128.684649154444,1.5,193.026973731666,FALSE,TRUE,FALSE,FALSE
"smoke",1,73,3,913,920,3650,7,TRUE,128.684649154444,1.5,193.026973731666,FALSE,TRUE,FALSE,FALSE
"smoke",1,73,4,1889,1963,3650,74,TRUE,128.684649154444,1.5,193.026973731666,FALSE,TRUE,FALSE,FALSE
"smoke",1,73,5,2260,2326,3650,66,TRUE,128.684649154444,1.5,193.026973731666,FALSE,TRUE,FALSE,FALSE
"smoke",1,73,6,2914,2995,3650,81,TRUE,128.684649154444,1.5,193.026973731666,FALSE,TRUE,FALSE,FALSE
"smoke",1,73,7,3508,NA,3650,142,FALSE,128.684649154444,1.5,193.026973731666,FALSE,FALSE,FALSE,TRUE
"smoke",1,74,1,0,99,3650,99,TRUE,128.684649154444,1.5,193.026973731666,FALSE,TRUE,FALSE,FALSE
"smoke",1,74,2,294,295,3650,1,TRUE,128.684649154444,1.5,193.026973731666,FALSE,TRUE,FALSE,FALSE
"smoke",1,74,3,661,748,3650,87,TRUE,128.684649154444,1.5,193.026973731666,FALSE,TRUE,FALSE,FALSE
"smoke",1,74,4,1036,1115,3650,79,TRUE,128.684649154444,1.5,193.026973731666,FALSE,TRUE,FALSE,FALSE
"smoke",1,74,5,1589,1993,3650,404,TRUE,128.684649154444,1.5,193.026973731666,TRUE,FALSE,TRUE,FALSE
"smoke",1,74,6,2161,2232,3650,71,TRUE,128.684649154444,1.5,193.026973731666,FALSE,TRUE,FALSE,FALSE
"smoke",1,74,7,2269,2273,3650,4,TRUE,128.684649154444,1.5,193.026973731666,FALSE,TRUE,FALSE,FALSE
"smoke",1,74,8,2332,2336,3650,4,TRUE,128.684649154444,1.5,193.026973731666,FALSE,TRUE,FALSE,FALSE
"smoke",1,74,9,2400,3436,3650,1036,TRUE,128.684649154444,1.5,193.026973731666,TRUE,FALSE,TRUE,FALSE
"smoke",1,75,1,0,441,3650,441,TRUE,128.684649154444,1.5,193.026973731666,TRUE,FALSE,TRUE,FALSE
"smoke",1,75,2,834,928,3650,94,TRUE,128.684649154444,1.5,193.026973731666,FALSE,TRUE,FALSE,FALSE
"smoke",1,75,3,1497,1557,3650,60,TRUE,128.684649154444,1.5,193.026973731666,FALSE,TRUE,FALSE,FALSE
"smoke",1,75,4,1794,1869,3650,75,TRUE,128.684649154444,1.5,193.026973731666,FALSE,TRUE,FALSE,FALSE
"smoke",1,75,5,2144,2206,3650,62,TRUE,128.684649154444,1.5,193.026973731666,FALSE,TRUE,FALSE,FALSE
"smoke",1,75,6,2910,2990,3650,80,TRUE,128.684649154444,1.5,193.026973731666,FALSE,TRUE,FALSE,FALSE
"smoke",1,75,7,3634,3636,3650,2,TRUE,128.684649154444,1.5,193.026973731666,FALSE,TRUE,FALSE,FALSE
"smoke",1,76,1,0,163,3650,163,TRUE,128.684649154444,1.5,193.026973731666,FALSE,TRUE,FALSE,FALSE
"smoke",1,76,2,329,399,3650,70,TRUE,128.684649154444,1.5,193.026973731666,FALSE,TRUE,FALSE,FALSE
"smoke",1,76,3,1054,1142,3650,88,TRUE,128.684649154444,1.5,193.026973731666,FALSE,TRUE,FALSE,FALSE
"smoke",1,76,4,1403,1472,3650,69,TRUE,128.684649154444,1.5,193.026973731666,FALSE,TRUE,FALSE,FALSE
"smoke",1,76,5,1951,1954,3650,3,TRUE,128.684649154444,1.5,193.026973731666,FALSE,TRUE,FALSE,FALSE
"smoke",1,76,6,2924,3012,3650,88,TRUE,128.684649154444,1.5,193.026973731666,FALSE,TRUE,FALSE,FALSE
"smoke",1,76,7,3456,NA,3650,194,FALSE,128.684649154444,1.5,193.026973731666,TRUE,FALSE,FALSE,TRUE
"smoke",1,77,1,0,122,3650,122,TRUE,128.684649154444,1.5,193.026973731666,FALSE,TRUE,FALSE,FALSE
"smoke",1,77,2,304,390,3650,86,TRUE,128.684649154444,1.5,193.026973731666,FALSE,TRUE,FALSE,FALSE
"smoke",1,77,3,790,793,3650,3,TRUE,128.684649154444,1.5,193.026973731666,FALSE,TRUE,FALSE,FALSE
"smoke",1,77,4,1446,1515,3650,69,TRUE,128.684649154444,1.5,193.026973731666,FALSE,TRUE,FALSE,FALSE
"smoke",1,77,5,2911,2977,3650,66,TRUE,128.684649154444,1.5,193.026973731666,FALSE,TRUE,FALSE,FALSE
"smoke",1,77,6,3525,3634,3650,109,TRUE,128.684649154444,1.5,193.026973731666,FALSE,TRUE,FALSE,FALSE
"smoke",1,78,1,0,92,3650,92,TRUE,128.684649154444,1.5,193.026973731666,FALSE,TRUE,FALSE,FALSE
"smoke",1,78,2,288,374,3650,86,TRUE,128.684649154444,1.5,193.026973731666,FALSE,TRUE,FALSE,FALSE
"smoke",1,78,3,411,413,3650,2,TRUE,128.684649154444,1.5,193.026973731666,FALSE,TRUE,FALSE,FALSE
"smoke",1,78,4,619,1244,3650,625,TRUE,128.684649154444,1.5,193.026973731666,TRUE,FALSE,TRUE,FALSE
"smoke",1,78,5,1451,1522,3650,71,TRUE,128.684649154444,1.5,193.026973731666,FALSE,TRUE,FALSE,FALSE
"smoke",1,78,6,1536,1537,3650,1,TRUE,128.684649154444,1.5,193.026973731666,FALSE,TRUE,FALSE,FALSE
"smoke",1,78,7,2574,2638,3650,64,TRUE,128.684649154444,1.5,193.026973731666,FALSE,TRUE,FALSE,FALSE
"smoke",1,79,1,0,561,3650,561,TRUE,128.684649154444,1.5,193.026973731666,TRUE,FALSE,TRUE,FALSE
"smoke",1,79,2,1402,1405,3650,3,TRUE,128.684649154444,1.5,193.026973731666,FALSE,TRUE,FALSE,FALSE
"smoke",1,79,3,1423,1481,3650,58,TRUE,128.684649154444,1.5,193.026973731666,FALSE,TRUE,FALSE,FALSE
"smoke",1,79,4,1500,1511,3650,11,TRUE,128.684649154444,1.5,193.026973731666,FALSE,TRUE,FALSE,FALSE
"smoke",1,79,5,1555,1556,3650,1,TRUE,128.684649154444,1.5,193.026973731666,FALSE,TRUE,FALSE,FALSE
"smoke",1,79,6,2649,2743,3650,94,TRUE,128.684649154444,1.5,193.026973731666,FALSE,TRUE,FALSE,FALSE
"smoke",1,79,7,2921,2999,3650,78,TRUE,128.684649154444,1.5,193.026973731666,FALSE,TRUE,FALSE,FALSE
"smoke",1,80,1,0,106,3650,106,TRUE,128.684649154444,1.5,193.026973731666,FALSE,TRUE,FALSE,FALSE
"smoke",1,80,2,1098,1164,3650,66,TRUE,128.684649154444,1.5,193.026973731666,FALSE,TRUE,FALSE,FALSE
"smoke",1,80,3,1191,1194,3650,3,TRUE,128.684649154444,1.5,193.026973731666,FALSE,TRUE,FALSE,FALSE
"smoke",1,80,4,2355,2361,3650,6,TRUE,128.684649154444,1.5,193.026973731666,FALSE,TRUE,FALSE,FALSE
"smoke",1,80,5,2916,3000,3650,84,TRUE,128.684649154444,1.5,193.026973731666,FALSE,TRUE,FALSE,FALSE
"smoke",1,80,6,3319,3389,3650,70,TRUE,128.684649154444,1.5,193.026973731666,FALSE,TRUE,FALSE,FALSE
"smoke",1,80,7,3581,3583,3650,2,TRUE,128.684649154444,1.5,193.026973731666,FALSE,TRUE,FALSE,FALSE
"smoke",1,81,1,0,79,3650,79,TRUE,128.684649154444,1.5,193.026973731666,FALSE,TRUE,FALSE,FALSE
"smoke",1,81,2,170,177,3650,7,TRUE,128.684649154444,1.5,193.026973731666,FALSE,TRUE,FALSE,FALSE
"smoke",1,81,3,2171,2248,3650,77,TRUE,128.684649154444,1.5,193.026973731666,FALSE,TRUE,FALSE,FALSE
"smoke",1,81,4,2862,2939,3650,77,TRUE,128.684649154444,1.5,193.026973731666,FALSE,TRUE,FALSE,FALSE
"smoke",1,82,1,0,78,3650,78,TRUE,128.684649154444,1.5,193.026973731666,FALSE,TRUE,FALSE,FALSE
"smoke",1,82,2,460,556,3650,96,TRUE,128.684649154444,1.5,193.026973731666,FALSE,TRUE,FALSE,FALSE
"smoke",1,82,3,772,843,3650,71,TRUE,128.684649154444,1.5,193.026973731666,FALSE,TRUE,FALSE,FALSE
"smoke",1,82,4,1087,1158,3650,71,TRUE,128.684649154444,1.5,193.026973731666,FALSE,TRUE,FALSE,FALSE
"smoke",1,82,5,1554,1643,3650,89,TRUE,128.684649154444,1.5,193.026973731666,FALSE,TRUE,FALSE,FALSE
"smoke",1,82,6,2290,2291,3650,1,TRUE,128.684649154444,1.5,193.026973731666,FALSE,TRUE,FALSE,FALSE
"smoke",1,82,7,2531,2597,3650,66,TRUE,128.684649154444,1.5,193.026973731666,FALSE,TRUE,FALSE,FALSE
"smoke",1,82,8,2913,2970,3650,57,TRUE,128.684649154444,1.5,193.026973731666,FALSE,TRUE,FALSE,FALSE
"smoke",1,82,9,3022,3036,3650,14,TRUE,128.684649154444,1.5,193.026973731666,FALSE,TRUE,FALSE,FALSE
"smoke",1,83,1,0,128,3650,128,TRUE,128.684649154444,1.5,193.026973731666,FALSE,TRUE,FALSE,FALSE
"smoke",1,83,2,801,872,3650,71,TRUE,128.684649154444,1.5,193.026973731666,FALSE,TRUE,FALSE,FALSE
"smoke",1,83,3,1920,2005,3650,85,TRUE,128.684649154444,1.5,193.026973731666,FALSE,TRUE,FALSE,FALSE
"smoke",1,83,4,2960,3023,3650,63,TRUE,128.684649154444,1.5,193.026973731666,FALSE,TRUE,FALSE,FALSE
"smoke",1,83,5,3643,NA,3650,7,FALSE,128.684649154444,1.5,193.026973731666,FALSE,FALSE,FALSE,TRUE
"smoke",1,84,1,0,145,3650,145,TRUE,128.684649154444,1.5,193.026973731666,FALSE,TRUE,FALSE,FALSE
"smoke",1,84,2,343,345,3650,2,TRUE,128.684649154444,1.5,193.026973731666,FALSE,TRUE,FALSE,FALSE
"smoke",1,84,3,934,1223,3650,289,TRUE,128.684649154444,1.5,193.026973731666,TRUE,FALSE,TRUE,FALSE
"smoke",1,84,4,1472,1533,3650,61,TRUE,128.684649154444,1.5,193.026973731666,FALSE,TRUE,FALSE,FALSE
"smoke",1,84,5,2226,2310,3650,84,TRUE,128.684649154444,1.5,193.026973731666,FALSE,TRUE,FALSE,FALSE
"smoke",1,84,6,2466,2578,3650,112,TRUE,128.684649154444,1.5,193.026973731666,FALSE,TRUE,FALSE,FALSE
"smoke",1,84,7,2990,3058,3650,68,TRUE,128.684649154444,1.5,193.026973731666,FALSE,TRUE,FALSE,FALSE
"smoke",1,85,1,0,86,3650,86,TRUE,128.684649154444,1.5,193.026973731666,FALSE,TRUE,FALSE,FALSE
"smoke",1,85,2,356,419,3650,63,TRUE,128.684649154444,1.5,193.026973731666,FALSE,TRUE,FALSE,FALSE
"smoke",1,85,3,673,748,3650,75,TRUE,128.684649154444,1.5,193.026973731666,FALSE,TRUE,FALSE,FALSE
"smoke",1,85,4,1119,1121,3650,2,TRUE,128.684649154444,1.5,193.026973731666,FALSE,TRUE,FALSE,FALSE
"smoke",1,85,5,2899,2980,3650,81,TRUE,128.684649154444,1.5,193.026973731666,FALSE,TRUE,FALSE,FALSE
"smoke",1,85,6,3372,3375,3650,3,TRUE,128.684649154444,1.5,193.026973731666,FALSE,TRUE,FALSE,FALSE
"smoke",1,85,7,3581,NA,3650,69,FALSE,128.684649154444,1.5,193.026973731666,FALSE,FALSE,FALSE,TRUE
"smoke",1,86,1,0,86,3650,86,TRUE,128.684649154444,1.5,193.026973731666,FALSE,TRUE,FALSE,FALSE
"smoke",1,86,2,675,770,3650,95,TRUE,128.684649154444,1.5,193.026973731666,FALSE,TRUE,FALSE,FALSE
"smoke",1,86,3,1428,1495,3650,67,TRUE,128.684649154444,1.5,193.026973731666,FALSE,TRUE,FALSE,FALSE
"smoke",1,86,4,1786,1789,3650,3,TRUE,128.684649154444,1.5,193.026973731666,FALSE,TRUE,FALSE,FALSE
"smoke",1,86,5,1802,1869,3650,67,TRUE,128.684649154444,1.5,193.026973731666,FALSE,TRUE,FALSE,FALSE
"smoke",1,86,6,2217,2295,3650,78,TRUE,128.684649154444,1.5,193.026973731666,FALSE,TRUE,FALSE,FALSE
"smoke",1,86,7,2884,2968,3650,84,TRUE,128.684649154444,1.5,193.026973731666,FALSE,TRUE,FALSE,FALSE
"smoke",1,87,1,0,102,3650,102,TRUE,128.684649154444,1.5,193.026973731666,FALSE,TRUE,FALSE,FALSE
"smoke",1,87,2,771,840,3650,69,TRUE,128.684649154444,1.5,193.026973731666,FALSE,TRUE,FALSE,FALSE
"smoke",1,87,3,871,876,3650,5,TRUE,128.684649154444,1.5,193.026973731666,FALSE,TRUE,FALSE,FALSE
"smoke",1,87,4,1816,1817,3650,1,TRUE,128.684649154444,1.5,193.026973731666,FALSE,TRUE,FALSE,FALSE
"smoke",1,87,5,2515,2609,3650,94,TRUE,128.684649154444,1.5,193.026973731666,FALSE,TRUE,FALSE,FALSE
"smoke",1,87,6,3023,3027,3650,4,TRUE,128.684649154444,1.5,193.026973731666,FALSE,TRUE,FALSE,FALSE
"smoke",1,87,7,3326,3329,3650,3,TRUE,128.684649154444,1.5,193.026973731666,FALSE,TRUE,FALSE,FALSE
"smoke",1,87,8,3496,3498,3650,2,TRUE,128.684649154444,1.5,193.026973731666,FALSE,TRUE,FALSE,FALSE
"smoke",1,88,1,0,113,3650,113,TRUE,128.684649154444,1.5,193.026973731666,FALSE,TRUE,FALSE,FALSE
"smoke",1,88,2,269,367,3650,98,TRUE,128.684649154444,1.5,193.026973731666,FALSE,TRUE,FALSE,FALSE
"smoke",1,88,3,473,475,3650,2,TRUE,128.684649154444,1.5,193.026973731666,FALSE,TRUE,FALSE,FALSE
"smoke",1,88,4,517,520,3650,3,TRUE,128.684649154444,1.5,193.026973731666,FALSE,TRUE,FALSE,FALSE
"smoke",1,88,5,759,826,3650,67,TRUE,128.684649154444,1.5,193.026973731666,FALSE,TRUE,FALSE,FALSE
"smoke",1,88,6,995,999,3650,4,TRUE,128.684649154444,1.5,193.026973731666,FALSE,TRUE,FALSE,FALSE
"smoke",1,88,7,1456,1458,3650,2,TRUE,128.684649154444,1.5,193.026973731666,FALSE,TRUE,FALSE,FALSE
"smoke",1,88,8,2513,2588,3650,75,TRUE,128.684649154444,1.5,193.026973731666,FALSE,TRUE,FALSE,FALSE
"smoke",1,88,9,3024,3121,3650,97,TRUE,128.684649154444,1.5,193.026973731666,FALSE,TRUE,FALSE,FALSE
"smoke",1,89,1,0,139,3650,139,TRUE,128.684649154444,1.5,193.026973731666,FALSE,TRUE,FALSE,FALSE
"smoke",1,89,2,277,354,3650,77,TRUE,128.684649154444,1.5,193.026973731666,FALSE,TRUE,FALSE,FALSE
"smoke",1,89,3,710,711,3650,1,TRUE,128.684649154444,1.5,193.026973731666,FALSE,TRUE,FALSE,FALSE
"smoke",1,89,4,783,859,3650,76,TRUE,128.684649154444,1.5,193.026973731666,FALSE,TRUE,FALSE,FALSE
"smoke",1,89,5,1002,1112,3650,110,TRUE,128.684649154444,1.5,193.026973731666,FALSE,TRUE,FALSE,FALSE
"smoke",1,89,6,1505,1562,3650,57,TRUE,128.684649154444,1.5,193.026973731666,FALSE,TRUE,FALSE,FALSE
"smoke",1,89,7,2235,2312,3650,77,TRUE,128.684649154444,1.5,193.026973731666,FALSE,TRUE,FALSE,FALSE
"smoke",1,89,8,2455,2456,3650,1,TRUE,128.684649154444,1.5,193.026973731666,FALSE,TRUE,FALSE,FALSE
"smoke",1,89,9,2966,2968,3650,2,TRUE,128.684649154444,1.5,193.026973731666,FALSE,TRUE,FALSE,FALSE
"smoke",1,90,1,0,96,3650,96,TRUE,128.684649154444,1.5,193.026973731666,FALSE,TRUE,FALSE,FALSE
"smoke",1,90,2,717,786,3650,69,TRUE,128.684649154444,1.5,193.026973731666,FALSE,TRUE,FALSE,FALSE
"smoke",1,90,3,1032,1108,3650,76,TRUE,128.684649154444,1.5,193.026973731666,FALSE,TRUE,FALSE,FALSE
"smoke",1,90,4,1111,1114,3650,3,TRUE,128.684649154444,1.5,193.026973731666,FALSE,TRUE,FALSE,FALSE
"smoke",1,90,5,1150,1162,3650,12,TRUE,128.684649154444,1.5,193.026973731666,FALSE,TRUE,FALSE,FALSE
"smoke",1,90,6,1196,1197,3650,1,TRUE,128.684649154444,1.5,193.026973731666,FALSE,TRUE,FALSE,FALSE
"smoke",1,90,7,1375,1471,3650,96,TRUE,128.684649154444,1.5,193.026973731666,FALSE,TRUE,FALSE,FALSE
"smoke",1,90,8,1581,1584,3650,3,TRUE,128.684649154444,1.5,193.026973731666,FALSE,TRUE,FALSE,FALSE
"smoke",1,90,9,1959,2684,3650,725,TRUE,128.684649154444,1.5,193.026973731666,TRUE,FALSE,TRUE,FALSE
"smoke",1,90,10,2897,2976,3650,79,TRUE,128.684649154444,1.5,193.026973731666,FALSE,TRUE,FALSE,FALSE
"smoke",1,90,11,3601,3604,3650,3,TRUE,128.684649154444,1.5,193.026973731666,FALSE,TRUE,FALSE,FALSE
"smoke",1,91,1,0,96,3650,96,TRUE,128.684649154444,1.5,193.026973731666,FALSE,TRUE,FALSE,FALSE
"smoke",1,91,2,218,236,3650,18,TRUE,128.684649154444,1.5,193.026973731666,FALSE,TRUE,FALSE,FALSE
"smoke",1,91,3,694,769,3650,75,TRUE,128.684649154444,1.5,193.026973731666,FALSE,TRUE,FALSE,FALSE
"smoke",1,91,4,1068,1132,3650,64,TRUE,128.684649154444,1.5,193.026973731666,FALSE,TRUE,FALSE,FALSE
"smoke",1,91,5,2913,2991,3650,78,TRUE,128.684649154444,1.5,193.026973731666,FALSE,TRUE,FALSE,FALSE
"smoke",1,92,1,0,94,3650,94,TRUE,128.684649154444,1.5,193.026973731666,FALSE,TRUE,FALSE,FALSE
"smoke",1,92,2,829,834,3650,5,TRUE,128.684649154444,1.5,193.026973731666,FALSE,TRUE,FALSE,FALSE
"smoke",1,92,3,1170,1247,3650,77,TRUE,128.684649154444,1.5,193.026973731666,FALSE,TRUE,FALSE,FALSE
"smoke",1,92,4,1430,1502,3650,72,TRUE,128.684649154444,1.5,193.026973731666,FALSE,TRUE,FALSE,FALSE
"smoke",1,92,5,2952,3028,3650,76,TRUE,128.684649154444,1.5,193.026973731666,FALSE,TRUE,FALSE,FALSE
"smoke",1,93,1,0,84,3650,84,TRUE,128.684649154444,1.5,193.026973731666,FALSE,TRUE,FALSE,FALSE
"smoke",1,93,2,262,354,3650,92,TRUE,128.684649154444,1.5,193.026973731666,FALSE,TRUE,FALSE,FALSE
"smoke",1,93,3,366,380,3650,14,TRUE,128.684649154444,1.5,193.026973731666,FALSE,TRUE,FALSE,FALSE
"smoke",1,93,4,424,528,3650,104,TRUE,128.684649154444,1.5,193.026973731666,FALSE,TRUE,FALSE,FALSE
"smoke",1,93,5,812,814,3650,2,TRUE,128.684649154444,1.5,193.026973731666,FALSE,TRUE,FALSE,FALSE
"smoke",1,93,6,2219,2284,3650,65,TRUE,128.684649154444,1.5,193.026973731666,FALSE,TRUE,FALSE,FALSE
"smoke",1,93,7,2663,3085,3650,422,TRUE,128.684649154444,1.5,193.026973731666,TRUE,FALSE,TRUE,FALSE
"smoke",1,93,8,3534,3536,3650,2,TRUE,128.684649154444,1.5,193.026973731666,FALSE,TRUE,FALSE,FALSE
"smoke",1,94,1,0,77,3650,77,TRUE,128.684649154444,1.5,193.026973731666,FALSE,TRUE,FALSE,FALSE
"smoke",1,94,2,718,783,3650,65,TRUE,128.684649154444,1.5,193.026973731666,FALSE,TRUE,FALSE,FALSE
"smoke",1,94,3,1424,1490,3650,66,TRUE,128.684649154444,1.5,193.026973731666,FALSE,TRUE,FALSE,FALSE
"smoke",1,94,4,2943,3006,3650,63,TRUE,128.684649154444,1.5,193.026973731666,FALSE,TRUE,FALSE,FALSE
"smoke",1,94,5,3020,3027,3650,7,TRUE,128.684649154444,1.5,193.026973731666,FALSE,TRUE,FALSE,FALSE
"smoke",1,95,1,0,143,3650,143,TRUE,128.684649154444,1.5,193.026973731666,FALSE,TRUE,FALSE,FALSE
"smoke",1,95,2,310,389,3650,79,TRUE,128.684649154444,1.5,193.026973731666,FALSE,TRUE,FALSE,FALSE
"smoke",1,95,3,574,708,3650,134,TRUE,128.684649154444,1.5,193.026973731666,FALSE,TRUE,FALSE,FALSE
"smoke",1,95,4,757,835,3650,78,TRUE,128.684649154444,1.5,193.026973731666,FALSE,TRUE,FALSE,FALSE
"smoke",1,95,5,1100,1169,3650,69,TRUE,128.684649154444,1.5,193.026973731666,FALSE,TRUE,FALSE,FALSE
"smoke",1,95,6,1544,1545,3650,1,TRUE,128.684649154444,1.5,193.026973731666,FALSE,TRUE,FALSE,FALSE
"smoke",1,95,7,1772,1847,3650,75,TRUE,128.684649154444,1.5,193.026973731666,FALSE,TRUE,FALSE,FALSE
"smoke",1,95,8,2164,2227,3650,63,TRUE,128.684649154444,1.5,193.026973731666,FALSE,TRUE,FALSE,FALSE
"smoke",1,95,9,2253,2258,3650,5,TRUE,128.684649154444,1.5,193.026973731666,FALSE,TRUE,FALSE,FALSE
"smoke",1,95,10,2289,2297,3650,8,TRUE,128.684649154444,1.5,193.026973731666,FALSE,TRUE,FALSE,FALSE
"smoke",1,95,11,2542,2546,3650,4,TRUE,128.684649154444,1.5,193.026973731666,FALSE,TRUE,FALSE,FALSE
"smoke",1,95,12,2923,2996,3650,73,TRUE,128.684649154444,1.5,193.026973731666,FALSE,TRUE,FALSE,FALSE
"smoke",1,95,13,3355,3423,3650,68,TRUE,128.684649154444,1.5,193.026973731666,FALSE,TRUE,FALSE,FALSE
"smoke",1,96,1,0,132,3650,132,TRUE,128.684649154444,1.5,193.026973731666,FALSE,TRUE,FALSE,FALSE
"smoke",1,96,2,748,749,3650,1,TRUE,128.684649154444,1.5,193.026973731666,FALSE,TRUE,FALSE,FALSE
"smoke",1,96,3,1090,1159,3650,69,TRUE,128.684649154444,1.5,193.026973731666,FALSE,TRUE,FALSE,FALSE
"smoke",1,96,4,1382,1384,3650,2,TRUE,128.684649154444,1.5,193.026973731666,FALSE,TRUE,FALSE,FALSE
"smoke",1,96,5,1923,2015,3650,92,TRUE,128.684649154444,1.5,193.026973731666,FALSE,TRUE,FALSE,FALSE
"smoke",1,96,6,3334,3335,3650,1,TRUE,128.684649154444,1.5,193.026973731666,FALSE,TRUE,FALSE,FALSE
"smoke",1,96,7,3564,NA,3650,86,FALSE,128.684649154444,1.5,193.026973731666,FALSE,FALSE,FALSE,TRUE
"smoke",1,97,1,0,87,3650,87,TRUE,128.684649154444,1.5,193.026973731666,FALSE,TRUE,FALSE,FALSE
"smoke",1,97,2,305,377,3650,72,TRUE,128.684649154444,1.5,193.026973731666,FALSE,TRUE,FALSE,FALSE
"smoke",1,97,3,667,671,3650,4,TRUE,128.684649154444,1.5,193.026973731666,FALSE,TRUE,FALSE,FALSE
"smoke",1,97,4,1132,1210,3650,78,TRUE,128.684649154444,1.5,193.026973731666,FALSE,TRUE,FALSE,FALSE
"smoke",1,97,5,1499,1584,3650,85,TRUE,128.684649154444,1.5,193.026973731666,FALSE,TRUE,FALSE,FALSE
"smoke",1,97,6,1947,1951,3650,4,TRUE,128.684649154444,1.5,193.026973731666,FALSE,TRUE,FALSE,FALSE
"smoke",1,97,7,2199,2200,3650,1,TRUE,128.684649154444,1.5,193.026973731666,FALSE,TRUE,FALSE,FALSE
"smoke",1,97,8,2282,2369,3650,87,TRUE,128.684649154444,1.5,193.026973731666,FALSE,TRUE,FALSE,FALSE
"smoke",1,97,9,3256,3317,3650,61,TRUE,128.684649154444,1.5,193.026973731666,FALSE,TRUE,FALSE,FALSE
"smoke",1,97,10,3470,3473,3650,3,TRUE,128.684649154444,1.5,193.026973731666,FALSE,TRUE,FALSE,FALSE
"smoke",1,98,1,0,73,3650,73,TRUE,128.684649154444,1.5,193.026973731666,FALSE,TRUE,FALSE,FALSE
"smoke",1,98,2,255,371,3650,116,TRUE,128.684649154444,1.5,193.026973731666,FALSE,TRUE,FALSE,FALSE
"smoke",1,98,3,631,719,3650,88,TRUE,128.684649154444,1.5,193.026973731666,FALSE,TRUE,FALSE,FALSE
"smoke",1,98,4,1429,1491,3650,62,TRUE,128.684649154444,1.5,193.026973731666,FALSE,TRUE,FALSE,FALSE
"smoke",1,98,5,1575,1581,3650,6,TRUE,128.684649154444,1.5,193.026973731666,FALSE,TRUE,FALSE,FALSE
"smoke",1,98,6,2121,2191,3650,70,TRUE,128.684649154444,1.5,193.026973731666,FALSE,TRUE,FALSE,FALSE
"smoke",1,98,7,3510,3617,3650,107,TRUE,128.684649154444,1.5,193.026973731666,FALSE,TRUE,FALSE,FALSE
"smoke",1,99,1,0,149,3650,149,TRUE,128.684649154444,1.5,193.026973731666,FALSE,TRUE,FALSE,FALSE
"smoke",1,99,2,228,359,3650,131,TRUE,128.684649154444,1.5,193.026973731666,FALSE,TRUE,FALSE,FALSE
"smoke",1,99,3,655,657,3650,2,TRUE,128.684649154444,1.5,193.026973731666,FALSE,TRUE,FALSE,FALSE
"smoke",1,99,4,687,771,3650,84,TRUE,128.684649154444,1.5,193.026973731666,FALSE,TRUE,FALSE,FALSE
"smoke",1,99,5,900,902,3650,2,TRUE,128.684649154444,1.5,193.026973731666,FALSE,TRUE,FALSE,FALSE
"smoke",1,99,6,1015,1113,3650,98,TRUE,128.684649154444,1.5,193.026973731666,FALSE,TRUE,FALSE,FALSE
"smoke",1,99,7,1116,1125,3650,9,TRUE,128.684649154444,1.5,193.026973731666,FALSE,TRUE,FALSE,FALSE
"smoke",1,99,8,1530,1614,3650,84,TRUE,128.684649154444,1.5,193.026973731666,FALSE,TRUE,FALSE,FALSE
"smoke",1,99,9,2881,2882,3650,1,TRUE,128.684649154444,1.5,193.026973731666,FALSE,TRUE,FALSE,FALSE
"smoke",1,99,10,2924,3004,3650,80,TRUE,128.684649154444,1.5,193.026973731666,FALSE,TRUE,FALSE,FALSE
"smoke",1,99,11,3454,NA,3650,196,FALSE,128.684649154444,1.5,193.026973731666,TRUE,FALSE,FALSE,TRUE
"smoke",1,100,1,0,194,3650,194,TRUE,128.684649154444,1.5,193.026973731666,TRUE,FALSE,TRUE,FALSE
"smoke",1,100,2,411,491,3650,80,TRUE,128.684649154444,1.5,193.026973731666,FALSE,TRUE,FALSE,FALSE
"smoke",1,100,3,589,590,3650,1,TRUE,128.684649154444,1.5,193.026973731666,FALSE,TRUE,FALSE,FALSE
"smoke",1,100,4,693,762,3650,69,TRUE,128.684649154444,1.5,193.026973731666,FALSE,TRUE,FALSE,FALSE
"smoke",1,100,5,814,824,3650,10,TRUE,128.684649154444,1.5,193.026973731666,FALSE,TRUE,FALSE,FALSE
"smoke",1,100,6,1093,1147,3650,54,TRUE,128.684649154444,1.5,193.026973731666,FALSE,TRUE,FALSE,FALSE
"smoke",1,100,7,1321,1325,3650,4,TRUE,128.684649154444,1.5,193.026973731666,FALSE,TRUE,FALSE,FALSE
"smoke",1,100,8,1471,1541,3650,70,TRUE,128.684649154444,1.5,193.026973731666,FALSE,TRUE,FALSE,FALSE
"smoke",1,100,9,1845,1846,3650,1,TRUE,128.684649154444,1.5,193.026973731666,FALSE,TRUE,FALSE,FALSE
"smoke",1,100,10,2915,2916,3650,1,TRUE,128.684649154444,1.5,193.026973731666,FALSE,TRUE,FALSE,FALSE
"smoke",1,100,11,3385,3489,3650,104,TRUE,128.684649154444,1.5,193.026973731666,FALSE,TRUE,FALSE,FALSE
"smoke",1,101,1,0,95,3650,95,TRUE,128.684649154444,1.5,193.026973731666,FALSE,TRUE,FALSE,FALSE
"smoke",1,101,2,689,692,3650,3,TRUE,128.684649154444,1.5,193.026973731666,FALSE,TRUE,FALSE,FALSE
"smoke",1,101,3,1073,1133,3650,60,TRUE,128.684649154444,1.5,193.026973731666,FALSE,TRUE,FALSE,FALSE
"smoke",1,101,4,2138,2219,3650,81,TRUE,128.684649154444,1.5,193.026973731666,FALSE,TRUE,FALSE,FALSE
"smoke",1,101,5,3365,3437,3650,72,TRUE,128.684649154444,1.5,193.026973731666,FALSE,TRUE,FALSE,FALSE
"smoke",1,102,1,0,90,3650,90,TRUE,128.684649154444,1.5,193.026973731666,FALSE,TRUE,FALSE,FALSE
"smoke",1,102,2,292,363,3650,71,TRUE,128.684649154444,1.5,193.026973731666,FALSE,TRUE,FALSE,FALSE
"smoke",1,102,3,1190,1272,3650,82,TRUE,128.684649154444,1.5,193.026973731666,FALSE,TRUE,FALSE,FALSE
"smoke",1,102,4,1897,1900,3650,3,TRUE,128.684649154444,1.5,193.026973731666,FALSE,TRUE,FALSE,FALSE
"smoke",1,102,5,2242,2318,3650,76,TRUE,128.684649154444,1.5,193.026973731666,FALSE,TRUE,FALSE,FALSE
"smoke",1,102,6,2543,2611,3650,68,TRUE,128.684649154444,1.5,193.026973731666,FALSE,TRUE,FALSE,FALSE
"smoke",1,102,7,2949,3033,3650,84,TRUE,128.684649154444,1.5,193.026973731666,FALSE,TRUE,FALSE,FALSE
"smoke",1,102,8,3065,3067,3650,2,TRUE,128.684649154444,1.5,193.026973731666,FALSE,TRUE,FALSE,FALSE
"smoke",1,102,9,3378,3450,3650,72,TRUE,128.684649154444,1.5,193.026973731666,FALSE,TRUE,FALSE,FALSE
"smoke",1,103,1,0,538,3650,538,TRUE,128.684649154444,1.5,193.026973731666,TRUE,FALSE,TRUE,FALSE
"smoke",1,103,2,603,605,3650,2,TRUE,128.684649154444,1.5,193.026973731666,FALSE,TRUE,FALSE,FALSE
"smoke",1,103,3,1503,1577,3650,74,TRUE,128.684649154444,1.5,193.026973731666,FALSE,TRUE,FALSE,FALSE
"smoke",1,103,4,2241,2243,3650,2,TRUE,128.684649154444,1.5,193.026973731666,FALSE,TRUE,FALSE,FALSE
"smoke",1,103,5,2329,2333,3650,4,TRUE,128.684649154444,1.5,193.026973731666,FALSE,TRUE,FALSE,FALSE
"smoke",1,103,6,2654,2659,3650,5,TRUE,128.684649154444,1.5,193.026973731666,FALSE,TRUE,FALSE,FALSE
"smoke",1,103,7,2978,3063,3650,85,TRUE,128.684649154444,1.5,193.026973731666,FALSE,TRUE,FALSE,FALSE
"smoke",1,104,1,0,139,3650,139,TRUE,128.684649154444,1.5,193.026973731666,FALSE,TRUE,FALSE,FALSE
"smoke",1,104,2,361,421,3650,60,TRUE,128.684649154444,1.5,193.026973731666,FALSE,TRUE,FALSE,FALSE
"smoke",1,104,3,620,893,3650,273,TRUE,128.684649154444,1.5,193.026973731666,TRUE,FALSE,TRUE,FALSE
"smoke",1,104,4,1112,1187,3650,75,TRUE,128.684649154444,1.5,193.026973731666,FALSE,TRUE,FALSE,FALSE
"smoke",1,104,5,1443,1512,3650,69,TRUE,128.684649154444,1.5,193.026973731666,FALSE,TRUE,FALSE,FALSE
"smoke",1,104,6,2489,2558,3650,69,TRUE,128.684649154444,1.5,193.026973731666,FALSE,TRUE,FALSE,FALSE
"smoke",1,104,7,2615,2621,3650,6,TRUE,128.684649154444,1.5,193.026973731666,FALSE,TRUE,FALSE,FALSE
"smoke",1,104,8,3329,3396,3650,67,TRUE,128.684649154444,1.5,193.026973731666,FALSE,TRUE,FALSE,FALSE
"smoke",1,105,1,0,91,3650,91,TRUE,128.684649154444,1.5,193.026973731666,FALSE,TRUE,FALSE,FALSE
"smoke",1,105,2,442,531,3650,89,TRUE,128.684649154444,1.5,193.026973731666,FALSE,TRUE,FALSE,FALSE
"smoke",1,105,3,1491,1577,3650,86,TRUE,128.684649154444,1.5,193.026973731666,FALSE,TRUE,FALSE,FALSE
"smoke",1,105,4,1834,1835,3650,1,TRUE,128.684649154444,1.5,193.026973731666,FALSE,TRUE,FALSE,FALSE
"smoke",1,105,5,2259,2261,3650,2,TRUE,128.684649154444,1.5,193.026973731666,FALSE,TRUE,FALSE,FALSE
"smoke",1,105,6,2612,2689,3650,77,TRUE,128.684649154444,1.5,193.026973731666,FALSE,TRUE,FALSE,FALSE
"smoke",1,105,7,3388,3493,3650,105,TRUE,128.684649154444,1.5,193.026973731666,FALSE,TRUE,FALSE,FALSE
"smoke",1,106,1,0,88,3650,88,TRUE,128.684649154444,1.5,193.026973731666,FALSE,TRUE,FALSE,FALSE
"smoke",1,106,2,1502,1503,3650,1,TRUE,128.684649154444,1.5,193.026973731666,FALSE,TRUE,FALSE,FALSE
"smoke",1,106,3,1548,1550,3650,2,TRUE,128.684649154444,1.5,193.026973731666,FALSE,TRUE,FALSE,FALSE
"smoke",1,106,4,1599,1962,3650,363,TRUE,128.684649154444,1.5,193.026973731666,TRUE,FALSE,TRUE,FALSE
"smoke",1,106,5,3457,NA,3650,193,FALSE,128.684649154444,1.5,193.026973731666,FALSE,FALSE,FALSE,TRUE
"smoke",1,107,1,0,110,3650,110,TRUE,128.684649154444,1.5,193.026973731666,FALSE,TRUE,FALSE,FALSE
"smoke",1,107,2,658,728,3650,70,TRUE,128.684649154444,1.5,193.026973731666,FALSE,TRUE,FALSE,FALSE
"smoke",1,107,3,745,757,3650,12,TRUE,128.684649154444,1.5,193.026973731666,FALSE,TRUE,FALSE,FALSE
"smoke",1,107,4,999,1000,3650,1,TRUE,128.684649154444,1.5,193.026973731666,FALSE,TRUE,FALSE,FALSE
"smoke",1,107,5,1065,1137,3650,72,TRUE,128.684649154444,1.5,193.026973731666,FALSE,TRUE,FALSE,FALSE
"smoke",1,107,6,1199,1212,3650,13,TRUE,128.684649154444,1.5,193.026973731666,FALSE,TRUE,FALSE,FALSE
"smoke",1,107,7,1295,1308,3650,13,TRUE,128.684649154444,1.5,193.026973731666,FALSE,TRUE,FALSE,FALSE
"smoke",1,107,8,1455,1543,3650,88,TRUE,128.684649154444,1.5,193.026973731666,FALSE,TRUE,FALSE,FALSE
"smoke",1,107,9,2219,2290,3650,71,TRUE,128.684649154444,1.5,193.026973731666,FALSE,TRUE,FALSE,FALSE
"smoke",1,107,10,2689,3075,3650,386,TRUE,128.684649154444,1.5,193.026973731666,TRUE,FALSE,TRUE,FALSE
"smoke",1,108,1,0,425,3650,425,TRUE,128.684649154444,1.5,193.026973731666,TRUE,FALSE,TRUE,FALSE
"smoke",1,108,2,1042,1112,3650,70,TRUE,128.684649154444,1.5,193.026973731666,FALSE,TRUE,FALSE,FALSE
"smoke",1,108,3,1402,1486,3650,84,TRUE,128.684649154444,1.5,193.026973731666,FALSE,TRUE,FALSE,FALSE
"smoke",1,108,4,2213,2300,3650,87,TRUE,128.684649154444,1.5,193.026973731666,FALSE,TRUE,FALSE,FALSE
"smoke",1,108,5,3048,3070,3650,22,TRUE,128.684649154444,1.5,193.026973731666,FALSE,TRUE,FALSE,FALSE
"smoke",1,109,1,0,84,3650,84,TRUE,128.684649154444,1.5,193.026973731666,FALSE,TRUE,FALSE,FALSE
"smoke",1,109,2,411,412,3650,1,TRUE,128.684649154444,1.5,193.026973731666,FALSE,TRUE,FALSE,FALSE
"smoke",1,109,3,1136,1229,3650,93,TRUE,128.684649154444,1.5,193.026973731666,FALSE,TRUE,FALSE,FALSE
"smoke",1,109,4,1435,1503,3650,68,TRUE,128.684649154444,1.5,193.026973731666,FALSE,TRUE,FALSE,FALSE
"smoke",1,109,5,1517,1522,3650,5,TRUE,128.684649154444,1.5,193.026973731666,FALSE,TRUE,FALSE,FALSE
"smoke",1,109,6,1528,1531,3650,3,TRUE,128.684649154444,1.5,193.026973731666,FALSE,TRUE,FALSE,FALSE
"smoke",1,109,7,2307,2457,3650,150,TRUE,128.684649154444,1.5,193.026973731666,FALSE,TRUE,FALSE,FALSE
"smoke",1,109,8,2537,2607,3650,70,TRUE,128.684649154444,1.5,193.026973731666,FALSE,TRUE,FALSE,FALSE
"smoke",1,110,1,0,141,3650,141,TRUE,128.684649154444,1.5,193.026973731666,FALSE,TRUE,FALSE,FALSE
"smoke",1,110,2,716,798,3650,82,TRUE,128.684649154444,1.5,193.026973731666,FALSE,TRUE,FALSE,FALSE
"smoke",1,110,3,799,801,3650,2,TRUE,128.684649154444,1.5,193.026973731666,FALSE,TRUE,FALSE,FALSE
"smoke",1,110,4,1129,1193,3650,64,TRUE,128.684649154444,1.5,193.026973731666,FALSE,TRUE,FALSE,FALSE
"smoke",1,110,5,1613,2377,3650,764,TRUE,128.684649154444,1.5,193.026973731666,TRUE,FALSE,TRUE,FALSE
"smoke",1,110,6,2532,2616,3650,84,TRUE,128.684649154444,1.5,193.026973731666,FALSE,TRUE,FALSE,FALSE
"smoke",1,110,7,2666,2669,3650,3,TRUE,128.684649154444,1.5,193.026973731666,FALSE,TRUE,FALSE,FALSE
"smoke",1,110,8,2796,2802,3650,6,TRUE,128.684649154444,1.5,193.026973731666,FALSE,TRUE,FALSE,FALSE
"smoke",1,110,9,3331,3333,3650,2,TRUE,128.684649154444,1.5,193.026973731666,FALSE,TRUE,FALSE,FALSE
"smoke",1,110,10,3604,3609,3650,5,TRUE,128.684649154444,1.5,193.026973731666,FALSE,TRUE,FALSE,FALSE
"smoke",1,111,1,0,573,3650,573,TRUE,128.684649154444,1.5,193.026973731666,TRUE,FALSE,TRUE,FALSE
"smoke",1,111,2,769,849,3650,80,TRUE,128.684649154444,1.5,193.026973731666,FALSE,TRUE,FALSE,FALSE
"smoke",1,111,3,1889,1959,3650,70,TRUE,128.684649154444,1.5,193.026973731666,FALSE,TRUE,FALSE,FALSE
"smoke",1,111,4,2913,2993,3650,80,TRUE,128.684649154444,1.5,193.026973731666,FALSE,TRUE,FALSE,FALSE
"smoke",1,112,1,0,102,3650,102,TRUE,128.684649154444,1.5,193.026973731666,FALSE,TRUE,FALSE,FALSE
"smoke",1,112,2,239,242,3650,3,TRUE,128.684649154444,1.5,193.026973731666,FALSE,TRUE,FALSE,FALSE
"smoke",1,112,3,650,758,3650,108,TRUE,128.684649154444,1.5,193.026973731666,FALSE,TRUE,FALSE,FALSE
"smoke",1,112,4,772,773,3650,1,TRUE,128.684649154444,1.5,193.026973731666,FALSE,TRUE,FALSE,FALSE
"smoke",1,112,5,1544,1625,3650,81,TRUE,128.684649154444,1.5,193.026973731666,FALSE,TRUE,FALSE,FALSE
"smoke",1,112,6,2235,2312,3650,77,TRUE,128.684649154444,1.5,193.026973731666,FALSE,TRUE,FALSE,FALSE
"smoke",1,113,1,0,72,3650,72,TRUE,128.684649154444,1.5,193.026973731666,FALSE,TRUE,FALSE,FALSE
"smoke",1,113,2,263,281,3650,18,TRUE,128.684649154444,1.5,193.026973731666,FALSE,TRUE,FALSE,FALSE
"smoke",1,113,3,449,451,3650,2,TRUE,128.684649154444,1.5,193.026973731666,FALSE,TRUE,FALSE,FALSE
"smoke",1,113,4,551,552,3650,1,TRUE,128.684649154444,1.5,193.026973731666,FALSE,TRUE,FALSE,FALSE
"smoke",1,113,5,1617,1619,3650,2,TRUE,128.684649154444,1.5,193.026973731666,FALSE,TRUE,FALSE,FALSE
"smoke",1,113,6,2249,2250,3650,1,TRUE,128.684649154444,1.5,193.026973731666,FALSE,TRUE,FALSE,FALSE
"smoke",1,114,1,0,106,3650,106,TRUE,128.684649154444,1.5,193.026973731666,FALSE,TRUE,FALSE,FALSE
"smoke",1,114,2,190,191,3650,1,TRUE,128.684649154444,1.5,193.026973731666,FALSE,TRUE,FALSE,FALSE
"smoke",1,114,3,244,346,3650,102,TRUE,128.684649154444,1.5,193.026973731666,FALSE,TRUE,FALSE,FALSE
"smoke",1,114,4,589,691,3650,102,TRUE,128.684649154444,1.5,193.026973731666,FALSE,TRUE,FALSE,FALSE
"smoke",1,114,5,706,710,3650,4,TRUE,128.684649154444,1.5,193.026973731666,FALSE,TRUE,FALSE,FALSE
"smoke",1,114,6,983,1082,3650,99,TRUE,128.684649154444,1.5,193.026973731666,FALSE,TRUE,FALSE,FALSE
"smoke",1,114,7,1512,1580,3650,68,TRUE,128.684649154444,1.5,193.026973731666,FALSE,TRUE,FALSE,FALSE
"smoke",1,114,8,2200,2276,3650,76,TRUE,128.684649154444,1.5,193.026973731666,FALSE,TRUE,FALSE,FALSE
"smoke",1,114,9,2576,2662,3650,86,TRUE,128.684649154444,1.5,193.026973731666,FALSE,TRUE,FALSE,FALSE
"smoke",1,114,10,2993,2996,3650,3,TRUE,128.684649154444,1.5,193.026973731666,FALSE,TRUE,FALSE,FALSE
"smoke",1,115,1,0,122,3650,122,TRUE,128.684649154444,1.5,193.026973731666,FALSE,TRUE,FALSE,FALSE
"smoke",1,115,2,280,284,3650,4,TRUE,128.684649154444,1.5,193.026973731666,FALSE,TRUE,FALSE,FALSE
"smoke",1,115,3,365,433,3650,68,TRUE,128.684649154444,1.5,193.026973731666,FALSE,TRUE,FALSE,FALSE
"smoke",1,115,4,733,794,3650,61,TRUE,128.684649154444,1.5,193.026973731666,FALSE,TRUE,FALSE,FALSE
"smoke",1,115,5,2258,2260,3650,2,TRUE,128.684649154444,1.5,193.026973731666,FALSE,TRUE,FALSE,FALSE
"smoke",1,115,6,3573,NA,3650,77,FALSE,128.684649154444,1.5,193.026973731666,FALSE,FALSE,FALSE,TRUE
"smoke",1,116,1,0,100,3650,100,TRUE,128.684649154444,1.5,193.026973731666,FALSE,TRUE,FALSE,FALSE
"smoke",1,116,2,268,370,3650,102,TRUE,128.684649154444,1.5,193.026973731666,FALSE,TRUE,FALSE,FALSE
"smoke",1,116,3,1064,1147,3650,83,TRUE,128.684649154444,1.5,193.026973731666,FALSE,TRUE,FALSE,FALSE
"smoke",1,116,4,1149,1151,3650,2,TRUE,128.684649154444,1.5,193.026973731666,FALSE,TRUE,FALSE,FALSE
"smoke",1,116,5,1487,1561,3650,74,TRUE,128.684649154444,1.5,193.026973731666,FALSE,TRUE,FALSE,FALSE
"smoke",1,116,6,2104,2193,3650,89,TRUE,128.684649154444,1.5,193.026973731666,FALSE,TRUE,FALSE,FALSE
"smoke",1,116,7,2212,2677,3650,465,TRUE,128.684649154444,1.5,193.026973731666,TRUE,FALSE,TRUE,FALSE
"smoke",1,116,8,2892,2965,3650,73,TRUE,128.684649154444,1.5,193.026973731666,FALSE,TRUE,FALSE,FALSE
"smoke",1,117,1,0,98,3650,98,TRUE,128.684649154444,1.5,193.026973731666,FALSE,TRUE,FALSE,FALSE
"smoke",1,117,2,254,510,3650,256,TRUE,128.684649154444,1.5,193.026973731666,TRUE,FALSE,TRUE,FALSE
"smoke",1,117,3,749,814,3650,65,TRUE,128.684649154444,1.5,193.026973731666,FALSE,TRUE,FALSE,FALSE
"smoke",1,117,4,1312,1527,3650,215,TRUE,128.684649154444,1.5,193.026973731666,TRUE,FALSE,TRUE,FALSE
"smoke",1,117,5,1796,1865,3650,69,TRUE,128.684649154444,1.5,193.026973731666,FALSE,TRUE,FALSE,FALSE
"smoke",1,117,6,2220,2295,3650,75,TRUE,128.684649154444,1.5,193.026973731666,FALSE,TRUE,FALSE,FALSE
"smoke",1,117,7,2530,2606,3650,76,TRUE,128.684649154444,1.5,193.026973731666,FALSE,TRUE,FALSE,FALSE
"smoke",1,117,8,2898,2962,3650,64,TRUE,128.684649154444,1.5,193.026973731666,FALSE,TRUE,FALSE,FALSE
"smoke",1,117,9,3016,3017,3650,1,TRUE,128.684649154444,1.5,193.026973731666,FALSE,TRUE,FALSE,FALSE
"smoke",1,117,10,3164,3166,3650,2,TRUE,128.684649154444,1.5,193.026973731666,FALSE,TRUE,FALSE,FALSE
"smoke",1,117,11,3273,3274,3650,1,TRUE,128.684649154444,1.5,193.026973731666,FALSE,TRUE,FALSE,FALSE
"smoke",1,117,12,3275,3351,3650,76,TRUE,128.684649154444,1.5,193.026973731666,FALSE,TRUE,FALSE,FALSE
"smoke",1,118,1,0,535,3650,535,TRUE,128.684649154444,1.5,193.026973731666,TRUE,FALSE,TRUE,FALSE
"smoke",1,118,2,626,709,3650,83,TRUE,128.684649154444,1.5,193.026973731666,FALSE,TRUE,FALSE,FALSE
"smoke",1,118,3,727,752,3650,25,TRUE,128.684649154444,1.5,193.026973731666,FALSE,TRUE,FALSE,FALSE
"smoke",1,118,4,1037,1044,3650,7,TRUE,128.684649154444,1.5,193.026973731666,FALSE,TRUE,FALSE,FALSE
"smoke",1,118,5,1095,1167,3650,72,TRUE,128.684649154444,1.5,193.026973731666,FALSE,TRUE,FALSE,FALSE
"smoke",1,118,6,1549,1635,3650,86,TRUE,128.684649154444,1.5,193.026973731666,FALSE,TRUE,FALSE,FALSE
"smoke",1,118,7,1660,1666,3650,6,TRUE,128.684649154444,1.5,193.026973731666,FALSE,TRUE,FALSE,FALSE
"smoke",1,118,8,1866,1931,3650,65,TRUE,128.684649154444,1.5,193.026973731666,FALSE,TRUE,FALSE,FALSE
"smoke",1,118,9,2168,2234,3650,66,TRUE,128.684649154444,1.5,193.026973731666,FALSE,TRUE,FALSE,FALSE
"smoke",1,118,10,2932,3001,3650,69,TRUE,128.684649154444,1.5,193.026973731666,FALSE,TRUE,FALSE,FALSE
"smoke",1,118,11,3631,NA,3650,19,FALSE,128.684649154444,1.5,193.026973731666,FALSE,FALSE,FALSE,TRUE
"smoke",1,119,1,0,1665,3650,1665,TRUE,128.684649154444,1.5,193.026973731666,TRUE,FALSE,TRUE,FALSE
"smoke",1,119,2,2177,2250,3650,73,TRUE,128.684649154444,1.5,193.026973731666,FALSE,TRUE,FALSE,FALSE
"smoke",1,119,3,2934,2999,3650,65,TRUE,128.684649154444,1.5,193.026973731666,FALSE,TRUE,FALSE,FALSE
"smoke",1,119,4,3288,3356,3650,68,TRUE,128.684649154444,1.5,193.026973731666,FALSE,TRUE,FALSE,FALSE
"smoke",1,120,1,0,131,3650,131,TRUE,128.684649154444,1.5,193.026973731666,FALSE,TRUE,FALSE,FALSE
"smoke",1,120,2,240,242,3650,2,TRUE,128.684649154444,1.5,193.026973731666,FALSE,TRUE,FALSE,FALSE
"smoke",1,120,3,1144,1213,3650,69,TRUE,128.684649154444,1.5,193.026973731666,FALSE,TRUE,FALSE,FALSE
"smoke",1,120,4,1463,1538,3650,75,TRUE,128.684649154444,1.5,193.026973731666,FALSE,TRUE,FALSE,FALSE
"smoke",1,120,5,2300,2408,3650,108,TRUE,128.684649154444,1.5,193.026973731666,FALSE,TRUE,FALSE,FALSE
"smoke",1,120,6,2558,2630,3650,72,TRUE,128.684649154444,1.5,193.026973731666,FALSE,TRUE,FALSE,FALSE
"smoke",1,120,7,3137,3139,3650,2,TRUE,128.684649154444,1.5,193.026973731666,FALSE,TRUE,FALSE,FALSE
"smoke",1,121,1,0,124,3650,124,TRUE,128.684649154444,1.5,193.026973731666,FALSE,TRUE,FALSE,FALSE
"smoke",1,121,2,707,766,3650,59,TRUE,128.684649154444,1.5,193.026973731666,FALSE,TRUE,FALSE,FALSE
"smoke",1,121,3,767,775,3650,8,TRUE,128.684649154444,1.5,193.026973731666,FALSE,TRUE,FALSE,FALSE
"smoke",1,121,4,1089,1090,3650,1,TRUE,128.684649154444,1.5,193.026973731666,FALSE,TRUE,FALSE,FALSE
"smoke",1,121,5,1450,1520,3650,70,TRUE,128.684649154444,1.5,193.026973731666,FALSE,TRUE,FALSE,FALSE
"smoke",1,121,6,1547,1556,3650,9,TRUE,128.684649154444,1.5,193.026973731666,FALSE,TRUE,FALSE,FALSE
"smoke",1,121,7,2109,2115,3650,6,TRUE,128.684649154444,1.5,193.026973731666,FALSE,TRUE,FALSE,FALSE
"smoke",1,121,8,2568,2633,3650,65,TRUE,128.684649154444,1.5,193.026973731666,FALSE,TRUE,FALSE,FALSE
"smoke",1,121,9,2959,2960,3650,1,TRUE,128.684649154444,1.5,193.026973731666,FALSE,TRUE,FALSE,FALSE
"smoke",1,121,10,3624,NA,3650,26,FALSE,128.684649154444,1.5,193.026973731666,FALSE,FALSE,FALSE,TRUE
"smoke",1,122,1,0,556,3650,556,TRUE,128.684649154444,1.5,193.026973731666,TRUE,FALSE,TRUE,FALSE
"smoke",1,122,2,1458,1462,3650,4,TRUE,128.684649154444,1.5,193.026973731666,FALSE,TRUE,FALSE,FALSE
"smoke",1,122,3,1780,1849,3650,69,TRUE,128.684649154444,1.5,193.026973731666,FALSE,TRUE,FALSE,FALSE
"smoke",1,122,4,2109,2212,3650,103,TRUE,128.684649154444,1.5,193.026973731666,FALSE,TRUE,FALSE,FALSE
"smoke",1,122,5,2273,2277,3650,4,TRUE,128.684649154444,1.5,193.026973731666,FALSE,TRUE,FALSE,FALSE
"smoke",1,122,6,2920,2991,3650,71,TRUE,128.684649154444,1.5,193.026973731666,FALSE,TRUE,FALSE,FALSE
"smoke",1,123,1,0,94,3650,94,TRUE,128.684649154444,1.5,193.026973731666,FALSE,TRUE,FALSE,FALSE
"smoke",1,123,2,222,362,3650,140,TRUE,128.684649154444,1.5,193.026973731666,FALSE,TRUE,FALSE,FALSE
"smoke",1,123,3,366,373,3650,7,TRUE,128.684649154444,1.5,193.026973731666,FALSE,TRUE,FALSE,FALSE
"smoke",1,123,4,696,773,3650,77,TRUE,128.684649154444,1.5,193.026973731666,FALSE,TRUE,FALSE,FALSE
"smoke",1,123,5,1114,1181,3650,67,TRUE,128.684649154444,1.5,193.026973731666,FALSE,TRUE,FALSE,FALSE
"smoke",1,123,6,1360,1362,3650,2,TRUE,128.684649154444,1.5,193.026973731666,FALSE,TRUE,FALSE,FALSE
"smoke",1,123,7,1490,1571,3650,81,TRUE,128.684649154444,1.5,193.026973731666,FALSE,TRUE,FALSE,FALSE
"smoke",1,123,8,1855,1858,3650,3,TRUE,128.684649154444,1.5,193.026973731666,FALSE,TRUE,FALSE,FALSE
"smoke",1,123,9,1913,2014,3650,101,TRUE,128.684649154444,1.5,193.026973731666,FALSE,TRUE,FALSE,FALSE
"smoke",1,123,10,2552,2614,3650,62,TRUE,128.684649154444,1.5,193.026973731666,FALSE,TRUE,FALSE,FALSE
"smoke",1,123,11,3461,3598,3650,137,TRUE,128.684649154444,1.5,193.026973731666,FALSE,TRUE,FALSE,FALSE
"smoke",1,124,1,0,1561,3650,1561,TRUE,128.684649154444,1.5,193.026973731666,TRUE,FALSE,TRUE,FALSE
"smoke",1,124,2,1614,1615,3650,1,TRUE,128.684649154444,1.5,193.026973731666,FALSE,TRUE,FALSE,FALSE
"smoke",1,124,3,2234,2235,3650,1,TRUE,128.684649154444,1.5,193.026973731666,FALSE,TRUE,FALSE,FALSE
"smoke",1,124,4,2291,2396,3650,105,TRUE,128.684649154444,1.5,193.026973731666,FALSE,TRUE,FALSE,FALSE
"smoke",1,124,5,2700,3117,3650,417,TRUE,128.684649154444,1.5,193.026973731666,TRUE,FALSE,TRUE,FALSE
"smoke",1,125,1,0,74,3650,74,TRUE,128.684649154444,1.5,193.026973731666,FALSE,TRUE,FALSE,FALSE
"smoke",1,125,2,254,363,3650,109,TRUE,128.684649154444,1.5,193.026973731666,FALSE,TRUE,FALSE,FALSE
"smoke",1,125,3,755,826,3650,71,TRUE,128.684649154444,1.5,193.026973731666,FALSE,TRUE,FALSE,FALSE
"smoke",1,125,4,995,1087,3650,92,TRUE,128.684649154444,1.5,193.026973731666,FALSE,TRUE,FALSE,FALSE
"smoke",1,125,5,1122,1128,3650,6,TRUE,128.684649154444,1.5,193.026973731666,FALSE,TRUE,FALSE,FALSE
"smoke",1,125,6,1137,1150,3650,13,TRUE,128.684649154444,1.5,193.026973731666,FALSE,TRUE,FALSE,FALSE
"smoke",1,125,7,1840,1924,3650,84,TRUE,128.684649154444,1.5,193.026973731666,FALSE,TRUE,FALSE,FALSE
"smoke",1,125,8,1951,1952,3650,1,TRUE,128.684649154444,1.5,193.026973731666,FALSE,TRUE,FALSE,FALSE
"smoke",1,125,9,2958,3059,3650,101,TRUE,128.684649154444,1.5,193.026973731666,FALSE,TRUE,FALSE,FALSE
"smoke",1,125,10,3268,3341,3650,73,TRUE,128.684649154444,1.5,193.026973731666,FALSE,TRUE,FALSE,FALSE
"smoke",1,125,11,3625,NA,3650,25,FALSE,128.684649154444,1.5,193.026973731666,FALSE,FALSE,FALSE,TRUE
"smoke",1,126,1,0,113,3650,113,TRUE,128.684649154444,1.5,193.026973731666,FALSE,TRUE,FALSE,FALSE
"smoke",1,126,2,374,457,3650,83,TRUE,128.684649154444,1.5,193.026973731666,FALSE,TRUE,FALSE,FALSE
"smoke",1,126,3,651,740,3650,89,TRUE,128.684649154444,1.5,193.026973731666,FALSE,TRUE,FALSE,FALSE
"smoke",1,126,4,753,756,3650,3,TRUE,128.684649154444,1.5,193.026973731666,FALSE,TRUE,FALSE,FALSE
"smoke",1,126,5,810,811,3650,1,TRUE,128.684649154444,1.5,193.026973731666,FALSE,TRUE,FALSE,FALSE
"smoke",1,126,6,1096,1160,3650,64,TRUE,128.684649154444,1.5,193.026973731666,FALSE,TRUE,FALSE,FALSE
"smoke",1,126,7,2243,2327,3650,84,TRUE,128.684649154444,1.5,193.026973731666,FALSE,TRUE,FALSE,FALSE
"smoke",1,126,8,2588,2590,3650,2,TRUE,128.684649154444,1.5,193.026973731666,FALSE,TRUE,FALSE,FALSE
"smoke",1,126,9,2633,2718,3650,85,TRUE,128.684649154444,1.5,193.026973731666,FALSE,TRUE,FALSE,FALSE
"smoke",1,127,1,0,115,3650,115,TRUE,128.684649154444,1.5,193.026973731666,FALSE,TRUE,FALSE,FALSE
"smoke",1,127,2,287,357,3650,70,TRUE,128.684649154444,1.5,193.026973731666,FALSE,TRUE,FALSE,FALSE
"smoke",1,127,3,1135,1197,3650,62,TRUE,128.684649154444,1.5,193.026973731666,FALSE,TRUE,FALSE,FALSE
"smoke",1,127,4,1557,1652,3650,95,TRUE,128.684649154444,1.5,193.026973731666,FALSE,TRUE,FALSE,FALSE
"smoke",1,127,5,1737,1752,3650,15,TRUE,128.684649154444,1.5,193.026973731666,FALSE,TRUE,FALSE,FALSE
"smoke",1,127,6,1947,2066,3650,119,TRUE,128.684649154444,1.5,193.026973731666,FALSE,TRUE,FALSE,FALSE
"smoke",1,127,7,2304,2406,3650,102,TRUE,128.684649154444,1.5,193.026973731666,FALSE,TRUE,FALSE,FALSE
"smoke",1,127,8,2950,3027,3650,77,TRUE,128.684649154444,1.5,193.026973731666,FALSE,TRUE,FALSE,FALSE
"smoke",1,127,9,3324,3394,3650,70,TRUE,128.684649154444,1.5,193.026973731666,FALSE,TRUE,FALSE,FALSE
"smoke",1,127,10,3604,NA,3650,46,FALSE,128.684649154444,1.5,193.026973731666,FALSE,FALSE,FALSE,TRUE
"smoke",1,128,1,0,80,3650,80,TRUE,128.684649154444,1.5,193.026973731666,FALSE,TRUE,FALSE,FALSE
"smoke",1,128,2,290,294,3650,4,TRUE,128.684649154444,1.5,193.026973731666,FALSE,TRUE,FALSE,FALSE
"smoke",1,128,3,410,481,3650,71,TRUE,128.684649154444,1.5,193.026973731666,FALSE,TRUE,FALSE,FALSE
"smoke",1,128,4,709,714,3650,5,TRUE,128.684649154444,1.5,193.026973731666,FALSE,TRUE,FALSE,FALSE
"smoke",1,128,5,739,741,3650,2,TRUE,128.684649154444,1.5,193.026973731666,FALSE,TRUE,FALSE,FALSE
"smoke",1,128,6,1092,1156,3650,64,TRUE,128.684649154444,1.5,193.026973731666,FALSE,TRUE,FALSE,FALSE
"smoke",1,128,7,1362,1456,3650,94,TRUE,128.684649154444,1.5,193.026973731666,FALSE,TRUE,FALSE,FALSE
"smoke",1,128,8,1659,2049,3650,390,TRUE,128.684649154444,1.5,193.026973731666,TRUE,FALSE,TRUE,FALSE
"smoke",1,128,9,2175,2249,3650,74,TRUE,128.684649154444,1.5,193.026973731666,FALSE,TRUE,FALSE,FALSE
"smoke",1,128,10,2489,2578,3650,89,TRUE,128.684649154444,1.5,193.026973731666,FALSE,TRUE,FALSE,FALSE
"smoke",1,128,11,2985,3072,3650,87,TRUE,128.684649154444,1.5,193.026973731666,FALSE,TRUE,FALSE,FALSE
"smoke",1,129,1,0,173,3650,173,TRUE,128.684649154444,1.5,193.026973731666,FALSE,TRUE,FALSE,FALSE
"smoke",1,129,2,697,774,3650,77,TRUE,128.684649154444,1.5,193.026973731666,FALSE,TRUE,FALSE,FALSE
"smoke",1,129,3,1444,1505,3650,61,TRUE,128.684649154444,1.5,193.026973731666,FALSE,TRUE,FALSE,FALSE
"smoke",1,129,4,1575,1607,3650,32,TRUE,128.684649154444,1.5,193.026973731666,FALSE,TRUE,FALSE,FALSE
"smoke",1,129,5,1789,1793,3650,4,TRUE,128.684649154444,1.5,193.026973731666,FALSE,TRUE,FALSE,FALSE
"smoke",1,129,6,2716,2730,3650,14,TRUE,128.684649154444,1.5,193.026973731666,FALSE,TRUE,FALSE,FALSE
"smoke",1,129,7,2926,2929,3650,3,TRUE,128.684649154444,1.5,193.026973731666,FALSE,TRUE,FALSE,FALSE
"smoke",1,129,8,3342,3429,3650,87,TRUE,128.684649154444,1.5,193.026973731666,FALSE,TRUE,FALSE,FALSE
"smoke",1,129,9,3615,3616,3650,1,TRUE,128.684649154444,1.5,193.026973731666,FALSE,TRUE,FALSE,FALSE
"smoke",1,130,1,0,75,3650,75,TRUE,128.684649154444,1.5,193.026973731666,FALSE,TRUE,FALSE,FALSE
"smoke",1,130,2,88,97,3650,9,TRUE,128.684649154444,1.5,193.026973731666,FALSE,TRUE,FALSE,FALSE
"smoke",1,130,3,987,1070,3650,83,TRUE,128.684649154444,1.5,193.026973731666,FALSE,TRUE,FALSE,FALSE
"smoke",1,130,4,1156,1157,3650,1,TRUE,128.684649154444,1.5,193.026973731666,FALSE,TRUE,FALSE,FALSE
"smoke",1,130,5,1403,1489,3650,86,TRUE,128.684649154444,1.5,193.026973731666,FALSE,TRUE,FALSE,FALSE
"smoke",1,130,6,1894,1968,3650,74,TRUE,128.684649154444,1.5,193.026973731666,FALSE,TRUE,FALSE,FALSE
"smoke",1,130,7,2281,2286,3650,5,TRUE,128.684649154444,1.5,193.026973731666,FALSE,TRUE,FALSE,FALSE
"smoke",1,130,8,2302,2424,3650,122,TRUE,128.684649154444,1.5,193.026973731666,FALSE,TRUE,FALSE,FALSE
"smoke",1,130,9,2512,2592,3650,80,TRUE,128.684649154444,1.5,193.026973731666,FALSE,TRUE,FALSE,FALSE
"smoke",1,130,10,2984,3057,3650,73,TRUE,128.684649154444,1.5,193.026973731666,FALSE,TRUE,FALSE,FALSE
"smoke",1,131,1,0,1997,3650,1997,TRUE,128.684649154444,1.5,193.026973731666,TRUE,FALSE,TRUE,FALSE
"smoke",1,131,2,2342,2343,3650,1,TRUE,128.684649154444,1.5,193.026973731666,FALSE,TRUE,FALSE,FALSE
"smoke",1,131,3,2965,3026,3650,61,TRUE,128.684649154444,1.5,193.026973731666,FALSE,TRUE,FALSE,FALSE
"smoke",1,132,1,0,450,3650,450,TRUE,128.684649154444,1.5,193.026973731666,TRUE,FALSE,TRUE,FALSE
"smoke",1,132,2,644,645,3650,1,TRUE,128.684649154444,1.5,193.026973731666,FALSE,TRUE,FALSE,FALSE
"smoke",1,132,3,689,696,3650,7,TRUE,128.684649154444,1.5,193.026973731666,FALSE,TRUE,FALSE,FALSE
"smoke",1,132,4,1334,1335,3650,1,TRUE,128.684649154444,1.5,193.026973731666,FALSE,TRUE,FALSE,FALSE
"smoke",1,132,5,1610,1612,3650,2,TRUE,128.684649154444,1.5,193.026973731666,FALSE,TRUE,FALSE,FALSE
"smoke",1,132,6,1856,1858,3650,2,TRUE,128.684649154444,1.5,193.026973731666,FALSE,TRUE,FALSE,FALSE
"smoke",1,132,7,2685,2791,3650,106,TRUE,128.684649154444,1.5,193.026973731666,FALSE,TRUE,FALSE,FALSE
"smoke",1,132,8,2952,3025,3650,73,TRUE,128.684649154444,1.5,193.026973731666,FALSE,TRUE,FALSE,FALSE
"smoke",1,132,9,3307,3395,3650,88,TRUE,128.684649154444,1.5,193.026973731666,FALSE,TRUE,FALSE,FALSE
"smoke",1,133,1,0,98,3650,98,TRUE,128.684649154444,1.5,193.026973731666,FALSE,TRUE,FALSE,FALSE
"smoke",1,133,2,256,257,3650,1,TRUE,128.684649154444,1.5,193.026973731666,FALSE,TRUE,FALSE,FALSE
"smoke",1,133,3,1015,1098,3650,83,TRUE,128.684649154444,1.5,193.026973731666,FALSE,TRUE,FALSE,FALSE
"smoke",1,133,4,1142,1145,3650,3,TRUE,128.684649154444,1.5,193.026973731666,FALSE,TRUE,FALSE,FALSE
"smoke",1,133,5,1458,1527,3650,69,TRUE,128.684649154444,1.5,193.026973731666,FALSE,TRUE,FALSE,FALSE
"smoke",1,133,6,2968,3044,3650,76,TRUE,128.684649154444,1.5,193.026973731666,FALSE,TRUE,FALSE,FALSE
"smoke",1,134,1,0,195,3650,195,TRUE,128.684649154444,1.5,193.026973731666,TRUE,FALSE,TRUE,FALSE
"smoke",1,134,2,345,411,3650,66,TRUE,128.684649154444,1.5,193.026973731666,FALSE,TRUE,FALSE,FALSE
"smoke",1,134,3,1079,1146,3650,67,TRUE,128.684649154444,1.5,193.026973731666,FALSE,TRUE,FALSE,FALSE
"smoke",1,134,4,1367,1371,3650,4,TRUE,128.684649154444,1.5,193.026973731666,FALSE,TRUE,FALSE,FALSE
"smoke",1,134,5,1469,1525,3650,56,TRUE,128.684649154444,1.5,193.026973731666,FALSE,TRUE,FALSE,FALSE
"smoke",1,134,6,2156,2229,3650,73,TRUE,128.684649154444,1.5,193.026973731666,FALSE,TRUE,FALSE,FALSE
"smoke",1,134,7,2469,2573,3650,104,TRUE,128.684649154444,1.5,193.026973731666,FALSE,TRUE,FALSE,FALSE
"smoke",1,134,8,2973,3057,3650,84,TRUE,128.684649154444,1.5,193.026973731666,FALSE,TRUE,FALSE,FALSE
"smoke",1,134,9,3418,NA,3650,232,FALSE,128.684649154444,1.5,193.026973731666,TRUE,FALSE,FALSE,TRUE
"smoke",1,135,1,0,127,3650,127,TRUE,128.684649154444,1.5,193.026973731666,FALSE,TRUE,FALSE,FALSE
"smoke",1,135,2,169,1248,3650,1079,TRUE,128.684649154444,1.5,193.026973731666,TRUE,FALSE,TRUE,FALSE
"smoke",1,135,3,1524,1616,3650,92,TRUE,128.684649154444,1.5,193.026973731666,FALSE,TRUE,FALSE,FALSE
"smoke",1,135,4,2973,3055,3650,82,TRUE,128.684649154444,1.5,193.026973731666,FALSE,TRUE,FALSE,FALSE
"smoke",1,136,1,0,89,3650,89,TRUE,128.684649154444,1.5,193.026973731666,FALSE,TRUE,FALSE,FALSE
"smoke",1,136,2,309,312,3650,3,TRUE,128.684649154444,1.5,193.026973731666,FALSE,TRUE,FALSE,FALSE
"smoke",1,136,3,1866,1927,3650,61,TRUE,128.684649154444,1.5,193.026973731666,FALSE,TRUE,FALSE,FALSE
"smoke",1,136,4,2005,2019,3650,14,TRUE,128.684649154444,1.5,193.026973731666,FALSE,TRUE,FALSE,FALSE
"smoke",1,137,1,0,497,3650,497,TRUE,128.684649154444,1.5,193.026973731666,TRUE,FALSE,TRUE,FALSE
"smoke",1,137,2,741,813,3650,72,TRUE,128.684649154444,1.5,193.026973731666,FALSE,TRUE,FALSE,FALSE
"smoke",1,137,3,993,1300,3650,307,TRUE,128.684649154444,1.5,193.026973731666,TRUE,FALSE,TRUE,FALSE
"smoke",1,137,4,1465,1466,3650,1,TRUE,128.684649154444,1.5,193.026973731666,FALSE,TRUE,FALSE,FALSE
"smoke",1,137,5,1505,1569,3650,64,TRUE,128.684649154444,1.5,193.026973731666,FALSE,TRUE,FALSE,FALSE
"smoke",1,137,6,2235,2308,3650,73,TRUE,128.684649154444,1.5,193.026973731666,FALSE,TRUE,FALSE,FALSE
"smoke",1,138,1,0,123,3650,123,TRUE,128.684649154444,1.5,193.026973731666,FALSE,TRUE,FALSE,FALSE
"smoke",1,138,2,307,391,3650,84,TRUE,128.684649154444,1.5,193.026973731666,FALSE,TRUE,FALSE,FALSE
"smoke",1,138,3,657,659,3650,2,TRUE,128.684649154444,1.5,193.026973731666,FALSE,TRUE,FALSE,FALSE
"smoke",1,138,4,754,830,3650,76,TRUE,128.684649154444,1.5,193.026973731666,FALSE,TRUE,FALSE,FALSE
"smoke",1,138,5,1096,1166,3650,70,TRUE,128.684649154444,1.5,193.026973731666,FALSE,TRUE,FALSE,FALSE
"smoke",1,138,6,1400,1406,3650,6,TRUE,128.684649154444,1.5,193.026973731666,FALSE,TRUE,FALSE,FALSE
"smoke",1,138,7,2177,2245,3650,68,TRUE,128.684649154444,1.5,193.026973731666,FALSE,TRUE,FALSE,FALSE
"smoke",1,138,8,2340,2341,3650,1,TRUE,128.684649154444,1.5,193.026973731666,FALSE,TRUE,FALSE,FALSE
"smoke",1,138,9,2532,2598,3650,66,TRUE,128.684649154444,1.5,193.026973731666,FALSE,TRUE,FALSE,FALSE
"smoke",1,138,10,2912,2997,3650,85,TRUE,128.684649154444,1.5,193.026973731666,FALSE,TRUE,FALSE,FALSE
"smoke",1,139,1,0,68,3650,68,TRUE,128.684649154444,1.5,193.026973731666,FALSE,TRUE,FALSE,FALSE
"smoke",1,139,2,294,380,3650,86,TRUE,128.684649154444,1.5,193.026973731666,FALSE,TRUE,FALSE,FALSE
"smoke",1,139,3,707,767,3650,60,TRUE,128.684649154444,1.5,193.026973731666,FALSE,TRUE,FALSE,FALSE
"smoke",1,139,4,1710,1807,3650,97,TRUE,128.684649154444,1.5,193.026973731666,FALSE,TRUE,FALSE,FALSE
"smoke",1,140,1,0,92,3650,92,TRUE,128.684649154444,1.5,193.026973731666,FALSE,TRUE,FALSE,FALSE
"smoke",1,140,2,314,398,3650,84,TRUE,128.684649154444,1.5,193.026973731666,FALSE,TRUE,FALSE,FALSE
"smoke",1,140,3,599,602,3650,3,TRUE,128.684649154444,1.5,193.026973731666,FALSE,TRUE,FALSE,FALSE
"smoke",1,140,4,635,717,3650,82,TRUE,128.684649154444,1.5,193.026973731666,FALSE,TRUE,FALSE,FALSE
"smoke",1,140,5,806,812,3650,6,TRUE,128.684649154444,1.5,193.026973731666,FALSE,TRUE,FALSE,FALSE
"smoke",1,140,6,1000,1084,3650,84,TRUE,128.684649154444,1.5,193.026973731666,FALSE,TRUE,FALSE,FALSE
"smoke",1,140,7,1541,1543,3650,2,TRUE,128.684649154444,1.5,193.026973731666,FALSE,TRUE,FALSE,FALSE
"smoke",1,140,8,2281,2283,3650,2,TRUE,128.684649154444,1.5,193.026973731666,FALSE,TRUE,FALSE,FALSE
"smoke",1,140,9,2972,3040,3650,68,TRUE,128.684649154444,1.5,193.026973731666,FALSE,TRUE,FALSE,FALSE
"smoke",1,141,1,0,90,3650,90,TRUE,128.684649154444,1.5,193.026973731666,FALSE,TRUE,FALSE,FALSE
"smoke",1,141,2,166,170,3650,4,TRUE,128.684649154444,1.5,193.026973731666,FALSE,TRUE,FALSE,FALSE
"smoke",1,141,3,699,769,3650,70,TRUE,128.684649154444,1.5,193.026973731666,FALSE,TRUE,FALSE,FALSE
"smoke",1,141,4,774,775,3650,1,TRUE,128.684649154444,1.5,193.026973731666,FALSE,TRUE,FALSE,FALSE
"smoke",1,141,5,778,781,3650,3,TRUE,128.684649154444,1.5,193.026973731666,FALSE,TRUE,FALSE,FALSE
"smoke",1,141,6,1027,1100,3650,73,TRUE,128.684649154444,1.5,193.026973731666,FALSE,TRUE,FALSE,FALSE
"smoke",1,141,7,1432,1510,3650,78,TRUE,128.684649154444,1.5,193.026973731666,FALSE,TRUE,FALSE,FALSE
"smoke",1,141,8,1894,1974,3650,80,TRUE,128.684649154444,1.5,193.026973731666,FALSE,TRUE,FALSE,FALSE
"smoke",1,141,9,2218,2290,3650,72,TRUE,128.684649154444,1.5,193.026973731666,FALSE,TRUE,FALSE,FALSE
"smoke",1,141,10,2585,2653,3650,68,TRUE,128.684649154444,1.5,193.026973731666,FALSE,TRUE,FALSE,FALSE
"smoke",1,142,1,0,476,3650,476,TRUE,128.684649154444,1.5,193.026973731666,TRUE,FALSE,TRUE,FALSE
"smoke",1,142,2,859,863,3650,4,TRUE,128.684649154444,1.5,193.026973731666,FALSE,TRUE,FALSE,FALSE
"smoke",1,142,3,2177,2250,3650,73,TRUE,128.684649154444,1.5,193.026973731666,FALSE,TRUE,FALSE,FALSE
"smoke",1,142,4,2974,3066,3650,92,TRUE,128.684649154444,1.5,193.026973731666,FALSE,TRUE,FALSE,FALSE
"smoke",1,142,5,3593,3594,3650,1,TRUE,128.684649154444,1.5,193.026973731666,FALSE,TRUE,FALSE,FALSE
"smoke",1,143,1,0,138,3650,138,TRUE,128.684649154444,1.5,193.026973731666,FALSE,TRUE,FALSE,FALSE
"smoke",1,143,2,769,855,3650,86,TRUE,128.684649154444,1.5,193.026973731666,FALSE,TRUE,FALSE,FALSE
"smoke",1,143,3,1003,1004,3650,1,TRUE,128.684649154444,1.5,193.026973731666,FALSE,TRUE,FALSE,FALSE
"smoke",1,143,4,1102,1168,3650,66,TRUE,128.684649154444,1.5,193.026973731666,FALSE,TRUE,FALSE,FALSE
"smoke",1,143,5,1209,1213,3650,4,TRUE,128.684649154444,1.5,193.026973731666,FALSE,TRUE,FALSE,FALSE
"smoke",1,143,6,1401,1403,3650,2,TRUE,128.684649154444,1.5,193.026973731666,FALSE,TRUE,FALSE,FALSE
"smoke",1,143,7,1481,1539,3650,58,TRUE,128.684649154444,1.5,193.026973731666,FALSE,TRUE,FALSE,FALSE
"smoke",1,143,8,1889,1892,3650,3,TRUE,128.684649154444,1.5,193.026973731666,FALSE,TRUE,FALSE,FALSE
"smoke",1,143,9,2191,2264,3650,73,TRUE,128.684649154444,1.5,193.026973731666,FALSE,TRUE,FALSE,FALSE
"smoke",1,143,10,2565,2566,3650,1,TRUE,128.684649154444,1.5,193.026973731666,FALSE,TRUE,FALSE,FALSE
"smoke",1,143,11,2876,2933,3650,57,TRUE,128.684649154444,1.5,193.026973731666,FALSE,TRUE,FALSE,FALSE
"smoke",1,144,1,0,101,3650,101,TRUE,128.684649154444,1.5,193.026973731666,FALSE,TRUE,FALSE,FALSE
"smoke",1,144,2,280,281,3650,1,TRUE,128.684649154444,1.5,193.026973731666,FALSE,TRUE,FALSE,FALSE
"smoke",1,144,3,358,362,3650,4,TRUE,128.684649154444,1.5,193.026973731666,FALSE,TRUE,FALSE,FALSE
"smoke",1,144,4,388,452,3650,64,TRUE,128.684649154444,1.5,193.026973731666,FALSE,TRUE,FALSE,FALSE
"smoke",1,144,5,716,718,3650,2,TRUE,128.684649154444,1.5,193.026973731666,FALSE,TRUE,FALSE,FALSE
"smoke",1,144,6,730,806,3650,76,TRUE,128.684649154444,1.5,193.026973731666,FALSE,TRUE,FALSE,FALSE
"smoke",1,144,7,1068,1069,3650,1,TRUE,128.684649154444,1.5,193.026973731666,FALSE,TRUE,FALSE,FALSE
"smoke",1,144,8,1083,1085,3650,2,TRUE,128.684649154444,1.5,193.026973731666,FALSE,TRUE,FALSE,FALSE
"smoke",1,144,9,1537,1542,3650,5,TRUE,128.684649154444,1.5,193.026973731666,FALSE,TRUE,FALSE,FALSE
"smoke",1,144,10,1827,1934,3650,107,TRUE,128.684649154444,1.5,193.026973731666,FALSE,TRUE,FALSE,FALSE
"smoke",1,144,11,2207,2274,3650,67,TRUE,128.684649154444,1.5,193.026973731666,FALSE,TRUE,FALSE,FALSE
"smoke",1,144,12,2475,2562,3650,87,TRUE,128.684649154444,1.5,193.026973731666,FALSE,TRUE,FALSE,FALSE
"smoke",1,144,13,2605,2609,3650,4,TRUE,128.684649154444,1.5,193.026973731666,FALSE,TRUE,FALSE,FALSE
"smoke",1,144,14,2850,2935,3650,85,TRUE,128.684649154444,1.5,193.026973731666,FALSE,TRUE,FALSE,FALSE
"smoke",1,144,15,2938,2976,3650,38,TRUE,128.684649154444,1.5,193.026973731666,FALSE,TRUE,FALSE,FALSE
"smoke",1,145,1,0,864,3650,864,TRUE,128.684649154444,1.5,193.026973731666,TRUE,FALSE,TRUE,FALSE
"smoke",1,145,2,1046,1048,3650,2,TRUE,128.684649154444,1.5,193.026973731666,FALSE,TRUE,FALSE,FALSE
"smoke",1,145,3,1747,1830,3650,83,TRUE,128.684649154444,1.5,193.026973731666,FALSE,TRUE,FALSE,FALSE
"smoke",1,145,4,2171,2245,3650,74,TRUE,128.684649154444,1.5,193.026973731666,FALSE,TRUE,FALSE,FALSE
"smoke",1,145,5,2589,2659,3650,70,TRUE,128.684649154444,1.5,193.026973731666,FALSE,TRUE,FALSE,FALSE
"smoke",1,145,6,3338,3414,3650,76,TRUE,128.684649154444,1.5,193.026973731666,FALSE,TRUE,FALSE,FALSE
"smoke",1,146,1,0,105,3650,105,TRUE,128.684649154444,1.5,193.026973731666,FALSE,TRUE,FALSE,FALSE
"smoke",1,146,2,280,364,3650,84,TRUE,128.684649154444,1.5,193.026973731666,FALSE,TRUE,FALSE,FALSE
"smoke",1,146,3,783,859,3650,76,TRUE,128.684649154444,1.5,193.026973731666,FALSE,TRUE,FALSE,FALSE
"smoke",1,146,4,1065,1133,3650,68,TRUE,128.684649154444,1.5,193.026973731666,FALSE,TRUE,FALSE,FALSE
"smoke",1,146,5,1332,1343,3650,11,TRUE,128.684649154444,1.5,193.026973731666,FALSE,TRUE,FALSE,FALSE
"smoke",1,146,6,2132,2206,3650,74,TRUE,128.684649154444,1.5,193.026973731666,FALSE,TRUE,FALSE,FALSE
"smoke",1,147,1,0,481,3650,481,TRUE,128.684649154444,1.5,193.026973731666,TRUE,FALSE,TRUE,FALSE
"smoke",1,147,2,671,741,3650,70,TRUE,128.684649154444,1.5,193.026973731666,FALSE,TRUE,FALSE,FALSE
"smoke",1,147,3,980,985,3650,5,TRUE,128.684649154444,1.5,193.026973731666,FALSE,TRUE,FALSE,FALSE
"smoke",1,147,4,1032,1108,3650,76,TRUE,128.684649154444,1.5,193.026973731666,FALSE,TRUE,FALSE,FALSE
"smoke",1,147,5,1412,1486,3650,74,TRUE,128.684649154444,1.5,193.026973731666,FALSE,TRUE,FALSE,FALSE
"smoke",1,147,6,1855,1923,3650,68,TRUE,128.684649154444,1.5,193.026973731666,FALSE,TRUE,FALSE,FALSE
"smoke",1,147,7,1953,1954,3650,1,TRUE,128.684649154444,1.5,193.026973731666,FALSE,TRUE,FALSE,FALSE
"smoke",1,147,8,3593,NA,3650,57,FALSE,128.684649154444,1.5,193.026973731666,FALSE,FALSE,FALSE,TRUE
"smoke",1,148,1,0,95,3650,95,TRUE,128.684649154444,1.5,193.026973731666,FALSE,TRUE,FALSE,FALSE
"smoke",1,148,2,303,305,3650,2,TRUE,128.684649154444,1.5,193.026973731666,FALSE,TRUE,FALSE,FALSE
"smoke",1,148,3,347,415,3650,68,TRUE,128.684649154444,1.5,193.026973731666,FALSE,TRUE,FALSE,FALSE
"smoke",1,148,4,787,789,3650,2,TRUE,128.684649154444,1.5,193.026973731666,FALSE,TRUE,FALSE,FALSE
"smoke",1,148,5,1095,1162,3650,67,TRUE,128.684649154444,1.5,193.026973731666,FALSE,TRUE,FALSE,FALSE
"smoke",1,148,6,1378,1457,3650,79,TRUE,128.684649154444,1.5,193.026973731666,FALSE,TRUE,FALSE,FALSE
"smoke",1,148,7,1539,2339,3650,800,TRUE,128.684649154444,1.5,193.026973731666,TRUE,FALSE,TRUE,FALSE
"smoke",1,148,8,2881,2960,3650,79,TRUE,128.684649154444,1.5,193.026973731666,FALSE,TRUE,FALSE,FALSE
"smoke",1,149,1,0,87,3650,87,TRUE,128.684649154444,1.5,193.026973731666,FALSE,TRUE,FALSE,FALSE
"smoke",1,149,2,646,648,3650,2,TRUE,128.684649154444,1.5,193.026973731666,FALSE,TRUE,FALSE,FALSE
"smoke",1,149,3,1170,1244,3650,74,TRUE,128.684649154444,1.5,193.026973731666,FALSE,TRUE,FALSE,FALSE
"smoke",1,149,4,2555,2615,3650,60,TRUE,128.684649154444,1.5,193.026973731666,FALSE,TRUE,FALSE,FALSE
"smoke",1,149,5,2630,2631,3650,1,TRUE,128.684649154444,1.5,193.026973731666,FALSE,TRUE,FALSE,FALSE
"smoke",1,149,6,2943,3020,3650,77,TRUE,128.684649154444,1.5,193.026973731666,FALSE,TRUE,FALSE,FALSE
"smoke",1,149,7,3045,3056,3650,11,TRUE,128.684649154444,1.5,193.026973731666,FALSE,TRUE,FALSE,FALSE
"smoke",1,150,1,0,118,3650,118,TRUE,128.684649154444,1.5,193.026973731666,FALSE,TRUE,FALSE,FALSE
"smoke",1,150,2,748,820,3650,72,TRUE,128.684649154444,1.5,193.026973731666,FALSE,TRUE,FALSE,FALSE
"smoke",1,150,3,823,831,3650,8,TRUE,128.684649154444,1.5,193.026973731666,FALSE,TRUE,FALSE,FALSE
"smoke",1,150,4,1656,1662,3650,6,TRUE,128.684649154444,1.5,193.026973731666,FALSE,TRUE,FALSE,FALSE
"smoke",1,150,5,3362,3507,3650,145,TRUE,128.684649154444,1.5,193.026973731666,FALSE,TRUE,FALSE,FALSE
"smoke",1,150,6,3600,NA,3650,50,FALSE,128.684649154444,1.5,193.026973731666,FALSE,FALSE,FALSE,TRUE
"smoke",1,151,1,0,103,3650,103,TRUE,128.684649154444,1.5,193.026973731666,FALSE,TRUE,FALSE,FALSE
"smoke",1,151,2,780,848,3650,68,TRUE,128.684649154444,1.5,193.026973731666,FALSE,TRUE,FALSE,FALSE
"smoke",1,151,3,1524,1607,3650,83,TRUE,128.684649154444,1.5,193.026973731666,FALSE,TRUE,FALSE,FALSE
"smoke",1,151,4,1924,1926,3650,2,TRUE,128.684649154444,1.5,193.026973731666,FALSE,TRUE,FALSE,FALSE
"smoke",1,151,5,2115,2186,3650,71,TRUE,128.684649154444,1.5,193.026973731666,FALSE,TRUE,FALSE,FALSE
"smoke",1,152,1,0,98,3650,98,TRUE,128.684649154444,1.5,193.026973731666,FALSE,TRUE,FALSE,FALSE
"smoke",1,152,2,313,314,3650,1,TRUE,128.684649154444,1.5,193.026973731666,FALSE,TRUE,FALSE,FALSE
"smoke",1,152,3,1023,1111,3650,88,TRUE,128.684649154444,1.5,193.026973731666,FALSE,TRUE,FALSE,FALSE
"smoke",1,152,4,1545,1644,3650,99,TRUE,128.684649154444,1.5,193.026973731666,FALSE,TRUE,FALSE,FALSE
"smoke",1,152,5,2267,2349,3650,82,TRUE,128.684649154444,1.5,193.026973731666,FALSE,TRUE,FALSE,FALSE
"smoke",1,152,6,2612,2694,3650,82,TRUE,128.684649154444,1.5,193.026973731666,FALSE,TRUE,FALSE,FALSE
"smoke",1,152,7,2877,2879,3650,2,TRUE,128.684649154444,1.5,193.026973731666,FALSE,TRUE,FALSE,FALSE
"smoke",1,152,8,2982,3062,3650,80,TRUE,128.684649154444,1.5,193.026973731666,FALSE,TRUE,FALSE,FALSE
"smoke",1,152,9,3586,NA,3650,64,FALSE,128.684649154444,1.5,193.026973731666,FALSE,FALSE,FALSE,TRUE
"smoke",1,153,1,0,85,3650,85,TRUE,128.684649154444,1.5,193.026973731666,FALSE,TRUE,FALSE,FALSE
"smoke",1,153,2,480,607,3650,127,TRUE,128.684649154444,1.5,193.026973731666,FALSE,TRUE,FALSE,FALSE
"smoke",1,153,3,1355,1359,3650,4,TRUE,128.684649154444,1.5,193.026973731666,FALSE,TRUE,FALSE,FALSE
"smoke",1,153,4,1422,1489,3650,67,TRUE,128.684649154444,1.5,193.026973731666,FALSE,TRUE,FALSE,FALSE
"smoke",1,153,5,1551,1553,3650,2,TRUE,128.684649154444,1.5,193.026973731666,FALSE,TRUE,FALSE,FALSE
"smoke",1,153,6,1892,1963,3650,71,TRUE,128.684649154444,1.5,193.026973731666,FALSE,TRUE,FALSE,FALSE
"smoke",1,153,7,2183,2248,3650,65,TRUE,128.684649154444,1.5,193.026973731666,FALSE,TRUE,FALSE,FALSE
"smoke",1,153,8,2950,3030,3650,80,TRUE,128.684649154444,1.5,193.026973731666,FALSE,TRUE,FALSE,FALSE
"smoke",1,153,9,3498,3502,3650,4,TRUE,128.684649154444,1.5,193.026973731666,FALSE,TRUE,FALSE,FALSE
"smoke",1,153,10,3616,3628,3650,12,TRUE,128.684649154444,1.5,193.026973731666,FALSE,TRUE,FALSE,FALSE
"smoke",1,154,1,0,911,3650,911,TRUE,128.684649154444,1.5,193.026973731666,TRUE,FALSE,TRUE,FALSE
"smoke",1,154,2,1512,1515,3650,3,TRUE,128.684649154444,1.5,193.026973731666,FALSE,TRUE,FALSE,FALSE
"smoke",1,154,3,1750,1751,3650,1,TRUE,128.684649154444,1.5,193.026973731666,FALSE,TRUE,FALSE,FALSE
"smoke",1,154,4,2928,3003,3650,75,TRUE,128.684649154444,1.5,193.026973731666,FALSE,TRUE,FALSE,FALSE
"smoke",1,154,5,3352,3425,3650,73,TRUE,128.684649154444,1.5,193.026973731666,FALSE,TRUE,FALSE,FALSE
"smoke",1,154,6,3633,NA,3650,17,FALSE,128.684649154444,1.5,193.026973731666,FALSE,FALSE,FALSE,TRUE
"smoke",1,155,1,0,112,3650,112,TRUE,128.684649154444,1.5,193.026973731666,FALSE,TRUE,FALSE,FALSE
"smoke",1,155,2,659,732,3650,73,TRUE,128.684649154444,1.5,193.026973731666,FALSE,TRUE,FALSE,FALSE
"smoke",1,155,3,739,772,3650,33,TRUE,128.684649154444,1.5,193.026973731666,FALSE,TRUE,FALSE,FALSE
"smoke",1,155,4,1458,1460,3650,2,TRUE,128.684649154444,1.5,193.026973731666,FALSE,TRUE,FALSE,FALSE
"smoke",1,155,5,1911,1998,3650,87,TRUE,128.684649154444,1.5,193.026973731666,FALSE,TRUE,FALSE,FALSE
"smoke",1,155,6,2181,2244,3650,63,TRUE,128.684649154444,1.5,193.026973731666,FALSE,TRUE,FALSE,FALSE
"smoke",1,155,7,2310,2311,3650,1,TRUE,128.684649154444,1.5,193.026973731666,FALSE,TRUE,FALSE,FALSE
"smoke",1,155,8,2917,2981,3650,64,TRUE,128.684649154444,1.5,193.026973731666,FALSE,TRUE,FALSE,FALSE
"smoke",1,156,1,0,138,3650,138,TRUE,128.684649154444,1.5,193.026973731666,FALSE,TRUE,FALSE,FALSE
"smoke",1,156,2,243,354,3650,111,TRUE,128.684649154444,1.5,193.026973731666,FALSE,TRUE,FALSE,FALSE
"smoke",1,156,3,369,373,3650,4,TRUE,128.684649154444,1.5,193.026973731666,FALSE,TRUE,FALSE,FALSE
"smoke",1,156,4,2259,2341,3650,82,TRUE,128.684649154444,1.5,193.026973731666,FALSE,TRUE,FALSE,FALSE
"smoke",1,156,5,2644,2728,3650,84,TRUE,128.684649154444,1.5,193.026973731666,FALSE,TRUE,FALSE,FALSE
"smoke",1,156,6,2857,2930,3650,73,TRUE,128.684649154444,1.5,193.026973731666,FALSE,TRUE,FALSE,FALSE
"smoke",1,157,1,0,487,3650,487,TRUE,128.684649154444,1.5,193.026973731666,TRUE,FALSE,TRUE,FALSE
"smoke",1,157,2,1032,1120,3650,88,TRUE,128.684649154444,1.5,193.026973731666,FALSE,TRUE,FALSE,FALSE
"smoke",1,157,3,2876,2967,3650,91,TRUE,128.684649154444,1.5,193.026973731666,FALSE,TRUE,FALSE,FALSE
"smoke",1,157,4,3576,NA,3650,74,FALSE,128.684649154444,1.5,193.026973731666,FALSE,FALSE,FALSE,TRUE
"smoke",1,158,1,0,472,3650,472,TRUE,128.684649154444,1.5,193.026973731666,TRUE,FALSE,TRUE,FALSE
"smoke",1,158,2,660,741,3650,81,TRUE,128.684649154444,1.5,193.026973731666,FALSE,TRUE,FALSE,FALSE
"smoke",1,158,3,1395,1478,3650,83,TRUE,128.684649154444,1.5,193.026973731666,FALSE,TRUE,FALSE,FALSE
"smoke",1,158,4,1581,1590,3650,9,TRUE,128.684649154444,1.5,193.026973731666,FALSE,TRUE,FALSE,FALSE
"smoke",1,158,5,2522,2597,3650,75,TRUE,128.684649154444,1.5,193.026973731666,FALSE,TRUE,FALSE,FALSE
"smoke",1,158,6,2606,2620,3650,14,TRUE,128.684649154444,1.5,193.026973731666,FALSE,TRUE,FALSE,FALSE
"smoke",1,158,7,2692,2701,3650,9,TRUE,128.684649154444,1.5,193.026973731666,FALSE,TRUE,FALSE,FALSE
"smoke",1,158,8,2820,2913,3650,93,TRUE,128.684649154444,1.5,193.026973731666,FALSE,TRUE,FALSE,FALSE
"smoke",1,158,9,2987,2993,3650,6,TRUE,128.684649154444,1.5,193.026973731666,FALSE,TRUE,FALSE,FALSE
"smoke",1,158,10,3050,3051,3650,1,TRUE,128.684649154444,1.5,193.026973731666,FALSE,TRUE,FALSE,FALSE
"smoke",1,158,11,3450,NA,3650,200,FALSE,128.684649154444,1.5,193.026973731666,TRUE,FALSE,FALSE,TRUE
"smoke",1,159,1,0,113,3650,113,TRUE,128.684649154444,1.5,193.026973731666,FALSE,TRUE,FALSE,FALSE
"smoke",1,159,2,261,363,3650,102,TRUE,128.684649154444,1.5,193.026973731666,FALSE,TRUE,FALSE,FALSE
"smoke",1,159,3,400,401,3650,1,TRUE,128.684649154444,1.5,193.026973731666,FALSE,TRUE,FALSE,FALSE
"smoke",1,159,4,403,404,3650,1,TRUE,128.684649154444,1.5,193.026973731666,FALSE,TRUE,FALSE,FALSE
"smoke",1,159,5,717,778,3650,61,TRUE,128.684649154444,1.5,193.026973731666,FALSE,TRUE,FALSE,FALSE
"smoke",1,159,6,2517,2584,3650,67,TRUE,128.684649154444,1.5,193.026973731666,FALSE,TRUE,FALSE,FALSE
"smoke",1,159,7,3391,3392,3650,1,TRUE,128.684649154444,1.5,193.026973731666,FALSE,TRUE,FALSE,FALSE
"smoke",1,160,1,0,1655,3650,1655,TRUE,128.684649154444,1.5,193.026973731666,TRUE,FALSE,TRUE,FALSE
"smoke",1,160,2,1938,2036,3650,98,TRUE,128.684649154444,1.5,193.026973731666,FALSE,TRUE,FALSE,FALSE
"smoke",1,160,3,2326,2327,3650,1,TRUE,128.684649154444,1.5,193.026973731666,FALSE,TRUE,FALSE,FALSE
"smoke",1,160,4,2877,2939,3650,62,TRUE,128.684649154444,1.5,193.026973731666,FALSE,TRUE,FALSE,FALSE
"smoke",1,160,5,3634,NA,3650,16,FALSE,128.684649154444,1.5,193.026973731666,FALSE,FALSE,FALSE,TRUE
"smoke",1,161,1,0,2301,3650,2301,TRUE,128.684649154444,1.5,193.026973731666,TRUE,FALSE,TRUE,FALSE
"smoke",1,161,2,2922,2981,3650,59,TRUE,128.684649154444,1.5,193.026973731666,FALSE,TRUE,FALSE,FALSE
"smoke",1,161,3,3049,3050,3650,1,TRUE,128.684649154444,1.5,193.026973731666,FALSE,TRUE,FALSE,FALSE
"smoke",1,161,4,3561,NA,3650,89,FALSE,128.684649154444,1.5,193.026973731666,FALSE,FALSE,FALSE,TRUE
"smoke",1,162,1,0,130,3650,130,TRUE,128.684649154444,1.5,193.026973731666,FALSE,TRUE,FALSE,FALSE
"smoke",1,162,2,273,275,3650,2,TRUE,128.684649154444,1.5,193.026973731666,FALSE,TRUE,FALSE,FALSE
"smoke",1,162,3,703,773,3650,70,TRUE,128.684649154444,1.5,193.026973731666,FALSE,TRUE,FALSE,FALSE
"smoke",1,162,4,1364,1367,3650,3,TRUE,128.684649154444,1.5,193.026973731666,FALSE,TRUE,FALSE,FALSE
"smoke",1,162,5,1473,1553,3650,80,TRUE,128.684649154444,1.5,193.026973731666,FALSE,TRUE,FALSE,FALSE
"smoke",1,162,6,1940,2054,3650,114,TRUE,128.684649154444,1.5,193.026973731666,FALSE,TRUE,FALSE,FALSE
"smoke",1,162,7,2136,2139,3650,3,TRUE,128.684649154444,1.5,193.026973731666,FALSE,TRUE,FALSE,FALSE
"smoke",1,162,8,2504,2567,3650,63,TRUE,128.684649154444,1.5,193.026973731666,FALSE,TRUE,FALSE,FALSE
"smoke",1,162,9,2867,2944,3650,77,TRUE,128.684649154444,1.5,193.026973731666,FALSE,TRUE,FALSE,FALSE
"smoke",1,162,10,3019,3024,3650,5,TRUE,128.684649154444,1.5,193.026973731666,FALSE,TRUE,FALSE,FALSE
"smoke",1,163,1,0,98,3650,98,TRUE,128.684649154444,1.5,193.026973731666,FALSE,TRUE,FALSE,FALSE
"smoke",1,163,2,265,267,3650,2,TRUE,128.684649154444,1.5,193.026973731666,FALSE,TRUE,FALSE,FALSE
"smoke",1,163,3,383,385,3650,2,TRUE,128.684649154444,1.5,193.026973731666,FALSE,TRUE,FALSE,FALSE
"smoke",1,163,4,708,766,3650,58,TRUE,128.684649154444,1.5,193.026973731666,FALSE,TRUE,FALSE,FALSE
"smoke",1,163,5,1157,1221,3650,64,TRUE,128.684649154444,1.5,193.026973731666,FALSE,TRUE,FALSE,FALSE
"smoke",1,163,6,1350,1484,3650,134,TRUE,128.684649154444,1.5,193.026973731666,FALSE,TRUE,FALSE,FALSE
"smoke",1,163,7,1883,1886,3650,3,TRUE,128.684649154444,1.5,193.026973731666,FALSE,TRUE,FALSE,FALSE
"smoke",1,163,8,2950,2952,3650,2,TRUE,128.684649154444,1.5,193.026973731666,FALSE,TRUE,FALSE,FALSE
"smoke",1,163,9,3550,3552,3650,2,TRUE,128.684649154444,1.5,193.026973731666,FALSE,TRUE,FALSE,FALSE
"smoke",1,163,10,3623,NA,3650,27,FALSE,128.684649154444,1.5,193.026973731666,FALSE,FALSE,FALSE,TRUE
"smoke",1,164,1,0,106,3650,106,TRUE,128.684649154444,1.5,193.026973731666,FALSE,TRUE,FALSE,FALSE
"smoke",1,164,2,339,421,3650,82,TRUE,128.684649154444,1.5,193.026973731666,FALSE,TRUE,FALSE,FALSE
"smoke",1,164,3,581,591,3650,10,TRUE,128.684649154444,1.5,193.026973731666,FALSE,TRUE,FALSE,FALSE
"smoke",1,164,4,675,747,3650,72,TRUE,128.684649154444,1.5,193.026973731666,FALSE,TRUE,FALSE,FALSE
"smoke",1,164,5,897,903,3650,6,TRUE,128.684649154444,1.5,193.026973731666,FALSE,TRUE,FALSE,FALSE
"smoke",1,164,6,1071,1076,3650,5,TRUE,128.684649154444,1.5,193.026973731666,FALSE,TRUE,FALSE,FALSE
"smoke",1,164,7,1219,1220,3650,1,TRUE,128.684649154444,1.5,193.026973731666,FALSE,TRUE,FALSE,FALSE
"smoke",1,164,8,1444,1525,3650,81,TRUE,128.684649154444,1.5,193.026973731666,FALSE,TRUE,FALSE,FALSE
"smoke",1,164,9,1605,1610,3650,5,TRUE,128.684649154444,1.5,193.026973731666,FALSE,TRUE,FALSE,FALSE
"smoke",1,164,10,1744,1749,3650,5,TRUE,128.684649154444,1.5,193.026973731666,FALSE,TRUE,FALSE,FALSE
"smoke",1,164,11,2272,2353,3650,81,TRUE,128.684649154444,1.5,193.026973731666,FALSE,TRUE,FALSE,FALSE
"smoke",1,164,12,2934,3009,3650,75,TRUE,128.684649154444,1.5,193.026973731666,FALSE,TRUE,FALSE,FALSE
"smoke",1,164,13,3050,3051,3650,1,TRUE,128.684649154444,1.5,193.026973731666,FALSE,TRUE,FALSE,FALSE
"smoke",1,164,14,3217,3219,3650,2,TRUE,128.684649154444,1.5,193.026973731666,FALSE,TRUE,FALSE,FALSE
"smoke",1,164,15,3402,3407,3650,5,TRUE,128.684649154444,1.5,193.026973731666,FALSE,TRUE,FALSE,FALSE
"smoke",1,165,1,0,171,3650,171,TRUE,128.684649154444,1.5,193.026973731666,FALSE,TRUE,FALSE,FALSE
"smoke",1,165,2,333,405,3650,72,TRUE,128.684649154444,1.5,193.026973731666,FALSE,TRUE,FALSE,FALSE
"smoke",1,165,3,1165,1166,3650,1,TRUE,128.684649154444,1.5,193.026973731666,FALSE,TRUE,FALSE,FALSE
"smoke",1,165,4,1496,1566,3650,70,TRUE,128.684649154444,1.5,193.026973731666,FALSE,TRUE,FALSE,FALSE
"smoke",1,165,5,2310,2311,3650,1,TRUE,128.684649154444,1.5,193.026973731666,FALSE,TRUE,FALSE,FALSE
"smoke",1,165,6,3341,3428,3650,87,TRUE,128.684649154444,1.5,193.026973731666,FALSE,TRUE,FALSE,FALSE
"smoke",1,166,1,0,565,3650,565,TRUE,128.684649154444,1.5,193.026973731666,TRUE,FALSE,TRUE,FALSE
"smoke",1,166,2,692,693,3650,1,TRUE,128.684649154444,1.5,193.026973731666,FALSE,TRUE,FALSE,FALSE
"smoke",1,166,3,770,841,3650,71,TRUE,128.684649154444,1.5,193.026973731666,FALSE,TRUE,FALSE,FALSE
"smoke",1,166,4,1002,1003,3650,1,TRUE,128.684649154444,1.5,193.026973731666,FALSE,TRUE,FALSE,FALSE
"smoke",1,166,5,1109,1173,3650,64,TRUE,128.684649154444,1.5,193.026973731666,FALSE,TRUE,FALSE,FALSE
"smoke",1,166,6,1462,1540,3650,78,TRUE,128.684649154444,1.5,193.026973731666,FALSE,TRUE,FALSE,FALSE
"smoke",1,166,7,2483,2563,3650,80,TRUE,128.684649154444,1.5,193.026973731666,FALSE,TRUE,FALSE,FALSE
"smoke",1,167,1,0,88,3650,88,TRUE,128.684649154444,1.5,193.026973731666,FALSE,TRUE,FALSE,FALSE
"smoke",1,167,2,261,262,3650,1,TRUE,128.684649154444,1.5,193.026973731666,FALSE,TRUE,FALSE,FALSE
"smoke",1,167,3,298,399,3650,101,TRUE,128.684649154444,1.5,193.026973731666,FALSE,TRUE,FALSE,FALSE
"smoke",1,167,4,745,806,3650,61,TRUE,128.684649154444,1.5,193.026973731666,FALSE,TRUE,FALSE,FALSE
"smoke",1,167,5,1091,1160,3650,69,TRUE,128.684649154444,1.5,193.026973731666,FALSE,TRUE,FALSE,FALSE
"smoke",1,167,6,2259,2332,3650,73,TRUE,128.684649154444,1.5,193.026973731666,FALSE,TRUE,FALSE,FALSE
"smoke",1,167,7,2985,2987,3650,2,TRUE,128.684649154444,1.5,193.026973731666,FALSE,TRUE,FALSE,FALSE
"smoke",1,168,1,0,72,3650,72,TRUE,128.684649154444,1.5,193.026973731666,FALSE,TRUE,FALSE,FALSE
"smoke",1,168,2,146,211,3650,65,TRUE,128.684649154444,1.5,193.026973731666,FALSE,TRUE,FALSE,FALSE
"smoke",1,168,3,319,395,3650,76,TRUE,128.684649154444,1.5,193.026973731666,FALSE,TRUE,FALSE,FALSE
"smoke",1,168,4,1576,1681,3650,105,TRUE,128.684649154444,1.5,193.026973731666,FALSE,TRUE,FALSE,FALSE
"smoke",1,168,5,1965,3425,3650,1460,TRUE,128.684649154444,1.5,193.026973731666,TRUE,FALSE,TRUE,FALSE
"smoke",1,169,1,0,869,3650,869,TRUE,128.684649154444,1.5,193.026973731666,TRUE,FALSE,TRUE,FALSE
"smoke",1,169,2,1047,1129,3650,82,TRUE,128.684649154444,1.5,193.026973731666,FALSE,TRUE,FALSE,FALSE
"smoke",1,169,3,1230,1233,3650,3,TRUE,128.684649154444,1.5,193.026973731666,FALSE,TRUE,FALSE,FALSE
"smoke",1,169,4,1861,1934,3650,73,TRUE,128.684649154444,1.5,193.026973731666,FALSE,TRUE,FALSE,FALSE
"smoke",1,169,5,1949,1966,3650,17,TRUE,128.684649154444,1.5,193.026973731666,FALSE,TRUE,FALSE,FALSE
"smoke",1,169,6,2240,2302,3650,62,TRUE,128.684649154444,1.5,193.026973731666,FALSE,TRUE,FALSE,FALSE
"smoke",1,169,7,2931,2997,3650,66,TRUE,128.684649154444,1.5,193.026973731666,FALSE,TRUE,FALSE,FALSE
"smoke",1,169,8,3087,3090,3650,3,TRUE,128.684649154444,1.5,193.026973731666,FALSE,TRUE,FALSE,FALSE
"smoke",1,170,1,0,866,3650,866,TRUE,128.684649154444,1.5,193.026973731666,TRUE,FALSE,TRUE,FALSE
"smoke",1,170,2,1067,1134,3650,67,TRUE,128.684649154444,1.5,193.026973731666,FALSE,TRUE,FALSE,FALSE
"smoke",1,170,3,1478,1553,3650,75,TRUE,128.684649154444,1.5,193.026973731666,FALSE,TRUE,FALSE,FALSE
"smoke",1,170,4,1921,2018,3650,97,TRUE,128.684649154444,1.5,193.026973731666,FALSE,TRUE,FALSE,FALSE
"smoke",1,170,5,2170,2231,3650,61,TRUE,128.684649154444,1.5,193.026973731666,FALSE,TRUE,FALSE,FALSE
"smoke",1,170,6,2258,2268,3650,10,TRUE,128.684649154444,1.5,193.026973731666,FALSE,TRUE,FALSE,FALSE
"smoke",1,170,7,2307,2310,3650,3,TRUE,128.684649154444,1.5,193.026973731666,FALSE,TRUE,FALSE,FALSE
"smoke",1,170,8,2985,2986,3650,1,TRUE,128.684649154444,1.5,193.026973731666,FALSE,TRUE,FALSE,FALSE
"smoke",1,170,9,3296,3359,3650,63,TRUE,128.684649154444,1.5,193.026973731666,FALSE,TRUE,FALSE,FALSE
"smoke",1,170,10,3391,3404,3650,13,TRUE,128.684649154444,1.5,193.026973731666,FALSE,TRUE,FALSE,FALSE
"smoke",1,170,11,3432,3434,3650,2,TRUE,128.684649154444,1.5,193.026973731666,FALSE,TRUE,FALSE,FALSE
"smoke",1,171,1,0,73,3650,73,TRUE,128.684649154444,1.5,193.026973731666,FALSE,TRUE,FALSE,FALSE
"smoke",1,171,2,308,310,3650,2,TRUE,128.684649154444,1.5,193.026973731666,FALSE,TRUE,FALSE,FALSE
"smoke",1,171,3,791,869,3650,78,TRUE,128.684649154444,1.5,193.026973731666,FALSE,TRUE,FALSE,FALSE
"smoke",1,171,4,1362,1473,3650,111,TRUE,128.684649154444,1.5,193.026973731666,FALSE,TRUE,FALSE,FALSE
"smoke",1,171,5,2942,3015,3650,73,TRUE,128.684649154444,1.5,193.026973731666,FALSE,TRUE,FALSE,FALSE
"smoke",1,171,6,3127,3130,3650,3,TRUE,128.684649154444,1.5,193.026973731666,FALSE,TRUE,FALSE,FALSE
"smoke",1,171,7,3408,3417,3650,9,TRUE,128.684649154444,1.5,193.026973731666,FALSE,TRUE,FALSE,FALSE
"smoke",1,172,1,0,62,3650,62,TRUE,128.684649154444,1.5,193.026973731666,FALSE,TRUE,FALSE,FALSE
"smoke",1,172,2,723,802,3650,79,TRUE,128.684649154444,1.5,193.026973731666,FALSE,TRUE,FALSE,FALSE
"smoke",1,172,3,1395,1473,3650,78,TRUE,128.684649154444,1.5,193.026973731666,FALSE,TRUE,FALSE,FALSE
"smoke",1,172,4,1636,1639,3650,3,TRUE,128.684649154444,1.5,193.026973731666,FALSE,TRUE,FALSE,FALSE
"smoke",1,172,5,1892,1963,3650,71,TRUE,128.684649154444,1.5,193.026973731666,FALSE,TRUE,FALSE,FALSE
"smoke",1,172,6,2159,2229,3650,70,TRUE,128.684649154444,1.5,193.026973731666,FALSE,TRUE,FALSE,FALSE
"smoke",1,172,7,2239,2243,3650,4,TRUE,128.684649154444,1.5,193.026973731666,FALSE,TRUE,FALSE,FALSE
"smoke",1,172,8,2599,2661,3650,62,TRUE,128.684649154444,1.5,193.026973731666,FALSE,TRUE,FALSE,FALSE
"smoke",1,173,1,0,140,3650,140,TRUE,128.684649154444,1.5,193.026973731666,FALSE,TRUE,FALSE,FALSE
"smoke",1,173,2,1525,1604,3650,79,TRUE,128.684649154444,1.5,193.026973731666,FALSE,TRUE,FALSE,FALSE
"smoke",1,173,3,2678,2914,3650,236,TRUE,128.684649154444,1.5,193.026973731666,TRUE,FALSE,TRUE,FALSE
"smoke",1,174,1,0,97,3650,97,TRUE,128.684649154444,1.5,193.026973731666,FALSE,TRUE,FALSE,FALSE
"smoke",1,174,2,295,298,3650,3,TRUE,128.684649154444,1.5,193.026973731666,FALSE,TRUE,FALSE,FALSE
"smoke",1,174,3,1470,1533,3650,63,TRUE,128.684649154444,1.5,193.026973731666,FALSE,TRUE,FALSE,FALSE
"smoke",1,174,4,3387,3533,3650,146,TRUE,128.684649154444,1.5,193.026973731666,FALSE,TRUE,FALSE,FALSE
"smoke",1,175,1,0,1793,3650,1793,TRUE,128.684649154444,1.5,193.026973731666,TRUE,FALSE,TRUE,FALSE
"smoke",1,175,2,1894,1989,3650,95,TRUE,128.684649154444,1.5,193.026973731666,FALSE,TRUE,FALSE,FALSE
"smoke",1,175,3,2179,2181,3650,2,TRUE,128.684649154444,1.5,193.026973731666,FALSE,TRUE,FALSE,FALSE
"smoke",1,175,4,2212,2275,3650,63,TRUE,128.684649154444,1.5,193.026973731666,FALSE,TRUE,FALSE,FALSE
"smoke",1,175,5,2667,3074,3650,407,TRUE,128.684649154444,1.5,193.026973731666,TRUE,FALSE,TRUE,FALSE
"smoke",1,175,6,3198,3199,3650,1,TRUE,128.684649154444,1.5,193.026973731666,FALSE,TRUE,FALSE,FALSE
"smoke",1,175,7,3334,3409,3650,75,TRUE,128.684649154444,1.5,193.026973731666,FALSE,TRUE,FALSE,FALSE
"smoke",1,176,1,0,85,3650,85,TRUE,128.684649154444,1.5,193.026973731666,FALSE,TRUE,FALSE,FALSE
"smoke",1,176,2,777,841,3650,64,TRUE,128.684649154444,1.5,193.026973731666,FALSE,TRUE,FALSE,FALSE
"smoke",1,176,3,1042,1133,3650,91,TRUE,128.684649154444,1.5,193.026973731666,FALSE,TRUE,FALSE,FALSE
"smoke",1,176,4,1413,1415,3650,2,TRUE,128.684649154444,1.5,193.026973731666,FALSE,TRUE,FALSE,FALSE
"smoke",1,176,5,1423,1504,3650,81,TRUE,128.684649154444,1.5,193.026973731666,FALSE,TRUE,FALSE,FALSE
"smoke",1,176,6,1856,1938,3650,82,TRUE,128.684649154444,1.5,193.026973731666,FALSE,TRUE,FALSE,FALSE
"smoke",1,176,7,2298,2411,3650,113,TRUE,128.684649154444,1.5,193.026973731666,FALSE,TRUE,FALSE,FALSE
"smoke",1,176,8,2995,2997,3650,2,TRUE,128.684649154444,1.5,193.026973731666,FALSE,TRUE,FALSE,FALSE
"smoke",1,177,1,0,88,3650,88,TRUE,128.684649154444,1.5,193.026973731666,FALSE,TRUE,FALSE,FALSE
"smoke",1,177,2,306,376,3650,70,TRUE,128.684649154444,1.5,193.026973731666,FALSE,TRUE,FALSE,FALSE
"smoke",1,177,3,760,835,3650,75,TRUE,128.684649154444,1.5,193.026973731666,FALSE,TRUE,FALSE,FALSE
"smoke",1,177,4,1126,1188,3650,62,TRUE,128.684649154444,1.5,193.026973731666,FALSE,TRUE,FALSE,FALSE
"smoke",1,177,5,1565,1567,3650,2,TRUE,128.684649154444,1.5,193.026973731666,FALSE,TRUE,FALSE,FALSE
"smoke",1,177,6,1782,1870,3650,88,TRUE,128.684649154444,1.5,193.026973731666,FALSE,TRUE,FALSE,FALSE
"smoke",1,177,7,2100,2184,3650,84,TRUE,128.684649154444,1.5,193.026973731666,FALSE,TRUE,FALSE,FALSE
"smoke",1,177,8,2866,2868,3650,2,TRUE,128.684649154444,1.5,193.026973731666,FALSE,TRUE,FALSE,FALSE
"smoke",1,178,1,0,144,3650,144,TRUE,128.684649154444,1.5,193.026973731666,FALSE,TRUE,FALSE,FALSE
"smoke",1,178,2,753,825,3650,72,TRUE,128.684649154444,1.5,193.026973731666,FALSE,TRUE,FALSE,FALSE
"smoke",1,178,3,1029,1120,3650,91,TRUE,128.684649154444,1.5,193.026973731666,FALSE,TRUE,FALSE,FALSE
"smoke",1,179,1,0,115,3650,115,TRUE,128.684649154444,1.5,193.026973731666,FALSE,TRUE,FALSE,FALSE
"smoke",1,179,2,561,564,3650,3,TRUE,128.684649154444,1.5,193.026973731666,FALSE,TRUE,FALSE,FALSE
"smoke",1,179,3,2196,2261,3650,65,TRUE,128.684649154444,1.5,193.026973731666,FALSE,TRUE,FALSE,FALSE
"smoke",1,179,4,2614,2704,3650,90,TRUE,128.684649154444,1.5,193.026973731666,FALSE,TRUE,FALSE,FALSE
"smoke",1,179,5,3359,3449,3650,90,TRUE,128.684649154444,1.5,193.026973731666,FALSE,TRUE,FALSE,FALSE
"smoke",1,180,1,0,116,3650,116,TRUE,128.684649154444,1.5,193.026973731666,FALSE,TRUE,FALSE,FALSE
"smoke",1,180,2,681,686,3650,5,TRUE,128.684649154444,1.5,193.026973731666,FALSE,TRUE,FALSE,FALSE
"smoke",1,180,3,734,798,3650,64,TRUE,128.684649154444,1.5,193.026973731666,FALSE,TRUE,FALSE,FALSE
"smoke",1,180,4,1076,1135,3650,59,TRUE,128.684649154444,1.5,193.026973731666,FALSE,TRUE,FALSE,FALSE
"smoke",1,180,5,1581,1583,3650,2,TRUE,128.684649154444,1.5,193.026973731666,FALSE,TRUE,FALSE,FALSE
"smoke",1,180,6,2267,2268,3650,1,TRUE,128.684649154444,1.5,193.026973731666,FALSE,TRUE,FALSE,FALSE
"smoke",1,180,7,2300,2412,3650,112,TRUE,128.684649154444,1.5,193.026973731666,FALSE,TRUE,FALSE,FALSE
"smoke",1,180,8,2913,2993,3650,80,TRUE,128.684649154444,1.5,193.026973731666,FALSE,TRUE,FALSE,FALSE
"smoke",1,180,9,3341,3443,3650,102,TRUE,128.684649154444,1.5,193.026973731666,FALSE,TRUE,FALSE,FALSE
"smoke",1,180,10,3444,3455,3650,11,TRUE,128.684649154444,1.5,193.026973731666,FALSE,TRUE,FALSE,FALSE
"smoke",1,181,1,0,1235,3650,1235,TRUE,128.684649154444,1.5,193.026973731666,TRUE,FALSE,TRUE,FALSE
"smoke",1,181,2,1356,1442,3650,86,TRUE,128.684649154444,1.5,193.026973731666,FALSE,TRUE,FALSE,FALSE
"smoke",1,181,3,1956,1966,3650,10,TRUE,128.684649154444,1.5,193.026973731666,FALSE,TRUE,FALSE,FALSE
"smoke",1,181,4,2147,2148,3650,1,TRUE,128.684649154444,1.5,193.026973731666,FALSE,TRUE,FALSE,FALSE
"smoke",1,181,5,2151,2219,3650,68,TRUE,128.684649154444,1.5,193.026973731666,FALSE,TRUE,FALSE,FALSE
"smoke",1,181,6,2520,2588,3650,68,TRUE,128.684649154444,1.5,193.026973731666,FALSE,TRUE,FALSE,FALSE
"smoke",1,181,7,2654,2667,3650,13,TRUE,128.684649154444,1.5,193.026973731666,FALSE,TRUE,FALSE,FALSE
"smoke",1,181,8,2711,2712,3650,1,TRUE,128.684649154444,1.5,193.026973731666,FALSE,TRUE,FALSE,FALSE
"smoke",1,181,9,3072,3081,3650,9,TRUE,128.684649154444,1.5,193.026973731666,FALSE,TRUE,FALSE,FALSE
"smoke",1,181,10,3298,3384,3650,86,TRUE,128.684649154444,1.5,193.026973731666,FALSE,TRUE,FALSE,FALSE
"smoke",1,182,1,0,97,3650,97,TRUE,128.684649154444,1.5,193.026973731666,FALSE,TRUE,FALSE,FALSE
"smoke",1,182,2,637,725,3650,88,TRUE,128.684649154444,1.5,193.026973731666,FALSE,TRUE,FALSE,FALSE
"smoke",1,182,3,747,759,3650,12,TRUE,128.684649154444,1.5,193.026973731666,FALSE,TRUE,FALSE,FALSE
"smoke",1,182,4,1547,1645,3650,98,TRUE,128.684649154444,1.5,193.026973731666,FALSE,TRUE,FALSE,FALSE
"smoke",1,182,5,1926,2015,3650,89,TRUE,128.684649154444,1.5,193.026973731666,FALSE,TRUE,FALSE,FALSE
"smoke",1,182,6,2898,2979,3650,81,TRUE,128.684649154444,1.5,193.026973731666,FALSE,TRUE,FALSE,FALSE
"smoke",1,182,7,3005,3013,3650,8,TRUE,128.684649154444,1.5,193.026973731666,FALSE,TRUE,FALSE,FALSE
"smoke",1,182,8,3367,3448,3650,81,TRUE,128.684649154444,1.5,193.026973731666,FALSE,TRUE,FALSE,FALSE
"smoke",1,183,1,0,139,3650,139,TRUE,128.684649154444,1.5,193.026973731666,FALSE,TRUE,FALSE,FALSE
"smoke",1,183,2,221,222,3650,1,TRUE,128.684649154444,1.5,193.026973731666,FALSE,TRUE,FALSE,FALSE
"smoke",1,183,3,257,260,3650,3,TRUE,128.684649154444,1.5,193.026973731666,FALSE,TRUE,FALSE,FALSE
"smoke",1,183,4,278,370,3650,92,TRUE,128.684649154444,1.5,193.026973731666,FALSE,TRUE,FALSE,FALSE
"smoke",1,183,5,609,611,3650,2,TRUE,128.684649154444,1.5,193.026973731666,FALSE,TRUE,FALSE,FALSE
"smoke",1,183,6,681,761,3650,80,TRUE,128.684649154444,1.5,193.026973731666,FALSE,TRUE,FALSE,FALSE
"smoke",1,183,7,994,996,3650,2,TRUE,128.684649154444,1.5,193.026973731666,FALSE,TRUE,FALSE,FALSE
"smoke",1,183,8,1116,1180,3650,64,TRUE,128.684649154444,1.5,193.026973731666,FALSE,TRUE,FALSE,FALSE
"smoke",1,183,9,1998,2003,3650,5,TRUE,128.684649154444,1.5,193.026973731666,FALSE,TRUE,FALSE,FALSE
"smoke",1,183,10,2352,2353,3650,1,TRUE,128.684649154444,1.5,193.026973731666,FALSE,TRUE,FALSE,FALSE
"smoke",1,183,11,2919,2920,3650,1,TRUE,128.684649154444,1.5,193.026973731666,FALSE,TRUE,FALSE,FALSE
"smoke",1,183,12,2952,3011,3650,59,TRUE,128.684649154444,1.5,193.026973731666,FALSE,TRUE,FALSE,FALSE
"smoke",1,184,1,0,1647,3650,1647,TRUE,128.684649154444,1.5,193.026973731666,TRUE,FALSE,TRUE,FALSE
"smoke",1,184,2,2014,2030,3650,16,TRUE,128.684649154444,1.5,193.026973731666,FALSE,TRUE,FALSE,FALSE
"smoke",1,184,3,2200,2261,3650,61,TRUE,128.684649154444,1.5,193.026973731666,FALSE,TRUE,FALSE,FALSE
"smoke",1,184,4,3549,3630,3650,81,TRUE,128.684649154444,1.5,193.026973731666,FALSE,TRUE,FALSE,FALSE
"smoke",1,185,1,0,473,3650,473,TRUE,128.684649154444,1.5,193.026973731666,TRUE,FALSE,TRUE,FALSE
"smoke",1,185,2,718,789,3650,71,TRUE,128.684649154444,1.5,193.026973731666,FALSE,TRUE,FALSE,FALSE
"smoke",1,185,3,1144,1218,3650,74,TRUE,128.684649154444,1.5,193.026973731666,FALSE,TRUE,FALSE,FALSE
"smoke",1,185,4,1513,1598,3650,85,TRUE,128.684649154444,1.5,193.026973731666,FALSE,TRUE,FALSE,FALSE
"smoke",1,185,5,2174,2240,3650,66,TRUE,128.684649154444,1.5,193.026973731666,FALSE,TRUE,FALSE,FALSE
"smoke",1,185,6,2916,2984,3650,68,TRUE,128.684649154444,1.5,193.026973731666,FALSE,TRUE,FALSE,FALSE
"smoke",1,185,7,3188,3189,3650,1,TRUE,128.684649154444,1.5,193.026973731666,FALSE,TRUE,FALSE,FALSE
"smoke",1,186,1,0,89,3650,89,TRUE,128.684649154444,1.5,193.026973731666,FALSE,TRUE,FALSE,FALSE
"smoke",1,186,2,397,473,3650,76,TRUE,128.684649154444,1.5,193.026973731666,FALSE,TRUE,FALSE,FALSE
"smoke",1,186,3,753,815,3650,62,TRUE,128.684649154444,1.5,193.026973731666,FALSE,TRUE,FALSE,FALSE
"smoke",1,186,4,945,971,3650,26,TRUE,128.684649154444,1.5,193.026973731666,FALSE,TRUE,FALSE,FALSE
"smoke",1,186,5,984,994,3650,10,TRUE,128.684649154444,1.5,193.026973731666,FALSE,TRUE,FALSE,FALSE
"smoke",1,186,6,1137,1214,3650,77,TRUE,128.684649154444,1.5,193.026973731666,FALSE,TRUE,FALSE,FALSE
"smoke",1,186,7,1474,1478,3650,4,TRUE,128.684649154444,1.5,193.026973731666,FALSE,TRUE,FALSE,FALSE
"smoke",1,186,8,1868,1933,3650,65,TRUE,128.684649154444,1.5,193.026973731666,FALSE,TRUE,FALSE,FALSE
"smoke",1,186,9,2892,2969,3650,77,TRUE,128.684649154444,1.5,193.026973731666,FALSE,TRUE,FALSE,FALSE
"smoke",1,186,10,3589,NA,3650,61,FALSE,128.684649154444,1.5,193.026973731666,FALSE,FALSE,FALSE,TRUE
"smoke",1,187,1,0,498,3650,498,TRUE,128.684649154444,1.5,193.026973731666,TRUE,FALSE,TRUE,FALSE
"smoke",1,187,2,778,858,3650,80,TRUE,128.684649154444,1.5,193.026973731666,FALSE,TRUE,FALSE,FALSE
"smoke",1,187,3,1160,1234,3650,74,TRUE,128.684649154444,1.5,193.026973731666,FALSE,TRUE,FALSE,FALSE
"smoke",1,187,4,1540,1543,3650,3,TRUE,128.684649154444,1.5,193.026973731666,FALSE,TRUE,FALSE,FALSE
"smoke",1,187,5,1913,2005,3650,92,TRUE,128.684649154444,1.5,193.026973731666,FALSE,TRUE,FALSE,FALSE
"smoke",1,188,1,0,190,3650,190,TRUE,128.684649154444,1.5,193.026973731666,FALSE,TRUE,FALSE,FALSE
"smoke",1,188,2,992,1141,3650,149,TRUE,128.684649154444,1.5,193.026973731666,FALSE,TRUE,FALSE,FALSE
"smoke",1,188,3,1518,1585,3650,67,TRUE,128.684649154444,1.5,193.026973731666,FALSE,TRUE,FALSE,FALSE
"smoke",1,188,4,2850,2944,3650,94,TRUE,128.684649154444,1.5,193.026973731666,FALSE,TRUE,FALSE,FALSE
"smoke",1,188,5,2958,2994,3650,36,TRUE,128.684649154444,1.5,193.026973731666,FALSE,TRUE,FALSE,FALSE
"smoke",1,188,6,3307,3390,3650,83,TRUE,128.684649154444,1.5,193.026973731666,FALSE,TRUE,FALSE,FALSE
"smoke",1,188,7,3512,3519,3650,7,TRUE,128.684649154444,1.5,193.026973731666,FALSE,TRUE,FALSE,FALSE
"smoke",1,189,1,0,98,3650,98,TRUE,128.684649154444,1.5,193.026973731666,FALSE,TRUE,FALSE,FALSE
"smoke",1,189,2,154,510,3650,356,TRUE,128.684649154444,1.5,193.026973731666,TRUE,FALSE,TRUE,FALSE
"smoke",1,189,3,1027,1028,3650,1,TRUE,128.684649154444,1.5,193.026973731666,FALSE,TRUE,FALSE,FALSE
"smoke",1,189,4,1892,1969,3650,77,TRUE,128.684649154444,1.5,193.026973731666,FALSE,TRUE,FALSE,FALSE
"smoke",1,190,1,0,944,3650,944,TRUE,128.684649154444,1.5,193.026973731666,TRUE,FALSE,TRUE,FALSE
"smoke",1,190,2,1104,1107,3650,3,TRUE,128.684649154444,1.5,193.026973731666,FALSE,TRUE,FALSE,FALSE
"smoke",1,190,3,1381,1491,3650,110,TRUE,128.684649154444,1.5,193.026973731666,FALSE,TRUE,FALSE,FALSE
"smoke",1,190,4,1557,1917,3650,360,TRUE,128.684649154444,1.5,193.026973731666,TRUE,FALSE,TRUE,FALSE
"smoke",1,190,5,2257,2341,3650,84,TRUE,128.684649154444,1.5,193.026973731666,FALSE,TRUE,FALSE,FALSE
"smoke",1,190,6,2592,2593,3650,1,TRUE,128.684649154444,1.5,193.026973731666,FALSE,TRUE,FALSE,FALSE
"smoke",1,190,7,2941,3010,3650,69,TRUE,128.684649154444,1.5,193.026973731666,FALSE,TRUE,FALSE,FALSE
"smoke",1,190,8,3068,3070,3650,2,TRUE,128.684649154444,1.5,193.026973731666,FALSE,TRUE,FALSE,FALSE
"smoke",1,190,9,3503,3504,3650,1,TRUE,128.684649154444,1.5,193.026973731666,FALSE,TRUE,FALSE,FALSE
"smoke",1,191,1,0,95,3650,95,TRUE,128.684649154444,1.5,193.026973731666,FALSE,TRUE,FALSE,FALSE
"smoke",1,191,2,337,408,3650,71,TRUE,128.684649154444,1.5,193.026973731666,FALSE,TRUE,FALSE,FALSE
"smoke",1,191,3,632,720,3650,88,TRUE,128.684649154444,1.5,193.026973731666,FALSE,TRUE,FALSE,FALSE
"smoke",1,191,4,725,731,3650,6,TRUE,128.684649154444,1.5,193.026973731666,FALSE,TRUE,FALSE,FALSE
"smoke",1,191,5,736,740,3650,4,TRUE,128.684649154444,1.5,193.026973731666,FALSE,TRUE,FALSE,FALSE
"smoke",1,191,6,750,758,3650,8,TRUE,128.684649154444,1.5,193.026973731666,FALSE,TRUE,FALSE,FALSE
"smoke",1,191,7,759,766,3650,7,TRUE,128.684649154444,1.5,193.026973731666,FALSE,TRUE,FALSE,FALSE
"smoke",1,191,8,812,813,3650,1,TRUE,128.684649154444,1.5,193.026973731666,FALSE,TRUE,FALSE,FALSE
"smoke",1,191,9,1094,1169,3650,75,TRUE,128.684649154444,1.5,193.026973731666,FALSE,TRUE,FALSE,FALSE
"smoke",1,191,10,1391,1405,3650,14,TRUE,128.684649154444,1.5,193.026973731666,FALSE,TRUE,FALSE,FALSE
"smoke",1,191,11,1519,1521,3650,2,TRUE,128.684649154444,1.5,193.026973731666,FALSE,TRUE,FALSE,FALSE
"smoke",1,191,12,2202,2204,3650,2,TRUE,128.684649154444,1.5,193.026973731666,FALSE,TRUE,FALSE,FALSE
"smoke",1,191,13,2741,3041,3650,300,TRUE,128.684649154444,1.5,193.026973731666,TRUE,FALSE,TRUE,FALSE
"smoke",1,191,14,3635,NA,3650,15,FALSE,128.684649154444,1.5,193.026973731666,FALSE,FALSE,FALSE,TRUE
"smoke",1,192,1,0,145,3650,145,TRUE,128.684649154444,1.5,193.026973731666,FALSE,TRUE,FALSE,FALSE
"smoke",1,192,2,586,591,3650,5,TRUE,128.684649154444,1.5,193.026973731666,FALSE,TRUE,FALSE,FALSE
"smoke",1,192,3,1072,1142,3650,70,TRUE,128.684649154444,1.5,193.026973731666,FALSE,TRUE,FALSE,FALSE
"smoke",1,192,4,1407,1480,3650,73,TRUE,128.684649154444,1.5,193.026973731666,FALSE,TRUE,FALSE,FALSE
"smoke",1,192,5,1802,1864,3650,62,TRUE,128.684649154444,1.5,193.026973731666,FALSE,TRUE,FALSE,FALSE
"smoke",1,192,6,2297,2397,3650,100,TRUE,128.684649154444,1.5,193.026973731666,FALSE,TRUE,FALSE,FALSE
"smoke",1,192,7,2903,2971,3650,68,TRUE,128.684649154444,1.5,193.026973731666,FALSE,TRUE,FALSE,FALSE
"smoke",1,193,1,0,114,3650,114,TRUE,128.684649154444,1.5,193.026973731666,FALSE,TRUE,FALSE,FALSE
"smoke",1,193,2,746,816,3650,70,TRUE,128.684649154444,1.5,193.026973731666,FALSE,TRUE,FALSE,FALSE
"smoke",1,193,3,1508,1576,3650,68,TRUE,128.684649154444,1.5,193.026973731666,FALSE,TRUE,FALSE,FALSE
"smoke",1,193,4,2401,2404,3650,3,TRUE,128.684649154444,1.5,193.026973731666,FALSE,TRUE,FALSE,FALSE
"smoke",1,193,5,3402,3530,3650,128,TRUE,128.684649154444,1.5,193.026973731666,FALSE,TRUE,FALSE,FALSE
"smoke",1,193,6,3563,3564,3650,1,TRUE,128.684649154444,1.5,193.026973731666,FALSE,TRUE,FALSE,FALSE
"smoke",1,194,1,0,110,3650,110,TRUE,128.684649154444,1.5,193.026973731666,FALSE,TRUE,FALSE,FALSE
"smoke",1,194,2,180,183,3650,3,TRUE,128.684649154444,1.5,193.026973731666,FALSE,TRUE,FALSE,FALSE
"smoke",1,194,3,290,293,3650,3,TRUE,128.684649154444,1.5,193.026973731666,FALSE,TRUE,FALSE,FALSE
"smoke",1,194,4,1036,1110,3650,74,TRUE,128.684649154444,1.5,193.026973731666,FALSE,TRUE,FALSE,FALSE
"smoke",1,194,5,1971,1973,3650,2,TRUE,128.684649154444,1.5,193.026973731666,FALSE,TRUE,FALSE,FALSE
"smoke",1,194,6,2969,3039,3650,70,TRUE,128.684649154444,1.5,193.026973731666,FALSE,TRUE,FALSE,FALSE
"smoke",1,194,7,3425,3433,3650,8,TRUE,128.684649154444,1.5,193.026973731666,FALSE,TRUE,FALSE,FALSE
"smoke",1,194,8,3470,3475,3650,5,TRUE,128.684649154444,1.5,193.026973731666,FALSE,TRUE,FALSE,FALSE
"smoke",1,195,1,0,828,3650,828,TRUE,128.684649154444,1.5,193.026973731666,TRUE,FALSE,TRUE,FALSE
"smoke",1,195,2,1003,1006,3650,3,TRUE,128.684649154444,1.5,193.026973731666,FALSE,TRUE,FALSE,FALSE
"smoke",1,195,3,1555,1635,3650,80,TRUE,128.684649154444,1.5,193.026973731666,FALSE,TRUE,FALSE,FALSE
"smoke",1,195,4,2966,3042,3650,76,TRUE,128.684649154444,1.5,193.026973731666,FALSE,TRUE,FALSE,FALSE
"smoke",1,195,5,3634,NA,3650,16,FALSE,128.684649154444,1.5,193.026973731666,FALSE,FALSE,FALSE,TRUE
"smoke",1,196,1,0,860,3650,860,TRUE,128.684649154444,1.5,193.026973731666,TRUE,FALSE,TRUE,FALSE
"smoke",1,196,2,1131,1206,3650,75,TRUE,128.684649154444,1.5,193.026973731666,FALSE,TRUE,FALSE,FALSE
"smoke",1,196,3,1494,1559,3650,65,TRUE,128.684649154444,1.5,193.026973731666,FALSE,TRUE,FALSE,FALSE
"smoke",1,196,4,2627,2628,3650,1,TRUE,128.684649154444,1.5,193.026973731666,FALSE,TRUE,FALSE,FALSE
"smoke",1,196,5,3012,3089,3650,77,TRUE,128.684649154444,1.5,193.026973731666,FALSE,TRUE,FALSE,FALSE
"smoke",1,196,6,3271,3352,3650,81,TRUE,128.684649154444,1.5,193.026973731666,FALSE,TRUE,FALSE,FALSE
"smoke",1,197,1,0,108,3650,108,TRUE,128.684649154444,1.5,193.026973731666,FALSE,TRUE,FALSE,FALSE
"smoke",1,197,2,245,382,3650,137,TRUE,128.684649154444,1.5,193.026973731666,FALSE,TRUE,FALSE,FALSE
"smoke",1,197,3,1490,1560,3650,70,TRUE,128.684649154444,1.5,193.026973731666,FALSE,TRUE,FALSE,FALSE
"smoke",1,197,4,1565,1574,3650,9,TRUE,128.684649154444,1.5,193.026973731666,FALSE,TRUE,FALSE,FALSE
"smoke",1,197,5,1831,1833,3650,2,TRUE,128.684649154444,1.5,193.026973731666,FALSE,TRUE,FALSE,FALSE
"smoke",1,197,6,2226,2295,3650,69,TRUE,128.684649154444,1.5,193.026973731666,FALSE,TRUE,FALSE,FALSE
"smoke",1,197,7,2538,2614,3650,76,TRUE,128.684649154444,1.5,193.026973731666,FALSE,TRUE,FALSE,FALSE
"smoke",1,198,1,0,82,3650,82,TRUE,128.684649154444,1.5,193.026973731666,FALSE,TRUE,FALSE,FALSE
"smoke",1,198,2,231,360,3650,129,TRUE,128.684649154444,1.5,193.026973731666,FALSE,TRUE,FALSE,FALSE
"smoke",1,198,3,394,407,3650,13,TRUE,128.684649154444,1.5,193.026973731666,FALSE,TRUE,FALSE,FALSE
"smoke",1,198,4,1069,1134,3650,65,TRUE,128.684649154444,1.5,193.026973731666,FALSE,TRUE,FALSE,FALSE
"smoke",1,198,5,1485,1486,3650,1,TRUE,128.684649154444,1.5,193.026973731666,FALSE,TRUE,FALSE,FALSE
"smoke",1,198,6,1549,1642,3650,93,TRUE,128.684649154444,1.5,193.026973731666,FALSE,TRUE,FALSE,FALSE
"smoke",1,198,7,2562,2630,3650,68,TRUE,128.684649154444,1.5,193.026973731666,FALSE,TRUE,FALSE,FALSE
"smoke",1,198,8,2697,2699,3650,2,TRUE,128.684649154444,1.5,193.026973731666,FALSE,TRUE,FALSE,FALSE
"smoke",1,198,9,2940,3006,3650,66,TRUE,128.684649154444,1.5,193.026973731666,FALSE,TRUE,FALSE,FALSE
"smoke",1,198,10,3328,3390,3650,62,TRUE,128.684649154444,1.5,193.026973731666,FALSE,TRUE,FALSE,FALSE
"smoke",1,199,1,0,82,3650,82,TRUE,128.684649154444,1.5,193.026973731666,FALSE,TRUE,FALSE,FALSE
"smoke",1,199,2,336,402,3650,66,TRUE,128.684649154444,1.5,193.026973731666,FALSE,TRUE,FALSE,FALSE
"smoke",1,199,3,486,531,3650,45,TRUE,128.684649154444,1.5,193.026973731666,FALSE,TRUE,FALSE,FALSE
"smoke",1,199,4,829,933,3650,104,TRUE,128.684649154444,1.5,193.026973731666,FALSE,TRUE,FALSE,FALSE
"smoke",1,199,5,1532,1622,3650,90,TRUE,128.684649154444,1.5,193.026973731666,FALSE,TRUE,FALSE,FALSE
"smoke",1,199,6,1856,1926,3650,70,TRUE,128.684649154444,1.5,193.026973731666,FALSE,TRUE,FALSE,FALSE
"smoke",1,199,7,2260,2339,3650,79,TRUE,128.684649154444,1.5,193.026973731666,FALSE,TRUE,FALSE,FALSE
"smoke",1,199,8,2902,2964,3650,62,TRUE,128.684649154444,1.5,193.026973731666,FALSE,TRUE,FALSE,FALSE
"smoke",1,199,9,2989,3002,3650,13,TRUE,128.684649154444,1.5,193.026973731666,FALSE,TRUE,FALSE,FALSE
"smoke",1,199,10,3447,NA,3650,203,FALSE,128.684649154444,1.5,193.026973731666,TRUE,FALSE,FALSE,TRUE
"smoke",1,200,1,0,459,3650,459,TRUE,128.684649154444,1.5,193.026973731666,TRUE,FALSE,TRUE,FALSE
"smoke",1,200,2,1073,1144,3650,71,TRUE,128.684649154444,1.5,193.026973731666,FALSE,TRUE,FALSE,FALSE
"smoke",1,200,3,1423,1426,3650,3,TRUE,128.684649154444,1.5,193.026973731666,FALSE,TRUE,FALSE,FALSE
"smoke",1,200,4,1429,1505,3650,76,TRUE,128.684649154444,1.5,193.026973731666,FALSE,TRUE,FALSE,FALSE
"smoke",1,200,5,2137,2138,3650,1,TRUE,128.684649154444,1.5,193.026973731666,FALSE,TRUE,FALSE,FALSE
"smoke",1,200,6,2143,2208,3650,65,TRUE,128.684649154444,1.5,193.026973731666,FALSE,TRUE,FALSE,FALSE
"smoke",1,200,7,2532,2618,3650,86,TRUE,128.684649154444,1.5,193.026973731666,FALSE,TRUE,FALSE,FALSE
"smoke",1,200,8,3025,3029,3650,4,TRUE,128.684649154444,1.5,193.026973731666,FALSE,TRUE,FALSE,FALSE
"smoke",1,200,9,3034,3125,3650,91,TRUE,128.684649154444,1.5,193.026973731666,FALSE,TRUE,FALSE,FALSE
"smoke",1,200,10,3317,3386,3650,69,TRUE,128.684649154444,1.5,193.026973731666,FALSE,TRUE,FALSE,FALSE
